detected_at,event_type,note_key,magazine_key
2025-02-07T15:55:40+09:00,added,n4ea538f6e346,mf67a0e2be6bc
2025-02-07T15:55:40+09:00,added,n4ea538f6e346,m789eaefb24b6
2025-02-07T15:55:40+09:00,added,n4ea538f6e346,mcb36bd4f7fc0
2025-02-07T15:55:40+09:00,added,n4ea538f6e346,m016668fc27da
2025-02-07T15:55:40+09:00,added,n4ea538f6e346,md929b2a701ae
2025-02-07T15:55:40+09:00,added,n4ea538f6e346,m743c88e4a3b2
2025-02-07T15:55:40+09:00,added,n4ea538f6e346,mff26de4b50e8
2025-02-07T15:55:40+09:00,added,n4ea538f6e346,m98c73bf11a49
2025-02-07T15:55:40+09:00,added,n4ea538f6e346,m2788185b81a0
2025-02-07T15:55:40+09:00,added,n4ea538f6e346,mb4105699e917
2025-02-07T15:55:40+09:00,added,n4ea538f6e346,mcf500208b8d9
2025-02-07T15:55:40+09:00,added,n4ea538f6e346,m5165ac46c7d8
2025-02-07T15:55:40+09:00,added,n4ea538f6e346,m20060a9f6524
2025-02-07T15:55:40+09:00,added,n4ea538f6e346,mda8e3e5ed85c
2025-02-07T15:55:40+09:00,added,n4ea538f6e346,mcdf4ee972bd9
2025-02-07T15:55:40+09:00,added,n4ea538f6e346,m7ae6f1512188
2025-02-07T15:55:40+09:00,added,n4ea538f6e346,mfb43f92a332c
2025-02-07T15:55:40+09:00,added,n4ea538f6e346,ma4fd718567d1
2025-02-07T15:55:40+09:00,added,n4ea538f6e346,m2e9b901b1ba9
2025-02-07T15:55:40+09:00,added,n4ea538f6e346,mfc9d03c23504
2025-02-07T15:55:40+09:00,added,n4ea538f6e346,m5ca58e6bf38b
2025-02-07T15:55:40+09:00,added,n4ea538f6e346,mc3b092076119
2025-02-07T15:55:40+09:00,added,n4ea538f6e346,m334fb05a2022
2025-02-07T15:55:40+09:00,added,n4ea538f6e346,me0a7e3361736
2025-02-07T15:55:40+09:00,added,n4ea538f6e346,m97848c1bdf32
2025-02-07T15:55:40+09:00,added,n4ea538f6e346,ma8d107d9475f
2025-02-07T15:55:40+09:00,added,n4ea538f6e346,m768b3f4cf6e4
2025-02-07T15:55:40+09:00,added,n4ea538f6e346,m5c9c88eb4983
2025-02-07T15:55:40+09:00,added,n4ea538f6e346,ma3b45230a190
2025-02-07T15:55:40+09:00,added,n4ea538f6e346,m6d69812caeed
2025-02-07T15:55:40+09:00,added,n4ea538f6e346,md913d0a3c101
2026-05-06T21:03:00+09:00,added,na83909144099,m78e1caab29a1
2026-05-06T21:03:00+09:00,added,na83909144099,m743c88e4a3b2
2026-05-06T21:03:00+09:00,added,na83909144099,m54b2ccd56b12
2026-05-06T21:03:00+09:00,added,na83909144099,mc3b092076119
2026-05-06T21:03:00+09:00,added,na83909144099,m2f606beba19e
2026-05-06T21:03:00+09:00,added,na83909144099,me50627303786
2026-05-05T22:57:59+09:00,added,na05a954f97a6,m71987698f681
2026-05-05T22:57:59+09:00,added,na05a954f97a6,m5c9c88eb4983
2026-05-05T22:57:59+09:00,added,na05a954f97a6,m6d69812caeed
2026-05-05T22:57:59+09:00,added,na05a954f97a6,m54b2ccd56b12
2026-05-05T22:57:59+09:00,added,na05a954f97a6,m0921d4d120a8
2026-05-05T22:57:59+09:00,added,na05a954f97a6,m7325f611df66
2026-05-05T22:57:59+09:00,added,na05a954f97a6,mcf500208b8d9
2026-05-05T22:57:59+09:00,added,na05a954f97a6,m7ae6f1512188
2026-05-05T22:57:59+09:00,added,na05a954f97a6,mb80e8e661ebe
2026-05-05T22:57:59+09:00,added,na05a954f97a6,md1d64f3e53b1
2026-05-04T20:52:11+09:00,added,nf7767db8555d,m743c88e4a3b2
2026-05-04T20:52:11+09:00,added,nf7767db8555d,m54b2ccd56b12
2026-05-04T20:52:11+09:00,added,nf7767db8555d,m78e1caab29a1
2026-05-04T20:52:11+09:00,added,nf7767db8555d,m26746627a02f
2026-05-04T20:52:11+09:00,added,nf7767db8555d,md929b2a701ae
2026-05-04T20:52:11+09:00,added,nf7767db8555d,m6d69812caeed
2026-05-04T20:52:11+09:00,added,nf7767db8555d,mcf500208b8d9
2026-05-04T20:52:11+09:00,added,nf7767db8555d,m2f606beba19e
2026-05-04T20:52:11+09:00,added,nf7767db8555d,m740ac248bb64
2026-05-04T20:52:11+09:00,added,nf7767db8555d,m7ae6f1512188
2026-05-04T20:52:11+09:00,added,nf7767db8555d,mfa805cb12706
2026-05-04T20:52:11+09:00,added,nf7767db8555d,m6463046852a4
2026-05-03T21:13:00+09:00,added,n840c1b5a3ead,m743c88e4a3b2
2026-05-03T21:13:00+09:00,added,n840c1b5a3ead,me50627303786
2026-05-03T21:13:00+09:00,added,n840c1b5a3ead,m0921d4d120a8
2026-05-03T21:13:00+09:00,added,n840c1b5a3ead,mfc8edd12fdc2
2026-05-03T21:13:00+09:00,added,n840c1b5a3ead,mfc9d03c23504
2026-05-03T21:13:00+09:00,added,n840c1b5a3ead,m2e9b901b1ba9
2026-05-03T21:13:00+09:00,added,n840c1b5a3ead,m6d69812caeed
2026-05-03T21:13:00+09:00,added,n840c1b5a3ead,m2f606beba19e
2026-05-03T21:13:00+09:00,added,n840c1b5a3ead,m7325f611df66
2026-05-03T21:13:00+09:00,added,n840c1b5a3ead,md929b2a701ae
2026-05-03T21:13:00+09:00,added,n840c1b5a3ead,mc3b092076119
2026-05-03T21:13:00+09:00,added,n840c1b5a3ead,m78e1caab29a1
2026-05-03T21:13:00+09:00,added,n840c1b5a3ead,mcf500208b8d9
2026-05-02T21:36:29+09:00,added,n2106093e3b3b,m743c88e4a3b2
2026-05-02T21:36:29+09:00,added,n2106093e3b3b,md929b2a701ae
2026-05-02T21:36:29+09:00,added,n2106093e3b3b,m54b2ccd56b12
2026-05-02T21:36:29+09:00,added,n2106093e3b3b,m740ac248bb64
2026-05-02T21:36:29+09:00,added,n2106093e3b3b,m6d69812caeed
2026-05-02T21:36:29+09:00,added,n2106093e3b3b,m2f606beba19e
2026-05-02T21:36:29+09:00,added,n2106093e3b3b,me50627303786
2026-05-02T21:36:29+09:00,added,n2106093e3b3b,m2e9b901b1ba9
2026-05-02T21:36:29+09:00,added,n2106093e3b3b,mfc9d03c23504
2026-05-02T21:36:29+09:00,added,n2106093e3b3b,m18485b3d7e40
2026-05-02T21:36:29+09:00,added,n2106093e3b3b,m768b3f4cf6e4
2026-05-02T21:36:29+09:00,added,n2106093e3b3b,mda8e3e5ed85c
2026-05-02T21:36:29+09:00,added,n2106093e3b3b,m7ae6f1512188
2026-05-02T21:36:29+09:00,added,n2106093e3b3b,m78e1caab29a1
2026-05-02T21:36:29+09:00,added,n2106093e3b3b,m7c27ad6cf755
2026-05-01T21:32:39+09:00,added,nfcf65917c59c,mfc9d03c23504
2026-05-01T21:32:39+09:00,added,nfcf65917c59c,m743c88e4a3b2
2026-05-01T21:32:39+09:00,added,nfcf65917c59c,mc6dad877a6d7
2026-05-01T21:32:39+09:00,added,nfcf65917c59c,m2f606beba19e
2026-05-01T21:32:39+09:00,added,nfcf65917c59c,m824b5344ce5f
2026-05-01T21:32:39+09:00,added,nfcf65917c59c,m54b2ccd56b12
2026-05-01T21:32:39+09:00,added,nfcf65917c59c,mcf500208b8d9
2026-05-01T21:32:39+09:00,added,nfcf65917c59c,m78e1caab29a1
2026-05-01T21:32:39+09:00,added,nfcf65917c59c,mc3b092076119
2026-05-01T21:32:39+09:00,added,nfcf65917c59c,me50627303786
2026-05-01T21:32:39+09:00,added,nfcf65917c59c,mfa805cb12706
2026-05-01T21:32:39+09:00,added,nfcf65917c59c,m66feefd13085
2026-04-30T23:26:28+09:00,added,n6ff8a26bc297,mfc9d03c23504
2026-04-30T23:26:28+09:00,added,n6ff8a26bc297,m2e9b901b1ba9
2026-04-30T23:26:28+09:00,added,n6ff8a26bc297,m2f606beba19e
2026-04-30T23:26:28+09:00,added,n6ff8a26bc297,m740ac248bb64
2026-04-30T23:26:28+09:00,added,n6ff8a26bc297,m54b2ccd56b12
2026-04-30T23:26:28+09:00,added,n6ff8a26bc297,m6d69812caeed
2026-04-30T23:26:28+09:00,added,n6ff8a26bc297,mc3b092076119
2026-04-30T23:26:28+09:00,added,n6ff8a26bc297,m78e1caab29a1
2026-04-30T23:26:28+09:00,added,n6ff8a26bc297,m7325f611df66
2026-04-30T23:26:28+09:00,added,n6ff8a26bc297,m743c88e4a3b2
2026-04-30T23:26:28+09:00,added,n6ff8a26bc297,maa3fc8353dd1
2026-04-30T23:26:28+09:00,added,n6ff8a26bc297,me0d063ef70fa
2026-04-29T22:48:33+09:00,added,nceee772cd4fe,mcf500208b8d9
2026-04-29T22:48:33+09:00,added,nceee772cd4fe,m2f606beba19e
2026-04-29T22:48:33+09:00,added,nceee772cd4fe,md1d64f3e53b1
2026-04-29T22:48:33+09:00,added,nceee772cd4fe,m7ae6f1512188
2026-04-29T22:48:33+09:00,added,nceee772cd4fe,m971707d1e3c9
2026-04-29T22:48:33+09:00,added,nceee772cd4fe,mc3b092076119
2026-04-29T22:48:33+09:00,added,nceee772cd4fe,m7325f611df66
2026-04-29T22:48:33+09:00,added,nceee772cd4fe,mfc8edd12fdc2
2026-04-29T22:48:33+09:00,added,nceee772cd4fe,m78e1caab29a1
2026-04-29T22:48:33+09:00,added,nceee772cd4fe,me50627303786
2026-04-29T22:48:33+09:00,added,nceee772cd4fe,m743c88e4a3b2
2026-04-28T23:21:42+09:00,added,n36b317d5b28c,m71987698f681
2026-04-28T23:21:42+09:00,added,n36b317d5b28c,md929b2a701ae
2026-04-28T23:21:42+09:00,added,n36b317d5b28c,m54b2ccd56b12
2026-04-28T23:21:42+09:00,added,n36b317d5b28c,m7ae6f1512188
2026-04-28T23:21:42+09:00,added,n36b317d5b28c,mda8e3e5ed85c
2026-04-28T23:21:42+09:00,added,n36b317d5b28c,m0921d4d120a8
2026-04-28T23:21:42+09:00,added,n36b317d5b28c,m5ca58e6bf38b
2026-04-28T23:21:42+09:00,added,n36b317d5b28c,m46619b37427d
2026-04-28T23:21:42+09:00,added,n36b317d5b28c,m6d3400fb7014
2026-04-28T23:21:42+09:00,added,n36b317d5b28c,m78e1caab29a1
2026-04-28T23:21:42+09:00,added,n36b317d5b28c,me50627303786
2026-04-28T23:21:42+09:00,added,n36b317d5b28c,m743c88e4a3b2
2026-04-28T23:21:42+09:00,added,n36b317d5b28c,m38c6d06537bf
2026-04-28T23:21:42+09:00,added,n36b317d5b28c,mcf500208b8d9
2026-04-27T22:30:22+09:00,added,nd95f876b2221,m5ca58e6bf38b
2026-04-27T22:30:22+09:00,added,nd95f876b2221,m54b2ccd56b12
2026-04-27T22:30:22+09:00,added,nd95f876b2221,m2f606beba19e
2026-04-27T22:30:22+09:00,added,nd95f876b2221,m7ae6f1512188
2026-04-27T22:30:22+09:00,added,nd95f876b2221,m0921d4d120a8
2026-04-27T22:30:22+09:00,added,nd95f876b2221,m334fb05a2022
2026-04-27T22:30:22+09:00,added,nd95f876b2221,mfc8edd12fdc2
2026-04-27T22:30:22+09:00,added,nd95f876b2221,m7325f611df66
2026-04-27T22:30:22+09:00,added,nd95f876b2221,m6d3400fb7014
2026-04-27T22:30:22+09:00,added,nd95f876b2221,m78e1caab29a1
2026-04-27T22:30:22+09:00,added,nd95f876b2221,mc3b092076119
2026-04-27T22:30:22+09:00,added,nd95f876b2221,me50627303786
2026-04-27T22:30:22+09:00,added,nd95f876b2221,m743c88e4a3b2
2026-04-27T22:30:22+09:00,added,nd95f876b2221,m651aaa4e52a9
2026-04-27T22:30:22+09:00,added,nd95f876b2221,ma5bd9f7c40cf
2026-04-27T22:30:22+09:00,added,nd95f876b2221,mcf500208b8d9
2026-04-27T22:30:22+09:00,added,nd95f876b2221,m38c6d06537bf
2026-04-26T23:37:35+09:00,added,nb76250bb97e6,mfc9d03c23504
2026-04-26T23:37:35+09:00,added,nb76250bb97e6,md929b2a701ae
2026-04-26T23:37:35+09:00,added,nb76250bb97e6,m0921d4d120a8
2026-04-26T23:37:35+09:00,added,nb76250bb97e6,m5ca58e6bf38b
2026-04-26T23:37:35+09:00,added,nb76250bb97e6,mcdf4ee972bd9
2026-04-26T23:37:35+09:00,added,nb76250bb97e6,m78e1caab29a1
2026-04-26T23:37:35+09:00,added,nb76250bb97e6,m740ac248bb64
2026-04-26T23:37:35+09:00,added,nb76250bb97e6,m2f606beba19e
2026-04-26T23:37:35+09:00,added,nb76250bb97e6,mcf500208b8d9
2026-04-26T23:37:35+09:00,added,nb76250bb97e6,me50627303786
2026-04-26T23:37:35+09:00,added,nb76250bb97e6,maa3fc8353dd1
2026-04-26T23:37:35+09:00,added,nb76250bb97e6,m743c88e4a3b2
2026-04-25T22:40:45+09:00,added,n1d3911e7bb58,m5e54fbcf6675
2026-04-25T22:40:45+09:00,added,n1d3911e7bb58,m8b207cd2e53a
2026-04-25T22:40:45+09:00,added,n1d3911e7bb58,mf7f9952d6e72
2026-04-25T22:40:45+09:00,added,n1d3911e7bb58,mcf500208b8d9
2026-04-25T22:40:45+09:00,added,n1d3911e7bb58,mfc9d03c23504
2026-04-25T22:40:45+09:00,added,n1d3911e7bb58,m2e9b901b1ba9
2026-04-25T22:40:45+09:00,added,n1d3911e7bb58,mebb6b7ad83ef
2026-04-25T22:40:45+09:00,added,n1d3911e7bb58,m78e1caab29a1
2026-04-25T22:40:45+09:00,added,n1d3911e7bb58,m2f606beba19e
2026-04-25T22:40:45+09:00,added,n1d3911e7bb58,m5ca58e6bf38b
2026-04-25T22:40:45+09:00,added,n1d3911e7bb58,me22006eb4593
2026-04-24T23:46:07+09:00,added,ne8a241c24f10,m8c052e5884b0
2026-04-24T23:46:07+09:00,added,ne8a241c24f10,m2f606beba19e
2026-04-24T23:46:07+09:00,added,ne8a241c24f10,m16095e384518
2026-04-24T23:46:07+09:00,added,ne8a241c24f10,m7325f611df66
2026-04-24T23:46:07+09:00,added,ne8a241c24f10,mc3b092076119
2026-04-24T23:46:07+09:00,added,ne8a241c24f10,m78e1caab29a1
2026-04-24T23:46:07+09:00,added,ne8a241c24f10,m7ae6f1512188
2026-04-24T23:46:07+09:00,added,ne8a241c24f10,mf7f9952d6e72
2026-04-24T23:46:07+09:00,added,ne8a241c24f10,m5e54fbcf6675
2026-04-24T23:46:07+09:00,added,ne8a241c24f10,m7de26e2e10de
2026-04-24T23:46:07+09:00,added,ne8a241c24f10,m768b3f4cf6e4
2026-04-23T22:44:38+09:00,added,ne19a46daa62d,m30a248399fe0
2026-04-23T22:44:38+09:00,added,ne19a46daa62d,mfc9d03c23504
2026-04-23T22:44:38+09:00,added,ne19a46daa62d,mb80e8e661ebe
2026-04-23T22:44:38+09:00,added,ne19a46daa62d,m2f606beba19e
2026-04-23T22:44:38+09:00,added,ne19a46daa62d,mcf500208b8d9
2026-04-23T22:44:38+09:00,added,ne19a46daa62d,mda8e3e5ed85c
2026-04-23T22:44:38+09:00,added,ne19a46daa62d,m16095e384518
2026-04-23T22:44:38+09:00,added,ne19a46daa62d,md929b2a701ae
2026-04-23T22:44:38+09:00,added,ne19a46daa62d,m7ae6f1512188
2026-04-23T22:44:38+09:00,added,ne19a46daa62d,m7325f611df66
2026-04-23T22:44:38+09:00,added,ne19a46daa62d,m768b3f4cf6e4
2026-04-23T22:44:38+09:00,added,ne19a46daa62d,m78e1caab29a1
2026-04-23T22:44:38+09:00,added,ne19a46daa62d,m740ac248bb64
2026-04-23T22:44:38+09:00,added,ne19a46daa62d,mc3b092076119
2026-04-22T22:32:13+09:00,added,n9771ade50c7b,mcf500208b8d9
2026-04-22T22:32:13+09:00,added,n9771ade50c7b,m743c88e4a3b2
2026-04-22T22:32:13+09:00,added,n9771ade50c7b,m16095e384518
2026-04-22T22:32:13+09:00,added,n9771ade50c7b,m78e1caab29a1
2026-04-22T22:32:13+09:00,added,n9771ade50c7b,m7325f611df66
2026-04-22T22:32:13+09:00,added,n9771ade50c7b,m2f606beba19e
2026-04-22T22:32:13+09:00,added,n9771ade50c7b,mcdf4ee972bd9
2026-04-22T22:32:13+09:00,added,n9771ade50c7b,m71987698f681
2026-04-21T22:26:52+09:00,added,n8f6e8078e1e8,m16095e384518
2026-04-21T22:26:52+09:00,added,n8f6e8078e1e8,mfc9d03c23504
2026-04-21T22:26:52+09:00,added,n8f6e8078e1e8,mcdf4ee972bd9
2026-04-21T22:26:52+09:00,added,n8f6e8078e1e8,m7325f611df66
2026-04-21T22:26:52+09:00,added,n8f6e8078e1e8,m7ae6f1512188
2026-04-21T22:26:52+09:00,added,n8f6e8078e1e8,m78e1caab29a1
2026-04-21T22:26:52+09:00,added,n8f6e8078e1e8,mcf500208b8d9
2026-04-21T22:26:52+09:00,added,n8f6e8078e1e8,mc3b092076119
2026-04-21T22:26:52+09:00,added,n8f6e8078e1e8,md1d64f3e53b1
2026-04-21T22:26:52+09:00,added,n8f6e8078e1e8,m743c88e4a3b2
2026-04-21T22:26:52+09:00,added,n8f6e8078e1e8,m5e54fbcf6675
2026-04-21T22:26:52+09:00,added,n8f6e8078e1e8,m29bb22792ca3
2026-04-20T21:29:05+09:00,added,n72b860277a93,m7ae6f1512188
2026-04-20T21:29:05+09:00,added,n72b860277a93,m5165ac46c7d8
2026-04-20T21:29:05+09:00,added,n72b860277a93,m7325f611df66
2026-04-20T21:29:05+09:00,added,n72b860277a93,m78e1caab29a1
2026-04-20T21:29:05+09:00,added,n72b860277a93,mcf500208b8d9
2026-04-19T21:45:34+09:00,added,n99d0a8523d8c,mfc9d03c23504
2026-04-19T21:45:34+09:00,added,n99d0a8523d8c,m5ca58e6bf38b
2026-04-19T21:45:34+09:00,added,n99d0a8523d8c,m78e1caab29a1
2026-04-19T21:45:34+09:00,added,n99d0a8523d8c,mcf500208b8d9
2026-04-19T21:45:34+09:00,added,n99d0a8523d8c,m743c88e4a3b2
2026-04-18T20:36:00+09:00,added,n9a4ace9d9267,m7ae6f1512188
2026-04-18T20:36:00+09:00,added,n9a4ace9d9267,m78e1caab29a1
2026-04-17T23:37:28+09:00,added,n1394cc7021b6,me50627303786
2026-04-17T23:37:28+09:00,added,n1394cc7021b6,m78e1caab29a1
2026-04-16T22:31:30+09:00,added,ndf79988d0b5d,m08eb7aafbaae
2026-04-16T22:31:30+09:00,added,ndf79988d0b5d,m78e1caab29a1
2026-04-16T22:31:30+09:00,added,ndf79988d0b5d,m7325f611df66
2026-04-16T22:31:30+09:00,added,ndf79988d0b5d,m7ae6f1512188
2026-04-16T22:31:30+09:00,added,ndf79988d0b5d,mcf500208b8d9
2026-04-15T23:27:39+09:00,added,n375a7f2a512f,m743c88e4a3b2
2026-04-15T23:27:39+09:00,added,n375a7f2a512f,m7ae6f1512188
2026-04-15T23:27:39+09:00,added,n375a7f2a512f,m78e1caab29a1
2026-04-15T23:27:39+09:00,added,n375a7f2a512f,mad7692408e4c
2026-04-14T21:31:18+09:00,added,n944f7a4c1b1e,m46619b37427d
2026-04-14T21:31:18+09:00,added,n944f7a4c1b1e,mfc9d03c23504
2026-04-14T21:31:18+09:00,added,n944f7a4c1b1e,m7325f611df66
2026-04-14T21:31:18+09:00,added,n944f7a4c1b1e,m78e1caab29a1
2026-04-14T21:31:18+09:00,added,n944f7a4c1b1e,m743c88e4a3b2
2026-04-13T22:38:02+09:00,added,n2797cf9874ab,m7ae6f1512188
2026-04-13T22:38:02+09:00,added,n2797cf9874ab,m7325f611df66
2026-04-13T22:38:02+09:00,added,n2797cf9874ab,m78e1caab29a1
2026-04-12T22:13:34+09:00,added,n725acf24a97d,m7ae6f1512188
2026-04-12T22:13:34+09:00,added,n725acf24a97d,m78e1caab29a1
2026-04-12T22:13:34+09:00,added,n725acf24a97d,m7325f611df66
2026-04-11T20:17:57+09:00,added,n35c7d2df5d52,mcf500208b8d9
2026-04-11T20:17:57+09:00,added,n35c7d2df5d52,m78e1caab29a1
2026-04-10T23:06:55+09:00,added,na164488abc51,m7f8a9604aa1a
2026-04-10T23:06:55+09:00,added,na164488abc51,m7ae6f1512188
2026-04-10T23:06:55+09:00,added,na164488abc51,m7325f611df66
2026-04-10T23:06:55+09:00,added,na164488abc51,m78e1caab29a1
2026-04-09T21:57:15+09:00,added,ne56d82bc25eb,m78e1caab29a1
2026-04-09T21:57:15+09:00,added,ne56d82bc25eb,mcf500208b8d9
2026-04-09T21:57:15+09:00,added,ne56d82bc25eb,m743c88e4a3b2
2026-04-09T21:57:15+09:00,added,ne56d82bc25eb,mda8e3e5ed85c
2026-04-09T21:57:15+09:00,added,ne56d82bc25eb,m7325f611df66
2026-04-09T21:57:15+09:00,added,ne56d82bc25eb,m46619b37427d
2026-04-09T21:57:15+09:00,added,ne56d82bc25eb,md929b2a701ae
2026-04-08T21:49:21+09:00,added,naccb46c1bcec,mfc9d03c23504
2026-04-08T21:49:21+09:00,added,naccb46c1bcec,m78e1caab29a1
2026-04-08T21:49:21+09:00,added,naccb46c1bcec,m7325f611df66
2026-04-08T21:49:21+09:00,added,naccb46c1bcec,m743c88e4a3b2
2026-04-08T21:49:21+09:00,added,naccb46c1bcec,mcf500208b8d9
2026-04-07T22:03:30+09:00,added,nb6b2da5ed57a,me3590cc8b7e1
2026-04-07T22:03:30+09:00,added,nb6b2da5ed57a,m743c88e4a3b2
2026-04-07T22:03:30+09:00,added,nb6b2da5ed57a,me50627303786
2026-04-07T22:03:30+09:00,added,nb6b2da5ed57a,mcf500208b8d9
2026-04-07T22:03:30+09:00,added,nb6b2da5ed57a,mfc9d03c23504
2026-04-07T22:03:30+09:00,added,nb6b2da5ed57a,m78e1caab29a1
2026-04-06T21:33:00+09:00,added,n6e121020dd68,m740ac248bb64
2026-04-06T21:33:00+09:00,added,n6e121020dd68,m6d3400fb7014
2026-04-06T21:33:00+09:00,added,n6e121020dd68,m7325f611df66
2026-04-06T21:33:00+09:00,added,n6e121020dd68,m743c88e4a3b2
2026-04-06T21:33:00+09:00,added,n6e121020dd68,m78e1caab29a1
2026-04-05T17:55:34+09:00,added,n78f27fb53375,mcf500208b8d9
2026-04-05T17:55:34+09:00,added,n78f27fb53375,m78e1caab29a1
2026-04-05T17:55:34+09:00,added,n78f27fb53375,m743c88e4a3b2
2026-04-05T17:55:34+09:00,added,n78f27fb53375,m7325f611df66
2026-04-05T17:55:34+09:00,added,n78f27fb53375,mfc9d03c23504
2026-04-04T20:59:32+09:00,added,ncb4e0ae4381d,mcf500208b8d9
2026-04-04T20:59:32+09:00,added,ncb4e0ae4381d,md929b2a701ae
2026-04-04T20:59:32+09:00,added,ncb4e0ae4381d,m5165ac46c7d8
2026-04-04T20:59:32+09:00,added,ncb4e0ae4381d,m7325f611df66
2026-04-03T21:51:28+09:00,added,nd332072e4978,m78e1caab29a1
2026-04-03T21:51:28+09:00,added,nd332072e4978,m743c88e4a3b2
2026-04-03T21:51:28+09:00,added,nd332072e4978,m7325f611df66
2026-04-02T17:58:24+09:00,added,n62b2f047f782,me50627303786
2026-04-02T17:58:24+09:00,added,n62b2f047f782,m743c88e4a3b2
2026-04-02T17:58:24+09:00,added,n62b2f047f782,mcdf4ee972bd9
2026-04-02T17:58:24+09:00,added,n62b2f047f782,m78e1caab29a1
2026-04-01T18:16:41+09:00,added,n9421f69f316d,me50627303786
2026-04-01T18:16:41+09:00,added,n9421f69f316d,m86f42ffd78bd
2026-04-01T18:16:41+09:00,added,n9421f69f316d,mfc9d03c23504
2026-04-01T18:16:41+09:00,added,n9421f69f316d,m2e9b901b1ba9
2026-04-01T18:16:41+09:00,added,n9421f69f316d,m743c88e4a3b2
2026-04-01T18:16:41+09:00,added,n9421f69f316d,m3cb1dfd213c3
2026-04-01T18:16:41+09:00,added,n9421f69f316d,m78e1caab29a1
2026-03-31T23:07:28+09:00,added,nd433c469b919,mfc9d03c23504
2026-03-31T23:07:28+09:00,added,nd433c469b919,m2e9b901b1ba9
2026-03-31T23:07:28+09:00,added,nd433c469b919,m743c88e4a3b2
2026-03-31T23:07:28+09:00,added,nd433c469b919,m78e1caab29a1
2026-03-30T22:54:07+09:00,added,n0a2027cdc701,m743c88e4a3b2
2026-03-29T17:48:39+09:00,added,n96c1bb258c1f,m743c88e4a3b2
2026-03-28T22:25:47+09:00,added,n8cfa3c7a1e50,mfc9d03c23504
2026-03-28T22:25:47+09:00,added,n8cfa3c7a1e50,m3cb1dfd213c3
2026-03-28T22:25:47+09:00,added,n8cfa3c7a1e50,m743c88e4a3b2
2026-03-27T18:07:58+09:00,added,nccb526a46dad,m743c88e4a3b2
2026-03-27T18:07:58+09:00,added,nccb526a46dad,md929b2a701ae
2026-03-27T18:07:58+09:00,added,nccb526a46dad,m3e02f69f0d66
2026-03-27T18:07:58+09:00,added,nccb526a46dad,m6d3400fb7014
2026-03-27T18:07:58+09:00,added,nccb526a46dad,mfc9d03c23504
2026-03-27T18:07:58+09:00,added,nccb526a46dad,mff26de4b50e8
2026-03-27T18:07:58+09:00,added,nccb526a46dad,mad7692408e4c
2026-03-27T18:07:58+09:00,added,nccb526a46dad,me50627303786
2026-03-27T17:07:37+09:00,added,nebd47e7fb81a,md929b2a701ae
2026-03-27T17:07:37+09:00,added,nebd47e7fb81a,mff26de4b50e8
2026-03-27T17:07:37+09:00,added,nebd47e7fb81a,m743c88e4a3b2
2026-03-26T19:16:43+09:00,added,nb1821f28e6e0,m6d3400fb7014
2026-03-26T19:16:43+09:00,added,nb1821f28e6e0,m2acdde7b2565
2026-03-26T19:16:43+09:00,added,nb1821f28e6e0,m743c88e4a3b2
2026-03-25T21:59:20+09:00,added,nad08b305d53b,me50627303786
2026-03-25T21:59:20+09:00,added,nad08b305d53b,m6d3400fb7014
2026-03-25T21:59:20+09:00,added,nad08b305d53b,m743c88e4a3b2
2026-03-24T23:01:53+09:00,added,nc386e0fbefbe,m44d77759d166
2026-03-22T13:26:17+09:00,added,na35c89b47597,me50627303786
2026-03-21T20:29:52+09:00,added,n0290ff85f044,mfc9d03c23504
2026-03-21T20:29:52+09:00,added,n0290ff85f044,md929b2a701ae
2026-03-21T17:45:49+09:00,added,n7b98392a729b,mff26de4b50e8
2026-03-18T22:54:27+09:00,added,n866b2ed35bcc,m26746627a02f
2026-03-15T20:34:51+09:00,added,na149d5c9eb12,me50627303786
2026-03-15T20:34:51+09:00,added,na149d5c9eb12,m04367e7cf8fa
2026-03-13T19:27:53+09:00,added,ncbbf3617dafc,me50627303786
2026-03-13T19:27:53+09:00,added,ncbbf3617dafc,mcdf4ee972bd9
2026-03-11T21:41:09+09:00,added,na39d2685031f,me50627303786
2026-03-10T22:20:13+09:00,added,n8da1396072c5,me50627303786
2026-02-27T22:06:01+09:00,added,n0351f743463e,meb7ed0cf5b19
2026-02-26T18:52:09+09:00,added,nad9868a01d04,meb7ed0cf5b19
2026-02-25T18:26:52+09:00,added,nb955a3499fad,m2f8a65ebe344
2026-02-25T18:26:52+09:00,added,nb955a3499fad,me50627303786
2025-02-10T07:15:48+09:00,added,n8f03da2f7293,m2e9b901b1ba9
2025-02-08T09:45:41+09:00,added,nfd22b155449d,mfc9d03c23504
2026-05-07T15:47:52+09:00,added,n4ea538f6e346,mec8d83e1d68d
2026-05-07T15:47:52+09:00,added,n375a7f2a512f,me50627303786
2026-05-07T15:47:52+09:00,added,n375a7f2a512f,m66feefd13085
2026-05-07T19:46:31+09:00,added,na83909144099,m6d69812caeed
2026-05-07T19:46:31+09:00,added,na83909144099,m0921d4d120a8
2026-05-07T19:46:31+09:00,added,na83909144099,mcf500208b8d9
2026-05-07T19:46:31+09:00,added,na83909144099,m768b3f4cf6e4
2026-05-07T19:46:31+09:00,added,na05a954f97a6,mc3b092076119
2026-05-07T22:42:50+09:00,added,n8ddb555f02f5,m2f606beba19e
2026-05-07T22:42:50+09:00,added,n8ddb555f02f5,m6d69812caeed
2026-05-07T22:42:50+09:00,added,n8ddb555f02f5,mcf500208b8d9
2026-05-07T22:42:50+09:00,added,n8ddb555f02f5,mfc9d03c23504
2026-05-07T22:42:50+09:00,added,n8ddb555f02f5,m7ae6f1512188
2026-05-07T22:42:50+09:00,added,n8ddb555f02f5,m743c88e4a3b2
2026-05-07T22:42:50+09:00,added,na83909144099,m7325f611df66
2026-05-07T22:42:50+09:00,added,na05a954f97a6,m78e1caab29a1
2026-05-08T03:08:05+09:00,added,n8ddb555f02f5,m5c9c88eb4983
2026-05-08T03:08:05+09:00,added,na83909144099,m38c6d06537bf
2026-05-08T03:08:05+09:00,added,n840c1b5a3ead,m38c6d06537bf
2026-05-08T06:17:47+09:00,added,n8ddb555f02f5,m54b2ccd56b12
2026-05-08T11:12:09+09:00,added,nfcf65917c59c,m44d77759d166
2026-05-08T15:09:38+09:00,added,n8ddb555f02f5,m16095e384518
2026-05-08T18:43:54+09:00,added,n8ddb555f02f5,md1868a762043
2026-05-08T18:43:54+09:00,added,na83909144099,mb19b15db09e6
2026-05-08T22:22:49+09:00,added,n8ddb555f02f5,m78e1caab29a1
2026-05-09T02:38:31+09:00,added,ne6d59a4f450f,mfc9d03c23504
2026-05-09T02:38:31+09:00,added,ne6d59a4f450f,m2e9b901b1ba9
2026-05-09T02:38:31+09:00,added,n8ddb555f02f5,me50627303786
2026-05-09T06:10:16+09:00,added,ne6d59a4f450f,m743c88e4a3b2
2026-05-09T06:10:16+09:00,added,ne6d59a4f450f,m2f606beba19e
2026-05-09T11:06:30+09:00,added,ne6d59a4f450f,mcf500208b8d9
2026-05-09T11:06:30+09:00,added,ne6d59a4f450f,m54b2ccd56b12
2026-05-09T11:06:30+09:00,added,na05a954f97a6,m38c6d06537bf
2026-05-09T15:30:07+09:00,added,n4ea538f6e346,m5fa91e4af0ed
2026-05-09T15:30:07+09:00,added,ne6d59a4f450f,m1a9b0ec620b7
2026-05-09T15:30:07+09:00,added,ne6d59a4f450f,m7ae6f1512188
2026-05-09T15:30:07+09:00,added,ne6d59a4f450f,mb80e8e661ebe
2026-05-09T18:41:37+09:00,added,ne6d59a4f450f,md1868a762043
2026-05-09T18:41:37+09:00,added,ne6d59a4f450f,m6d69812caeed
2026-05-09T22:06:54+09:00,added,n1fd5e88ac099,m743c88e4a3b2
2026-05-09T22:06:54+09:00,added,n1fd5e88ac099,m78e1caab29a1
2026-05-09T22:06:54+09:00,added,ne6d59a4f450f,m18485b3d7e40
2026-05-09T22:06:54+09:00,added,ne6d59a4f450f,m6463046852a4
2026-05-09T22:06:54+09:00,added,ne6d59a4f450f,m5ca58e6bf38b
2026-05-09T22:06:54+09:00,added,ne6d59a4f450f,m16095e384518
2026-05-09T22:06:54+09:00,added,ne19a46daa62d,m2e9b901b1ba9
2026-05-10T02:16:44+09:00,added,n1fd5e88ac099,mfc9d03c23504
2026-05-10T02:16:44+09:00,added,n1fd5e88ac099,m2e9b901b1ba9
2026-05-10T02:16:44+09:00,added,n1fd5e88ac099,mcf500208b8d9
2026-05-10T05:55:43+09:00,added,n1fd5e88ac099,m54b2ccd56b12
2026-05-10T05:55:43+09:00,added,n1fd5e88ac099,m5e4919cf713c
2026-05-10T11:09:02+09:00,added,n1fd5e88ac099,m71987698f681
2026-05-10T11:09:02+09:00,added,n1fd5e88ac099,m2f606beba19e
2026-05-10T11:09:02+09:00,added,n1fd5e88ac099,m7ae6f1512188
2026-05-10T11:09:02+09:00,added,ne6d59a4f450f,mebb6b7ad83ef
2026-05-10T15:46:25+09:00,added,n1fd5e88ac099,mfa805cb12706
2026-05-10T18:58:23+09:00,added,n1fd5e88ac099,m16095e384518
2026-05-10T22:08:13+09:00,added,n3f0d8e2c1cf4,m78e1caab29a1
2026-05-10T22:08:13+09:00,added,n3f0d8e2c1cf4,mcf500208b8d9
2026-05-11T02:17:23+09:00,added,n3f0d8e2c1cf4,m2f606beba19e
2026-05-11T02:17:23+09:00,added,n3f0d8e2c1cf4,m5c9c88eb4983
2026-05-11T05:59:46+09:00,added,n3f0d8e2c1cf4,m743c88e4a3b2
2026-05-11T11:15:51+09:00,added,n3f0d8e2c1cf4,mf7f9952d6e72
2026-05-11T16:18:32+09:00,added,n3f0d8e2c1cf4,mc3b092076119
2026-05-11T16:18:32+09:00,added,n3f0d8e2c1cf4,m7ae6f1512188
2026-05-11T16:18:32+09:00,added,n3f0d8e2c1cf4,mb80e8e661ebe
2026-05-11T16:18:32+09:00,added,na05a954f97a6,m743c88e4a3b2
2026-05-11T20:49:04+09:00,added,n3f0d8e2c1cf4,me3590cc8b7e1
2026-05-11T20:49:04+09:00,added,n3f0d8e2c1cf4,m0921d4d120a8
2026-05-11T20:49:04+09:00,added,n3f0d8e2c1cf4,mfc9d03c23504
2026-05-11T20:49:04+09:00,added,n3f0d8e2c1cf4,m334fb05a2022
2026-05-11T20:49:04+09:00,added,n3f0d8e2c1cf4,m5fa91e4af0ed
2026-05-11T20:49:04+09:00,added,n1fd5e88ac099,m5c9c88eb4983
2026-05-11T20:49:04+09:00,added,ncb4e0ae4381d,m78e1caab29a1
2026-05-11T23:33:56+09:00,added,n546d32f04e8c,m2f606beba19e
2026-05-11T23:33:56+09:00,added,n546d32f04e8c,m38c6d06537bf
2026-05-11T23:33:56+09:00,added,n546d32f04e8c,mcf500208b8d9
2026-05-11T23:33:56+09:00,added,n3f0d8e2c1cf4,me50627303786
2026-05-12T03:13:46+09:00,added,n546d32f04e8c,me50627303786
2026-05-12T03:13:46+09:00,added,n546d32f04e8c,m6d69812caeed
2026-05-12T03:13:46+09:00,added,n546d32f04e8c,md1d64f3e53b1
2026-05-12T11:12:34+09:00,added,n546d32f04e8c,m163dc37f6ff3
2026-05-12T11:12:34+09:00,added,n1fd5e88ac099,m5ca58e6bf38b
2026-05-12T15:51:18+09:00,added,n546d32f04e8c,m18485b3d7e40
2026-05-12T19:54:34+09:00,added,n546d32f04e8c,m743c88e4a3b2
2026-05-12T19:54:34+09:00,added,n546d32f04e8c,m025e0da52a87
2026-05-12T22:50:36+09:00,added,n10e167fcc0aa,m5c9c88eb4983
2026-05-12T22:50:36+09:00,added,n10e167fcc0aa,m78e1caab29a1
2026-05-12T22:50:36+09:00,added,n10e167fcc0aa,md1868a762043
2026-05-12T22:50:36+09:00,added,n8ddb555f02f5,m824b5344ce5f
2026-05-13T03:19:57+09:00,added,n10e167fcc0aa,mcf500208b8d9
2026-05-13T03:19:57+09:00,added,n10e167fcc0aa,mfc9d03c23504
2026-05-13T03:19:57+09:00,added,n10e167fcc0aa,m2e9b901b1ba9
2026-05-13T03:19:57+09:00,added,n10e167fcc0aa,md929b2a701ae
2026-05-13T03:19:57+09:00,added,n10e167fcc0aa,m743c88e4a3b2
2026-05-13T06:30:48+09:00,added,n10e167fcc0aa,m0921d4d120a8
2026-05-13T11:16:44+09:00,added,n10e167fcc0aa,m6463046852a4
2026-05-13T16:01:37+09:00,added,n10e167fcc0aa,m7ae6f1512188
2026-05-13T16:01:37+09:00,added,n10e167fcc0aa,mb80e8e661ebe
2026-05-13T19:50:33+09:00,added,n10e167fcc0aa,m8c052e5884b0
2026-05-13T19:50:33+09:00,added,n10e167fcc0aa,m2f606beba19e
2026-05-13T19:50:33+09:00,added,n10e167fcc0aa,mc3b092076119
2026-05-13T23:16:54+09:00,added,nbddce81a354a,mf7f9952d6e72
2026-05-13T23:16:54+09:00,added,nbddce81a354a,mcf500208b8d9
2026-05-13T23:16:54+09:00,added,n10e167fcc0aa,md1d64f3e53b1
2026-05-13T23:16:54+09:00,added,n546d32f04e8c,m78e1caab29a1
2026-05-14T06:40:33+09:00,added,nbddce81a354a,m54b2ccd56b12
2026-05-14T06:40:33+09:00,added,nbddce81a354a,m743c88e4a3b2
2026-05-14T11:17:58+09:00,added,nbddce81a354a,me0a7e3361736
2026-05-14T11:17:58+09:00,added,nbddce81a354a,m7ae6f1512188
2026-05-14T19:39:29+09:00,added,nbddce81a354a,m5fa91e4af0ed
2026-05-14T19:39:29+09:00,added,nbddce81a354a,me3590cc8b7e1
2026-05-14T19:39:29+09:00,added,nbddce81a354a,m3032113cbb05
2026-05-14T19:39:29+09:00,added,nbddce81a354a,md929b2a701ae
2026-05-14T22:42:23+09:00,added,n54086f019f4b,m38c6d06537bf
2026-05-14T22:42:23+09:00,added,n54086f019f4b,m743c88e4a3b2
2026-05-14T22:42:23+09:00,added,n54086f019f4b,m5e4919cf713c
2026-05-14T22:42:23+09:00,added,n54086f019f4b,m1a9b0ec620b7
2026-05-14T22:42:23+09:00,added,n54086f019f4b,m78e1caab29a1
2026-05-14T22:42:23+09:00,added,n54086f019f4b,m768b3f4cf6e4
2026-05-14T22:42:23+09:00,added,n54086f019f4b,mcf500208b8d9
2026-05-14T22:42:23+09:00,added,nbddce81a354a,m7325f611df66
2026-05-15T11:16:24+09:00,added,n54086f019f4b,m54b2ccd56b12
2026-05-15T16:09:18+09:00,added,n54086f019f4b,md1868a762043
2026-05-15T19:47:16+09:00,added,n54086f019f4b,m7ae6f1512188
2026-05-15T22:41:05+09:00,added,nbaea274de6ad,m54b2ccd56b12
2026-05-15T22:41:05+09:00,added,nbddce81a354a,m78e1caab29a1
2026-05-16T02:59:03+09:00,added,nbaea274de6ad,m5ca58e6bf38b
2026-05-16T02:59:03+09:00,added,nbddce81a354a,m5ca58e6bf38b
2026-05-16T06:13:09+09:00,added,nbaea274de6ad,mebb6b7ad83ef
2026-05-16T06:13:09+09:00,added,nbaea274de6ad,m71987698f681
2026-05-16T11:10:34+09:00,added,nbaea274de6ad,m2f606beba19e
2026-05-16T11:10:34+09:00,added,nbaea274de6ad,m44d77759d166
2026-05-16T15:34:48+09:00,added,nbaea274de6ad,mfc9d03c23504
2026-05-16T15:34:48+09:00,added,nbaea274de6ad,m2e9b901b1ba9
2026-05-16T15:34:48+09:00,added,nbaea274de6ad,mcf500208b8d9
2026-05-16T15:34:48+09:00,added,n54086f019f4b,m2e9b901b1ba9
2026-05-16T15:34:48+09:00,added,n54086f019f4b,mfc9d03c23504
2026-05-16T15:34:48+09:00,added,n54086f019f4b,mcdf4ee972bd9
2026-05-16T15:34:48+09:00,added,n54086f019f4b,md1d64f3e53b1
2026-05-16T15:34:48+09:00,added,n9771ade50c7b,mfc9d03c23504
2026-05-16T15:34:48+09:00,added,n9771ade50c7b,m2e9b901b1ba9
2026-05-16T19:02:07+09:00,added,nbaea274de6ad,m6d85b40d25ec
2026-05-16T19:02:07+09:00,added,ne6d59a4f450f,m7c0f03bba9e6
2026-05-16T22:09:51+09:00,added,nc40156f6432b,m38c6d06537bf
2026-05-16T22:09:51+09:00,added,nc40156f6432b,m54b2ccd56b12
2026-05-16T22:09:51+09:00,added,nc40156f6432b,m78e1caab29a1
2026-05-16T22:09:51+09:00,added,nbaea274de6ad,m6463046852a4
2026-05-16T22:09:51+09:00,added,nbaea274de6ad,m743c88e4a3b2
2026-05-17T02:20:08+09:00,added,nc40156f6432b,m743c88e4a3b2
2026-05-17T02:20:08+09:00,added,nc40156f6432b,m7ae6f1512188
2026-05-17T02:20:08+09:00,added,nc40156f6432b,m2f606beba19e
2026-05-17T02:20:08+09:00,added,nc40156f6432b,mc3b092076119
2026-05-17T02:20:08+09:00,added,nc40156f6432b,m71987698f681
2026-05-17T02:20:08+09:00,added,nbaea274de6ad,me50627303786
2026-05-17T02:20:08+09:00,added,ne8a241c24f10,me50627303786
2026-05-17T05:58:49+09:00,added,nc40156f6432b,mcf500208b8d9
2026-05-17T16:00:03+09:00,added,ne6d59a4f450f,mfa805cb12706
2026-05-17T19:08:19+09:00,added,nbaea274de6ad,m5c9c88eb4983
2026-05-17T19:08:19+09:00,added,nbddce81a354a,mb14c27a56b5e
2026-05-17T22:07:15+09:00,added,ne685952132be,m5ca58e6bf38b
2026-05-17T22:07:15+09:00,added,ne685952132be,m2f606beba19e
2026-05-17T22:07:15+09:00,added,ne685952132be,mcdf4ee972bd9
2026-05-17T22:07:15+09:00,added,ne685952132be,m5e4919cf713c
2026-05-17T22:07:15+09:00,added,ne685952132be,m743c88e4a3b2
2026-05-17T22:07:15+09:00,added,ne685952132be,mf7f9952d6e72
2026-05-17T22:07:15+09:00,added,ne685952132be,m7ae6f1512188
2026-05-17T22:07:15+09:00,added,nbaea274de6ad,m78e1caab29a1
2026-05-18T02:20:12+09:00,added,ne685952132be,mfc9d03c23504
2026-05-18T02:20:12+09:00,added,ne685952132be,m2e9b901b1ba9
2026-05-18T02:20:12+09:00,added,nc40156f6432b,m824b5344ce5f
2026-05-18T02:20:12+09:00,added,nbaea274de6ad,mc3b092076119
2026-05-18T02:20:12+09:00,added,nd95f876b2221,md938d95ae3e0
2026-05-18T05:59:28+09:00,added,ne685952132be,mcf500208b8d9
2026-05-18T11:24:30+09:00,added,nc40156f6432b,m5ca58e6bf38b
2026-05-18T17:14:16+09:00,added,n4ea538f6e346,m3470bb0fbc5c
2026-05-18T17:14:16+09:00,added,ne685952132be,me50627303786
2026-05-18T17:14:16+09:00,added,nc40156f6432b,md1868a762043
2026-05-18T21:06:34+09:00,added,ne685952132be,m78e1caab29a1
2026-05-18T21:06:34+09:00,added,ne685952132be,me3590cc8b7e1
2026-05-19T00:08:13+09:00,added,n14eb89ee7292,m3470bb0fbc5c
2026-05-19T00:08:13+09:00,added,n14eb89ee7292,m5c9c88eb4983
2026-05-19T00:08:13+09:00,added,n14eb89ee7292,mcf500208b8d9
2026-05-19T00:08:13+09:00,added,ne685952132be,m5c9c88eb4983
2026-05-19T00:08:13+09:00,added,n1394cc7021b6,mcf500208b8d9
2026-05-19T03:20:25+09:00,added,n14eb89ee7292,md913d0a3c101
2026-05-19T06:23:41+09:00,added,n14eb89ee7292,m05948736e17f
2026-05-19T06:23:41+09:00,added,ne685952132be,m54b2ccd56b12
2026-05-19T11:25:19+09:00,added,n14eb89ee7292,m2f606beba19e
2026-05-19T11:25:19+09:00,added,n14eb89ee7292,m297ecc2a829a
2026-05-19T11:25:19+09:00,added,n14eb89ee7292,mad8d2935fc54
2026-05-19T11:25:19+09:00,added,n14eb89ee7292,m8de28bcde1bf
2026-05-19T11:25:19+09:00,added,n14eb89ee7292,m71579a6f4222
2026-05-19T11:25:19+09:00,added,n14eb89ee7292,m71987698f681
2026-05-19T16:57:42+09:00,added,n14eb89ee7292,m743c88e4a3b2
2026-05-19T16:57:42+09:00,added,n14eb89ee7292,m6d85b40d25ec
2026-05-19T20:43:27+09:00,added,n14eb89ee7292,m0921d4d120a8
2026-05-19T20:43:27+09:00,added,n54086f019f4b,mad8d2935fc54
2026-05-19T23:47:17+09:00,added,n4ea538f6e346,mb607a414c367
2026-05-19T23:47:17+09:00,added,n9d60983fa3f4,m38c6d06537bf
2026-05-19T23:47:17+09:00,added,n9d60983fa3f4,m743c88e4a3b2
2026-05-19T23:47:17+09:00,added,n9d60983fa3f4,me50627303786
2026-05-19T23:47:17+09:00,added,n14eb89ee7292,m78e1caab29a1
2026-05-20T00:36:09+09:00,added,n9d60983fa3f4,m3470bb0fbc5c
2026-05-20T03:26:47+09:00,added,n14eb89ee7292,m2e9b901b1ba9
2026-05-20T03:26:47+09:00,added,n14eb89ee7292,mfc9d03c23504
2026-05-20T06:32:00+09:00,added,n9d60983fa3f4,m54b2ccd56b12
2026-05-20T11:22:43+09:00,added,n4ea538f6e346,m03e7f925c1c5
2026-05-20T11:22:43+09:00,added,n9d60983fa3f4,m71987698f681
2026-05-20T11:22:43+09:00,added,n9d60983fa3f4,mcf500208b8d9
2026-05-20T11:22:43+09:00,added,n14eb89ee7292,m5b27002b62d9
2026-05-20T16:56:22+09:00,added,n9d60983fa3f4,m7ae6f1512188
2026-05-20T16:56:22+09:00,added,ne685952132be,m97fcecaeaf4b
2026-05-20T20:12:02+09:00,added,n9d60983fa3f4,m6d69812caeed
2026-05-20T20:12:02+09:00,added,n9d60983fa3f4,m1a9b0ec620b7
2026-05-20T20:12:02+09:00,added,n9d60983fa3f4,m78e1caab29a1
2026-05-20T23:47:26+09:00,added,n4ea538f6e346,m707f686dbbd1
2026-05-20T23:47:26+09:00,added,n3bab65c48734,mcf500208b8d9
2026-05-20T23:47:26+09:00,added,n3bab65c48734,mfc9d03c23504
2026-05-20T23:47:26+09:00,added,n3bab65c48734,m5ca58e6bf38b
2026-05-20T23:47:26+09:00,added,n3bab65c48734,m7ae6f1512188
2026-05-20T23:47:26+09:00,added,n3bab65c48734,mc3b092076119
2026-05-20T23:47:26+09:00,added,n9d60983fa3f4,m5ca58e6bf38b
2026-05-20T23:47:26+09:00,added,n14eb89ee7292,m5ca58e6bf38b
2026-05-21T03:39:59+09:00,added,n3bab65c48734,m6d69812caeed
2026-05-21T03:39:59+09:00,added,n3bab65c48734,mad8d2935fc54
2026-05-21T03:39:59+09:00,added,n3bab65c48734,me50627303786
2026-05-21T07:05:52+09:00,added,n3bab65c48734,m54b2ccd56b12
2026-05-21T07:05:52+09:00,added,n3bab65c48734,m2f606beba19e
2026-05-21T11:24:32+09:00,added,n3bab65c48734,md1868a762043
2026-05-21T11:24:32+09:00,added,n3bab65c48734,m71987698f681
2026-05-21T17:04:22+09:00,added,n3bab65c48734,mf7f9952d6e72
2026-05-21T17:04:22+09:00,added,n3bab65c48734,m768b3f4cf6e4
2026-05-21T17:04:22+09:00,added,n3bab65c48734,m5c9c88eb4983
2026-05-21T20:50:11+09:00,added,n4ea538f6e346,m78c168859574
2026-05-21T20:50:11+09:00,added,n3bab65c48734,m97fcecaeaf4b
2026-05-21T20:50:11+09:00,added,n9a4ace9d9267,mcf500208b8d9
2026-05-21T20:50:11+09:00,added,n375a7f2a512f,mcf500208b8d9
2026-05-21T23:55:31+09:00,added,n3bab65c48734,m78e1caab29a1
2026-05-21T23:55:31+09:00,added,n3bab65c48734,m441ca83d8993
2026-05-21T23:55:31+09:00,added,n9d60983fa3f4,m441ca83d8993
2026-05-22T03:18:45+09:00,added,n257719cea428,m743c88e4a3b2
2026-05-22T11:25:10+09:00,added,n257719cea428,m05948736e17f
2026-05-22T11:25:10+09:00,added,n257719cea428,m5fa91e4af0ed
2026-05-22T11:25:10+09:00,added,n257719cea428,m0921d4d120a8
2026-05-22T11:25:10+09:00,added,n257719cea428,m71987698f681
2026-05-22T16:56:30+09:00,added,n3bab65c48734,mfa805cb12706
2026-05-22T20:12:51+09:00,added,n257719cea428,m7325f611df66
2026-05-22T23:28:42+09:00,added,nc4df3b7e201c,m743c88e4a3b2
2026-05-22T23:28:42+09:00,added,nc4df3b7e201c,mf7f9952d6e72
2026-05-22T23:28:42+09:00,added,nc4df3b7e201c,me50627303786
2026-05-22T23:28:42+09:00,added,n257719cea428,m78e1caab29a1
2026-05-22T23:28:42+09:00,added,n257719cea428,m54b2ccd56b12
2026-05-23T01:23:24+09:00,added,nc4df3b7e201c,m38c6d06537bf
2026-05-23T01:23:24+09:00,added,nc4df3b7e201c,mad8d2935fc54
2026-05-23T01:23:24+09:00,added,n257719cea428,m2e9b901b1ba9
2026-05-23T01:23:24+09:00,added,n257719cea428,mfc9d03c23504
2026-05-23T01:23:24+09:00,added,n257719cea428,m768b3f4cf6e4
2026-05-23T03:11:40+09:00,added,nc4df3b7e201c,m71987698f681
2026-05-23T11:15:35+09:00,added,n4ea538f6e346,m01cb6624a2fd
2026-05-23T11:15:35+09:00,added,nc4df3b7e201c,m2f606beba19e
2026-05-23T11:15:35+09:00,added,n257719cea428,mad8d2935fc54
2026-05-23T11:15:35+09:00,added,n257719cea428,mcf500208b8d9
2026-05-23T11:15:35+09:00,added,n257719cea428,m5ca58e6bf38b
2026-05-23T11:15:35+09:00,added,n257719cea428,m2f606beba19e
2026-05-23T15:48:54+09:00,added,nc4df3b7e201c,m2e277a02ac1b
2026-05-23T19:16:10+09:00,added,nc4df3b7e201c,m5c9c88eb4983
2026-05-23T19:16:10+09:00,added,nc4df3b7e201c,mfc8edd12fdc2
2026-05-24T02:21:52+09:00,added,naab7527cad75,m743c88e4a3b2
2026-05-24T02:21:52+09:00,added,naab7527cad75,mfc8edd12fdc2
2026-05-24T02:21:52+09:00,added,naab7527cad75,mfc9d03c23504
2026-05-24T02:21:52+09:00,added,naab7527cad75,m2e9b901b1ba9
2026-05-24T02:21:52+09:00,added,naab7527cad75,m38c6d06537bf
2026-05-24T02:21:52+09:00,added,nc4df3b7e201c,m78e1caab29a1
2026-05-24T02:21:52+09:00,added,n9d60983fa3f4,mad8d2935fc54
2026-05-24T02:21:52+09:00,added,n9d60983fa3f4,m2e9b901b1ba9
2026-05-24T02:21:52+09:00,added,n9d60983fa3f4,mfc9d03c23504
2026-05-24T02:21:52+09:00,added,n9d60983fa3f4,mfa4dbb02c352
2026-05-24T06:00:38+09:00,added,naab7527cad75,m6d69812caeed
2026-05-24T06:00:38+09:00,added,naab7527cad75,m54b2ccd56b12
2026-05-24T06:00:38+09:00,added,naab7527cad75,mf7f9952d6e72
2026-05-24T16:15:33+09:00,added,naab7527cad75,md1868a762043
2026-05-24T16:15:33+09:00,added,naab7527cad75,m7ae6f1512188
2026-05-24T16:15:33+09:00,added,naab7527cad75,mb80e8e661ebe
2026-05-24T16:15:33+09:00,added,nc4df3b7e201c,mfc9d03c23504
2026-05-24T16:15:33+09:00,added,nc4df3b7e201c,m2e9b901b1ba9
2026-05-24T19:17:29+09:00,added,n4ea538f6e346,mfa4dbb02c352
2026-05-24T19:17:29+09:00,added,naab7527cad75,m7325f611df66
2026-05-24T22:18:41+09:00,added,naab7527cad75,m740ac248bb64
2026-05-24T22:18:41+09:00,added,naab7527cad75,m78e1caab29a1
2026-05-25T02:23:37+09:00,added,nbc2483908077,m743c88e4a3b2
2026-05-25T02:23:37+09:00,added,nbc2483908077,m2f606beba19e
2026-05-25T02:23:37+09:00,added,nbc2483908077,m1a9b0ec620b7
2026-05-25T02:23:37+09:00,added,nbc2483908077,m78c168859574
2026-05-25T02:23:37+09:00,added,naab7527cad75,mc3b092076119
2026-05-25T11:28:53+09:00,added,nbc2483908077,mcf500208b8d9
2026-05-25T17:32:54+09:00,added,nbc2483908077,mfa805cb12706
2026-05-25T17:32:54+09:00,added,naab7527cad75,m334fb05a2022
2026-05-25T17:32:54+09:00,added,n9771ade50c7b,mb607a414c367
2026-05-25T21:14:40+09:00,added,nbc2483908077,mebb6b7ad83ef
2026-05-25T21:14:40+09:00,added,nbc2483908077,m7325f611df66
2026-05-25T23:46:31+09:00,added,n4ea538f6e346,m025e0da52a87
2026-05-25T23:46:31+09:00,added,nbc2483908077,m78e1caab29a1
2026-05-25T23:46:31+09:00,added,naab7527cad75,mcf500208b8d9
2026-05-26T06:18:56+09:00,added,nbc2483908077,m5c9c88eb4983
2026-05-26T06:18:56+09:00,added,nbc2483908077,m54b2ccd56b12
2026-05-26T11:19:14+09:00,added,n50668cb9ac27,ma9f7dab0845a
2026-05-26T11:19:14+09:00,added,n50668cb9ac27,m54b2ccd56b12
2026-05-26T11:19:14+09:00,added,n50668cb9ac27,m2f606beba19e
2026-05-26T11:19:14+09:00,added,n50668cb9ac27,m221e4bcca046
2026-05-26T11:19:14+09:00,added,n50668cb9ac27,me50627303786
2026-05-26T16:56:15+09:00,added,n50668cb9ac27,ma5bd9f7c40cf
2026-05-26T16:56:15+09:00,added,n50668cb9ac27,m651aaa4e52a9
2026-05-26T23:51:42+09:00,added,nf01eabb4ca8e,m78e1caab29a1
2026-05-26T23:51:42+09:00,added,nf01eabb4ca8e,m743c88e4a3b2
2026-05-26T23:51:42+09:00,added,nf01eabb4ca8e,me50627303786
2026-05-26T23:51:42+09:00,added,nf01eabb4ca8e,mc45673dfeb83
2026-05-26T23:51:42+09:00,added,nf01eabb4ca8e,m6d69812caeed
2026-05-26T23:51:42+09:00,added,nf01eabb4ca8e,m38c6d06537bf
2026-05-26T23:51:42+09:00,added,nf01eabb4ca8e,mad8d2935fc54
2026-05-26T23:51:42+09:00,added,nf01eabb4ca8e,m7ae6f1512188
2026-05-26T23:51:42+09:00,added,n50668cb9ac27,m7325f611df66
2026-05-26T23:51:42+09:00,added,n50668cb9ac27,m6463046852a4
2026-05-26T23:51:42+09:00,added,n50668cb9ac27,mcf500208b8d9
2026-05-26T23:51:42+09:00,added,nbc2483908077,m18485b3d7e40
2026-05-27T03:48:30+09:00,added,nf01eabb4ca8e,mfc8edd12fdc2
2026-05-27T03:48:30+09:00,added,nf01eabb4ca8e,m54b2ccd56b12
2026-05-27T03:48:30+09:00,added,n50668cb9ac27,mfc8edd12fdc2
2026-05-27T03:48:30+09:00,added,nbc2483908077,mfc8edd12fdc2
2026-05-27T06:57:15+09:00,added,nf01eabb4ca8e,m2f606beba19e
2026-05-27T06:57:15+09:00,added,n50668cb9ac27,mad8d2935fc54
2026-05-27T11:28:54+09:00,added,n4ea538f6e346,mcfb504b2261b
2026-05-27T11:28:54+09:00,added,nf01eabb4ca8e,m0921d4d120a8
2026-05-27T11:28:54+09:00,removed,nbc2483908077,m1a9b0ec620b7
2026-05-27T11:28:54+09:00,added,naab7527cad75,m4d753692d07d
2026-05-27T11:28:54+09:00,removed,n9d60983fa3f4,m1a9b0ec620b7
2026-05-27T11:28:54+09:00,removed,n54086f019f4b,m1a9b0ec620b7
2026-05-27T11:28:54+09:00,removed,ne6d59a4f450f,m1a9b0ec620b7
2026-05-27T17:15:24+09:00,added,nf01eabb4ca8e,m5ca58e6bf38b
2026-05-27T17:15:24+09:00,added,n50668cb9ac27,m768b3f4cf6e4
2026-05-27T17:15:24+09:00,added,n50668cb9ac27,mb607a414c367
2026-05-28T00:08:42+09:00,added,n4ea538f6e346,mb9375001cfe6
2026-05-28T00:08:42+09:00,added,nc9d452772f60,m743c88e4a3b2
2026-05-28T00:08:42+09:00,added,nc9d452772f60,m35af4e72190e
2026-05-28T00:08:42+09:00,added,nc9d452772f60,m38c6d06537bf
2026-05-28T00:08:42+09:00,added,nc9d452772f60,m78e1caab29a1
2026-05-28T00:08:42+09:00,added,nc9d452772f60,mcf500208b8d9
2026-05-28T00:08:42+09:00,added,nc9d452772f60,m0921d4d120a8
2026-05-28T00:08:42+09:00,added,nc9d452772f60,mfc9d03c23504
2026-05-28T00:08:42+09:00,added,nc9d452772f60,m2e9b901b1ba9
2026-05-28T00:08:42+09:00,added,nc9d452772f60,m54b2ccd56b12
2026-05-28T00:08:42+09:00,added,nc9d452772f60,m97fcecaeaf4b
2026-05-28T00:08:42+09:00,added,nc9d452772f60,mad8d2935fc54
2026-05-28T00:08:42+09:00,added,nf01eabb4ca8e,m7325f611df66
2026-05-28T00:08:42+09:00,added,nf01eabb4ca8e,m824b5344ce5f
2026-05-28T00:08:42+09:00,added,nf01eabb4ca8e,m2e9b901b1ba9
2026-05-28T00:08:42+09:00,added,nf01eabb4ca8e,mfc9d03c23504
2026-05-28T11:12:52+09:00,added,nc9d452772f60,m2f606beba19e
2026-05-28T11:12:52+09:00,added,nc9d452772f60,m7ae6f1512188
2026-05-28T11:12:52+09:00,added,nc9d452772f60,mb80e8e661ebe
2026-05-28T11:12:52+09:00,added,nf01eabb4ca8e,m97fcecaeaf4b
2026-05-28T11:12:52+09:00,added,n14eb89ee7292,m824b5344ce5f
2026-05-28T17:10:05+09:00,added,n4ea538f6e346,m5e0b116a568a
2026-05-28T17:10:05+09:00,added,nc9d452772f60,me50627303786
2026-05-28T17:10:05+09:00,added,naab7527cad75,m5e0b116a568a
2026-05-28T21:03:45+09:00,added,nf03b789ad361,m7325f611df66
2026-05-28T21:03:45+09:00,added,nf03b789ad361,m78e1caab29a1
2026-05-28T21:03:45+09:00,added,nc4df3b7e201c,mcf500208b8d9
2026-05-28T21:58:44+09:00,added,nf03b789ad361,mc3b092076119
2026-05-29T00:19:10+09:00,added,nf03b789ad361,m2f606beba19e
2026-05-29T00:19:10+09:00,added,nf01eabb4ca8e,mfa4dbb02c352
2026-05-29T03:57:37+09:00,added,nf03b789ad361,m71987698f681
2026-05-29T07:11:55+09:00,added,nf03b789ad361,m3ce42393f8fa
2026-05-29T11:21:41+09:00,added,nf03b789ad361,m743c88e4a3b2
2026-05-29T11:21:41+09:00,added,nf03b789ad361,mb607a414c367
2026-05-29T11:21:41+09:00,added,nc9d452772f60,mb607a414c367
2026-05-29T17:07:05+09:00,added,nf03b789ad361,m16095e384518
2026-05-29T17:07:05+09:00,added,nf03b789ad361,m5e0b116a568a
2026-05-29T17:07:05+09:00,added,nf03b789ad361,m1a9b0ec620b7
2026-05-29T17:07:05+09:00,added,nf01eabb4ca8e,mc3b092076119
2026-05-29T17:07:05+09:00,added,nbc2483908077,m5e0b116a568a
2026-05-29T20:52:52+09:00,added,nf03b789ad361,m2e277a02ac1b
2026-05-29T23:51:43+09:00,added,nfcd945c6f920,m6d3400fb7014
2026-05-29T23:51:43+09:00,added,nfcd945c6f920,m78e1caab29a1
2026-05-29T23:51:43+09:00,added,nfcd945c6f920,mf7f9952d6e72
2026-05-29T23:51:43+09:00,added,nfcd945c6f920,mb607a414c367
2026-05-29T23:51:43+09:00,added,nfcd945c6f920,m1a9b0ec620b7
2026-05-30T03:54:44+09:00,added,nfcd945c6f920,m7ae6f1512188
2026-05-30T03:54:44+09:00,added,nfcd945c6f920,me50627303786
2026-05-30T03:54:44+09:00,added,nfcd945c6f920,mb80e8e661ebe
2026-05-30T03:54:44+09:00,added,nfcd945c6f920,m71987698f681
2026-05-30T03:54:44+09:00,added,nfcd945c6f920,m38c6d06537bf
2026-05-30T03:54:44+09:00,added,nf03b789ad361,m6d69812caeed
2026-05-30T07:09:11+09:00,added,nfcd945c6f920,m54b2ccd56b12
2026-05-30T07:09:11+09:00,added,nfcd945c6f920,mcf500208b8d9
2026-05-30T07:09:11+09:00,added,nf03b789ad361,mcf500208b8d9
2026-05-30T11:17:06+09:00,added,nfcd945c6f920,m025e0da52a87
2026-05-30T11:17:06+09:00,added,nfcd945c6f920,m01cb6624a2fd
2026-05-30T16:01:02+09:00,added,nfcd945c6f920,m16095e384518
2026-05-30T16:01:02+09:00,added,nfcd945c6f920,m0921d4d120a8
2026-05-30T16:01:02+09:00,added,nf03b789ad361,m768b3f4cf6e4
2026-05-30T19:22:28+09:00,added,nfcd945c6f920,mc3b092076119
2026-05-30T19:22:28+09:00,added,nfcd945c6f920,m7325f611df66
2026-05-30T19:22:28+09:00,added,nf03b789ad361,m5ca58e6bf38b
2026-05-30T22:18:29+09:00,added,n213c280c308d,m78e1caab29a1
2026-05-30T22:18:29+09:00,added,n213c280c308d,m743c88e4a3b2
2026-05-30T22:18:29+09:00,added,n213c280c308d,m54b2ccd56b12
2026-05-30T22:18:29+09:00,added,nfcd945c6f920,md1d64f3e53b1
2026-05-30T22:18:29+09:00,added,nfcd945c6f920,m2e9b901b1ba9
2026-05-30T22:18:29+09:00,added,nfcd945c6f920,mfc9d03c23504
2026-05-31T02:27:42+09:00,added,n213c280c308d,m5c9c88eb4983
2026-05-31T02:27:42+09:00,added,n213c280c308d,m5e54fbcf6675
2026-05-31T02:27:42+09:00,removed,nfcd945c6f920,m1a9b0ec620b7
2026-05-31T02:27:42+09:00,removed,nf03b789ad361,m1a9b0ec620b7
2026-05-31T11:31:41+09:00,added,n213c280c308d,m0921d4d120a8
2026-05-31T11:31:41+09:00,added,n213c280c308d,m5ca58e6bf38b
2026-05-31T17:05:57+09:00,added,n213c280c308d,mcfb504b2261b
2026-05-31T17:05:57+09:00,added,nfcd945c6f920,m5ca58e6bf38b
2026-05-31T17:05:57+09:00,added,n50668cb9ac27,mcfb504b2261b
2026-05-31T19:38:16+09:00,added,n213c280c308d,mfc9d03c23504
2026-05-31T19:38:16+09:00,added,n213c280c308d,m2e9b901b1ba9
2026-05-31T19:38:16+09:00,added,n50668cb9ac27,m2e9b901b1ba9
2026-05-31T19:38:16+09:00,added,n50668cb9ac27,mfc9d03c23504
2026-05-31T22:34:27+09:00,added,n06759fa6d1d3,m3cc7fd715d5c
2026-05-31T22:34:27+09:00,added,n06759fa6d1d3,m163dc37f6ff3
2026-05-31T22:34:27+09:00,added,n06759fa6d1d3,m743c88e4a3b2
2026-05-31T22:34:27+09:00,added,n06759fa6d1d3,m54b2ccd56b12
2026-05-31T22:34:27+09:00,added,n06759fa6d1d3,mc6dad877a6d7
2026-05-31T22:34:27+09:00,added,n213c280c308d,m6d69812caeed
2026-05-31T22:34:27+09:00,added,nfcd945c6f920,m6463046852a4
2026-05-31T22:34:27+09:00,added,ne6d59a4f450f,m78e1caab29a1
2026-06-01T02:28:23+09:00,added,n06759fa6d1d3,md1d64f3e53b1
2026-06-01T02:28:23+09:00,added,n213c280c308d,mcf500208b8d9
2026-06-01T06:12:08+09:00,added,n06759fa6d1d3,m7ae6f1512188
2026-06-01T06:12:08+09:00,added,n06759fa6d1d3,m8de28bcde1bf
2026-06-01T06:12:08+09:00,added,n06759fa6d1d3,mb80e8e661ebe
2026-06-01T11:52:25+09:00,added,n06759fa6d1d3,m025e0da52a87
2026-06-01T11:52:25+09:00,added,nc9d452772f60,m16095e384518
2026-06-01T18:34:46+09:00,added,n06759fa6d1d3,m6d3400fb7014
2026-06-01T18:34:46+09:00,added,n06759fa6d1d3,m2e9b901b1ba9
2026-06-01T18:34:46+09:00,added,n06759fa6d1d3,mfc9d03c23504
2026-06-01T18:34:46+09:00,added,nf03b789ad361,mcfb504b2261b
2026-06-01T18:34:46+09:00,added,nf03b789ad361,m2e9b901b1ba9
2026-06-01T18:34:46+09:00,added,nf03b789ad361,mfc9d03c23504
2026-06-01T23:02:19+09:00,added,n72ca75ed2264,m7325f611df66
2026-06-01T23:02:19+09:00,added,n72ca75ed2264,m78e1caab29a1
2026-06-01T23:02:19+09:00,added,nfcd945c6f920,mfa4dbb02c352
2026-06-02T02:30:02+09:00,added,n72ca75ed2264,m5c9c88eb4983
2026-06-02T02:30:02+09:00,added,n72ca75ed2264,mcff9b6cb3037
2026-06-02T02:30:02+09:00,added,n72ca75ed2264,m6d69812caeed
2026-06-02T05:37:58+09:00,added,n72ca75ed2264,m44d77759d166
2026-06-02T07:50:29+09:00,added,n72ca75ed2264,mcfb504b2261b
2026-06-02T10:12:58+09:00,added,n4ea538f6e346,mea1e57cd6ae9
2026-06-02T10:12:58+09:00,added,n72ca75ed2264,m7ae6f1512188
2026-06-02T10:12:58+09:00,added,n72ca75ed2264,mb80e8e661ebe
2026-06-02T10:12:58+09:00,added,n06759fa6d1d3,mcfb504b2261b
2026-06-02T11:39:54+09:00,added,n72ca75ed2264,mb607a414c367
2026-06-02T11:39:54+09:00,added,n72ca75ed2264,m16095e384518
2026-06-02T17:31:02+09:00,added,n72ca75ed2264,mfa805cb12706
2026-06-02T17:31:02+09:00,added,n213c280c308d,m334fb05a2022
2026-06-02T21:17:46+09:00,added,n72ca75ed2264,m2e9b901b1ba9
2026-06-02T21:17:46+09:00,added,n72ca75ed2264,mfc9d03c23504
2026-06-03T01:01:27+09:00,added,n4ea538f6e346,m78e1caab29a1
2026-06-03T01:01:27+09:00,added,nb94822e900b5,me3590cc8b7e1
2026-06-03T01:01:27+09:00,added,nb94822e900b5,mf7f9952d6e72
2026-06-03T01:01:27+09:00,added,nb94822e900b5,m7ae6f1512188
2026-06-03T01:01:27+09:00,added,nb94822e900b5,m54b2ccd56b12
2026-06-03T01:01:27+09:00,added,nb94822e900b5,mad8d2935fc54
2026-06-03T01:01:27+09:00,added,nb94822e900b5,m5c9c88eb4983
2026-06-03T01:01:27+09:00,added,n06759fa6d1d3,mad8d2935fc54
2026-06-03T04:52:08+09:00,added,n72ca75ed2264,mad8d2935fc54
2026-06-03T07:30:28+09:00,added,nb94822e900b5,m743c88e4a3b2
2026-06-03T07:30:28+09:00,added,nb94822e900b5,m2f606beba19e
2026-06-03T11:47:02+09:00,added,nb94822e900b5,mcfb504b2261b
2026-06-03T11:47:02+09:00,added,nb94822e900b5,mcf500208b8d9
2026-06-03T11:47:02+09:00,added,nb94822e900b5,m5fa91e4af0ed
2026-06-03T11:47:02+09:00,added,nb94822e900b5,m16095e384518
2026-06-03T11:47:02+09:00,added,nb94822e900b5,mc3b092076119
2026-06-03T11:47:02+09:00,added,nb94822e900b5,m0e5fd2793b26
2026-06-03T11:47:02+09:00,added,nb94822e900b5,me50627303786
2026-06-03T11:47:02+09:00,added,nb94822e900b5,mb607a414c367
2026-06-03T21:55:17+09:00,added,na5e2199d25d1,m3cc7fd715d5c
2026-06-03T21:55:17+09:00,added,na5e2199d25d1,m38c6d06537bf
2026-06-03T21:55:17+09:00,added,na5e2199d25d1,m743c88e4a3b2
2026-06-03T21:55:17+09:00,added,na5e2199d25d1,m78e1caab29a1
2026-06-03T21:55:17+09:00,added,na5e2199d25d1,mb607a414c367
2026-06-03T21:55:17+09:00,added,nb94822e900b5,m0921d4d120a8
2026-06-03T21:55:17+09:00,added,nb94822e900b5,m5ca58e6bf38b
2026-06-03T21:55:17+09:00,added,nb94822e900b5,mcff9b6cb3037
2026-06-03T21:55:17+09:00,added,nb94822e900b5,m6d69812caeed
2026-06-03T21:55:17+09:00,added,n06759fa6d1d3,m38c6d06537bf
2026-06-04T05:02:39+09:00,added,n4ea538f6e346,mb91361b15337
2026-06-04T05:02:39+09:00,added,na5e2199d25d1,m2e9b901b1ba9
2026-06-04T05:02:39+09:00,added,na5e2199d25d1,mfc9d03c23504
2026-06-04T05:02:39+09:00,added,na5e2199d25d1,m7ae6f1512188
2026-06-04T05:02:39+09:00,added,na5e2199d25d1,mb80e8e661ebe
2026-06-04T05:02:39+09:00,added,na5e2199d25d1,mcfb504b2261b
2026-06-04T05:02:39+09:00,added,nb94822e900b5,m0675215a66e7
2026-06-04T05:02:39+09:00,added,ne685952132be,m278d9869816c
2026-06-04T05:02:39+09:00,added,ne685952132be,m1c85d4931804
2026-06-04T07:35:48+09:00,added,na5e2199d25d1,m54b2ccd56b12
2026-06-04T11:44:08+09:00,added,na5e2199d25d1,m18485b3d7e40
2026-06-04T11:44:08+09:00,added,n06759fa6d1d3,m6d67573d7dd7
2026-06-04T11:44:08+09:00,added,n213c280c308d,m16095e384518
2026-06-04T17:23:38+09:00,added,na5e2199d25d1,m6d69812caeed
2026-06-04T17:23:38+09:00,added,na5e2199d25d1,m6d3400fb7014
2026-06-04T20:27:33+09:00,added,na5e2199d25d1,m163dc37f6ff3
2026-06-05T03:30:38+09:00,added,n19e4efa9007f,m78e1caab29a1
2026-06-05T03:30:38+09:00,added,n19e4efa9007f,mcff9b6cb3037
2026-06-05T03:30:38+09:00,added,n19e4efa9007f,m6d69812caeed
2026-06-05T03:30:38+09:00,added,n19e4efa9007f,mfc9d03c23504
2026-06-05T03:30:38+09:00,added,n19e4efa9007f,m2e9b901b1ba9
2026-06-05T03:30:38+09:00,added,n19e4efa9007f,m7ae6f1512188
2026-06-05T03:30:38+09:00,added,n19e4efa9007f,mcfb504b2261b
2026-06-05T03:30:38+09:00,added,n19e4efa9007f,m6463046852a4
2026-06-05T03:30:38+09:00,added,n19e4efa9007f,mc7c43a9831f4
2026-06-05T03:30:38+09:00,added,n19e4efa9007f,me0a7e3361736
2026-06-05T03:30:38+09:00,added,n19e4efa9007f,maba8091875be
2026-06-05T03:30:38+09:00,added,n19e4efa9007f,m97848c1bdf32
2026-06-05T03:30:38+09:00,added,n19e4efa9007f,ma8d107d9475f
2026-06-05T03:30:38+09:00,added,n19e4efa9007f,me50627303786
2026-06-05T03:30:38+09:00,added,na5e2199d25d1,m6d67573d7dd7
2026-06-05T06:37:31+09:00,added,n19e4efa9007f,m26746627a02f
2026-06-05T06:37:31+09:00,added,n19e4efa9007f,m54b2ccd56b12
2026-06-05T06:37:31+09:00,added,n72ca75ed2264,mcf500208b8d9
2026-06-05T11:18:28+09:00,added,n19e4efa9007f,m0675215a66e7
2026-06-05T11:18:28+09:00,added,n19e4efa9007f,md1868a762043
2026-06-05T11:18:28+09:00,added,n19e4efa9007f,mcf500208b8d9
2026-06-05T11:18:28+09:00,added,n19e4efa9007f,m16095e384518
2026-06-05T11:18:28+09:00,added,na5e2199d25d1,me50627303786
2026-06-05T20:43:02+09:00,added,n19e4efa9007f,m8f8cb1f85570
2026-06-05T20:43:02+09:00,added,n19e4efa9007f,ma9699950aa28
2026-06-05T20:43:02+09:00,added,na5e2199d25d1,m54c3e22e02f7
2026-06-05T20:43:02+09:00,added,nb94822e900b5,mf2d7c09eeca9
2026-06-05T20:43:02+09:00,added,nb94822e900b5,m2e9b901b1ba9
2026-06-05T20:43:02+09:00,added,nb94822e900b5,mfc9d03c23504
2026-06-05T23:27:35+09:00,added,n572ff39fdea7,mf7f9952d6e72
2026-06-05T23:27:35+09:00,added,n572ff39fdea7,m0675215a66e7
2026-06-05T23:27:35+09:00,added,n572ff39fdea7,m4b55ad8c4748
2026-06-05T23:27:35+09:00,added,n572ff39fdea7,m78e1caab29a1
2026-06-05T23:27:35+09:00,added,n572ff39fdea7,m743c88e4a3b2
2026-06-05T23:27:35+09:00,added,n72ca75ed2264,me50627303786
2026-06-06T15:59:04+09:00,added,n572ff39fdea7,m71987698f681
2026-06-06T15:59:04+09:00,added,n572ff39fdea7,mc3b092076119
2026-06-06T15:59:04+09:00,added,n572ff39fdea7,m6d3400fb7014
2026-06-06T15:59:04+09:00,added,n572ff39fdea7,mcf500208b8d9
2026-06-06T15:59:04+09:00,added,n19e4efa9007f,m5ca58e6bf38b
2026-06-06T19:17:22+09:00,added,n572ff39fdea7,m7ae6f1512188
2026-06-06T19:17:22+09:00,added,n572ff39fdea7,mb80e8e661ebe
2026-06-06T22:12:29+09:00,added,n747696e450db,mf7f9952d6e72
2026-06-06T22:12:29+09:00,added,n747696e450db,me50627303786
2026-06-06T22:12:29+09:00,added,n747696e450db,m743c88e4a3b2
2026-06-06T22:12:29+09:00,added,n572ff39fdea7,m7325f611df66
2026-06-06T22:12:29+09:00,added,n72ca75ed2264,m521b1f5e6d21
2026-06-06T22:12:29+09:00,added,n0a2027cdc701,m78e1caab29a1
2026-06-07T06:09:02+09:00,added,n747696e450db,m71987698f681
2026-06-07T06:09:02+09:00,added,n747696e450db,m54b2ccd56b12
2026-06-07T06:09:02+09:00,added,n747696e450db,m7ae6f1512188
2026-06-07T06:09:02+09:00,added,n572ff39fdea7,m38c6d06537bf
2026-06-07T06:09:02+09:00,added,n572ff39fdea7,mb19b15db09e6
2026-06-07T06:09:02+09:00,added,n19e4efa9007f,mad8d2935fc54
2026-06-07T11:26:14+09:00,added,n747696e450db,mc3b092076119
2026-06-07T11:26:14+09:00,added,n747696e450db,m26d93ca7080b
2026-06-07T11:26:14+09:00,added,n747696e450db,m2f606beba19e
2026-06-07T11:26:14+09:00,added,n572ff39fdea7,m16384598a49a
2026-06-07T16:59:30+09:00,added,n747696e450db,m334fb05a2022
2026-06-07T16:59:30+09:00,added,n747696e450db,mcb270ee08c0a
2026-06-07T16:59:30+09:00,added,n747696e450db,m6d69812caeed
2026-06-07T16:59:30+09:00,added,n747696e450db,mcff9b6cb3037
2026-06-07T16:59:30+09:00,added,n747696e450db,m5e4919cf713c
2026-06-07T16:59:30+09:00,added,n19e4efa9007f,m743c88e4a3b2
2026-06-07T19:42:26+09:00,added,n747696e450db,m16095e384518
2026-06-07T22:24:59+09:00,added,n1241fc2881c7,m8c052e5884b0
2026-06-07T22:24:59+09:00,added,n1241fc2881c7,m78e1caab29a1
2026-06-07T22:24:59+09:00,added,n1241fc2881c7,m743c88e4a3b2
2026-06-07T22:24:59+09:00,added,n1241fc2881c7,m26b7851f96e9
2026-06-07T22:24:59+09:00,added,n1241fc2881c7,mc9bf7875a8d7
2026-06-07T22:24:59+09:00,added,n1241fc2881c7,m1cf00bd3c4c4
2026-06-08T02:31:02+09:00,added,n1241fc2881c7,mb607a414c367
2026-06-08T02:31:02+09:00,added,n1241fc2881c7,m0675215a66e7
2026-06-08T02:31:02+09:00,added,n1241fc2881c7,mc3b092076119
2026-06-08T02:31:02+09:00,added,n1241fc2881c7,m7ae6f1512188
2026-06-08T02:31:02+09:00,added,n1241fc2881c7,mb80e8e661ebe
2026-06-08T02:31:02+09:00,added,n1241fc2881c7,me50627303786
2026-06-08T02:31:02+09:00,added,n1241fc2881c7,ma9699950aa28
2026-06-08T02:31:02+09:00,added,n747696e450db,mb607a414c367
2026-06-08T06:15:17+09:00,added,n1241fc2881c7,md5a025b09ff1
2026-06-08T06:15:17+09:00,added,n747696e450db,m2e9b901b1ba9
2026-06-08T06:15:17+09:00,added,n747696e450db,mfc9d03c23504
2026-06-08T11:42:05+09:00,added,n1241fc2881c7,md929b2a701ae
2026-06-08T11:42:05+09:00,added,n1241fc2881c7,mcf500208b8d9
2026-06-08T11:42:05+09:00,added,n1241fc2881c7,m5ca58e6bf38b
2026-06-08T11:42:05+09:00,added,n1241fc2881c7,m19b3b433abf2
2026-06-08T11:42:05+09:00,added,n747696e450db,mcf500208b8d9
2026-06-08T17:57:57+09:00,added,n4ea538f6e346,me50627303786
2026-06-08T17:57:57+09:00,added,n4ea538f6e346,m5c87df568874
2026-06-08T17:57:57+09:00,added,n4ea538f6e346,m26b7851f96e9
2026-06-08T17:57:57+09:00,added,n1241fc2881c7,md1868a762043
2026-06-08T17:57:57+09:00,added,n1241fc2881c7,mfa805cb12706
2026-06-08T17:57:57+09:00,added,n1241fc2881c7,m5c9c88eb4983
2026-06-08T17:57:57+09:00,added,n1241fc2881c7,m8de28bcde1bf
2026-06-08T17:57:57+09:00,added,n572ff39fdea7,me50627303786
2026-06-08T17:57:57+09:00,added,n572ff39fdea7,mcdf4ee972bd9
2026-06-08T17:57:57+09:00,added,n06759fa6d1d3,me50627303786
2026-06-08T21:48:42+09:00,added,nb2c809f90ad4,m743c88e4a3b2
2026-06-08T21:48:42+09:00,added,nb2c809f90ad4,m78e1caab29a1
2026-06-08T21:48:42+09:00,added,n1241fc2881c7,m824b5344ce5f
2026-06-09T00:31:33+09:00,added,nb2c809f90ad4,m7ae6f1512188
2026-06-09T00:31:33+09:00,added,nb2c809f90ad4,md5a025b09ff1
2026-06-09T00:31:33+09:00,added,nb2c809f90ad4,mb80e8e661ebe
2026-06-09T00:31:33+09:00,added,nb2c809f90ad4,mcff9b6cb3037
2026-06-09T00:31:33+09:00,added,nb2c809f90ad4,m6d69812caeed
2026-06-09T06:57:07+09:00,added,n19e4efa9007f,ma4f7761ee62b
2026-06-09T16:48:36+09:00,added,nb2c809f90ad4,mcf500208b8d9
2026-06-09T16:48:36+09:00,added,nb2c809f90ad4,m16095e384518
2026-06-09T16:48:36+09:00,added,nb2c809f90ad4,mb607a414c367
2026-06-09T20:30:06+09:00,added,nb2c809f90ad4,m7325f611df66
2026-06-09T23:25:04+09:00,added,n37180fe24b18,m54b2ccd56b12
2026-06-09T23:25:04+09:00,added,n37180fe24b18,m01cb6624a2fd
2026-06-09T23:25:04+09:00,added,n37180fe24b18,m05948736e17f
2026-06-09T23:25:04+09:00,added,n37180fe24b18,m743c88e4a3b2
2026-06-09T23:25:04+09:00,added,n37180fe24b18,m7ae6f1512188
2026-06-09T23:25:04+09:00,added,n37180fe24b18,mb80e8e661ebe
2026-06-09T23:25:04+09:00,added,n37180fe24b18,mc3b092076119
2026-06-09T23:25:04+09:00,added,nb94822e900b5,mcb9bb00d8129
2026-06-09T23:25:04+09:00,added,nb94822e900b5,m78e1caab29a1
2026-06-09T23:25:04+09:00,added,n213c280c308d,m3832bb72329e
2026-06-09T23:25:04+09:00,added,n50668cb9ac27,m3832bb72329e
2026-06-09T23:25:04+09:00,added,naab7527cad75,mcb9bb00d8129
2026-06-09T23:25:04+09:00,added,n257719cea428,m3832bb72329e
2026-06-09T23:25:04+09:00,added,n257719cea428,mcb9bb00d8129
2026-06-09T23:25:04+09:00,added,n14eb89ee7292,m3832bb72329e
2026-06-09T23:25:04+09:00,added,n14eb89ee7292,mcb9bb00d8129
2026-06-09T23:25:04+09:00,added,nbddce81a354a,mcb9bb00d8129
2026-06-09T23:25:04+09:00,added,na83909144099,ma301f047731b
2026-06-09T23:25:04+09:00,added,na05a954f97a6,ma301f047731b
2026-06-09T23:25:04+09:00,added,n840c1b5a3ead,ma301f047731b
2026-06-09T23:25:04+09:00,added,nfcf65917c59c,mcb9bb00d8129
2026-06-09T23:25:04+09:00,added,n36b317d5b28c,ma301f047731b
2026-06-09T23:25:04+09:00,added,nd95f876b2221,ma301f047731b
2026-06-09T23:25:04+09:00,added,nb76250bb97e6,ma301f047731b
2026-06-09T23:25:04+09:00,added,ne8a241c24f10,mcb9bb00d8129
2026-06-09T23:25:04+09:00,added,n99d0a8523d8c,mcb9bb00d8129
2026-06-09T23:25:04+09:00,added,n375a7f2a512f,mcb9bb00d8129
2026-06-09T23:25:04+09:00,added,nf02755340026,mcb9bb00d8129
2026-06-09T23:25:04+09:00,added,n6471fe125705,mcb9bb00d8129
2026-06-09T23:25:04+09:00,added,n4ea538f6e346,m3832bb72329e
2026-06-09T23:25:04+09:00,added,n4ea538f6e346,mcb9bb00d8129
2026-06-10T06:55:28+09:00,added,nb2c809f90ad4,m54b2ccd56b12
2026-06-10T06:55:28+09:00,added,nb2c809f90ad4,m18485b3d7e40
2026-06-10T11:18:07+09:00,added,n37180fe24b18,mcf500208b8d9
2026-06-10T11:18:07+09:00,added,n1241fc2881c7,mcb9bb00d8129
2026-06-10T11:18:07+09:00,added,nceee772cd4fe,mcb9bb00d8129
2026-06-10T11:18:07+09:00,added,n8f6e8078e1e8,mcb9bb00d8129
2026-06-10T11:18:07+09:00,added,ndf79988d0b5d,mcb9bb00d8129
2026-06-10T11:18:07+09:00,added,n944f7a4c1b1e,mcb9bb00d8129
2026-06-10T11:18:07+09:00,added,n725acf24a97d,mcb9bb00d8129
2026-06-10T11:18:07+09:00,added,n9421f69f316d,mcb9bb00d8129
2026-06-10T11:18:07+09:00,added,n96c1bb258c1f,mcb9bb00d8129
2026-06-10T11:18:07+09:00,added,n8cfa3c7a1e50,mcb9bb00d8129
2026-06-10T11:18:07+09:00,added,nc58b4ccee84f,mcb9bb00d8129
2026-06-10T11:18:07+09:00,added,na35c89b47597,mcb9bb00d8129
2026-06-10T11:18:07+09:00,added,n9f1eb3168b84,mcb9bb00d8129
2026-06-10T11:18:07+09:00,added,n4b7cfac7f866,mcb9bb00d8129
2026-06-10T11:18:07+09:00,added,n83325f5b33aa,mcb9bb00d8129
2026-06-10T17:11:46+09:00,added,n37180fe24b18,m5e0b116a568a
2026-06-10T17:11:46+09:00,added,n1241fc2881c7,m192171037579
2026-06-10T17:11:46+09:00,added,ne19a46daa62d,mcb9bb00d8129
2026-06-10T20:51:33+09:00,added,n37180fe24b18,md1868a762043
2026-06-10T23:55:28+09:00,added,n37180fe24b18,m0988ee24cf93
2026-06-10T23:55:28+09:00,added,n37180fe24b18,m441ca83d8993
2026-06-10T23:55:28+09:00,added,nd031677ca945,mb607a414c367
2026-06-10T23:55:28+09:00,added,nd031677ca945,m78e1caab29a1
2026-06-10T23:55:28+09:00,added,nd031677ca945,m441ca83d8993
2026-06-10T23:55:28+09:00,added,nd031677ca945,m743c88e4a3b2
2026-06-10T23:55:28+09:00,added,nd031677ca945,m7ae6f1512188
2026-06-10T23:55:28+09:00,added,nd031677ca945,mb80e8e661ebe
2026-06-10T23:55:28+09:00,added,nd031677ca945,me50627303786
2026-06-10T23:55:28+09:00,added,nd031677ca945,m192171037579
2026-06-10T23:55:28+09:00,added,nb2c809f90ad4,m441ca83d8993
2026-06-10T23:55:28+09:00,added,n1241fc2881c7,m441ca83d8993
2026-06-10T23:55:28+09:00,added,n747696e450db,m441ca83d8993
2026-06-11T03:42:28+09:00,added,nd031677ca945,mfc9d03c23504
2026-06-11T03:42:28+09:00,added,nd031677ca945,m2e9b901b1ba9
2026-06-11T03:42:28+09:00,added,nd031677ca945,m54b2ccd56b12
2026-06-11T03:42:28+09:00,added,nb2c809f90ad4,m2e9b901b1ba9
2026-06-11T03:42:28+09:00,added,nb2c809f90ad4,mfc9d03c23504
2026-06-11T11:42:24+09:00,added,nd031677ca945,mcf500208b8d9
2026-06-11T11:42:24+09:00,added,nd031677ca945,m5bef3fbffd30
2026-06-11T11:42:24+09:00,added,nd031677ca945,m66feefd13085
2026-06-11T17:39:54+09:00,added,n37180fe24b18,ma9699950aa28
2026-06-11T17:39:54+09:00,added,nd031677ca945,mba07f6638f58
2026-06-11T17:39:54+09:00,added,nd031677ca945,m6d3400fb7014
2026-06-11T21:23:26+09:00,added,nd031677ca945,mcff9b6cb3037
2026-06-11T21:23:26+09:00,added,nd031677ca945,m6d69812caeed
2026-06-11T21:23:26+09:00,added,nd031677ca945,m0988ee24cf93
2026-06-12T00:37:50+09:00,added,n7ffcf137dd37,mf7f9952d6e72
2026-06-12T00:37:50+09:00,added,n7ffcf137dd37,m78e1caab29a1
2026-06-12T00:37:50+09:00,added,n7ffcf137dd37,m192171037579
2026-06-12T00:37:50+09:00,added,n7ffcf137dd37,mcfb504b2261b
2026-06-12T03:58:16+09:00,added,n4ea538f6e346,m965e76ed1a02
2026-06-12T11:25:42+09:00,added,n7ffcf137dd37,m743c88e4a3b2
2026-06-12T11:25:42+09:00,added,n7ffcf137dd37,mb607a414c367
2026-06-12T17:28:19+09:00,added,n7ffcf137dd37,m547e9622e50b
2026-06-12T20:57:07+09:00,added,n37180fe24b18,m8de28bcde1bf
2026-06-12T20:57:07+09:00,added,n2e6dbf5a4530,m2f8a65ebe344
2026-06-12T20:57:07+09:00,added,n2e6dbf5a4530,mf7f9952d6e72
2026-06-12T20:57:07+09:00,added,n2e6dbf5a4530,m9470366c41c2
2026-06-12T20:57:07+09:00,added,n2e6dbf5a4530,m6d3400fb7014
2026-06-12T20:57:07+09:00,added,n7ffcf137dd37,me50627303786
2026-06-12T20:57:07+09:00,added,n7ffcf137dd37,m7325f611df66
2026-06-12T20:57:07+09:00,added,n7ffcf137dd37,mcf500208b8d9
2026-06-12T20:57:07+09:00,added,n1241fc2881c7,m5bef3fbffd30
2026-06-12T20:57:07+09:00,added,ne19a46daa62d,m6484622342c0
2026-06-12T23:40:45+09:00,added,n37180fe24b18,mfc9d03c23504
2026-06-12T23:40:45+09:00,added,n37180fe24b18,m2e9b901b1ba9
2026-06-12T23:40:45+09:00,added,n37180fe24b18,mb607a414c367
2026-06-12T23:40:45+09:00,added,n2e6dbf5a4530,m78e1caab29a1
2026-06-12T23:40:45+09:00,added,n2e6dbf5a4530,mc3b092076119
2026-06-13T03:19:52+09:00,added,n2e6dbf5a4530,m192171037579
2026-06-13T11:18:02+09:00,added,n2e6dbf5a4530,m743c88e4a3b2
2026-06-13T11:18:02+09:00,added,n2e6dbf5a4530,mf7c9271b4e5e
2026-06-13T11:18:02+09:00,added,n2e6dbf5a4530,m1c85d4931804
2026-06-13T11:18:02+09:00,added,n2e6dbf5a4530,mca2c344a0f50
2026-06-13T11:18:02+09:00,added,n2e6dbf5a4530,mc311c8aba7e2
2026-06-13T11:18:02+09:00,added,n2e6dbf5a4530,m278d9869816c
2026-06-13T11:18:02+09:00,added,n2e6dbf5a4530,m8b2a6058aa58
2026-06-13T11:18:02+09:00,added,n2e6dbf5a4530,m559fa39e9163
2026-06-13T11:18:02+09:00,added,n2e6dbf5a4530,m16580951510b
2026-06-13T11:18:02+09:00,added,n2e6dbf5a4530,m74b154cd7893
2026-06-13T11:18:02+09:00,added,n2e6dbf5a4530,mc46d0bdd74a9
2026-06-13T11:18:02+09:00,added,nd031677ca945,m5e0b116a568a
2026-06-13T16:51:51+09:00,added,n2e6dbf5a4530,m5ca58e6bf38b
2026-06-13T16:51:51+09:00,added,n2e6dbf5a4530,m0675215a66e7
2026-06-13T16:51:51+09:00,added,nd031677ca945,m5ca58e6bf38b
2026-06-13T16:51:51+09:00,added,nb2c809f90ad4,m824b5344ce5f
2026-06-13T16:51:51+09:00,added,n747696e450db,m557b8df5b5d7
2026-06-13T19:44:38+09:00,added,n2e6dbf5a4530,m3ce42393f8fa
2026-06-13T22:29:28+09:00,added,n37180fe24b18,m78e1caab29a1
2026-06-13T22:29:28+09:00,added,n1e01b806de34,m05948736e17f
2026-06-13T22:29:28+09:00,added,n1e01b806de34,m5bef3fbffd30
2026-06-13T22:29:28+09:00,added,n1e01b806de34,mcff9b6cb3037
2026-06-13T22:29:28+09:00,added,n1e01b806de34,m6d69812caeed
2026-06-13T22:29:28+09:00,added,n2e6dbf5a4530,m7325f611df66
2026-06-13T22:29:28+09:00,added,n2e6dbf5a4530,mcf500208b8d9
2026-06-13T22:29:28+09:00,added,n2e6dbf5a4530,m16095e384518
2026-06-14T02:36:44+09:00,added,n1e01b806de34,m6463046852a4
2026-06-14T02:36:44+09:00,added,n1e01b806de34,mcf500208b8d9
2026-06-14T02:36:44+09:00,added,n1e01b806de34,m7ae6f1512188
2026-06-14T02:36:44+09:00,added,n1e01b806de34,m192171037579
2026-06-14T02:36:44+09:00,added,n1e01b806de34,m743c88e4a3b2
2026-06-14T02:36:44+09:00,added,n2e6dbf5a4530,mb80e8e661ebe
2026-06-14T02:36:44+09:00,added,n2e6dbf5a4530,m7ae6f1512188
2026-06-14T11:41:23+09:00,added,n1e01b806de34,m5ca58e6bf38b
2026-06-14T11:41:23+09:00,added,n1e01b806de34,mf2d7c09eeca9
2026-06-14T11:41:23+09:00,added,n1e01b806de34,me50627303786
2026-06-14T11:41:23+09:00,added,n2e6dbf5a4530,m547e9622e50b
2026-06-14T11:41:23+09:00,added,n4ea538f6e346,m2f2976ed47fe
2026-06-14T17:20:06+09:00,added,n37180fe24b18,mf2d7c09eeca9
2026-06-14T17:20:06+09:00,added,n1e01b806de34,m0675215a66e7
2026-06-14T17:20:06+09:00,added,n1e01b806de34,m54b2ccd56b12
2026-06-14T17:20:06+09:00,added,n1e01b806de34,m6d3400fb7014
2026-06-14T17:20:06+09:00,removed,n2e6dbf5a4530,m8b2a6058aa58
2026-06-14T17:20:06+09:00,added,n72ca75ed2264,m0675215a66e7
2026-06-14T20:02:08+09:00,added,n1e01b806de34,m16095e384518
2026-06-14T20:02:08+09:00,added,n1e01b806de34,mba07f6638f58
2026-06-14T20:02:08+09:00,added,n3f0d8e2c1cf4,mf248a9444336
2026-06-14T22:33:15+09:00,added,n37180fe24b18,m768b3f4cf6e4
2026-06-14T22:33:15+09:00,added,n37180fe24b18,m7e72b0b37154
2026-06-14T22:33:15+09:00,added,n3c7722967533,m54b2ccd56b12
2026-06-14T22:33:15+09:00,added,n3c7722967533,mc6dad877a6d7
2026-06-14T22:33:15+09:00,added,n3c7722967533,m62e5b43b8c13
2026-06-14T22:33:15+09:00,added,n3c7722967533,mcf500208b8d9
2026-06-14T22:33:15+09:00,added,n3c7722967533,m743c88e4a3b2
2026-06-14T22:33:15+09:00,added,n3c7722967533,m78e1caab29a1
2026-06-14T22:33:15+09:00,added,n1e01b806de34,mfa805cb12706
2026-06-14T22:33:15+09:00,added,n2e6dbf5a4530,mdf249d5f08ec
2026-06-14T23:25:14+09:00,added,n3c7722967533,m7ae6f1512188
2026-06-14T23:25:14+09:00,added,n3c7722967533,mb80e8e661ebe
2026-06-15T00:55:22+09:00,added,n37180fe24b18,me50627303786
2026-06-15T00:55:22+09:00,added,n3c7722967533,m2e9b901b1ba9
2026-06-15T00:55:22+09:00,added,n3c7722967533,mfc9d03c23504
2026-06-15T00:55:22+09:00,added,n2e6dbf5a4530,me759d1c27fae
2026-06-15T00:55:22+09:00,added,n2e6dbf5a4530,me50627303786
2026-06-15T02:32:21+09:00,added,n2e6dbf5a4530,mcb9bb00d8129
2026-06-15T02:32:21+09:00,added,nd031677ca945,mcb9bb00d8129
2026-06-15T02:32:21+09:00,added,n572ff39fdea7,mcb9bb00d8129
2026-06-15T06:15:15+09:00,added,n3c7722967533,m5bef3fbffd30
2026-06-15T06:15:15+09:00,added,n3c7722967533,mc3b092076119
2026-06-15T11:45:02+09:00,added,n3c7722967533,md1868a762043
2026-06-15T19:04:35+09:00,added,n3c7722967533,m5ca58e6bf38b
2026-06-15T19:04:35+09:00,added,ne19a46daa62d,m45252d3b847f
2026-06-15T23:09:47+09:00,added,n37180fe24b18,m2f2976ed47fe
2026-06-15T23:09:47+09:00,added,n37180fe24b18,m707f686dbbd1
2026-06-15T23:09:47+09:00,added,nf1105bf9c4e3,me50627303786
2026-06-15T23:09:47+09:00,added,nf1105bf9c4e3,mf7f9952d6e72
2026-06-15T23:09:47+09:00,added,nf1105bf9c4e3,m743c88e4a3b2
2026-06-15T23:09:47+09:00,added,nf1105bf9c4e3,mc45673dfeb83
2026-06-15T23:09:47+09:00,added,nf1105bf9c4e3,mcff9b6cb3037
2026-06-15T23:09:47+09:00,added,nf1105bf9c4e3,m6d69812caeed
2026-06-15T23:09:47+09:00,added,nf1105bf9c4e3,mcf500208b8d9
2026-06-15T23:09:47+09:00,added,nf1105bf9c4e3,m78e1caab29a1
2026-06-15T23:09:47+09:00,added,nf1105bf9c4e3,m7ae6f1512188
2026-06-15T23:09:47+09:00,added,nf1105bf9c4e3,m1c85d4931804
2026-06-15T23:09:47+09:00,added,nf1105bf9c4e3,m278d9869816c
2026-06-15T23:09:47+09:00,added,nf1105bf9c4e3,mf7c9271b4e5e
2026-06-15T23:09:47+09:00,added,nf1105bf9c4e3,mca2c344a0f50
2026-06-15T23:09:47+09:00,added,nf1105bf9c4e3,mfc9d03c23504
2026-06-15T23:09:47+09:00,added,nf1105bf9c4e3,m2e9b901b1ba9
2026-06-15T23:09:47+09:00,added,n1e01b806de34,m7c6250436755
2026-06-16T01:59:32+09:00,added,nf1105bf9c4e3,mb80e8e661ebe
2026-06-16T01:59:32+09:00,added,nf1105bf9c4e3,mb607a414c367
2026-06-16T01:59:32+09:00,added,nf1105bf9c4e3,m62e5b43b8c13
2026-06-16T01:59:32+09:00,added,nf1105bf9c4e3,m5c9c88eb4983
2026-06-16T01:59:32+09:00,added,n2e6dbf5a4530,m6484622342c0
2026-06-16T05:00:06+09:00,added,n2e6dbf5a4530,m8b2a6058aa58
2026-06-16T07:23:55+09:00,added,nf1105bf9c4e3,m54b2ccd56b12
2026-06-16T11:48:04+09:00,added,n37180fe24b18,mfa4dbb02c352
2026-06-16T11:48:04+09:00,added,n37180fe24b18,m1c85d4931804
2026-06-16T11:48:04+09:00,added,n37180fe24b18,m278d9869816c
2026-06-16T11:48:04+09:00,added,n37180fe24b18,m2c2abcaf45bd
2026-06-16T11:48:04+09:00,added,n37180fe24b18,m8b2a6058aa58
2026-06-16T11:48:04+09:00,added,nf1105bf9c4e3,m547e9622e50b
2026-06-16T11:48:04+09:00,added,n3c7722967533,me50627303786
2026-06-16T11:48:04+09:00,added,n3c7722967533,me266a96c8893
2026-06-16T11:48:04+09:00,added,n3c7722967533,m7c6250436755
2026-06-16T11:48:04+09:00,added,nfd22b155449d,m8b2a6058aa58
2026-06-16T18:28:04+09:00,added,nf1105bf9c4e3,m192171037579
2026-06-16T18:28:04+09:00,added,nf1105bf9c4e3,mcb270ee08c0a
2026-06-16T18:28:04+09:00,added,nf1105bf9c4e3,m04367e7cf8fa
2026-06-16T18:28:04+09:00,added,n3c7722967533,m192171037579
2026-06-16T18:28:04+09:00,added,n3c7722967533,m5e0b116a568a
2026-06-16T22:07:57+09:00,added,n37180fe24b18,mf815c8f3b6d2
2026-06-16T22:07:57+09:00,added,n6fbe8b5c599f,m192171037579
2026-06-16T22:07:57+09:00,added,n6fbe8b5c599f,m7ae6f1512188
2026-06-16T22:07:57+09:00,added,n6fbe8b5c599f,mb80e8e661ebe
2026-06-16T22:07:57+09:00,added,n6fbe8b5c599f,m743c88e4a3b2
2026-06-16T22:07:57+09:00,added,nf1105bf9c4e3,m5e4919cf713c
2026-06-16T22:07:57+09:00,added,nf1105bf9c4e3,m7325f611df66
2026-06-16T22:07:57+09:00,added,n1e01b806de34,m78e1caab29a1
2026-06-17T01:28:12+09:00,added,n6fbe8b5c599f,m62e5b43b8c13
2026-06-17T07:17:45+09:00,added,n6fbe8b5c599f,mcf500208b8d9
2026-06-17T11:44:35+09:00,added,n6fbe8b5c599f,m6d3400fb7014
2026-06-17T18:05:05+09:00,added,n6fbe8b5c599f,ma9699950aa28
2026-06-17T21:30:22+09:00,added,n6fbe8b5c599f,m78e1caab29a1
2026-06-17T23:55:09+09:00,added,n99cda2d9a3dc,mf7f9952d6e72
2026-06-17T23:55:09+09:00,added,n99cda2d9a3dc,m7325f611df66
2026-06-17T23:55:09+09:00,added,n99cda2d9a3dc,m163dc37f6ff3
2026-06-17T23:55:09+09:00,added,n99cda2d9a3dc,mcf500208b8d9
2026-06-17T23:55:09+09:00,added,n99cda2d9a3dc,m743c88e4a3b2
2026-06-17T23:55:09+09:00,added,n6fbe8b5c599f,m163dc37f6ff3
2026-06-17T23:55:09+09:00,added,n1e01b806de34,m2e9b901b1ba9
2026-06-17T23:55:09+09:00,added,n1e01b806de34,mfc9d03c23504
2026-06-18T03:31:30+09:00,added,n99cda2d9a3dc,m62e5b43b8c13
2026-06-18T11:43:01+09:00,added,n99cda2d9a3dc,mb607a414c367
2026-06-18T11:43:01+09:00,added,n6fbe8b5c599f,mb607a414c367
2026-06-18T11:43:01+09:00,added,n3c7722967533,mb607a414c367
2026-06-18T11:43:01+09:00,added,n3c7722967533,m44d77759d166
2026-06-18T17:42:31+09:00,added,n37180fe24b18,mcff9b6cb3037
2026-06-18T17:42:31+09:00,added,n37180fe24b18,m6d69812caeed
2026-06-18T17:42:31+09:00,added,n99cda2d9a3dc,m192171037579
2026-06-18T17:42:31+09:00,added,n6fbe8b5c599f,m547e9622e50b
2026-06-18T21:04:09+09:00,added,n99cda2d9a3dc,m5ca58e6bf38b
2026-06-18T21:04:09+09:00,added,n99cda2d9a3dc,md5a025b09ff1
2026-06-18T21:04:09+09:00,added,n6fbe8b5c599f,m5ca58e6bf38b
2026-06-18T21:04:09+09:00,added,nf1105bf9c4e3,m5ca58e6bf38b
2026-06-18T21:04:09+09:00,added,nf1105bf9c4e3,ma9699950aa28
2026-06-18T21:04:09+09:00,added,n2e6dbf5a4530,ma9699950aa28
2026-06-18T23:49:29+09:00,added,n6525c6807e71,m62e5b43b8c13
2026-06-18T23:49:29+09:00,added,n6525c6807e71,m78e1caab29a1
2026-06-18T23:49:29+09:00,added,n6525c6807e71,mfc9d03c23504
2026-06-18T23:49:29+09:00,added,n6525c6807e71,m2e9b901b1ba9
2026-06-18T23:49:29+09:00,added,n99cda2d9a3dc,m2e9b901b1ba9
2026-06-18T23:49:29+09:00,added,n99cda2d9a3dc,mfc9d03c23504
2026-06-19T03:37:57+09:00,added,n6525c6807e71,mcfb504b2261b
2026-06-19T07:12:21+09:00,added,n37180fe24b18,m51c22ff2596c
2026-06-19T07:12:21+09:00,added,n6525c6807e71,m54b2ccd56b12
2026-06-19T07:12:21+09:00,added,n6525c6807e71,md5a025b09ff1
2026-06-19T07:12:21+09:00,added,n6525c6807e71,mcf500208b8d9
2026-06-19T07:12:21+09:00,added,n6525c6807e71,m2e277a02ac1b
2026-06-19T11:58:55+09:00,added,n6525c6807e71,ma9699950aa28
2026-06-19T11:58:55+09:00,added,n6525c6807e71,m5c9c88eb4983
2026-06-19T11:58:55+09:00,added,n6525c6807e71,m38c6d06537bf
2026-06-19T11:58:55+09:00,added,n6525c6807e71,m66feefd13085
2026-06-19T11:58:55+09:00,added,n6525c6807e71,m192171037579
2026-06-19T21:21:02+09:00,added,n6525c6807e71,m7325f611df66
2026-06-19T21:21:02+09:00,added,n6525c6807e71,m743c88e4a3b2
2026-06-19T23:46:26+09:00,added,n37180fe24b18,mf7c9271b4e5e
2026-06-19T23:46:26+09:00,added,n37180fe24b18,mca2c344a0f50
2026-06-19T23:46:26+09:00,added,n37180fe24b18,mf564dbc2e91d
2026-06-19T23:46:26+09:00,added,n6660eef00c42,m38c6d06537bf
2026-06-19T23:46:26+09:00,added,n6660eef00c42,m05948736e17f
2026-06-19T23:46:26+09:00,added,n6660eef00c42,m78e1caab29a1
2026-06-19T23:46:26+09:00,added,n6660eef00c42,m743c88e4a3b2
2026-06-19T23:46:26+09:00,added,n6660eef00c42,m18485b3d7e40
2026-06-19T23:46:26+09:00,added,n6660eef00c42,mfc9d03c23504
2026-06-19T23:46:26+09:00,added,n6660eef00c42,m2e9b901b1ba9
2026-06-19T23:46:26+09:00,added,n6660eef00c42,m51c22ff2596c
2026-06-19T23:46:26+09:00,added,n6660eef00c42,m192171037579
2026-06-19T23:46:26+09:00,added,n6525c6807e71,m51c22ff2596c
2026-06-20T03:11:51+09:00,added,n6660eef00c42,m7ae6f1512188
2026-06-20T03:11:51+09:00,added,n6660eef00c42,mb80e8e661ebe
2026-06-20T03:11:51+09:00,added,n6660eef00c42,m62e5b43b8c13
2026-06-20T06:14:34+09:00,added,n37180fe24b18,mad8d2935fc54
2026-06-20T06:14:34+09:00,added,n6660eef00c42,mad8d2935fc54
2026-06-20T11:20:24+09:00,added,n6660eef00c42,mb607a414c367
2026-06-20T11:20:24+09:00,added,n6660eef00c42,mcfb504b2261b
2026-06-20T11:20:24+09:00,added,n6660eef00c42,m6463046852a4
2026-06-20T11:20:24+09:00,added,n6660eef00c42,mcf500208b8d9
2026-06-20T16:54:46+09:00,added,n6660eef00c42,md1868a762043
2026-06-20T16:54:46+09:00,added,n6525c6807e71,mad8d2935fc54
2026-06-20T16:54:46+09:00,added,n6525c6807e71,m5ca58e6bf38b
2026-06-20T16:54:46+09:00,added,n6fbe8b5c599f,ma3d4166b6e2d
2026-06-20T19:46:36+09:00,added,n6660eef00c42,mba07f6638f58
2026-06-20T22:31:48+09:00,added,n7a8c86ee84ca,m78e1caab29a1
2026-06-20T22:31:48+09:00,added,n6660eef00c42,m54b2ccd56b12
2026-06-21T02:38:58+09:00,added,n7a8c86ee84ca,m7ae6f1512188
2026-06-21T02:38:58+09:00,added,n7a8c86ee84ca,mb80e8e661ebe
2026-06-21T02:38:58+09:00,added,n7a8c86ee84ca,m62e5b43b8c13
2026-06-21T02:38:58+09:00,added,n7a8c86ee84ca,m6d69812caeed
2026-06-21T02:38:58+09:00,added,n6660eef00c42,mf5683f2684a4
2026-06-21T02:38:58+09:00,added,n6660eef00c42,m0675215a66e7
2026-06-21T02:38:58+09:00,added,n6525c6807e71,mfa4dbb02c352
2026-06-21T06:21:26+09:00,added,n7a8c86ee84ca,m54b2ccd56b12
2026-06-21T06:21:26+09:00,added,n7a8c86ee84ca,mfc9d03c23504
2026-06-21T06:21:26+09:00,added,n7a8c86ee84ca,m2e9b901b1ba9
2026-06-21T06:21:26+09:00,added,n99cda2d9a3dc,m51c22ff2596c
2026-06-21T06:21:26+09:00,added,n6fbe8b5c599f,m51c22ff2596c
2026-06-21T11:43:35+09:00,added,n7a8c86ee84ca,mf7f9952d6e72
2026-06-21T11:43:35+09:00,added,n7a8c86ee84ca,mf815c8f3b6d2
2026-06-21T11:43:35+09:00,added,n6660eef00c42,m547e9622e50b
2026-06-21T11:43:35+09:00,added,n6660eef00c42,m26d93ca7080b
2026-06-21T11:43:35+09:00,added,n6660eef00c42,me266a96c8893
2026-06-21T17:33:22+09:00,added,n37180fe24b18,m3e3c3b742313
2026-06-21T17:33:22+09:00,added,n7a8c86ee84ca,mcf500208b8d9
2026-06-21T17:33:22+09:00,added,n7a8c86ee84ca,mad8d2935fc54
2026-06-21T17:33:22+09:00,added,n99cda2d9a3dc,mad8d2935fc54
2026-06-21T22:41:17+09:00,added,n7f69dd99b56d,m62e5b43b8c13
2026-06-21T22:41:17+09:00,added,n7f69dd99b56d,m192171037579
2026-06-21T22:41:17+09:00,added,n7f69dd99b56d,m78e1caab29a1
2026-06-21T22:41:17+09:00,added,n7a8c86ee84ca,m192171037579
2026-06-22T02:52:23+09:00,added,n37180fe24b18,m60fb5d15f701
2026-06-22T02:52:23+09:00,added,n7f69dd99b56d,mcf500208b8d9
2026-06-22T02:52:23+09:00,added,n7f69dd99b56d,mfc9d03c23504
2026-06-22T02:52:23+09:00,added,n7f69dd99b56d,m7ae6f1512188
2026-06-22T02:52:23+09:00,added,n7f69dd99b56d,mb80e8e661ebe
2026-06-22T02:52:23+09:00,added,n7f69dd99b56d,mf815c8f3b6d2
2026-06-22T02:52:23+09:00,added,n7f69dd99b56d,m559fa39e9163
2026-06-22T02:52:23+09:00,added,n7f69dd99b56d,mb6fdd52683d6
2026-06-22T02:52:23+09:00,added,n7f69dd99b56d,m278d9869816c
2026-06-22T02:52:23+09:00,added,n7f69dd99b56d,m1c85d4931804
2026-06-22T02:52:23+09:00,added,n7f69dd99b56d,m1661c964eec9
2026-06-22T02:52:23+09:00,added,n7f69dd99b56d,m95b78222e9b9
2026-06-22T02:52:23+09:00,added,n7f69dd99b56d,mf564dbc2e91d
2026-06-22T02:52:23+09:00,added,n7f69dd99b56d,m38c6d06537bf
2026-06-22T02:52:23+09:00,added,n7a8c86ee84ca,m8e27d6f72c6a
2026-06-22T02:52:23+09:00,added,n6660eef00c42,mfa4dbb02c352
2026-06-22T06:19:31+09:00,added,n7f69dd99b56d,m54b2ccd56b12
2026-06-22T06:19:31+09:00,added,n7f69dd99b56d,mad8d2935fc54
2026-06-22T11:47:45+09:00,added,n7f69dd99b56d,m51c22ff2596c
2026-06-22T11:47:45+09:00,added,n7f69dd99b56d,m743c88e4a3b2
2026-06-22T11:47:45+09:00,added,n7f69dd99b56d,m6d3400fb7014
2026-06-22T11:47:45+09:00,added,n7f69dd99b56d,m01cb6624a2fd
2026-06-22T11:47:45+09:00,added,n7f69dd99b56d,m60fb5d15f701
2026-06-22T11:47:45+09:00,added,n7a8c86ee84ca,m743c88e4a3b2
2026-06-22T11:47:45+09:00,added,n2e6dbf5a4530,m51c22ff2596c
2026-06-22T11:47:45+09:00,added,nd031677ca945,m51c22ff2596c
2026-06-22T11:47:45+09:00,added,nd031677ca945,m8641cac79699
2026-06-22T18:52:21+09:00,added,n7f69dd99b56d,mcfb504b2261b
2026-06-22T18:52:21+09:00,added,n7a8c86ee84ca,m3ec67f102868
2026-06-22T18:52:21+09:00,added,n7a8c86ee84ca,m7de26e2e10de
2026-06-22T18:52:21+09:00,added,n6660eef00c42,mfa805cb12706
2026-06-22T22:49:25+09:00,added,n5c06eed6e8ef,m54b2ccd56b12
2026-06-22T22:49:25+09:00,added,n5c06eed6e8ef,m5bef3fbffd30
2026-06-22T22:49:25+09:00,added,n5c06eed6e8ef,m7ae6f1512188
2026-06-22T22:49:25+09:00,added,n5c06eed6e8ef,mb80e8e661ebe
2026-06-22T22:49:25+09:00,added,n5c06eed6e8ef,m3ec67f102868
2026-06-22T22:49:25+09:00,added,n5c06eed6e8ef,m743c88e4a3b2
2026-06-22T22:49:25+09:00,added,n7f69dd99b56d,m7325f611df66
2026-06-22T22:49:25+09:00,added,n7a8c86ee84ca,mfa805cb12706
2026-06-22T22:49:25+09:00,added,n99cda2d9a3dc,m78e1caab29a1
2026-06-23T01:33:41+09:00,added,n5c06eed6e8ef,m01cb6624a2fd
2026-06-23T01:33:41+09:00,added,n5c06eed6e8ef,mcfb504b2261b
2026-06-23T01:33:41+09:00,added,n5c06eed6e8ef,m5e4919cf713c
2026-06-23T01:33:41+09:00,added,n5c06eed6e8ef,mfc9d03c23504
2026-06-23T01:33:41+09:00,added,n5c06eed6e8ef,m2e9b901b1ba9
2026-06-23T01:33:41+09:00,added,n5c06eed6e8ef,m62e5b43b8c13
2026-06-23T01:33:41+09:00,added,n5c06eed6e8ef,m192171037579
2026-06-23T01:33:41+09:00,added,n5c06eed6e8ef,mcff9b6cb3037
2026-06-23T01:33:41+09:00,added,n5c06eed6e8ef,m6d69812caeed
2026-06-23T01:33:41+09:00,added,n5c06eed6e8ef,ma9699950aa28
2026-06-23T01:33:41+09:00,added,n7f69dd99b56d,m6d67573d7dd7
2026-06-23T01:33:41+09:00,added,n7a8c86ee84ca,m7c6250436755
2026-06-23T07:09:26+09:00,added,n5c06eed6e8ef,mad8d2935fc54
2026-06-23T07:09:26+09:00,added,n5c06eed6e8ef,m1c85d4931804
2026-06-23T07:09:26+09:00,added,n5c06eed6e8ef,m278d9869816c
2026-06-23T07:09:26+09:00,added,n5c06eed6e8ef,mf564dbc2e91d
2026-06-23T11:13:50+09:00,added,n5c06eed6e8ef,m8de28bcde1bf
2026-06-23T16:51:35+09:00,added,n5c06eed6e8ef,mcb270ee08c0a
2026-06-23T16:51:35+09:00,added,n5c06eed6e8ef,m6d3400fb7014
2026-06-23T20:31:52+09:00,added,n8da60030d801,m7325f611df66
2026-06-23T20:31:52+09:00,added,n5c06eed6e8ef,mf7f9952d6e72
2026-06-23T20:31:52+09:00,added,n5c06eed6e8ef,mcf500208b8d9
2026-06-23T20:31:52+09:00,added,n5c06eed6e8ef,m5ca58e6bf38b
2026-06-23T20:31:52+09:00,added,n5c06eed6e8ef,m19b3b433abf2
2026-06-23T23:26:41+09:00,added,n8da60030d801,m62e5b43b8c13
2026-06-23T23:26:41+09:00,added,n8da60030d801,m78e1caab29a1
2026-06-23T23:26:41+09:00,added,n8da60030d801,mcf500208b8d9
2026-06-23T23:26:41+09:00,added,n8da60030d801,m19b3b433abf2
2026-06-23T23:26:41+09:00,added,n8da60030d801,m5ca58e6bf38b
2026-06-24T03:10:30+09:00,added,n8da60030d801,mad8d2935fc54
2026-06-24T03:10:30+09:00,added,n8da60030d801,m192171037579
2026-06-24T03:10:30+09:00,added,n8da60030d801,mfc9d03c23504
2026-06-24T03:10:30+09:00,added,n8da60030d801,m2e9b901b1ba9
2026-06-24T03:10:30+09:00,added,n8da60030d801,m54b2ccd56b12
2026-06-24T03:10:30+09:00,added,n8da60030d801,ma9699950aa28
2026-06-24T06:38:29+09:00,added,n8da60030d801,m51c22ff2596c
2026-06-24T06:38:29+09:00,added,n5c06eed6e8ef,m18485b3d7e40
2026-06-24T11:14:51+09:00,added,n8da60030d801,mc3b092076119
2026-06-24T11:14:51+09:00,added,n8da60030d801,m7ae6f1512188
2026-06-24T11:14:51+09:00,added,n8da60030d801,mb80e8e661ebe
2026-06-24T16:45:17+09:00,added,n8da60030d801,m6d3400fb7014
2026-06-24T16:45:17+09:00,added,nb2ee5070482b,m4eb56c8bcbc2
2026-06-24T20:04:53+09:00,added,n8da60030d801,m0675215a66e7
2026-06-24T20:04:53+09:00,added,n8da60030d801,mba07f6638f58
2026-06-24T20:04:53+09:00,added,n5c06eed6e8ef,m0675215a66e7
2026-06-24T20:04:53+09:00,added,n5c06eed6e8ef,mf9f9b9f31c5a
2026-06-24T20:04:53+09:00,added,n7a8c86ee84ca,m0675215a66e7
2026-06-24T23:11:07+09:00,added,n883747279652,m0675215a66e7
2026-06-24T23:11:07+09:00,added,n883747279652,mb19581064ca7
2026-06-24T23:11:07+09:00,added,n883747279652,mc3b092076119
2026-06-24T23:11:07+09:00,added,n883747279652,m78e1caab29a1
2026-06-24T23:11:07+09:00,added,n8da60030d801,m2ca4e8ea4f14
2026-06-24T23:11:07+09:00,added,n8da60030d801,m5bef3fbffd30
2026-06-24T23:11:07+09:00,added,n5c06eed6e8ef,m965e76ed1a02
2026-06-25T03:07:32+09:00,added,n883747279652,m7ae6f1512188
2026-06-25T03:07:32+09:00,added,n883747279652,mf815c8f3b6d2
2026-06-25T03:07:32+09:00,added,n883747279652,mb80e8e661ebe
2026-06-25T03:07:32+09:00,added,n883747279652,m62e5b43b8c13
2026-06-25T03:07:32+09:00,added,n883747279652,m60fb5d15f701
2026-06-25T03:07:32+09:00,added,n8da60030d801,mcff9b6cb3037
2026-06-25T03:07:32+09:00,added,n8da60030d801,m6d69812caeed
2026-06-25T03:07:32+09:00,added,n7a8c86ee84ca,me50627303786
2026-06-25T03:07:32+09:00,added,nb2c809f90ad4,me50627303786
2026-06-25T06:29:33+09:00,added,n883747279652,m54b2ccd56b12
2026-06-25T06:29:33+09:00,added,n883747279652,m743c88e4a3b2
2026-06-25T06:29:33+09:00,added,n8da60030d801,m60fb5d15f701
2026-06-25T11:16:32+09:00,added,n883747279652,m0988ee24cf93
2026-06-25T11:16:32+09:00,added,n883747279652,m51c22ff2596c
2026-06-25T11:16:32+09:00,added,n8da60030d801,m66feefd13085
2026-06-25T11:16:32+09:00,added,n7f69dd99b56d,m2df62a6b1a97
2026-06-25T11:16:32+09:00,added,n6660eef00c42,m2df62a6b1a97
2026-06-25T11:16:32+09:00,added,n6fbe8b5c599f,m2df62a6b1a97
2026-06-25T11:16:32+09:00,added,nb2c809f90ad4,m2df62a6b1a97
2026-06-25T11:16:32+09:00,added,n572ff39fdea7,m2df62a6b1a97
2026-06-25T11:16:32+09:00,added,n06759fa6d1d3,m2df62a6b1a97
2026-06-25T11:16:32+09:00,added,n14eb89ee7292,m2df62a6b1a97
2026-06-25T11:16:32+09:00,added,nc40156f6432b,m2df62a6b1a97
2026-06-25T11:16:32+09:00,added,nbddce81a354a,m2df62a6b1a97
2026-06-25T11:16:32+09:00,added,na83909144099,m2df62a6b1a97
2026-06-25T11:16:32+09:00,added,ne19a46daa62d,m2df62a6b1a97
2026-06-25T16:46:59+09:00,added,n883747279652,m0921d4d120a8
2026-06-25T16:46:59+09:00,added,n883747279652,m05948736e17f
2026-06-25T16:46:59+09:00,added,n8da60030d801,m2df62a6b1a97
2026-06-25T19:57:09+09:00,added,n883747279652,m19b3b433abf2
2026-06-25T19:57:09+09:00,added,n883747279652,m5ca58e6bf38b
2026-06-25T19:57:09+09:00,added,n883747279652,m7325f611df66
2026-06-25T23:08:24+09:00,added,n20244d4817db,m62e5b43b8c13
2026-06-25T23:08:24+09:00,added,n883747279652,m192171037579
2026-06-25T23:08:24+09:00,added,n883747279652,mcf500208b8d9
2026-06-25T23:08:24+09:00,added,n5c06eed6e8ef,m78e1caab29a1
2026-06-26T03:23:32+09:00,added,n20244d4817db,m7ae6f1512188
2026-06-26T03:23:32+09:00,added,n20244d4817db,m192171037579
2026-06-26T03:23:32+09:00,added,n20244d4817db,mfc9d03c23504
2026-06-26T03:23:32+09:00,added,n20244d4817db,m2e9b901b1ba9
2026-06-26T03:23:32+09:00,added,n20244d4817db,mb80e8e661ebe
2026-06-26T03:23:32+09:00,added,n883747279652,mba07f6638f58
2026-06-26T06:38:11+09:00,added,n20244d4817db,m54b2ccd56b12
2026-06-26T06:38:11+09:00,added,n20244d4817db,mad8d2935fc54
2026-06-26T06:38:11+09:00,added,n20244d4817db,m0c630cc12b41
2026-06-26T06:38:11+09:00,added,n1e01b806de34,m51c22ff2596c
2026-06-26T23:37:57+09:00,added,n0de537d1a997,m54b2ccd56b12
2026-06-26T23:37:57+09:00,added,n0de537d1a997,m26746627a02f
2026-06-26T23:37:57+09:00,added,n0de537d1a997,m7325f611df66
2026-06-26T23:37:57+09:00,added,n0de537d1a997,m62e5b43b8c13
2026-06-26T23:37:57+09:00,added,n0de537d1a997,m6d3400fb7014
2026-06-26T23:37:57+09:00,added,n0de537d1a997,m0675215a66e7
2026-06-26T23:37:57+09:00,added,n0de537d1a997,m78e1caab29a1
2026-06-26T23:37:57+09:00,added,n20244d4817db,mcf500208b8d9
2026-06-26T23:37:57+09:00,added,n20244d4817db,m743c88e4a3b2
2026-06-26T23:37:57+09:00,added,n20244d4817db,mc08cb4916e00
2026-06-26T23:37:57+09:00,added,n20244d4817db,m8e27d6f72c6a
2026-06-26T23:37:57+09:00,added,n20244d4817db,mcdf4ee972bd9
2026-06-26T23:37:57+09:00,added,n20244d4817db,m19b3b433abf2
2026-06-26T23:37:57+09:00,added,n20244d4817db,m5ca58e6bf38b
2026-06-26T23:37:57+09:00,added,n20244d4817db,m0675215a66e7
2026-06-26T23:37:57+09:00,added,n883747279652,m5e0b116a568a
2026-06-26T23:37:57+09:00,added,n883747279652,me69f9f539a6f
2026-06-26T23:37:57+09:00,added,n883747279652,me1a225b06d70
2026-06-26T23:37:57+09:00,added,n883747279652,mfc9d03c23504
2026-06-26T23:37:57+09:00,added,n883747279652,m2e9b901b1ba9
2026-06-26T23:37:57+09:00,added,n883747279652,m163dc37f6ff3
2026-06-26T23:37:57+09:00,added,n8da60030d801,m547e9622e50b
2026-06-26T23:37:57+09:00,added,n7f69dd99b56d,m2e9b901b1ba9
2026-06-27T03:06:23+09:00,added,n0de537d1a997,mf5683f2684a4
2026-06-27T03:06:23+09:00,added,n0de537d1a997,mcff9b6cb3037
2026-06-27T03:06:23+09:00,added,n0de537d1a997,m6d69812caeed
2026-06-27T03:06:23+09:00,added,n0de537d1a997,m192171037579
2026-06-27T03:06:23+09:00,added,n8da60030d801,md060aa7d8db7
2026-06-27T06:30:29+09:00,added,n37180fe24b18,m4967eb72153a
2026-06-27T06:30:29+09:00,added,n0de537d1a997,m51c22ff2596c
2026-06-27T06:30:29+09:00,added,n0de537d1a997,m7ae6f1512188
2026-06-27T06:30:29+09:00,added,n0de537d1a997,mb80e8e661ebe
2026-06-27T13:11:50+09:00,added,n0de537d1a997,mad8d2935fc54
2026-06-27T13:11:50+09:00,added,n0de537d1a997,m743c88e4a3b2
2026-06-27T13:11:50+09:00,added,n0de537d1a997,m60fb5d15f701
2026-06-27T13:11:50+09:00,added,n0de537d1a997,m38c6d06537bf
2026-06-27T13:11:50+09:00,added,n0de537d1a997,ma301f047731b
2026-06-27T13:11:50+09:00,added,n20244d4817db,mcb9bb00d8129
2026-06-27T13:11:50+09:00,added,n883747279652,ma301f047731b
2026-06-27T13:11:50+09:00,added,n8da60030d801,mfa805cb12706
2026-06-27T13:11:50+09:00,added,n8da60030d801,mcb9bb00d8129
2026-06-27T13:11:50+09:00,added,n7f69dd99b56d,mcb9bb00d8129
2026-06-27T13:11:50+09:00,added,n6660eef00c42,mcb9bb00d8129
2026-06-27T13:11:50+09:00,added,n6525c6807e71,mcb9bb00d8129
2026-06-27T13:11:50+09:00,added,n99cda2d9a3dc,mcb9bb00d8129
2026-06-27T13:11:50+09:00,added,n6fbe8b5c599f,mcb9bb00d8129
2026-06-27T13:11:50+09:00,added,na5e2199d25d1,mcb9bb00d8129
2026-06-27T13:11:50+09:00,added,n06759fa6d1d3,mcb9bb00d8129
2026-06-27T13:11:50+09:00,added,n9d60983fa3f4,mcb9bb00d8129
2026-06-27T13:11:50+09:00,added,nc40156f6432b,mcb9bb00d8129
2026-06-27T13:11:50+09:00,added,ne6d59a4f450f,mcb9bb00d8129
2026-06-27T16:34:48+09:00,added,nc40156f6432b,m8f8cb1f85570
2026-06-27T16:34:48+09:00,added,n6471fe125705,me759d1c27fae
2026-06-27T19:06:22+09:00,added,n0de537d1a997,m0921d4d120a8
2026-06-27T19:06:22+09:00,added,n0de537d1a997,m2f2976ed47fe
2026-06-27T22:15:54+09:00,added,n86ccdc64fe36,mc3b092076119
2026-06-27T22:15:54+09:00,added,n86ccdc64fe36,m7325f611df66
2026-06-27T22:15:54+09:00,added,n86ccdc64fe36,m78e1caab29a1
2026-06-27T22:15:54+09:00,added,n0de537d1a997,m521b1f5e6d21
2026-06-28T02:29:32+09:00,added,n86ccdc64fe36,m60fb5d15f701
2026-06-28T02:29:32+09:00,added,n86ccdc64fe36,m62e5b43b8c13
2026-06-28T02:29:32+09:00,added,n86ccdc64fe36,m7ae6f1512188
2026-06-28T02:29:32+09:00,added,n86ccdc64fe36,mb80e8e661ebe
2026-06-28T02:29:32+09:00,added,n86ccdc64fe36,mfc9d03c23504
2026-06-28T02:29:32+09:00,added,n86ccdc64fe36,m2e9b901b1ba9
2026-06-28T02:29:32+09:00,added,n86ccdc64fe36,m192171037579
2026-06-28T02:29:32+09:00,added,n0de537d1a997,m2e9b901b1ba9
2026-06-28T02:29:32+09:00,added,n0de537d1a997,mfc9d03c23504
2026-06-28T06:14:32+09:00,added,n86ccdc64fe36,m6d69812caeed
2026-06-28T06:14:32+09:00,added,n86ccdc64fe36,m54b2ccd56b12
2026-06-28T13:36:09+09:00,added,n86ccdc64fe36,mcf500208b8d9
2026-06-28T13:36:09+09:00,added,n86ccdc64fe36,m8de28bcde1bf
2026-06-28T13:36:09+09:00,added,n0de537d1a997,mba07f6638f58
2026-06-28T13:36:09+09:00,added,n0de537d1a997,m5c9c88eb4983
2026-06-28T13:36:09+09:00,added,n0de537d1a997,mcf500208b8d9
2026-06-28T13:36:09+09:00,added,n1241fc2881c7,m51c22ff2596c
2026-06-28T17:07:17+09:00,added,n86ccdc64fe36,m5e0b116a568a
2026-06-28T17:07:17+09:00,added,n0de537d1a997,m5c87df568874
2026-06-28T22:21:43+09:00,added,n2da5ecdf2004,m54b2ccd56b12
2026-06-28T22:21:43+09:00,added,n2da5ecdf2004,m18485b3d7e40
2026-06-28T22:21:43+09:00,added,n2da5ecdf2004,m78e1caab29a1
2026-06-28T22:21:43+09:00,added,n2da5ecdf2004,m5c87df568874
2026-06-28T22:21:43+09:00,added,n2da5ecdf2004,m192171037579
2026-06-28T22:21:43+09:00,added,n2da5ecdf2004,m16095e384518
2026-06-29T02:30:27+09:00,added,n2da5ecdf2004,m2f8a65ebe344
2026-06-29T02:30:27+09:00,added,n2da5ecdf2004,m7ae6f1512188
2026-06-29T02:30:27+09:00,added,n2da5ecdf2004,mb80e8e661ebe
2026-06-29T02:30:27+09:00,added,n2da5ecdf2004,m62e5b43b8c13
2026-06-29T02:30:27+09:00,added,n2da5ecdf2004,mfc9d03c23504
2026-06-29T02:30:27+09:00,added,n2da5ecdf2004,m2e9b901b1ba9
2026-06-29T13:55:45+09:00,added,n2da5ecdf2004,m8e27d6f72c6a
2026-06-29T13:55:45+09:00,added,n2da5ecdf2004,me50627303786
2026-06-29T13:55:45+09:00,added,n2da5ecdf2004,mcf500208b8d9
2026-06-29T13:55:45+09:00,added,n86ccdc64fe36,m0675215a66e7
2026-06-29T13:55:45+09:00,added,n86ccdc64fe36,mf9f9b9f31c5a
2026-06-29T13:55:45+09:00,added,n86ccdc64fe36,m16095e384518
2026-06-29T18:15:57+09:00,added,n2da5ecdf2004,m6d3400fb7014
2026-06-29T21:33:37+09:00,added,nb87d04c75f02,m743c88e4a3b2
2026-06-29T21:33:37+09:00,added,nb87d04c75f02,m62e5b43b8c13
2026-06-29T21:33:37+09:00,removed,n5c06eed6e8ef,mcfb504b2261b
2026-06-29T21:33:37+09:00,removed,n7f69dd99b56d,mcfb504b2261b
2026-06-29T21:33:37+09:00,removed,n6525c6807e71,mcfb504b2261b
2026-06-29T21:33:37+09:00,removed,n6525c6807e71,md5a025b09ff1
2026-06-29T21:33:37+09:00,removed,n99cda2d9a3dc,md5a025b09ff1
2026-06-29T21:33:37+09:00,removed,n7ffcf137dd37,mcfb504b2261b
2026-06-29T21:33:37+09:00,removed,nb2c809f90ad4,md5a025b09ff1
2026-06-29T21:33:37+09:00,removed,n1241fc2881c7,md5a025b09ff1
2026-06-29T21:33:37+09:00,removed,n19e4efa9007f,mcfb504b2261b
2026-06-29T21:33:37+09:00,removed,na5e2199d25d1,mcfb504b2261b
2026-06-29T21:33:37+09:00,removed,nb94822e900b5,mcfb504b2261b
2026-06-29T21:33:37+09:00,removed,n72ca75ed2264,mcfb504b2261b
2026-06-29T21:33:37+09:00,removed,n06759fa6d1d3,mcfb504b2261b
2026-06-29T21:33:37+09:00,removed,n213c280c308d,mcfb504b2261b
2026-06-29T21:33:37+09:00,removed,nf03b789ad361,mcfb504b2261b
2026-06-29T21:33:37+09:00,removed,n50668cb9ac27,mcfb504b2261b
2026-06-29T21:33:37+09:00,removed,n4ea538f6e346,mcfb504b2261b
2026-06-30T00:37:57+09:00,added,nb87d04c75f02,m2e9b901b1ba9
2026-06-30T00:37:57+09:00,added,nb87d04c75f02,mfc9d03c23504
2026-06-30T00:37:57+09:00,added,nb87d04c75f02,m192171037579
2026-06-30T00:37:57+09:00,added,nb87d04c75f02,m7ae6f1512188
2026-06-30T00:37:57+09:00,added,nb87d04c75f02,mb80e8e661ebe
2026-06-30T00:37:57+09:00,added,nb87d04c75f02,m2f2976ed47fe
2026-06-30T00:37:57+09:00,added,n6fbe8b5c599f,m2e9b901b1ba9
2026-06-30T00:37:57+09:00,added,n6fbe8b5c599f,mfc9d03c23504
2026-06-30T03:23:13+09:00,added,n86ccdc64fe36,me50627303786
2026-06-30T03:23:13+09:00,added,n0de537d1a997,m11f968fbad6d
2026-06-30T06:38:34+09:00,added,nb87d04c75f02,mcf500208b8d9
2026-06-30T13:21:56+09:00,added,nb87d04c75f02,m7325f611df66
2026-06-30T17:11:13+09:00,added,nb87d04c75f02,m16095e384518
2026-06-30T17:11:13+09:00,added,n1e01b806de34,m0a4b0dfbdb55
2026-06-30T19:59:12+09:00,added,nb87d04c75f02,m5c9c88eb4983
2026-06-30T19:59:12+09:00,added,nb87d04c75f02,m5c87df568874
2026-06-30T23:03:14+09:00,added,n231bcb5278cf,m5e0b116a568a
2026-06-30T23:03:14+09:00,added,n231bcb5278cf,md624d5d9b24f
2026-06-30T23:03:14+09:00,added,n59db31cebe85,m743c88e4a3b2
2026-06-30T23:03:14+09:00,added,n59db31cebe85,m54b2ccd56b12
2026-06-30T23:03:14+09:00,added,n59db31cebe85,m78e1caab29a1
2026-06-30T23:03:14+09:00,added,n59db31cebe85,m7ae6f1512188
2026-06-30T23:03:14+09:00,added,n59db31cebe85,mb80e8e661ebe
2026-06-30T23:03:14+09:00,added,n59db31cebe85,m0675215a66e7
2026-06-30T23:03:14+09:00,added,nb87d04c75f02,m0675215a66e7
2026-06-30T23:03:14+09:00,added,n5c06eed6e8ef,md615ce8d3d2e
2026-07-01T03:09:59+09:00,added,n231bcb5278cf,m62e5b43b8c13
2026-07-01T03:09:59+09:00,added,n231bcb5278cf,mcff9b6cb3037
2026-07-01T03:09:59+09:00,added,n231bcb5278cf,m6d69812caeed
2026-07-01T03:09:59+09:00,added,n231bcb5278cf,m1c85d4931804
2026-07-01T03:09:59+09:00,added,n231bcb5278cf,m278d9869816c
2026-07-01T03:09:59+09:00,added,n231bcb5278cf,mf564dbc2e91d
2026-07-01T03:09:59+09:00,added,n231bcb5278cf,m1661c964eec9
2026-07-01T03:09:59+09:00,added,n231bcb5278cf,m8b2a6058aa58
2026-07-01T03:09:59+09:00,added,n231bcb5278cf,m192171037579
2026-07-01T03:09:59+09:00,added,n59db31cebe85,m62e5b43b8c13
2026-07-01T03:09:59+09:00,added,n59db31cebe85,mcf500208b8d9
2026-07-01T06:35:41+09:00,added,n231bcb5278cf,ma9699950aa28
2026-07-01T06:35:41+09:00,added,n231bcb5278cf,m54b2ccd56b12
2026-07-01T06:35:41+09:00,added,n231bcb5278cf,m5c87df568874
2026-07-01T06:35:41+09:00,added,n231bcb5278cf,mad8d2935fc54
2026-07-01T06:35:41+09:00,added,n231bcb5278cf,m7ae6f1512188
2026-07-01T06:35:41+09:00,added,n59db31cebe85,mad8d2935fc54
2026-07-01T06:35:41+09:00,added,nb87d04c75f02,mf7f9952d6e72
2026-07-01T13:33:13+09:00,added,n231bcb5278cf,m8de28bcde1bf
2026-07-01T13:33:13+09:00,added,n231bcb5278cf,mcf500208b8d9
2026-07-01T13:33:13+09:00,added,n231bcb5278cf,m5ca58e6bf38b
2026-07-01T13:33:13+09:00,added,n231bcb5278cf,m16095e384518
2026-07-01T13:33:13+09:00,added,n59db31cebe85,m8e27d6f72c6a
2026-07-01T13:33:13+09:00,added,n59db31cebe85,m192171037579
2026-07-01T13:33:13+09:00,removed,na5e2199d25d1,m3cc7fd715d5c
2026-07-01T13:33:13+09:00,removed,n06759fa6d1d3,m3cc7fd715d5c
2026-07-01T17:27:13+09:00,added,n231bcb5278cf,m743c88e4a3b2
2026-07-01T20:08:29+09:00,added,n231bcb5278cf,mb607a414c367
2026-07-01T20:08:29+09:00,added,n231bcb5278cf,m60fb5d15f701
2026-07-01T20:08:29+09:00,added,n231bcb5278cf,m965e76ed1a02
2026-07-01T20:08:29+09:00,added,nb87d04c75f02,mad8d2935fc54
2026-07-01T20:08:29+09:00,added,n6471fe125705,mfc9d03c23504
2026-07-01T20:08:29+09:00,added,n6471fe125705,m2e9b901b1ba9
2026-07-01T23:10:48+09:00,added,n8897f780eb77,ma9699950aa28
2026-07-01T23:10:48+09:00,added,n8897f780eb77,mcf500208b8d9
2026-07-01T23:10:48+09:00,added,n8897f780eb77,me759d1c27fae
2026-07-01T23:10:48+09:00,added,n231bcb5278cf,m78e1caab29a1
2026-07-01T23:10:48+09:00,added,n231bcb5278cf,mfa805cb12706
2026-07-02T03:10:45+09:00,added,n8897f780eb77,m38c6d06537bf
2026-07-02T03:10:45+09:00,added,n8897f780eb77,m038e1ac8e7ad
2026-07-02T03:10:45+09:00,added,n8897f780eb77,m62e5b43b8c13
2026-07-02T03:10:45+09:00,added,n8897f780eb77,m7ae6f1512188
2026-07-02T03:10:45+09:00,added,n8897f780eb77,mb80e8e661ebe
2026-07-02T03:10:45+09:00,added,n8897f780eb77,m51c22ff2596c
2026-07-02T03:10:45+09:00,added,n8897f780eb77,m54b2ccd56b12
2026-07-02T13:12:01+09:00,added,n8897f780eb77,m6d3400fb7014
2026-07-02T13:12:01+09:00,added,n8897f780eb77,m5ca58e6bf38b
2026-07-02T13:12:01+09:00,added,n8897f780eb77,m192171037579
2026-07-02T13:12:01+09:00,added,n8897f780eb77,m16095e384518
2026-07-02T13:12:01+09:00,added,n8897f780eb77,m5c9c88eb4983
2026-07-02T13:12:01+09:00,added,n8da1396072c5,me759d1c27fae
2026-07-02T13:12:01+09:00,added,n99c66299e51f,m4eb56c8bcbc2
2026-07-02T16:46:24+09:00,added,n8897f780eb77,m8f8cb1f85570
2026-07-02T19:34:33+09:00,added,n8897f780eb77,m2df62a6b1a97
2026-07-02T19:34:33+09:00,added,n231bcb5278cf,mba07f6638f58
2026-07-02T22:33:16+09:00,added,nf76f342c75d0,m62e5b43b8c13
2026-07-02T22:33:16+09:00,added,nf76f342c75d0,m562cce1aea32
2026-07-02T22:33:16+09:00,added,nf76f342c75d0,mcf500208b8d9
2026-07-02T22:33:16+09:00,added,n8897f780eb77,mfc9d03c23504
2026-07-02T22:33:16+09:00,added,n8897f780eb77,m2e9b901b1ba9
2026-07-02T22:33:16+09:00,added,n8897f780eb77,m78e1caab29a1
2026-07-02T22:33:16+09:00,added,n8897f780eb77,m6463046852a4
2026-07-03T03:03:05+09:00,added,nf76f342c75d0,m7ae6f1512188
2026-07-03T03:03:05+09:00,added,nf76f342c75d0,mb80e8e661ebe
2026-07-03T03:03:05+09:00,added,nf76f342c75d0,m743c88e4a3b2
2026-07-03T03:03:05+09:00,added,nf76f342c75d0,m38c6d06537bf
2026-07-03T03:03:05+09:00,added,nf76f342c75d0,m038e1ac8e7ad
2026-07-03T03:03:05+09:00,added,nf76f342c75d0,m51c22ff2596c
2026-07-03T03:03:05+09:00,added,n8897f780eb77,ma5bd9f7c40cf
2026-07-03T03:03:05+09:00,added,n8897f780eb77,m743c88e4a3b2
2026-07-03T06:12:58+09:00,added,nf76f342c75d0,m54b2ccd56b12
2026-07-03T12:58:46+09:00,added,nf76f342c75d0,ma9699950aa28
2026-07-03T12:58:46+09:00,added,nf76f342c75d0,m6d3400fb7014
2026-07-03T12:58:46+09:00,added,nf76f342c75d0,m7325f611df66
2026-07-03T16:39:19+09:00,added,nf76f342c75d0,m6d69812caeed
2026-07-03T16:39:19+09:00,added,nf76f342c75d0,mcff9b6cb3037
2026-07-03T16:39:19+09:00,added,nf76f342c75d0,m192171037579
2026-07-03T19:32:12+09:00,added,nf76f342c75d0,m4c7f1907bb74
2026-07-03T19:32:12+09:00,added,nf76f342c75d0,m5e0b116a568a
2026-07-03T22:37:50+09:00,added,n21f79bef138e,m62e5b43b8c13
2026-07-03T22:37:50+09:00,added,n21f79bef138e,mf7f9952d6e72
2026-07-03T22:37:50+09:00,added,n21f79bef138e,m25d690ee0d1a
2026-07-03T22:37:50+09:00,added,n21f79bef138e,m7753941134da
2026-07-03T22:37:50+09:00,added,nf76f342c75d0,m4eb56c8bcbc2
2026-07-03T22:37:50+09:00,added,nf76f342c75d0,m78e1caab29a1
2026-07-03T22:37:50+09:00,added,nf76f342c75d0,mba07f6638f58
2026-07-04T02:46:40+09:00,added,n21f79bef138e,mcf500208b8d9
2026-07-04T02:46:40+09:00,added,n21f79bef138e,m562cce1aea32
2026-07-04T02:46:40+09:00,added,n21f79bef138e,m559fa39e9163
2026-07-04T02:46:40+09:00,added,n21f79bef138e,m1c85d4931804
2026-07-04T02:46:40+09:00,added,n21f79bef138e,m278d9869816c
2026-07-04T02:46:40+09:00,added,n21f79bef138e,mb6fdd52683d6
2026-07-04T02:46:40+09:00,added,n21f79bef138e,m2c2abcaf45bd
2026-07-04T02:46:40+09:00,added,n21f79bef138e,mf7c9271b4e5e
2026-07-04T02:46:40+09:00,added,n21f79bef138e,mca2c344a0f50
2026-07-04T02:46:40+09:00,added,n21f79bef138e,mf564dbc2e91d
2026-07-04T02:46:40+09:00,added,n21f79bef138e,m16580951510b
2026-07-04T02:46:40+09:00,added,n21f79bef138e,m74b154cd7893
2026-07-04T02:46:40+09:00,added,n21f79bef138e,m8b2a6058aa58
2026-07-04T02:46:40+09:00,added,n21f79bef138e,m95b78222e9b9
2026-07-04T02:46:40+09:00,added,n21f79bef138e,m1661c964eec9
2026-07-04T02:46:40+09:00,added,n21f79bef138e,m192171037579
2026-07-04T02:46:40+09:00,added,nf76f342c75d0,mad8d2935fc54
2026-07-04T02:46:40+09:00,added,n8897f780eb77,mad8d2935fc54
2026-07-04T06:13:31+09:00,added,n21f79bef138e,m54b2ccd56b12
2026-07-04T12:50:46+09:00,added,n37180fe24b18,m9fa336911ab4
2026-07-04T12:50:46+09:00,added,n21f79bef138e,m7ae6f1512188
2026-07-04T12:50:46+09:00,added,n21f79bef138e,mb80e8e661ebe
2026-07-04T12:50:46+09:00,added,n21f79bef138e,m038e1ac8e7ad
2026-07-04T12:50:46+09:00,added,n21f79bef138e,m38c6d06537bf
2026-07-04T12:50:46+09:00,added,n21f79bef138e,mad8d2935fc54
2026-07-04T12:50:46+09:00,added,n21f79bef138e,m4c7f1907bb74
2026-07-04T12:50:46+09:00,added,n21f79bef138e,mcdf4ee972bd9
2026-07-04T12:50:46+09:00,added,n21f79bef138e,m6d85b40d25ec
2026-07-04T12:50:46+09:00,added,n21f79bef138e,m6d3400fb7014
2026-07-04T16:02:19+09:00,added,n21f79bef138e,m0a4b0dfbdb55
2026-07-04T16:02:19+09:00,added,n21f79bef138e,m0675215a66e7
2026-07-04T16:02:19+09:00,added,nf76f342c75d0,m0675215a66e7
2026-07-04T22:02:47+09:00,added,n0d28286978aa,m0675215a66e7
2026-07-04T22:02:47+09:00,added,n0d28286978aa,m78e1caab29a1
2026-07-04T22:02:47+09:00,added,nf76f342c75d0,mc08cb4916e00
2026-07-05T02:20:33+09:00,added,n0d28286978aa,m2e9b901b1ba9
2026-07-05T02:20:33+09:00,added,n0d28286978aa,mfc9d03c23504
2026-07-05T02:20:33+09:00,added,n0d28286978aa,m62e5b43b8c13
2026-07-05T02:20:33+09:00,added,n0d28286978aa,mad8d2935fc54
2026-07-05T02:20:33+09:00,added,n21f79bef138e,mfc9d03c23504
2026-07-05T02:20:33+09:00,added,n21f79bef138e,m2e9b901b1ba9
2026-07-05T02:20:33+09:00,added,nf76f342c75d0,mfc9d03c23504
2026-07-05T02:20:33+09:00,added,nf76f342c75d0,m2e9b901b1ba9
2026-07-05T02:20:33+09:00,added,n231bcb5278cf,mf248a9444336
2026-07-05T02:20:33+09:00,added,n231bcb5278cf,m2f2976ed47fe
2026-07-05T13:10:09+09:00,added,n0d28286978aa,m743c88e4a3b2
2026-07-05T13:10:09+09:00,added,n0d28286978aa,m7ae6f1512188
2026-07-05T13:10:09+09:00,added,n0d28286978aa,m2ca4e8ea4f14
2026-07-05T13:10:09+09:00,added,n0d28286978aa,mb80e8e661ebe
2026-07-05T13:10:09+09:00,added,n0d28286978aa,md1868a762043
2026-07-05T13:10:09+09:00,added,n0d28286978aa,ma9699950aa28
2026-07-05T13:10:09+09:00,added,n21f79bef138e,m743c88e4a3b2
2026-07-05T13:10:09+09:00,added,n21f79bef138e,mdf249d5f08ec
2026-07-05T16:42:52+09:00,added,n0d28286978aa,m9fa336911ab4
2026-07-05T16:42:52+09:00,added,n21f79bef138e,m4967eb72153a
2026-07-05T19:10:46+09:00,added,n0d28286978aa,mc3b092076119
2026-07-05T19:10:46+09:00,added,n0d28286978aa,m5bef3fbffd30
2026-07-05T19:10:46+09:00,added,n0d28286978aa,mf09452680281
2026-07-05T19:10:46+09:00,added,n0d28286978aa,mcf500208b8d9
2026-07-05T22:11:16+09:00,added,na9be34788a11,m54b2ccd56b12
2026-07-05T22:11:16+09:00,added,na9be34788a11,m192171037579
2026-07-05T22:11:16+09:00,added,na9be34788a11,m0a4b0dfbdb55
2026-07-05T22:11:16+09:00,added,na9be34788a11,mad8d2935fc54
2026-07-05T22:11:16+09:00,added,n0d28286978aa,me759d1c27fae
2026-07-05T22:11:16+09:00,added,n0d28286978aa,mf2d7c09eeca9
2026-07-05T22:11:16+09:00,added,n0d28286978aa,m192171037579
2026-07-05T22:11:16+09:00,added,n21f79bef138e,m78e1caab29a1
2026-07-06T02:25:15+09:00,added,na9be34788a11,mcff9b6cb3037
2026-07-06T02:25:15+09:00,added,na9be34788a11,m6d69812caeed
2026-07-06T02:25:15+09:00,added,na9be34788a11,m038e1ac8e7ad
2026-07-06T02:25:15+09:00,added,na9be34788a11,m38c6d06537bf
2026-07-06T02:25:15+09:00,added,na9be34788a11,m62e5b43b8c13
2026-07-06T02:25:15+09:00,added,na9be34788a11,m743c88e4a3b2
2026-07-06T02:25:15+09:00,added,n0d28286978aa,mc6dad877a6d7
2026-07-06T06:06:35+09:00,added,na9be34788a11,m4eb56c8bcbc2
2026-07-06T06:06:35+09:00,added,na9be34788a11,m51c22ff2596c
2026-07-06T06:06:35+09:00,added,na9be34788a11,m5bef3fbffd30
2026-07-06T06:06:35+09:00,added,na9be34788a11,m7ae6f1512188
2026-07-06T06:06:35+09:00,added,na9be34788a11,mb80e8e661ebe
2026-07-06T13:15:20+09:00,added,na9be34788a11,m0675215a66e7
2026-07-06T13:15:20+09:00,added,na9be34788a11,m6d85b40d25ec
2026-07-06T13:15:20+09:00,added,na9be34788a11,m6d3400fb7014
2026-07-06T13:15:20+09:00,added,na9be34788a11,mcf500208b8d9
2026-07-06T13:15:20+09:00,added,na9be34788a11,m19b3b433abf2
2026-07-06T13:15:20+09:00,added,na9be34788a11,m5ca58e6bf38b
2026-07-06T17:45:28+09:00,added,n8897f780eb77,m66feefd13085
2026-07-06T21:01:10+09:00,added,na9be34788a11,ma9699950aa28
2026-07-06T21:01:10+09:00,added,na9be34788a11,m78e1caab29a1
2026-07-07T00:00:51+09:00,added,n2ea3f4dcb730,mca2c344a0f50
2026-07-07T00:00:51+09:00,added,n2ea3f4dcb730,m8b2a6058aa58
2026-07-07T00:00:51+09:00,added,n2ea3f4dcb730,m16580951510b
2026-07-07T00:00:51+09:00,added,n2ea3f4dcb730,mb6fdd52683d6
2026-07-07T00:00:51+09:00,added,n2ea3f4dcb730,m74b154cd7893
2026-07-07T00:00:51+09:00,added,n2ea3f4dcb730,m2c2abcaf45bd
2026-07-07T00:00:51+09:00,added,n2ea3f4dcb730,mf7c9271b4e5e
2026-07-07T00:00:51+09:00,added,n2ea3f4dcb730,m559fa39e9163
2026-07-07T00:00:51+09:00,added,n2ea3f4dcb730,m1c85d4931804
2026-07-07T00:00:51+09:00,added,n2ea3f4dcb730,m278d9869816c
2026-07-07T00:00:51+09:00,added,n2ea3f4dcb730,mf564dbc2e91d
2026-07-07T00:00:51+09:00,added,n2ea3f4dcb730,m1661c964eec9
2026-07-07T00:00:51+09:00,added,n2ea3f4dcb730,m743c88e4a3b2
2026-07-07T00:00:51+09:00,added,n2ea3f4dcb730,m54b2ccd56b12
2026-07-07T00:00:51+09:00,added,n2ea3f4dcb730,mc6dad877a6d7
2026-07-07T00:00:51+09:00,added,n2ea3f4dcb730,mcf500208b8d9
2026-07-07T00:00:51+09:00,added,n2ea3f4dcb730,m62e5b43b8c13
2026-07-07T00:00:51+09:00,added,n2ea3f4dcb730,mcff9b6cb3037
2026-07-07T00:00:51+09:00,added,n2ea3f4dcb730,m6d69812caeed
2026-07-07T00:00:51+09:00,added,n2ea3f4dcb730,m192171037579
2026-07-07T00:00:51+09:00,added,n2ea3f4dcb730,ma9699950aa28
2026-07-07T00:00:51+09:00,added,n2ea3f4dcb730,mad8d2935fc54
2026-07-07T00:00:51+09:00,added,n21f79bef138e,mf815c8f3b6d2
2026-07-07T03:22:50+09:00,added,n2ea3f4dcb730,m5c9c88eb4983
2026-07-07T13:07:06+09:00,added,n2ea3f4dcb730,m7325f611df66
2026-07-07T13:07:06+09:00,added,n2ea3f4dcb730,m19b3b433abf2
2026-07-07T13:07:06+09:00,added,n2ea3f4dcb730,m5ca58e6bf38b
2026-07-07T13:07:06+09:00,added,n2ea3f4dcb730,mcdf4ee972bd9
2026-07-07T13:07:06+09:00,added,n2ea3f4dcb730,mcb270ee08c0a
2026-07-07T13:07:06+09:00,added,n2ea3f4dcb730,m6d3400fb7014
2026-07-07T13:07:06+09:00,added,n2ea3f4dcb730,mfc9d03c23504
2026-07-07T13:07:06+09:00,added,n2ea3f4dcb730,m2e9b901b1ba9
2026-07-07T13:07:06+09:00,added,na9be34788a11,mba07f6638f58
2026-07-07T13:07:06+09:00,added,na9be34788a11,mfc9d03c23504
2026-07-07T16:56:57+09:00,added,n2ea3f4dcb730,mb02476cbe007
2026-07-07T16:56:57+09:00,added,na9be34788a11,mb02476cbe007
2026-07-07T19:51:51+09:00,added,na9be34788a11,m2e9b901b1ba9
2026-07-07T19:51:51+09:00,added,n21f79bef138e,m26b7851f96e9
2026-07-07T23:10:14+09:00,added,n2f60a2176183,m78e1caab29a1
2026-07-07T23:10:14+09:00,added,n2f60a2176183,m0a4b0dfbdb55
2026-07-07T23:10:14+09:00,added,n2f60a2176183,m0675215a66e7
2026-07-08T03:12:36+09:00,added,n2f60a2176183,m7ae6f1512188
2026-07-08T03:12:36+09:00,added,n2f60a2176183,mfc9d03c23504
2026-07-08T03:12:36+09:00,added,n2f60a2176183,m2e9b901b1ba9
2026-07-08T03:12:36+09:00,added,n2f60a2176183,m62e5b43b8c13
2026-07-08T03:12:36+09:00,added,n2f60a2176183,mb80e8e661ebe
2026-07-08T03:12:36+09:00,added,n2f60a2176183,m5c9c88eb4983
2026-07-08T03:12:36+09:00,added,n2f60a2176183,m192171037579
2026-07-08T06:31:56+09:00,added,n37180fe24b18,m334fb05a2022
2026-07-08T06:31:56+09:00,added,n2f60a2176183,m54b2ccd56b12
2026-07-08T12:33:18+09:00,added,n2f60a2176183,m9fa336911ab4
2026-07-08T12:33:18+09:00,added,n2ea3f4dcb730,m965e76ed1a02
2026-07-08T15:43:04+09:00,added,n2f60a2176183,m7de26e2e10de
2026-07-08T19:12:26+09:00,added,n2f60a2176183,m7325f611df66
2026-07-08T19:12:26+09:00,added,n2f60a2176183,m5e0b116a568a
2026-07-08T22:32:42+09:00,added,n640f69e99148,m743c88e4a3b2
2026-07-08T22:32:42+09:00,added,n2f60a2176183,m6d3400fb7014
2026-07-08T22:32:42+09:00,added,n2f60a2176183,mcf500208b8d9
2026-07-08T22:32:42+09:00,added,n2f60a2176183,mf7f9952d6e72
2026-07-08T22:32:42+09:00,added,n2ea3f4dcb730,m78e1caab29a1
2026-07-09T06:14:59+09:00,added,n640f69e99148,ma9699950aa28
2026-07-09T06:14:59+09:00,added,n640f69e99148,m62e5b43b8c13
2026-07-09T06:14:59+09:00,added,n640f69e99148,mcf500208b8d9
2026-07-09T06:14:59+09:00,added,n640f69e99148,m7ae6f1512188
2026-07-09T06:14:59+09:00,added,n640f69e99148,mb80e8e661ebe
2026-07-09T06:14:59+09:00,added,n640f69e99148,m192171037579
2026-07-09T06:14:59+09:00,added,n640f69e99148,mad8d2935fc54
2026-07-09T06:14:59+09:00,added,n640f69e99148,m54b2ccd56b12
2026-07-09T06:14:59+09:00,added,n2f60a2176183,me50627303786
2026-07-09T13:00:40+09:00,added,n640f69e99148,mba07f6638f58
2026-07-09T13:00:40+09:00,added,n640f69e99148,m0675215a66e7
2026-07-09T16:54:47+09:00,added,n640f69e99148,me50627303786
2026-07-09T23:33:51+09:00,added,ncaced040519c,m7ae6f1512188
2026-07-09T23:33:51+09:00,added,ncaced040519c,m743c88e4a3b2
2026-07-09T23:33:51+09:00,added,ncaced040519c,mb80e8e661ebe
2026-07-09T23:33:51+09:00,added,ncaced040519c,m0675215a66e7
2026-07-09T23:33:51+09:00,added,ncaced040519c,ma9699950aa28
2026-07-09T23:33:51+09:00,added,ncaced040519c,m192171037579
2026-07-09T23:33:51+09:00,added,ncaced040519c,m51c22ff2596c
2026-07-09T23:33:51+09:00,added,ncaced040519c,mfc9d03c23504
2026-07-09T23:33:51+09:00,added,ncaced040519c,m2e9b901b1ba9
2026-07-09T23:33:51+09:00,added,n640f69e99148,m78e1caab29a1
2026-07-09T23:33:51+09:00,added,n640f69e99148,m5ca58e6bf38b
2026-07-09T23:33:51+09:00,added,n640f69e99148,m19b3b433abf2
2026-07-09T23:33:51+09:00,added,n2f60a2176183,m19b3b433abf2
2026-07-09T23:33:51+09:00,added,n2f60a2176183,m5ca58e6bf38b
2026-07-10T03:08:51+09:00,added,ncaced040519c,m62e5b43b8c13
2026-07-10T13:02:36+09:00,added,ncaced040519c,m0487cabc2df9
2026-07-10T13:02:36+09:00,added,ncaced040519c,mba07f6638f58
2026-07-10T13:02:36+09:00,added,ncaced040519c,m7325f611df66
2026-07-10T13:02:36+09:00,added,ncaced040519c,mcf500208b8d9
2026-07-10T19:50:37+09:00,added,ncaced040519c,m8f8cb1f85570
2026-07-10T19:50:37+09:00,added,ncaced040519c,m5ca58e6bf38b
2026-07-10T19:50:37+09:00,added,ncaced040519c,m19b3b433abf2
2026-07-10T19:50:37+09:00,added,ncaced040519c,mb607a414c367
2026-07-10T19:50:37+09:00,added,n640f69e99148,mb607a414c367
2026-07-10T19:50:37+09:00,added,n2f60a2176183,mb607a414c367
2026-07-10T19:50:37+09:00,added,n2ea3f4dcb730,mb607a414c367
2026-07-10T23:00:29+09:00,added,n97edc6bdc89b,m49e684e1d830
2026-07-10T23:00:29+09:00,added,n97edc6bdc89b,m038e1ac8e7ad
2026-07-10T23:00:29+09:00,added,n97edc6bdc89b,me759d1c27fae
2026-07-10T23:00:29+09:00,added,n97edc6bdc89b,m192171037579
2026-07-10T23:00:29+09:00,added,n97edc6bdc89b,mad8d2935fc54
2026-07-10T23:00:29+09:00,added,n97edc6bdc89b,mcff9b6cb3037
2026-07-10T23:00:29+09:00,added,n97edc6bdc89b,m6d69812caeed
2026-07-10T23:00:29+09:00,added,ncaced040519c,m78e1caab29a1
2026-07-10T23:00:29+09:00,added,ncaced040519c,m38c6d06537bf
2026-07-10T23:00:29+09:00,added,ncaced040519c,m038e1ac8e7ad
2026-07-10T23:00:29+09:00,added,n640f69e99148,m038e1ac8e7ad
2026-07-10T23:00:29+09:00,added,n640f69e99148,m38c6d06537bf
2026-07-11T02:59:28+09:00,added,n97edc6bdc89b,m2df62a6b1a97
2026-07-11T02:59:28+09:00,added,n97edc6bdc89b,m743c88e4a3b2
2026-07-11T02:59:28+09:00,added,n97edc6bdc89b,m46cc7ce600fa
2026-07-11T02:59:28+09:00,added,n97edc6bdc89b,m62e5b43b8c13
2026-07-11T02:59:28+09:00,added,n97edc6bdc89b,m7ae6f1512188
2026-07-11T02:59:28+09:00,added,n97edc6bdc89b,mb80e8e661ebe
2026-07-11T02:59:28+09:00,added,ncaced040519c,mc08cb4916e00
2026-07-11T12:27:49+09:00,added,n97edc6bdc89b,m54b2ccd56b12
2026-07-11T12:27:49+09:00,added,n97edc6bdc89b,mcf500208b8d9
2026-07-11T12:27:49+09:00,added,n97edc6bdc89b,m3ce42393f8fa
2026-07-11T12:27:49+09:00,added,n97edc6bdc89b,m0921d4d120a8
2026-07-11T12:27:49+09:00,added,ncaced040519c,ma87ef08b9f10
2026-07-11T12:27:49+09:00,added,ncaced040519c,m768b3f4cf6e4
2026-07-11T12:27:49+09:00,added,ncaced040519c,md1d64f3e53b1
2026-07-11T15:29:43+09:00,added,ne36d519dba41,mc8c4a0b255ad
2026-07-11T15:29:43+09:00,added,n97edc6bdc89b,mba07f6638f58
2026-07-11T15:29:43+09:00,added,n97edc6bdc89b,m655c127254e6
2026-07-11T18:22:02+09:00,added,ne36d519dba41,mcf500208b8d9
2026-07-11T18:22:02+09:00,added,ne36d519dba41,m0675215a66e7
2026-07-11T18:22:02+09:00,added,ne36d519dba41,md1d64f3e53b1
2026-07-11T18:22:02+09:00,added,ne36d519dba41,m5c9c88eb4983
2026-07-11T18:22:02+09:00,added,ne36d519dba41,m54b2ccd56b12
2026-07-11T18:22:02+09:00,added,ne36d519dba41,m62e5b43b8c13
2026-07-11T18:22:02+09:00,added,ne36d519dba41,ma9699950aa28
2026-07-11T18:22:02+09:00,added,ne36d519dba41,m16384598a49a
2026-07-11T18:22:02+09:00,added,ne36d519dba41,m26d93ca7080b
2026-07-11T21:56:28+09:00,added,ne36d519dba41,mb607a414c367
2026-07-11T21:56:28+09:00,added,ne36d519dba41,m78e1caab29a1
2026-07-11T21:56:28+09:00,added,n97edc6bdc89b,m1bd9f36ee13c
2026-07-11T21:56:28+09:00,added,n97edc6bdc89b,m824b5344ce5f
2026-07-12T02:11:16+09:00,added,ne36d519dba41,m6d69812caeed
2026-07-12T02:11:16+09:00,added,ne36d519dba41,mcff9b6cb3037
2026-07-12T02:11:16+09:00,added,n231bcb5278cf,mdc7fa7954c67
2026-07-12T02:11:16+09:00,added,n59db31cebe85,me50627303786
2026-07-12T05:53:01+09:00,added,ne36d519dba41,mfc9d03c23504
2026-07-12T05:53:01+09:00,added,ne36d519dba41,m2e9b901b1ba9
2026-07-12T05:53:01+09:00,added,ne36d519dba41,m7ae6f1512188
2026-07-12T05:53:01+09:00,added,ne36d519dba41,mb80e8e661ebe
2026-07-12T12:40:24+09:00,added,ne36d519dba41,m19b3b433abf2
2026-07-12T12:40:24+09:00,added,ne36d519dba41,m5ca58e6bf38b
2026-07-12T12:40:24+09:00,added,ne36d519dba41,m38c6d06537bf
2026-07-12T12:40:24+09:00,added,ne36d519dba41,m038e1ac8e7ad
2026-07-12T15:51:25+09:00,added,ne36d519dba41,m6d08ad53e2e3
2026-07-12T15:51:25+09:00,added,ne36d519dba41,me6fc661a3fe7
2026-07-12T15:51:25+09:00,added,n97edc6bdc89b,mfc9d03c23504
2026-07-12T15:51:25+09:00,added,n97edc6bdc89b,m2e9b901b1ba9
2026-07-12T15:51:25+09:00,added,ncaced040519c,m547e9622e50b
2026-07-12T15:51:25+09:00,added,n640f69e99148,m547e9622e50b
2026-07-12T15:51:25+09:00,added,n0e1c5fa5bd57,me759d1c27fae
2026-07-12T18:50:01+09:00,added,n37180fe24b18,mc15b3df246de
2026-07-12T18:50:01+09:00,added,ne36d519dba41,mfc8edd12fdc2
2026-07-12T18:50:01+09:00,added,ne36d519dba41,m8f8cb1f85570
2026-07-12T18:50:01+09:00,added,n97edc6bdc89b,m8f8cb1f85570
2026-07-12T21:58:24+09:00,added,nb5a99eccbd28,m78e1caab29a1
2026-07-12T21:58:24+09:00,added,nb5a99eccbd28,m7ae6f1512188
2026-07-12T21:58:24+09:00,added,nb5a99eccbd28,mad8d2935fc54
2026-07-12T21:58:24+09:00,added,nb5a99eccbd28,mb80e8e661ebe
2026-07-12T21:58:24+09:00,added,nb5a99eccbd28,m1bd9f36ee13c
2026-07-13T02:13:43+09:00,added,nb5a99eccbd28,m51c22ff2596c
2026-07-13T02:13:43+09:00,added,nb5a99eccbd28,m62e5b43b8c13
2026-07-13T02:13:43+09:00,added,nb5a99eccbd28,m18ea5a4c8027
2026-07-13T02:13:43+09:00,added,nb5a99eccbd28,mfc9d03c23504
2026-07-13T02:13:43+09:00,added,nb5a99eccbd28,m192171037579
2026-07-13T02:13:43+09:00,added,ne36d519dba41,m51c22ff2596c
2026-07-13T12:43:02+09:00,added,nb5a99eccbd28,mc6dad877a6d7
2026-07-13T12:43:02+09:00,added,nb5a99eccbd28,mf2d7c09eeca9
2026-07-13T12:43:02+09:00,added,nb5a99eccbd28,m54c3e22e02f7
2026-07-13T12:43:02+09:00,added,nb5a99eccbd28,mcf500208b8d9
2026-07-13T12:43:02+09:00,added,nb5a99eccbd28,mfc8edd12fdc2
2026-07-13T16:38:16+09:00,added,nb5a99eccbd28,mc3b092076119
2026-07-13T16:38:16+09:00,added,nb5a99eccbd28,mb607a414c367
2026-07-13T16:38:16+09:00,added,nb5a99eccbd28,ma9699950aa28
2026-07-13T16:38:16+09:00,added,ncaced040519c,m025e0da52a87
2026-07-13T19:56:09+09:00,added,n86e207daeadb,m54b2ccd56b12
2026-07-13T19:56:09+09:00,added,nb5a99eccbd28,m16095e384518
2026-07-13T23:06:24+09:00,added,n86e207daeadb,mbeaf44a7a3b5
2026-07-13T23:06:24+09:00,added,n86e207daeadb,md1868a762043
2026-07-13T23:06:24+09:00,added,n86e207daeadb,m49e684e1d830
2026-07-13T23:06:24+09:00,added,n86e207daeadb,mcf500208b8d9
2026-07-13T23:06:24+09:00,added,n86e207daeadb,m78e1caab29a1
2026-07-13T23:06:24+09:00,added,n86e207daeadb,m5fa91e4af0ed
2026-07-13T23:06:24+09:00,added,n86e207daeadb,m7ae6f1512188
2026-07-13T23:06:24+09:00,added,n86e207daeadb,mb80e8e661ebe
2026-07-13T23:06:24+09:00,added,n86e207daeadb,mad8d2935fc54
2026-07-13T23:06:24+09:00,added,n86e207daeadb,m1bd9f36ee13c
2026-07-14T03:07:23+09:00,added,n86e207daeadb,m038e1ac8e7ad
2026-07-14T03:07:23+09:00,added,n86e207daeadb,m38c6d06537bf
2026-07-14T03:07:23+09:00,added,n86e207daeadb,m62e5b43b8c13
2026-07-14T03:07:23+09:00,added,n86e207daeadb,m192171037579
2026-07-14T15:27:52+09:00,added,n86e207daeadb,m51c22ff2596c
2026-07-14T15:27:52+09:00,added,nb5a99eccbd28,m8e27d6f72c6a
2026-07-14T15:27:52+09:00,added,nb5a99eccbd28,m66feefd13085
2026-07-14T18:51:57+09:00,added,n86e207daeadb,mfc8edd12fdc2
2026-07-14T18:51:57+09:00,added,n86e207daeadb,m743c88e4a3b2
2026-07-14T18:51:57+09:00,added,n2da5ecdf2004,m3e3c3b742313
2026-07-14T22:10:27+09:00,added,n37180fe24b18,mfec62de5ce9e
2026-07-14T22:10:27+09:00,added,n37b3042e2b70,mcf500208b8d9
2026-07-14T22:10:27+09:00,added,n37b3042e2b70,m192171037579
2026-07-14T22:10:27+09:00,added,n86e207daeadb,m5c9c88eb4983
2026-07-14T22:10:27+09:00,added,n86e207daeadb,mcff9b6cb3037
2026-07-14T22:10:27+09:00,added,n86e207daeadb,m6d69812caeed
2026-07-15T02:28:25+09:00,added,n37b3042e2b70,m5ca58e6bf38b
2026-07-15T02:28:25+09:00,added,n37b3042e2b70,m19b3b433abf2
2026-07-15T02:28:25+09:00,added,n37b3042e2b70,mb607a414c367
2026-07-15T02:28:25+09:00,added,n37b3042e2b70,mfc9d03c23504
2026-07-15T02:28:25+09:00,added,n37b3042e2b70,m2e9b901b1ba9
2026-07-15T02:28:25+09:00,added,n37b3042e2b70,m965e76ed1a02
2026-07-15T02:28:25+09:00,added,n37b3042e2b70,m62e5b43b8c13
2026-07-15T02:28:25+09:00,added,n37b3042e2b70,mad8d2935fc54
2026-07-15T02:28:25+09:00,added,n86e207daeadb,ma9699950aa28
2026-07-15T02:28:25+09:00,added,nb5a99eccbd28,m2e9b901b1ba9
2026-07-15T02:28:25+09:00,added,nb87d04c75f02,m78e1caab29a1
2026-07-15T06:08:05+09:00,added,n37b3042e2b70,m54b2ccd56b12
2026-07-15T12:02:23+09:00,added,n37b3042e2b70,m7ae6f1512188
2026-07-15T12:02:23+09:00,added,n37b3042e2b70,mb80e8e661ebe
2026-07-15T12:02:23+09:00,added,n37b3042e2b70,mcb270ee08c0a
2026-07-15T12:02:23+09:00,added,n37b3042e2b70,m5e4919cf713c
2026-07-15T15:31:45+09:00,added,n37b3042e2b70,m3ce42393f8fa
2026-07-15T15:31:45+09:00,added,n37b3042e2b70,mfa805cb12706
2026-07-15T15:31:45+09:00,added,n86e207daeadb,m16095e384518
2026-07-15T18:56:18+09:00,added,n37b3042e2b70,m4c7f1907bb74
2026-07-15T18:56:18+09:00,added,ne36d519dba41,mc4ce378cb7b9
2026-07-15T22:14:07+09:00,added,n37180fe24b18,mf7c9dc596f35
2026-07-15T22:14:07+09:00,added,n1df9439557ed,m49e684e1d830
2026-07-15T22:14:07+09:00,added,n1df9439557ed,m038e1ac8e7ad
2026-07-15T22:14:07+09:00,added,n1df9439557ed,ma5bd9f7c40cf
2026-07-15T22:14:07+09:00,added,n1df9439557ed,m38c6d06537bf
2026-07-15T22:14:07+09:00,added,n1df9439557ed,mb525d6c99bcd
2026-07-15T22:14:07+09:00,added,n1df9439557ed,m0675215a66e7
2026-07-15T22:14:07+09:00,added,n1df9439557ed,m51c22ff2596c
2026-07-15T22:14:07+09:00,added,n1df9439557ed,m54b2ccd56b12
2026-07-15T22:14:07+09:00,added,n1df9439557ed,m78e1caab29a1
2026-07-15T22:14:07+09:00,added,n86e207daeadb,m2e9b901b1ba9
2026-07-15T22:14:07+09:00,added,n86e207daeadb,mfc9d03c23504
2026-07-15T22:14:07+09:00,added,n86e207daeadb,m0675215a66e7
2026-07-16T02:30:47+09:00,added,n37180fe24b18,md33c43d62052
2026-07-16T02:30:47+09:00,added,n1df9439557ed,ma9699950aa28
2026-07-16T02:30:47+09:00,added,n1df9439557ed,m2df62a6b1a97
2026-07-16T02:30:47+09:00,added,n1df9439557ed,m7ae6f1512188
2026-07-16T02:30:47+09:00,added,n1df9439557ed,mb80e8e661ebe
2026-07-16T02:30:47+09:00,added,n1df9439557ed,mad8d2935fc54
2026-07-16T02:30:47+09:00,added,n1df9439557ed,m1bd9f36ee13c
2026-07-16T02:30:47+09:00,added,n1df9439557ed,m62e5b43b8c13
2026-07-16T02:30:47+09:00,added,n1df9439557ed,m19b3b433abf2
2026-07-16T02:30:47+09:00,added,n1df9439557ed,m5ca58e6bf38b
2026-07-16T02:30:47+09:00,added,n4ea538f6e346,md33c43d62052
2026-07-16T06:07:31+09:00,added,n1df9439557ed,mcf500208b8d9
2026-07-16T12:25:05+09:00,added,n1df9439557ed,m192171037579
2026-07-16T12:25:05+09:00,added,n1df9439557ed,m5e0b116a568a
2026-07-16T12:25:05+09:00,added,n1df9439557ed,mf815c8f3b6d2
2026-07-16T12:25:05+09:00,added,n1df9439557ed,m8f8cb1f85570
2026-07-16T12:25:05+09:00,added,n37b3042e2b70,mc4ce378cb7b9
2026-07-16T12:25:05+09:00,added,n4ea538f6e346,md30e00c54997
2026-07-16T15:34:54+09:00,added,n37180fe24b18,md30e00c54997
2026-07-16T19:02:10+09:00,added,n1df9439557ed,m4c7f1907bb74
2026-07-16T22:22:14+09:00,added,nb344afe9e330,m49e684e1d830
2026-07-16T22:22:14+09:00,added,nb344afe9e330,m038e1ac8e7ad
2026-07-16T22:22:14+09:00,added,nb344afe9e330,m38c6d06537bf
2026-07-16T22:22:14+09:00,added,nb344afe9e330,mcb9bb00d8129
2026-07-16T22:22:14+09:00,added,nb344afe9e330,mcf500208b8d9
2026-07-16T22:22:14+09:00,added,nb344afe9e330,m78e1caab29a1
2026-07-16T22:22:14+09:00,added,nb344afe9e330,mad8d2935fc54
2026-07-16T22:22:14+09:00,added,nb344afe9e330,m0675215a66e7
2026-07-16T22:22:14+09:00,added,nb344afe9e330,m54b2ccd56b12
2026-07-16T22:22:14+09:00,added,nb344afe9e330,mad7692408e4c
2026-07-16T22:22:14+09:00,added,nb344afe9e330,ma9699950aa28
2026-07-16T22:22:14+09:00,added,nb344afe9e330,m2e9b901b1ba9
2026-07-16T22:22:14+09:00,added,n1df9439557ed,mcb9bb00d8129
2026-07-16T22:22:14+09:00,added,n86e207daeadb,mcb9bb00d8129
2026-07-16T22:22:14+09:00,added,n97edc6bdc89b,mcb9bb00d8129
2026-07-16T22:22:14+09:00,added,n97edc6bdc89b,m5b549de72bcf
2026-07-16T22:22:14+09:00,added,ncaced040519c,mcb9bb00d8129
2026-07-16T22:22:14+09:00,added,na9be34788a11,mcb9bb00d8129
2026-07-16T22:22:14+09:00,added,n21f79bef138e,mcb9bb00d8129
2026-07-16T22:22:14+09:00,added,nf76f342c75d0,mcb9bb00d8129
2026-07-17T02:32:54+09:00,added,nb344afe9e330,m7ae6f1512188
2026-07-17T02:32:54+09:00,added,nb344afe9e330,m62e5b43b8c13
2026-07-17T02:32:54+09:00,added,nb344afe9e330,md30e00c54997
2026-07-17T02:32:54+09:00,added,nb344afe9e330,m6484622342c0
2026-07-17T02:32:54+09:00,added,n1df9439557ed,m2e9b901b1ba9
2026-07-17T12:27:51+09:00,added,nb344afe9e330,m3ce42393f8fa
2026-07-17T12:27:51+09:00,added,nb344afe9e330,m8f8cb1f85570
2026-07-17T12:27:51+09:00,added,nb344afe9e330,mb02476cbe007
2026-07-17T12:27:51+09:00,added,n1df9439557ed,mb02476cbe007
2026-07-17T12:27:51+09:00,added,n37b3042e2b70,m0c630cc12b41
2026-07-17T15:32:43+09:00,added,nb344afe9e330,m5ca58e6bf38b
2026-07-17T15:32:43+09:00,added,nb344afe9e330,m19b3b433abf2
2026-07-17T15:32:43+09:00,added,n1df9439557ed,mfa805cb12706
2026-07-17T15:32:43+09:00,removed,nb5a99eccbd28,m18ea5a4c8027
2026-07-17T15:32:43+09:00,removed,n231bcb5278cf,mdc7fa7954c67
2026-07-17T18:52:19+09:00,added,nb344afe9e330,m6d3400fb7014
2026-07-17T18:52:19+09:00,added,n1df9439557ed,mba07f6638f58
2026-07-17T22:07:07+09:00,added,n37180fe24b18,m5214247b546f
2026-07-17T22:07:07+09:00,added,n771544dd99ad,m78e1caab29a1
2026-07-17T22:07:07+09:00,added,n771544dd99ad,ma9699950aa28
2026-07-17T22:07:07+09:00,added,n771544dd99ad,m62e5b43b8c13
2026-07-17T22:07:07+09:00,added,n771544dd99ad,m192171037579
2026-07-17T22:07:07+09:00,added,nb344afe9e330,mcf80f0d2a869
2026-07-18T02:25:51+09:00,added,n771544dd99ad,mcff9b6cb3037
2026-07-18T02:25:51+09:00,added,n771544dd99ad,m6d69812caeed
2026-07-18T02:25:51+09:00,added,n771544dd99ad,mcf500208b8d9
2026-07-18T02:25:51+09:00,added,n771544dd99ad,m1bd9f36ee13c
2026-07-18T06:02:21+09:00,added,n771544dd99ad,m60fb5d15f701
2026-07-18T06:02:21+09:00,added,n771544dd99ad,m49e684e1d830
2026-07-18T06:02:21+09:00,added,n771544dd99ad,m038e1ac8e7ad
2026-07-18T06:02:21+09:00,added,n771544dd99ad,m38c6d06537bf
2026-07-18T06:02:21+09:00,added,n771544dd99ad,m278d9869816c
2026-07-18T06:02:21+09:00,added,n771544dd99ad,m8b2a6058aa58
2026-07-18T06:02:21+09:00,added,n771544dd99ad,m1c85d4931804
2026-07-18T06:02:21+09:00,added,n771544dd99ad,m2c2abcaf45bd
2026-07-18T06:02:21+09:00,added,n771544dd99ad,m54b2ccd56b12
2026-07-18T12:04:32+09:00,added,n771544dd99ad,m7ae6f1512188
2026-07-18T12:04:32+09:00,added,n771544dd99ad,mb80e8e661ebe
2026-07-18T12:04:32+09:00,added,n771544dd99ad,mc3b092076119
2026-07-18T12:04:32+09:00,added,n771544dd99ad,m51c22ff2596c
2026-07-18T12:04:32+09:00,added,nb344afe9e330,m60fb5d15f701
2026-07-18T12:04:32+09:00,added,nb344afe9e330,m51c22ff2596c
2026-07-18T12:04:32+09:00,added,n1df9439557ed,m60fb5d15f701
2026-07-18T12:04:32+09:00,added,n1df9439557ed,m26b7851f96e9
2026-07-18T15:19:44+09:00,added,n771544dd99ad,mad8d2935fc54
2026-07-18T15:19:44+09:00,added,n771544dd99ad,md1868a762043
2026-07-18T15:19:44+09:00,added,nb344afe9e330,mba07f6638f58
2026-07-18T21:53:40+09:00,added,n92b389bf6a52,ma415290738a4
2026-07-18T21:53:40+09:00,added,n92b389bf6a52,m038e1ac8e7ad
2026-07-18T21:53:40+09:00,added,n92b389bf6a52,m38c6d06537bf
2026-07-18T21:53:40+09:00,added,n92b389bf6a52,m025e0da52a87
2026-07-18T21:53:40+09:00,added,n92b389bf6a52,m299dee4a565c
2026-07-18T21:53:40+09:00,added,n92b389bf6a52,mfc9d03c23504
2026-07-18T21:53:40+09:00,added,n92b389bf6a52,m2e9b901b1ba9
2026-07-18T21:53:40+09:00,added,n92b389bf6a52,mad8d2935fc54
2026-07-18T21:53:40+09:00,added,n92b389bf6a52,m62e5b43b8c13
2026-07-18T21:53:40+09:00,added,n92b389bf6a52,m5ca58e6bf38b
2026-07-18T21:53:40+09:00,added,n92b389bf6a52,m19b3b433abf2
2026-07-18T21:53:40+09:00,added,n771544dd99ad,m0c630cc12b41
2026-07-19T02:11:01+09:00,added,n92b389bf6a52,m54b2ccd56b12
2026-07-19T02:11:01+09:00,added,n92b389bf6a52,m78e1caab29a1
2026-07-19T02:11:01+09:00,added,n92b389bf6a52,me6fc661a3fe7
2026-07-19T02:11:01+09:00,added,n92b389bf6a52,m6d08ad53e2e3
2026-07-19T02:11:01+09:00,added,n92b389bf6a52,mf7c9dc596f35
2026-07-19T02:11:01+09:00,added,n92b389bf6a52,mcf500208b8d9
2026-07-19T02:11:01+09:00,added,n92b389bf6a52,m51c22ff2596c
2026-07-19T05:53:56+09:00,added,n92b389bf6a52,m7ae6f1512188
2026-07-19T05:53:56+09:00,added,n92b389bf6a52,mb80e8e661ebe
2026-07-19T12:37:01+09:00,added,n92b389bf6a52,m1bd9f36ee13c
2026-07-19T12:37:01+09:00,added,n92b389bf6a52,m824b5344ce5f
2026-07-19T12:37:01+09:00,added,n92b389bf6a52,ma9699950aa28
2026-07-19T12:37:01+09:00,added,n92b389bf6a52,m192171037579
2026-07-19T12:37:01+09:00,added,n771544dd99ad,mba07f6638f58
2026-07-19T12:37:01+09:00,added,n771544dd99ad,m547e9622e50b
2026-07-19T12:37:01+09:00,added,nb344afe9e330,me759d1c27fae
2026-07-19T12:37:01+09:00,added,nb344afe9e330,m167f36c50982
2026-07-19T12:37:01+09:00,added,n86e207daeadb,mb607a414c367
2026-07-19T15:46:19+09:00,added,n92b389bf6a52,m5c9c88eb4983
2026-07-19T15:46:19+09:00,added,n92b389bf6a52,m7325f611df66
2026-07-19T15:46:19+09:00,added,n92b389bf6a52,ma5bd9f7c40cf
2026-07-19T15:46:19+09:00,added,n92b389bf6a52,m651aaa4e52a9
2026-07-19T15:46:19+09:00,added,nb344afe9e330,mc08cb4916e00
2026-07-19T18:51:02+09:00,added,n92b389bf6a52,md1d64f3e53b1
2026-07-19T21:55:47+09:00,added,n6a1225a817bb,mad8d2935fc54
2026-07-19T21:55:47+09:00,added,n6a1225a817bb,m192171037579
2026-07-19T21:55:47+09:00,added,n6a1225a817bb,m62e5b43b8c13
2026-07-19T21:55:47+09:00,added,n6a1225a817bb,mcf500208b8d9
2026-07-19T21:55:47+09:00,added,n6a1225a817bb,m54b2ccd56b12
2026-07-19T21:55:47+09:00,added,n6a1225a817bb,m0675215a66e7
2026-07-19T21:55:47+09:00,added,n92b389bf6a52,md1868a762043
2026-07-20T02:11:33+09:00,added,n6a1225a817bb,m78e1caab29a1
2026-07-20T02:11:33+09:00,added,n6a1225a817bb,m49e684e1d830
2026-07-20T02:11:33+09:00,added,n6a1225a817bb,mc45673dfeb83
2026-07-20T02:11:33+09:00,added,n6a1225a817bb,m6d69812caeed
2026-07-20T02:11:33+09:00,added,n6a1225a817bb,mcff9b6cb3037
2026-07-20T02:11:33+09:00,added,n6a1225a817bb,m4d96806092e1
2026-07-20T02:11:33+09:00,added,n6a1225a817bb,mae8ce32d4964
2026-07-20T02:11:33+09:00,added,n6a1225a817bb,m44d6f7ad31b4
2026-07-20T02:11:33+09:00,added,n6a1225a817bb,mfc9d03c23504
2026-07-20T02:11:33+09:00,added,n6a1225a817bb,m2e9b901b1ba9
2026-07-20T02:11:33+09:00,added,n92b389bf6a52,m4eb56c8bcbc2
2026-07-20T05:55:41+09:00,added,n6a1225a817bb,m038e1ac8e7ad
2026-07-20T05:55:41+09:00,added,n6a1225a817bb,m38c6d06537bf
2026-07-20T05:55:41+09:00,added,n6a1225a817bb,m743c88e4a3b2
2026-07-20T05:55:41+09:00,added,n771544dd99ad,m743c88e4a3b2
2026-07-20T05:55:41+09:00,added,nb344afe9e330,mc15b3df246de
2026-07-20T05:55:41+09:00,added,n1df9439557ed,mc15b3df246de
2026-07-20T12:50:03+09:00,added,n6a1225a817bb,m4a6b0c347ebe
2026-07-20T12:50:03+09:00,added,n6a1225a817bb,m7ae6f1512188
2026-07-20T12:50:03+09:00,added,n6a1225a817bb,m5c9c88eb4983
2026-07-20T12:50:03+09:00,added,n6a1225a817bb,m4c7f1907bb74
2026-07-20T12:50:03+09:00,added,n6a1225a817bb,m60fb5d15f701
2026-07-20T12:50:03+09:00,added,n6a1225a817bb,mb80e8e661ebe
2026-07-20T12:50:03+09:00,added,n6a1225a817bb,m5fa91e4af0ed
2026-07-20T12:50:03+09:00,added,n6a1225a817bb,mb607a414c367
2026-07-20T16:04:43+09:00,added,n6a1225a817bb,mba07f6638f58
2026-07-20T16:04:43+09:00,added,n92b389bf6a52,m16384598a49a
2026-07-20T16:04:43+09:00,added,ne36d519dba41,m0485f8d77aa8
2026-07-20T19:47:18+09:00,added,n6a1225a817bb,mfc8edd12fdc2
2026-07-20T22:53:04+09:00,added,n37180fe24b18,m92f1af23610d
2026-07-20T22:53:04+09:00,added,n3d78bf798ea8,md1d64f3e53b1
2026-07-20T22:53:04+09:00,added,n3d78bf798ea8,m49e684e1d830
2026-07-20T22:53:04+09:00,added,n3d78bf798ea8,m038e1ac8e7ad
2026-07-20T22:53:04+09:00,added,n3d78bf798ea8,m38c6d06537bf
2026-07-20T22:53:04+09:00,added,n3d78bf798ea8,ma415290738a4
2026-07-20T22:53:04+09:00,added,n3d78bf798ea8,m1bd9f36ee13c
2026-07-20T22:53:04+09:00,added,n3d78bf798ea8,m6d85b40d25ec
2026-07-20T22:53:04+09:00,added,n3d78bf798ea8,m6d3400fb7014
2026-07-20T22:53:04+09:00,added,n3d78bf798ea8,m60fb5d15f701
2026-07-20T22:53:04+09:00,added,n3d78bf798ea8,m6d67573d7dd7
2026-07-20T22:53:04+09:00,added,n3d78bf798ea8,m54b2ccd56b12
2026-07-20T22:53:04+09:00,added,n3d78bf798ea8,m78e1caab29a1
2026-07-20T22:53:04+09:00,added,n3d78bf798ea8,m743c88e4a3b2
2026-07-20T22:53:04+09:00,added,n3d78bf798ea8,m62e5b43b8c13
2026-07-20T22:53:04+09:00,added,n3d78bf798ea8,mad8d2935fc54
2026-07-20T22:53:04+09:00,added,n3d78bf798ea8,mfc9d03c23504
2026-07-20T22:53:04+09:00,added,n3d78bf798ea8,m2e9b901b1ba9
2026-07-21T03:17:45+09:00,added,n3d78bf798ea8,mb80e8e661ebe
2026-07-21T03:17:45+09:00,added,n3d78bf798ea8,m7ae6f1512188
2026-07-21T03:17:45+09:00,added,n3d78bf798ea8,m4eb56c8bcbc2
2026-07-21T03:17:45+09:00,added,n3d78bf798ea8,m192171037579
2026-07-21T03:17:45+09:00,added,n3d78bf798ea8,me50627303786
2026-07-21T03:17:45+09:00,added,n3d78bf798ea8,m531dee90a84a
2026-07-21T03:17:45+09:00,added,n3d78bf798ea8,m0a4b0dfbdb55
2026-07-21T03:17:45+09:00,added,n3d78bf798ea8,mcff9b6cb3037
2026-07-21T03:17:45+09:00,added,n3d78bf798ea8,m6d69812caeed
2026-07-21T03:17:45+09:00,added,n3d78bf798ea8,m44d6f7ad31b4
2026-07-21T03:17:45+09:00,added,n3d78bf798ea8,m4d96806092e1
2026-07-21T03:17:45+09:00,added,n3d78bf798ea8,mc45673dfeb83
2026-07-21T03:17:45+09:00,added,n1df9439557ed,mfc9d03c23504
2026-07-21T12:30:15+09:00,added,n37180fe24b18,m531dee90a84a
2026-07-21T12:30:15+09:00,added,n3d78bf798ea8,m0921d4d120a8
2026-07-21T12:30:15+09:00,added,nb344afe9e330,m743c88e4a3b2
2026-07-21T19:20:58+09:00,added,n3d78bf798ea8,mcf500208b8d9
2026-07-21T22:19:28+09:00,added,nf0e4ca70189a,mcf500208b8d9
2026-07-21T22:19:28+09:00,added,nf0e4ca70189a,mf7f9952d6e72
2026-07-21T22:19:28+09:00,added,nf0e4ca70189a,m4ea4ae23ba3f
2026-07-21T22:19:28+09:00,added,nf0e4ca70189a,m5e4919cf713c
2026-07-21T22:19:28+09:00,added,nf0e4ca70189a,m192171037579
2026-07-21T22:19:28+09:00,added,n3d78bf798ea8,m5e0b116a568a
2026-07-21T22:19:28+09:00,added,n3d78bf798ea8,m70ac2bb15041
2026-07-21T22:19:28+09:00,added,n3d78bf798ea8,m7ea1e4417851
2026-07-21T22:19:28+09:00,added,n3d78bf798ea8,m16384598a49a
2026-07-21T22:19:28+09:00,added,n6a1225a817bb,m3b2765f0afce
2026-07-21T22:19:28+09:00,added,n771544dd99ad,me5481b3218cd
2026-07-21T22:19:28+09:00,added,n771544dd99ad,m210eaca5f035
2026-07-21T22:19:28+09:00,added,n771544dd99ad,m992d6f54ad96
2026-07-21T22:19:28+09:00,added,n37b3042e2b70,m78e1caab29a1
2026-07-22T02:35:39+09:00,added,nf0e4ca70189a,mad8d2935fc54
2026-07-22T02:35:39+09:00,added,nf0e4ca70189a,m62e5b43b8c13
2026-07-22T02:35:39+09:00,added,nf0e4ca70189a,m7ae6f1512188
2026-07-22T02:35:39+09:00,added,nf0e4ca70189a,mfc9d03c23504
2026-07-22T02:35:39+09:00,added,nf0e4ca70189a,m2e9b901b1ba9
2026-07-22T06:17:09+09:00,added,n37180fe24b18,m7ea1e4417851
2026-07-22T12:28:48+09:00,added,nf0e4ca70189a,m0a4b0dfbdb55
2026-07-22T12:28:48+09:00,added,nf0e4ca70189a,ma9699950aa28
2026-07-22T15:46:13+09:00,added,n92b389bf6a52,m7de26e2e10de
2026-07-22T15:46:13+09:00,added,n92b389bf6a52,m547e9622e50b
2026-07-22T19:21:07+09:00,added,nf0e4ca70189a,mc4ce378cb7b9
2026-07-22T19:21:07+09:00,added,nf0e4ca70189a,mde383664206c
2026-07-22T19:21:07+09:00,added,nf0e4ca70189a,md33c43d62052
2026-07-22T19:21:07+09:00,added,nf0e4ca70189a,mfa805cb12706
2026-07-22T19:21:07+09:00,added,n6a1225a817bb,m7ea1e4417851
2026-07-22T19:21:07+09:00,added,n6a1225a817bb,m70ac2bb15041
2026-07-22T22:25:57+09:00,added,n00cdb7ef39e4,m54b2ccd56b12
2026-07-22T22:25:57+09:00,added,n00cdb7ef39e4,m743c88e4a3b2
2026-07-22T22:25:57+09:00,added,n00cdb7ef39e4,md1868a762043
2026-07-22T22:25:57+09:00,added,n00cdb7ef39e4,m531dee90a84a
2026-07-22T22:25:57+09:00,added,n00cdb7ef39e4,m01cb6624a2fd
2026-07-22T22:25:57+09:00,added,n00cdb7ef39e4,m62e5b43b8c13
2026-07-22T22:25:57+09:00,added,n00cdb7ef39e4,m78e1caab29a1
2026-07-22T22:25:57+09:00,added,n00cdb7ef39e4,m0921d4d120a8
2026-07-22T22:25:57+09:00,added,n00cdb7ef39e4,m19b3b433abf2
2026-07-22T22:25:57+09:00,added,n00cdb7ef39e4,m5ca58e6bf38b
2026-07-22T22:25:57+09:00,added,n00cdb7ef39e4,mcf500208b8d9
2026-07-22T22:25:57+09:00,added,nf0e4ca70189a,m743c88e4a3b2
2026-07-22T22:25:57+09:00,added,nf0e4ca70189a,m18485b3d7e40
2026-07-22T22:25:57+09:00,added,nf0e4ca70189a,m01cb6624a2fd
2026-07-22T22:25:57+09:00,added,n3d78bf798ea8,mf2d7c09eeca9
2026-07-22T22:25:57+09:00,added,n3d78bf798ea8,m54c3e22e02f7
2026-07-23T02:34:28+09:00,added,n00cdb7ef39e4,m7325f611df66
2026-07-23T02:34:28+09:00,added,n00cdb7ef39e4,m1bd9f36ee13c
2026-07-23T02:34:28+09:00,added,n00cdb7ef39e4,ma9699950aa28
2026-07-23T02:34:28+09:00,added,n00cdb7ef39e4,ma415290738a4
2026-07-23T02:34:28+09:00,added,n00cdb7ef39e4,m038e1ac8e7ad
2026-07-23T02:34:28+09:00,added,n00cdb7ef39e4,m38c6d06537bf
2026-07-23T02:34:28+09:00,added,n00cdb7ef39e4,me6fc661a3fe7
2026-07-23T02:34:28+09:00,added,n00cdb7ef39e4,m6d08ad53e2e3
2026-07-23T02:34:28+09:00,added,n00cdb7ef39e4,mfc9d03c23504
2026-07-23T02:34:28+09:00,added,n00cdb7ef39e4,mde4c96ef2f7a
2026-07-23T02:34:28+09:00,added,nf0e4ca70189a,m5e0b116a568a
2026-07-23T02:34:28+09:00,added,nf0e4ca70189a,mba07f6638f58
2026-07-23T02:34:28+09:00,added,nf0e4ca70189a,ma5bd9f7c40cf
2026-07-23T02:34:28+09:00,added,nf0e4ca70189a,m651aaa4e52a9
2026-07-23T02:34:28+09:00,added,n3d78bf798ea8,m651aaa4e52a9
2026-07-23T02:34:28+09:00,added,n3d78bf798ea8,ma5bd9f7c40cf
2026-07-23T06:15:43+09:00,added,n00cdb7ef39e4,m51c22ff2596c
2026-07-23T06:15:43+09:00,added,n00cdb7ef39e4,m025e0da52a87
2026-07-23T06:15:43+09:00,added,n3d78bf798ea8,m48f2da6384f9
2026-07-23T06:15:43+09:00,added,n3d78bf798ea8,m7afa428d1412
2026-07-23T06:15:43+09:00,added,n3d78bf798ea8,m51c22ff2596c
2026-07-23T06:15:43+09:00,added,n97edc6bdc89b,m48f2da6384f9
2026-07-23T06:15:43+09:00,added,n97edc6bdc89b,m7afa428d1412
2026-07-23T12:35:44+09:00,added,n00cdb7ef39e4,m5c9c88eb4983
2026-07-23T12:35:44+09:00,added,n00cdb7ef39e4,m7ae6f1512188
2026-07-23T12:35:44+09:00,added,n00cdb7ef39e4,mb80e8e661ebe
2026-07-23T12:35:44+09:00,added,n00cdb7ef39e4,m8f8cb1f85570
2026-07-23T12:35:44+09:00,added,n00cdb7ef39e4,m7ea1e4417851
2026-07-23T12:35:44+09:00,added,nf0e4ca70189a,mf2d7c09eeca9
2026-07-23T12:35:44+09:00,added,nf0e4ca70189a,m54c3e22e02f7
2026-07-23T15:45:31+09:00,added,n00cdb7ef39e4,mfc8edd12fdc2
2026-07-23T19:18:30+09:00,added,nf0e4ca70189a,m5ca58e6bf38b
2026-07-23T19:18:30+09:00,added,nf0e4ca70189a,m19b3b433abf2
2026-07-23T19:18:30+09:00,added,nf0e4ca70189a,mc3b092076119
2026-07-23T19:18:30+09:00,added,nf0e4ca70189a,m4c7f1907bb74
2026-07-23T22:28:46+09:00,added,n44a4759d8cb4,m743c88e4a3b2
2026-07-23T22:28:46+09:00,added,n44a4759d8cb4,m025e0da52a87
2026-07-23T22:28:46+09:00,added,nf0e4ca70189a,m78e1caab29a1
2026-07-24T02:37:39+09:00,added,n44a4759d8cb4,mcf500208b8d9
2026-07-24T02:37:39+09:00,added,n44a4759d8cb4,m192171037579
2026-07-24T02:37:39+09:00,added,n44a4759d8cb4,mad8d2935fc54
2026-07-24T02:37:39+09:00,added,n44a4759d8cb4,m7ae6f1512188
2026-07-24T02:37:39+09:00,added,n44a4759d8cb4,m62e5b43b8c13
2026-07-24T02:37:39+09:00,added,n44a4759d8cb4,ma415290738a4
2026-07-24T02:37:39+09:00,added,n44a4759d8cb4,m038e1ac8e7ad
2026-07-24T02:37:39+09:00,added,n44a4759d8cb4,m38c6d06537bf
2026-07-24T02:37:39+09:00,added,n44a4759d8cb4,m6d69812caeed
2026-07-24T12:29:13+09:00,added,n44a4759d8cb4,m54b2ccd56b12
2026-07-24T12:29:13+09:00,added,n44a4759d8cb4,m0675215a66e7
2026-07-24T12:29:13+09:00,added,n44a4759d8cb4,m7ea1e4417851
2026-07-24T12:29:13+09:00,added,n44a4759d8cb4,mb80e8e661ebe
2026-07-24T12:29:13+09:00,added,n00cdb7ef39e4,mba07f6638f58
2026-07-24T12:29:13+09:00,added,n00cdb7ef39e4,m0675215a66e7
2026-07-24T12:29:13+09:00,added,n3d78bf798ea8,m0675215a66e7
2026-07-24T15:42:57+09:00,added,n44a4759d8cb4,m5ca58e6bf38b
2026-07-24T15:42:57+09:00,added,n44a4759d8cb4,m19b3b433abf2
2026-07-24T15:42:57+09:00,added,n44a4759d8cb4,m4967eb72153a
2026-07-24T22:22:11+09:00,added,naaa24e5d67fb,md1868a762043
2026-07-24T22:22:11+09:00,added,naaa24e5d67fb,m78e1caab29a1
2026-07-24T22:22:11+09:00,added,naaa24e5d67fb,m62e5b43b8c13
2026-07-24T22:22:11+09:00,added,n00cdb7ef39e4,m192171037579
2026-07-25T02:50:35+09:00,added,naaa24e5d67fb,m743c88e4a3b2
2026-07-25T02:50:35+09:00,added,naaa24e5d67fb,m6a66aa1d30f2
2026-07-25T02:50:35+09:00,added,naaa24e5d67fb,m0675215a66e7
2026-07-25T02:50:35+09:00,added,naaa24e5d67fb,mcff9b6cb3037
2026-07-25T02:50:35+09:00,added,naaa24e5d67fb,m6d69812caeed
2026-07-25T02:50:35+09:00,added,naaa24e5d67fb,mc3b092076119
2026-07-25T02:50:35+09:00,added,naaa24e5d67fb,mde383664206c
2026-07-25T02:50:35+09:00,added,naaa24e5d67fb,mc4ce378cb7b9
2026-07-25T02:50:35+09:00,added,naaa24e5d67fb,md33c43d62052
2026-07-25T02:50:35+09:00,added,naaa24e5d67fb,mcf500208b8d9
2026-07-25T02:50:35+09:00,added,naaa24e5d67fb,m2e9b901b1ba9
2026-07-25T02:50:35+09:00,added,naaa24e5d67fb,mfc9d03c23504
2026-07-25T02:50:35+09:00,added,naaa24e5d67fb,mad8d2935fc54
2026-07-25T02:50:35+09:00,added,naaa24e5d67fb,m51c22ff2596c
2026-07-25T02:50:35+09:00,added,n44a4759d8cb4,m2e9b901b1ba9
2026-07-25T02:50:35+09:00,added,n44a4759d8cb4,mfc9d03c23504
2026-07-25T02:50:35+09:00,added,n44a4759d8cb4,m51c22ff2596c
2026-07-25T06:11:26+09:00,added,naaa24e5d67fb,ma49a758642b3
2026-07-25T06:11:26+09:00,added,naaa24e5d67fb,ma9699950aa28
2026-07-25T06:11:26+09:00,added,naaa24e5d67fb,m54b2ccd56b12
2026-07-25T06:11:26+09:00,added,n1241fc2881c7,mc15b3df246de
2026-07-25T12:29:05+09:00,added,naaa24e5d67fb,mb607a414c367
2026-07-25T12:29:05+09:00,added,naaa24e5d67fb,m5ca58e6bf38b
2026-07-25T12:29:05+09:00,added,naaa24e5d67fb,m19b3b433abf2
2026-07-25T12:29:05+09:00,added,naaa24e5d67fb,m7ae6f1512188
2026-07-25T12:29:05+09:00,added,naaa24e5d67fb,mb80e8e661ebe
2026-07-25T12:29:05+09:00,added,n44a4759d8cb4,mb607a414c367
2026-07-25T12:29:05+09:00,added,n44a4759d8cb4,mba07f6638f58
2026-07-25T12:29:05+09:00,added,n00cdb7ef39e4,mb607a414c367
2026-07-25T12:29:05+09:00,added,nf0e4ca70189a,mb607a414c367
2026-07-25T12:29:05+09:00,added,n3d78bf798ea8,mb607a414c367
2026-07-25T12:29:05+09:00,added,nb344afe9e330,m3c67f3e8d3c4
2026-07-25T15:34:09+09:00,added,naaa24e5d67fb,m192171037579
2026-07-25T15:34:09+09:00,added,n44a4759d8cb4,m0921d4d120a8
2026-07-25T18:34:43+09:00,added,naaa24e5d67fb,mf7d75df5c316
2026-07-25T18:34:43+09:00,added,naaa24e5d67fb,m7ea1e4417851
2026-07-25T22:04:29+09:00,added,n4cf42255198b,m521b1f5e6d21
2026-07-25T22:04:29+09:00,added,n4cf42255198b,m23bf4d1d2800
2026-07-25T22:04:29+09:00,added,n4cf42255198b,m531dee90a84a
2026-07-25T22:04:29+09:00,added,n4cf42255198b,m6d3400fb7014
2026-07-25T22:04:29+09:00,added,n4cf42255198b,m78e1caab29a1
2026-07-25T22:04:29+09:00,added,n44a4759d8cb4,md1868a762043
2026-07-26T02:15:06+09:00,added,n4cf42255198b,mad8d2935fc54
2026-07-26T02:15:06+09:00,added,n4cf42255198b,m0675215a66e7
2026-07-26T02:15:06+09:00,added,n4cf42255198b,m7ae6f1512188
2026-07-26T02:15:06+09:00,added,n4cf42255198b,mb80e8e661ebe
2026-07-26T02:15:06+09:00,added,n4cf42255198b,m2e9b901b1ba9
2026-07-26T02:15:06+09:00,added,n4cf42255198b,mfc9d03c23504
2026-07-26T02:15:06+09:00,added,n4cf42255198b,me50627303786
2026-07-26T02:15:06+09:00,added,n4cf42255198b,m62e5b43b8c13
2026-07-26T02:15:06+09:00,added,n4cf42255198b,mcff9b6cb3037
2026-07-26T02:15:06+09:00,added,n4cf42255198b,m6d69812caeed
2026-07-26T02:15:06+09:00,added,n4cf42255198b,ma9699950aa28
2026-07-26T06:00:31+09:00,added,n37180fe24b18,m3470bb0fbc5c
2026-07-26T06:00:31+09:00,added,n4cf42255198b,mc6dad877a6d7
2026-07-26T12:42:24+09:00,added,n4cf42255198b,m7c6250436755
2026-07-26T12:42:24+09:00,added,n4cf42255198b,m7325f611df66
2026-07-26T12:42:24+09:00,added,n4cf42255198b,mcf500208b8d9
2026-07-26T12:42:24+09:00,added,n4cf42255198b,m7753941134da
2026-07-26T12:42:24+09:00,added,n4cf42255198b,m8e27d6f72c6a
2026-07-26T15:52:46+09:00,added,n4cf42255198b,m0c630cc12b41
2026-07-26T18:58:30+09:00,added,n4cf42255198b,m19b3b433abf2
2026-07-26T18:58:30+09:00,added,n4cf42255198b,m5ca58e6bf38b
2026-07-26T18:58:30+09:00,added,naaa24e5d67fb,mcdf4ee972bd9
2026-07-26T18:58:30+09:00,added,n44a4759d8cb4,m0b286159dafd
2026-07-26T22:02:13+09:00,added,n53052c1a66e5,m5e4919cf713c
2026-07-26T22:02:13+09:00,added,n53052c1a66e5,m192171037579
2026-07-26T22:02:13+09:00,added,n53052c1a66e5,m78e1caab29a1
2026-07-27T02:16:46+09:00,added,n53052c1a66e5,mcf500208b8d9
2026-07-27T02:16:46+09:00,added,n53052c1a66e5,mc08cb4916e00
2026-07-27T02:16:46+09:00,added,n53052c1a66e5,m38c6d06537bf
2026-07-27T02:16:46+09:00,added,n53052c1a66e5,m038e1ac8e7ad
2026-07-27T02:16:46+09:00,added,n53052c1a66e5,m7ae6f1512188
2026-07-27T02:16:46+09:00,added,n53052c1a66e5,mb80e8e661ebe
2026-07-27T02:16:46+09:00,added,n53052c1a66e5,m51c22ff2596c
2026-07-27T02:16:46+09:00,added,n53052c1a66e5,m62e5b43b8c13
2026-07-27T02:16:46+09:00,added,n53052c1a66e5,m743c88e4a3b2
2026-07-27T02:16:46+09:00,added,n53052c1a66e5,m0921d4d120a8
2026-07-27T02:16:46+09:00,added,n53052c1a66e5,m54b2ccd56b12
2026-07-27T02:16:46+09:00,added,n4cf42255198b,mba07f6638f58
2026-07-27T02:16:46+09:00,added,n4cf42255198b,m743c88e4a3b2
2026-07-27T06:05:46+09:00,added,n53052c1a66e5,ma9699950aa28
2026-07-27T06:05:46+09:00,added,n53052c1a66e5,mad8d2935fc54
2026-07-27T12:49:59+09:00,added,n53052c1a66e5,m7325f611df66
2026-07-27T12:49:59+09:00,added,n53052c1a66e5,m531dee90a84a
2026-07-27T12:49:59+09:00,added,n53052c1a66e5,m5ca58e6bf38b
2026-07-27T16:49:23+09:00,added,n37180fe24b18,m84b3ab7d847f
2026-07-27T16:49:23+09:00,added,n53052c1a66e5,m768b3f4cf6e4
2026-07-27T16:49:23+09:00,added,n4cf42255198b,mfa805cb12706
2026-07-27T20:09:15+09:00,added,n53052c1a66e5,mfc9d03c23504
2026-07-27T20:09:15+09:00,added,n53052c1a66e5,m2e9b901b1ba9
2026-07-27T20:09:15+09:00,added,n53052c1a66e5,m6d3400fb7014
2026-07-27T20:09:15+09:00,added,n53052c1a66e5,m3ec67f102868
2026-07-27T20:09:15+09:00,added,n4cf42255198b,m0921d4d120a8
2026-07-27T20:09:15+09:00,added,naaa24e5d67fb,m531dee90a84a
2026-07-27T20:09:15+09:00,added,n44a4759d8cb4,m531dee90a84a
2026-07-27T20:09:15+09:00,added,n44a4759d8cb4,m619b6000eeed
2026-07-27T23:15:49+09:00,added,n7196653db72b,m7ae6f1512188
2026-07-27T23:15:49+09:00,added,n7196653db72b,m2607ec702a74
2026-07-27T23:15:49+09:00,added,n7196653db72b,m84b3ab7d847f
2026-07-27T23:15:49+09:00,added,n7196653db72b,m54b2ccd56b12
2026-07-27T23:15:49+09:00,added,n7196653db72b,m025e0da52a87
2026-07-27T23:15:49+09:00,added,n7196653db72b,m2e9b901b1ba9
2026-07-27T23:15:49+09:00,added,n7196653db72b,mfc9d03c23504
2026-07-27T23:15:49+09:00,added,n7196653db72b,m8b2a6058aa58
2026-07-27T23:15:49+09:00,added,n7196653db72b,mca2c344a0f50
2026-07-27T23:15:49+09:00,added,n7196653db72b,m7f7032fb7065
2026-07-27T23:15:49+09:00,added,n7196653db72b,m2c2abcaf45bd
2026-07-27T23:15:49+09:00,added,n7196653db72b,m74b154cd7893
2026-07-27T23:15:49+09:00,added,n7196653db72b,m559fa39e9163
2026-07-27T23:15:49+09:00,added,n7196653db72b,m1c85d4931804
2026-07-27T23:15:49+09:00,added,n7196653db72b,m278d9869816c
2026-07-27T23:15:49+09:00,added,n7196653db72b,mf7c9271b4e5e
2026-07-27T23:15:49+09:00,added,n7196653db72b,m16580951510b
2026-07-27T23:15:49+09:00,added,n7196653db72b,m1661c964eec9
2026-07-27T23:15:49+09:00,added,n7196653db72b,m0675215a66e7
2026-07-27T23:15:49+09:00,added,n7196653db72b,mcf500208b8d9
2026-07-27T23:15:49+09:00,added,n44a4759d8cb4,m78e1caab29a1
2026-07-28T02:56:31+09:00,added,n37180fe24b18,m7f60f18975f3
2026-07-28T02:56:31+09:00,added,n7196653db72b,m7f60f18975f3
2026-07-28T02:56:31+09:00,added,n7196653db72b,m0a4b0dfbdb55
2026-07-28T02:56:31+09:00,added,n7196653db72b,me5481b3218cd
2026-07-28T02:56:31+09:00,added,n7196653db72b,m62e5b43b8c13
2026-07-28T02:56:31+09:00,added,n7196653db72b,m51c22ff2596c
2026-07-28T02:56:31+09:00,added,n53052c1a66e5,m7ea1e4417851
2026-07-28T02:56:31+09:00,added,n50668cb9ac27,m7f60f18975f3
2026-07-28T02:56:31+09:00,added,n4ea538f6e346,m7f60f18975f3
2026-07-28T12:06:18+09:00,added,n7196653db72b,m0921d4d120a8
2026-07-28T12:06:18+09:00,added,n7196653db72b,mecb786e95ed5
2026-07-28T12:06:18+09:00,added,n7196653db72b,mcff9b6cb3037
2026-07-28T12:06:18+09:00,added,n7196653db72b,m6d69812caeed
2026-07-28T12:06:18+09:00,added,n7196653db72b,mc08cb4916e00
2026-07-28T12:06:18+09:00,added,n7196653db72b,ma9699950aa28
2026-07-28T12:06:18+09:00,added,n7196653db72b,mb607a414c367
2026-07-28T12:06:18+09:00,added,n7196653db72b,mcdf4ee972bd9
2026-07-28T12:06:18+09:00,added,n7196653db72b,mfc8edd12fdc2
2026-07-28T12:06:18+09:00,added,n7196653db72b,m6d3400fb7014
2026-07-28T12:06:18+09:00,added,n7196653db72b,mcb270ee08c0a
2026-07-28T12:06:18+09:00,added,n53052c1a66e5,m6404657ebb8f
2026-07-28T15:43:00+09:00,added,n53052c1a66e5,mba07f6638f58
2026-07-28T19:30:06+09:00,added,naaa24e5d67fb,m18ce7f4227d1
2026-07-28T22:35:31+09:00,added,ne5d2398b71db,m8db5f74539a3
2026-07-28T22:35:31+09:00,added,ne5d2398b71db,ma415290738a4
2026-07-28T22:35:31+09:00,added,ne5d2398b71db,m038e1ac8e7ad
2026-07-28T22:35:31+09:00,added,ne5d2398b71db,m38c6d06537bf
2026-07-28T22:35:31+09:00,added,ne5d2398b71db,mb19b15db09e6
2026-07-28T22:35:31+09:00,added,ne5d2398b71db,mad8d2935fc54
2026-07-28T22:35:31+09:00,added,ne5d2398b71db,m54b2ccd56b12
2026-07-28T22:35:31+09:00,added,ne5d2398b71db,m62e5b43b8c13
2026-07-28T22:35:31+09:00,added,ne5d2398b71db,mfc9d03c23504
2026-07-28T22:35:31+09:00,added,ne5d2398b71db,m2e9b901b1ba9
2026-07-28T22:35:31+09:00,added,ne5d2398b71db,m743c88e4a3b2
2026-07-28T22:35:31+09:00,added,ne5d2398b71db,m78e1caab29a1
2026-07-28T22:35:31+09:00,added,ne5d2398b71db,m0a4b0dfbdb55
2026-07-28T22:35:31+09:00,added,ne5d2398b71db,m531dee90a84a
2026-07-28T22:35:31+09:00,added,ne5d2398b71db,m025e0da52a87
2026-07-28T22:35:31+09:00,added,ne5d2398b71db,m7ae6f1512188
2026-07-28T22:35:31+09:00,added,ne5d2398b71db,mb80e8e661ebe
2026-07-28T22:35:31+09:00,added,n44a4759d8cb4,m92f1af23610d
2026-07-29T02:47:40+09:00,added,ne5d2398b71db,m918183fc26a4
2026-07-29T02:47:40+09:00,added,ne5d2398b71db,m192171037579
2026-07-29T02:47:40+09:00,added,n7196653db72b,m192171037579
2026-07-29T06:16:25+09:00,added,ne5d2398b71db,mcf500208b8d9
2026-07-29T06:16:25+09:00,added,naaa24e5d67fb,m4eb56c8bcbc2
2026-07-29T12:25:54+09:00,added,ne5d2398b71db,m0921d4d120a8
2026-07-29T12:25:54+09:00,added,ne5d2398b71db,m6d3400fb7014
2026-07-29T12:25:54+09:00,added,ne5d2398b71db,me609ab2c7895
2026-07-29T15:48:01+09:00,added,ne5d2398b71db,m0675215a66e7
2026-07-29T15:48:01+09:00,added,ne5d2398b71db,mc08cb4916e00
2026-07-29T15:48:01+09:00,added,n53052c1a66e5,ma5bd9f7c40cf
2026-07-29T15:48:01+09:00,added,n53052c1a66e5,m651aaa4e52a9
2026-07-29T19:35:14+09:00,added,n37180fe24b18,m43692d4ce4da
2026-07-29T19:35:14+09:00,added,ne5d2398b71db,me50627303786
2026-07-29T19:35:14+09:00,added,ne5d2398b71db,m43692d4ce4da
2026-07-29T19:35:14+09:00,added,n7196653db72b,me50627303786
2026-07-29T19:35:14+09:00,added,n7196653db72b,m43692d4ce4da
2026-07-29T19:35:14+09:00,removed,n4ea538f6e346,m789eaefb24b6
2026-07-29T19:35:14+09:00,removed,n4ea538f6e346,mcb36bd4f7fc0
2026-07-29T22:49:57+09:00,added,n930ee3735e2b,m6d3400fb7014
2026-07-29T22:49:57+09:00,added,n930ee3735e2b,mad8d2935fc54
2026-07-29T22:49:57+09:00,added,n930ee3735e2b,m743c88e4a3b2
2026-07-29T22:49:57+09:00,added,n930ee3735e2b,m78e1caab29a1
2026-07-29T22:49:57+09:00,added,n930ee3735e2b,ma9699950aa28
2026-07-29T22:49:57+09:00,added,n930ee3735e2b,m531dee90a84a
2026-07-29T22:49:57+09:00,added,n930ee3735e2b,m62e5b43b8c13
2026-07-29T22:49:57+09:00,added,n930ee3735e2b,m2df62a6b1a97
2026-07-30T02:28:53+09:00,added,n930ee3735e2b,mfc9d03c23504
2026-07-30T02:28:53+09:00,added,n930ee3735e2b,m2e9b901b1ba9
2026-07-30T02:28:53+09:00,added,n930ee3735e2b,m7ae6f1512188
2026-07-30T02:28:53+09:00,added,n930ee3735e2b,m51c22ff2596c
2026-07-30T06:03:36+09:00,added,n930ee3735e2b,m2ca4e8ea4f14
2026-07-30T06:03:36+09:00,added,ne5d2398b71db,m2ca4e8ea4f14
2026-07-30T11:58:39+09:00,added,n930ee3735e2b,m54b2ccd56b12
2026-07-30T11:58:39+09:00,added,n930ee3735e2b,mcf500208b8d9
2026-07-30T15:43:41+09:00,added,n930ee3735e2b,m0675215a66e7
2026-07-30T19:18:22+09:00,added,n930ee3735e2b,m192171037579
2026-07-30T19:18:22+09:00,added,n930ee3735e2b,m4c7f1907bb74
2026-07-30T19:18:22+09:00,added,n930ee3735e2b,m60fb5d15f701
2026-07-30T19:18:22+09:00,added,n930ee3735e2b,m65311ee25e9f
2026-07-30T22:32:00+09:00,added,n79b0b5a52814,m84b3ab7d847f
2026-07-30T22:32:00+09:00,added,n79b0b5a52814,ma9699950aa28
2026-07-30T22:32:00+09:00,added,n79b0b5a52814,mad8d2935fc54
2026-07-30T22:32:00+09:00,added,n79b0b5a52814,m7325f611df66
2026-07-30T22:32:00+09:00,added,n79b0b5a52814,m0675215a66e7
2026-07-30T22:32:00+09:00,added,n79b0b5a52814,m1bd9f36ee13c
2026-07-30T22:32:00+09:00,added,n930ee3735e2b,m025e0da52a87
2026-07-30T22:32:00+09:00,added,n96c1bb258c1f,m78e1caab29a1
2026-07-31T02:49:23+09:00,added,n37180fe24b18,mf828f565c2ce
2026-07-31T02:49:23+09:00,added,n79b0b5a52814,m2e9b901b1ba9
2026-07-31T02:49:23+09:00,added,n79b0b5a52814,m7ae6f1512188
2026-07-31T02:49:23+09:00,added,n79b0b5a52814,m62e5b43b8c13
2026-07-31T02:49:23+09:00,added,n79b0b5a52814,m192171037579
2026-07-31T06:22:59+09:00,added,n79b0b5a52814,mcf500208b8d9
2026-07-31T12:41:12+09:00,added,n79b0b5a52814,m05948736e17f
2026-07-31T12:41:12+09:00,added,n79b0b5a52814,m5c9c88eb4983
2026-07-31T12:41:12+09:00,added,ne5d2398b71db,m2607ec702a74
2026-07-31T12:41:12+09:00,added,n4cf42255198b,m756da97337a3
2026-07-31T12:41:12+09:00,added,n44a4759d8cb4,m756da97337a3
2026-07-31T19:35:35+09:00,added,n44a4759d8cb4,m16384598a49a
2026-07-31T22:35:16+09:00,added,n37180fe24b18,mb51cac3eb611
2026-07-31T22:35:16+09:00,added,na49a6c116843,m025e0da52a87
2026-07-31T22:35:16+09:00,added,na49a6c116843,mad8d2935fc54
2026-07-31T22:35:16+09:00,added,na49a6c116843,m0675215a66e7
2026-07-31T22:35:16+09:00,added,na49a6c116843,m531dee90a84a
2026-07-31T22:35:16+09:00,added,na49a6c116843,m2607ec702a74
2026-07-31T22:35:16+09:00,added,n79b0b5a52814,m531dee90a84a
2026-08-01T02:55:31+09:00,added,na49a6c116843,m8db5f74539a3
2026-08-01T02:55:31+09:00,added,na49a6c116843,ma415290738a4
2026-08-01T02:55:31+09:00,added,na49a6c116843,m038e1ac8e7ad
2026-08-01T02:55:31+09:00,added,na49a6c116843,m38c6d06537bf
2026-08-01T02:55:31+09:00,added,na49a6c116843,mba07f6638f58
2026-08-01T02:55:31+09:00,added,na49a6c116843,m78e1caab29a1
2026-08-01T02:55:31+09:00,added,na49a6c116843,m743c88e4a3b2
2026-08-01T02:55:31+09:00,added,na49a6c116843,mfa1cb167e2a1
2026-08-01T02:55:31+09:00,added,na49a6c116843,m1e77a2ceb57c
2026-08-01T02:55:31+09:00,added,na49a6c116843,mfc9d03c23504
2026-08-01T02:55:31+09:00,added,na49a6c116843,m2e9b901b1ba9
2026-08-01T02:55:31+09:00,added,na49a6c116843,m62e5b43b8c13
2026-08-01T02:55:31+09:00,added,na49a6c116843,m7ae6f1512188
2026-08-01T02:55:31+09:00,added,na49a6c116843,mb80e8e661ebe
2026-08-01T06:12:20+09:00,added,na49a6c116843,m15eaa084e299
2026-08-01T06:12:20+09:00,added,na49a6c116843,m54b2ccd56b12
2026-08-01T12:41:53+09:00,added,na49a6c116843,m5ac9cdad97ee
2026-08-01T12:41:53+09:00,added,na49a6c116843,me50627303786
2026-08-01T12:41:53+09:00,added,na49a6c116843,m7325f611df66
2026-08-01T12:41:53+09:00,added,na49a6c116843,m192171037579
2026-08-01T12:41:53+09:00,added,n79b0b5a52814,m6404657ebb8f
2026-08-01T15:45:36+09:00,added,na49a6c116843,mcf500208b8d9
2026-08-01T15:45:36+09:00,added,na49a6c116843,ma9699950aa28
2026-08-01T18:57:24+09:00,added,na49a6c116843,m8f8cb1f85570
2026-08-01T18:57:24+09:00,added,na49a6c116843,m3ce42393f8fa
2026-08-01T18:57:24+09:00,added,na49a6c116843,m547e9622e50b
2026-08-01T18:57:24+09:00,added,na49a6c116843,mb3dc2cd9766e
2026-08-01T21:59:30+09:00,added,nbdfa14a7573d,m84b3ab7d847f
2026-08-01T21:59:30+09:00,added,nbdfa14a7573d,mad8d2935fc54
2026-08-01T21:59:30+09:00,added,nbdfa14a7573d,m6d3400fb7014
2026-08-01T21:59:30+09:00,added,nbdfa14a7573d,mcb270ee08c0a
2026-08-01T21:59:30+09:00,added,nbdfa14a7573d,m78e1caab29a1
2026-08-01T21:59:30+09:00,added,nbdfa14a7573d,m54b2ccd56b12
2026-08-01T21:59:30+09:00,added,nbdfa14a7573d,m824b5344ce5f
2026-08-01T21:59:30+09:00,added,na49a6c116843,m5c9c88eb4983
2026-08-01T21:59:30+09:00,added,na49a6c116843,m4eb56c8bcbc2
2026-08-02T02:14:31+09:00,added,nbdfa14a7573d,mc08cb4916e00
2026-08-02T02:14:31+09:00,added,nbdfa14a7573d,m7ae6f1512188
2026-08-02T02:14:31+09:00,added,nbdfa14a7573d,mb80e8e661ebe
2026-08-02T02:14:31+09:00,added,nbdfa14a7573d,m2e9b901b1ba9
2026-08-02T02:14:31+09:00,added,nbdfa14a7573d,mfc9d03c23504
2026-08-02T02:14:31+09:00,added,nbdfa14a7573d,m192171037579
2026-08-02T02:14:31+09:00,added,nbdfa14a7573d,m38c6d06537bf
2026-08-02T02:14:31+09:00,added,nbdfa14a7573d,m038e1ac8e7ad
2026-08-02T02:14:31+09:00,added,nbdfa14a7573d,m531dee90a84a
2026-08-02T02:14:31+09:00,added,na49a6c116843,m7a21f46f35fa
2026-08-02T02:14:31+09:00,added,na49a6c116843,mc08cb4916e00
2026-08-02T02:14:31+09:00,added,na49a6c116843,m824b5344ce5f
2026-08-02T02:14:31+09:00,added,na49a6c116843,m5ca58e6bf38b
2026-08-02T02:14:31+09:00,added,na49a6c116843,m19b3b433abf2
2026-08-02T02:14:31+09:00,added,n79b0b5a52814,m824b5344ce5f
2026-08-02T06:01:46+09:00,added,na49a6c116843,md929b2a701ae
2026-08-02T06:01:46+09:00,added,na49a6c116843,m6d69812caeed
2026-08-02T06:01:46+09:00,added,na49a6c116843,mcff9b6cb3037
2026-08-02T12:42:22+09:00,added,nbdfa14a7573d,m025e0da52a87
2026-08-02T12:42:22+09:00,added,nbdfa14a7573d,m62e5b43b8c13
2026-08-02T12:42:22+09:00,added,nbdfa14a7573d,m7325f611df66
2026-08-02T12:42:22+09:00,added,na49a6c116843,m7ea1e4417851
2026-08-02T12:42:22+09:00,added,na49a6c116843,mde383664206c
2026-08-02T12:42:22+09:00,added,na49a6c116843,mc4ce378cb7b9
2026-08-02T15:49:07+09:00,removed,n37180fe24b18,m51c22ff2596c
2026-08-02T15:49:07+09:00,added,nbdfa14a7573d,mcf500208b8d9
2026-08-02T15:49:07+09:00,added,nbdfa14a7573d,mde4c96ef2f7a
2026-08-02T15:49:07+09:00,added,na49a6c116843,m6d3400fb7014
2026-08-02T15:49:07+09:00,removed,n930ee3735e2b,m51c22ff2596c
2026-08-02T15:49:07+09:00,removed,n7196653db72b,m51c22ff2596c
2026-08-02T15:49:07+09:00,removed,n53052c1a66e5,m51c22ff2596c
2026-08-02T15:49:07+09:00,removed,naaa24e5d67fb,m51c22ff2596c
2026-08-02T15:49:07+09:00,removed,n44a4759d8cb4,m51c22ff2596c
2026-08-02T15:49:07+09:00,removed,n00cdb7ef39e4,m51c22ff2596c
2026-08-02T15:49:07+09:00,removed,n3d78bf798ea8,m51c22ff2596c
2026-08-02T15:49:07+09:00,removed,n92b389bf6a52,m51c22ff2596c
2026-08-02T15:49:07+09:00,removed,n771544dd99ad,m51c22ff2596c
2026-08-02T15:49:07+09:00,removed,nb344afe9e330,m51c22ff2596c
2026-08-02T15:49:07+09:00,removed,n1df9439557ed,m51c22ff2596c
2026-08-02T15:49:07+09:00,removed,n86e207daeadb,m51c22ff2596c
2026-08-02T15:49:07+09:00,removed,nb5a99eccbd28,m51c22ff2596c
2026-08-02T15:49:07+09:00,removed,ne36d519dba41,m51c22ff2596c
2026-08-02T15:49:07+09:00,removed,ncaced040519c,m51c22ff2596c
2026-08-02T15:49:07+09:00,removed,na9be34788a11,m51c22ff2596c
2026-08-02T15:49:07+09:00,removed,nf76f342c75d0,m51c22ff2596c
2026-08-02T15:49:07+09:00,removed,n8897f780eb77,m51c22ff2596c
2026-08-02T15:49:07+09:00,removed,n0de537d1a997,m51c22ff2596c
2026-08-02T15:49:07+09:00,removed,n883747279652,m51c22ff2596c
2026-08-02T15:49:07+09:00,removed,n8da60030d801,m51c22ff2596c
2026-08-02T15:49:07+09:00,removed,n7f69dd99b56d,m51c22ff2596c
2026-08-02T15:49:07+09:00,removed,n6660eef00c42,m51c22ff2596c
2026-08-02T15:49:07+09:00,removed,n6525c6807e71,m51c22ff2596c
2026-08-02T15:49:07+09:00,removed,n99cda2d9a3dc,m51c22ff2596c
2026-08-02T15:49:07+09:00,removed,n6fbe8b5c599f,m51c22ff2596c
2026-08-02T15:49:07+09:00,removed,n1e01b806de34,m51c22ff2596c
2026-08-02T15:49:07+09:00,removed,n2e6dbf5a4530,m51c22ff2596c
2026-08-02T15:49:07+09:00,removed,nd031677ca945,m51c22ff2596c
2026-08-02T15:49:07+09:00,removed,n1241fc2881c7,m51c22ff2596c
2026-08-02T18:56:51+09:00,added,nbdfa14a7573d,m521b1f5e6d21
2026-08-02T18:56:51+09:00,added,nbdfa14a7573d,md9368566ac59
2026-08-02T22:02:32+09:00,added,n37180fe24b18,m23bf4d1d2800
2026-08-02T22:02:32+09:00,added,n57aa29e04165,m7ae6f1512188
2026-08-02T22:02:32+09:00,added,n57aa29e04165,mb80e8e661ebe
2026-08-02T22:02:32+09:00,added,n57aa29e04165,m84b3ab7d847f
2026-08-02T22:02:32+09:00,added,n57aa29e04165,m0675215a66e7
2026-08-02T22:02:32+09:00,added,n57aa29e04165,m1bd9f36ee13c
2026-08-02T22:02:32+09:00,added,n57aa29e04165,mb02476cbe007
2026-08-02T22:02:32+09:00,added,n57aa29e04165,md1d64f3e53b1
2026-08-02T22:02:32+09:00,added,n57aa29e04165,m78e1caab29a1
2026-08-02T22:02:32+09:00,added,n57aa29e04165,m531dee90a84a
2026-08-02T22:02:32+09:00,added,n57aa29e04165,me50627303786
2026-08-02T22:02:32+09:00,added,n57aa29e04165,m5c9c88eb4983
2026-08-02T22:02:32+09:00,added,n57aa29e04165,m54b2ccd56b12
2026-08-02T22:02:32+09:00,added,n57aa29e04165,m62e5b43b8c13
2026-08-02T22:02:32+09:00,added,n57aa29e04165,m025e0da52a87
2026-08-02T22:02:32+09:00,added,n57aa29e04165,m5ca58e6bf38b
2026-08-02T22:02:32+09:00,added,n57aa29e04165,m19b3b433abf2
2026-08-02T22:02:32+09:00,added,n57aa29e04165,mfc9d03c23504
2026-08-02T22:02:32+09:00,added,n57aa29e04165,m2e9b901b1ba9
2026-08-02T22:02:32+09:00,added,nbdfa14a7573d,m0675215a66e7
2026-08-02T22:02:32+09:00,added,nbdfa14a7573d,m0c630cc12b41
2026-08-03T02:14:55+09:00,added,n57aa29e04165,md1868a762043
2026-08-03T02:14:55+09:00,added,n57aa29e04165,m756da97337a3
2026-08-03T02:14:55+09:00,added,n57aa29e04165,mcf500208b8d9
2026-08-03T02:14:55+09:00,added,n57aa29e04165,m192171037579
2026-08-03T02:14:55+09:00,added,nbdfa14a7573d,md1d64f3e53b1
2026-08-03T12:42:43+09:00,added,n57aa29e04165,m743c88e4a3b2
2026-08-03T12:42:43+09:00,added,n57aa29e04165,m0921d4d120a8
2026-08-03T12:42:43+09:00,added,nbdfa14a7573d,m743c88e4a3b2
2026-08-03T12:42:43+09:00,added,n79b0b5a52814,md1868a762043
2026-08-03T12:42:43+09:00,added,n79b0b5a52814,m92f1af23610d
2026-08-03T16:46:15+09:00,added,n57aa29e04165,ma9699950aa28
2026-08-03T16:46:15+09:00,added,n57aa29e04165,maa1d249b4b4f
2026-08-03T16:46:15+09:00,removed,n57aa29e04165,m62e5b43b8c13
2026-08-03T16:46:15+09:00,removed,nbdfa14a7573d,m62e5b43b8c13
2026-08-03T16:46:15+09:00,removed,na49a6c116843,m62e5b43b8c13
2026-08-03T16:46:15+09:00,removed,n79b0b5a52814,m62e5b43b8c13
2026-08-03T16:46:15+09:00,removed,n930ee3735e2b,m62e5b43b8c13
2026-08-03T16:46:15+09:00,removed,ne5d2398b71db,m62e5b43b8c13
2026-08-03T16:46:15+09:00,removed,n7196653db72b,m62e5b43b8c13
2026-08-03T16:46:15+09:00,removed,n53052c1a66e5,m62e5b43b8c13
2026-08-03T16:46:15+09:00,removed,n4cf42255198b,m62e5b43b8c13
2026-08-03T16:46:15+09:00,removed,naaa24e5d67fb,m62e5b43b8c13
2026-08-03T16:46:15+09:00,removed,n44a4759d8cb4,m62e5b43b8c13
2026-08-03T16:46:15+09:00,removed,n00cdb7ef39e4,m62e5b43b8c13
2026-08-03T16:46:15+09:00,removed,nf0e4ca70189a,m62e5b43b8c13
2026-08-03T16:46:15+09:00,removed,n3d78bf798ea8,m62e5b43b8c13
2026-08-03T16:46:15+09:00,removed,n6a1225a817bb,m62e5b43b8c13
2026-08-03T16:46:15+09:00,removed,n92b389bf6a52,m62e5b43b8c13
2026-08-03T16:46:15+09:00,removed,n771544dd99ad,m62e5b43b8c13
2026-08-03T16:46:15+09:00,removed,nb344afe9e330,m62e5b43b8c13
2026-08-03T16:46:15+09:00,removed,n1df9439557ed,m62e5b43b8c13
2026-08-03T16:46:15+09:00,removed,n37b3042e2b70,m62e5b43b8c13
2026-08-03T16:46:15+09:00,removed,n86e207daeadb,m62e5b43b8c13
2026-08-03T16:46:15+09:00,removed,nb5a99eccbd28,m62e5b43b8c13
2026-08-03T20:19:48+09:00,added,n144ef9f988f2,mad8d2935fc54
2026-08-03T20:19:48+09:00,added,n144ef9f988f2,m84b3ab7d847f
2026-08-03T20:19:48+09:00,added,n144ef9f988f2,m5ff00c6a2d49
2026-08-03T20:19:48+09:00,added,n144ef9f988f2,m192171037579
2026-08-03T20:19:48+09:00,added,n144ef9f988f2,m743c88e4a3b2
2026-08-03T20:19:48+09:00,added,n144ef9f988f2,m3ec67f102868
2026-08-03T20:19:48+09:00,added,n57aa29e04165,m3ce42393f8fa
2026-08-03T20:19:48+09:00,added,nbdfa14a7573d,m5ca58e6bf38b
2026-08-03T20:19:48+09:00,added,nbdfa14a7573d,m19b3b433abf2
2026-08-03T20:19:48+09:00,added,na49a6c116843,m26d93ca7080b
2026-08-04T03:05:56+09:00,added,n144ef9f988f2,m78e1caab29a1
2026-08-04T03:05:56+09:00,added,n144ef9f988f2,m1bd9f36ee13c
2026-08-04T03:05:56+09:00,added,n57aa29e04165,m6d69812caeed
2026-08-04T03:05:56+09:00,added,n57aa29e04165,mcff9b6cb3037
2026-08-04T03:05:56+09:00,added,na49a6c116843,m05948736e17f
2026-08-04T12:25:38+09:00,added,n144ef9f988f2,m7325f611df66
2026-08-04T12:25:38+09:00,added,n144ef9f988f2,mcf500208b8d9
2026-08-04T12:25:38+09:00,added,n144ef9f988f2,ma9699950aa28
2026-08-04T12:25:38+09:00,added,n57aa29e04165,ma5bd9f7c40cf
2026-08-04T12:25:38+09:00,added,n57aa29e04165,m651aaa4e52a9
2026-08-04T12:25:38+09:00,added,n57aa29e04165,m547e9622e50b
2026-08-04T12:25:38+09:00,added,n57aa29e04165,mb3dc2cd9766e
2026-08-04T19:34:40+09:00,added,n144ef9f988f2,m7ae6f1512188
2026-08-04T19:34:40+09:00,added,n144ef9f988f2,mb80e8e661ebe
2026-08-04T22:52:22+09:00,added,nf7fce8398017,m84b3ab7d847f
2026-08-04T22:52:22+09:00,added,nf7fce8398017,mcf500208b8d9
2026-08-04T22:52:22+09:00,added,nf7fce8398017,mad8d2935fc54
2026-08-04T22:52:22+09:00,added,nf7fce8398017,m1bd9f36ee13c
2026-08-04T22:52:22+09:00,added,nf7fce8398017,m78e1caab29a1
2026-08-04T22:52:22+09:00,added,nf7fce8398017,m7ae6f1512188
2026-08-04T22:52:22+09:00,added,nf7fce8398017,mb80e8e661ebe
2026-08-05T03:02:09+09:00,added,nf7fce8398017,m192171037579
2026-08-05T12:06:36+09:00,added,nf7fce8398017,ma9699950aa28
2026-08-05T12:06:36+09:00,added,nf7fce8398017,m025e0da52a87
2026-08-05T12:06:36+09:00,added,nf7fce8398017,mcdf4ee972bd9
2026-08-05T12:06:36+09:00,added,nf7fce8398017,m6d3400fb7014
2026-08-05T12:06:36+09:00,added,n144ef9f988f2,m163dc37f6ff3
2026-08-05T12:06:36+09:00,added,n144ef9f988f2,mcdf4ee972bd9
2026-08-05T15:45:07+09:00,added,nf7fce8398017,mb3dc2cd9766e
2026-08-05T15:45:07+09:00,added,na49a6c116843,mb607a414c367
2026-08-05T19:30:58+09:00,added,nf7fce8398017,m5c9c88eb4983
2026-08-05T19:30:58+09:00,added,nf7fce8398017,mfa805cb12706
2026-08-05T19:30:58+09:00,added,n144ef9f988f2,m7de26e2e10de
2026-08-05T22:40:36+09:00,added,nd9a51dd65384,m78e1caab29a1
2026-08-05T22:40:36+09:00,added,nd9a51dd65384,m84b3ab7d847f
2026-08-05T22:40:36+09:00,added,nd9a51dd65384,m743c88e4a3b2
2026-08-05T22:40:36+09:00,added,nd9a51dd65384,mcf500208b8d9
2026-08-05T22:40:36+09:00,added,nf7fce8398017,m743c88e4a3b2
2026-08-06T02:54:57+09:00,added,n37180fe24b18,me2d300fe8fb9
2026-08-06T02:54:57+09:00,added,nd9a51dd65384,m1bd9f36ee13c
2026-08-06T02:54:57+09:00,added,nd9a51dd65384,m7ae6f1512188
2026-08-06T02:54:57+09:00,added,nd9a51dd65384,mb80e8e661ebe
2026-08-06T12:24:03+09:00,added,nd9a51dd65384,m05948736e17f
2026-08-06T12:24:03+09:00,added,nd9a51dd65384,m7325f611df66
2026-08-06T12:24:03+09:00,added,nd9a51dd65384,mcdf4ee972bd9
2026-08-06T12:24:03+09:00,added,nd9a51dd65384,m5c9c88eb4983
2026-08-06T12:24:03+09:00,added,nf7fce8398017,m768b3f4cf6e4
2026-08-06T15:47:50+09:00,added,nd9a51dd65384,ma9699950aa28
2026-08-06T19:33:41+09:00,added,nd9a51dd65384,m54b2ccd56b12
2026-08-06T19:33:41+09:00,added,nd9a51dd65384,m4c7f1907bb74
2026-08-06T19:33:41+09:00,added,nd9a51dd65384,m0675215a66e7
2026-08-06T19:33:41+09:00,added,nf7fce8398017,mf435ee6b02b1
2026-08-06T19:33:41+09:00,added,n4ea538f6e346,mfa1cb167e2a1
2026-08-06T19:33:41+09:00,added,n4ea538f6e346,m1e77a2ceb57c
2026-08-06T22:39:14+09:00,added,nc96fce0a6176,m824b5344ce5f
2026-08-06T22:39:14+09:00,added,nc96fce0a6176,m0675215a66e7
2026-08-06T22:39:14+09:00,added,nc96fce0a6176,mad8d2935fc54
2026-08-06T22:39:14+09:00,added,nc96fce0a6176,m192171037579
2026-08-06T22:39:14+09:00,added,nc96fce0a6176,ma9699950aa28
2026-08-06T22:39:14+09:00,added,nc96fce0a6176,m7ea1e4417851
2026-08-06T22:39:14+09:00,added,nc96fce0a6176,m531dee90a84a
2026-08-06T22:39:14+09:00,added,nd9a51dd65384,m192171037579
2026-08-06T22:39:14+09:00,added,n79b0b5a52814,m78e1caab29a1
2026-08-06T22:39:14+09:00,added,n6fbe8b5c599f,m0b286159dafd
2026-08-06T22:39:14+09:00,removed,n6fbe8b5c599f,ma3d4166b6e2d
2026-08-07T10:02:49+09:00,added,nc96fce0a6176,mf435ee6b02b1
2026-08-07T10:02:49+09:00,added,nc96fce0a6176,m7ae6f1512188
2026-08-07T10:02:49+09:00,added,nc96fce0a6176,mb80e8e661ebe
2026-08-07T10:02:49+09:00,added,nc96fce0a6176,m6404657ebb8f
2026-08-07T10:02:49+09:00,added,nc96fce0a6176,m7325f611df66
2026-08-07T10:02:49+09:00,added,nc96fce0a6176,m5859f3e37b5f
2026-08-07T10:02:49+09:00,added,nd9a51dd65384,mad8d2935fc54
2026-08-07T12:04:27+09:00,added,nc96fce0a6176,m16095e384518
2026-08-07T12:04:27+09:00,added,nc96fce0a6176,m0921d4d120a8
2026-08-07T14:55:39+09:00,added,nc96fce0a6176,me50627303786
2026-08-07T17:53:55+09:00,added,nc96fce0a6176,m5ca58e6bf38b
2026-08-07T17:53:55+09:00,added,nc96fce0a6176,m19b3b433abf2
2026-08-07T17:53:55+09:00,added,nc96fce0a6176,m54b2ccd56b12
2026-08-07T17:53:55+09:00,added,nc96fce0a6176,m05948736e17f
2026-08-07T17:53:55+09:00,added,nf7fce8398017,m8f8cb1f85570
2026-08-07T17:53:55+09:00,added,nf7fce8398017,mb9375001cfe6
2026-08-07T17:53:55+09:00,added,n144ef9f988f2,mb9375001cfe6
2026-08-07T17:53:55+09:00,added,nbdfa14a7573d,m0a4b0dfbdb55
2026-08-07T17:53:55+09:00,added,n4ea538f6e346,mef3e6ed657c6
2026-08-07T17:53:55+09:00,added,n4ea538f6e346,mcc2948f75d37
2026-08-07T21:45:50+09:00,added,na9255bda98a3,m192171037579
2026-08-07T21:45:50+09:00,added,na9255bda98a3,m84b3ab7d847f
2026-08-07T21:45:50+09:00,added,na9255bda98a3,m38c6d06537bf
2026-08-07T21:45:50+09:00,added,na9255bda98a3,ma415290738a4
2026-08-07T21:45:50+09:00,added,na9255bda98a3,m8db5f74539a3
2026-08-07T21:45:50+09:00,added,na9255bda98a3,mad8d2935fc54
2026-08-07T21:45:50+09:00,added,nc96fce0a6176,m38c6d06537bf
2026-08-07T21:45:50+09:00,added,nc96fce0a6176,mcff9b6cb3037
2026-08-07T21:45:50+09:00,added,nc96fce0a6176,m6d69812caeed
2026-08-07T21:45:50+09:00,added,nf7fce8398017,m38c6d06537bf
2026-08-07T21:45:50+09:00,added,n144ef9f988f2,mef3e6ed657c6
2026-08-08T02:07:23+09:00,added,na9255bda98a3,m78e1caab29a1
2026-08-08T02:07:23+09:00,added,na9255bda98a3,mfc9d03c23504
2026-08-08T02:07:23+09:00,added,na9255bda98a3,m2e9b901b1ba9
2026-08-08T02:07:23+09:00,added,na9255bda98a3,m743c88e4a3b2
2026-08-08T02:07:23+09:00,added,na9255bda98a3,m5c9c88eb4983
2026-08-08T02:07:23+09:00,added,na9255bda98a3,m7ae6f1512188
2026-08-08T02:07:23+09:00,added,na9255bda98a3,mb80e8e661ebe
2026-08-08T02:07:23+09:00,added,nc96fce0a6176,mba07f6638f58
2026-08-08T02:07:23+09:00,added,nf7fce8398017,mba07f6638f58
2026-08-08T05:48:44+09:00,added,na9255bda98a3,m4eb56c8bcbc2
2026-08-08T11:11:23+09:00,added,na9255bda98a3,m70ac2bb15041
2026-08-08T11:11:23+09:00,added,nf7fce8398017,m0f463c3ff4e5
2026-08-08T14:14:17+09:00,added,na9255bda98a3,mf435ee6b02b1
2026-08-08T14:14:17+09:00,added,na9255bda98a3,ma9699950aa28
2026-08-08T14:14:17+09:00,added,nbdfa14a7573d,m0b286159dafd
2026-08-08T17:34:56+09:00,added,na9255bda98a3,m0921d4d120a8
2026-08-08T17:34:56+09:00,added,na9255bda98a3,m6404657ebb8f
2026-08-08T17:34:56+09:00,added,na9255bda98a3,m1bd9f36ee13c
2026-08-08T17:34:56+09:00,added,nc96fce0a6176,m9fa336911ab4
2026-08-08T17:34:56+09:00,added,nc96fce0a6176,m26b7851f96e9
2026-08-08T17:34:56+09:00,added,nd9a51dd65384,mfc9d03c23504
2026-08-08T17:34:56+09:00,added,nd9a51dd65384,m2e9b901b1ba9
2026-08-08T17:34:56+09:00,added,nd9a51dd65384,m531dee90a84a
2026-08-08T21:31:39+09:00,added,n943380c51f10,m531dee90a84a
2026-08-08T21:31:39+09:00,added,n943380c51f10,m78e1caab29a1
2026-08-08T21:31:39+09:00,added,n943380c51f10,md9368566ac59
2026-08-08T21:31:39+09:00,added,n943380c51f10,m1bd9f36ee13c
2026-08-09T01:48:38+09:00,added,n943380c51f10,m54b2ccd56b12
2026-08-09T01:48:38+09:00,added,n943380c51f10,mad8d2935fc54
2026-08-09T01:48:38+09:00,added,na9255bda98a3,m6d69812caeed
2026-08-09T01:48:38+09:00,added,na9255bda98a3,mcff9b6cb3037
2026-08-09T05:38:00+09:00,added,n930ee3735e2b,meab69fa4da87
2026-08-09T14:22:43+09:00,added,n943380c51f10,m7ae6f1512188
2026-08-09T14:22:43+09:00,added,n943380c51f10,mb80e8e661ebe
2026-08-09T14:22:43+09:00,added,nc96fce0a6176,mb51cac3eb611
2026-08-09T21:33:34+09:00,added,n223d7187c880,m1bd9f36ee13c
2026-08-09T21:33:34+09:00,added,n223d7187c880,mcb270ee08c0a
2026-08-09T21:33:34+09:00,added,n223d7187c880,m6d3400fb7014
2026-08-09T21:33:34+09:00,added,n223d7187c880,m5ca58e6bf38b
2026-08-09T21:33:34+09:00,added,n223d7187c880,m19b3b433abf2
2026-08-09T21:33:34+09:00,added,n223d7187c880,m192171037579
2026-08-09T21:33:34+09:00,added,n943380c51f10,m0a4b0dfbdb55
2026-08-09T21:33:34+09:00,added,n943380c51f10,me50627303786
2026-08-09T21:33:34+09:00,added,n943380c51f10,m0921d4d120a8
2026-08-09T21:33:34+09:00,added,na9255bda98a3,me50627303786
2026-08-10T01:51:16+09:00,added,n223d7187c880,m5c9c88eb4983
2026-08-10T01:51:16+09:00,added,n223d7187c880,m78e1caab29a1
2026-08-10T01:51:16+09:00,added,n223d7187c880,mfc9d03c23504
2026-08-10T01:51:16+09:00,added,n223d7187c880,m2e9b901b1ba9
2026-08-10T01:51:16+09:00,added,n223d7187c880,m54b2ccd56b12
2026-08-10T01:51:16+09:00,added,n223d7187c880,m7ae6f1512188
2026-08-10T01:51:16+09:00,added,n223d7187c880,mb80e8e661ebe
2026-08-10T01:51:16+09:00,added,n223d7187c880,mad8d2935fc54
2026-08-10T01:51:16+09:00,added,n223d7187c880,ma9699950aa28
2026-08-10T01:51:16+09:00,added,n943380c51f10,m2e9b901b1ba9
2026-08-10T01:51:16+09:00,added,n943380c51f10,mfc9d03c23504
2026-08-10T01:51:16+09:00,added,n930ee3735e2b,mf435ee6b02b1
2026-08-10T05:40:50+09:00,added,n943380c51f10,m4967eb72153a
2026-08-10T11:23:12+09:00,added,n223d7187c880,m9bae587a92bc
2026-08-10T11:23:12+09:00,added,n223d7187c880,mf815c8f3b6d2
2026-08-10T11:23:12+09:00,added,n943380c51f10,md1868a762043
2026-08-10T11:23:12+09:00,added,n943380c51f10,m547e9622e50b
2026-08-10T11:23:12+09:00,added,n943380c51f10,mb3dc2cd9766e
2026-08-10T14:49:52+09:00,added,n223d7187c880,mb9375001cfe6
2026-08-10T14:49:52+09:00,added,n223d7187c880,m7325f611df66
2026-08-10T14:49:52+09:00,added,n223d7187c880,mcff9b6cb3037
2026-08-10T14:49:52+09:00,added,n223d7187c880,m6d69812caeed
2026-08-10T14:49:52+09:00,added,n223d7187c880,mfa805cb12706
2026-08-10T14:49:52+09:00,added,n223d7187c880,m531dee90a84a
2026-08-10T14:49:52+09:00,added,nf7fce8398017,mfc9d03c23504
2026-08-10T18:14:24+09:00,added,nd9a51dd65384,m824b5344ce5f
2026-08-10T21:49:12+09:00,added,na16ae9e45de5,m1bd9f36ee13c
2026-08-10T21:49:12+09:00,added,na16ae9e45de5,mfc9d03c23504
2026-08-10T21:49:12+09:00,added,n223d7187c880,m18485b3d7e40
2026-08-11T02:07:36+09:00,added,na16ae9e45de5,m7ae6f1512188
2026-08-11T02:07:36+09:00,added,na16ae9e45de5,mad8d2935fc54
2026-08-11T02:07:36+09:00,added,na16ae9e45de5,mb80e8e661ebe
2026-08-11T02:07:36+09:00,added,na16ae9e45de5,md1d64f3e53b1
2026-08-11T02:07:36+09:00,added,na16ae9e45de5,m78e1caab29a1
2026-08-11T11:17:36+09:00,added,na16ae9e45de5,m60fb5d15f701
2026-08-11T11:17:36+09:00,added,n943380c51f10,m6ae142624bd7
2026-08-11T14:26:23+09:00,added,na16ae9e45de5,m547e9622e50b
2026-08-11T14:26:23+09:00,added,na16ae9e45de5,mb3dc2cd9766e
2026-08-11T14:26:23+09:00,added,na16ae9e45de5,m0921d4d120a8
2026-08-11T17:52:08+09:00,added,na16ae9e45de5,m7325f611df66
2026-08-11T17:52:08+09:00,added,na16ae9e45de5,m4c7f1907bb74
2026-08-11T21:47:06+09:00,added,ne12f2a5691da,m743c88e4a3b2
2026-08-11T21:47:06+09:00,added,ne12f2a5691da,m54b2ccd56b12
2026-08-11T21:47:06+09:00,added,ne12f2a5691da,mcdf4ee972bd9
2026-08-11T21:47:06+09:00,added,ne12f2a5691da,mad8d2935fc54
2026-08-11T21:47:06+09:00,added,na16ae9e45de5,m743c88e4a3b2
2026-08-11T21:47:06+09:00,added,na16ae9e45de5,mcdf4ee972bd9
2026-08-11T21:47:06+09:00,added,n223d7187c880,m743c88e4a3b2
2026-08-12T02:12:08+09:00,added,ne12f2a5691da,m78e1caab29a1
2026-08-12T02:12:08+09:00,added,ne12f2a5691da,m1bd9f36ee13c
2026-08-12T02:12:08+09:00,added,ne12f2a5691da,m6d69812caeed
2026-08-12T02:12:08+09:00,added,ne12f2a5691da,mcff9b6cb3037
2026-08-12T02:12:08+09:00,added,ne12f2a5691da,m23bf4d1d2800
2026-08-12T02:12:08+09:00,added,ne12f2a5691da,ma9699950aa28
2026-08-12T02:12:08+09:00,added,ne12f2a5691da,m192171037579
2026-08-12T02:12:08+09:00,added,na16ae9e45de5,m6d3400fb7014
2026-08-12T02:12:08+09:00,added,na16ae9e45de5,m0b286159dafd
2026-08-12T11:35:33+09:00,added,ne12f2a5691da,m7ae6f1512188
2026-08-12T11:35:33+09:00,added,ne12f2a5691da,mb80e8e661ebe
2026-08-12T11:35:33+09:00,added,ne12f2a5691da,md9d910e9996c
2026-08-12T11:35:33+09:00,added,ne12f2a5691da,m8e27d6f72c6a
2026-08-12T11:35:33+09:00,added,na16ae9e45de5,m54b2ccd56b12
2026-08-12T18:07:24+09:00,added,ne12f2a5691da,m0921d4d120a8
2026-08-12T18:07:24+09:00,added,na16ae9e45de5,mfa4dbb02c352
2026-08-12T21:49:19+09:00,added,nbfb3bcbad527,m84b3ab7d847f
2026-08-12T21:49:19+09:00,added,nbfb3bcbad527,m0675215a66e7
2026-08-12T21:49:19+09:00,added,nbfb3bcbad527,me15d290617c0
2026-08-12T21:49:19+09:00,added,nbfb3bcbad527,m531dee90a84a
2026-08-12T21:49:19+09:00,added,nbfb3bcbad527,m7ae6f1512188
2026-08-12T21:49:19+09:00,added,nbfb3bcbad527,mb80e8e661ebe
2026-08-12T21:49:19+09:00,added,ne12f2a5691da,m6d3400fb7014
2026-08-12T21:49:19+09:00,added,ne12f2a5691da,mc7e57883199e
2026-08-12T21:49:19+09:00,added,ne12f2a5691da,me50627303786
2026-08-12T21:49:19+09:00,added,ne12f2a5691da,m2e9b901b1ba9
2026-08-12T21:49:19+09:00,added,ne12f2a5691da,mfc9d03c23504
2026-08-12T21:49:19+09:00,added,na16ae9e45de5,mc08cb4916e00
2026-08-13T02:19:33+09:00,added,nbfb3bcbad527,m1bd9f36ee13c
2026-08-13T02:19:33+09:00,added,nbfb3bcbad527,m743c88e4a3b2
2026-08-13T02:19:33+09:00,added,nbfb3bcbad527,m78e1caab29a1
2026-08-13T02:19:33+09:00,added,nbfb3bcbad527,mc7e57883199e
2026-08-13T02:19:33+09:00,added,nbfb3bcbad527,mad8d2935fc54
2026-08-13T02:19:33+09:00,added,nbfb3bcbad527,md9d910e9996c
2026-08-13T02:19:33+09:00,added,nbfb3bcbad527,m6d69812caeed
2026-08-13T02:19:33+09:00,added,nbfb3bcbad527,m192171037579
2026-08-13T05:56:08+09:00,added,nbfb3bcbad527,m54b2ccd56b12
2026-08-13T05:56:08+09:00,added,nbfb3bcbad527,m60fb5d15f701
2026-08-13T05:56:08+09:00,added,nbfb3bcbad527,m5072685e9cf7
2026-08-13T11:38:10+09:00,added,nbfb3bcbad527,m0921d4d120a8
2026-08-13T11:38:10+09:00,added,nbfb3bcbad527,m7325f611df66
2026-08-13T11:38:10+09:00,added,nbfb3bcbad527,m5c9c88eb4983
2026-08-13T11:38:10+09:00,added,n223d7187c880,mf435ee6b02b1
2026-08-13T11:38:10+09:00,added,n223d7187c880,m2df62a6b1a97
2026-08-13T14:55:30+09:00,added,nbfb3bcbad527,md1868a762043
2026-08-13T21:51:11+09:00,added,n4e92bee4eb73,m531dee90a84a
2026-08-13T21:51:11+09:00,added,n4e92bee4eb73,m54b2ccd56b12
2026-08-13T21:51:11+09:00,added,n4e92bee4eb73,m192171037579
2026-08-13T21:51:11+09:00,added,n4e92bee4eb73,mf435ee6b02b1
2026-08-13T21:51:11+09:00,added,n4e92bee4eb73,m1bd9f36ee13c
2026-08-13T21:51:11+09:00,added,n4e92bee4eb73,m78e1caab29a1
2026-08-13T21:51:11+09:00,added,nbfb3bcbad527,m05948736e17f
2026-08-13T21:51:11+09:00,added,ne12f2a5691da,m0675215a66e7
2026-08-13T21:51:11+09:00,removed,n231bcb5278cf,m5c87df568874
2026-08-13T21:51:11+09:00,removed,nb87d04c75f02,m5c87df568874
2026-08-13T21:51:11+09:00,removed,n2da5ecdf2004,m5c87df568874
2026-08-13T21:51:11+09:00,removed,n0de537d1a997,m5c87df568874
2026-08-13T21:51:11+09:00,added,n866b2ed35bcc,m4eb56c8bcbc2
2026-08-13T21:51:11+09:00,removed,n4ea538f6e346,m5c87df568874
2026-08-14T02:17:04+09:00,added,n4e92bee4eb73,mba07f6638f58
2026-08-14T02:17:04+09:00,added,n4e92bee4eb73,m743c88e4a3b2
2026-08-14T02:17:04+09:00,added,n4e92bee4eb73,ma9699950aa28
2026-08-14T02:17:04+09:00,added,n866b2ed35bcc,md938d95ae3e0
2026-08-14T05:50:47+09:00,added,n4e92bee4eb73,m0f463c3ff4e5
2026-08-14T05:50:47+09:00,added,n72ca75ed2264,md9d910e9996c
2026-08-14T11:35:14+09:00,added,n4e92bee4eb73,m7ae6f1512188
2026-08-14T11:35:14+09:00,added,n4e92bee4eb73,mb80e8e661ebe
2026-08-14T11:35:14+09:00,added,ne12f2a5691da,m7de26e2e10de
2026-08-14T11:35:14+09:00,added,n943380c51f10,m6404657ebb8f
2026-08-14T14:52:44+09:00,added,n4e92bee4eb73,m547e9622e50b
2026-08-14T14:52:44+09:00,added,n4e92bee4eb73,mb3dc2cd9766e
2026-08-14T18:05:43+09:00,added,n4e92bee4eb73,m0921d4d120a8
2026-08-14T18:05:43+09:00,added,n4e92bee4eb73,mde4c96ef2f7a
2026-08-14T18:05:43+09:00,added,n4e92bee4eb73,mad8d2935fc54
2026-08-14T18:05:43+09:00,added,nbdfa14a7573d,m154da915dd88
2026-08-14T21:46:48+09:00,added,nf3594eef0691,m54b2ccd56b12
2026-08-14T21:46:48+09:00,added,nf3594eef0691,m78e1caab29a1
2026-08-14T21:46:48+09:00,added,nf3594eef0691,m531dee90a84a
2026-08-14T21:46:48+09:00,added,nf3594eef0691,m1bd9f36ee13c
2026-08-14T21:46:48+09:00,added,nf3594eef0691,m562cce1aea32
2026-08-14T21:46:48+09:00,added,n4e92bee4eb73,m9fa336911ab4
2026-08-15T02:09:10+09:00,added,nf3594eef0691,m192171037579
2026-08-15T02:09:10+09:00,added,nf3594eef0691,m743c88e4a3b2
2026-08-15T02:09:10+09:00,added,nf3594eef0691,m6404657ebb8f
2026-08-15T02:09:10+09:00,added,nf3594eef0691,m0921d4d120a8
2026-08-15T02:09:10+09:00,added,nf3594eef0691,m7ae6f1512188
2026-08-15T02:09:10+09:00,added,nf3594eef0691,mb80e8e661ebe
2026-08-15T02:09:10+09:00,added,nf3594eef0691,m0b286159dafd
2026-08-15T02:09:10+09:00,added,nf3594eef0691,m5ca58e6bf38b
2026-08-15T02:09:10+09:00,added,nf3594eef0691,m19b3b433abf2
2026-08-15T10:46:09+09:00,added,nf3594eef0691,m5859f3e37b5f
2026-08-15T13:48:51+09:00,added,nf3594eef0691,m38c6d06537bf
2026-08-15T13:48:51+09:00,added,n4e92bee4eb73,m38c6d06537bf
2026-08-15T13:48:51+09:00,added,nbfb3bcbad527,m38c6d06537bf
2026-08-15T21:23:37+09:00,added,n5cc9f0e3dfaf,m84b3ab7d847f
2026-08-15T21:23:37+09:00,added,n5cc9f0e3dfaf,m60de14c80a11
2026-08-15T21:23:37+09:00,added,n5cc9f0e3dfaf,mad8d2935fc54
2026-08-15T21:23:37+09:00,added,n5cc9f0e3dfaf,m1bd9f36ee13c
2026-08-15T21:23:37+09:00,added,n5cc9f0e3dfaf,mc6dad877a6d7
2026-08-15T21:23:37+09:00,added,n5cc9f0e3dfaf,m78e1caab29a1
2026-08-15T21:23:37+09:00,added,n5cc9f0e3dfaf,mc08cb4916e00
2026-08-15T21:23:37+09:00,added,nf3594eef0691,m3ce42393f8fa
2026-08-15T21:23:37+09:00,added,n4e92bee4eb73,mfa805cb12706
2026-08-16T01:40:09+09:00,added,n5cc9f0e3dfaf,m531dee90a84a
2026-08-16T01:40:09+09:00,added,n5cc9f0e3dfaf,m7ae6f1512188
2026-08-16T01:40:09+09:00,added,n5cc9f0e3dfaf,mb80e8e661ebe
2026-08-16T01:40:09+09:00,added,n5cc9f0e3dfaf,m192171037579
2026-08-16T01:40:09+09:00,added,n5cc9f0e3dfaf,m38c6d06537bf
2026-08-16T01:40:09+09:00,added,n4e92bee4eb73,m5c9c88eb4983
2026-08-16T01:40:09+09:00,removed,n3d78bf798ea8,m49e684e1d830
2026-08-16T01:40:09+09:00,removed,n6a1225a817bb,m49e684e1d830
2026-08-16T01:40:09+09:00,removed,n771544dd99ad,m49e684e1d830
2026-08-16T01:40:09+09:00,removed,nb344afe9e330,m49e684e1d830
2026-08-16T01:40:09+09:00,removed,n1df9439557ed,m49e684e1d830
2026-08-16T01:40:09+09:00,removed,n86e207daeadb,m49e684e1d830
2026-08-16T01:40:09+09:00,removed,n97edc6bdc89b,m49e684e1d830
2026-08-16T05:29:34+09:00,added,n5cc9f0e3dfaf,m54b2ccd56b12
2026-08-16T10:53:41+09:00,added,n5cc9f0e3dfaf,m7325f611df66
2026-08-16T10:53:41+09:00,added,n5cc9f0e3dfaf,m0675215a66e7
2026-08-16T10:53:41+09:00,added,n5cc9f0e3dfaf,m5c9c88eb4983
2026-08-16T10:53:41+09:00,added,nf3594eef0691,mad8d2935fc54
2026-08-16T10:53:41+09:00,added,nf3594eef0691,me50627303786
2026-08-16T10:53:41+09:00,added,nf3594eef0691,maa5a2a7f67c6
2026-08-16T10:53:41+09:00,added,nf3594eef0691,m0675215a66e7
2026-08-16T10:53:41+09:00,added,n4e92bee4eb73,m0675215a66e7
2026-08-16T10:53:41+09:00,added,n223d7187c880,me50627303786
2026-08-16T10:53:41+09:00,added,n223d7187c880,md1d64f3e53b1
2026-08-16T13:53:23+09:00,added,n5cc9f0e3dfaf,m0921d4d120a8
2026-08-16T13:53:23+09:00,added,n5cc9f0e3dfaf,maa5a2a7f67c6
2026-08-16T13:53:23+09:00,added,n5cc9f0e3dfaf,m547e9622e50b
2026-08-16T13:53:23+09:00,added,n5cc9f0e3dfaf,mb3dc2cd9766e
2026-08-16T13:53:23+09:00,added,nf3594eef0691,m5c9c88eb4983
2026-08-16T13:53:23+09:00,added,n4e92bee4eb73,m1c6774ff8841
2026-08-16T21:24:28+09:00,added,n7c04813cd399,mad8d2935fc54
2026-08-16T21:24:28+09:00,added,n5cc9f0e3dfaf,m743c88e4a3b2
2026-08-16T21:24:28+09:00,added,n5cc9f0e3dfaf,m2855ab24d672
2026-08-16T21:24:28+09:00,added,n7196653db72b,m78e1caab29a1
2026-08-17T01:41:12+09:00,added,n7c04813cd399,m5ca58e6bf38b
2026-08-17T01:41:12+09:00,added,n7c04813cd399,m19b3b433abf2
2026-08-17T01:41:12+09:00,added,n7c04813cd399,mca2c344a0f50
2026-08-17T01:41:12+09:00,added,n7c04813cd399,mf7c9271b4e5e
2026-08-17T01:41:12+09:00,added,n7c04813cd399,mf564dbc2e91d
2026-08-17T01:41:12+09:00,added,n7c04813cd399,m1661c964eec9
2026-08-17T01:41:12+09:00,added,n7c04813cd399,m278d9869816c
2026-08-17T01:41:12+09:00,added,n7c04813cd399,m1c85d4931804
2026-08-17T01:41:12+09:00,added,n7c04813cd399,m8b2a6058aa58
2026-08-17T01:41:12+09:00,added,n7c04813cd399,m2c2abcaf45bd
2026-08-17T01:41:12+09:00,added,n7c04813cd399,mb6fdd52683d6
2026-08-17T01:41:12+09:00,added,n7c04813cd399,m559fa39e9163
2026-08-17T01:41:12+09:00,added,n7c04813cd399,m74b154cd7893
2026-08-17T01:41:12+09:00,added,n7c04813cd399,m16580951510b
2026-08-17T01:41:12+09:00,added,n7c04813cd399,m2e4c271468d3
2026-08-17T01:41:12+09:00,added,n7c04813cd399,m1bd9f36ee13c
2026-08-17T01:41:12+09:00,added,n7c04813cd399,m531dee90a84a
2026-08-17T01:41:12+09:00,added,n7c04813cd399,mf435ee6b02b1
2026-08-17T01:41:12+09:00,added,n7c04813cd399,m7ae6f1512188
2026-08-17T01:41:12+09:00,added,n7c04813cd399,m743c88e4a3b2
2026-08-17T01:41:12+09:00,added,n7c04813cd399,m54b2ccd56b12
2026-08-17T01:41:12+09:00,added,n7c04813cd399,mcff9b6cb3037
2026-08-17T01:41:12+09:00,added,n7c04813cd399,m6d69812caeed
2026-08-17T01:41:12+09:00,added,n7c04813cd399,m192171037579
2026-08-17T01:41:12+09:00,added,n7c04813cd399,ma9699950aa28
2026-08-17T01:41:12+09:00,added,n5cc9f0e3dfaf,m2453266246af
2026-08-17T01:41:12+09:00,added,nf3594eef0691,mbfeab34ec683
2026-08-17T01:41:12+09:00,added,ne12f2a5691da,m92f1af23610d
2026-08-17T10:51:36+09:00,added,n7c04813cd399,m7325f611df66
2026-08-17T10:51:36+09:00,added,n4e92bee4eb73,m92f1af23610d
2026-08-17T14:01:41+09:00,added,n7c04813cd399,m2453266246af
2026-08-17T14:01:41+09:00,added,n7c04813cd399,m5859f3e37b5f
2026-08-17T14:01:41+09:00,added,n7c04813cd399,m8f8cb1f85570
2026-08-17T21:28:50+09:00,added,n60ba0664bd33,m0675215a66e7
2026-08-17T21:28:50+09:00,added,n60ba0664bd33,m192171037579
2026-08-17T21:28:50+09:00,added,n7c04813cd399,m5c9c88eb4983
2026-08-17T21:28:50+09:00,added,n7c04813cd399,m0921d4d120a8
2026-08-17T21:28:50+09:00,added,n7c04813cd399,md33c43d62052
2026-08-17T21:28:50+09:00,added,n7c04813cd399,m9fa336911ab4
2026-08-17T21:28:50+09:00,added,n5cc9f0e3dfaf,md33c43d62052
2026-08-17T21:28:50+09:00,added,nf3594eef0691,mfc5b35add7e3
2026-08-17T21:28:50+09:00,added,nf3594eef0691,m2453266246af
2026-08-17T21:28:50+09:00,added,n4e92bee4eb73,m424bbd829efd
2026-08-17T21:28:50+09:00,added,n4e92bee4eb73,m2453266246af
2026-08-18T01:43:20+09:00,added,n60ba0664bd33,m08eb7aafbaae
2026-08-18T01:43:20+09:00,added,n60ba0664bd33,mad8d2935fc54
2026-08-18T01:43:20+09:00,added,n60ba0664bd33,ma9699950aa28
2026-08-18T01:43:20+09:00,added,n60ba0664bd33,m54b2ccd56b12
2026-08-18T01:43:20+09:00,added,n60ba0664bd33,m8e27d6f72c6a
2026-08-18T01:43:20+09:00,added,n60ba0664bd33,m78e1caab29a1
2026-08-18T01:43:20+09:00,added,n60ba0664bd33,m743c88e4a3b2
2026-08-18T01:43:20+09:00,added,n60ba0664bd33,m1bd9f36ee13c
2026-08-18T01:43:20+09:00,added,n60ba0664bd33,m6404657ebb8f
2026-08-18T10:47:06+09:00,added,n60ba0664bd33,m2e9b901b1ba9
2026-08-18T10:47:06+09:00,added,n60ba0664bd33,mfc9d03c23504
2026-08-18T10:47:06+09:00,added,n60ba0664bd33,m2453266246af
2026-08-18T10:47:06+09:00,added,nbfb3bcbad527,m26b7851f96e9
