comment_id,note_key,user_key,user_name,user_urlname,user_icon,commented_at,body
nc7229cad868c6,nc5ae30b85408,704663f48a1e06dc09c61069a4dd39c8,紅茶🫖｜言葉で自分を整える人  ,usagi_no_mimi_,https://assets.st-note.com/production/uploads/images/260923743/profile_037296bb383b7b464cc7b599e5d67585.jpg?fit=bounds&format=jpeg&quality=85&width=330,2026-04-23T17:19:00.843+09:00,"よしひろさん、こんにちは。  

続ける中で気づけることって、
たしかにありますね😊  
読ませていただいて、
少し気持ちが軽くなりました。  

マガジンに追加してくださって、ありがとうございます🙏"
ncb69239ca042a,nc5ae30b85408,4fcff0dd196c58985b48a8f8a9724554,Grace Light ─ 星に導かれて,clean_kalmia940,https://assets.st-note.com/production/uploads/images/207757596/profile_ac58b5c0e389afdf3e43314b719edc42.png?fit=bounds&format=jpeg&quality=85&width=330,2026-04-23T13:21:44.470+09:00,"よしひろさん、はじめまして✨
マガジンへ追加していただき
ありがとうございます。
今この変化が加速している中で、
ご縁をいただき感謝いたします。
今後ともよろしくお願いいたします😊"
nca245115f9e4a,nc5ae30b85408,8e32bba995769924b693220e2673f27b,nikomiko,glad_quail4028,https://assets.st-note.com/production/uploads/images/197174907/profile_e1369791a3fb4525fb3c4f32237f9fdd.jpg?fit=bounds&format=jpeg&quality=85&width=330,2026-04-23T12:48:47.256+09:00,マガジンへの掲載ありがとうございます。
ncd0ecfd013891,nc5ae30b85408,8e32bba995769924b693220e2673f27b,nikomiko,glad_quail4028,https://assets.st-note.com/production/uploads/images/197174907/profile_e1369791a3fb4525fb3c4f32237f9fdd.jpg?fit=bounds&format=jpeg&quality=85&width=330,2026-04-23T11:51:05.860+09:00,"noteを始めて来月で1年を迎えます。
よしひろさんの記事を拝読して嬉しい気持ちになりました。

「変化を受け入れて続けることができます。」
そうだ・・何事も三日坊主だった私の変化にも気づくことが出来ました。"
ncea5effcbd615,nc5ae30b85408,23e78cfab6f2de9a5a72e4b8281e05ba,志乃,gay_okapi3125,https://assets.st-note.com/production/uploads/images/268823756/profile_e9ef06799c7db4afe68f70270567cd4f.png?fit=bounds&format=jpeg&quality=85&width=330,2026-04-23T09:43:49.201+09:00,"よしひろさん
スキ、マガジン追加
ありがとうございます😊
とても嬉しいです😃"
nc5104cb21c59e,nc5ae30b85408,7155a8ff1841fdcc0faf60bef6ac6d83,なぎ@還暦からのAIポートレイト,candeloro,https://assets.st-note.com/production/uploads/images/265293593/profile_2123f6c20e91f72cfc99e95447eb2234.jpeg?fit=bounds&format=jpeg&quality=85&width=330,2026-04-23T09:33:21.825+09:00,"「できてること」に目を向けてもいい

なるほどです．
ほんのささやかなチャレンジで、
投稿をはじめてまだ三週間くらいですが、
始めてよかった、と感じさせてくれました．

背中をおしていただいたように感じております．
ありがとうございます．"
nca7c6a5d18379,nc5ae30b85408,1dd5cc6f11dc1d5e7c33c9ac01922824,keimama,keiko5066,https://assets.st-note.com/production/uploads/images/223953919/profile_de82aa306e133caf82b4ae253ad0173c.png?fit=bounds&format=jpeg&quality=85&width=330,2026-04-22T12:55:28.176+09:00,"よしひろさん😊
マガジン追加までありがとうございます✨
読んでいて、すごくハッとしました。
「新しいことを日常に取り入れる力」って、まさに今の自分たちそのものですね🍀できていないところばかり見てしまいがちですが、もうすでに積み重ねていることに目を向けていいんだなって思えました😊あたたかい気づきをありがとうございます✨"
ncbf83d4d76f6e,nc5ae30b85408,b6142bb7bba7964ab3acbde1fe1575d6,honsuki_note,honsuki_note,https://d2l930y2yx77uc.cloudfront.net/assets/default/default_profile_5-043439195e40e86fd7641a3a1daf982637d77ec6f14b67d3fc98ab92374404ac.png,2026-04-20T20:02:17.821+09:00,"よしひろさん、素敵なマガジンに
追加していただき、ありがとうございます😊とても嬉しいです😊"
nc66c3be8218b9,nc5ae30b85408,8d44ff930921cfa7df70bf675acdb279,カッパさん(あの頃の君達へ),1kappasan,https://assets.st-note.com/production/uploads/images/197000013/profile_8f16085208b5aaa6286257d620e11e69.jpg?fit=bounds&format=jpeg&quality=85&width=330,2026-04-20T14:38:44.448+09:00,"よしひろさんへ
マガジン追加ありがとうございます。よしひろさんのnoteは穏やかなでスッキリした気持ちになります。感謝です。"
nca5111c6e9f84,nc5ae30b85408,af1a1e912c637d9824038dce351f282d,営業パパ。＠5社経験してやっとわかった「幸せ。」,ttkkyuna,https://assets.st-note.com/production/uploads/images/255045390/profile_fd349797eb4f51fa3322f041cbae36ff.jpeg?fit=bounds&format=jpeg&quality=85&width=330,2026-04-20T13:31:14.550+09:00,"よしひろさん

はじめまして。素敵なマガジンに追加くださりありがとうございます。

続けた人だけが気づける、自分がすでに持っている力って、本当にその通りだと思います。

まだまだ、noteを始めたばかりですが少しずつ記事を増やしていければと思いました✨

これからもよろしくお願いします。"
ncda2966811b66,nc5ae30b85408,1a296fbf5b0ace2b691f4281c2071b92,Rena,rena_hapiamomo,https://assets.st-note.com/production/uploads/images/232148347/profile_7270d520c58bcc8b8696550199442e83.png?fit=bounds&format=jpeg&quality=85&width=330,2026-04-19T22:47:03.414+09:00,"よしひろさん、はじめまして❇️🤗
このたびは、マガジンに追加していただき、ありがとうございます✨

とても嬉しいです🥰

変化するのってやっぱり怖いなと思うこともあるんですが、

これまでなかなか続かなかった自分が、noteは続けられていることに気づいて、少し自信を持ってもいいんだなって思えました🌸

素敵な記事をありがとうございます✨"
nc723867d68077,nc5ae30b85408,2b013056dfa044a77df01725b6f2439d,chikobonitaruburu82,regal_puma7239,https://assets.st-note.com/production/uploads/images/188831921/profile_419f45ed00ea21910827e7bb962362d5.png?fit=bounds&format=jpeg&quality=85&width=330,2026-04-17T20:07:50.363+09:00,"よしひろさん、こんばんわ。今日はマガジン追加に載せて頂き有難うございます。
AIの世界、日頃から色々感じております。首傾げることも有りますが有効にうまく活用出来れば素晴らしいですね。薬も効用と副作用があり近いものがあるかと個人的感想です。

"
ncec6b5cacc861,nc5ae30b85408,713c3616cbaa3eb3711bf4f872c77df7,パタコ,auwa_44,https://assets.st-note.com/production/uploads/images/249115541/profile_b8fef4c056391816907af1855f86eaf7.png?fit=bounds&format=jpeg&quality=85&width=330,2026-04-17T16:28:17.034+09:00,"よしひろさん、
はじめまして、パタコと申します。

この度はマガジンへ私の記事をお迎えしていただき、ありがとうございました😊

嬉しかったです。

ハートの絵がめっちゃキレイですね✨
見入っちゃいました🤭

こちらの記事もなるほど！と頷きながら読ませていただきました。
ありがとうございます。

これからもどうぞよろしくお願いします☺️"
nc41853138acaa,nc5ae30b85408,32a3d5ec7b1b7751c0635f2e47ea2b11,あん｜noteと遊ぶ,aging_gracefully,https://assets.st-note.com/production/uploads/images/238258843/profile_52f43522d9e7e75a12acd9d6da59035c.png?fit=bounds&format=jpeg&quality=85&width=330,2026-04-17T12:11:23.635+09:00,"よっしーさん

「新しいことを日常に取り入れる力」
確かにあります、即飛びつきます。
楽しいですよね

それと、よっしーさんのお礼メッセージ、好きです💞

"
nc0ea77ac6a5d2,nc5ae30b85408,785a188bfce11714cf9d90106cf46802,えん,clean_ixia7462,https://assets.st-note.com/production/uploads/images/253143198/profile_f1863c90e45c1f3ed78d50c5ba33e2b4.png?fit=bounds&format=jpeg&quality=85&width=330,2026-04-16T18:53:35.544+09:00,"よしひろさん
こんばんは。
マガジンへの追加ありがとうございます🙂‍↕️
この記事に勇気をもらいました。
それも、ありがとうございます✨"
ncd4bed779ba6e,nc5ae30b85408,3230acd73a454345c25d7cc7da2fd8b8,AYU,ayu760,https://assets.st-note.com/production/uploads/images/124260230/profile_7da754e5114659f81ebeca7786de3b0d.jpeg?fit=bounds&format=jpeg&quality=85&width=330,2026-04-16T18:34:50.818+09:00,"よしひろさん✨こんばんは😊

こちらの記事に､とても共感しました！！😊👍✨
本当にそうだなぁ〜と思い､「うんうん」と頷きながら読ませていただきました！！😊✌️💞

また､今日は､私の記事を､よしひろさんのマガジンに追加してくださって、大変嬉しく思っています！！😊💞✨
本当にありがとうございます！！😊💞💞"
nc75f24ab3ab46,nc5ae30b85408,dd29f4101ade0c3fd40fe940078a61a8,🍎taiwa‐asobi｜かおりんごー( *˙▿︎˙ )♪,236600,https://assets.st-note.com/production/uploads/images/114209840/profile_db37134a1479eec69c8e745134841967.jpeg?fit=bounds&format=jpeg&quality=85&width=330,2026-04-15T21:05:47.545+09:00,"よしひろさんこんばんは！
いやぁ、ほんとそうだなぁと思いました。時代と共に進化していく自分、素敵やんって、なりますね😳
新しい事はワクワクをくれます✨️😁
そして、「🍎前向きになりたくてもなれない人へ｜100の言葉より、一足の靴下。」マガジン追加いただき、ありがとうございます！
嬉しかったです✨️☺️"
nc1ecaa7e5a834,nc5ae30b85408,1bf08e7d119ff825768c1466a1845406,やま＠AI時代の教育【フォロワー1000人目指します！】,kyoiku_vs_ai,https://assets.st-note.com/production/uploads/images/259705461/profile_483fb56147d46f5fdf6e97a2b9cb1e14.png?fit=bounds&format=jpeg&quality=85&width=330,2026-04-15T13:07:47.043+09:00,"よしひろさん

マガジンへの追加ありがとうございます！
今後ともよろしくお願いします🙇"
ncb288140fdb75,nc5ae30b85408,5a3dd3f063f660624fcad6ed589bfb10,ことばの余白,ready_hornet3417,https://assets.st-note.com/production/uploads/images/248547849/profile_d8ac1acf50d9e92afb038a70a0f14b35.png?fit=bounds&format=jpeg&quality=85&width=330,2026-04-15T10:16:00.400+09:00,"よしひろさん
おはようございます。

記事をマガジンに追加していただき、ありがとうございます😊

「変化を受け入れて、続けることができます」という言葉、
懐が深くて、ほっと安心できます。

おかげで今、とても前向きな気持ちになれました✨"
nc097d7f7091c9,nc5ae30b85408,fbaef2c001615d02444573a135007008,はしゃも｜感情構造エンジニア,hasyamo,https://assets.st-note.com/production/uploads/images/237516392/profile_c0ac2ae8315e28ee425c27b5c2aefa32.jpg?fit=bounds&format=jpeg&quality=85&width=330,2026-04-15T01:01:26.360+09:00,"よしひろさん、こんばんは🌙
「新しいことを日常にする力」、いい言語化ですね。
たしかに自分も、おはカノを始める前に「AIイラストの彼女が毎朝送り出してくれるBot作って、それを毎日記事にして、ツール作って、コミュニティできて……」って言われたら、何の話？ってなってたと思います。
振り返りの箇条書き、全部刺さりました。特に「年齢も生活圏も異なる人達とコミュニケーションをとる姿」。noteがなかったら絶対に出会わなかった人たちと毎日やり取りしてるの、冷静に考えるとすごいことですよね☺️"
ncbaea6c4a41e3,nc5ae30b85408,b39624e9464ededa053a7cbf0de179ce,あな,ana_mama_english,https://assets.st-note.com/production/uploads/images/219621833/profile_8ef662d95d545fc74251b7700219beae.png?fit=bounds&format=jpeg&quality=85&width=330,2026-04-14T20:52:26.817+09:00,"よしひろさん、こんばんは⭐︎

「新しいことを日常に取り入れる力」✨
というお言葉に、とても共感しました☺️

noteを始めてから、
以前とは違う景色を見ている気がします。

前向きな気持ちになりました✨
ありがとうございます☺️
"
ncbee7f74ccaca,nc5ae30b85408,290f76d99eb40b676ce764b1c2a200e3,Takanashi（たかなし）,takanashi_note01,https://assets.st-note.com/production/uploads/images/235786177/profile_d3248e02f9810e16a0daf3e4a02bee0b.png?fit=bounds&format=jpeg&quality=85&width=330,2026-04-14T14:56:05.235+09:00,"毎日更新でなかったとしても、物事を要約したり、感想を自分の言葉で表現したりすることができるという証になりますからね。
続けている人は、それ自体が大きな武器になると感じております。
収益化を考えている人だと、続けるだけでは意味がなさそうに見えるかもしれませんが……交流し、さまざまな意見を目にして、発信しているということはこの記事のように、アピールポイントとして強く働くと思います。
アドレスを示せば、すぐに証拠が共有できるという点も、大きいかな？　と感じました。"
nccfc479ea12d8,nc5ae30b85408,32a3d5ec7b1b7751c0635f2e47ea2b11,あん｜noteと遊ぶ,aging_gracefully,https://assets.st-note.com/production/uploads/images/238258843/profile_52f43522d9e7e75a12acd9d6da59035c.png?fit=bounds&format=jpeg&quality=85&width=330,2026-04-14T10:34:20.967+09:00,"よっしーさん
いつもいいけど、今日、とってもカッコいいです😊

noteはじめて、色々考えたり、挑戦できるって、いいですよね。
頭がパンクしそうになりますが、そこは自分のペースで。
面白いnote！
"
nc55b3bdac47b1,nc5ae30b85408,df1e433c714b7e82d61f6cdbef83bb27,瑠花,luca_therapy,https://assets.st-note.com/production/uploads/images/198979905/profile_c94df5df6f3f9343801af95012e1a3f7.png?fit=bounds&format=jpeg&quality=85&width=330,2026-04-14T09:49:39.936+09:00,"よしひろさん、おはようございます☀️

力もらいました😊🌸

「変化を受け入れて、
続けることができます」
って思っていいのかーって。
ありがとうございます♪"
nc32a396bc4f98,nc5ae30b85408,907edc26ecc556b380bd733caf94e5cc,JAU |  臨床検査技師×医療副業,jau_jau1001,https://assets.st-note.com/production/uploads/images/238898866/profile_b47389bc5953cb4d37cf45a1d4d208c2.png?fit=bounds&format=jpeg&quality=85&width=330,2026-04-13T23:13:29.530+09:00,"本当によしひろさんのおっしゃる通り👏✨

私もこのnoteをやっていなかったら、動画編集とか、AIの活用などしてこなかったと思います✨
私も少し前に進めたかなと🤩"
nc8ac20c5927d4,nc5ae30b85408,9735e1bac7ba0bc5d0af33cf56157b08,enyo*えんよう🗝️,keyoflife_enyo,https://assets.st-note.com/production/uploads/images/240644209/profile_1ac1d8614044bc9c45db88b11d02d8f6.png?fit=bounds&format=jpeg&quality=85&width=330,2026-04-13T22:30:28.635+09:00,"私もまさに、""当てはまる""人の1人だと思います！そして、自分の変化を、どこか客観的に楽しんでいる事にも、この記事を読み進める中で気がつきました✨
いつも面白い視点の記事やマガジンへの追加、ありがとうございます📓💕"
nc9cf5c3bd4415,nc5ae30b85408,24d060d3818b37a5dde84ee51a735c45,金田まり|スタートアップ&起業支援してるワーママ,alive_sheep6563,https://assets.st-note.com/production/uploads/images/267547136/profile_058271d3689074a31099e0ff4810c782.png?fit=bounds&format=jpeg&quality=85&width=330,2026-04-13T20:59:07.401+09:00,言われてみれば確かに…！と改めて振り返ってnoteを細々と続けてる自分が誇らしくなれますね😊
nc4d4bfa18a0a9,n157f05a71488,dd29f4101ade0c3fd40fe940078a61a8,🍎taiwa‐asobi｜かおりんごー( *˙▿︎˙ )♪,236600,https://assets.st-note.com/production/uploads/images/114209840/profile_db37134a1479eec69c8e745134841967.jpeg?fit=bounds&format=jpeg&quality=85&width=330,2026-04-24T13:20:13.893+09:00,"主催って、怖いのわかりますねぇ。
いざやると、あれっ？ってなったりするし…。
私もカモミールティー好きです！
ハーブティーでは一番好きかも。
企画楽しみにしています！
またまたマガジン追加いただき、ありがとうございました✨️🙏"
nc232cfa98a8e0,n157f05a71488,6387daced3412f56911efd0f8787e44a,みきこ🌿季節の花ごよみ,hirata_mikiko60,https://assets.st-note.com/production/uploads/images/238886147/profile_71a504244fe604943c4eb0a3c3c99742.jpg?fit=bounds&format=jpeg&quality=85&width=330,2026-04-24T09:41:14.200+09:00,"よしひろさん、もうすぐ1000人おめでとうございます✨

マガジン追加もありがとうございました☺️
企画参加できたら、します🤗"
ncb9614c5fe6dc,n157f05a71488,35032a872ef338f6bbc0a85288de5944,あまね〘ฅ՞•ﻌ•՞ฅฅ^•ﻌ•^ฅ〙,almabrillante,https://assets.st-note.com/production/uploads/images/238959793/profile_08b2cb438cc06577581118d317494042.png?fit=bounds&format=jpeg&quality=85&width=330,2026-04-24T00:06:42.682+09:00,"よしひろさん、こんばんは🌛*゜

…ありえない事にビビるよしひろさん🤭
よしひろさんの企画で参加者ゼロなんて、あるわけないじゃないですか😂"
nc07fe039b6d55,n157f05a71488,97de8096a6a59c424edc493fbee39598,てぃー,team_and_co,https://assets.st-note.com/production/uploads/images/209989191/profile_9cbd068e0f735456d6dc5985de73be5f.png?fit=bounds&format=jpeg&quality=85&width=330,2026-04-23T22:25:24.221+09:00,"1000人は本当にすごい！大台に乗りますね😊
企画、楽しみにしてます♪"
nc016f2fcef777,n157f05a71488,a3b393748448993682c446017554f28a,りこ@一生養生,riko_83,https://assets.st-note.com/production/uploads/images/242853208/profile_868cf0850d54d0a98ca0406d82454cfa.png?fit=bounds&format=jpeg&quality=85&width=330,2026-04-23T20:53:14.858+09:00,"こんばんは🌙
本当だぁ〜1000人間近✨️
どんなイベントなんだろう🤭
前回のアイコン総選挙は参加しそこねちゃったので、楽しみです🌸"
nc8894cb6d6085,n157f05a71488,0283b96a011b3d44c7b4ae6a1ed30ae9,営業fafa | note業界No.1営業マン,kohana1112,https://assets.st-note.com/production/uploads/images/231018078/profile_b3bbbe00a8972338d5f563a39e002d1b.png?fit=bounds&format=jpeg&quality=85&width=330,2026-04-23T20:41:43.603+09:00,"よしひろさんの企画に参加者0は流石にないんじゃ笑

どんな企画かな〜❣️

楽しみにしてます‼️"
nce8e13150e634,n157f05a71488,5792beedf51dea6547b4b3d298482ab4,丁寧な暮らし/生きやすさ探求家,gentle_gecko1078,https://assets.st-note.com/production/uploads/images/262129480/profile_db21f2a3fdc02bf9bc25913c5915c0a9.png?fit=bounds&format=jpeg&quality=85&width=330,2026-04-23T20:29:05.986+09:00,"もうすぐ1000人を応援したく、フォローさせて頂きました♡
マガジンに拾って頂いたことがあると思います。ありがとうございます😊"
nc59423a453130,n157f05a71488,5fc41c7aec4f5cbe6e8062ab23bbf7bc,yayachico,open_magpie7814,https://assets.st-note.com/production/uploads/images/254370493/profile_0901b98e3dd534db8729a75af2c6b096.jpeg?fit=bounds&format=jpeg&quality=85&width=330,2026-04-23T20:18:10.524+09:00,"もうすぐ、1000人✨
まだ企画に参加したことがないので、
気になります🤭
"
nc108d1e07b256,n157f05a71488,f19d138b5f57bc35ca0f56f51ab37ac5,りーまむ,ri_mam,https://assets.st-note.com/production/uploads/images/186523962/profile_939af6d936ad6ca5456ee55e7d9d6404.jpeg?fit=bounds&format=jpeg&quality=85&width=330,2026-04-23T20:12:05.804+09:00,"わぁ、もうすぐ1000人✨✨
どんな企画をされるのか、今から楽しみです🎵"
nc8bd6c5987c74,n157f05a71488,1dd5cc6f11dc1d5e7c33c9ac01922824,keimama,keiko5066,https://assets.st-note.com/production/uploads/images/223953919/profile_de82aa306e133caf82b4ae253ad0173c.png?fit=bounds&format=jpeg&quality=85&width=330,2026-04-23T19:44:17.254+09:00,"よしひろさん、こんばんは😊
主催側の「参加者ゼロだったら…😱」のくだり、すごく共感しました…！保育でいうと、保護者参観でいろいろ考えて準備して、👉楽しんでもらえたら心の中でガッツポーズ✨👉反応が薄かったら、ちょっぴりチーン…🫠あの感じにすごく近いなと思いました。主催する側のドキドキって、やっぱり特別ですよね😌1000人企画、陰ながら応援してます🎉"
nc4b85d9f9ed71,n157f05a71488,32a3d5ec7b1b7751c0635f2e47ea2b11,あん｜noteと遊ぶ,aging_gracefully,https://assets.st-note.com/production/uploads/images/238258843/profile_52f43522d9e7e75a12acd9d6da59035c.png?fit=bounds&format=jpeg&quality=85&width=330,2026-04-23T19:28:48.121+09:00,"すご〜い🫶
イベントされるのですね〜
参加しますよ〜〜〜
"
ncb65dbf3bc683,n4ed8f68102f9,ba61c075852a71eb37a271a5d4518703,こどものことば,necocar_puma1985,https://assets.st-note.com/production/uploads/images/260039411/profile_7290d8aa625be03f9ab8eae334bc1281.png?fit=bounds&format=jpeg&quality=85&width=330,2026-04-24T09:33:42.137+09:00,"「ゼロからのスタート」という言葉が、ずっと静かに響いています。有料記事400部、Amazonアソシエイト2,932円——数字だけ見れば地味かもしれないけれど、よしひろさんの文章には、その数字の裏にある「歩き続けた時間」が透けて見える。亀の歩みは遅い、でもたどり着ける場所がある、という言葉。特急券を探したくなる気持ちをちゃんと認めながら、それでも続ける姿勢を肯定しているところに、読んでいてほっとするものを感じました。誰かの「はじめて」に、そっと灯りをともすような一文でした。"
nc9befe42ce3ae,n4ed8f68102f9,dd29f4101ade0c3fd40fe940078a61a8,🍎taiwa‐asobi｜かおりんごー( *˙▿︎˙ )♪,236600,https://assets.st-note.com/production/uploads/images/114209840/profile_db37134a1479eec69c8e745134841967.jpeg?fit=bounds&format=jpeg&quality=85&width=330,2026-04-23T13:40:44.635+09:00,"よしひろさんこんにちは！
私はお題とか企画、最近よく参加するようになりました☺️
色んな初めてがありますよねー！
noteは色々カウントしてくれるのがあるから、積み重ねがわかりやすいプラットフォームだなぁって思います😌
またまたマガジン追加していただき、ありがとうございました✨️☺️

"
nc2f11c900f202,n4ed8f68102f9,6387daced3412f56911efd0f8787e44a,みきこ🌿季節の花ごよみ,hirata_mikiko60,https://assets.st-note.com/production/uploads/images/238886147/profile_71a504244fe604943c4eb0a3c3c99742.jpg?fit=bounds&format=jpeg&quality=85&width=330,2026-04-23T11:50:45.217+09:00,"よしひろさん、マガジン追加ありがとうございます😊

着々と進んでいらっしゃるんですね✨
マイナスでなければ、モチベーションになりますね🫡"
ncdfa2497967c1,n4ed8f68102f9,b39624e9464ededa053a7cbf0de179ce,あな,ana_mama_english,https://assets.st-note.com/production/uploads/images/219621833/profile_8ef662d95d545fc74251b7700219beae.png?fit=bounds&format=jpeg&quality=85&width=330,2026-04-23T10:38:04.759+09:00,"よしひろさん、こんにちは✨

マガジン追加とスキをありがとうございます☺️
とても嬉しいです♡

お題企画や有料記事はまだ挑戦したことがなかったので、とても勉強になります✨

「歩き続けるからたどり着ける場所もある。」というお言葉に、前向きな気持ちをいただきました☺️

一つひとつ積み重ねていくことの大切さを、あらためて感じました✨

いつもありがとうございます🫶"
nc34f108920445,n4ed8f68102f9,f70038deb9c5f3f87c2ee7969a2cf523,不屈の屈葬,fukutsunokussou,https://assets.st-note.com/production/uploads/images/228082209/profile_bc2555e2c34c9857d7b2291bb9e9cc80.png?fit=bounds&format=jpeg&quality=85&width=330,2026-04-22T23:47:27.217+09:00,…あれ？アイコン変わりましたか？？(気のせい？？)
nc3681bb7adffa,n4ed8f68102f9,bede9bd0a510b6a3b89dcb460dd51ef5,ルルトアヤコ,lovely_coyote546,https://assets.st-note.com/production/uploads/images/264394551/profile_7d53e99488d218760c7f91157493e91b.png?fit=bounds&format=jpeg&quality=85&width=330,2026-04-22T20:15:17.965+09:00,"こう言うところ、さすがやんなぁ…

note公式のお題に従って…と言うのは、苦手意識、あります😆

よしひろさん、チャレンジャーやし…400部以上の記事の売り上げも、素晴らしい👍

後に続きたい🤗

まだまだやーん🤣

そして、いつもさりげなく記事を、マガジンへ追加して下さり、ほんまにありがとうございます😭💖💖💖

いつも励みになってます🫣🙏"
ncbee5874ad00e,n4ed8f68102f9,cce8d9c56dda94514ebc6afe246f0aa6,SKZS,skzs8739,https://assets.st-note.com/production/uploads/images/87111424/profile_feee3490051fda86c926b5a1c9451ea8.png?fit=bounds&format=jpeg&quality=85&width=330,2026-04-22T17:21:05.683+09:00,"こんばんは、お疲れ様です。
いつもありがとうございます。
勉強になります。
また寄らせてくださいね♪"
nca0f70b17d911,n143dee8f2f91,775a8888fe56573f47e60aaf3e977ab1,しん｜MLM11年→資産再設計パパ,shin_chan1987,https://assets.st-note.com/production/uploads/images/257262565/profile_d25e67adf8ed9f43b20e6b037a9be62d.png?fit=bounds&format=jpeg&quality=85&width=330,2026-04-22T16:31:27.267+09:00,"読ませていただきました！
フォローさせてもらいます^ - ^
よろしくお願いします😊"
nc50d7caf61954,n143dee8f2f91,32a3d5ec7b1b7751c0635f2e47ea2b11,あん｜noteと遊ぶ,aging_gracefully,https://assets.st-note.com/production/uploads/images/238258843/profile_52f43522d9e7e75a12acd9d6da59035c.png?fit=bounds&format=jpeg&quality=85&width=330,2026-04-22T15:46:49.914+09:00,"よっしーさん
あ〜見てしまうのが怖い😆

うちは、すでに予約の時点でカード制限かかってしまいました
毎回、解除申請しようか、いいか、、となっていて、
違うカードで精算してます😭
ポイントもったいない！！って。

でも、なんとでもなるなる✨"
nca5e89151f6e2,n143dee8f2f91,b39624e9464ededa053a7cbf0de179ce,あな,ana_mama_english,https://assets.st-note.com/production/uploads/images/219621833/profile_8ef662d95d545fc74251b7700219beae.png?fit=bounds&format=jpeg&quality=85&width=330,2026-04-22T11:46:36.566+09:00,"よしひろさん、こんにちは。

「言葉の出し方も、受け取り方も、解釈の仕方も、ほんとに人それぞれ」
とても共感しました✨

なんとかなる♪って、
つい独り言で言っちゃいそうです🤭

いつもありがとうございます☺️
"
nc0e3df9ba3508,n143dee8f2f91,377fd4d5168f51767722d1936a70fe4b,紫の花園で夢を語る,gifted_crane248,https://assets.st-note.com/production/uploads/images/181998592/profile_68c04afa5da70d60e85e722a182fafa6.png?fit=bounds&format=jpeg&quality=85&width=330,2026-04-21T15:35:59.682+09:00,"こんにちは
人それぞれ、感じ方に違いが生まれますね🤭
私の拙い即興詩をご紹介ありがとうございます🙇"
ncaaba827c7ed7,n143dee8f2f91,5fc41c7aec4f5cbe6e8062ab23bbf7bc,yayachico,open_magpie7814,https://assets.st-note.com/production/uploads/images/254370493/profile_0901b98e3dd534db8729a75af2c6b096.jpeg?fit=bounds&format=jpeg&quality=85&width=330,2026-04-21T09:25:58.401+09:00,"よしひろさん、こんにちは。

我が家も緊縮財政発動中です🚨
気持ちは引き締めてるのに
財布の紐はなかなか絞まりません😅
💸💸
経済回してこ！"
nceb3830f3c0a9,n143dee8f2f91,f70038deb9c5f3f87c2ee7969a2cf523,不屈の屈葬,fukutsunokussou,https://assets.st-note.com/production/uploads/images/228082209/profile_bc2555e2c34c9857d7b2291bb9e9cc80.png?fit=bounds&format=jpeg&quality=85&width=330,2026-04-20T22:59:43.172+09:00,"うんうん。気持ちの問題ですよねー。
何だかんだ、何とかなるというか、なるようにしかならんというか･･･

どうにでもなれというか（笑）"
nc4cc1b06403c8,n143dee8f2f91,a22107a59de6e3303ee2b624b3e0858a,Imbue（インビュー）/文筆家/発達凸凹育児,imbue_kaleid,https://assets.st-note.com/production/uploads/images/250421889/profile_b0f56720aebb6d8ee14055b266debfc4.png?fit=bounds&format=jpeg&quality=85&width=330,2026-04-20T21:16:51.224+09:00,"わかります😅　

お金は無いよりあった方がいいけれど、心配すればキリがありませんよね😵‍💫
なんとかなる精神じゃないと、やっていけないですよね😭
"
ncc09fab5fa790,n143dee8f2f91,907edc26ecc556b380bd733caf94e5cc,JAU |  臨床検査技師×医療副業,jau_jau1001,https://assets.st-note.com/production/uploads/images/238898866/profile_b47389bc5953cb4d37cf45a1d4d208c2.png?fit=bounds&format=jpeg&quality=85&width=330,2026-04-20T21:13:18.158+09:00,"私、家も車もローン地獄でございます🤣w

ですが！意外となんとかなるもんですね〜🤭✨w"
nc7736b9af339e,n143dee8f2f91,685d473fa4f471b5b9f52de0d570a2f0,さとりのさとり,kopailog,https://assets.st-note.com/production/uploads/images/226182676/profile_094199e7fa1bff58de5da5e07a1a43de.png?fit=bounds&format=jpeg&quality=85&width=330,2026-04-20T20:00:03.599+09:00,なんとかなるサー😆😆😆
nc65b585b68b51,n143dee8f2f91,0283b96a011b3d44c7b4ae6a1ed30ae9,営業fafa | note業界No.1営業マン,kohana1112,https://assets.st-note.com/production/uploads/images/231018078/profile_b3bbbe00a8972338d5f563a39e002d1b.png?fit=bounds&format=jpeg&quality=85&width=330,2026-04-20T18:51:45.057+09:00,"お金のことは、なんとかなると思えばなんとかなる。

そんなもんですね🤣笑"
ncd154cc881ca3,n0779afa66b79,6c7f7e8aa938f4a4c4b190840dc9c0a6,るこのみらい｜有料noteとCanvaで「できるかも」を育てるnote🌱,ruco3,https://assets.st-note.com/production/uploads/images/239032332/profile_819b5756c137702ccc9827a0eb88b347.png?fit=bounds&format=jpeg&quality=85&width=330,2026-04-20T09:36:51.409+09:00,"よしひろさん💕 おはようございます

「あ、同じだ」
って思えるだけで、
ちょっと安心できたりするよね。

本当に、そうですよね💕
違うことも認め合って一緒にいられるのが
いいな〜🥰
"
ncf352a1c624f1,n0779afa66b79,c207127fa45a515b76f9ae050bd52112,ののさん🌸ゆっくりのんびり私らしいnote,ai1512take,https://assets.st-note.com/production/uploads/images/211922575/profile_2cfc1175f5e82a47ed7053885507759e.png?fit=bounds&format=jpeg&quality=85&width=330,2026-04-20T07:56:17.093+09:00,"よしひろさん
おはようございます♪

「あっ同じ❣️」って思えるのも、「そういう考えもあるんだ〜」って思えるのも、考えが同じで得られる嬉しさも、考えが違くて得られる気持ちも、どれも大切だなって思います。

近くてもしんどくなりそうだし、遠くても寂しくなりそうなので、私は「ほどよい関係」がいいなぁ〜🤭✨
"
nc4eb8114ec699,ne0e7f7f6ae2e,6387daced3412f56911efd0f8787e44a,みきこ🌿季節の花ごよみ,hirata_mikiko60,https://assets.st-note.com/production/uploads/images/238886147/profile_71a504244fe604943c4eb0a3c3c99742.jpg?fit=bounds&format=jpeg&quality=85&width=330,2026-04-19T18:19:32.983+09:00,"よしひろさん、マガジン追加ありがとうございました🙏

おしゃれな革靴、素敵ですね～✨"
nc255a94eed8f7,ne0e7f7f6ae2e,9d5ac7b4035254be4c7041d0d10027d0,ミルフィーユ博士,human_squid3270,https://assets.st-note.com/production/uploads/images/248914876/profile_affcd1646b5754ce182636a651325274.jpeg?fit=bounds&format=jpeg&quality=85&width=330,2026-04-19T18:08:37.736+09:00,"よしひろさん♡
マガジンに記事の紹介ありがとうございました😭

靴の裏はどうしても減ってしまいますが、表って綺麗ですね！
お手入れも行き届いているのも
あると思いますが。
大切にされているのが分かります💓
"
nc0ae7ab0e6591,ne0e7f7f6ae2e,9735e1bac7ba0bc5d0af33cf56157b08,enyo*えんよう🗝️,keyoflife_enyo,https://assets.st-note.com/production/uploads/images/240644209/profile_1ac1d8614044bc9c45db88b11d02d8f6.png?fit=bounds&format=jpeg&quality=85&width=330,2026-04-18T22:47:24.579+09:00,"よしひろさん、こんばんは🌙

The MASTER✨👍

履き物ってなんか特別な存在の様な気がします👞👠
マガジンへの掲載もありがとうございました🎈
"
nc5ed390b12d0b,ndb4a5f6a29c1,dd29f4101ade0c3fd40fe940078a61a8,🍎taiwa‐asobi｜かおりんごー( *˙▿︎˙ )♪,236600,https://assets.st-note.com/production/uploads/images/114209840/profile_db37134a1479eec69c8e745134841967.jpeg?fit=bounds&format=jpeg&quality=85&width=330,2026-04-20T09:28:45.398+09:00,"わかっているようで、案外出来ていない事ですよね…😌
たまに思い出す時間をとる事も、大事なのかも🤔

またまたマガジンに追加していただき、ありがとうございました！！☺️"
ncbc0fc772415b,ndb4a5f6a29c1,32f550dffe989e6d35ff91b609a17829,めぐり,meguri_note,https://d2l930y2yx77uc.cloudfront.net/assets/default/default_profile_3-39088fff430aa9ec11d6e2a385dbcad45c8b79bde6c0c9ded10cd7abb960174f.png,2026-04-20T00:04:45.433+09:00,"よしひろさん
こんばんは😊

新入社員の方にとてもためになる記事ですね、皆さんに読んでいただきたいです。

いつも私の記事をマガジンに追加してくださりありがとうございます♪
感謝しております。"
nc63396fe34543,ndb4a5f6a29c1,2b013056dfa044a77df01725b6f2439d,chikobonitaruburu82,regal_puma7239,https://assets.st-note.com/production/uploads/images/188831921/profile_419f45ed00ea21910827e7bb962362d5.png?fit=bounds&format=jpeg&quality=85&width=330,2026-04-18T22:23:18.574+09:00,"よしひろさん、こんばんわ。今夜もマガジンに載せて頂き有難うございます。
社会人1年生の孫に聴かせてあげたいお話ばかりです。今は緊張ばかりの毎日だと思います。有難うございました😊"
nc14b587ac6486,ndb4a5f6a29c1,9d5ac7b4035254be4c7041d0d10027d0,ミルフィーユ博士,human_squid3270,https://assets.st-note.com/production/uploads/images/248914876/profile_affcd1646b5754ce182636a651325274.jpeg?fit=bounds&format=jpeg&quality=85&width=330,2026-04-18T22:20:43.192+09:00,"よしひろさん、こんばんは♪
行動　背中を見て見極めますね^ ^

マガジンに記事の紹介して頂き
ありがとうございます😭
"
ncf918750fafa2,ndb4a5f6a29c1,907edc26ecc556b380bd733caf94e5cc,JAU |  臨床検査技師×医療副業,jau_jau1001,https://assets.st-note.com/production/uploads/images/238898866/profile_b47389bc5953cb4d37cf45a1d4d208c2.png?fit=bounds&format=jpeg&quality=85&width=330,2026-04-18T20:14:01.313+09:00,"いや〜、最後の言葉めちゃくちゃ共感しました😭✨

本当にそれ🤣w"
nccd34b6855c11,ndb4a5f6a29c1,a3b393748448993682c446017554f28a,りこ@一生養生,riko_83,https://assets.st-note.com/production/uploads/images/242853208/profile_868cf0850d54d0a98ca0406d82454cfa.png?fit=bounds&format=jpeg&quality=85&width=330,2026-04-18T17:02:38.086+09:00,"こんにちは☀
さすが、本質を捉えていらっしゃる🫢
言葉は言葉通り受け止めちゃいけない時があるって事を思い出しました（笑）"
nc3997f9effb7b,ndb4a5f6a29c1,3a07bbf39f62dca69a000064efb4f859,ゆまま｜世帯年収400万で年間100万貯金をする主婦,noble_hare4289,https://assets.st-note.com/production/uploads/images/268073236/profile_2851b9702b1e202f0607cd443ad927e3.png?fit=bounds&format=jpeg&quality=85&width=330,2026-04-18T10:53:56.580+09:00,"よしひろさん！こんにちは
ご無沙汰しております☺️ゆままです
何度も聞く！私も新しい方につたえるとき必ずお話ししてることで個人的に
一番大事だなと思ってます✨

このnoteは全新入社員の方に読んで頂きたいです🤭もちろん来年新入社員になる娘にも読んでもらいたい素敵なnoteです。
"
nc1c87bae34568,ndb4a5f6a29c1,15b07889aa53dbf10c9cb1b67625f4b4,rika🌷,meina_rikamizuki,https://assets.st-note.com/production/uploads/images/238910767/profile_373a9816961e0c2decd5f9e33be51347.png?fit=bounds&format=jpeg&quality=85&width=330,2026-04-18T07:16:57.552+09:00,"最後の言葉、多そうだな〜って思いました🤣
若いときってそれに気づかないんですよね(；´∀｀)
無礼講って言ってるしいいか〜ってお酒飲んでるし、判断が鈍るのですよ💦"
nc52df15688b20,ndb4a5f6a29c1,f19d138b5f57bc35ca0f56f51ab37ac5,りーまむ,ri_mam,https://assets.st-note.com/production/uploads/images/186523962/profile_939af6d936ad6ca5456ee55e7d9d6404.jpeg?fit=bounds&format=jpeg&quality=85&width=330,2026-04-17T23:02:17.145+09:00,最後の言葉がめっちゃしみる〜😅
ncfba0609b7df8,n5095a311e361,907edc26ecc556b380bd733caf94e5cc,JAU |  臨床検査技師×医療副業,jau_jau1001,https://assets.st-note.com/production/uploads/images/238898866/profile_b47389bc5953cb4d37cf45a1d4d208c2.png?fit=bounds&format=jpeg&quality=85&width=330,2026-04-18T20:10:02.391+09:00,"よしひろさん！こんばんは♪

自分に甘く、人に親切。

本当によしひろさんは素敵な言葉を残していきますね🤩✨
そして、400部も売れてるんですから信頼の証ですね👏✨

しかも！まだまだ登っていくよしひろさん！
応援しています🎉"
nce4b1cb82be46,n5095a311e361,bede9bd0a510b6a3b89dcb460dd51ef5,ルルトアヤコ,lovely_coyote546,https://assets.st-note.com/production/uploads/images/264394551/profile_7d53e99488d218760c7f91157493e91b.png?fit=bounds&format=jpeg&quality=85&width=330,2026-04-18T05:12:37.900+09:00,"よしひろさん

同じく❣️4月にnoteを始めたんでしたよね〜

よ、400部も売り上げたんか〜い😱

売れっ子作家さんやんか〜


スゴイわ〜💝後に続きたいわ。ま、マイペースで、行くしかありまへんがね…

いつもマガジンに追加してくれたり…拙い記事を購入してくださったりと…


お世話になってます。


ほんまにありがとうございます💖💖💝

私も自分に甘く、人に親切にしよう🤗"
nc6f5c70eb97b7,n5095a311e361,b39624e9464ededa053a7cbf0de179ce,あな,ana_mama_english,https://assets.st-note.com/production/uploads/images/219621833/profile_8ef662d95d545fc74251b7700219beae.png?fit=bounds&format=jpeg&quality=85&width=330,2026-04-17T17:08:49.260+09:00,"よしひろさん、こんにちは✨

マガジン追加とスキをありがとうございます☺️
とっても嬉しいです♡

「自分に甘く、人に親切」、すてきだなと思いました☺️

私は記事を書くのがゆっくりなんですが、「自分に甘く」を意識して、
そんな自分でもいいよって思ってみようと思います😊♪

いつもありがとうございます☺️
"
nc3dc15ac32d62,n5095a311e361,5a3dd3f063f660624fcad6ed589bfb10,ことばの余白,ready_hornet3417,https://assets.st-note.com/production/uploads/images/248547849/profile_d8ac1acf50d9e92afb038a70a0f14b35.png?fit=bounds&format=jpeg&quality=85&width=330,2026-04-17T16:18:35.402+09:00,"よしひろさん

マガジンに追加していただき、ありがとうございます😊

「自分に甘く、人に親切。」という言葉、なんだかほっとしますね。

自分を大切にしながら、相手のことも大切にしていきたいなぁと感じました。"
nc40e851c40224,n5095a311e361,32a3d5ec7b1b7751c0635f2e47ea2b11,あん｜noteと遊ぶ,aging_gracefully,https://assets.st-note.com/production/uploads/images/238258843/profile_52f43522d9e7e75a12acd9d6da59035c.png?fit=bounds&format=jpeg&quality=85&width=330,2026-04-17T11:26:52.712+09:00,"よっしーさん

自己評価とか客観視とか
なかなかできません
人のことは、あ〜こうきたか、あ〜やっぱりいいな、
あ〜なるほど、とか、読んでいて楽しい部分があります

はて？
私はこのままでいのか？？
と、考えました"
ncbd5be510f288,n5095a311e361,dd29f4101ade0c3fd40fe940078a61a8,🍎taiwa‐asobi｜かおりんごー( *˙▿︎˙ )♪,236600,https://assets.st-note.com/production/uploads/images/114209840/profile_db37134a1479eec69c8e745134841967.jpeg?fit=bounds&format=jpeg&quality=85&width=330,2026-04-17T08:39:28.790+09:00,"よしひろさんこんにちは！

「この自己評価は自分のことを低くみている訳ではないんですよ。

むしろ逆で、自分の事を「もっとできるはず」なんて、過大評価している。」

凄くわかるなぁ…って思っちゃいました笑
私、多分そうなんですよ…。
ま、いい所ですよね😁

またまた、マガジン追加していただき、ありがとうございました🍀☺️"
nca365d288bce5,nd90108990291,12ef2d2180f9d3f754c7808c3befca1a,kinako,serene_tiger1435,https://assets.st-note.com/production/uploads/images/265260836/profile_44559427678c4fb54aa9d1e8f91ba4af.png?fit=bounds&format=jpeg&quality=85&width=330,2026-04-15T21:10:42.668+09:00,"自分が有料記事書いていいのか…とめっちゃ思ってる人間です。
なるほどです🙂ずっと抱えていた問いに答えをもらった感じです😊🌟
ありがとうございます✨

そして…最後の画像とキャプション好きです😂
なんかクセになります🤣"
nc92c85ec6727f,nadee18c7356c,32a3d5ec7b1b7751c0635f2e47ea2b11,あん｜noteと遊ぶ,aging_gracefully,https://assets.st-note.com/production/uploads/images/238258843/profile_52f43522d9e7e75a12acd9d6da59035c.png?fit=bounds&format=jpeg&quality=85&width=330,2026-04-17T12:07:21.388+09:00,"よっしーさん

なんとなくわかる気がします
これ、みんなに知ってほしい！無料
有料は何か外部きっかけがあるときに書いています

「何か得るものがあって欲しい。」
ここですよ、何か得るものなんて、私の記事にあるのか？
って、思えてしまうのですよね〜
だけど、これから先は有料も自身から出そうと思います。"
ncf18bb4cfb010,nadee18c7356c,94518051b69fff25a91c76f6db742243,星ママ | AI×主婦,hoshimama3,https://assets.st-note.com/production/uploads/images/229421450/profile_1ba394f2d73f9d211c88afe12979b14a.jpeg?fit=bounds&format=jpeg&quality=85&width=330,2026-04-16T22:30:50.496+09:00,"よしひろさん〜
こんばんは。
有料か無料かって　ついつい深く考えすぎてたので、
気分で決めていいって聞いてなんか肩の力が抜けました。
書く気持ちを大事にしながら　気楽に続けていけそうです。 😌"
nc99e345d3011c,nadee18c7356c,1b14ec5242b0f89c04e2ee53ca366e02,にゃんちー,alive_guppy3873,https://assets.st-note.com/production/uploads/images/247243911/profile_1556505783b49edbf889d17fa0f50227.png?fit=bounds&format=jpeg&quality=85&width=330,2026-04-15T16:57:42.941+09:00,"よしひろさん、こんにちは☀️

マガジンへの掲載ありがとうございます🙇‍♀️

前回の記事での、新しいことを取り入れる🤔
うーん🤔難しいなぁ🤔って思って読んでいましたが、よしひろさんのおっしゃってる事が、あ、私も出来てる😳と思い、気付けてなかったなぁと思いました🥹
だけど、小さな事でも考えたら、新しいことって結構してるんだなと気付かされました🥹✨
それから今回の有料記事か無料記事にするか🤔私はまだnoteをはじめたばかりで、先日初めて有料記事を出したのですが、そこから有料記事を意識する様になって来ましたが、じゃあ実際に有料記事ってどんなものを有料に🤔とも思っていました。
皆さん、無料でも読み応えのある記事を書いているので凄く難しいんですよね🤔
恥ずかしかったり、辛い経験の場合は、有料🤔とも思えるのですが、じゃあその他は🤔ってなった場合を考えていました🙈

でも、よしひろさんが、その時の気分とか、迷ったら有料、とおっしゃっていたので、なるほど😳と、それで良いんだって思えました🤣✨
ありがとうございます✨✨🌿

長々と失礼いたしました🥹🙏

"
nc4a91733e9749,nadee18c7356c,907edc26ecc556b380bd733caf94e5cc,JAU |  臨床検査技師×医療副業,jau_jau1001,https://assets.st-note.com/production/uploads/images/238898866/profile_b47389bc5953cb4d37cf45a1d4d208c2.png?fit=bounds&format=jpeg&quality=85&width=330,2026-04-15T16:02:51.955+09:00,"このテンション！やっぱりよしひろさんだなぁって思っちゃいました🤭✨w

そして、
「せっかく書けたんだから、
いろんな人に読んでほしい」

いやぁ、本当に共感します👏✨
なんか上手く書けたなって思ったとき、読んでほしいが強くなりますよね🥳"
nc1a56b7073b30,nadee18c7356c,b39624e9464ededa053a7cbf0de179ce,あな,ana_mama_english,https://assets.st-note.com/production/uploads/images/219621833/profile_8ef662d95d545fc74251b7700219beae.png?fit=bounds&format=jpeg&quality=85&width=330,2026-04-15T13:28:25.871+09:00,"よしひろさん、こんにちは♪

マガジン追加とスキを、ありがとうございます☺️
とても嬉しかったです☺️

有料にするか無料にするかのお話、
すごく勉強になりました✨

まだ有料記事を出したことがなくて、どんな内容を有料にしたらいいのか迷っていたので😇

「迷ったら、適当でいい」というお言葉に、心が軽くなりました☺️

「そのときの気分」も大事にしながら、
書いていきたいと思います✨

ありがとうございます☺️"
nc3abeaa01de3a,nadee18c7356c,1bf08e7d119ff825768c1466a1845406,やま＠AI時代の教育【フォロワー1000人目指します！】,kyoiku_vs_ai,https://assets.st-note.com/production/uploads/images/259705461/profile_483fb56147d46f5fdf6e97a2b9cb1e14.png?fit=bounds&format=jpeg&quality=85&width=330,2026-04-15T12:50:40.191+09:00,"なるほど！！
気楽にやってみます！"
nc7267f9e0a6ad,n1e46ff49dc7a,b39624e9464ededa053a7cbf0de179ce,あな,ana_mama_english,https://assets.st-note.com/production/uploads/images/219621833/profile_8ef662d95d545fc74251b7700219beae.png?fit=bounds&format=jpeg&quality=85&width=330,2026-04-16T18:06:16.464+09:00,"よしひろさん、こんにちは♪

マガジン追加とスキを、ありがとうございます✨

モーターサイクルショー、行ったことがないので、写真も記事も楽しく読ませていただきました☺️

スペアリブうどん、初めて見ました😳
どれも美味しそうですね〜🤭

私も行ってみたくなりました♪

いつもありがとうございます☺️"
nc7ddf05cd83fd,nd3372c44c95e,9d5ac7b4035254be4c7041d0d10027d0,ミルフィーユ博士,human_squid3270,https://assets.st-note.com/production/uploads/images/248914876/profile_affcd1646b5754ce182636a651325274.jpeg?fit=bounds&format=jpeg&quality=85&width=330,2026-04-16T09:27:04.990+09:00,"おはようございます☀
noteに戻って来ました♪
よろしくお願いします🥺

スーツ姿の人キュンとします💕
年に何度か
店長と化粧品担当2人での参加で
会議があるのですが、
キュン🫰とします🥰
そして、背筋もきめて、ですねぇ、🤭"
nca01576ad1638,nd3372c44c95e,907edc26ecc556b380bd733caf94e5cc,JAU |  臨床検査技師×医療副業,jau_jau1001,https://assets.st-note.com/production/uploads/images/238898866/profile_b47389bc5953cb4d37cf45a1d4d208c2.png?fit=bounds&format=jpeg&quality=85&width=330,2026-04-13T06:46:36.948+09:00,"よしひろさん！おはようございます☀

私、あまりスーツを着る環境にないのですが、これは誰が見てもカッコいいスーツ👏✨
スーツ似合う方って本当に憧れです🤩✨"
nc4b298f5187b2,nd3372c44c95e,32a3d5ec7b1b7751c0635f2e47ea2b11,あん｜noteと遊ぶ,aging_gracefully,https://assets.st-note.com/production/uploads/images/238258843/profile_52f43522d9e7e75a12acd9d6da59035c.png?fit=bounds&format=jpeg&quality=85&width=330,2026-04-12T18:38:21.617+09:00,"よっしーさん

スリーピースに裾ダブル好きです🩷
だけど夫は持っていません。
ベストが似合わなすぎて🥲

ダブルのジャケット着てました😆"
nca56bc2a8b246,nd3372c44c95e,5643208b438dc520ea679300a191f102,ういまる,witty_eider9036,https://assets.st-note.com/production/uploads/images/262416249/profile_6afa0c6ae55faab820fd1ab090d2e6cf.png?fit=bounds&format=jpeg&quality=85&width=330,2026-04-12T06:48:59.727+09:00,"よしひろさんお邪魔します🙇
いつもありがとうございます🙇
私は職場がスーツ必須なので、年間通じてならスーツを1番着てます✌
が、ネクタイはなくなりましたし、いずれカジュアル化するかもしれません🤔
でもまぁ金融機関ですと、経営者様とお話する機会も多いので、部下がスウェットで出社したら間違いなく牢獄へぶち込みます(笑)"
nceabb565d65bf,n3a6ee129232d,dcaf51c5cb5c2c9724b67fec1c728544,みずか｜ほころんでは、ほどく。子どもとの日々から,mizuka__,https://assets.st-note.com/production/uploads/images/252096893/profile_487b0797252acba719f63d29347aa42a.jpeg?fit=bounds&format=jpeg&quality=85&width=330,2026-04-12T14:06:11.510+09:00,"娘さん、ご入学おめでとうございます☺️🎉

良くも悪くも次々にやってくるいろんな変化、その中のひとつを掴めたのかな😌
親子で毎日を楽しめますように🫶🏻✨

しかし、運動不足とのお付き合いは難しいものです🤣🏃🏻"
ncff38b8b5f706,n3a6ee129232d,94518051b69fff25a91c76f6db742243,星ママ | AI×主婦,hoshimama3,https://assets.st-note.com/production/uploads/images/229421450/profile_1ba394f2d73f9d211c88afe12979b14a.jpeg?fit=bounds&format=jpeg&quality=85&width=330,2026-04-12T12:09:08.455+09:00,"入学おめでとうございます。

まずはちゃんと登校できたっていうのが大きいですね。
無理に元気じゃなくても、一歩進めてる感じがしていいなと思いました。

友達の存在ってやっぱり大きいですよね😊
"
nc67ff8350a096,n3a6ee129232d,907edc26ecc556b380bd733caf94e5cc,JAU |  臨床検査技師×医療副業,jau_jau1001,https://assets.st-note.com/production/uploads/images/238898866/profile_b47389bc5953cb4d37cf45a1d4d208c2.png?fit=bounds&format=jpeg&quality=85&width=330,2026-04-11T10:40:24.215+09:00,"娘さんのご入学、おめでとうございます㊗️

環境って大事ですよね😭✨
娘さんの毎日登校と、よしひろさんの毎日投稿、どちらが勝つか楽しみにしています👍w

そういうことが言える親子関係って本当に素敵です🥰"
nc0f2f07ce7772,n3a6ee129232d,c207127fa45a515b76f9ae050bd52112,ののさん🌸ゆっくりのんびり私らしいnote,ai1512take,https://assets.st-note.com/production/uploads/images/211922575/profile_2cfc1175f5e82a47ed7053885507759e.png?fit=bounds&format=jpeg&quality=85&width=330,2026-04-11T06:26:11.193+09:00,"よしひろさん
おはようございます。

娘さん、入学おめでとうございます🌸
無事、登校できて良かったですね。
うちの息子も始業式と次の日は無事に学校に行くことができました。
クラスの友達も担任の先生も良さそうな雰囲気😊🙏
目眩の症状も軽くなっているようで、ホッとしてます😮‍💨

本当、自分のことじゃないからヤキモキするしか出来ないんですよね💦
時間が解決してくれることもあるので、しばらくはヤキモキが続きそうです😅"
nc4a46759b35d6,n3a6ee129232d,15b07889aa53dbf10c9cb1b67625f4b4,rika🌷,meina_rikamizuki,https://assets.st-note.com/production/uploads/images/238910767/profile_373a9816961e0c2decd5f9e33be51347.png?fit=bounds&format=jpeg&quality=85&width=330,2026-04-10T21:18:43.788+09:00,"娘さん、投稿できて良かったです🌷

入学おめでとうございます🎉✨️

すごいわかります💦
子どもの頃の運動量凄かったんだろうなってたまに思いますもん😂
今はあんまり動かないから蓄積されてばっかりです😭"
nce751f710215f,ncdcc3c2f415a,35032a872ef338f6bbc0a85288de5944,あまね〘ฅ՞•ﻌ•՞ฅฅ^•ﻌ•^ฅ〙,almabrillante,https://assets.st-note.com/production/uploads/images/238959793/profile_08b2cb438cc06577581118d317494042.png?fit=bounds&format=jpeg&quality=85&width=330,2026-04-14T00:13:52.905+09:00,"よしひろさん、こんばんは🌛*゜

しまった！後で書いて参加しようと思ってたのに…そのまま忘れちゃってました😭💦
（遥華さんの企画記事にはスキ♥️したのに…）

うっかりさんは、あまねのことですね🥹💧‬"
nc6533c968b08f,ncdcc3c2f415a,5a3dd3f063f660624fcad6ed589bfb10,ことばの余白,ready_hornet3417,https://assets.st-note.com/production/uploads/images/248547849/profile_d8ac1acf50d9e92afb038a70a0f14b35.png?fit=bounds&format=jpeg&quality=85&width=330,2026-04-13T19:20:49.531+09:00,"よしひろさん

スキとマガジン追加ありがとうございます😊

コンテストなどをキッカケにするのは、
自分に対する変化の後押しになる、
という言葉、とても共感できます💖

私もイベントを利用して、脳みそを使ってみようと思いました。
"
nc1d6bb6597cf6,ncdcc3c2f415a,6c7f7e8aa938f4a4c4b190840dc9c0a6,るこのみらい｜有料noteとCanvaで「できるかも」を育てるnote🌱,ruco3,https://assets.st-note.com/production/uploads/images/239032332/profile_819b5756c137702ccc9827a0eb88b347.png?fit=bounds&format=jpeg&quality=85&width=330,2026-04-13T13:47:41.948+09:00,"よしひろさん💕こんにちは

ほしの遙香さんは存じていますが
イベントをされているのは
知りませんでした。
紹介していただきありがとうございます😊

「新しい物事に取り組む際には
普段使っていない脳みそが
ギュンギュン回りだす……」

これ、わかります！
私もなるべくイベントには参加して
脳みそを使うようにしています🥰💕"
nc9d29411f855d,ncdcc3c2f415a,1b14ec5242b0f89c04e2ee53ca366e02,にゃんちー,alive_guppy3873,https://assets.st-note.com/production/uploads/images/247243911/profile_1556505783b49edbf889d17fa0f50227.png?fit=bounds&format=jpeg&quality=85&width=330,2026-04-13T05:58:04.459+09:00,"よしひろさん、はじめまして🥹🙏
おはようございます☀

マガジンへの掲載ありがとうございます🙇‍♀️

まだnoteをはじめて2ヶ月くらいですが、これまでいくつか皆さんが企画してるのをお見かけしましたが、楽しそうだな、とは思いつつも、参加出来ずにいました。
よしひろさんの記事を読んで、今度参加してみようかな🥹と思えました🥹🙏
いざその時になったら色々考えてしまいそうですが😅

この記事しかまだ読んでないのですが、読んでいて、気持ち良くポジティブになれるなぁ、と思いました🥹🙏
朝からありがとうございます✨✨✨
他の記事もゆっくり読ませていただきます🥹🙏

"
nc9a12aef82fa2,ncdcc3c2f415a,dd29f4101ade0c3fd40fe940078a61a8,🍎taiwa‐asobi｜かおりんごー( *˙▿︎˙ )♪,236600,https://assets.st-note.com/production/uploads/images/114209840/profile_db37134a1479eec69c8e745134841967.jpeg?fit=bounds&format=jpeg&quality=85&width=330,2026-04-10T20:11:07.139+09:00,"よしひろさんこんばんは！
ほんと、きっかけを掴んで動いてみると、色々な事が感じられますよね…🤔
今回、それがよくわかりました…😌
ご一緒出来て、良かったです☺️
受賞、おめでとうございます！！
記事もご紹介いただき、ほんとうにありがとうございました✨️🍀"
nc08f4d94adc3c,ncdcc3c2f415a,bede9bd0a510b6a3b89dcb460dd51ef5,ルルトアヤコ,lovely_coyote546,https://assets.st-note.com/production/uploads/images/264394551/profile_7d53e99488d218760c7f91157493e91b.png?fit=bounds&format=jpeg&quality=85&width=330,2026-04-10T12:06:13.565+09:00,"うっかりさん、代表でーす🤣🤣次回は、ちゃんと参加しますわよ〜🫣

受賞おめでとう御座います🥂🍾

カンパーイ👏🏼🌸🌸💖💖💖"
nc6295ca889032,ncdcc3c2f415a,15b07889aa53dbf10c9cb1b67625f4b4,rika🌷,meina_rikamizuki,https://assets.st-note.com/production/uploads/images/238910767/profile_373a9816961e0c2decd5f9e33be51347.png?fit=bounds&format=jpeg&quality=85&width=330,2026-04-09T18:17:30.420+09:00,"そっか！！
よしひろさん確か、全部参加してるよね😆✨️
今回は自分が投稿しないって決めた期間と被ってたから泣く泣く参加お見送りしました🥹
次回は一緒に参加できたらいいなぁ！！"
ncb500cedaa799,nef7b143bfe4b,bede9bd0a510b6a3b89dcb460dd51ef5,ルルトアヤコ,lovely_coyote546,https://assets.st-note.com/production/uploads/images/264394551/profile_7d53e99488d218760c7f91157493e91b.png?fit=bounds&format=jpeg&quality=85&width=330,2026-04-13T10:42:59.912+09:00,"めーーーーーーーーーーっちゃ、、共感する〜〜〜〜


˚✧₊⁎❝᷀ົཽ≀ˍ̮ ❝᷀ົཽ⁎⁺˳✧༚←これ最近ハマってる顔文字♪(*^^)o∀*∀o(^^*)♪

いつもさりげなくマガジンに追加も感謝してまーーーーす🙏"
ncb6bcb61b04dd,nef7b143bfe4b,5fc41c7aec4f5cbe6e8062ab23bbf7bc,yayachico,open_magpie7814,https://assets.st-note.com/production/uploads/images/254370493/profile_0901b98e3dd534db8729a75af2c6b096.jpeg?fit=bounds&format=jpeg&quality=85&width=330,2026-04-10T17:35:17.058+09:00,"よしひろさん、こんにちは。

何も感じなくなったとき…

これ、わかります。
ワクワクしなくなっちゃったんですよね。

自分で境界線をきめる。
そりゃそうだ！
これが完璧にできるようになったら
もう、無双状態ですね。
この境地に辿り着きたい⛰️"
ncab0f1c97d24b,nef7b143bfe4b,0283b96a011b3d44c7b4ae6a1ed30ae9,営業fafa | note業界No.1営業マン,kohana1112,https://assets.st-note.com/production/uploads/images/231018078/profile_b3bbbe00a8972338d5f563a39e002d1b.png?fit=bounds&format=jpeg&quality=85&width=330,2026-04-10T14:47:13.315+09:00,"よしひろさん！

はじめまして♪

とりあえずノンノン！
気付きをありがとうございます😊"
nc9693180278ed,nef7b143bfe4b,1855ab43007be46a347e898053d57368,Viola,viola9836,https://assets.st-note.com/production/uploads/images/152908817/profile_5559a313443730e2c26f44c056f1ba4c.jpeg?fit=bounds&format=jpeg&quality=85&width=330,2026-04-09T02:07:03.936+09:00,"よしひろさん
ヴェネツィア編、番外編と共に完結しました。お読みいただき、マガジンへの追加もしていただき、ありがとうございました。

境界線は年齢と共に上がり続けるものだと思っております。体力とは関係なく。
閾値、久しぶりに聞きました(^-^)

経験と共に、学んだことは層のように増え続けていく実感がありますね。"
nc81f5c45f5349,nef7b143bfe4b,a22107a59de6e3303ee2b624b3e0858a,Imbue（インビュー）/文筆家/発達凸凹育児,imbue_kaleid,https://assets.st-note.com/production/uploads/images/250421889/profile_b0f56720aebb6d8ee14055b266debfc4.png?fit=bounds&format=jpeg&quality=85&width=330,2026-04-08T20:45:06.979+09:00,"よしひろさん、こんばんは。
そうそう、JAUさんが書かれてあるように、
書きたいけど書けない有料記事へのコメント🤣

私はいつもよしひろさんの記事に、
安心感をいただいています❣️
ありがとうございます✨"
ncde6f6a04c7a8,nef7b143bfe4b,907edc26ecc556b380bd733caf94e5cc,JAU |  臨床検査技師×医療副業,jau_jau1001,https://assets.st-note.com/production/uploads/images/238898866/profile_b47389bc5953cb4d37cf45a1d4d208c2.png?fit=bounds&format=jpeg&quality=85&width=330,2026-04-08T20:31:33.337+09:00,"この想いを書くとバレるので、これだけ…

ノンノン🙂‍↔️"
nccea10ad0987e,n9094cf5dc798,3230acd73a454345c25d7cc7da2fd8b8,AYU,ayu760,https://assets.st-note.com/production/uploads/images/124260230/profile_7da754e5114659f81ebeca7786de3b0d.jpeg?fit=bounds&format=jpeg&quality=85&width=330,2026-04-09T20:33:09.962+09:00,"よしひろさん✨こんばんは😊

本当にそうですよね😊✨✨
とっても共感しました！！😊✌️✨

また､今日は､私の記事を､よしひろさんのマガジンに追加していただいて､大変嬉しく思っています！！😊💕✨
本当にありがとうございます！！😊💕💕"
ncf4d4f003942a,n9094cf5dc798,290f76d99eb40b676ce764b1c2a200e3,Takanashi（たかなし）,takanashi_note01,https://assets.st-note.com/production/uploads/images/235786177/profile_d3248e02f9810e16a0daf3e4a02bee0b.png?fit=bounds&format=jpeg&quality=85&width=330,2026-04-09T18:02:06.794+09:00,"テストのテクニックで、絶対という表現がついている選択肢は、大抵誤っているというものがありました。
もちろん合っている場合もありますが、大抵の場合は例外が存在するため、絶対ということはまず有り得ないという考え方です。
私自身、絶対と断言するのはよほどの根拠がなければできないと思いますし、可能性を否定する方向で絶対を使いたくないと、強く感じております。"
nc9575def87a6b,n9094cf5dc798,c1a9bb683f0a8db9504909e925ef1b86,小芝 凛  ╱Rin  Koshiba,rin_koshiba,https://assets.st-note.com/production/uploads/images/238873241/profile_c7652ed087bc514a276653727f8845c7.png?fit=bounds&format=jpeg&quality=85&width=330,2026-04-09T09:14:14.924+09:00,"よしひろさん✨

ついつい言ってしまいがちです🥲
がとっても共感します😉
絶対なんて絶対ない❣️"
nc5d16fcbad630,n9094cf5dc798,c07b157a7ec5bb59e22ab2662ff17c09,まるり,marimo_0892,https://assets.st-note.com/production/uploads/images/268954670/profile_9f799711a4133f7b7b2f0d52e06a97bf.png?fit=bounds&format=jpeg&quality=85&width=330,2026-04-08T21:25:33.889+09:00,"よしひろさん、はじめまして。
やわやわした言葉。
とても素敵な響きだなと思い、コメントさせてもらいました。
日常でこども達と使ってみたいです😆"
nc364354375f75,n9094cf5dc798,3a07bbf39f62dca69a000064efb4f859,ゆまま｜世帯年収400万で年間100万貯金をする主婦,noble_hare4289,https://assets.st-note.com/production/uploads/images/268073236/profile_2851b9702b1e202f0607cd443ad927e3.png?fit=bounds&format=jpeg&quality=85&width=330,2026-04-08T07:47:31.655+09:00,"よしひろさん
おはようございます☺️
絶対にむりなんてない！私も
いますごくすごく☺️思います✨
いつもよしひろさんのnoteには
パワーとワクワクを頂いてます

今日はいつも、と違うまたすてきな
よしひろさんがでてきてびっくり🫢🤭してます
では今日も、
元気に仕事頑張ってきます。


"
nceef17085e12c,n9094cf5dc798,685d473fa4f471b5b9f52de0d570a2f0,さとりのさとり,kopailog,https://assets.st-note.com/production/uploads/images/226182676/profile_094199e7fa1bff58de5da5e07a1a43de.png?fit=bounds&format=jpeg&quality=85&width=330,2026-04-08T06:20:49.456+09:00,"もう大好き💕
この締め方✨

絶対なんて絶対ないですね🌿"
ncb86b1d0870c3,n2eb862ee53c9,bede9bd0a510b6a3b89dcb460dd51ef5,ルルトアヤコ,lovely_coyote546,https://assets.st-note.com/production/uploads/images/264394551/profile_7d53e99488d218760c7f91157493e91b.png?fit=bounds&format=jpeg&quality=85&width=330,2026-04-13T10:57:41.488+09:00,"よしひろさん

旅のエッセイ、楽しく拝見しました。

私は海外旅行✈️行った事ないので、興味津々でした〜🥰

死ぬまでにいけるかな？

行きたいな🥰

このエッセイ読むと、ますますお金に対して、乗り越えないとあかんなぁって…🫣


お金、貯めよう🤩🤩"
ncd200f5c35dec,n2eb862ee53c9,1855ab43007be46a347e898053d57368,Viola,viola9836,https://assets.st-note.com/production/uploads/images/152908817/profile_5559a313443730e2c26f44c056f1ba4c.jpeg?fit=bounds&format=jpeg&quality=85&width=330,2026-04-08T15:02:37.496+09:00,"よしひろさん
旅エッセイをお読みいただき、またマガジンへの追加をありがとうございました。

「旅は行ったら帰ってこなければいけないので面倒臭い」という名言を、何年か前に天海祐希さんが話していました　笑

家族の為ににパパが頑張った海外旅行、今後ずっとご家族の素敵な記憶となることでしょう✈️✨✨

体力は使うし、気は遣うし、でも旅でなければ知ることのできないことが沢山ありますね。
私は小さい頃ムーミンのスナフキンが、「寒くなったら暖かい国に行って、オレンジを剥いて過ごすんだ」という言葉にずっと憧れてきました。そうありたい!と。
同じ頃、伊丹十三さんの本を読んで憧れたことが一番のきっかけでしたが、ずっと思い続けていたら、叶ったことが幾つもあります。

リド島の海やエクセルシオールを眺めていると（今回は閑散期なので裏側から眺めただけ）、映画の仕事で行っていた伊丹さんが、ホテルの部屋で三船敏郎さんたちとタタミイワシをお酒のつまみに焼いたのだったなあ、とエピソードを思い出します。
その時代から、ヴェネツィアはさほど変わらない、それを見たくて、出かけています。"
ncbef6c2f181b1,n2eb862ee53c9,df1e433c714b7e82d61f6cdbef83bb27,瑠花,luca_therapy,https://assets.st-note.com/production/uploads/images/198979905/profile_c94df5df6f3f9343801af95012e1a3f7.png?fit=bounds&format=jpeg&quality=85&width=330,2026-04-07T08:14:59.155+09:00,"よしひろさん、おかえりなさい🍵
バナナ🍌クッション。
かわゆいですね✨
海外旅行したことがないので、イメトレさせてもらいました。
ありがとうございます😊"
nc2faf40a9cd58,n2eb862ee53c9,d58df56d72e51835fa8597640954d50b,道草ノート🌿ゆう,koya1970,https://assets.st-note.com/production/uploads/images/239663389/profile_49bb32f5cdb12b8a92a46112d883daf1.png?fit=bounds&format=jpeg&quality=85&width=330,2026-04-06T22:37:28.756+09:00,"一緒に旅した気分
ありがとうございま〜す
\( ˆoˆ )/"
nc342e5ad0e736,n2eb862ee53c9,32a3d5ec7b1b7751c0635f2e47ea2b11,あん｜noteと遊ぶ,aging_gracefully,https://assets.st-note.com/production/uploads/images/238258843/profile_52f43522d9e7e75a12acd9d6da59035c.png?fit=bounds&format=jpeg&quality=85&width=330,2026-04-06T20:32:27.343+09:00,"よっしーさん
家族4人旅💫お帰りなさいませ！

旅した気分を少し味わいました🫶💞
"
ncf31c0ebd3dc6,n2eb862ee53c9,9735e1bac7ba0bc5d0af33cf56157b08,enyo*えんよう🗝️,keyoflife_enyo,https://assets.st-note.com/production/uploads/images/240644209/profile_1ac1d8614044bc9c45db88b11d02d8f6.png?fit=bounds&format=jpeg&quality=85&width=330,2026-04-06T20:04:31.912+09:00,"よしひろさん、
楽しいご旅行になった様でよかったですね🏖️

綺麗な海や空、モリモリのグルメの画像ありがとうございました😊

密かにバナナ君のファンになりかけていました🍌🤭 www

マガジンの交流もありがとうございます✨"
nc625e3ee9bffa,n2eb862ee53c9,685d473fa4f471b5b9f52de0d570a2f0,さとりのさとり,kopailog,https://assets.st-note.com/production/uploads/images/226182676/profile_094199e7fa1bff58de5da5e07a1a43de.png?fit=bounds&format=jpeg&quality=85&width=330,2026-04-06T18:58:47.103+09:00,"初っぱなで告白頂きましたー😆

ご家族様が
みんな楽しんでいたようなので

こちらにもおすそ分け
頂いたような気分です✨

本当に素晴らしい挑戦でしたね
また旅行したときは
記事にして下さいねー🌿"
ncaa6f9184b764,nc00eab576551,f19d138b5f57bc35ca0f56f51ab37ac5,りーまむ,ri_mam,https://assets.st-note.com/production/uploads/images/186523962/profile_939af6d936ad6ca5456ee55e7d9d6404.jpeg?fit=bounds&format=jpeg&quality=85&width=330,2026-04-07T15:30:59.106+09:00,"同じく、S&P500だなぁ🎵
NISAとiDeCoで。"
nc285ee3b68c26,nc00eab576551,685d473fa4f471b5b9f52de0d570a2f0,さとりのさとり,kopailog,https://assets.st-note.com/production/uploads/images/226182676/profile_094199e7fa1bff58de5da5e07a1a43de.png?fit=bounds&format=jpeg&quality=85&width=330,2026-04-06T07:28:41.019+09:00,"フルッタフルッタ
わたしも持ってるー😆😆😆

低位株に手を出すとはやりますねぇ

まあ、
200株しか持ってませんけどね😅
"
nc38f3d9a063b8,nc00eab576551,15b07889aa53dbf10c9cb1b67625f4b4,rika🌷,meina_rikamizuki,https://assets.st-note.com/production/uploads/images/238910767/profile_373a9816961e0c2decd5f9e33be51347.png?fit=bounds&format=jpeg&quality=85&width=330,2026-04-05T22:53:32.274+09:00,私もNISAで、S&P500に投資？してます😊一緒だ〜って思って、コメントしてみました😆
nc46576c427234,n4d31abd77dfb,5ab299b782196624bb27330ac2c9e64b,まき@こどもと日々成長中,asobo_kids,https://assets.st-note.com/production/uploads/images/238905762/profile_ce0a59bc37c9a19f1535730bd2e26881.png?fit=bounds&format=jpeg&quality=85&width=330,2026-04-04T17:49:04.797+09:00,"よしひろさん、みんなのフォトギャラリー画像使ってくれてありがとうございます😆✨✨旅行、おかえりなさい！
全部見れてないので
この後じっくり見させてもらいますね🤭2回目の旅行のほうがエンジョイできるのめちゃくちゃ分かります！！
そして、コングラボードは
後で拡大できるようにいくらかまとめるの良いですね🤭✨一画面でたくさん見れてスゴーーイってなります☺️✨👍👍"
nc3ade5d346790,n4d31abd77dfb,15b07889aa53dbf10c9cb1b67625f4b4,rika🌷,meina_rikamizuki,https://assets.st-note.com/production/uploads/images/238910767/profile_373a9816961e0c2decd5f9e33be51347.png?fit=bounds&format=jpeg&quality=85&width=330,2026-04-04T17:40:15.349+09:00,"どこで申し込みするのかわかんなくて、興味はあったけど、何もしなかった人間がここにおります( ´ ▽ ` )ﾉ笑
でも、使ってみたいですよねー！！
楽しそう✨️"
nce0ecd0810143,nac392eeadc12,099955dd1d1a0c52e23a74eb099c0986,限界集落で暮らす人｜ゆみ,yummies1980,https://assets.st-note.com/production/uploads/images/239025325/profile_ff64d507986dd7a1911a5b4a33db51b1.jpg?fit=bounds&format=jpeg&quality=85&width=330,2026-04-14T13:09:36.909+09:00,"note一周年おめでとうございます！！🎉
ほぼ同期(私は今月下旬)として、勝手に親近感湧きまくっています笑。これからも、よしひろさんのnote楽しみにしてます〜🫶"
nccc17726d027a,nac392eeadc12,f19d138b5f57bc35ca0f56f51ab37ac5,りーまむ,ri_mam,https://assets.st-note.com/production/uploads/images/186523962/profile_939af6d936ad6ca5456ee55e7d9d6404.jpeg?fit=bounds&format=jpeg&quality=85&width=330,2026-04-07T15:32:59.478+09:00,"1周年、おめでとうございます🎉
まだ1年⁉️noteの重鎮のオーラ出てるから、そのことにびっくりでした〜🫢"
nc31337c6c6ccf,nac392eeadc12,4538b1bf2bc68bad9b44ee65b925e8d7,月花の雫 | 明日ってさ、月が欠けたら来ないよね～　人生の夜を照らすお供に,shiso_to_basil,https://assets.st-note.com/production/uploads/images/245061439/profile_d9fc767d436db3f445735f3499e44dea.jpg?fit=bounds&format=jpeg&quality=85&width=330,2026-04-06T06:19:07.498+09:00,"遅れましたが、１周年おめでとうございます！
旅行で気分が一新した後の、
気持ちいいスタートですね✨"
nc79adb9b14336,nac392eeadc12,3a07bbf39f62dca69a000064efb4f859,ゆまま｜世帯年収400万で年間100万貯金をする主婦,noble_hare4289,https://assets.st-note.com/production/uploads/images/268073236/profile_2851b9702b1e202f0607cd443ad927e3.png?fit=bounds&format=jpeg&quality=85&width=330,2026-04-04T19:15:30.417+09:00,"よしひろさん。こんばんは
1周年おめでとうございます🥃㊗️

旅の疲れはとれましたでしょうか。
先輩のnoteまた楽しみにして
おります✨"
nc3723e96cba65,nac392eeadc12,f70038deb9c5f3f87c2ee7969a2cf523,不屈の屈葬,fukutsunokussou,https://assets.st-note.com/production/uploads/images/228082209/profile_bc2555e2c34c9857d7b2291bb9e9cc80.png?fit=bounds&format=jpeg&quality=85&width=330,2026-04-04T16:02:22.106+09:00,"1周年おめでとうございます！！
ほぼ同期として、これからもよろしくお願いします！！"
nc541da9ab19c9,nac392eeadc12,907edc26ecc556b380bd733caf94e5cc,JAU |  臨床検査技師×医療副業,jau_jau1001,https://assets.st-note.com/production/uploads/images/238898866/profile_b47389bc5953cb4d37cf45a1d4d208c2.png?fit=bounds&format=jpeg&quality=85&width=330,2026-04-04T14:35:35.940+09:00,"よしひろさん、note1周年おめでとうございます🎊

私も今日発表します🫡✨
ただ！私、このバッジ見逃しているかも🤣w"
nca6699ddc9c89,nac392eeadc12,d58df56d72e51835fa8597640954d50b,道草ノート🌿ゆう,koya1970,https://assets.st-note.com/production/uploads/images/239663389/profile_49bb32f5cdb12b8a92a46112d883daf1.png?fit=bounds&format=jpeg&quality=85&width=330,2026-04-04T12:06:50.063+09:00,"よしひろさん
1周年おめでとうございます🎉
新しい記事楽しみにしています♪"
nc3bb3376a8384,nac392eeadc12,32a3d5ec7b1b7751c0635f2e47ea2b11,あん｜noteと遊ぶ,aging_gracefully,https://assets.st-note.com/production/uploads/images/238258843/profile_52f43522d9e7e75a12acd9d6da59035c.png?fit=bounds&format=jpeg&quality=85&width=330,2026-04-04T11:12:51.421+09:00,"よっしーさん
１周年おめでとうございます㊗️

これからも楽しみにしています💞"
nc0323529d7d73,nac392eeadc12,c207127fa45a515b76f9ae050bd52112,ののさん🌸ゆっくりのんびり私らしいnote,ai1512take,https://assets.st-note.com/production/uploads/images/211922575/profile_2cfc1175f5e82a47ed7053885507759e.png?fit=bounds&format=jpeg&quality=85&width=330,2026-04-04T06:13:31.374+09:00,"よしひろさん
おはようございます♪
1周年おめでとうございます🎉

これからもよしひろさんの記事を楽しみにしています🌸
"
ncaed154d2630f,nac392eeadc12,d2a137a40f986380ae27c967dc9269f5,村田 裕樹,murata_ssj,https://assets.st-note.com/production/uploads/images/166304423/profile_e1b87dd893d1eabd48db8d58723ee4b0.jpg?fit=bounds&format=jpeg&quality=85&width=330,2026-04-03T22:17:22.442+09:00,1周年おめでとうございます🎉
nc7b864fb49b9b,nac392eeadc12,e8a8d7772c1aae2b688fec203c1903dd,MaRu（まる）｜ 4時起き朝活ワーママ,jolly_gerbil573,https://assets.st-note.com/production/uploads/images/263795679/profile_286a7a9d12b529deb20a75cfae67120b.jpeg?fit=bounds&format=jpeg&quality=85&width=330,2026-04-03T20:03:59.071+09:00,"よしひろさん、こんばんは！
note1周年、おめでとうございます✧︎*。

軽やかに見えて、この一年の積み重ねがちゃんとにじんでいて素敵ですね◎
これからも楽しみにしていますஐ:*"
nc2c670ce22e98,nac392eeadc12,685d473fa4f471b5b9f52de0d570a2f0,さとりのさとり,kopailog,https://assets.st-note.com/production/uploads/images/226182676/profile_094199e7fa1bff58de5da5e07a1a43de.png?fit=bounds&format=jpeg&quality=85&width=330,2026-04-03T19:00:57.618+09:00,"おめでとうございます✨

noteはじめたの
よしひろさんの方が
2カ月ほど先輩ですね😊

これからもよろしくお願いしますね🙇"
ncb52b0de69955,nac392eeadc12,62682d94f2f4d5e27cfc09d513e2be31,五十嵐雉虎（イガラシ・キジトラ）｜準文筆家｜掌編小説・ショートショート作家,kijitora50storm,https://assets.st-note.com/production/uploads/images/177475360/profile_590d0419ed4a65e554de7e8288c064e4.png?fit=bounds&format=jpeg&quality=85&width=330,2026-04-03T18:12:24.751+09:00,"1周年おめでとうございます。
私は明日（4月4日）で丸1年です。
1日遅れて着いていきます！"
nc41d6ca394a5a,nac392eeadc12,15b07889aa53dbf10c9cb1b67625f4b4,rika🌷,meina_rikamizuki,https://assets.st-note.com/production/uploads/images/238910767/profile_373a9816961e0c2decd5f9e33be51347.png?fit=bounds&format=jpeg&quality=85&width=330,2026-04-03T18:07:30.845+09:00,"よしひろさん、1年おめでとうございます🎉✨️

一緒に１年を迎えられて嬉しいです☺️✨
もうグアムから帰ってきたかな？
土日はゆっくり過ごしてくださいね🌷✨️"
nc78b0b67976e5,nac392eeadc12,3230acd73a454345c25d7cc7da2fd8b8,AYU,ayu760,https://assets.st-note.com/production/uploads/images/124260230/profile_7da754e5114659f81ebeca7786de3b0d.jpeg?fit=bounds&format=jpeg&quality=85&width=330,2026-04-03T16:41:03.307+09:00,"よしひろさん✨こんにちは😊

㊗️note1周年おめでとうございます！！🎉🎉✨✨

これからも､よしひろさんの記事を楽しく読ませていただきますね！！😊✌️✨"
nc6cb44094471d,nac392eeadc12,24ae8442856f6e3b72ae8eee40690c51,Mie,genial_cat129,https://assets.st-note.com/production/uploads/images/259954001/profile_5d311f6904fdf72781a68dbd8a987133.png?fit=bounds&format=jpeg&quality=85&width=330,2026-04-03T15:14:17.220+09:00,"よしひろさん
こんにちは♪
一周年おめでとうございます🎉
やっと一息ついてスマホを見たら
この記事に辿り着きました。
心からお祝い申し上げます🥂
noteを始めてから半年よしひろさんの記事で
ほっと一息つく時間をいただき
慌ただしい日々を駆け抜けてきました。
これから先ももっと時間の流れは早く
過ぎてしまうのでしょう。
それでも小さな幸せをひとつひとつ大切に
集めて宝物にしていきたいと思います。
よしひろさんとご家族の健やかで穏やかな日々が
続くことを心から願う５５歳おとめ座でした。
ありがとうございます♪"
nce3dacc5c3f1f,nc93b3230f5a2,d0c5765a47753e17543a7b9179cf317e,m o k a   ,crisp_rabbit1664,https://assets.st-note.com/production/uploads/images/244970963/profile_70498c82f9b680f43cff864d5947e3da.jpeg?fit=bounds&format=jpeg&quality=85&width=330,2026-04-13T14:11:54.205+09:00,"よしひろさん

グアム旅行のお話
色々な景色やお店 や食べ物などの
写真やお話 楽しかったです♪

ご家族　娘さんにとっても
貴重な体験と時間になったかな♡

写真　たくさんのシェア
ありがとうございました♪
"
nce80f2f322820,nc93b3230f5a2,f70038deb9c5f3f87c2ee7969a2cf523,不屈の屈葬,fukutsunokussou,https://assets.st-note.com/production/uploads/images/228082209/profile_bc2555e2c34c9857d7b2291bb9e9cc80.png?fit=bounds&format=jpeg&quality=85&width=330,2026-04-04T15:50:16.773+09:00,"お疲れ様でした～！
お子様たちもいい経験を積んでレベルアップしたでしょうね～！
楽しんでいた様子が伝わりました！

…にしても毎記事おいしそうでした（笑）"
nc840f7ff0bbfb,nc93b3230f5a2,685d473fa4f471b5b9f52de0d570a2f0,さとりのさとり,kopailog,https://assets.st-note.com/production/uploads/images/226182676/profile_094199e7fa1bff58de5da5e07a1a43de.png?fit=bounds&format=jpeg&quality=85&width=330,2026-04-03T18:58:32.723+09:00,"よしひろさん、お疲れ様でしたー😆
あっという間でしたね💨

時間って
なんでこんなに早いんでしょうね

準備から帰国まで
楽しませていただきました✨

ゆっくり休んでくださいね😊"
nc27ad29f82178,nc93b3230f5a2,12ef2d2180f9d3f754c7808c3befca1a,kinako,serene_tiger1435,https://assets.st-note.com/production/uploads/images/265260836/profile_44559427678c4fb54aa9d1e8f91ba4af.png?fit=bounds&format=jpeg&quality=85&width=330,2026-04-03T15:33:25.010+09:00,"よしひろさん、おかえりなさい🌟
たくさんの写真で、リゾートの雰囲気を感じさせてもらいました🌴🌊✨
癒しをありがとうございました〜😊

"
ncc76819c347c6,nc93b3230f5a2,d58df56d72e51835fa8597640954d50b,道草ノート🌿ゆう,koya1970,https://assets.st-note.com/production/uploads/images/239663389/profile_49bb32f5cdb12b8a92a46112d883daf1.png?fit=bounds&format=jpeg&quality=85&width=330,2026-04-03T06:55:31.467+09:00,"よしひろさん
おはようございます☀
毎日楽しく拝見していました☺️只今6:54今頃機内かな？と想像しながら…🤭
お話の続きを楽しみにしています♪"
nc76a47351d371,n0433743c1f38,f19d138b5f57bc35ca0f56f51ab37ac5,りーまむ,ri_mam,https://assets.st-note.com/production/uploads/images/186523962/profile_939af6d936ad6ca5456ee55e7d9d6404.jpeg?fit=bounds&format=jpeg&quality=85&width=330,2026-04-07T15:37:54.535+09:00,"グアムなつかしい〜🇬🇺
恋人岬も行ったなぁ

それにしても、サムネイルのこんな使い方があるなんて、斬新✨"
nc8a2d74ca83aa,n0433743c1f38,c068f7865d8e0da6555ec8d5b896bf89,くすり。。,crystal_shine,https://assets.st-note.com/production/uploads/images/236251541/profile_ab33998a42f921a3d102004f1dc24467.png?fit=bounds&format=jpeg&quality=85&width=330,2026-04-03T14:06:20.699+09:00,"よしひろさん

こんにちは☀️
空がめちゃくちゃ綺麗でした✨
パソコンで見ると、雲が物凄く立体的に映りました☁️

もう一度、前の記事からさかのぼって見てみました。
スマホは虹や海が映える🌈
パソコンは空が映える。
私には、そんなふうに映りました🍀

同じ画像でも、見るものでこんなにも違うんだということが、
よしひろさんの旅行記を見て感じましたよ✌️

パソコンでもスマホでも、見比べる楽しみを知りました😉
同じ記事を二度楽しめました♬

もしよかったら、見比べてみてくださいね🌟
"
ncdb7968b62e6b,n0433743c1f38,907edc26ecc556b380bd733caf94e5cc,JAU |  臨床検査技師×医療副業,jau_jau1001,https://assets.st-note.com/production/uploads/images/238898866/profile_b47389bc5953cb4d37cf45a1d4d208c2.png?fit=bounds&format=jpeg&quality=85&width=330,2026-04-03T10:37:03.154+09:00,私もそのパンツ欲しいです🤣✨w
nc6f9b61ff75ba,n0433743c1f38,83e5f78b9b7b83fe911db049b95a1d27,えびしま| AI×noteで生活に余白をつくる,emi_dh,https://assets.st-note.com/production/uploads/images/243764210/profile_e472159630049af76169c820dc45c9cb.png?fit=bounds&format=jpeg&quality=85&width=330,2026-04-02T19:28:36.488+09:00,"よしひろさん🌺
まとめ読みしておりますが、ゲリラ更新に追いつきました😆
グアム楽しいですね⇦行ってない笑。記事見ているとワクワクしてきます✨美味しそうなもの海や現地のお店。写真もたくさんで現地の様子が伝わってきます✨"
nc540da7e6fe88,n7be657636025,73ee01c7e2de034c5a175d026421c266,スイカの子,merry_sorrel8816,https://assets.st-note.com/production/uploads/images/243607727/profile_6c9abdd12417168840b7c0f2ef6772ab.jpeg?fit=bounds&format=jpeg&quality=85&width=330,2026-04-02T12:53:11.125+09:00,"よしひろさん、こんにちは！

無事に行けて良かったです🙌
たくさん写真載せてくれてるから私も一緒に行ってる気分〜🤭
外国に行った事がない私（あまり行きたいと思わない）も、あーいいなーってなっちゃいました😆！
美味しそう♡楽しそう♡"
nca244f392b187,n7be657636025,52696bea4573ce2aadd076e75b0baa4a,なな,nana_155,https://assets.st-note.com/production/uploads/images/263366995/profile_bf7f72d072d2c70ac8129d90527a5de1.png?fit=bounds&format=jpeg&quality=85&width=330,2026-04-01T23:37:14.129+09:00,"サムネイルの並びに、思わずほっこりしました✨
さりげない遊び心がとても素敵だなと感じました😊

グアムの旅行記も、いつも楽しみに拝見しています🦋"
nc21ac2467bf8c,n7be657636025,32a3d5ec7b1b7751c0635f2e47ea2b11,あん｜noteと遊ぶ,aging_gracefully,https://assets.st-note.com/production/uploads/images/238258843/profile_52f43522d9e7e75a12acd9d6da59035c.png?fit=bounds&format=jpeg&quality=85&width=330,2026-04-01T21:18:44.633+09:00,"ドルで買い物、いい経験ですよね〜
いい思い出ができたんじゃないですかね🫶"
ncd1f8b8195986,n7be657636025,aefdbe2c616c4952074a5fb37ae88b60,かなハム,himawarino86,https://assets.st-note.com/production/uploads/images/170523869/profile_2e298a41cb0d68341ce03fb1a8ad5bb7.jpg?fit=bounds&format=jpeg&quality=85&width=330,2026-04-01T07:22:27.956+09:00,"最後のバナナにほっこりしました🍌
知らない間にスタッフが置いてくれてあったんですか😅"
nc222195fd5d13,n7be657636025,685d473fa4f471b5b9f52de0d570a2f0,さとりのさとり,kopailog,https://assets.st-note.com/production/uploads/images/226182676/profile_094199e7fa1bff58de5da5e07a1a43de.png?fit=bounds&format=jpeg&quality=85&width=330,2026-04-01T06:08:49.741+09:00,"あ、すご
クリエイターページから見ると
面白いことしてますね😆

ちょっとこれから一気に読みますねー"
nc17b2db211c9b,n9ffd45a4777c,a3b393748448993682c446017554f28a,りこ@一生養生,riko_83,https://assets.st-note.com/production/uploads/images/242853208/profile_868cf0850d54d0a98ca0406d82454cfa.png?fit=bounds&format=jpeg&quality=85&width=330,2026-04-01T11:01:51.862+09:00,"こんにちは☀
盛りだくさんですね😊🍀
とっても楽しそう🎵
お土産はこんがり日焼けしたキティちゃんが良いなぁ（笑）"
nc8922418f91dd,n9ffd45a4777c,3a07bbf39f62dca69a000064efb4f859,ゆまま｜世帯年収400万で年間100万貯金をする主婦,noble_hare4289,https://assets.st-note.com/production/uploads/images/268073236/profile_2851b9702b1e202f0607cd443ad927e3.png?fit=bounds&format=jpeg&quality=85&width=330,2026-03-31T21:33:43.372+09:00,"可愛すぎるマカロンに🌈虹に。
🚌でお買い物、プール
ほんと毎日楽しそうで、
やっぱり羨ましいです。
いつか行きたいなーと
ワクワクしながらみてしまいます。
リアルとってもうれしいです！

ウィスキーないなんて、そんなこと
あるんですね🤭
明日も楽しみです😊"
nc64ee5a9516ee,n9ffd45a4777c,0793b040bdb88db471f3f31c70126567,あやい～,long_thyme4807,https://assets.st-note.com/production/uploads/images/243852262/profile_896d5af92901355e5f14916fab7a9520.jpg?fit=bounds&format=jpeg&quality=85&width=330,2026-03-31T18:25:19.935+09:00,"わぁ、すごく充実したグアム旅行ですね！🌴
写真から楽しさが伝わってきます😆
リアルタイムで更新してくれるのも嬉しいです✨
続きも楽しみにしています！"
nc33eb82eb0c83,n9ffd45a4777c,24246d30e5c0e48fb501516abf0f7a1d,風光明媚,keen_otter4172,https://assets.st-note.com/production/uploads/images/263281955/profile_13246f79de604a3606b24a1c925d831b.jpg?fit=bounds&format=jpeg&quality=85&width=330,2026-03-31T18:01:05.800+09:00,"グアム旅行、楽しそうですね！朝の虹や鶏の声、そしてステーキの話がとても魅力的でした。
家族旅行ならではのゆったりした雰囲気が伝わってきて、こっちまでリラックスできました。
旅行中に気になることとして、タクシーアプリ（stroll）を使ったとのことですが、現地でタクシーアプリを使う際の便利な点や注意点について、もう少し詳しく教えていただけますか？"
nc84e68d59e146,n9ffd45a4777c,15b07889aa53dbf10c9cb1b67625f4b4,rika🌷,meina_rikamizuki,https://assets.st-note.com/production/uploads/images/238910767/profile_373a9816961e0c2decd5f9e33be51347.png?fit=bounds&format=jpeg&quality=85&width=330,2026-03-31T11:19:02.939+09:00,"メッチャ満喫してますね✨️
朝ごはんのドーナツ🍩いーなー！！
美味しそうです😋
プール👙もビーチも楽しそうで、お子さんも元気そうで良かったです🌷✨️"
ncc1e50f35b30f,n9ffd45a4777c,32a3d5ec7b1b7751c0635f2e47ea2b11,あん｜noteと遊ぶ,aging_gracefully,https://assets.st-note.com/production/uploads/images/238258843/profile_52f43522d9e7e75a12acd9d6da59035c.png?fit=bounds&format=jpeg&quality=85&width=330,2026-03-31T09:37:39.253+09:00,"サムネが！
こうゆうの好きです😊"
ncf83f6488bbbb,n7699591bc882,1855ab43007be46a347e898053d57368,Viola,viola9836,https://assets.st-note.com/production/uploads/images/152908817/profile_5559a313443730e2c26f44c056f1ba4c.jpeg?fit=bounds&format=jpeg&quality=85&width=330,2026-04-03T18:44:47.912+09:00,"お食事がとても羨ましいです。
ヨーロッパのコンチネンタルブレックファーストは大抵どこもシンプルで、あまり皆さん食べません。
お料理を拡大してじっくり拝見しました🤭

ハワイやグァムって、楽しいですよね〜
私までご機嫌な気分にさせていただきました。

"
nc324844c75164,n7699591bc882,3a07bbf39f62dca69a000064efb4f859,ゆまま｜世帯年収400万で年間100万貯金をする主婦,noble_hare4289,https://assets.st-note.com/production/uploads/images/268073236/profile_2851b9702b1e202f0607cd443ad927e3.png?fit=bounds&format=jpeg&quality=85&width=330,2026-03-30T20:29:47.951+09:00,"よしひろさーん
二日目の楽しいグアムのご様子🩷
ありがとうございます。
朝からお風呂に🌈いいですね
お子様たちの心にもきっとずっと
ずっと残りますね
21年前の新婚旅行の事を思い出し
ながら🤭
懐かしいなーと思いました。
また楽しみにしています"
nca03c2ccb2bd8,n7699591bc882,907edc26ecc556b380bd733caf94e5cc,JAU |  臨床検査技師×医療副業,jau_jau1001,https://assets.st-note.com/production/uploads/images/238898866/profile_b47389bc5953cb4d37cf45a1d4d208c2.png?fit=bounds&format=jpeg&quality=85&width=330,2026-03-30T17:57:17.586+09:00,"良い景色ですね〜👏✨
しかもウイスキーあるじゃないですか🤩w

ぜひ！ご家族で満喫してきてくださいね🥳
また、ご報告お待ちしています😆"
ncdc760947c891,n7699591bc882,f70038deb9c5f3f87c2ee7969a2cf523,不屈の屈葬,fukutsunokussou,https://assets.st-note.com/production/uploads/images/228082209/profile_bc2555e2c34c9857d7b2291bb9e9cc80.png?fit=bounds&format=jpeg&quality=85&width=330,2026-03-30T17:33:29.774+09:00,"満喫してますね〜！
食事も異国感溢れますがめっちゃ美味しそう！！
引き続きご家族でお楽しみくださいませ！
"
ncd6b4bc78afd8,n7699591bc882,c068f7865d8e0da6555ec8d5b896bf89,くすり。。,crystal_shine,https://assets.st-note.com/production/uploads/images/236251541/profile_ab33998a42f921a3d102004f1dc24467.png?fit=bounds&format=jpeg&quality=85&width=330,2026-03-30T08:51:10.106+09:00,"よしひろさん

おはようございます☀
初めての海外旅行いいですね👍

もう、色んなものが画面から伝わってきます✨
虹と海と青空と。
あの画像を見た瞬間に、
「おー！」
と、声が出ました✨
感動です🌈

どこでもドア🚪
欲しい…

更新楽しみにしています♬
思いっきり、楽しんできてくださいね🌸

写真いっぱい、
海いっぱい見たいな☺️


ふふふっ。
私も、コメント更新しちゃう〜🍀
「きゃ〜」
海に心を奪われました💖
青空も、素敵✨✨

私は、海が大好き❤
どこでもドア〜🚪"
nc84bcaba48c3e,n2ffb06432f1f,d0c5765a47753e17543a7b9179cf317e,m o k a   ,crisp_rabbit1664,https://assets.st-note.com/production/uploads/images/244970963/profile_70498c82f9b680f43cff864d5947e3da.jpeg?fit=bounds&format=jpeg&quality=85&width=330,2026-04-12T15:30:10.151+09:00,"よしひろさん

マガジン追加
ありがとうございます✨️

旅行記事 ゆっくりと
読ませていただきます(˶´ᵕ`˶)

ありがとうございました♡"
nc868091fcf22d,n2ffb06432f1f,1855ab43007be46a347e898053d57368,Viola,viola9836,https://assets.st-note.com/production/uploads/images/152908817/profile_5559a313443730e2c26f44c056f1ba4c.jpeg?fit=bounds&format=jpeg&quality=85&width=330,2026-04-03T18:37:27.388+09:00,"連続のヘッダー画像がお見事です。
人の旅の様子を拝見するのって楽しいです。
よしひろさんらしいお洒落旅ですね♪
お荷物がすでにまとまっていてお洒落。
我が家は車の旅行の上、犬のバギーやトイレも持参しますので、スーツケース以外にもゴチャゴチャいろいろ持って行きます。"
nc1137db096454,n2ffb06432f1f,7166c7787e1efaa17147ad78e5878f9d,栗野こーぎぃ,tomoka_takeura,https://assets.st-note.com/production/uploads/images/265446311/profile_7b591e9509f8d7b45de2ac55b678726e.png?fit=bounds&format=jpeg&quality=85&width=330,2026-03-29T16:22:24.890+09:00,無事出発でき、まずは良かったですね😆楽しんでください🌴
nc27f034c1cf79,n2ffb06432f1f,3a07bbf39f62dca69a000064efb4f859,ゆまま｜世帯年収400万で年間100万貯金をする主婦,noble_hare4289,https://assets.st-note.com/production/uploads/images/268073236/profile_2851b9702b1e202f0607cd443ad927e3.png?fit=bounds&format=jpeg&quality=85&width=330,2026-03-29T15:46:35.158+09:00,"わあ〜とうとうですね！
リアル楽しみにしてます💕💕
美味しいウイスキー🥃に
出会えるといいですね
ご家族さまと素敵な素敵な
旅になりますね✨
"
ncb5fbf93fe0ad,n2ffb06432f1f,15b07889aa53dbf10c9cb1b67625f4b4,rika🌷,meina_rikamizuki,https://assets.st-note.com/production/uploads/images/238910767/profile_373a9816961e0c2decd5f9e33be51347.png?fit=bounds&format=jpeg&quality=85&width=330,2026-03-29T11:46:07.853+09:00,"わー！！！
凄い凄い(•ө•)♡
更新楽しみにしてますね😆
楽しんできてください〜✨️"
nc5a8bb26b8bc4,n2ffb06432f1f,a3b393748448993682c446017554f28a,りこ@一生養生,riko_83,https://assets.st-note.com/production/uploads/images/242853208/profile_868cf0850d54d0a98ca0406d82454cfa.png?fit=bounds&format=jpeg&quality=85&width=330,2026-03-29T10:20:31.271+09:00,"こんにちは☀
更新楽しみにしています🌈
道中お気をつけて😊
行ってらっしゃい🍀"
nc375efafc6903,n2ffb06432f1f,907edc26ecc556b380bd733caf94e5cc,JAU |  臨床検査技師×医療副業,jau_jau1001,https://assets.st-note.com/production/uploads/images/238898866/profile_b47389bc5953cb4d37cf45a1d4d208c2.png?fit=bounds&format=jpeg&quality=85&width=330,2026-03-29T10:19:06.674+09:00,よしひろさん〜！お気をつけていってらっしゃーい👋✨
nca658746880ed,n2ffb06432f1f,9735e1bac7ba0bc5d0af33cf56157b08,enyo*えんよう🗝️,keyoflife_enyo,https://assets.st-note.com/production/uploads/images/240644209/profile_1ac1d8614044bc9c45db88b11d02d8f6.png?fit=bounds&format=jpeg&quality=85&width=330,2026-03-29T10:05:04.443+09:00,"よしひろさん
お気をつけて＆楽しんできて下さい✈️ Bon voyage🏖️✨
"
ncbbd70a7a1af4,n6e2623320b07,8bf11e31ed6c2d484ddc7eea63ea837a,see2,chic_badger5419,https://assets.st-note.com/production/uploads/images/250889396/profile_33517a4ff74c2ffd00d328298ad11555.png?fit=bounds&format=jpeg&quality=85&width=330,2026-03-30T23:20:54.256+09:00,"よしひろ様

こんばんは！
私も繊維＆輸出入関係の会社で働いていたことがあり、
番手が懐かしいです💕生地のスワッチとかあったなぁ…。
鎌倉シャツさん素敵ですよね。"
nc43e20938d7a9,n6e2623320b07,eed5ecfed107018ad2e3babae2da426b,TOMOTAN .,tomopon0358,https://assets.st-note.com/production/uploads/images/212045661/profile_59debc1ddc8761c43473bc773d86f2a3.png?fit=bounds&format=jpeg&quality=85&width=330,2026-03-28T23:35:58.097+09:00,"夫と息子は体型が似ていて、
夫は180cm、息子は178cm、
2人とも手足が長く、首が細いです。

市販のシャツやスーツは合うものが
ほとんどありません。

春から大学生の息子も、夫がオーダー
するセレクトショップでスーツを作り、
1枚はタブカラーも購入しました。

塾のバイトもスーツ着用なので、何着か
カラーを変えて購入しましたが、スーツを着ると男性はやっぱり良いですね！！

シャキッとして見えます✨

いつもマガジン追加
ありがとうございます！！"
nc0d448092f900,n6e2623320b07,82dd8717325a4e053e7ff44328dc343e,こみ,eager_pothos5160,https://assets.st-note.com/production/uploads/images/252617188/profile_69ef9a002680c34accae10879d9ef09e.png?fit=bounds&format=jpeg&quality=85&width=330,2026-03-28T22:56:42.237+09:00,"楽しく拝読しました❗️

400番手のシャツ、一度袖を通したら普通のシャツに戻れなくなりそうで、怖くて手が出せないです👀

2年前でそのお値段……💦現在の価格表を見るのが少し怖くなるほどですが、あの光沢にはそれだけの価値がありますよね。

ちなみに冬の重厚なツイードに合わせるウールシャツや、夏を乗り切る綿麻も、鎌倉シャツのオーダーなら間違いのない選択肢としておすすめですよ❗️"
nc35a8f62f61a3,n6e2623320b07,32a3d5ec7b1b7751c0635f2e47ea2b11,あん｜noteと遊ぶ,aging_gracefully,https://assets.st-note.com/production/uploads/images/238258843/profile_52f43522d9e7e75a12acd9d6da59035c.png?fit=bounds&format=jpeg&quality=85&width=330,2026-03-28T22:56:08.505+09:00,"よっしーさん
気をつけて行ってらっしゃいませ💫

白シャツってあまり着なくてもお手入れ難しいですよね、、"
nc548f9de261a9,n8f85d90473a4,1855ab43007be46a347e898053d57368,Viola,viola9836,https://assets.st-note.com/production/uploads/images/152908817/profile_5559a313443730e2c26f44c056f1ba4c.jpeg?fit=bounds&format=jpeg&quality=85&width=330,2026-04-03T18:31:35.648+09:00,"よしひろさん
旅記事を早速マガジンに追加していただき、ありがとうございます。前回、旅行の途中でお礼をお伝えしていなくて、大変失礼しました🙇‍♀️

Vは生涯お人形たちを大事にし続けます☺️
本当に自分にとって必要な物とは、案外ごく僅かですよね。

旅行から帰ってくると、改めて感じた事の多さを実感します。
旅の価値は「知ること、気づくこと」に尽きるのではないかと今回思いました。
年齢を重ねるごとに、旅で感じることが増えるように思います。"
ncb7bb9f59c881,n8f85d90473a4,4538b1bf2bc68bad9b44ee65b925e8d7,月花の雫 | 明日ってさ、月が欠けたら来ないよね～　人生の夜を照らすお供に,shiso_to_basil,https://assets.st-note.com/production/uploads/images/245061439/profile_d9fc767d436db3f445735f3499e44dea.jpg?fit=bounds&format=jpeg&quality=85&width=330,2026-03-28T22:06:47.078+09:00,"私は、圧倒的に、物より体験派だなぁ
ただこれは、”付き合い”で消えるお金は入らないけど

自分がやりたくてすること、と、自分が欲しくて（必須なものは別）買うもの、
お金の使い道でどちらかしか選べなかったら、絶対前者を選ぶ

ただ、両方に関わる”食べ物”が、どっちにカテゴリー分けされるかで
私の答えはちょっと揺らぐかも知れない（笑）
"
nc5aad3696ae41,n8f85d90473a4,290f76d99eb40b676ce764b1c2a200e3,Takanashi（たかなし）,takanashi_note01,https://assets.st-note.com/production/uploads/images/235786177/profile_d3248e02f9810e16a0daf3e4a02bee0b.png?fit=bounds&format=jpeg&quality=85&width=330,2026-03-28T14:24:52.179+09:00,"形に残る＝それを収納、あるいは展示するスペースが必要になるということですからね。
現在電子書籍が急激に普及しているのも、スペースの問題が大きいのではないかと思います。
たとえ形に残らなくても、記憶の中にしっかり残る経験であれば、個人的にはその方が価値が高いのではないかな？　と思いました。"
ncd6b81229e337,n8f85d90473a4,94518051b69fff25a91c76f6db742243,星ママ | AI×主婦,hoshimama3,https://assets.st-note.com/production/uploads/images/229421450/profile_1ba394f2d73f9d211c88afe12979b14a.jpeg?fit=bounds&format=jpeg&quality=85&width=330,2026-03-28T09:28:20.427+09:00,"こんにちは。

形に残る＝正解じゃなくて、そこに責任もあるっていうのは確かにその通りですね。
私も、物より自分にちゃんと残るかどうかで考えるの、すごく大事だなって感じました。

シンプルだけど、考え方が少し変わるいい話でした☺️"
nc0cb3a5508b91,n8f85d90473a4,a790aa624dded68d048acf235b85cc3c,柴わんこ,shibawaka555,https://assets.st-note.com/production/uploads/images/238902723/profile_e9480392b9cdfa2e109591cf8bd585ee.png?fit=bounds&format=jpeg&quality=85&width=330,2026-03-27T22:34:19.975+09:00,"よしひろさん、こんばんは。記事の引用、ありがとうございます😊
自分の心の中に保存されていくことに、自分の資源を使うのも悪くない、ってところ、いいですね✨"
nc4604ac39c6bb,n8f85d90473a4,9735e1bac7ba0bc5d0af33cf56157b08,enyo*えんよう🗝️,keyoflife_enyo,https://assets.st-note.com/production/uploads/images/240644209/profile_1ac1d8614044bc9c45db88b11d02d8f6.png?fit=bounds&format=jpeg&quality=85&width=330,2026-03-27T21:38:10.002+09:00,"物の大切さは
見えるカタチかどうかより、

〉どう残るか

とても共感が響きました💗

そして、マガジンに載せていただき嬉しーです🌸　
ありがとうございました💖

"
ncaf64cbc1367f,n8f85d90473a4,3230acd73a454345c25d7cc7da2fd8b8,AYU,ayu760,https://assets.st-note.com/production/uploads/images/124260230/profile_7da754e5114659f81ebeca7786de3b0d.jpeg?fit=bounds&format=jpeg&quality=85&width=330,2026-03-27T18:26:34.992+09:00,"よしひろさん✨こんばんは😊

『形には残らずとも　自分の心の中に保存されていく事』✨✨
とても共感しました！！😊💕✨
歳を重ねていくと､なおさらそう思います！！😊✌️✨

また､今日は私の記事を､よしひろさんのマガジンに追加してくださいまして､本当にありがとうございます！！😊💕💕大変嬉しく､感謝しています！！😊💕✨😊💕💕
"
nc6e2cc71f5dd9,n8f85d90473a4,8b29c5f96d7b1b43ddd1667e05845790,ハト🕊️｜人生の最適解を出す心理学者,pigeon_psycho,https://assets.st-note.com/production/uploads/images/262459503/profile_fd821d73b9029c4d4476c8abd2618c5e.png?fit=bounds&format=jpeg&quality=85&width=330,2026-03-27T16:21:50.493+09:00,"よしひろさん、はじめまして。心理学者のハトと申します。スキありがとうございます！

『形に残る物は、いつか処分しなくてはならない責任とセット』という視点、非常にハッとさせられました。
私たちはつい所有することで安心を得ようとしますが、よしひろさんが仰るように、目に見えない『自分の中にだけ残る体験』こそが、誰にも奪われず、処分も必要ない最強の資産なのかもしれませんね。

特にお腹周りのお肉の話には、親近感を覚えつつ笑ってしまいました（笑）。
『ああしておけばよかった』と思えること自体が、贅沢な楽しみを味わえた証拠だという捉え方、とても素敵です。

素敵な気づきをありがとうございました！"
ncb8dd958b0b8f,n8f85d90473a4,32f550dffe989e6d35ff91b609a17829,めぐり,meguri_note,https://d2l930y2yx77uc.cloudfront.net/assets/default/default_profile_3-39088fff430aa9ec11d6e2a385dbcad45c8b79bde6c0c9ded10cd7abb960174f.png,2026-03-27T12:18:58.977+09:00,"よしひろさん
こんにちは😊

とても共感しました。
以前、ものより思い出というCMがありましたね…
私も今は、形に残るものではなく、体験などに価値を置くようになりました。
誰とどう過ごすか、同じ時間を過ごすことが心に一番残るのでないかと思う今日この頃です。

いつもマガジンに、私の記事をお迎えくださりありがとうございます♪
心から感謝しております🙇‍♀️"
nc87f9b5893478,n8f85d90473a4,d3109420791b8de22cf904068753e24c,美咲｜大阪EC,cozy_mimosa5973,https://assets.st-note.com/production/uploads/images/260700181/profile_fb1d40e386b9d44eed3b8e12e2807625.png?fit=bounds&format=jpeg&quality=85&width=330,2026-03-27T09:01:40.332+09:00,形に残らないものって、Basically 一番心に残るものなんだと思う。卒業旅行の話、すごく共感します。わたしも経験あるけど、あとになって思い出すのって、買ったものじゃなくて一緒にいた時間とか会話なんですよね。somehow そういう目に見えない価値を大事にできる感覚、素敵だなって感じました。
nc4c70d10dd6a3,n8f85d90473a4,8486a19f610f624dad30695f9033b747,清水~,bright_hyssop256,https://assets.st-note.com/production/uploads/images/251108070/profile_83579e8ddf2700a4f060124606b9619a.jpg?fit=bounds&format=jpeg&quality=85&width=330,2026-03-26T20:47:17.705+09:00,"読んでいて、すごく共感しました！
確かに「形に残る物」って一見いいけど、整理や維持の責任もセットなんですよね😅
僕も旅行や体験にお金を使った方が、記憶や経験として心に残るな、と最近特に思うようになりました。"
nc2b618b098835,n8f85d90473a4,685d473fa4f471b5b9f52de0d570a2f0,さとりのさとり,kopailog,https://assets.st-note.com/production/uploads/images/226182676/profile_094199e7fa1bff58de5da5e07a1a43de.png?fit=bounds&format=jpeg&quality=85&width=330,2026-03-26T20:24:35.776+09:00,"眉毛サロンに、
めっちゃ興味があります✨

眉毛は後世に残らないですが
逆にそれが今という価値を
高めているのかもしれませんね🤔
"
ncde7bb0055bee,n995e162007af,43e1db8165b5e82363b5c7566788deb9,sojirou,sojiroumaru,https://assets.st-note.com/production/uploads/images/217420542/profile_7c120d2c8281c05a4cf8ce97a704e287.jpeg?fit=bounds&format=jpeg&quality=85&width=330,2026-04-11T17:10:42.347+09:00,"はじめまして！
ハイボールおいしそうですね～
写真もいい感じでそそられました。
最近ダイエットでビール→ハイボールに変えたのでまた見にこさせていただきます！"
nc8e707e368c9c,n995e162007af,907edc26ecc556b380bd733caf94e5cc,JAU |  臨床検査技師×医療副業,jau_jau1001,https://assets.st-note.com/production/uploads/images/238898866/profile_b47389bc5953cb4d37cf45a1d4d208c2.png?fit=bounds&format=jpeg&quality=85&width=330,2026-03-26T06:42:01.081+09:00,"よしひろさん！おはようございます☀
ついにポートシャーロット召し上がりましたか😆✨年季の入った銭湯♨️面白かったです🤣w

茹で落花生、私も大好きです🤩
ついつい食べすぎてしまいますよね🤭✨"
nc39506a991c6c,n995e162007af,3a07bbf39f62dca69a000064efb4f859,ゆまま｜世帯年収400万で年間100万貯金をする主婦,noble_hare4289,https://assets.st-note.com/production/uploads/images/268073236/profile_2851b9702b1e202f0607cd443ad927e3.png?fit=bounds&format=jpeg&quality=85&width=330,2026-03-25T23:16:39.831+09:00,"よしひろさん
夜分に失礼します

いつもよしひろさんの
Barの記事を見ると美味しそうだなーとおもって
そしてわたしもウィスキー🥃
飲んでみたくなります

私はビール派ですが、ただいま
絶賛禁酒中です
私もいつか、素敵なバーで
飲んでみるのが夢です
小学生の感想文みたいになってしまいましたが、🙇‍♀️
素敵なnoteを読ませて頂き、
ありがとうございました。"
nc70aac4401baa,n995e162007af,88a9dca85acaa41d4e74ca9cc2a0d8ca,シンクロニシティー｜人生再起100日,synchro_zero,https://assets.st-note.com/production/uploads/images/255350262/profile_35db2d27d769f8dd89b09391b1c7cb85.jpg?fit=bounds&format=jpeg&quality=85&width=330,2026-03-25T22:56:47.634+09:00,"よしひろさん
フォローありがとうございます！図書館から人生を作り直す100日、一緒に見届けていただけると嬉しいです🙏また遊びに来てくださいね。　応援します(⌒∇⌒)
ご紹介ありがとうございましたm(__)m"
nc19e34a5faa90,n995e162007af,32a3d5ec7b1b7751c0635f2e47ea2b11,あん｜noteと遊ぶ,aging_gracefully,https://assets.st-note.com/production/uploads/images/238258843/profile_52f43522d9e7e75a12acd9d6da59035c.png?fit=bounds&format=jpeg&quality=85&width=330,2026-03-25T21:36:00.780+09:00,"年季の入った銭湯。
その脱衣所の空気感。
ってどんな感じ🤣

Barは好きです
カウンターに居るのいいですよね💕"
nc07d36ab95aac,n995e162007af,47ac127ec0bbe6902b9f372fd944ebf8,和田雄三｜AI×心理ブランディングデザイナー,glad_dill2129,https://assets.st-note.com/production/uploads/images/265848866/profile_b0e386a458b5c21f7f00921837c9ffad.png?fit=bounds&format=jpeg&quality=85&width=330,2026-03-25T20:47:08.086+09:00,"よしひろさん、こんばんは😊
正直ウイスキーあんまり詳しくないんですが、
銭湯の脱衣所って表現はめっちゃ印象残りました笑
Barの空気感いいですね🥃"
nca8b9c4251440,n995e162007af,685d473fa4f471b5b9f52de0d570a2f0,さとりのさとり,kopailog,https://assets.st-note.com/production/uploads/images/226182676/profile_094199e7fa1bff58de5da5e07a1a43de.png?fit=bounds&format=jpeg&quality=85&width=330,2026-03-25T20:42:30.106+09:00,"よっしゃ
私もローソンの
安い缶チューハイ飲んでるので

一緒に飲んだようなもんですね✨

かんぱーい🍻"
ncf64d5339f642,na0f0ca6f31b5,3230acd73a454345c25d7cc7da2fd8b8,AYU,ayu760,https://assets.st-note.com/production/uploads/images/124260230/profile_7da754e5114659f81ebeca7786de3b0d.jpeg?fit=bounds&format=jpeg&quality=85&width=330,2026-03-25T22:11:22.938+09:00,"よしひろさん✨はじめまして！✨
ひだまりの白猫さんの記事から来ました！😊✌️✨

そして私も､更に､はしゃもさんの記事にもおじゃまして『おへんじ帖』を使わせていただきました！😊✨✨
これは本当に、素晴らしい神アプリですよね！😊👍✨

そしてこのたびは､私の記事を､よしひろさんのマガジンに追加していただきまして本当にありがとうございます！😊💕💕
大変嬉しく､とてもありがたく､感謝しています！😊💕✨"
nc7fe0af08ee5a,na0f0ca6f31b5,290f76d99eb40b676ce764b1c2a200e3,Takanashi（たかなし）,takanashi_note01,https://assets.st-note.com/production/uploads/images/235786177/profile_d3248e02f9810e16a0daf3e4a02bee0b.png?fit=bounds&format=jpeg&quality=85&width=330,2026-03-25T20:28:53.440+09:00,"私も早速使ってみて、いくつもの見落としに気づき、驚かされました。
これは有用だと感じたため、明日の記事で紹介するつもりです。
noteの通知や、メールの通知だけだとどうしても、漏れが生じるものなのだと確信しました。"
nce1642955bc75,na0f0ca6f31b5,c1a9bb683f0a8db9504909e925ef1b86,小芝 凛  ╱Rin  Koshiba,rin_koshiba,https://assets.st-note.com/production/uploads/images/238873241/profile_c7652ed087bc514a276653727f8845c7.png?fit=bounds&format=jpeg&quality=85&width=330,2026-03-25T19:19:40.679+09:00,"よしひろさん

あるあるですよ。コメント見落として
お返事してないこと🤣
凄いですね😉また記事が広がり繋がっていますね💕
ありがとうございます🫶☺️💕"
nccf0b0bb8f30a,na0f0ca6f31b5,5643208b438dc520ea679300a191f102,ういまる,witty_eider9036,https://assets.st-note.com/production/uploads/images/262416249/profile_6afa0c6ae55faab820fd1ab090d2e6cf.png?fit=bounds&format=jpeg&quality=85&width=330,2026-03-25T14:30:11.547+09:00,"よしひろさんお邪魔します🙇
いやーホントにコメント返し忘れてた時の喪失感は😑
今更返してどうしようか。。。とも思いますが、なるべくチェックして忘れないようにするしかない😛
でも何人にもコメント受けてる方はホントに大変そうです(笑)
それこそ紹介しつつ一気にコメントするような記事になりそうです(笑)"
nc036f9f77fc94,na0f0ca6f31b5,907edc26ecc556b380bd733caf94e5cc,JAU |  臨床検査技師×医療副業,jau_jau1001,https://assets.st-note.com/production/uploads/images/238898866/profile_b47389bc5953cb4d37cf45a1d4d208c2.png?fit=bounds&format=jpeg&quality=85&width=330,2026-03-25T07:14:27.197+09:00,"よしひろさん、おはようございます！

これ、本当にあるあるですよね😭
コメント返せていないと本当に申し訳なくて🙇‍♂️💦

こんな素晴らしいものがあるとは👏✨
ご紹介、ありがとうございます🌸"
ncec56f7a7ae58,na0f0ca6f31b5,35032a872ef338f6bbc0a85288de5944,あまね〘ฅ՞•ﻌ•՞ฅฅ^•ﻌ•^ฅ〙,almabrillante,https://assets.st-note.com/production/uploads/images/238959793/profile_08b2cb438cc06577581118d317494042.png?fit=bounds&format=jpeg&quality=85&width=330,2026-03-25T01:01:25.635+09:00,"よしひろさん、こんばんは🌛*゜

これ…凄すぎます！紹介してくださって、ありがとうございます！

はしゃもさんにも感謝です🙏✨

返信済みが、偶然にも「777件」で ( ◍ ֦ơωơ֦)うふ🩷 って喜んじゃいました笑

これで見逃しがなくなって一安心です☺️"
ncf6e65919e8bd,na0f0ca6f31b5,32a3d5ec7b1b7751c0635f2e47ea2b11,あん｜noteと遊ぶ,aging_gracefully,https://assets.st-note.com/production/uploads/images/238258843/profile_52f43522d9e7e75a12acd9d6da59035c.png?fit=bounds&format=jpeg&quality=85&width=330,2026-03-24T20:06:01.354+09:00,"よっしーさん
記事の紹介してくださり、ありがとうございます！

記事を紹介してくださった通知を見つけるのも、
🩷とか🩵の色ではないので、
すぐ、お礼をしにいかないと、見つけにくいですよね、、
通知と仲良くなりたいです！

【便利】っていうよりも、
【気づかせてもらえるありがたさ】
よっしーさんのおっしゃる通り、
上手な表現されるなぁ〜"
nc0d6db9f8942e,na0f0ca6f31b5,f70038deb9c5f3f87c2ee7969a2cf523,不屈の屈葬,fukutsunokussou,https://assets.st-note.com/production/uploads/images/228082209/profile_bc2555e2c34c9857d7b2291bb9e9cc80.png?fit=bounds&format=jpeg&quality=85&width=330,2026-03-24T19:57:41.271+09:00,"これはすごい！
早速使ったら一つ発見できました！よかった〜
ご紹介ありがとうございます！"
nc16e19d2abe48,na0f0ca6f31b5,c926cb0ecc460e85cfad7ff21652d018,ひだまりの白猫,dear_broom3611,https://assets.st-note.com/production/uploads/images/232807579/profile_65ee316cd75eb7a75bdffeafc8a2064d.png?fit=bounds&format=jpeg&quality=85&width=330,2026-03-24T18:48:37.592+09:00,"よしひろさん、こんばんは

はしゃもさんの「おへんじ帖」、紹介していただきありがとうございます！
神ツールですね✨
すごく嬉しかったので、私の記事でも紹介させていただきたいと思います(*^^*)"
ncc6c9cc1c86c6,na0f0ca6f31b5,6c7f7e8aa938f4a4c4b190840dc9c0a6,るこのみらい｜有料noteとCanvaで「できるかも」を育てるnote🌱,ruco3,https://assets.st-note.com/production/uploads/images/239032332/profile_819b5756c137702ccc9827a0eb88b347.png?fit=bounds&format=jpeg&quality=85&width=330,2026-03-24T17:23:19.971+09:00,"よしひろさん💕こんばんは

そうそう！
noteサーフィン私もしちゃいます🤣
あっちこっちに遊びに行くので
はじめは誰の記事だったかな？

なんて思い出せない時もあります💦

はしゃもさんの神ツール✨
助かる方は多いはず😊💕
記事紹介ありがとうございます！"
nc8a2cbde68fcb,na0f0ca6f31b5,fbaef2c001615d02444573a135007008,はしゃも｜感情構造エンジニア,hasyamo,https://assets.st-note.com/production/uploads/images/237516392/profile_c0ac2ae8315e28ee425c27b5c2aefa32.jpg?fit=bounds&format=jpeg&quality=85&width=330,2026-03-24T17:19:58.371+09:00,"よしひろさん、紹介記事ありがとうございます！ 
チップもいただいて、本当に嬉しいです。
「便利というより、気づかせてもらえるありがたさ」、作った側としてはこの言葉が一番刺さりました。返信を別コメントで書いてた発見、おへんじ帖がなかったら気づけないやつですね。
6ヶ月弱のタイムトラベル、すごいですｗ
自分もおへんじ帖を作ったとき、1ヶ月前への旅をたくさんしました🤣
時を超えた返信、届いた相手もきっと嬉しかったと思います✨️"
nc53f70a5e6b19,n5126b24b9a3e,83e5f78b9b7b83fe911db049b95a1d27,えびしま| AI×noteで生活に余白をつくる,emi_dh,https://assets.st-note.com/production/uploads/images/243764210/profile_e472159630049af76169c820dc45c9cb.png?fit=bounds&format=jpeg&quality=85&width=330,2026-03-25T07:11:04.982+09:00,"よしひろさん

旅の準備のハプニング
ドキドキ感、臨場感に
私がワクワクしてきてしまいました笑
よしひろさんご家族の旅行が素晴らしいものに
なりますように✨"
nc22ec36af8068,n5126b24b9a3e,4538b1bf2bc68bad9b44ee65b925e8d7,月花の雫 | 明日ってさ、月が欠けたら来ないよね～　人生の夜を照らすお供に,shiso_to_basil,https://assets.st-note.com/production/uploads/images/245061439/profile_d9fc767d436db3f445735f3499e44dea.jpg?fit=bounds&format=jpeg&quality=85&width=330,2026-03-25T02:57:40.465+09:00,"ご存知かとは思いますが、日焼け止めとかが１００ml超える場合、
液体はスーツケースに
そして、メイクアップケースにうっかり眉毛ハサミとかそういうのがある場合も気を付けて下さい
大丈夫な場合もありますが、没収されることもあります"
nc668052946e68,n5126b24b9a3e,d58df56d72e51835fa8597640954d50b,道草ノート🌿ゆう,koya1970,https://assets.st-note.com/production/uploads/images/239663389/profile_49bb32f5cdb12b8a92a46112d883daf1.png?fit=bounds&format=jpeg&quality=85&width=330,2026-03-24T10:51:41.573+09:00,"なんと！出発日が私の誕生日🤭きっと良い日になるでしょう🤣
まとめ記事も楽しみにしてます〜(人*´∀`)"
nc2e7abfae426d,n5126b24b9a3e,24ae8442856f6e3b72ae8eee40690c51,Mie,genial_cat129,https://assets.st-note.com/production/uploads/images/259954001/profile_5d311f6904fdf72781a68dbd8a987133.png?fit=bounds&format=jpeg&quality=85&width=330,2026-03-23T02:17:05.813+09:00,"よしひろさん
こんばんは♪
グアム旅行✈️
私も娘が小さい時に行きました。
準備も整ったようですね！
お気をつけて行ってらっしゃいませ。
娘さんものびのび楽しんでくれると
いいなと思います♪
お土産話楽しみにしています。
ありがとうございます😊"
ncdf81ee00c6e3,n5126b24b9a3e,9735e1bac7ba0bc5d0af33cf56157b08,enyo*えんよう🗝️,keyoflife_enyo,https://assets.st-note.com/production/uploads/images/240644209/profile_1ac1d8614044bc9c45db88b11d02d8f6.png?fit=bounds&format=jpeg&quality=85&width=330,2026-03-22T23:59:27.398+09:00,"よしひろさん、こんばんは🌙

バタバタの今の準備もきっと楽しい思い出の一部になりますね◡̈⭐︎
"
nc1d6310fa9abc,n5126b24b9a3e,b0c63385960edb1d4955bd1295f6826d,にわにん,nai114,https://assets.st-note.com/production/uploads/images/256119074/profile_f32b1767095f55d75a67f5d4c4378e7e.jpg?fit=bounds&format=jpeg&quality=85&width=330,2026-03-22T23:58:14.753+09:00,"なるほど！
パスポートのこと、
φ(..)メモメモ…
ありがとうございます✨️

飛行機チケットや
星野リゾートとか
一つずつキャンセル保険も入ってみてもよいかと。

私、心配しすぎて、
キャンセルできないチケットに個別にキャンセル保険入ります😅"
nc116cb6e9b5c5,nd747b5b68600,dd29f4101ade0c3fd40fe940078a61a8,🍎taiwa‐asobi｜かおりんごー( *˙▿︎˙ )♪,236600,https://assets.st-note.com/production/uploads/images/114209840/profile_db37134a1479eec69c8e745134841967.jpeg?fit=bounds&format=jpeg&quality=85&width=330,2026-03-23T14:01:39.129+09:00,"よしひろさんこんにちは！
ツーリング、いいですね！
私には足しかないもので…🚶‍♀️
風を感じてみたい😌
そして美味しそうですね🤤

そして、ポジティブ大賞、読んでいただけて、色々とご紹介、マガジン追加もありがとうございます！
私も色々と紹介させていただきますね✨️☺️
"
nc0651139ed784,nd747b5b68600,df1e433c714b7e82d61f6cdbef83bb27,瑠花,luca_therapy,https://assets.st-note.com/production/uploads/images/198979905/profile_c94df5df6f3f9343801af95012e1a3f7.png?fit=bounds&format=jpeg&quality=85&width=330,2026-03-21T22:07:02.213+09:00,"よしひろさん、はじめまして🌸

この度は購入いただき、高評価やアルバム追加までして下さってありがとうございます✨

その上、記事の紹介までしてくださり、本当にありがとうございます🥹❣️

ツーリングの旅、春満喫で素敵ですね💓
梅ソフト、美味しそうです😆

これからも
よろしくお願いします♪

"
ncc43587beeab7,nd747b5b68600,bede9bd0a510b6a3b89dcb460dd51ef5,ルルトアヤコ,lovely_coyote546,https://assets.st-note.com/production/uploads/images/264394551/profile_7d53e99488d218760c7f91157493e91b.png?fit=bounds&format=jpeg&quality=85&width=330,2026-03-21T17:47:30.915+09:00,"よしひろさん、記事の""オマケ""としてご紹介して下さりありがとうございます💖💖💝

今回は，グランプリ大賞に参加出来ないけど…うっかりメンバーシップの記事やったので❌残念…

こうしてご紹介して下さり、めっちゃ嬉しいです😆

春のツーリング…ステキですなぁ💓💓癒し…
あ，マガジンへも！！！！！！ありがとう😭"
nc30ba8f15a0bf,nd747b5b68600,685d473fa4f471b5b9f52de0d570a2f0,さとりのさとり,kopailog,https://assets.st-note.com/production/uploads/images/226182676/profile_094199e7fa1bff58de5da5e07a1a43de.png?fit=bounds&format=jpeg&quality=85&width=330,2026-03-21T17:43:54.103+09:00,"タケノコ…鍋
梅のソフトクリーム・・・

なんて美味しそうな( º﹃º｀ )"
nc3744cc960e7b,neb0a176fb7de,5fc41c7aec4f5cbe6e8062ab23bbf7bc,yayachico,open_magpie7814,https://assets.st-note.com/production/uploads/images/254370493/profile_0901b98e3dd534db8729a75af2c6b096.jpeg?fit=bounds&format=jpeg&quality=85&width=330,2026-04-10T17:26:57.250+09:00,"よしひろさん、こんにちは。

ちょっとゴロゴロするつもりが
ずいぶん長い間ゴロゴロしている気が…😂

手放してみたものの
もう一度、手繰り寄せてみたら
前のものとは違ったものになっているんですよね。
ビビりました。

自分で決めてゴロゴロしてるので
罪悪感はゼロではないけど、
お隣さんは気になっちゃう自分がいます😮‍💨
"
nc62522f95c4d3,neb0a176fb7de,52696bea4573ce2aadd076e75b0baa4a,なな,nana_155,https://assets.st-note.com/production/uploads/images/263366995/profile_bf7f72d072d2c70ac8129d90527a5de1.png?fit=bounds&format=jpeg&quality=85&width=330,2026-03-30T22:35:55.531+09:00,"よしひろさん、こんばんは🦋
先日は丁寧なメッセージをありがとうございました✨

遥華さんのポジティブ大賞でご一緒できて、とても嬉しく思っています🌙
前回のご活躍も拝見していたので、今回記事を読ませていただけて嬉しかったです。

「休むこと」への向き合い方のお話、やさしさの中にある芯の強さを感じて、心がふっと軽くなりました。

素敵な気づきをありがとうございました。
これからの配信とお出かけ紀行も、楽しみにしています🌴✨
"
nc41ffe7115ec7,neb0a176fb7de,8ff3840ab8a5edbca02764a22e283e47,ふっくらシャギー｜幸せは誰かが決めるものじゃない❗また、晴れの月夜に🌃✨執筆🖋️,mute_dietes1869,https://assets.st-note.com/production/uploads/images/207485395/profile_4033ab6e00e2566bcf40615e8cb20257.png?fit=bounds&format=jpeg&quality=85&width=330,2026-03-23T14:16:16.140+09:00,"よしひろさん👓

メッセージありがとうございます✨noteポジティブ大賞、またご一緒できて嬉しいです🎵

私も以前「休む=罪悪感」だと思って働いていましたが、結局無理がたたって…（ネタバレしないようここでストップ）

そんなことを思い出した記事でした✨ありがとうございます💓"
ncb8bfb31956e2,neb0a176fb7de,df1e433c714b7e82d61f6cdbef83bb27,瑠花,luca_therapy,https://assets.st-note.com/production/uploads/images/198979905/profile_c94df5df6f3f9343801af95012e1a3f7.png?fit=bounds&format=jpeg&quality=85&width=330,2026-03-22T20:47:36.173+09:00,"よしひろさん、はじめまして。

note ポジティブ大賞でご一緒しております、瑠花です。

どんな風に意味づけしてるかは、自分次第なんですよね。

どんな自分にも🆗出してあげたくなりました☺️
素敵な記事を、ありがとうございました❣️"
ncdc151b975052,n27c87bf7e554,3a07bbf39f62dca69a000064efb4f859,ゆまま｜世帯年収400万で年間100万貯金をする主婦,noble_hare4289,https://assets.st-note.com/production/uploads/images/268073236/profile_2851b9702b1e202f0607cd443ad927e3.png?fit=bounds&format=jpeg&quality=85&width=330,2026-03-25T12:18:32.906+09:00,"よしひろさん
お嬢様のご卒業、
心からおめでとうございます。
本当によかったです。
たくさん色々なことを
ご経験されたお嬢様✨✨
また新しいスタートですね

きっとこれからまたお嬢様のペースで素敵にはばたいていかれることと思っています。

そして、うらやましい限りのグアム
旅行またnote✈️楽しみにしています

いつもいつも応援していただいて、
感謝の気持ちでいっぱいです❣️
"
nc31cc26d723b0,n27c87bf7e554,347af1ea2febd1424f881c5fff98412a,気ままなママに生きるママ,proper_ixora7715,https://assets.st-note.com/production/uploads/images/266305979/profile_177f1c2ccc1b229fd7986f73935098d4.jpeg?fit=bounds&format=jpeg&quality=85&width=330,2026-03-21T08:03:04.525+09:00,"娘さんご卒業おめでとう
ございます🌸✨

旅支度、大変かと思いますが頑張ってください！

娘さん、よしひろさんにとっても、良き時間となりますように願ってます☺️✨心が休まりますように🍀"
nc6377c3fd7b40,n27c87bf7e554,f70038deb9c5f3f87c2ee7969a2cf523,不屈の屈葬,fukutsunokussou,https://assets.st-note.com/production/uploads/images/228082209/profile_bc2555e2c34c9857d7b2291bb9e9cc80.png?fit=bounds&format=jpeg&quality=85&width=330,2026-03-20T00:27:25.456+09:00,"娘さん、ご卒業おめでとうございます！
よしひろさんの優しさが伝わる記事ですね。
「なんだかんだ」ってわりといい言葉ですね。「結果オーライ」感があります。"
nc458f3067582a,n27c87bf7e554,9735e1bac7ba0bc5d0af33cf56157b08,enyo*えんよう🗝️,keyoflife_enyo,https://assets.st-note.com/production/uploads/images/240644209/profile_1ac1d8614044bc9c45db88b11d02d8f6.png?fit=bounds&format=jpeg&quality=85&width=330,2026-03-19T22:48:40.678+09:00,"娘さん、ご卒業おめでとうございます🎊

よしひろさんの眼差しが、さりげなくもあったかくて、ステキなシェア、ありがとうございます💗

マガジン追加もとても嬉しいです✨"
nc43077de28452,n27c87bf7e554,907edc26ecc556b380bd733caf94e5cc,JAU |  臨床検査技師×医療副業,jau_jau1001,https://assets.st-note.com/production/uploads/images/238898866/profile_b47389bc5953cb4d37cf45a1d4d208c2.png?fit=bounds&format=jpeg&quality=85&width=330,2026-03-19T21:51:42.699+09:00,"よしひろさん！こんばんは♪

娘さんのご卒業、本当におめでとうございます🎊
いろいろな感情があったかと思いますが、無事にご卒業出来たこと、本当に私ごとのように嬉しく思います🌸
ウチの子もその時が来ると思うと感慨深いです！

そして、今度はグアムですね😆✨
楽しみにご報告、お待ちしています🙇‍♂️✨"
nc42f383b8222b,n27c87bf7e554,080a9868977993867e554e32e8d23ddd,チャンちゃみー,chanchamy_souji,https://assets.st-note.com/production/uploads/images/177731162/profile_1e0fa18ca258d1f7a6d4ad715b930fd3.jpeg?fit=bounds&format=jpeg&quality=85&width=330,2026-03-19T21:33:26.819+09:00,"お嬢様のご卒業、おめでとうございます🎉✨

読んでいて、自分に重ね合わせてハラハラドキドキいたしました。

私は肝が小さいので、こんなですがよしひろさんは多角的に捉えて心の余裕すら感じられました。

あぁ、私もそのように模倣出来たら子との関係もギスギスしなかったはず…😅"
nc030ea6df4233,n27c87bf7e554,a3b393748448993682c446017554f28a,りこ@一生養生,riko_83,https://assets.st-note.com/production/uploads/images/242853208/profile_868cf0850d54d0a98ca0406d82454cfa.png?fit=bounds&format=jpeg&quality=85&width=330,2026-03-19T19:43:32.226+09:00,"こんばんは🌙
娘さんのご卒業、おめでとうございます😊🎉
お天気にも恵まれて、素敵な１日が過ごせたこと、私も嬉しく思います🍀"
nc319777ee1791,n27c87bf7e554,47ac127ec0bbe6902b9f372fd944ebf8,和田雄三｜AI×心理ブランディングデザイナー,glad_dill2129,https://assets.st-note.com/production/uploads/images/265848866/profile_b0e386a458b5c21f7f00921837c9ffad.png?fit=bounds&format=jpeg&quality=85&width=330,2026-03-19T18:52:28.131+09:00,"娘さん、ご卒業おめでとうございます🌸

読んでて、
「なんだかんだで参加できた」ってところが
一番グッときました😊

完璧じゃなくても、
その日を一緒に迎えられたことが一番ですよね🙏

めちゃくちゃいい話でした✨"
nc60d37b93b2bc,n27c87bf7e554,7166c7787e1efaa17147ad78e5878f9d,栗野こーぎぃ,tomoka_takeura,https://assets.st-note.com/production/uploads/images/265446311/profile_7b591e9509f8d7b45de2ac55b678726e.png?fit=bounds&format=jpeg&quality=85&width=330,2026-03-19T18:22:25.353+09:00,"娘さんご卒業おめでとうございます🌸
卒業式、参加できて良かったですね😌"
nce77b0cb9b419,n856e6804b35c,a3b393748448993682c446017554f28a,りこ@一生養生,riko_83,https://assets.st-note.com/production/uploads/images/242853208/profile_868cf0850d54d0a98ca0406d82454cfa.png?fit=bounds&format=jpeg&quality=85&width=330,2026-03-24T20:41:34.035+09:00,"こんばんは🌙
悩ましい問題を、楽しみに変えちゃうところが、とってもよしひろさんらしいですね😊🍀
今回もお手紙楽しみだなぁ🌈"
nc9ab26ac5569c,n856e6804b35c,d58df56d72e51835fa8597640954d50b,道草ノート🌿ゆう,koya1970,https://assets.st-note.com/production/uploads/images/239663389/profile_49bb32f5cdb12b8a92a46112d883daf1.png?fit=bounds&format=jpeg&quality=85&width=330,2026-03-24T16:03:34.180+09:00,"喫茶店でのやり取りホント楽しかったです〜☕️
なかなかnoteでの思いを話す機会もないので、のんびりゆるゆる良い時間でした〜✨"
nc6ac8b79297b7,n856e6804b35c,bede9bd0a510b6a3b89dcb460dd51ef5,ルルトアヤコ,lovely_coyote546,https://assets.st-note.com/production/uploads/images/264394551/profile_7d53e99488d218760c7f91157493e91b.png?fit=bounds&format=jpeg&quality=85&width=330,2026-03-23T10:55:20.825+09:00,"楽しげな雰囲気を作り出す…天才ですか？

この雰囲気を作り出すコツ、知りたいわぁ…

やっぱ、人間性しか無いのかなぁ．


この不思議な魅力的な空間…世界観…独特〜✨✨✨✨👀"
nce925301e3d96,n856e6804b35c,32a3d5ec7b1b7751c0635f2e47ea2b11,あん｜noteと遊ぶ,aging_gracefully,https://assets.st-note.com/production/uploads/images/238258843/profile_52f43522d9e7e75a12acd9d6da59035c.png?fit=bounds&format=jpeg&quality=85&width=330,2026-03-19T13:56:03.860+09:00,"ふふ🤭
実験大好き！
で、色々試してみたい！！
可能性は広がるはず！"
ncf7949034236e,n856e6804b35c,a790aa624dded68d048acf235b85cc3c,柴わんこ,shibawaka555,https://assets.st-note.com/production/uploads/images/238902723/profile_e9480392b9cdfa2e109591cf8bd585ee.png?fit=bounds&format=jpeg&quality=85&width=330,2026-03-19T11:10:07.845+09:00,よしひろさん、こんにちは！いつも楽しみにしています✨詳しくは、お返事に書こうと思いますが、この独特のやりとり、noteならではの楽しみなのかなぁと思っています。まだ試したことがない人は、喫茶店に入ってみてほしいです😊
ncd175a2d18dfb,nb093117cfcf0,290f76d99eb40b676ce764b1c2a200e3,Takanashi（たかなし）,takanashi_note01,https://assets.st-note.com/production/uploads/images/235786177/profile_d3248e02f9810e16a0daf3e4a02bee0b.png?fit=bounds&format=jpeg&quality=85&width=330,2026-03-19T13:59:07.635+09:00,"フォロー中の記事が有料だったため、他の記事を探しているときに目に入りました。
記事画像として透明なものを使っているところといい、手抜きのように見えて、むしろテクニックを要する高度な技だと思います。
これは、思わずクリックしたくなるタイプのものであり、面白い試みだと感じました。"
nc0c107d746631,nb093117cfcf0,b35ca69ef58773c811ef27134634831b,ちびた,happy_emu3092,https://assets.st-note.com/production/uploads/images/192836207/profile_aa7eda04d33ab86b70e56f74b282b523.png?fit=bounds&format=jpeg&quality=85&width=330,2026-03-19T11:20:56.686+09:00,"実験だったのですね！
な、何かあったのですか…？！と思って
おもわずクリックしました(*^▽^*)

ちなみに通知から参りましたm(__)m"
nc20aa93b02178,nb093117cfcf0,685d473fa4f471b5b9f52de0d570a2f0,さとりのさとり,kopailog,https://assets.st-note.com/production/uploads/images/226182676/profile_094199e7fa1bff58de5da5e07a1a43de.png?fit=bounds&format=jpeg&quality=85&width=330,2026-03-19T07:09:43.090+09:00,"タイムラインから飛んで来ましたよー
もう大好き、こーゆーの

でも、
先にやられたーって感じっす🤣

"
ncd5dcd5bbd8c7,nb093117cfcf0,fe59b545bc8952b237468a815de22023,おりきゅう｜適応障害×折り紙CUBE×AI→復職,origami_cube_std,https://assets.st-note.com/production/uploads/images/260982773/profile_50e5653d2367ce9a7319384019ddb182.png?fit=bounds&format=jpeg&quality=85&width=330,2026-03-18T17:32:35.580+09:00,"よしひろさん

なるほど、実験だったんですね。
てっきり、画像を貼り忘れたのかと思いました！^^

真っ赤とか、真っ青、真っ黄（こんな言い方しない？）にしたら、
信号みたいになって面白いかも！？"
nc15e6c611dcbe,nb093117cfcf0,32a3d5ec7b1b7751c0635f2e47ea2b11,あん｜noteと遊ぶ,aging_gracefully,https://assets.st-note.com/production/uploads/images/238258843/profile_52f43522d9e7e75a12acd9d6da59035c.png?fit=bounds&format=jpeg&quality=85&width=330,2026-03-17T23:19:43.529+09:00,"よっしーさん
こんばんは

どこから？
フォローさんのところからですかね

たくさん記事があって
スキだけ灯されている
無題無サムネ
こうゆう実験好きです🤭
"
ncd3d160fde8ff,nb093117cfcf0,35032a872ef338f6bbc0a85288de5944,あまね〘ฅ՞•ﻌ•՞ฅฅ^•ﻌ•^ฅ〙,almabrillante,https://assets.st-note.com/production/uploads/images/238959793/profile_08b2cb438cc06577581118d317494042.png?fit=bounds&format=jpeg&quality=85&width=330,2026-03-17T23:02:08.674+09:00,"間違えて下書きをそのまま公開しちゃったのかと思いました😂

あまねはクリエイターページへ来て「んんっ!?( ﾟｰﾟ)」となって開きました 笑"
nc046c58515d51,nb093117cfcf0,9735e1bac7ba0bc5d0af33cf56157b08,enyo*えんよう🗝️,keyoflife_enyo,https://assets.st-note.com/production/uploads/images/240644209/profile_1ac1d8614044bc9c45db88b11d02d8f6.png?fit=bounds&format=jpeg&quality=85&width=330,2026-03-17T22:46:55.708+09:00,"よしひろさん、こんばんは

通知からやって参りました！
日々に追われ全部を通知を網羅できないのですが、吸い込まれるようにクリックしてました🙌
"
ncfdc19e8c226d,nb093117cfcf0,88562eceab16af309e8be15e9a6d1d71,カナダ暮らしメモ／Melody,glad_poppy1444,https://assets.st-note.com/production/uploads/images/258231472/profile_18f371e8300706aeadb36d024a5d6471.png?fit=bounds&format=jpeg&quality=85&width=330,2026-03-17T22:28:33.078+09:00,フォロー一覧からです。　noteバグったのかと思いました！！面白いですね！！
ncc80667820bac,nb093117cfcf0,d58df56d72e51835fa8597640954d50b,道草ノート🌿ゆう,koya1970,https://assets.st-note.com/production/uploads/images/239663389/profile_49bb32f5cdb12b8a92a46112d883daf1.png?fit=bounds&format=jpeg&quality=85&width=330,2026-03-17T22:09:53.923+09:00,"よしひろさん
いつもありがとうございます。スキ一蘭から来ました。
─=≡Σ((( つ•̀ω•́)つ"
nc94d7de17fd66,nb093117cfcf0,dcaf51c5cb5c2c9724b67fec1c728544,みずか｜ほころんでは、ほどく。子どもとの日々から,mizuka__,https://assets.st-note.com/production/uploads/images/252096893/profile_487b0797252acba719f63d29347aa42a.jpeg?fit=bounds&format=jpeg&quality=85&width=330,2026-03-17T21:44:33.412+09:00,"フォロー一覧から来ましたー🎵
スポッと空白があったので、面白そうだと思って開いたら、、やはり😁という感じでした〜😆"
ncada6e2818682,nb093117cfcf0,f70038deb9c5f3f87c2ee7969a2cf523,不屈の屈葬,fukutsunokussou,https://assets.st-note.com/production/uploads/images/228082209/profile_bc2555e2c34c9857d7b2291bb9e9cc80.png?fit=bounds&format=jpeg&quality=85&width=330,2026-03-17T21:18:24.168+09:00,"私はフォローしてる方の新着記事一覧からです。
私も０文字小説書いたことあるので、親近感湧きました（笑）"
ncb15cd47e2382,nb093117cfcf0,2ed8a60d35ddce4004ec59d06c09de41,ひとこま,hitokoma5634,https://assets.st-note.com/production/uploads/images/183551083/profile_4ec5da641287bce186554f2dfb3da96e.jpg?fit=bounds&format=jpeg&quality=85&width=330,2026-03-17T21:13:53.839+09:00,"よしひろさん　こんばんは

私はフォロー中のリストからやってきました。
「何事！？」と思って、クリックするのが少し怖くありましたけど、読んでいてほっとしました。

面白い試みですね！"
ncc824f7ace771,nb093117cfcf0,cce8d9c56dda94514ebc6afe246f0aa6,SKZS,skzs8739,https://assets.st-note.com/production/uploads/images/87111424/profile_feee3490051fda86c926b5a1c9451ea8.png?fit=bounds&format=jpeg&quality=85&width=330,2026-03-17T21:06:07.770+09:00,"こんばんは、通知からきました。
いつもありがとうございます♪"
nc1607f9c9758b,nb093117cfcf0,099955dd1d1a0c52e23a74eb099c0986,限界集落で暮らす人｜ゆみ,yummies1980,https://assets.st-note.com/production/uploads/images/239025325/profile_ff64d507986dd7a1911a5b4a33db51b1.jpg?fit=bounds&format=jpeg&quality=85&width=330,2026-03-17T20:59:42.747+09:00,"フォロー一覧の新着から来ましたー！
え、、タイトルもサムネもない？？え、どうしたの？？意味深！！…と思ったらまさかの笑。でも平和で良かったです♡"
nce1c5874b720e,nb093117cfcf0,15b07889aa53dbf10c9cb1b67625f4b4,rika🌷,meina_rikamizuki,https://assets.st-note.com/production/uploads/images/238910767/profile_373a9816961e0c2decd5f9e33be51347.png?fit=bounds&format=jpeg&quality=85&width=330,2026-03-17T20:16:55.319+09:00,"今晩は🌙✨️

通知から見つけました😆
でも、いつもと違うけどなんだろう？って開いてみたら、すぐに本文が始まってた！！笑"
nc11979a5954ce,nb093117cfcf0,b0c63385960edb1d4955bd1295f6826d,にわにん,nai114,https://assets.st-note.com/production/uploads/images/256119074/profile_f32b1767095f55d75a67f5d4c4378e7e.jpg?fit=bounds&format=jpeg&quality=85&width=330,2026-03-17T20:15:11.336+09:00,"通知欄に白い感じがして…
これは何か仕掛けてるな
と、気になりました！"
nc5ccced3ec1c0,nb093117cfcf0,a3b393748448993682c446017554f28a,りこ@一生養生,riko_83,https://assets.st-note.com/production/uploads/images/242853208/profile_868cf0850d54d0a98ca0406d82454cfa.png?fit=bounds&format=jpeg&quality=85&width=330,2026-03-17T20:13:51.277+09:00,"こんばんは🌙
存在感あり過ぎて隠れきれていませんでしたよ🤭
ででーん、と通知が届いてました🍀"
nc436e9e421b55,nb093117cfcf0,c1a52c1bc304966df576bb1037d0028c,おたわ｜サブカル・エッセイ,dreamy_cougar568,https://assets.st-note.com/production/uploads/images/256973956/profile_fd3d09d94a2f5480efcd4f184d5a3b56.jpeg?fit=bounds&format=jpeg&quality=85&width=330,2026-03-17T20:06:21.334+09:00,"こんにちは！
なんか、間違えて投稿したのかなーと思い、
開くとまんまとやられちゃいました！笑"
ncd692b62e2816,n2284120a9a33,907edc26ecc556b380bd733caf94e5cc,JAU |  臨床検査技師×医療副業,jau_jau1001,https://assets.st-note.com/production/uploads/images/238898866/profile_b47389bc5953cb4d37cf45a1d4d208c2.png?fit=bounds&format=jpeg&quality=85&width=330,2026-03-15T23:53:53.747+09:00,"よしひろさん、こんばんは♪

趣味が深まって変わった人に見られる…

本当に私も思いますし、それが私かと🤣w
めちゃくちゃ共感しました✨"
nccd26d4afa48b,n520fc2b2cf5e,24d060d3818b37a5dde84ee51a735c45,金田まり|スタートアップ&起業支援してるワーママ,alive_sheep6563,https://assets.st-note.com/production/uploads/images/267547136/profile_058271d3689074a31099e0ff4810c782.png?fit=bounds&format=jpeg&quality=85&width=330,2026-03-15T12:16:42.986+09:00,"ウイスキーっていまだにちょっと苦手なんですが、ちびちび飲むならいいなと思えました✨
ボトルの置き場は確かに困るかも😅"
nc8e723176d189,n520fc2b2cf5e,15b07889aa53dbf10c9cb1b67625f4b4,rika🌷,meina_rikamizuki,https://assets.st-note.com/production/uploads/images/238910767/profile_373a9816961e0c2decd5f9e33be51347.png?fit=bounds&format=jpeg&quality=85&width=330,2026-03-14T17:41:47.434+09:00,"好きなものシリーズもう、16ですか！！
凄い(•ө•)♡
お酒も、ファッションも、香水も全部素敵でいつも次はなにかな？って楽しみに読ませてもらってます😁"
ncddf7aae5cca1,nc24ac8843c77,06d7f6e46a2d788fe9f66291172bc1dc,まここ@心のブロック解除とマヤ暦の活用,mbb_saintpaulia3,https://assets.st-note.com/production/uploads/images/249211966/profile_419caef71a1b2495510e54cbb3235afe.png?fit=bounds&format=jpeg&quality=85&width=330,2026-03-15T18:05:57.270+09:00,"よしひろさん、はじめまして。

私の娘も中2の夏に起立性調節障害になりました。
とても悩みましたが、
身長が急激に伸びた直後だったので、
ホルモンバランスの都合だろうと割り切ることにしました。

中2は月3ぐらいで学校に行けない日がありましたが、
小児科の先生に相談しながら乗り切り、
中3になったら症状がやわらぎました。4月には高2になります。

友人の娘さんは小5で起立性調節障害になったと聞き、
女子には珍しくない病気なのかもと思っています。

症状のある間はご心配が尽きないと思いますが、
ご旅行が良い気分転換になるといいですね🥰"
nc4e68560242c5,nc24ac8843c77,a22107a59de6e3303ee2b624b3e0858a,Imbue（インビュー）/文筆家/発達凸凹育児,imbue_kaleid,https://assets.st-note.com/production/uploads/images/250421889/profile_b0f56720aebb6d8ee14055b266debfc4.png?fit=bounds&format=jpeg&quality=85&width=330,2026-03-15T12:57:46.120+09:00,"よしひろさん、こんにちは😭
わかります、我が家も「どうしたらいいの？」と迷ったり、
「このままでいいや！」と開き直ったりでした。

うちもちょうどオーストラリアの実家に帰る予定だったので、
海外帰省は親にとっても気分転換になりました。

答えが出る訳ではありませんでしたが、
環境を変えるって大事ですよね。

グアム、いいなぁ〜✨

正解はわかりませんよね😭
その時、その時でこれがいい方法って選んだことが、
正解なんだと私は思います🥰
"
nc9011c8b513f2,nc24ac8843c77,c2bf3fb737356ce4e0b1f47b310ccf53,音琴 ～go_chara～,lucid_hornet2442,https://assets.st-note.com/production/uploads/images/241037615/profile_011d60ebf0e17e1956abc71bc4156c2f.png?fit=bounds&format=jpeg&quality=85&width=330,2026-03-14T08:38:17.127+09:00,"よしひろさん、おはようございます
娘さんのこと、心配ですね。
環境や気分が変われば、良い効果があると思います。
娘さんにとってご家族も、少しでも穏やかな時間になりますように。
皆様、ご無理はされないようにしてください。"
nc18b4ca785d62,nc24ac8843c77,7166c7787e1efaa17147ad78e5878f9d,栗野こーぎぃ,tomoka_takeura,https://assets.st-note.com/production/uploads/images/265446311/profile_7b591e9509f8d7b45de2ac55b678726e.png?fit=bounds&format=jpeg&quality=85&width=330,2026-03-14T07:58:00.450+09:00,"こんにちは
うちの子はなんと年長さんのときに起立性調節障害と診断されました。来週中学卒業です。
午前中は行けない、みたいな日がちょこちょこあったり、腹痛、頭痛が日常みたいな感じです。　

お子さんによっていろいろだと思いますが、そっとケアしてもらえること、力になっていると思います。
身体とは長い付き合いになりますね、受け入れつつ、改善方法も探りつつ、ですね😌"
nca5a6b3782168,nc24ac8843c77,e6b478080c283b5be468e1b72a107e64,キユモト@'26/2/15からリスタートのnote(投稿時間は色々),kiyumoto_works,https://assets.st-note.com/production/uploads/images/264546841/profile_e382a2a4c76489edd058e43d1a63e35d.png?fit=bounds&format=jpeg&quality=85&width=330,2026-03-14T07:41:43.564+09:00,"よしひろさん
娘さん、元気になりますように！
なんと、グアムに行かれるんですね！
私も先月行ってきたところなので、なんでも聞いてください😄"
nc962f0e665afe,nc24ac8843c77,3a07bbf39f62dca69a000064efb4f859,ゆまま｜世帯年収400万で年間100万貯金をする主婦,noble_hare4289,https://assets.st-note.com/production/uploads/images/268073236/profile_2851b9702b1e202f0607cd443ad927e3.png?fit=bounds&format=jpeg&quality=85&width=330,2026-03-14T06:47:14.841+09:00,"よしひろさん、
おはようございます☀️
娘さんの、心早く元気になりますように🩶❤️✨

娘さんの心が少しでも軽くなるようにと、春休みにハワイへ行くことを決められたよしひろさんの
寄り添い方が本当に
素敵だなと感じました。

娘さんにとってご家族さまも
少しでも穏やかな時間になりますよう願ってます☺️ハワイ楽しみですね

そして、いつも応援していただき
本当にありがとうございます。
新婚旅行で人生一度の海外旅行、
ハワイでした😅
ハワイの記事もまた楽しみにしてます。"
ncc35f25c75a93,nc24ac8843c77,bede9bd0a510b6a3b89dcb460dd51ef5,ルルトアヤコ,lovely_coyote546,https://assets.st-note.com/production/uploads/images/264394551/profile_7d53e99488d218760c7f91157493e91b.png?fit=bounds&format=jpeg&quality=85&width=330,2026-03-14T00:22:38.755+09:00,"なんでもチャレンジしちゃう、よしひろさん…💞

でも娘さんの気分が少しでも晴れたら良いですよね🙆

良いご旅行となります様に💞💝🌸"
nc969bf81c7ba3,nc24ac8843c77,fe59b545bc8952b237468a815de22023,おりきゅう｜適応障害×折り紙CUBE×AI→復職,origami_cube_std,https://assets.st-note.com/production/uploads/images/260982773/profile_50e5653d2367ce9a7319384019ddb182.png?fit=bounds&format=jpeg&quality=85&width=330,2026-03-13T23:32:53.311+09:00,"こんばんは。
娘さんの体調心配ですね。
でも、環境を変えるというか、良い刺激を与えてあげるのってとても良いことだと思います。私も色々と体調のことはここ最近、勉強したりして、体と心って密接につながっているというのを実感しています。
娘さんにとって、良いご旅行になるといいなあと思います。（というか、なります！）"
ncea24b58bcbe0,n870c3b1043b8,b0c63385960edb1d4955bd1295f6826d,にわにん,nai114,https://assets.st-note.com/production/uploads/images/256119074/profile_f32b1767095f55d75a67f5d4c4378e7e.jpg?fit=bounds&format=jpeg&quality=85&width=330,2026-03-16T18:58:06.596+09:00,"美白はじめました！

よしひろさんに影響受けて
メラノCCのMenってイオンで10%クーポン使って購入したんですよ〜😆✨️

よしひろさんのリンクから購入しなくてすみません😅

こんど何か購入するときに
リンクからAmazon行きます！

シミとか目立つから
もう遅かろうと思いましたが
やらないよりいいですよね！

自分を大切にできてる感じがして、酔っております☺️"
nc9cfd5ad4d493,n870c3b1043b8,1855ab43007be46a347e898053d57368,Viola,viola9836,https://assets.st-note.com/production/uploads/images/152908817/profile_5559a313443730e2c26f44c056f1ba4c.jpeg?fit=bounds&format=jpeg&quality=85&width=330,2026-03-13T00:24:57.572+09:00,"よしひろさん
マガジンへの追加をしていただき、ありがとうございました🙇‍♀️

旅行へ行くといつも思うこと。ヨーロッパでは一般のホテルはアメニティを置いていないところが殆ど。お洒落なフランスのホテルでも皆無です。
ホテルには日本のような売店もないので、うっかり切らすと大変。
東欧の国は日本並みに置いてあります。
また、個人経営の何部屋か貸しているような小さいホテルの方が、ずっと快適であったりします。

ただ手洗い用とボディーソープ、シャンプーを兼用のものだけはどこでもあって、うちのOはそれで全然平気なタイプ。
用途が違うのだから、私のを使えば?と言ってもそれで平気。
あれで平気なら楽だろうなといつも思いますが、様々な用途にある程度対応する成分のせいか、手洗いだけでもなかなか洗い流せずヌルヌルしますので、私はハンドソープも持っていきます。
犬の足もそれで洗ってさっぱり。

お洒落な人にはあれ1本で済ますなんて考えられないですよね〜🤭"
ncf842258ec918,n870c3b1043b8,a790aa624dded68d048acf235b85cc3c,柴わんこ,shibawaka555,https://assets.st-note.com/production/uploads/images/238902723/profile_e9480392b9cdfa2e109591cf8bd585ee.png?fit=bounds&format=jpeg&quality=85&width=330,2026-03-12T14:31:11.951+09:00,よしひろさん、こんにちは！記事の紹介と、よしひろさんの考え、ありがとうございます✨自分の気分を上げる方法としてのスキンケア、いいですね🎵ちょっと丁寧にやると、私も気分あがります😊改めて、私の記事でご紹介させてください！
nc24deeb8d8e90,n870c3b1043b8,32a3d5ec7b1b7751c0635f2e47ea2b11,あん｜noteと遊ぶ,aging_gracefully,https://assets.st-note.com/production/uploads/images/238258843/profile_52f43522d9e7e75a12acd9d6da59035c.png?fit=bounds&format=jpeg&quality=85&width=330,2026-03-12T12:40:31.657+09:00,"なんとスキンケア💞
ありとあらゆることを試してきました🤣
シンプルケアがいちばんですね"
nc2a0bb800b696,n326c0c4fb634,c068f7865d8e0da6555ec8d5b896bf89,くすり。。,crystal_shine,https://assets.st-note.com/production/uploads/images/236251541/profile_ab33998a42f921a3d102004f1dc24467.png?fit=bounds&format=jpeg&quality=85&width=330,2026-03-15T09:52:33.438+09:00,"よしひろさん

こんにちは☀️
おしゃれなバーで、おいしいウイスキー🥃✨
もう、うらやましいすぎます💖

私が初めておいしいと思ったウイスキーは、確か記憶では、バランタイン１７年です。
でもね、もうどんな味かも忘れてしまいました💦

うんと、わか〜い時の話です。
また、機会があれば飲んでみたいと思います♬
あの頃と同じように、おいしいと思えるかしら？"
nca8796f0a0bc2,n326c0c4fb634,907edc26ecc556b380bd733caf94e5cc,JAU |  臨床検査技師×医療副業,jau_jau1001,https://assets.st-note.com/production/uploads/images/238898866/profile_b47389bc5953cb4d37cf45a1d4d208c2.png?fit=bounds&format=jpeg&quality=85&width=330,2026-03-12T22:18:50.984+09:00,"ウイスキーネタきた〜！w
よしひろさん！こんばんは✨

オールドバランテュラン👏
またオシャレなの飲んでますね！スペイサイドでは珍しいピーティですね🤩
これは、私も飲みたい〜😭✨w

ラガヴーリン16年は、数年前は7〜8000円くらいで買えましたが、1番値上がり幅がヤバかった記憶があります！たしか、今は倍の16000円以上💦家にストックはキツいですね🤣w

よしひろさんの画像でブルックラディのポートシャーロットがありますが、これはとても特徴的な風味があり、日本の出汁の風味があるので意外と面白いウイスキーかと✨私は好きです❣️

長文失礼しました〜😅w"
nc1fc71bcb64b6,n326c0c4fb634,bede9bd0a510b6a3b89dcb460dd51ef5,ルルトアヤコ,lovely_coyote546,https://assets.st-note.com/production/uploads/images/264394551/profile_7d53e99488d218760c7f91157493e91b.png?fit=bounds&format=jpeg&quality=85&width=330,2026-03-12T05:33:47.850+09:00,"よしひろさん、いつもさりげなくマガジンに追加ありがとうございます💖💖💝

私…ウイスキー🥃、全くの音痴ですね。
知らないだけで…

でも、よしひろさん、流石…お味の説明の仕方が、わかりやすくて…良いですね♪お仕事柄？

noteにも役立つし、良いなぁって思います♪"
nc3b14fa468e9e,n326c0c4fb634,a8ca38d524e2e730de4dccde3a1ef626,かいと@酒と魚好き,like_camel7475,https://assets.st-note.com/production/uploads/images/237563841/profile_e128a3d230e7682ca44b23e6a5f849c5.jpg?fit=bounds&format=jpeg&quality=85&width=330,2026-03-12T01:17:34.640+09:00,"よしひろさん
いつもマガジン追加ありがとうございます！

新しいお酒の出会いいいですね😊
僕も冒険していつもと違う感じを
味わいたくなりました😋"
ncc80cc8f49169,n326c0c4fb634,9735e1bac7ba0bc5d0af33cf56157b08,enyo*えんよう🗝️,keyoflife_enyo,https://assets.st-note.com/production/uploads/images/240644209/profile_1ac1d8614044bc9c45db88b11d02d8f6.png?fit=bounds&format=jpeg&quality=85&width=330,2026-03-12T00:46:13.618+09:00,"よしひろさん

マガジン追加、ありがとうございます！

私はワイン派でウイスキー🥃には疎いのですが、外食の際は、飲んだ事のないものを選ぶ""ワイン探訪""をしています♪「まだ知らない好き」だらけです🍷😊
"
nc121e56546bc3,n326c0c4fb634,b39624e9464ededa053a7cbf0de179ce,あな,ana_mama_english,https://assets.st-note.com/production/uploads/images/219621833/profile_8ef662d95d545fc74251b7700219beae.png?fit=bounds&format=jpeg&quality=85&width=330,2026-03-11T21:54:42.502+09:00,"よしひろさん、こんばんは⭐︎

マガジン追加とスキをいただき、
ありがとうございます☺️

「今日は探検の日」や
「まだ知らない好き」に出会える瞬間、
すてきですね☺️
私も、好きを大事にするだけでなく
探検することも楽しんでいきたいです♪
"
nc61a19f12b457,n6d0edf9289fa,8f6ffb8eddcfd0b83e06e8eb31606ca8,Old Man Mike,unclemike,https://assets.st-note.com/production/uploads/images/60815304/profile_435f1af21353b76a79c5b70de92da6ce.jpg?fit=bounds&format=jpeg&quality=85&width=330,2026-03-26T01:19:56.156+09:00,"こんばんはー。

記事にスキ、そしてマガジンへの登録ありがとうございます。

「趣味って業が深いなぁ」
「好きだから身につける」

大共感です（笑）

好きで選んでいいるものは、ブランドとか問わずで
オックスフォードのボタンダウンのシャツ。
あと、ヘインズのビーフィーTかな。"
nc818d3c713aa9,n6d0edf9289fa,a3b393748448993682c446017554f28a,りこ@一生養生,riko_83,https://assets.st-note.com/production/uploads/images/242853208/profile_868cf0850d54d0a98ca0406d82454cfa.png?fit=bounds&format=jpeg&quality=85&width=330,2026-03-12T20:30:06.223+09:00,"「必要」より「好き」で選ぶと、毎日はちょっと楽しくなる。
名言ですね✨️φ(..)メモメモ"
nc0526e8c27999,n6d0edf9289fa,d2a137a40f986380ae27c967dc9269f5,村田 裕樹,murata_ssj,https://assets.st-note.com/production/uploads/images/166304423/profile_e1b87dd893d1eabd48db8d58723ee4b0.jpg?fit=bounds&format=jpeg&quality=85&width=330,2026-03-10T21:51:29.961+09:00,私はこだわりがないので、履きやすいTEXCY LUXEをよく買ってます。
ncc118d8c28457,n6d0edf9289fa,b39624e9464ededa053a7cbf0de179ce,あな,ana_mama_english,https://assets.st-note.com/production/uploads/images/219621833/profile_8ef662d95d545fc74251b7700219beae.png?fit=bounds&format=jpeg&quality=85&width=330,2026-03-10T17:28:13.924+09:00,"よしひろさん、こんにちは。

マガジン追加とスキをいただき、
ありがとうございます☺️
とても嬉しいです。

「必要」より「好き」で選ぶのってとてもすてきですね✨

私も、「好き」で選ぶこと、大事にしていきたいです☺️
"
nc0b2aa69163dc,n6d0edf9289fa,290f76d99eb40b676ce764b1c2a200e3,Takanashi（たかなし）,takanashi_note01,https://assets.st-note.com/production/uploads/images/235786177/profile_d3248e02f9810e16a0daf3e4a02bee0b.png?fit=bounds&format=jpeg&quality=85&width=330,2026-03-10T15:43:43.716+09:00,"この記事、私も読みました！
革靴を履いていて、足が痛いと感じることが何度もあったため、今ではレザースニーカーを愛用しています。
見た目はそれほど変わらず、防水性もある上、何より履きやすいのがポイントですね。
こだわりはあまり無いため、チヨダの靴で十分という感じです。"
ncb0a07b9b1eed,n6d0edf9289fa,32a3d5ec7b1b7751c0635f2e47ea2b11,あん｜noteと遊ぶ,aging_gracefully,https://assets.st-note.com/production/uploads/images/238258843/profile_52f43522d9e7e75a12acd9d6da59035c.png?fit=bounds&format=jpeg&quality=85&width=330,2026-03-10T15:15:59.760+09:00,"襟が汚れるから私も必ずスカーフとか巻きます。コートやジャケットを脱いだら一緒に外したりそのままだったりですけど。
お気に入りを長く着用したいですからね〜💕"
nc3be263cac9ff,n6d0edf9289fa,e6b478080c283b5be468e1b72a107e64,キユモト@'26/2/15からリスタートのnote(投稿時間は色々),kiyumoto_works,https://assets.st-note.com/production/uploads/images/264546841/profile_e382a2a4c76489edd058e43d1a63e35d.png?fit=bounds&format=jpeg&quality=85&width=330,2026-03-10T13:58:47.617+09:00,"この記事、見ました見ました！
よしひろさんは革靴スキなんですね〜。
私は記事どおり、スニーカーに移行してたりします。歩きやすくて、つい履いてしまうというところです。"
nc9f09ff38989f,ne97ea9c6de27,1d51ae91fa7dd84c116296b564e48b85,三日芽あきこ,mikka_me,https://assets.st-note.com/production/uploads/images/223795815/profile_d5fedf3b5a66dfa8682eff6f095defa0.png?fit=bounds&format=jpeg&quality=85&width=330,2026-03-23T11:05:26.989+09:00,"イヌだったら気兼ねなく手に取れる感じです。
でも、気になるなぁがずっと残る時はネコでもカメでも飼っちゃいますね。
あ、買っちゃいます😆です。"
nc00021ed6ca4a,ne97ea9c6de27,bede9bd0a510b6a3b89dcb460dd51ef5,ルルトアヤコ,lovely_coyote546,https://assets.st-note.com/production/uploads/images/264394551/profile_7d53e99488d218760c7f91157493e91b.png?fit=bounds&format=jpeg&quality=85&width=330,2026-03-15T11:59:06.671+09:00,"その時々で、心動いたら、で判断するので、カメが早歩きしよります💝その人によるところ大、ですが…

でもお初のお相手なら、キンギョから、ですね…そこから、だんだんとイヌ、ネコ…

皆さんのコメント。興味深いですねー🤨

"
nc53257cb87dad,ne97ea9c6de27,1776d27ba36c8cd0b5576d8bad2d70a3,ふじた　めぐる,megurudayo,https://assets.st-note.com/production/uploads/images/247027815/profile_2980a81391d490986cda4202b23a9a8e.png?fit=bounds&format=jpeg&quality=85&width=330,2026-03-14T10:08:31.543+09:00,"き、きんぎよ…です。
どうしてもというときはネコさん。"
nc9728c04b7b8f,ne97ea9c6de27,1f4ec93f1fba4624d1b3ef49a91e72d7,あまっ子純情,safe_lupine8306,https://assets.st-note.com/production/uploads/images/194809644/profile_12a2c8b6ea9365d51363cbf0c53b7723.png?fit=bounds&format=jpeg&quality=85&width=330,2026-03-10T22:19:27.391+09:00,"興味あるネタならネコちゃん。
推しの人ならとりで翼を授ける〜‼️ってしたくなります"
ncac0e0e05e9ef,ne97ea9c6de27,a3b393748448993682c446017554f28a,りこ@一生養生,riko_83,https://assets.st-note.com/production/uploads/images/242853208/profile_868cf0850d54d0a98ca0406d82454cfa.png?fit=bounds&format=jpeg&quality=85&width=330,2026-03-10T16:05:51.013+09:00,"こんにちは☀
イヌ、時々ネコってところでしょうか？
気になる記事が多ければ多いほど、誘惑に負けて暴走していきます✨
"
nc1053088d770a,ne97ea9c6de27,907edc26ecc556b380bd733caf94e5cc,JAU |  臨床検査技師×医療副業,jau_jau1001,https://assets.st-note.com/production/uploads/images/238898866/profile_b47389bc5953cb4d37cf45a1d4d208c2.png?fit=bounds&format=jpeg&quality=85&width=330,2026-03-10T11:42:12.842+09:00,"ものによりますが、

カメ！

ですね〜🤭✨
どんなもんか知りたい時があるので😏w

楽しい企画ありがとうございます👏✨
"
nc0af2a6132d09,ne97ea9c6de27,32a3d5ec7b1b7751c0635f2e47ea2b11,あん｜noteと遊ぶ,aging_gracefully,https://assets.st-note.com/production/uploads/images/238258843/profile_52f43522d9e7e75a12acd9d6da59035c.png?fit=bounds&format=jpeg&quality=85&width=330,2026-03-09T21:39:50.464+09:00,"んーー難しいです
なかなかの高額にも手出しますよね、やっぱり。
ここにないくらいの、、

イヌ！

Amazonペイ使ってみました！
ひとつ前ので書いてあったので、やってみたくて😆
つい流れでポチりました

"
nc0e0572b43885,ne97ea9c6de27,321af803336265192cfe9d4b1e5769ec,しょーちゃん！,rich_shrew1085,https://assets.st-note.com/production/uploads/images/140520753/profile_a73d1c21bf45ea15473d8d5dcafc457e.jpg?fit=bounds&format=jpeg&quality=85&width=330,2026-03-09T21:08:08.247+09:00,トリ！（ただし５００円以上は、よほどその時の自分に有益だと判断した記事に限ると思います）
nc98844cdf36be,n812bf7aba601,bede9bd0a510b6a3b89dcb460dd51ef5,ルルトアヤコ,lovely_coyote546,https://assets.st-note.com/production/uploads/images/264394551/profile_7d53e99488d218760c7f91157493e91b.png?fit=bounds&format=jpeg&quality=85&width=330,2026-03-08T13:32:17.878+09:00,"28歳も下…ということは、息子レベルなのねー🫣💞💞✨✨🤣🤣🤣

いつもステキなマガジンに追加して下さりありがとうございます💖💖💝🙏"
ncc537d0e20694,n812bf7aba601,907edc26ecc556b380bd733caf94e5cc,JAU |  臨床検査技師×医療副業,jau_jau1001,https://assets.st-note.com/production/uploads/images/238898866/profile_b47389bc5953cb4d37cf45a1d4d208c2.png?fit=bounds&format=jpeg&quality=85&width=330,2026-03-08T09:40:39.045+09:00,"なんか巻き込まれてる😳✨w

よしひろさん、おはようございます♪
やはり、私の１つ上の先輩でしたか👏✨

ユリーカ、良いですね〜！
私も欲しい😆✨w
ウイスキー講習会で久しぶりにインドのウイスキー「ポール・ジョン」を飲ませていただいて、やっぱり飲みやすくておすすめだなと思いました🤩

ソフトドリンクは…水です！w"
ncc1e32340c045,n812bf7aba601,66d16b607897ff3080d5fb73499091f3,まや｜女が暴露する美女攻略法,bijyo_insight,https://assets.st-note.com/production/uploads/images/260729720/profile_107581a43aa5f4b77d0ce4996da43e92.jpeg?fit=bounds&format=jpeg&quality=85&width=330,2026-03-08T08:20:18.103+09:00,"よしひろさん、こんにちは🌸
マガジンでの記事のご紹介ありがとうございます！
同じ蒸留所の飲み比べ良いですよね〜
アードベッグは飲んだことありますが、
かなりピートが強くてハイボール以外だと飲めず、、
ウイスキーだと知多とかアランがお気に入りです🥃
ノンアルだと最近は豆乳やアーモンドミルクにハマってます✨"
nce51b4eb22eb3,n3fdf34a3d4a0,fe692fbca0ebfe890c64c75f5f5f52e8,ヒチャコ～｜70年の人生で拾ったもの,rira_lilac87,https://assets.st-note.com/production/uploads/images/266588060/profile_e7a17ac1371de3178696182858a115a7.png?fit=bounds&format=jpeg&quality=85&width=330,2026-03-13T11:42:10.381+09:00,"ただ生きるためだけに働いてきました。それでも仕事で喜んでいただけるようスキルアップし、信頼と実績を積んできましたが、ただそれだけ・・・
生きる意味を探し求めた長い旅路でした。健康でなかったので、もっと開かれたチャンスがたくさんありましたが、受けられなかったのが今でも寂しい。
それでも働いてこれたことは懐かしい思い出です。私にとっていい働き方とは、自分に恥じない誠実な仕事です。・・・本当はこれしかできないのかも？"
nc237c0dadd605,n7d2823ed5523,bede9bd0a510b6a3b89dcb460dd51ef5,ルルトアヤコ,lovely_coyote546,https://assets.st-note.com/production/uploads/images/264394551/profile_7d53e99488d218760c7f91157493e91b.png?fit=bounds&format=jpeg&quality=85&width=330,2026-03-07T17:32:15.432+09:00,"よしひろさん！！！！！！

凄いやないですか〜😳"
ncfc2d4b876738,n7d2823ed5523,d58df56d72e51835fa8597640954d50b,道草ノート🌿ゆう,koya1970,https://assets.st-note.com/production/uploads/images/239663389/profile_49bb32f5cdb12b8a92a46112d883daf1.png?fit=bounds&format=jpeg&quality=85&width=330,2026-03-05T18:38:06.176+09:00,"えっ！
めっちゃ遊び心ありますねっ！(人*´∀`)
家の間取りとか見るの大好き〜🩵"
ncf8c5630e54ee,n7d2823ed5523,32a3d5ec7b1b7751c0635f2e47ea2b11,あん｜noteと遊ぶ,aging_gracefully,https://assets.st-note.com/production/uploads/images/238258843/profile_52f43522d9e7e75a12acd9d6da59035c.png?fit=bounds&format=jpeg&quality=85&width=330,2026-03-04T23:51:15.105+09:00,"こんばんは
不屈の屈葬さんのところで読んできました🤣
そしてこの隠し部屋
かなり面白いですね！！

一軒家という考えが全くないので新鮮でした💫"
nc377521883edf,n7d2823ed5523,15b07889aa53dbf10c9cb1b67625f4b4,rika🌷,meina_rikamizuki,https://assets.st-note.com/production/uploads/images/238910767/profile_373a9816961e0c2decd5f9e33be51347.png?fit=bounds&format=jpeg&quality=85&width=330,2026-03-04T22:46:17.303+09:00,"隠し部屋すごい✨️
いいなぁ〜😆

鏡を開けると
素敵なお部屋への入り口😌"
nc1ad7852e85e9,n7d2823ed5523,f70038deb9c5f3f87c2ee7969a2cf523,不屈の屈葬,fukutsunokussou,https://assets.st-note.com/production/uploads/images/228082209/profile_bc2555e2c34c9857d7b2291bb9e9cc80.png?fit=bounds&format=jpeg&quality=85&width=330,2026-03-04T22:41:55.973+09:00,"うおおおおお！！！！
これがよしひろさんの隠し部屋ーー！！！
･･･いい！！最高じゃないっすか！？
さっそく記事化したんですね！写真付でイメージふくらみます！
楽しそ～！！

鏡の後ろに部屋！！いいですね～ファンタジーな世界観！
テンション上がるやつですね！
色々「くっそう！」な部分はあるかもですが(笑)

私の記事の紹介もありがとうございます！
きっかけになれたなら幸いです！"
ncee45075151bb,n8cab03e50b52,d0c5765a47753e17543a7b9179cf317e,m o k a   ,crisp_rabbit1664,https://assets.st-note.com/production/uploads/images/244970963/profile_70498c82f9b680f43cff864d5947e3da.jpeg?fit=bounds&format=jpeg&quality=85&width=330,2026-03-09T09:14:43.796+09:00,"よしひろさん

マガジン追加
ありがとうございます(*ᴗˬᴗ)⁾⁾
お礼が遅くなりました

どうしたいか　大切ですね
また気づきを得られました

ありがとうございます♪"
ncab3d0e2800b8,n8cab03e50b52,bede9bd0a510b6a3b89dcb460dd51ef5,ルルトアヤコ,lovely_coyote546,https://assets.st-note.com/production/uploads/images/264394551/profile_7d53e99488d218760c7f91157493e91b.png?fit=bounds&format=jpeg&quality=85&width=330,2026-03-05T04:13:19.937+09:00,なんや、わからんけど、勇気を貰えた…ありがとうございます💖💖💝🙏
ncccc768e2fc76,n2ba5304a1ef0,a790aa624dded68d048acf235b85cc3c,柴わんこ,shibawaka555,https://assets.st-note.com/production/uploads/images/238902723/profile_e9480392b9cdfa2e109591cf8bd585ee.png?fit=bounds&format=jpeg&quality=85&width=330,2026-03-04T15:43:15.626+09:00,"よしひろさん、400部の購入通知、おめでとうございます✨
コングラも😊"
nc3f20bdfbee4d,n2ba5304a1ef0,907edc26ecc556b380bd733caf94e5cc,JAU |  臨床検査技師×医療副業,jau_jau1001,https://assets.st-note.com/production/uploads/images/238898866/profile_b47389bc5953cb4d37cf45a1d4d208c2.png?fit=bounds&format=jpeg&quality=85&width=330,2026-03-03T14:23:51.510+09:00,"よしひろさん、こんにちは！
コングラ12個はヤバいですね👏✨

しかも有料記事もチップも素晴らしい数🤩
本当に羨ましいです🥹✨
これからもよしひろさんのご活躍を期待しています🎉"
ncea887702f148,n2ba5304a1ef0,24ae8442856f6e3b72ae8eee40690c51,Mie,genial_cat129,https://assets.st-note.com/production/uploads/images/259954001/profile_5d311f6904fdf72781a68dbd8a987133.png?fit=bounds&format=jpeg&quality=85&width=330,2026-03-02T20:47:19.363+09:00,"よしひろさん
コングラボード１２個✨
おめでとうございます🎉
偶数っていいですね！
奇数もいいけどね。（どっちやねん）
プレミアムだと予約投稿できるんですね。どちらにしても私は
行き当たりばったりなので
使いこなせないかもですが
レポート楽しみにしております🍀
ありがとうございます😊"
ncecbb6fee2555,n932f674eaa2c,aefdbe2c616c4952074a5fb37ae88b60,かなハム,himawarino86,https://assets.st-note.com/production/uploads/images/170523869/profile_2e298a41cb0d68341ce03fb1a8ad5bb7.jpg?fit=bounds&format=jpeg&quality=85&width=330,2026-03-01T22:51:11.346+09:00,"明宝ハムのスコーン、どんなお味なのでしょうか…気になります(^-^;
お惣菜風味のスコーンは珍しいですね😲"
ncc81ccb53aea6,nfe318589c010,24d060d3818b37a5dde84ee51a735c45,金田まり|スタートアップ&起業支援してるワーママ,alive_sheep6563,https://assets.st-note.com/production/uploads/images/267547136/profile_058271d3689074a31099e0ff4810c782.png?fit=bounds&format=jpeg&quality=85&width=330,2026-03-01T17:28:28.613+09:00,"名鉄がこんなに混んでるの初めて見たかもです👀

母が１週間ほど前に名鉄の閉店セールに行った時も激混みだったそうです⚡️
よく行ってたから閉店寂しいなあ〜"
nc3c384ad13999,nfe318589c010,62682d94f2f4d5e27cfc09d513e2be31,五十嵐雉虎（イガラシ・キジトラ）｜準文筆家｜掌編小説・ショートショート作家,kijitora50storm,https://assets.st-note.com/production/uploads/images/177475360/profile_590d0419ed4a65e554de7e8288c064e4.png?fit=bounds&format=jpeg&quality=85&width=330,2026-02-28T22:35:52.724+09:00,"一時期、名古屋にいたことがあるので、ナナちゃん懐かしいです。

名鉄百貨店閉店でナナちゃんの去就が話題になっていましたが、百貨店から名古屋鉄道に移籍して、当面は現在の位置で現役続行となったとか。"
nc64263f5d999c,nfe318589c010,15b07889aa53dbf10c9cb1b67625f4b4,rika🌷,meina_rikamizuki,https://assets.st-note.com/production/uploads/images/238910767/profile_373a9816961e0c2decd5f9e33be51347.png?fit=bounds&format=jpeg&quality=85&width=330,2026-02-28T22:06:46.753+09:00,"名鉄百貨店なくなっちゃったんですね💦
知らなかったです😅
何かずっとあったものがなくなるの寂しいなぁ……。"
ncfcbe491b5692,n3ad22c5385a3,015037404761902ab6353eab77a5ddfe,ゆかいな山,yukaiyama,https://assets.st-note.com/production/uploads/images/187377393/profile_9f501afa0524739a6c4fab2d21d3de93.png?fit=bounds&format=jpeg&quality=85&width=330,2026-04-19T20:07:37.619+09:00,"よしひろさんのこのnoteを読んで、私も自分の経験のnoteを仕上げたいと思えました。
この投稿を引用しても良いですか？"
ncbbe6728ceffa,n3ad22c5385a3,318d0f2260033fed8c47ced01cacaec5,心の軌跡を届けるAyuna☆　誰かの勇気になるために,sasn,https://assets.st-note.com/production/uploads/images/241119400/profile_5d6f0f7bd87b0faeaf16702f2a48a204.png?fit=bounds&format=jpeg&quality=85&width=330,2026-02-28T20:45:25.956+09:00,"私も同感です。
いろんなことがあって、人間は味が出ると思うので、良いときも悪いときもあるし、未然に防ぐことばかりしなくてもいいのかなと。
とんでもなく心配になりますけどね(笑)"
nccc1ca02e8237,n3ad22c5385a3,bede9bd0a510b6a3b89dcb460dd51ef5,ルルトアヤコ,lovely_coyote546,https://assets.st-note.com/production/uploads/images/264394551/profile_7d53e99488d218760c7f91157493e91b.png?fit=bounds&format=jpeg&quality=85&width=330,2026-02-28T00:45:27.109+09:00,"同感します。詳しくは言えないけど、私も結構ハードな家庭でした。

なので，自身の歴史的な事は、話のネタになる宝の山です🤣

子供の頃のことってめっちゃ主観入るけれども…


私にはこのルートで，よかったんやと。

よしひろさんのおっしゃる事，いちいち響きましたよ。

グッときすぎるくらい…

ありがとう〜読ませて頂き🙏"
ncc11f6038c220,n0b1862bcb8a3,a3b393748448993682c446017554f28a,りこ@一生養生,riko_83,https://assets.st-note.com/production/uploads/images/242853208/profile_868cf0850d54d0a98ca0406d82454cfa.png?fit=bounds&format=jpeg&quality=85&width=330,2026-03-04T22:13:46.483+09:00,"こんばんは🌙
変わってあげられたら良いのにな。
友人の子供が不安定だった時、何度そう思ったか分かりません。
私は親ではないし、してあげられることなんて何もなかったけれど、やっぱり心配でただただ会いに行って「大丈夫だよー」てぎゅっとして、頭を撫でていました。
よしひろさんほどの大きな愛情があれば、後はきっと時間や医学が解決してくれます。
得意の大食いで増やした体重で、どっしりと構えてあげられたらいいですね🍀"
nc6249e1ec47d6,n0b1862bcb8a3,d58df56d72e51835fa8597640954d50b,道草ノート🌿ゆう,koya1970,https://assets.st-note.com/production/uploads/images/239663389/profile_49bb32f5cdb12b8a92a46112d883daf1.png?fit=bounds&format=jpeg&quality=85&width=330,2026-03-01T15:32:58.452+09:00,"自分のことなら、なんとでもなるのにとか、昭和気質を持ち出して気合が足りないからなんて思っていた時期もありましたが、結局寄り添う事と時間の経過が味方になったような気もしています。うちは3人とも不安定になりましたが、最終的には友達が引き上げてくれて親は何ができたんだろう…そんなふうに考える今日この頃です。答えは見つかってないです😂まとまりないコメントになってしまった😅
"
nc89ccacdc6fb6,n0b1862bcb8a3,a22107a59de6e3303ee2b624b3e0858a,Imbue（インビュー）/文筆家/発達凸凹育児,imbue_kaleid,https://assets.st-note.com/production/uploads/images/250421889/profile_b0f56720aebb6d8ee14055b266debfc4.png?fit=bounds&format=jpeg&quality=85&width=330,2026-02-27T13:02:31.183+09:00,"よしひろさん、数行読んでから、
「あれ？　これ、自分が書いた文章だっけ？」
って思いました😂💦

最初は「え？　なんで？」って戸惑いますよね。
（我が家は、やっと慣れてきました）

うちなんて、「あんな学校行けるか！」って言ってますよ㊙️

我が家もこれから、
病院で色々検査をする予定ですが、
きっと検査結果には出ないんだろうな〜💦

学校で学んで欲しいこともありますよね。
だけど、心を壊してまで行く必要はないと、
個人的には思います。
今は選択肢が広がっている時代ですし✨

しかし私の周りの行けなくなったお子さんを
見ていると、
意志の強いお子さんが多い気がします。
（みんなじゃないかもしれませんが）。

私でよろしければ、メッセージをくださいね✨
（お役に立てないかもしれませんが😂）

"
nc4b008763a541,n0b1862bcb8a3,dcaf51c5cb5c2c9724b67fec1c728544,みずか｜ほころんでは、ほどく。子どもとの日々から,mizuka__,https://assets.st-note.com/production/uploads/images/252096893/profile_487b0797252acba719f63d29347aa42a.jpeg?fit=bounds&format=jpeg&quality=85&width=330,2026-02-27T07:40:20.001+09:00,"よしひろさん、おはようございます😌

「分からないままが続くことは落ち着かない」
「でも、一つずつ進めていくことしかないこと」
よくわかる気がします🥲

娘さんも、よしひろさんも、ご家族も、やわらかい気持ちで過ごせる時間が増えますように🌈😌"
ncf6451369d6dd,n0b1862bcb8a3,9735e1bac7ba0bc5d0af33cf56157b08,enyo*えんよう🗝️,keyoflife_enyo,https://assets.st-note.com/production/uploads/images/240644209/profile_1ac1d8614044bc9c45db88b11d02d8f6.png?fit=bounds&format=jpeg&quality=85&width=330,2026-02-26T23:07:17.261+09:00,"よしひろさん、こんばんは

名前や原因が分かるだけでも、気持ちが前に進めますよね！
娘さん、早く症状が良くなりますように🙏"
nca1552da24cf8,n0b1862bcb8a3,12ef2d2180f9d3f754c7808c3befca1a,kinako,serene_tiger1435,https://assets.st-note.com/production/uploads/images/265260836/profile_44559427678c4fb54aa9d1e8f91ba4af.png?fit=bounds&format=jpeg&quality=85&width=330,2026-02-26T23:01:34.479+09:00,"よしひろさん、心配ですね😥
名前がつくとだいぶ気持ちの整理がつく…すごくわかります！

うちの娘の場合の話ですが…
小3の1、2月頃から朝に頭痛、腹痛、微熱、吐き気、めまい、耳鳴りなどを訴えるようになり、学校を休みがちになりました。
その頃は何が原因かわからないまま親子で苦しんでましたが、別のことで定期的に通院していた小児科医にODと言われ、血圧を上げる薬を飲み始めてからその症状は落ち着きました。
朝が苦手なのは今も変わらずですが…
（ODの検査は何もせず、でもその他の症状もドンピシャで💦）

早く原因がわかって、娘さんが元気に過ごせるようになることを願っています"
nc19f1c92b2c5b,n0b1862bcb8a3,15b07889aa53dbf10c9cb1b67625f4b4,rika🌷,meina_rikamizuki,https://assets.st-note.com/production/uploads/images/238910767/profile_373a9816961e0c2decd5f9e33be51347.png?fit=bounds&format=jpeg&quality=85&width=330,2026-02-26T22:38:54.582+09:00,"娘さん、なんとも無いといいですね💦
私は花粉で辛いですけど、午前中だけだとそれではないか。
すごく心配ですね(;_:)"
nccc5da453897d,n8e21318150a1,290f76d99eb40b676ce764b1c2a200e3,Takanashi（たかなし）,takanashi_note01,https://assets.st-note.com/production/uploads/images/235786177/profile_d3248e02f9810e16a0daf3e4a02bee0b.png?fit=bounds&format=jpeg&quality=85&width=330,2026-02-26T14:31:15.737+09:00,"こちらも昨日、事務室に置く応接セットが届いたため、今日何とか置くためのスペースを確保したところです。
見事なほどに、宿題を最終日にやるタイプの行動ですね。
とはいえ、これが終われば即開業しても何とかなる状態になるため、もうひと踏ん張りというところです。
もっとも、まだホームページは作成中なので、まだしばらくはバタバタしそうですが。"
nc8b132f5babde,n8e21318150a1,318d0f2260033fed8c47ced01cacaec5,心の軌跡を届けるAyuna☆　誰かの勇気になるために,sasn,https://assets.st-note.com/production/uploads/images/241119400/profile_5d6f0f7bd87b0faeaf16702f2a48a204.png?fit=bounds&format=jpeg&quality=85&width=330,2026-02-26T12:48:59.033+09:00,"こんにちは～🙋

私は初日に大方終わらす派でした！
でも学年が上がるにつれ、最初にやってしまうと、学校が始まる時に忘れてしまうと気づいて、ちまちま型に😄
兄のポスターや読書感想文をよく手伝っていました💡
少しずつやる方が身になりますよね😄"
ncf445068c153b,n8e21318150a1,b35ca69ef58773c811ef27134634831b,ちびた,happy_emu3092,https://assets.st-note.com/production/uploads/images/192836207/profile_aa7eda04d33ab86b70e56f74b282b523.png?fit=bounds&format=jpeg&quality=85&width=330,2026-02-26T11:47:17.544+09:00,"よしひろさん、おはようございます！

わたしは最初に一気に片付ける派でした。

そして長期休みの最終日に
「終わったんだっけ？どうだったんだっけ？？」
「え？こんなこと書いたんだっけ？？」（←日記とかね……）

と記憶を喪失しているタイプ……(^^；
（noteでは記憶を喪失しないように気を付けます💦）

noteも宿題もちょっとずつ毎日、が一番いいんだろうけど
ムズカシイですよねー💦"
ncd2b07ae753d0,n8e21318150a1,15b07889aa53dbf10c9cb1b67625f4b4,rika🌷,meina_rikamizuki,https://assets.st-note.com/production/uploads/images/238910767/profile_373a9816961e0c2decd5f9e33be51347.png?fit=bounds&format=jpeg&quality=85&width=330,2026-02-26T08:25:39.389+09:00,"おはようございます☀️

私も同じタイプです💦
構想はあって書き出そうとすると、他の記事が気になって直したり、急に書きたいことが出てきたりしてそっちに集中しちゃう😅
で、書きたかった記事が手つかずになっちゃうのです……🤣
中々思う通りにいきませんね……。"
nc58d73aef90e9,n8e21318150a1,5792beedf51dea6547b4b3d298482ab4,丁寧な暮らし/生きやすさ探求家,gentle_gecko1078,https://assets.st-note.com/production/uploads/images/262129480/profile_db21f2a3fdc02bf9bc25913c5915c0a9.png?fit=bounds&format=jpeg&quality=85&width=330,2026-02-26T06:38:48.181+09:00,"おはようございます✨
にわにんさんのマガジンに、入院前の準備前日になってやった…という私の記事と並んでいたから拝読してみたら、苦笑いしてしまいました🤭"
nc83becdd2f74a,n8e21318150a1,32a3d5ec7b1b7751c0635f2e47ea2b11,あん｜noteと遊ぶ,aging_gracefully,https://assets.st-note.com/production/uploads/images/238258843/profile_52f43522d9e7e75a12acd9d6da59035c.png?fit=bounds&format=jpeg&quality=85&width=330,2026-02-25T23:34:56.003+09:00,"よっしーさん
こんばんは！

はーい🙋‍♀️
私も同類です

短期集中型でした！"
ncf4b7ef3b7311,n8e21318150a1,907edc26ecc556b380bd733caf94e5cc,JAU |  臨床検査技師×医療副業,jau_jau1001,https://assets.st-note.com/production/uploads/images/238898866/profile_b47389bc5953cb4d37cf45a1d4d208c2.png?fit=bounds&format=jpeg&quality=85&width=330,2026-02-25T23:20:27.645+09:00,"よしひろさん、こんばんは！
気持ち、分かります😆

私もこういうの書こうとか構想はあるんですが、結局、本業も山積みで完成せず😅w

私もゆるっとやっていきます👏✨"
nc483a326cf8d9,n8e21318150a1,f70038deb9c5f3f87c2ee7969a2cf523,不屈の屈葬,fukutsunokussou,https://assets.st-note.com/production/uploads/images/228082209/profile_bc2555e2c34c9857d7b2291bb9e9cc80.png?fit=bounds&format=jpeg&quality=85&width=330,2026-02-25T22:45:10.636+09:00,"よばれたかな？笑
ちなみに私は宿題をためてまとめてやることを「火事場の馬鹿力の有効利用」と呼んでいます。"
nc81f312f1ead1,n930b738655d5,c068f7865d8e0da6555ec8d5b896bf89,くすり。。,crystal_shine,https://assets.st-note.com/production/uploads/images/236251541/profile_ab33998a42f921a3d102004f1dc24467.png?fit=bounds&format=jpeg&quality=85&width=330,2026-02-24T20:50:25.739+09:00,"よしひろさん

こんばんは🌙
いきなりですが、
ふふふっ😆

この記事、今日の私の記事と、テーマが似ている？！
私の生き方とも似ている？！

飽きると、刺激を求めたくなります‼️

びっくり🫢
思わずコメントしちゃったよー☝️"
nca65f7a12707c,n37d23c36f475,a3b393748448993682c446017554f28a,りこ@一生養生,riko_83,https://assets.st-note.com/production/uploads/images/242853208/profile_868cf0850d54d0a98ca0406d82454cfa.png?fit=bounds&format=jpeg&quality=85&width=330,2026-02-28T19:45:08.432+09:00,"こっちにもコメントしちゃおう🎵
体重4キロ分の美味しそうなお写真が、食べたい欲を見事に刺激中です😅
ごはん食べたばかりなのに、ぜんざい食べたい（笑）"
nc8a382a7c37c9,n37d23c36f475,c068f7865d8e0da6555ec8d5b896bf89,くすり。。,crystal_shine,https://assets.st-note.com/production/uploads/images/236251541/profile_ab33998a42f921a3d102004f1dc24467.png?fit=bounds&format=jpeg&quality=85&width=330,2026-02-25T10:20:58.030+09:00,"よしひろさん

おはようございます☀
三重県行きたくなりました🚗

おかげ横丁が呼んでいる〜♬
我が家は、愛犬ちゃんと一緒に行きますよ🐶

猫ちゃんも、可愛いな😍🩷"
ncde5ce68b3b73,n37d23c36f475,f19d138b5f57bc35ca0f56f51ab37ac5,りーまむ,ri_mam,https://assets.st-note.com/production/uploads/images/186523962/profile_939af6d936ad6ca5456ee55e7d9d6404.jpeg?fit=bounds&format=jpeg&quality=85&width=330,2026-02-24T14:24:31.403+09:00,"素敵な旅日記をありがとうございました〜😊

そういえば、わたし麻辣湯にハマってるんです〜
また食べたくなってきました😆🎵"
nc9694f9c9997c,n37d23c36f475,a790aa624dded68d048acf235b85cc3c,柴わんこ,shibawaka555,https://assets.st-note.com/production/uploads/images/238902723/profile_e9480392b9cdfa2e109591cf8bd585ee.png?fit=bounds&format=jpeg&quality=85&width=330,2026-02-23T23:02:26.663+09:00,"よしひろさん、こんばんは！夜に読んだらお腹空いてきました😋
さすがに夜食はまずいので我慢です。
旅行したくなってきました🎶楽しい記事、ありがとうございます✨
ブチ、可愛い💕"
nc30eb7ab2de65,ndeb9bb18adb9,a3b393748448993682c446017554f28a,りこ@一生養生,riko_83,https://assets.st-note.com/production/uploads/images/242853208/profile_868cf0850d54d0a98ca0406d82454cfa.png?fit=bounds&format=jpeg&quality=85&width=330,2026-02-28T19:36:40.016+09:00,"こんばんは🌙
ベッドの並びが斬新だなぁと思ったら、海を見るためなんですねぇ🌊
浴衣が選べるサービスもなんだか嬉しいですね🎵ちなみに私もよしひろさんと同じチョイスでした🤭"
nc5ffa82991f24,ndeb9bb18adb9,c068f7865d8e0da6555ec8d5b896bf89,くすり。。,crystal_shine,https://assets.st-note.com/production/uploads/images/236251541/profile_ab33998a42f921a3d102004f1dc24467.png?fit=bounds&format=jpeg&quality=85&width=330,2026-02-25T10:06:15.368+09:00,"よしひろさん

おはようございます☀️
伊勢志摩旅行、いいですね〜👍

「足風呂夜空🌌」
片手にハイボール✨
もう、羨ましい限りです🤩

私も、行きたい〜📣"
nc0af0c61e2f65,ndeb9bb18adb9,3e75f4bb22e3e8ef5f47c76fce84ed47,鈴森よいほ｜AIコンテンツ/思想型クリエイター,yoiho25june,https://assets.st-note.com/production/uploads/images/242279897/profile_2db3d5cbd59beffac37a4fbff5a53902.png?fit=bounds&format=jpeg&quality=85&width=330,2026-02-24T23:40:01.029+09:00,"よしひろさん、こんばんは😊
いつもマガジン追加ありがとうございます♪

素敵な旅行記、リアルタイムだと忙し過ぎないでしょうか？！😳

楽しまれたようで何よりです🥰
私も旅気分でした🙏✨
こういうの良いですね💕"
nc80d2bee0c5dd,ndeb9bb18adb9,32f550dffe989e6d35ff91b609a17829,めぐり,meguri_note,https://d2l930y2yx77uc.cloudfront.net/assets/default/default_profile_3-39088fff430aa9ec11d6e2a385dbcad45c8b79bde6c0c9ded10cd7abb960174f.png,2026-02-24T18:31:55.111+09:00,"よしひろさん😊
こんばんは♪

素敵な旅行の記事、楽しんで読ませていただきました。
ありがとうございます♪

いつもたくさんの記事をマガジンに追加くださってありがとうございます😊
感謝しています♪"
nc1b8d9d1484ff,ndeb9bb18adb9,d58df56d72e51835fa8597640954d50b,道草ノート🌿ゆう,koya1970,https://assets.st-note.com/production/uploads/images/239663389/profile_49bb32f5cdb12b8a92a46112d883daf1.png?fit=bounds&format=jpeg&quality=85&width=330,2026-02-24T11:19:17.596+09:00,とってもステキな場所ですね〜☺️浴衣も選べるなんてテンション上がりますね！わたしは右から③番目のフルーツの輪切りの浴衣がいいな〜いつか行ってみたい😆
ncc71a540322ed,ndeb9bb18adb9,32a3d5ec7b1b7751c0635f2e47ea2b11,あん｜noteと遊ぶ,aging_gracefully,https://assets.st-note.com/production/uploads/images/238258843/profile_52f43522d9e7e75a12acd9d6da59035c.png?fit=bounds&format=jpeg&quality=85&width=330,2026-02-23T19:17:54.800+09:00,"何度も見にきてしまった！
楽しいです😊

ここ初代の頃、よく行ってました🤣
いいですよね〜
部屋からの眺めで気づきました！"
nc72a88a3de20f,ndeb9bb18adb9,dcaf51c5cb5c2c9724b67fec1c728544,みずか｜ほころんでは、ほどく。子どもとの日々から,mizuka__,https://assets.st-note.com/production/uploads/images/252096893/profile_487b0797252acba719f63d29347aa42a.jpeg?fit=bounds&format=jpeg&quality=85&width=330,2026-02-23T07:52:14.145+09:00,"更新スタイルとはいえ、この情報量はすごい〜😳
いま、初見でビックリしました！

行った気分にさせてもらえて楽しいです🤗🎵"
nc087ce79b9bc7,ndeb9bb18adb9,f19d138b5f57bc35ca0f56f51ab37ac5,りーまむ,ri_mam,https://assets.st-note.com/production/uploads/images/186523962/profile_939af6d936ad6ca5456ee55e7d9d6404.jpeg?fit=bounds&format=jpeg&quality=85&width=330,2026-02-22T22:05:50.739+09:00,"伊勢志摩なつかしい〜
けど、行ったの20年以上前〜🤣

3連休、インドア派の我が家と違って、アウトドア良いですね〜✨✨

これまた、行った気分に浸れました〜〜〜🎵"
ncfffc098eff3b,ndeb9bb18adb9,60af86876c822049da9dc1e15d557e95,みつば,royal_swift7266,https://assets.st-note.com/production/uploads/images/241638421/profile_7d19e63756f37680f5dfda690a5732a4.png?fit=bounds&format=jpeg&quality=85&width=330,2026-02-22T21:31:57.218+09:00,"よしひろさんのこの更新型の旅行記、大好きです👀
どこもかしこも綺麗なお宿、素敵です🌸"
ncd0f4a8e7aab5,ndeb9bb18adb9,15b07889aa53dbf10c9cb1b67625f4b4,rika🌷,meina_rikamizuki,https://assets.st-note.com/production/uploads/images/238910767/profile_373a9816961e0c2decd5f9e33be51347.png?fit=bounds&format=jpeg&quality=85&width=330,2026-02-22T17:59:18.787+09:00,"うちの母がこっち遊びに来る時に泊まってみたいって言ってたところだ〜(*´ω`*)✨️

てか、お部屋全てのベッドから海が見えるんですね😆

素敵です🥹✨️
楽しんでね！"
nc3cd3c8eb595c,n1851bf82838c,0a521f157d7cc40783b1fc581e901969,曾丹あきお,lakiops63,https://assets.st-note.com/production/uploads/images/1561082/profile_854fee2f4fd0db5a956707b6217c9863.jpg?fit=bounds&format=jpeg&quality=85&width=330,2026-03-28T02:38:48.564+09:00,"失礼いたします。当方　目が見えませんので お尋ねします。ホンダのHAWKⅡとは　あのHAWKⅡでしょうか？(笑）もしそうなら本当に懐かしいです。私が中学生の時に高校生の先輩が乗っていました。ひょっとしたら あれは 250cc のHAWKだったかもしれません。
それにしても懐かしい　大切に そして安全に乗ってくださいね。"
nc2c0267824857,n1851bf82838c,a22107a59de6e3303ee2b624b3e0858a,Imbue（インビュー）/文筆家/発達凸凹育児,imbue_kaleid,https://assets.st-note.com/production/uploads/images/250421889/profile_b0f56720aebb6d8ee14055b266debfc4.png?fit=bounds&format=jpeg&quality=85&width=330,2026-02-22T06:08:49.398+09:00,"よしひろさんのnoteを見ていると、私もバイクの免許が欲しくなってきました😆

息子が自転車に乗れず、体調不良になったので、習い事の送迎で悩んでいます💦
自転車後ろ乗せはすぐパンクするし...😭
バイク2人乗りだったら送迎できますよね?🥰"
nc287d136d2120,n1851bf82838c,c1a9bb683f0a8db9504909e925ef1b86,小芝 凛  ╱Rin  Koshiba,rin_koshiba,https://assets.st-note.com/production/uploads/images/238873241/profile_c7652ed087bc514a276653727f8845c7.png?fit=bounds&format=jpeg&quality=85&width=330,2026-02-22T01:40:12.423+09:00,"よしひろさん✨

伊勢志摩楽しんできてね💕
先週行ってきましたぁ😆

バイク素敵です😌💓
乗りたかったです💕
免許取得してないので、いいなぁ～と思って眺めてます🥰

ありがとうございます💕✨☺️"
nc9a2d61f930bf,n1851bf82838c,32a3d5ec7b1b7751c0635f2e47ea2b11,あん｜noteと遊ぶ,aging_gracefully,https://assets.st-note.com/production/uploads/images/238258843/profile_52f43522d9e7e75a12acd9d6da59035c.png?fit=bounds&format=jpeg&quality=85&width=330,2026-02-21T23:59:55.319+09:00,"ピカピカなオートバイですね💫
前屈みな、レースに出そうな🏍️
カッコいいです！

伊勢志摩楽しみです！！"
nca4ef1ca343f6,n1851bf82838c,15b07889aa53dbf10c9cb1b67625f4b4,rika🌷,meina_rikamizuki,https://assets.st-note.com/production/uploads/images/238910767/profile_373a9816961e0c2decd5f9e33be51347.png?fit=bounds&format=jpeg&quality=85&width=330,2026-02-21T22:21:21.794+09:00,"オートバイかっこいい✨️
前免許取りに行こうと思ったことあった〜(*´ω`*)✨️

おむすびもめっちゃ美味しそうです🍙💕
しかも、しらすの量がすごい☺️"
nc4ef8a2b0eb88,n1851bf82838c,685d473fa4f471b5b9f52de0d570a2f0,さとりのさとり,kopailog,https://assets.st-note.com/production/uploads/images/226182676/profile_094199e7fa1bff58de5da5e07a1a43de.png?fit=bounds&format=jpeg&quality=85&width=330,2026-02-21T21:28:27.509+09:00,"リア充とは、正にこのことかと

こぼれうめしらすむすび
美味しそう🤤"
nc5315a3e6d54c,n36f537a9bbe6,8999f6bb8b1b68f5d0eb43b31d154678,パラソル,gentle46,https://assets.st-note.com/production/uploads/images/90294850/profile_68dd11666937d89fdfb0de0cba9c7b52.jpg?fit=bounds&format=jpeg&quality=85&width=330,2026-04-15T16:22:20.733+09:00,"はじめまして、、、
マガジン「あなたの気持ちが嬉しいです！！」に
「スナップ撮影して後で」をいれて頂き嬉しくとても
励みにならいました。ありがとうございます。

指輪は皮膚が弱くてずーっとしてません、金婚式も
すぎましたが、、、指にはめられる事が出来て羨ましいです。
夫は結婚指輪がありますし、皮膚も丈夫なのにしていません。
恥ずかしいらしいです（笑）年代を感じますでしょう
いつまでも仲良くお過ごしくださいませ。お元気で(^^♪"
nc58c370c8a060,n36f537a9bbe6,6c7f7e8aa938f4a4c4b190840dc9c0a6,るこのみらい｜有料noteとCanvaで「できるかも」を育てるnote🌱,ruco3,https://assets.st-note.com/production/uploads/images/239032332/profile_819b5756c137702ccc9827a0eb88b347.png?fit=bounds&format=jpeg&quality=85&width=330,2026-02-23T15:40:52.392+09:00,"よしひろさん💕こんにちは

結婚１５周年の年なんですね✨
水晶婚式ですね！
おめでとうございます🎉🎉

私も、いろいろと覚えていないタイプです。
いつも夫の方が「結婚〇〇年やね」とか
言ってくれます。

指輪は一緒に見に行ったことを
思い出しました💕
私の方だけ、ダイヤを入れてくれました🥰

指輪をつけているのが
当たり前すぎて...
いろいろ思い出すきっかけになりました。
ありがとうございます！"
ncd5b279e046fa,n36f537a9bbe6,3a07bbf39f62dca69a000064efb4f859,ゆまま｜世帯年収400万で年間100万貯金をする主婦,noble_hare4289,https://assets.st-note.com/production/uploads/images/268073236/profile_2851b9702b1e202f0607cd443ad927e3.png?fit=bounds&format=jpeg&quality=85&width=330,2026-02-23T12:48:54.291+09:00,"よしひろさん
お昼ですこんにちは🥃
なんだかよしひろさんのnoteはいつもワクワクさせられます。
素敵な指輪のお話ありがとうございます。いつか私もよしひろさんのようなnoteがかけるようになったらと思います。なんと🤭お恥ずかしい話ですが
貯金ゼロの授かり婚💦
夫のご両親にはじめて会った日に
近くの宝石屋さん？へ😅
婚約指輪と結婚指輪の二つを義理ご両親に頂いてしまいました。もちろん今もずっとこれからも大切にです。
ちょうど愛猫の餌が無くなってしまったので、ポチッとさせて頂こうと思います。いつもありがとうございます☺️
"
nc4d750b9fe6da,n36f537a9bbe6,31095577d50376b8f030e75a62da6621,こはく@恋愛✖︎心理学,kohaku_20260215,https://assets.st-note.com/production/uploads/images/255774447/profile_7f01fb4249af80a68496cbbcb845f8c8.jpg?fit=bounds&format=jpeg&quality=85&width=330,2026-02-22T20:17:07.966+09:00,"結婚指輪のことをふと思い出して、夫婦で「あれどこで買ったっけ？」と話せる関係がすごく良いなと思いました。
15年という時間の中で忘れてしまうこともあるけれど、指に残っている“輪っか”が静かに物語ってくれている感じが素敵です。
こういう他愛もない記憶こそ、大事にしたくなるものですね。
"
nc9c858d2e5826,n36f537a9bbe6,c1a9bb683f0a8db9504909e925ef1b86,小芝 凛  ╱Rin  Koshiba,rin_koshiba,https://assets.st-note.com/production/uploads/images/238873241/profile_c7652ed087bc514a276653727f8845c7.png?fit=bounds&format=jpeg&quality=85&width=330,2026-02-22T01:35:57.570+09:00,"よしひろさん✨

前のはプラチナでダイヤモンド入りでしたね。
２回目は私の欲しいブランドでこちらもダイヤモンド入り。
有難いですが、どちらも私の好みを優先して貰ってますね😘
プラチナダイヤモンドが好き💕なんでしょうね😆
今は着けてて👌の仕事なので、つけっぱなしです。
それぞれの旦那さんは、お仕事柄休日しかできないですね🤣
"
nc9c6e2b541260,n36f537a9bbe6,32a3d5ec7b1b7751c0635f2e47ea2b11,あん｜noteと遊ぶ,aging_gracefully,https://assets.st-note.com/production/uploads/images/238258843/profile_52f43522d9e7e75a12acd9d6da59035c.png?fit=bounds&format=jpeg&quality=85&width=330,2026-02-21T16:13:37.958+09:00,"よっしーさん、こんにちは♪
うちは2つの金とプラチナ指輪を一度切って逆にして合わせました。
リバーシブル可能な結婚指輪です💫

夫は手術以外絶対に外さないのですが、
私は外しっぱなしで仏壇に保管中です🤣"
nc076fbe36c403,n36f537a9bbe6,f19d138b5f57bc35ca0f56f51ab37ac5,りーまむ,ri_mam,https://assets.st-note.com/production/uploads/images/186523962/profile_939af6d936ad6ca5456ee55e7d9d6404.jpeg?fit=bounds&format=jpeg&quality=85&width=330,2026-02-21T00:38:41.416+09:00,"仕事柄、指輪ができないので、
お休みのたびに外してますよ〜
（指むくんでるとき、大変💦）

我が家は、わたしがどうしてもピンクゴールドが良くて🩷、
でも男性にはちょっと…ってことで。

色もデザインも夫婦でまったく違うという、自由な（わたしがわがまま）スタイルです😅"
nc69c112fe2987,n36f537a9bbe6,981fabd5de074708dbb6aaf65ff99f04,musicat/おとねこ,real_phlox8176,https://assets.st-note.com/production/uploads/images/237713470/profile_2774fda1b9199e603d2c82ed8a8bc97d.png?fit=bounds&format=jpeg&quality=85&width=330,2026-02-20T22:32:49.696+09:00,"こんばんは、よしひろさん🐈️
指輪物語かぁ。じゃあ、よしひろさんが持っているのが、全てを統べる指輪かな😁
我が家は私も夫も指輪が外せず、指輪物語ごっこが出来ません😂
横浜元町で一目惚れして作った
少し厚めの指輪です💍"
ncadb900fec9d3,n36f537a9bbe6,15b07889aa53dbf10c9cb1b67625f4b4,rika🌷,meina_rikamizuki,https://assets.st-note.com/production/uploads/images/238910767/profile_373a9816961e0c2decd5f9e33be51347.png?fit=bounds&format=jpeg&quality=85&width=330,2026-02-20T20:00:16.548+09:00,"私は神戸旅行の時に手作りでお互いに作り合いました(*´ω`*)✨️
良き日の思い出を
思い出させていただきありがとう💕

凄く楽しかったな〜って☺️

私もあんまりこだわりは無いので、
これにしてみよ〜！！って感じで決めました🤣
でも、宝物です🩷

指輪物語良いですね〜！！
私も金色じゃないから
ごっこ出来ないや……😱笑"
ncac3e5e56a23a,n36f537a9bbe6,685d473fa4f471b5b9f52de0d570a2f0,さとりのさとり,kopailog,https://assets.st-note.com/production/uploads/images/226182676/profile_094199e7fa1bff58de5da5e07a1a43de.png?fit=bounds&format=jpeg&quality=85&width=330,2026-02-20T19:23:54.137+09:00,"よしひろさんまだ30代か
若いなぁ～いいなあ～

結婚指輪は常に小銭入れの中にしまい
無くさないようにしてますが…

指輪物語？サウロンですね😆"
nc264a206b8300,n2e3576417bc0,290f76d99eb40b676ce764b1c2a200e3,Takanashi（たかなし）,takanashi_note01,https://assets.st-note.com/production/uploads/images/235786177/profile_d3248e02f9810e16a0daf3e4a02bee0b.png?fit=bounds&format=jpeg&quality=85&width=330,2026-02-21T16:09:10.661+09:00,"私はスマートフォンの文字入力が苦手なので、もっぱらパソコンです。
読む時も、コメント入力をすることがあるため、パソコンを利用しており、返信がついた時にそれに対してスキをするときだけ、スマートフォンを使っています。
キーボードに慣れているため、その方が圧倒的に楽ということが大きいと思います。"
ncacef0f274571,n2e3576417bc0,a35d9dc510f4adcd43acf0f5a91438e1,ななし,nanasi_san,https://assets.st-note.com/production/uploads/images/200425216/profile_aa4eb79a8229d05844708fb8cc700aae.png?fit=bounds&format=jpeg&quality=85&width=330,2026-02-21T01:00:05.654+09:00,"スマートホンではnoteは書かない。外出先では読みますけどね。
noteをPCで書いていて困るのが「タイトル」改行できないんですよね。
折り返し位置がサムネだと変わってしまうのです。
本文も横４０文字でないと気持ちよく書けません。
"
nc281df3dd681e,n2e3576417bc0,685d473fa4f471b5b9f52de0d570a2f0,さとりのさとり,kopailog,https://assets.st-note.com/production/uploads/images/226182676/profile_094199e7fa1bff58de5da5e07a1a43de.png?fit=bounds&format=jpeg&quality=85&width=330,2026-02-20T19:18:34.434+09:00,"平日はスマホ
土日はPC使うと効率UPです✨

スマホや文字の大きさで改行位置は変わってしまいますが

一応20文字を目安に
改行するようにしてます😊

PCがまだWin10なんです
新しいのほしいー！！！

"
nc6766982ea134,n2e3576417bc0,f70038deb9c5f3f87c2ee7969a2cf523,不屈の屈葬,fukutsunokussou,https://assets.st-note.com/production/uploads/images/228082209/profile_bc2555e2c34c9857d7b2291bb9e9cc80.png?fit=bounds&format=jpeg&quality=85&width=330,2026-02-19T23:09:54.462+09:00,"私は今は完全にPCです。
読むときはスマホも使いますが。

かつてはよしひろさんと同じで改行位置が気になるので、

➀ＰＣで変な場所で改行されないように1行の文字数を考えて書く
②スマホでも変な場所で改行されないように1行の文字数を整える
③上記➀・②を繰り返してＰＣ・スマホ両方とも上手く改行されるようにする
って書き方を徹底していました。

そして、最近スマホを機種変してようやく気づいたんです。


スマホによって1行の文字数が違うことに･･･。

よって今は完全にＰＣで➀のみ徹底しています。
あの努力はなんだったんや･･･。"
nc0e2347724691,n2e3576417bc0,3e75f4bb22e3e8ef5f47c76fce84ed47,鈴森よいほ｜AIコンテンツ/思想型クリエイター,yoiho25june,https://assets.st-note.com/production/uploads/images/242279897/profile_2db3d5cbd59beffac37a4fbff5a53902.png?fit=bounds&format=jpeg&quality=85&width=330,2026-02-19T21:37:12.607+09:00,"よしひろさん、こんばんは🌙
私は記事制作はパソコンで、投稿後のチェックはスマホ。

コメントはその時々で違うけど、落ち着いて書きたい時はパソコン、気軽に返す時はスマホ派です📱

スマホだけで全て書く方がいらっしゃるのほんと凄い！！と尊敬してます😆✨"
ncae4a2c45e495,n2e3576417bc0,32a3d5ec7b1b7751c0635f2e47ea2b11,あん｜noteと遊ぶ,aging_gracefully,https://assets.st-note.com/production/uploads/images/238258843/profile_52f43522d9e7e75a12acd9d6da59035c.png?fit=bounds&format=jpeg&quality=85&width=330,2026-02-19T21:12:42.860+09:00,"よっしーさん
こんばんは

私記事書くのはpc一択
最近投稿前にスマホで下書きを見ます

なんだか文字が半分切れてること
下側ね、なので確認するようにしました。

まだ1回だけど🤣

このコメントはスマホ
pcだと絵文字がないのです
💞💓🤭

読むのは半々くらいでしょうか👯"
nc41b3085d3023,n2e3576417bc0,11cbe730cb341db1b79e42f2a4899bfa,うつきゆき,noter_lab,https://assets.st-note.com/production/uploads/images/218843034/profile_fa50f918d886dda7c0c5b712fbe8c1c1.png?fit=bounds&format=jpeg&quality=85&width=330,2026-02-19T20:49:09.150+09:00,"よしひろさん、はじめまして✨
いつもこっそり記事を拝見しておりました。

今回の記事は「私と同じだー」とおもう部分が多くて、感想を残したくなりました。

特に「コメント返信をスマホでやると勝手にスクロールする」の部分です。
私も何度かこれをやられて、せっかく書いたコメントが消えちゃったことが何度もあります😢

なので返信は私もじっくりパソコン派。
でもそうするとやっぱり、返信速度が遅くなるんですよね。ためてから一気に返信することになるので。
うーん　悩みどころです。

また読みに来たいと思います
おじゃましました♥"
nc544653787fdb,n082a7ff835c0,35032a872ef338f6bbc0a85288de5944,あまね〘ฅ՞•ﻌ•՞ฅฅ^•ﻌ•^ฅ〙,almabrillante,https://assets.st-note.com/production/uploads/images/238959793/profile_08b2cb438cc06577581118d317494042.png?fit=bounds&format=jpeg&quality=85&width=330,2026-02-20T21:34:37.646+09:00,"よしひろさん、こんばんは🌛*゜

( ´˘`) -ᴗ-) ´˘`) -ᴗ-)‎ ´˘`) -ᴗ-)ｽﾍﾟｼｬﾙｳﾝｳﾝ

もう…頷きすぎて、頭が外れそうになるくらい、頷きました！

アレ？同じこと2回言ってますね😶

シェイクされ過ぎたミジンコ脳🧠のせいでしょうか？🤔

共感しかない！わかりみが深すぎます！ということが、言いたかったのです(,,- -,, )

あまね、限定品に激弱ですし、かなりお節介なので💧‬"
nc5c86cf2214ab,n082a7ff835c0,685d473fa4f471b5b9f52de0d570a2f0,さとりのさとり,kopailog,https://assets.st-note.com/production/uploads/images/226182676/profile_094199e7fa1bff58de5da5e07a1a43de.png?fit=bounds&format=jpeg&quality=85&width=330,2026-02-19T19:59:09.566+09:00,"ね、
どうしたって
どうしようもないことが
この世にはあるんですよね…

手を差し伸べても
その手を取る人と
その手を振り払う人がいる

どっちも悪くない
けど、
ちょっとだけ切なくもなりますね…"
nc73fe598f4228,n082a7ff835c0,9735e1bac7ba0bc5d0af33cf56157b08,enyo*えんよう🗝️,keyoflife_enyo,https://assets.st-note.com/production/uploads/images/240644209/profile_1ac1d8614044bc9c45db88b11d02d8f6.png?fit=bounds&format=jpeg&quality=85&width=330,2026-02-18T19:32:55.563+09:00,"よしひろさん
色々と身に染みながら読ませていただきました。今は個人的には弱さが好きかもです🌱

いつもマガジンへの掲載ありがとうございます🌷"
nc32e63f505862,n082a7ff835c0,15b07889aa53dbf10c9cb1b67625f4b4,rika🌷,meina_rikamizuki,https://assets.st-note.com/production/uploads/images/238910767/profile_373a9816961e0c2decd5f9e33be51347.png?fit=bounds&format=jpeg&quality=85&width=330,2026-02-18T18:56:25.382+09:00,"確かに……。
私もよくやってしまうんですよね💦
やっちゃってから、私が動かなくてもよかったかも。って思うこと良くあります😅
お節介なやつだって思われることも多いかもです💦
人間関係難しいよ〜(´；ω；｀)"
nc24e3e13abf86,n65bf0415b8f1,3a07bbf39f62dca69a000064efb4f859,ゆまま｜世帯年収400万で年間100万貯金をする主婦,noble_hare4289,https://assets.st-note.com/production/uploads/images/268073236/profile_2851b9702b1e202f0607cd443ad927e3.png?fit=bounds&format=jpeg&quality=85&width=330,2026-02-19T15:43:32.933+09:00,"よしひろさん
ちょっと早いですが、こんばんは🥃
ゆままです☺️
よしひろさんの記事に背中を押して頂き、私もちんたら🤭
してられないと頑張ってみようと
思いました。
いつもいつも応援して頂き🙇‍♀️🙇‍♀️
本当にありがとうございます✨

"
nc305fdac8cbba,n65bf0415b8f1,32a3d5ec7b1b7751c0635f2e47ea2b11,あん｜noteと遊ぶ,aging_gracefully,https://assets.st-note.com/production/uploads/images/238258843/profile_52f43522d9e7e75a12acd9d6da59035c.png?fit=bounds&format=jpeg&quality=85&width=330,2026-02-17T21:37:04.541+09:00,"よっしーさん
こんばんは！

Amazonアソシエイト、活用できていません。
前月からの繰越お知らせが延々続いています🤣

今度やってみます！"
nc4b6fd2a2f8ab,n65bf0415b8f1,6c7f7e8aa938f4a4c4b190840dc9c0a6,るこのみらい｜有料noteとCanvaで「できるかも」を育てるnote🌱,ruco3,https://assets.st-note.com/production/uploads/images/239032332/profile_819b5756c137702ccc9827a0eb88b347.png?fit=bounds&format=jpeg&quality=85&width=330,2026-02-17T21:15:47.951+09:00,"よしひろさん💕こんばんは♡

Amazonアソシエイト✨
私も挑戦しましたが、3ヶ月で通過できませんでした😅

去年は、なんせ「紹介」が苦手だったんですよね
記事紹介も今年は挑戦してるから
Amazonアソシエイトも再チャレンジしてみようかな💖"
ncc28fc90fcbc7,n65bf0415b8f1,9d5ac7b4035254be4c7041d0d10027d0,ミルフィーユ博士,human_squid3270,https://assets.st-note.com/production/uploads/images/248914876/profile_affcd1646b5754ce182636a651325274.jpeg?fit=bounds&format=jpeg&quality=85&width=330,2026-02-17T15:06:01.864+09:00,"こんにちは😃
新たな試みですね！
私も見習わなくては。。
おしゃれなよしひろさんが
また進化して行ってますね♡

そして、マガジンに記事の
紹介をして頂きありがとうございました😊
めちゃくちゃ嬉しい😆です♡
ありがとうございます😊"
nc9e5c8c1dd9fe,n65bf0415b8f1,15b07889aa53dbf10c9cb1b67625f4b4,rika🌷,meina_rikamizuki,https://assets.st-note.com/production/uploads/images/238910767/profile_373a9816961e0c2decd5f9e33be51347.png?fit=bounds&format=jpeg&quality=85&width=330,2026-02-16T23:25:20.443+09:00,"結構皆さん、Amazonアソシエイトはじめられてるんですね！！
でも、今後自分が始めたいなって思った時にとっても分かりやすく書いてあるので、参考にさせて頂きたいです🥹

もぅ！長いって書いてあったから身構えて読んだけど、スラスラ読めちゃって、ビックリしました☺️"
nca837de9b3d24,n65bf0415b8f1,dcaf51c5cb5c2c9724b67fec1c728544,みずか｜ほころんでは、ほどく。子どもとの日々から,mizuka__,https://assets.st-note.com/production/uploads/images/252096893/profile_487b0797252acba719f63d29347aa42a.jpeg?fit=bounds&format=jpeg&quality=85&width=330,2026-02-16T22:31:29.343+09:00,"審査通過、おめでとうございます〜🎊👏🏻
そして、いつかは自分も、と考えている人（僕みたいな🤓）にとって、とっても分かりやすい記事をありがとうございます🎵
大作、お疲れさまでした😌💐"
nc0959afd45f94,n65bf0415b8f1,f19d138b5f57bc35ca0f56f51ab37ac5,りーまむ,ri_mam,https://assets.st-note.com/production/uploads/images/186523962/profile_939af6d936ad6ca5456ee55e7d9d6404.jpeg?fit=bounds&format=jpeg&quality=85&width=330,2026-02-16T22:03:03.099+09:00,"丁寧すぎる親切なわかりやすい記事をありがとうこざいます〜（神〜✨✨）

この記事のリンクも先日の記事のとこに貼らせてくださいm(_ _)m

わたしみたいな、よくわからず始めちゃった（←ちゃんと読まないとなんですが💦）人への超・お役立ち記事です✨✨"
nc1294da26a0c9,ne79e22b8e5f7,dcaf51c5cb5c2c9724b67fec1c728544,みずか｜ほころんでは、ほどく。子どもとの日々から,mizuka__,https://assets.st-note.com/production/uploads/images/252096893/profile_487b0797252acba719f63d29347aa42a.jpeg?fit=bounds&format=jpeg&quality=85&width=330,2026-02-15T23:16:56.723+09:00,"ウイスキー🥃
僕も好きです🎵

アードベックは飲んだことないので、こんど試してみたいなぁ🤔🎵

なんだかんだで、僕の普段使いは、ジョニ黒に落ち着いております🥸"
ncf622bfd21795,ne79e22b8e5f7,f19d138b5f57bc35ca0f56f51ab37ac5,りーまむ,ri_mam,https://assets.st-note.com/production/uploads/images/186523962/profile_939af6d936ad6ca5456ee55e7d9d6404.jpeg?fit=bounds&format=jpeg&quality=85&width=330,2026-02-15T22:58:54.322+09:00,"ダイソーのグラスがなんだかお洒落に見えちゃう“よしひろさんマジック🪄”

ワインもそうですが、ウィスキーもどれがお気に入りか選べず😆

こちら、試してみようと思います🎵"
nc63b3e467d977,ne79e22b8e5f7,907edc26ecc556b380bd733caf94e5cc,JAU |  臨床検査技師×医療副業,jau_jau1001,https://assets.st-note.com/production/uploads/images/238898866/profile_b47389bc5953cb4d37cf45a1d4d208c2.png?fit=bounds&format=jpeg&quality=85&width=330,2026-02-15T22:49:32.727+09:00,"よしひろさん！こんばんは！
ついにウイスキーのお話を👏✨
しかも、ユーリカ！を持っているなんて羨ましい🥹✨

アードベッグは本当に美味しいですよね！
あの、アイラならではの海のピートが私もとても好きです🥃
"
ncc7795255402e,ne79e22b8e5f7,15b07889aa53dbf10c9cb1b67625f4b4,rika🌷,meina_rikamizuki,https://assets.st-note.com/production/uploads/images/238910767/profile_373a9816961e0c2decd5f9e33be51347.png?fit=bounds&format=jpeg&quality=85&width=330,2026-02-15T20:51:33.659+09:00,"私もよしひろさんと一緒で20代後半からしっかり飲むようになりました☺️

会社の忘年会や、友達との飲み会、弟の成人のお祝いとかでしか飲んだことなかったです💦
でも、いろんなお酒飲むの楽しいですよね😆"
ncf736e6740ed0,ne79e22b8e5f7,b0c63385960edb1d4955bd1295f6826d,にわにん,nai114,https://assets.st-note.com/production/uploads/images/256119074/profile_f32b1767095f55d75a67f5d4c4378e7e.jpg?fit=bounds&format=jpeg&quality=85&width=330,2026-02-15T20:41:34.286+09:00,"最高です😆
このウイスキー🥃の香りが気になります〜✨️"
nc9fd71ef1bf64,n7a522d2ac4cd,f19d138b5f57bc35ca0f56f51ab37ac5,りーまむ,ri_mam,https://assets.st-note.com/production/uploads/images/186523962/profile_939af6d936ad6ca5456ee55e7d9d6404.jpeg?fit=bounds&format=jpeg&quality=85&width=330,2026-02-14T23:27:39.482+09:00,"娘ちゃんからのチョコは、パパにとって格別ですよね🩷

ただ、思春期真っ只中の我が家の娘は、中学生になってチョコ作りを辞めちゃいました😢

代わりに息子がパパに🎁
（それはそれで、嬉しいものなのかしら・笑）"
ncc32e96a25412,n7a522d2ac4cd,32a3d5ec7b1b7751c0635f2e47ea2b11,あん｜noteと遊ぶ,aging_gracefully,https://assets.st-note.com/production/uploads/images/238258843/profile_52f43522d9e7e75a12acd9d6da59035c.png?fit=bounds&format=jpeg&quality=85&width=330,2026-02-14T22:38:22.706+09:00,"こんばんは🌉
かわいい💕
今は友チョコなのですね🍫"
ncff1da8ab3ad7,n7a522d2ac4cd,15b07889aa53dbf10c9cb1b67625f4b4,rika🌷,meina_rikamizuki,https://assets.st-note.com/production/uploads/images/238910767/profile_373a9816961e0c2decd5f9e33be51347.png?fit=bounds&format=jpeg&quality=85&width=330,2026-02-14T21:42:43.813+09:00,"おぉ～♡
良かったですね☺️

私も今から味が不安なティラミス一緒に食べますよ〜🍫✨️

私も父がいたときは毎年あげてました☺️
もちろん弟2人と母にも🤣
誰にももらえないと可哀想だからあげるよって渡してましたが、本当は美味しいって言ってもらいたくて渡しちゃうんですよね！笑"
ncebf66fcf1580,n7a522d2ac4cd,3a07bbf39f62dca69a000064efb4f859,ゆまま｜世帯年収400万で年間100万貯金をする主婦,noble_hare4289,https://assets.st-note.com/production/uploads/images/268073236/profile_2851b9702b1e202f0607cd443ad927e3.png?fit=bounds&format=jpeg&quality=85&width=330,2026-02-14T20:24:53.153+09:00,"よしひろさん☺️こんばんは
やっぱり優しい娘さんです♡♡
いちを…夫には
毎晩晩酌してるウィスキーより
ほんの少しだけ高いウィスキーを
🎁します
もちろん娘から夫には何もないです🤭"
ncae4c82cb56d6,n7a522d2ac4cd,318d0f2260033fed8c47ced01cacaec5,心の軌跡を届けるAyuna☆　誰かの勇気になるために,sasn,https://assets.st-note.com/production/uploads/images/241119400/profile_5d6f0f7bd87b0faeaf16702f2a48a204.png?fit=bounds&format=jpeg&quality=85&width=330,2026-02-14T19:41:29.331+09:00,"こんばんは🌃
私は夫にあげたチョコを一緒に食べました(笑)
バレンタイン前に食べたけど、今日もスーパーで買ってみんなで食べましたよ🐥"
nc00df336093a1,n1b64d95adbd8,3e75f4bb22e3e8ef5f47c76fce84ed47,鈴森よいほ｜AIコンテンツ/思想型クリエイター,yoiho25june,https://assets.st-note.com/production/uploads/images/242279897/profile_2db3d5cbd59beffac37a4fbff5a53902.png?fit=bounds&format=jpeg&quality=85&width=330,2026-02-16T14:27:32.094+09:00,"よしひろさん、こんにちは😊

素敵なMP回復時間、お裾分けありがとうございます🍹🍸✨"
nc36199a1ce321,n1b64d95adbd8,9d5ac7b4035254be4c7041d0d10027d0,ミルフィーユ博士,human_squid3270,https://assets.st-note.com/production/uploads/images/248914876/profile_affcd1646b5754ce182636a651325274.jpeg?fit=bounds&format=jpeg&quality=85&width=330,2026-02-15T14:01:23.397+09:00,"こんにちは😃
しっとりと大人バレンタインですね。
色っぽいです♡
私はチョコ味のミルクティーです☕️"
nc0bab9896cb08,n1b64d95adbd8,685d473fa4f471b5b9f52de0d570a2f0,さとりのさとり,kopailog,https://assets.st-note.com/production/uploads/images/226182676/profile_094199e7fa1bff58de5da5e07a1a43de.png?fit=bounds&format=jpeg&quality=85&width=330,2026-02-15T12:04:56.292+09:00,"おおおおっ！
相変わらずおしゃれだなぁ
あこがれー☝"
ncf1f701cf5fca,n1b64d95adbd8,907edc26ecc556b380bd733caf94e5cc,JAU |  臨床検査技師×医療副業,jau_jau1001,https://assets.st-note.com/production/uploads/images/238898866/profile_b47389bc5953cb4d37cf45a1d4d208c2.png?fit=bounds&format=jpeg&quality=85&width=330,2026-02-14T17:45:01.002+09:00,"よしひろさん！こんばんは♪

やっぱりオシャレなの飲んでますね‼︎
コーンウイスキーというところがまたオシャレ👏✨
さすがよしひろさん🙇‍♂️✨
大人の嗜みを見せていただき、こちらも癒されました☺️

インフルエンザも本当に流行していますので、よしひろさんもお気をつけてくださいね💦
"
ncbb9eda2b666a,n1b64d95adbd8,f19d138b5f57bc35ca0f56f51ab37ac5,りーまむ,ri_mam,https://assets.st-note.com/production/uploads/images/186523962/profile_939af6d936ad6ca5456ee55e7d9d6404.jpeg?fit=bounds&format=jpeg&quality=85&width=330,2026-02-13T22:02:16.550+09:00,"だいぶやられてますね、インフル😷

そういえば、明日はバレンタイン🩷誰かくれるかな〜🩷（←最近こどもたちが作るので、自分は用意しないことに・笑）

Bar記事、なにげに好きです
自分も行った気持ちになれる〜🎵
ビーフシチュー、食べたいなぁ😆"
nc52797213e456,n1b64d95adbd8,15b07889aa53dbf10c9cb1b67625f4b4,rika🌷,meina_rikamizuki,https://assets.st-note.com/production/uploads/images/238910767/profile_373a9816961e0c2decd5f9e33be51347.png?fit=bounds&format=jpeg&quality=85&width=330,2026-02-13T21:55:28.990+09:00,"いつものBar、めっちゃオシャレですよね😆💕
教えてもらったのに中々行けない……🤣
でも、本当に全部美味しそう(*´ω`*)
"
nc3ff9ea0e649f,n1b64d95adbd8,bede9bd0a510b6a3b89dcb460dd51ef5,ルルトアヤコ,lovely_coyote546,https://assets.st-note.com/production/uploads/images/264394551/profile_7d53e99488d218760c7f91157493e91b.png?fit=bounds&format=jpeg&quality=85&width=330,2026-02-13T21:44:16.903+09:00,"オシャレな感じでステキです💓💓

背景に映り込む、黒電話…レトロ感満載✨✨😻"
nce2c7403c272e,n1b64d95adbd8,332003894f1b0f8300cb58a93deadccd,如月ばたこ,genial_eider4564,https://assets.st-note.com/production/uploads/images/216844983/profile_a4eea94d9637b3a0b29bd35e2d82df22.png?fit=bounds&format=jpeg&quality=85&width=330,2026-02-13T21:37:57.689+09:00,"大人の男の息抜きですね！✨
どれも美味しそう🤤笑"
nc75b84014c886,n08c59d5fe01f,c2e1ab76ff09364371f0093d725cb338,Blue Ink,blue_ink,https://assets.st-note.com/production/uploads/images/25074512/profile_5677fc16aa3de1bf8c4c6e256b371f16.png?fit=bounds&format=jpeg&quality=85&width=330,2026-02-15T19:06:26.710+09:00,"よしひろ さん、こんばんは😃
マガジンへの登録、ありがとうございます😊

ちょっとでも、ほんの少しでも、ポジティブに進めれば、そして、それが積み重なっていけば、何かが変わる😼

そう勇気づけられる記事でした😆"
ncbccb99a0d3a2,n08c59d5fe01f,d58df56d72e51835fa8597640954d50b,道草ノート🌿ゆう,koya1970,https://assets.st-note.com/production/uploads/images/239663389/profile_49bb32f5cdb12b8a92a46112d883daf1.png?fit=bounds&format=jpeg&quality=85&width=330,2026-02-12T22:42:45.342+09:00,"『今日はいつもより
数分でも早く布団に入って。』いつもいつも早寝しなきゃと思っていてもできなかったけれど、よしひろさんのこの一文読んで、あ、もう横になろうって思って布団入りました🤭"
nca6ffb4c40a34,n08c59d5fe01f,9735e1bac7ba0bc5d0af33cf56157b08,enyo*えんよう🗝️,keyoflife_enyo,https://assets.st-note.com/production/uploads/images/240644209/profile_1ac1d8614044bc9c45db88b11d02d8f6.png?fit=bounds&format=jpeg&quality=85&width=330,2026-02-12T22:00:43.606+09:00,"よしひろさん、こんばんは🌙

スモールステップの私には、しっとり染み入る化粧水のような記事でした🧴✨
インフルも気をつけてたいですね😷

マガジンへの追加もありがとうございます🌈"
nc6861700f2751,n08c59d5fe01f,f7a0de6679f4a0f44b2bcdf07a5e923d,等身大のT-Pen,29toshi,https://assets.st-note.com/production/uploads/images/177030490/profile_6d3eed5ab769864ce923885f12ab2f34.png?fit=bounds&format=jpeg&quality=85&width=330,2026-02-12T20:50:56.582+09:00,"「そんなに遠くじゃなくてもよい」
共感しかないです😁

僕の場合、気合い入れて遠くのゴール設定し、設定した時点で息切れ。
または、途中でそのゴールに興味が無くなる。

近いゴール設定の方が小回りが効いて合っていたようなので、心がけていたところにこちらの記事を拝見して思わずコメントさせていただきました✨

素敵な記事をありがとうございますー"
ncadf59047940b,n08c59d5fe01f,15b07889aa53dbf10c9cb1b67625f4b4,rika🌷,meina_rikamizuki,https://assets.st-note.com/production/uploads/images/238910767/profile_373a9816961e0c2decd5f9e33be51347.png?fit=bounds&format=jpeg&quality=85&width=330,2026-02-12T20:41:18.579+09:00,"インフル流行ってるらしいですね💦
前の学童のあった小学校も今、学年閉鎖ばっかりらしいです……。
最近録画してるドラマとか見るのに忙しくて全くニュース見てなかったから、そんなに流行ってるの知らなかった🤣"
nc517b5de30455,nfc0b833a4999,c068f7865d8e0da6555ec8d5b896bf89,くすり。。,crystal_shine,https://assets.st-note.com/production/uploads/images/236251541/profile_ab33998a42f921a3d102004f1dc24467.png?fit=bounds&format=jpeg&quality=85&width=330,2026-02-21T11:07:20.739+09:00,"よしひろさん

こんにちは☀️
猫ちゃん、癒されました🐈💓

ありがとうございます✨


私は犬カフェでも、始めようかな？なんてね🐶"
ncbb9d9a115a26,nfc0b833a4999,981fabd5de074708dbb6aaf65ff99f04,musicat/おとねこ,real_phlox8176,https://assets.st-note.com/production/uploads/images/237713470/profile_2774fda1b9199e603d2c82ed8a8bc97d.png?fit=bounds&format=jpeg&quality=85&width=330,2026-02-14T00:50:44.068+09:00,"猫呼びました？
お菓子もいります？🐈️

今回もありがとうございます🌿
"
nc8b882648116a,nfc0b833a4999,bede9bd0a510b6a3b89dcb460dd51ef5,ルルトアヤコ,lovely_coyote546,https://assets.st-note.com/production/uploads/images/264394551/profile_7d53e99488d218760c7f91157493e91b.png?fit=bounds&format=jpeg&quality=85&width=330,2026-02-13T20:10:34.214+09:00,ネコ、🐈🐈‍⬛😻😹😿猫カフェ〜癒される〜〜😍💗ありがとう😊
nc9fbbcd4b420f,nfc0b833a4999,b35ca69ef58773c811ef27134634831b,ちびた,happy_emu3092,https://assets.st-note.com/production/uploads/images/192836207/profile_aa7eda04d33ab86b70e56f74b282b523.png?fit=bounds&format=jpeg&quality=85&width=330,2026-02-12T13:37:10.006+09:00,"猫カフェキターーーーーー！！
と思って入店しちゃいました(*^▽^*)

モフモフ天国、癒しの空間！！
最高です！！

最近SNSで「サモエドカフェ」なるものの画像が流れてきて
気になってます。

いや、でもやれってことじゃないですからね？！
あの、いや本当、違うんですよ！

「違うんですよ」って言うたび、
熱湯を前に「押すなよ？！」
って言ってるあの映像が脳内を流れてくるのはなぜだｗ

違うんですよ！！ｗ"
nce8edb3173a71,nfc0b833a4999,15b07889aa53dbf10c9cb1b67625f4b4,rika🌷,meina_rikamizuki,https://assets.st-note.com/production/uploads/images/238910767/profile_373a9816961e0c2decd5f9e33be51347.png?fit=bounds&format=jpeg&quality=85&width=330,2026-02-12T08:58:54.401+09:00,"今回も一緒にお茶できて楽しかったよ〜😊✨️
猫に癒された〜(=^・・^=)♥️

喫茶店記事気づけてよかったです🥹
たまに仲良しさんの有料note出てるの気づかないときがあって、最近出してないのかなー？ってその人のページに飛ぶと、あれ？出してる！！！ってなるのです……。Ω＼ζ°)ﾁｰﾝ"
ncc0125bbc91f3,nb7d26a011fc0,b35ca69ef58773c811ef27134634831b,ちびた,happy_emu3092,https://assets.st-note.com/production/uploads/images/192836207/profile_aa7eda04d33ab86b70e56f74b282b523.png?fit=bounds&format=jpeg&quality=85&width=330,2026-02-13T15:38:48.637+09:00,"おめでとうございます！

さすが、めっっちゃスピーディーに審査に合格されてて、本当すごいです！！＼(^o^)／

パーティーしなきゃですね！！✨"
ncfa8e766b9a63,nb7d26a011fc0,3e75f4bb22e3e8ef5f47c76fce84ed47,鈴森よいほ｜AIコンテンツ/思想型クリエイター,yoiho25june,https://assets.st-note.com/production/uploads/images/242279897/profile_2db3d5cbd59beffac37a4fbff5a53902.png?fit=bounds&format=jpeg&quality=85&width=330,2026-02-13T15:19:29.924+09:00,"よしひろさん、こんにちは☀️
アマゾンアソシエイト合格されたんですね🎉

わぁ🙌💕
良かった〜🥰
気になってたんです👀

安心しました🍀
これでじゃんじゃんAmazonでも稼いでくださいませ🤭

お礼に伺うのが遅くなりました。
いつもマガジン追加ありがとうございます🙇‍♀️
"
nc7ef2dff3ff49,nb7d26a011fc0,15b07889aa53dbf10c9cb1b67625f4b4,rika🌷,meina_rikamizuki,https://assets.st-note.com/production/uploads/images/238910767/profile_373a9816961e0c2decd5f9e33be51347.png?fit=bounds&format=jpeg&quality=85&width=330,2026-02-11T08:25:04.770+09:00,"わぁ〜！！
おめでとうございます🎉✨️

凄いです☺️
よしひろさんならいける！って変な期待が私のなかにあったので、本当に良かった〜！！✨️"
ncbdfe3c9ed4a2,nb7d26a011fc0,981fabd5de074708dbb6aaf65ff99f04,musicat/おとねこ,real_phlox8176,https://assets.st-note.com/production/uploads/images/237713470/profile_2774fda1b9199e603d2c82ed8a8bc97d.png?fit=bounds&format=jpeg&quality=85&width=330,2026-02-10T23:32:27.902+09:00,"よしひろさん、こんばんは🌙😃

えぇっ！審査合格するの早っ！
おめでとうございます( ^-^)ノ∠※。.:*:・'°☆
紹介の仕方がお上手なんです♪見習おう。うん。
私、一ヶ月半くらいかかったような…(笑)"
ncc9058aeebf77,nb7d26a011fc0,907edc26ecc556b380bd733caf94e5cc,JAU |  臨床検査技師×医療副業,jau_jau1001,https://assets.st-note.com/production/uploads/images/238898866/profile_b47389bc5953cb4d37cf45a1d4d208c2.png?fit=bounds&format=jpeg&quality=85&width=330,2026-02-10T21:27:59.069+09:00,"よしひろさん！こんばんは！
Amazonアソシエイト合格おめでとうございます🎉

なんか一瞬で合格しているような✨
凄すぎです👏✨

しかも、オレンジピールなんて最高のオツマミですね❣️私、大好きです🥳

そして、フォローもしてくださり本当に感謝しております🥹
これからも、よしひろさんの記事を拝見し、学ばせていただきます☺️
こちらもフォロバさせていただきます🙇‍♂️✨"
nc4d818a084d95,n8d0a2a1ed3f9,bede9bd0a510b6a3b89dcb460dd51ef5,ルルトアヤコ,lovely_coyote546,https://assets.st-note.com/production/uploads/images/264394551/profile_7d53e99488d218760c7f91157493e91b.png?fit=bounds&format=jpeg&quality=85&width=330,2026-02-13T06:33:32.923+09:00,"よしひろさん、いつもマガジンへの追加、ほんまにありがとうございます💖💖💝🙏


私もメール📩から、通知受け取って見てます❣️

懇切丁寧な説明記事、さすがです👍"
ncd069af4785d4,n8d0a2a1ed3f9,7fefc63f6dcaf5c2f9038cdaeb5b4a54,ルー＝シャーナ（ルーシャーナ）｜感覚をことばにする往復便,jolly_lupine2962,https://assets.st-note.com/production/uploads/images/239592709/profile_250d34144fa08d815200c316945962d1.png?fit=bounds&format=jpeg&quality=85&width=330,2026-02-09T20:47:44.292+09:00,"よしひろさん✨
はじめまして🌿
マガジン追加していただいて感謝です！

悲しいとき〜！記事購入のお礼メッセージが読めない時～😭
最近私も2回ほど同じことがあって、「えっ、なんで…」となっていたので、他にも同じ方がいらっしゃると知って少し安心しました。

とはいえ、見られないのはやっぱり悲しいですよね…！
私も通知まわりを整理して設定見直してみたほうがいいなと思いました。
良い記事をありがとうございます🌿"
ncec62b108f636,n8d0a2a1ed3f9,15b07889aa53dbf10c9cb1b67625f4b4,rika🌷,meina_rikamizuki,https://assets.st-note.com/production/uploads/images/238910767/profile_373a9816961e0c2decd5f9e33be51347.png?fit=bounds&format=jpeg&quality=85&width=330,2026-02-09T17:28:51.984+09:00,"よしひろさん！
メール設定面倒くさいな〜って思って触ってたら、アプリのマイページ隣の設定ボタン押して、購入履歴見たら
全部アプリで見れた！

なんか嬉しくて報告しました☺️🩷
午前中はよしひろさんからのお礼が読めないどうしよう〜って大騒ぎして、メッセージで送ってもらったのにごめんなさい|дﾟ)ﾁﾗｯ"
ncd46d098e1bc9,n8d0a2a1ed3f9,32a3d5ec7b1b7751c0635f2e47ea2b11,あん｜noteと遊ぶ,aging_gracefully,https://assets.st-note.com/production/uploads/images/238258843/profile_52f43522d9e7e75a12acd9d6da59035c.png?fit=bounds&format=jpeg&quality=85&width=330,2026-02-09T17:22:27.278+09:00,"よっしーさん
こんにちは♪

おかげさまで、メール設定したら便利です。
Gmailに変更もしたのですが、
今までより断然便利になりました！
最初からGmailにしていたら問題なかったのかもしれません😊
いつもありがとうございます。"
ncc2cd7e3cc83b,n84126d079255,4f0edd9c0bfaca74d478c80494b46b11,EARTH🌎,fast_thyme336,https://assets.st-note.com/production/uploads/images/235743359/profile_2740ccf3a53b6a5d717da6689f13e86e.png?fit=bounds&format=jpeg&quality=85&width=330,2026-02-09T20:03:48.691+09:00,良いですね💝
nc1eaa2f0a1a11,n84126d079255,83e5f78b9b7b83fe911db049b95a1d27,えびしま| AI×noteで生活に余白をつくる,emi_dh,https://assets.st-note.com/production/uploads/images/243764210/profile_e472159630049af76169c820dc45c9cb.png?fit=bounds&format=jpeg&quality=85&width=330,2026-02-09T06:41:02.059+09:00,"よしひろさん

１㌔練乳は独身だったら間違いなく購入していました。
欲しい・・

いちご狩り🍓いいですね✨
楽しそうです😊"
nc6a4aa6460db5,n84126d079255,32a3d5ec7b1b7751c0635f2e47ea2b11,あん｜noteと遊ぶ,aging_gracefully,https://assets.st-note.com/production/uploads/images/238258843/profile_52f43522d9e7e75a12acd9d6da59035c.png?fit=bounds&format=jpeg&quality=85&width=330,2026-02-08T22:57:03.958+09:00,"記事が更新されてる
途中経過を投稿する新スタイルなのですね。
色々されていて面白い🍓
"
ncb031e77a5d13,n84126d079255,15b07889aa53dbf10c9cb1b67625f4b4,rika🌷,meina_rikamizuki,https://assets.st-note.com/production/uploads/images/238910767/profile_373a9816961e0c2decd5f9e33be51347.png?fit=bounds&format=jpeg&quality=85&width=330,2026-02-08T11:20:09.320+09:00,"わかります💦
こっちもチラチラ降ってますよ〜☃️
同じ三重県だから、親近感湧きます！笑
でも、空が少しずつ明るくなってきました☺️

いちご🍓甘かったかな？
いちご狩りめっちゃ楽しそうですね😆"
nc3403542e9d01,n84126d079255,db9db39705617c94103dd751b1640a67,サポ　,bright_snipe9802,https://assets.st-note.com/production/uploads/images/222169516/profile_2a7b6d3c2b33da10eae02ca9624f294b.jpeg?fit=bounds&format=jpeg&quality=85&width=330,2026-02-08T10:56:31.968+09:00,"大きいですねー🍓🍓🍓

ハウスの中は暖かいのかしら？✨ごゆっくりー✨"
nc59a65f7517bf,n84126d079255,dcaf51c5cb5c2c9724b67fec1c728544,みずか｜ほころんでは、ほどく。子どもとの日々から,mizuka__,https://assets.st-note.com/production/uploads/images/252096893/profile_487b0797252acba719f63d29347aa42a.jpeg?fit=bounds&format=jpeg&quality=85&width=330,2026-02-08T10:51:26.606+09:00,"美味しそー🍓
雪がチラつくなかでのいちご狩りって新鮮ですね🎵"
ncdc3dc13b23cf,n84126d079255,c207127fa45a515b76f9ae050bd52112,ののさん🌸ゆっくりのんびり私らしいnote,ai1512take,https://assets.st-note.com/production/uploads/images/211922575/profile_2cfc1175f5e82a47ed7053885507759e.png?fit=bounds&format=jpeg&quality=85&width=330,2026-02-08T10:47:21.441+09:00,"美味しそうなイチゴがたくさんですね🍓
たくさん食べてきてください🤭💓"
nc2b4c10d0365b,n84126d079255,bede9bd0a510b6a3b89dcb460dd51ef5,ルルトアヤコ,lovely_coyote546,https://assets.st-note.com/production/uploads/images/264394551/profile_7d53e99488d218760c7f91157493e91b.png?fit=bounds&format=jpeg&quality=85&width=330,2026-02-08T10:39:42.417+09:00,"まさに、速報って、わかる記事👀

大阪も今、雪降ってきた~❄️🌨️

美味しそうなイチゴ🍓たち…お子さまも喜ばれたでしょうね〜

あと、暖かくして、お帰りください♪♪(*^^)o∀*∀o(^^*)♪"
ncf5a921a143c8,n84126d079255,685d473fa4f471b5b9f52de0d570a2f0,さとりのさとり,kopailog,https://assets.st-note.com/production/uploads/images/226182676/profile_094199e7fa1bff58de5da5e07a1a43de.png?fit=bounds&format=jpeg&quality=85&width=330,2026-02-08T10:34:07.610+09:00,"美味しそうな🤤
さとさんの定番コメントでした🍓

千葉は雪すごいっすよー⛄"
ncfcb25b172c5f,na32900da757d,f19d138b5f57bc35ca0f56f51ab37ac5,りーまむ,ri_mam,https://assets.st-note.com/production/uploads/images/186523962/profile_939af6d936ad6ca5456ee55e7d9d6404.jpeg?fit=bounds&format=jpeg&quality=85&width=330,2026-02-10T15:32:05.047+09:00,"あいかわらずのおしゃれさん🩷

そして、さらっとAmazonアソシエイトの審査をクリア✨

かっこよ〜〜〜"
nc1171de29ae7f,na32900da757d,b0c63385960edb1d4955bd1295f6826d,にわにん,nai114,https://assets.st-note.com/production/uploads/images/256119074/profile_f32b1767095f55d75a67f5d4c4378e7e.jpg?fit=bounds&format=jpeg&quality=85&width=330,2026-02-10T09:14:12.353+09:00,"おしゃれリーダー
もしくは番長。

その名がふさわしく感じられる
今日この頃です。

私にとっての
おしゃれの情報は
よしひろさんのノートからしか入ってきません。
また教えてください！
読んでるだけでレベルアップできるかもしれない。
ありがとうございます😆
"
nc48cb978bf5de,na32900da757d,bede9bd0a510b6a3b89dcb460dd51ef5,ルルトアヤコ,lovely_coyote546,https://assets.st-note.com/production/uploads/images/264394551/profile_7d53e99488d218760c7f91157493e91b.png?fit=bounds&format=jpeg&quality=85&width=330,2026-02-10T04:32:51.009+09:00,"おっしゃるように、服は試着するの、良いですね〜

カタログ通販とかで、モデルさんが着用されているのを見て購入して、自分が着用すると全くイメージと違う…そんなことありがちやもんねー

スタイルの良いモデルさんと、ちょっと、ん？な私とでは、雰囲気全くかわります😅

いつも、感じの良い文章書かれていて、勉強させてもらってます。

オシャレやわ〜よしひろさん😄"
nce5d57d2b63d8,nf9c58d62490d,bede9bd0a510b6a3b89dcb460dd51ef5,ルルトアヤコ,lovely_coyote546,https://assets.st-note.com/production/uploads/images/264394551/profile_7d53e99488d218760c7f91157493e91b.png?fit=bounds&format=jpeg&quality=85&width=330,2026-02-07T23:24:05.655+09:00,"よしひろさん💖

いつもありがとうございます💖💖💝

10万ビューおめでとうございます㊗️🎉🍾

こうして、きちんと自己開示しで、振り返りされてる所、見習います💖💖💝

ステキなとこやと、尊敬します💖💖💝"
nc518f5f9c2fbc,nf9c58d62490d,907edc26ecc556b380bd733caf94e5cc,JAU |  臨床検査技師×医療副業,jau_jau1001,https://assets.st-note.com/production/uploads/images/238898866/profile_b47389bc5953cb4d37cf45a1d4d208c2.png?fit=bounds&format=jpeg&quality=85&width=330,2026-02-07T19:15:44.816+09:00,"よしひろさん、こんばんは！
10万ビューおめでとうございます🎉

私もnote始めて1年くらいになりそうですが、この差🤣✨w
本当によしひろさんの言葉には楽しさがあり、説得力があり、とても尊敬しています🙇‍♂️✨

これからもよしひろさんを応援しています👍
いつも私の記事にスキを押していただき感謝しています♪"
ncce57080c33f8,nf9c58d62490d,4538b1bf2bc68bad9b44ee65b925e8d7,月花の雫 | 明日ってさ、月が欠けたら来ないよね～　人生の夜を照らすお供に,shiso_to_basil,https://assets.st-note.com/production/uploads/images/245061439/profile_d9fc767d436db3f445735f3499e44dea.jpg?fit=bounds&format=jpeg&quality=85&width=330,2026-02-07T16:13:42.329+09:00,"10万ビューおめでとうございます🎊
凄いですね✨
200記事も、その忙しさから思うと
中々奇跡的な数字に思えます

私は、始めたばかりの頃は
毎日何度もボード見てました
最近は数日に１回？

数字は嘘をつかない、って言いますもんね！

振り回され過ぎず指標として持っておくの

とても良い距離感😊

これからも楽しく続けて下さい🤗



"
ncaaf7ffbf08ee,nf9c58d62490d,1855ab43007be46a347e898053d57368,Viola,viola9836,https://assets.st-note.com/production/uploads/images/152908817/profile_5559a313443730e2c26f44c056f1ba4c.jpeg?fit=bounds&format=jpeg&quality=85&width=330,2026-02-07T13:31:39.389+09:00,"おめでとうございます㊗️
10万ビュー🎊　ここからまた次のステージへ、という一区切りですね。

今後も素敵な記事を発信なさってください🎶"
nc2273914fdb1d,nf9c58d62490d,3a07bbf39f62dca69a000064efb4f859,ゆまま｜世帯年収400万で年間100万貯金をする主婦,noble_hare4289,https://assets.st-note.com/production/uploads/images/268073236/profile_2851b9702b1e202f0607cd443ad927e3.png?fit=bounds&format=jpeg&quality=85&width=330,2026-02-07T13:02:50.684+09:00,"よしひろさん
ゆままです。
この度は、本当に
本当におめでとうございます✨🍻🍶
たくさんの方を幸せにする
よしひろさんのnote
ますますたくさんの方にみて頂けますように…
はじめて10万ビュー
みました。
改めておめでとう御座います✨🍾
"
nc861b7a77435c,nf9c58d62490d,3e75f4bb22e3e8ef5f47c76fce84ed47,鈴森よいほ｜AIコンテンツ/思想型クリエイター,yoiho25june,https://assets.st-note.com/production/uploads/images/242279897/profile_2db3d5cbd59beffac37a4fbff5a53902.png?fit=bounds&format=jpeg&quality=85&width=330,2026-02-07T05:55:00.951+09:00,"よしひろさん、おはようございます☀

10万ビューおめでとうございます🎊
200記事投稿も凄いですね✨

きっとますますよしひろさんのnote成長されるのでしょうね🌸

これからのご活躍と記事、楽しみに時々遊びに来ますね☺️"
nc1199381952c9,nf9c58d62490d,35032a872ef338f6bbc0a85288de5944,あまね〘ฅ՞•ﻌ•՞ฅฅ^•ﻌ•^ฅ〙,almabrillante,https://assets.st-note.com/production/uploads/images/238959793/profile_08b2cb438cc06577581118d317494042.png?fit=bounds&format=jpeg&quality=85&width=330,2026-02-06T23:13:27.791+09:00,"よしひろさん、こんばんは🌛*゜

充満、10万ビュー🤭ﾌﾌｯ
オヤジギャ……

あ、違う💦

10万ビューおめでとうございます！㊗️🎊👏😆"
nc06a8412ee80a,nf9c58d62490d,f70038deb9c5f3f87c2ee7969a2cf523,不屈の屈葬,fukutsunokussou,https://assets.st-note.com/production/uploads/images/228082209/profile_bc2555e2c34c9857d7b2291bb9e9cc80.png?fit=bounds&format=jpeg&quality=85&width=330,2026-02-06T23:08:22.296+09:00,"10万ビューおめでとうございます！！
すごい…！！
200本もすごい…！思わず自分の記事数えたら62本でした(笑)"
nc40534313bfd4,nf9c58d62490d,f19d138b5f57bc35ca0f56f51ab37ac5,りーまむ,ri_mam,https://assets.st-note.com/production/uploads/images/186523962/profile_939af6d936ad6ca5456ee55e7d9d6404.jpeg?fit=bounds&format=jpeg&quality=85&width=330,2026-02-06T23:00:10.096+09:00,"10万ビューおめでとうございます🎉

スクショに写ってる記事、
「あー、なつかしいなぁ」って思ってみてました。
全部読んでると思う😊

これからも楽しく読ませていただきますね🎵"
nc981ccde5adde,nf9c58d62490d,32a3d5ec7b1b7751c0635f2e47ea2b11,あん｜noteと遊ぶ,aging_gracefully,https://assets.st-note.com/production/uploads/images/238258843/profile_52f43522d9e7e75a12acd9d6da59035c.png?fit=bounds&format=jpeg&quality=85&width=330,2026-02-06T22:24:29.143+09:00,"10万ビューおめでとうございます㊗️
200記事投稿もおめでとうございます🎊🎉

よっしーさん
いつもゆるーく、やさしーく、学びのある記事ありがとうございます😊
その口調が親しみやすいのでしょうね〜
"
nc2d65004d15f1,nf9c58d62490d,0283b96a011b3d44c7b4ae6a1ed30ae9,営業fafa | note業界No.1営業マン,kohana1112,https://assets.st-note.com/production/uploads/images/231018078/profile_b3bbbe00a8972338d5f563a39e002d1b.png?fit=bounds&format=jpeg&quality=85&width=330,2026-02-06T21:16:55.273+09:00,"10万ビュープラス200記事おめでとうございます㊗️

ハイペース過ぎて尊敬です🫡

また勉強しに記事読みにいきますね。"
nc23018c683eb4,nf9c58d62490d,d58df56d72e51835fa8597640954d50b,道草ノート🌿ゆう,koya1970,https://assets.st-note.com/production/uploads/images/239663389/profile_49bb32f5cdb12b8a92a46112d883daf1.png?fit=bounds&format=jpeg&quality=85&width=330,2026-02-06T21:14:12.977+09:00,"よしひろさん
㊗️10万ビュー‼️
すごいです〜憧れます〜
(人*´∀`)✨"
nca8bc1a3333f5,nf9c58d62490d,82dd8717325a4e053e7ff44328dc343e,こみ,eager_pothos5160,https://assets.st-note.com/production/uploads/images/252617188/profile_69ef9a002680c34accae10879d9ef09e.png?fit=bounds&format=jpeg&quality=85&width=330,2026-02-06T18:26:55.047+09:00,10万ビュー達成、本当におめでとうございます🎉 10万という数字の大きさもさることながら、冷静に見るとスキ率とコメント率が「えぐい」ことになっていませんか！？（笑） 広く読まれつつ、ここまで深く愛されている証拠ですね。 PV以上に、そのエンゲージメントの高さを目標にさせていただきます！
ncb53b653cfff9,nf9c58d62490d,a790aa624dded68d048acf235b85cc3c,柴わんこ,shibawaka555,https://assets.st-note.com/production/uploads/images/238902723/profile_e9480392b9cdfa2e109591cf8bd585ee.png?fit=bounds&format=jpeg&quality=85&width=330,2026-02-06T17:07:56.742+09:00,よしひろさん、10万ビューと、200記事達成、おめでとうございます🎉キリの良い数字同士が近いと、なんだかすごく良いことが起きそうに私は感じます😆
nc57e2efc3fdfe,n793735f4b51c,1855ab43007be46a347e898053d57368,Viola,viola9836,https://assets.st-note.com/production/uploads/images/152908817/profile_5559a313443730e2c26f44c056f1ba4c.jpeg?fit=bounds&format=jpeg&quality=85&width=330,2026-02-07T13:46:37.841+09:00,"よしひろさん
新記事をマガジンへ追加していただき、ありがとうございました。

スキンケア凄〜い! 私より遥かに上をいくケアしていらっしゃる。
お洋服もそうですが、とても綺麗にしていらっしゃるのがよくわかります。

以前職場に、太っていて、脂ギッシュな肌質タイプの男性がいたのですが、完璧に小綺麗にしていてお洒落なので、清潔感を感じ、体型も全く気になりませんでした。
生き方って大事ですよねぇ"
ncc9cda956ff8e,n793735f4b51c,83e5f78b9b7b83fe911db049b95a1d27,えびしま| AI×noteで生活に余白をつくる,emi_dh,https://assets.st-note.com/production/uploads/images/243764210/profile_e472159630049af76169c820dc45c9cb.png?fit=bounds&format=jpeg&quality=85&width=330,2026-02-07T06:44:11.322+09:00,"よしひろさん

私もメラノCC使用しています😊

肌ツヤはいいと元気に見えるので、
スキンケア本当に大事ですよね！"
ncd6d054738575,n793735f4b51c,f19d138b5f57bc35ca0f56f51ab37ac5,りーまむ,ri_mam,https://assets.st-note.com/production/uploads/images/186523962/profile_939af6d936ad6ca5456ee55e7d9d6404.jpeg?fit=bounds&format=jpeg&quality=85&width=330,2026-02-06T23:02:54.937+09:00,"小綺麗な男性、すてきです✨✨

メラノCCでしたっけ（黄色のパッケージのやつ🟡）
息子が愛用してるものなので、
なんだか親近感わいちゃいました😊

"
nc29b9895ffb8e,n793735f4b51c,3e75f4bb22e3e8ef5f47c76fce84ed47,鈴森よいほ｜AIコンテンツ/思想型クリエイター,yoiho25june,https://assets.st-note.com/production/uploads/images/242279897/profile_2db3d5cbd59beffac37a4fbff5a53902.png?fit=bounds&format=jpeg&quality=85&width=330,2026-02-06T05:23:01.720+09:00,"よしひろさん、おはようございます。
えー！？私もっと頑張らねば🤣

若い頃は本当に気にして頑張っていたのですけど・・遠い目(´・ω・`)"
nc0e8c71473d9f,n793735f4b51c,9735e1bac7ba0bc5d0af33cf56157b08,enyo*えんよう🗝️,keyoflife_enyo,https://assets.st-note.com/production/uploads/images/240644209/profile_1ac1d8614044bc9c45db88b11d02d8f6.png?fit=bounds&format=jpeg&quality=85&width=330,2026-02-06T01:26:40.381+09:00,"よしひろさん
素晴らしいアイテムのラインナップに感動です💗

お肌やファッション含めて、自分の持たされたものを大切にする事は、何事にも通じる気がします。
忘れがちな私に""喝!""の記事でした😄

マガジンへの追加もありがとうございます✨
"
nc1222693e6d9e,n793735f4b51c,32a3d5ec7b1b7751c0635f2e47ea2b11,あん｜noteと遊ぶ,aging_gracefully,https://assets.st-note.com/production/uploads/images/238258843/profile_52f43522d9e7e75a12acd9d6da59035c.png?fit=bounds&format=jpeg&quality=85&width=330,2026-02-06T00:03:06.395+09:00,"よっしーさん
こんばんは🌛

なんと美男ビダン
奥さまと共有でなく？

アイテムしっかりするタイプなんですね😊"
ncef2d955eb984,n80903c3908b4,9d5ac7b4035254be4c7041d0d10027d0,ミルフィーユ博士,human_squid3270,https://assets.st-note.com/production/uploads/images/248914876/profile_affcd1646b5754ce182636a651325274.jpeg?fit=bounds&format=jpeg&quality=85&width=330,2026-02-07T04:41:28.052+09:00,"おはようございます😃
よしひろさん^ ^
マガジンに紹介して頂き
ありがとうございます😊
寝落ちしまして、🤭
嬉しくて早くしたかったのにぃ。

私は環境が変わる🟰不安　でして、、
でも、発想の転換、
そっか
新しい事の始まりなんですよね？
私も楽しみながら、
お仕事頑張りたいです♪

ありがとうございます♡"
nc06684665fe2b,n80903c3908b4,db9db39705617c94103dd751b1640a67,サポ　,bright_snipe9802,https://assets.st-note.com/production/uploads/images/222169516/profile_2a7b6d3c2b33da10eae02ca9624f294b.jpeg?fit=bounds&format=jpeg&quality=85&width=330,2026-02-05T18:50:25.996+09:00,"わー💦💦💦

激務ですねー🥹

脳みそが追いついていない=ストレス

確かに‼️です。

慣れてしまえばストレスではなくなること多いですもんね。
しかし、よしひろさんが激務の最中にもnote投稿やマガジン追加など、鉄人ですか？と思います。

【いつもマガジン追加ありがとうございます❣️
そっと手を合わせております🙏🙏🙏】

お身体に気をつけて、少しでも早く慣れることを祈っております❣️"
nccc4f0717dc55,n80903c3908b4,b35ca69ef58773c811ef27134634831b,ちびた,happy_emu3092,https://assets.st-note.com/production/uploads/images/192836207/profile_aa7eda04d33ab86b70e56f74b282b523.png?fit=bounds&format=jpeg&quality=85&width=330,2026-02-05T13:12:25.844+09:00,"新しい挑戦で、ワクワクゲットタイム降臨！
ということですね？！
わたしの大好物のワクワクが！ｗ

ワケが分からん……ていう状態は
絡まりまくった糸をほぐす行為に似ていますね(*^▽^*)

イライラしちゃう人も多いかもですが
わたしも実は「ほぐし名人になれてしまうのではないか」
とアップデートされた自分の未来にワクワクするたちですｗ"
nc08445dfd1c55,n80903c3908b4,32a3d5ec7b1b7751c0635f2e47ea2b11,あん｜noteと遊ぶ,aging_gracefully,https://assets.st-note.com/production/uploads/images/238258843/profile_52f43522d9e7e75a12acd9d6da59035c.png?fit=bounds&format=jpeg&quality=85&width=330,2026-02-04T15:32:16.219+09:00,"よっしーさん
こんにちは

noteの環境が変わったからなんでしょうか？
購入履歴にいただいていたメッセージが全部読めません😭😰😫
ショックすぎて、復活方法ありますか？"
nc9a0ae129481d,n80903c3908b4,bede9bd0a510b6a3b89dcb460dd51ef5,ルルトアヤコ,lovely_coyote546,https://assets.st-note.com/production/uploads/images/264394551/profile_7d53e99488d218760c7f91157493e91b.png?fit=bounds&format=jpeg&quality=85&width=330,2026-02-04T14:11:30.222+09:00,"よしひろさん🍀

記事のご紹介，ありがとうございます💖💖💝

私…先行申し込み…してたんかな？すっかり忘れてるんやけど…

だからあの、ポップアップきたのか〜〜謎やったんです，あれが来たのが🤭"
ncefaddcb04235,nc561c249ce56,bede9bd0a510b6a3b89dcb460dd51ef5,ルルトアヤコ,lovely_coyote546,https://assets.st-note.com/production/uploads/images/264394551/profile_7d53e99488d218760c7f91157493e91b.png?fit=bounds&format=jpeg&quality=85&width=330,2026-02-05T10:00:36.299+09:00,"真似できへんわ、性格的に🤣

でもね、少しでも🤏学ばせて頂きたく思いますねー♪いつも刺激と学びをありがとうございます💖💖💝

まずはpc💻いるかも…私の場合…💦🤣

あ、それからいつもマガジンへの追加にめっちゃ感謝しとります🙏🙏

ありがとうございます💖💖💝😭😊"
nc51a3d3fc3ac6,nc561c249ce56,a22107a59de6e3303ee2b624b3e0858a,Imbue（インビュー）/文筆家/発達凸凹育児,imbue_kaleid,https://assets.st-note.com/production/uploads/images/250421889/profile_b0f56720aebb6d8ee14055b266debfc4.png?fit=bounds&format=jpeg&quality=85&width=330,2026-02-04T21:07:14.928+09:00,"よしひろさん、こんばんは✨
私がよしひろさんから学んだことは、読者の方に語りかけるように文章を書くということです♡

今回も、疲れた時に「あ、ポチッとしよう」とこんな感じで、気づいたらよしひろさんの記事を購入してました🤣
いや〜、noteって、恐ろしいですね〜😂
よしひろさんの天性の魅力ですね✨👏"
nc9098806960a5,na2fcec7acebd,f19d138b5f57bc35ca0f56f51ab37ac5,りーまむ,ri_mam,https://assets.st-note.com/production/uploads/images/186523962/profile_939af6d936ad6ca5456ee55e7d9d6404.jpeg?fit=bounds&format=jpeg&quality=85&width=330,2026-02-10T15:30:16.414+09:00,"超、お役立ち記事、
ありがとうございます😊　

本の紹介をしたくて、
しれっと登録してみたのですが…

その商品を買ってもらわなくても
よいのですね〜
それは知りませんでした🫢

気づいたら180日すぎて、
取り消されちゃいそうだけど、
知れて良かったです✨✨
"
nc2174f5c66803,na2fcec7acebd,6c7f7e8aa938f4a4c4b190840dc9c0a6,るこのみらい｜有料noteとCanvaで「できるかも」を育てるnote🌱,ruco3,https://assets.st-note.com/production/uploads/images/239032332/profile_819b5756c137702ccc9827a0eb88b347.png?fit=bounds&format=jpeg&quality=85&width=330,2026-02-05T21:35:51.169+09:00,"よしひろさん💕こんばんは♡

選挙風のお願いコール！
いいですね👍👍
面白い♡

私も、Amazonアソシエイトしていたんですが
なんか、紹介が下手で😅
3ヶ月過ぎちゃいました💧

紹介が上手な方、いますよね！
お話の流れが良くて、
ちょうどそこにリンクが貼ってある♡

そりゃ〜買っちゃうよね！
って記事を読んだことあります😄

その方は、アソシエイト専門みたいで
「今日も紹介してくれてありがとう」
みたいなコメントが入っていました💕

感謝されて、収益化できれば
こんな嬉しいことはありませんね💕"
nccef01a482cc0,na2fcec7acebd,faeb26551a4184f8e72a813dc95d7b2d,杉村玲｜FP1級｜フリマ断捨離｜書籍紹介,2arms,https://assets.st-note.com/production/uploads/images/245975646/profile_8360be6f5033e4befece5ba8d531e29b.png?fit=bounds&format=jpeg&quality=85&width=330,2026-02-05T08:31:21.472+09:00,"よしひろさん、はじめまして。
オーダージャケット系の記事が充実していたので、楽しませていただきました。
ちなみに私はSADAでオーダーしてますが、ジャケよりはスーツがメインみたいです。
アソ登録も拝見しましたので、昨日、微力ながら応援のつもりでリンク経由でキンドル本を購入してみました。
本審査、無事通過されますように。noteでのご活躍も応援しています。"
nc688dbe6522a6,na2fcec7acebd,bede9bd0a510b6a3b89dcb460dd51ef5,ルルトアヤコ,lovely_coyote546,https://assets.st-note.com/production/uploads/images/264394551/profile_7d53e99488d218760c7f91157493e91b.png?fit=bounds&format=jpeg&quality=85&width=330,2026-02-04T21:35:40.783+09:00,"よしひろさん、立春のよき日に、始められたのですね〜👏👏👏新しいチャレンジ🌸🌸

私もなんやかや頑張ります🫣

あ、いつもマガジン追加に感謝、感激雨あられで❤️

ありがとうございます💖💖💝"
nc27abe3007923,na2fcec7acebd,332003894f1b0f8300cb58a93deadccd,如月ばたこ,genial_eider4564,https://assets.st-note.com/production/uploads/images/216844983/profile_a4eea94d9637b3a0b29bd35e2d82df22.png?fit=bounds&format=jpeg&quality=85&width=330,2026-02-04T19:07:36.506+09:00,"うわぁ〜やってみたい🤑笑

手順がわかりやすすぎて🤦‍♀️
やるっきゃないね💪笑

それに洗顔が私と一緒ッッッ🙌


いつもマガジンへの追加
ありがとうございます🙏✨"
nc5a0b8df0619c,na2fcec7acebd,3e75f4bb22e3e8ef5f47c76fce84ed47,鈴森よいほ｜AIコンテンツ/思想型クリエイター,yoiho25june,https://assets.st-note.com/production/uploads/images/242279897/profile_2db3d5cbd59beffac37a4fbff5a53902.png?fit=bounds&format=jpeg&quality=85&width=330,2026-02-03T17:16:22.116+09:00,"よしひろさん、こんにちは。
Amazonアソシエイト気になっているのですけど、私はめんどくさくて🤣

タイミング良く、私の記事で紹介した「ママゾン」の伊勢うどん。
もっと食べたくて、セットを本家(笑)Amazonで見つけたので購入してみました。

よしひろさんの記事の洗顔フォームから飛んだのですけど、うまくカウントされるでしょうか👀

無事、チャレンジ成功しますように☺️
"
nc81ae51eebceb,na2fcec7acebd,d58df56d72e51835fa8597640954d50b,道草ノート🌿ゆう,koya1970,https://assets.st-note.com/production/uploads/images/239663389/profile_49bb32f5cdb12b8a92a46112d883daf1.png?fit=bounds&format=jpeg&quality=85&width=330,2026-02-03T16:47:58.356+09:00,よしひろさんの真似っこして私もnoteでAmazonアソシエイト始めますっ！って宣言しちゃおかな😆
nc937bf841caca,na2fcec7acebd,32a3d5ec7b1b7751c0635f2e47ea2b11,あん｜noteと遊ぶ,aging_gracefully,https://assets.st-note.com/production/uploads/images/238258843/profile_52f43522d9e7e75a12acd9d6da59035c.png?fit=bounds&format=jpeg&quality=85&width=330,2026-02-02T23:09:12.714+09:00,"よっしーさん、こんばんは！
面白いですね
呼びかけられたら、ついクリックしてしまう感じ
商売上手ぅ〜

アマゾンアソシエイトだと思うんです私。
noteでよく見かけるので確認したら、そうみたいでした。
全く活用していません。
でもいつかちゃんとトライしてみたいです！！

"
ncf9880f2f67ab,na2fcec7acebd,d2a137a40f986380ae27c967dc9269f5,村田 裕樹,murata_ssj,https://assets.st-note.com/production/uploads/images/166304423/profile_e1b87dd893d1eabd48db8d58723ee4b0.jpg?fit=bounds&format=jpeg&quality=85&width=330,2026-02-02T22:45:26.178+09:00,"Amazonアソシエイトは、正直結構難しいですね💦
お気持ち程度の収益にしかならず、圧倒的ビュー数がないとなかなか難しい。
あとは有料記事でも書いたのですが、紹介したい商品というより利率がいいとか今売れている商品とかでないとなかなか厳しいかなと思っています。
上手くいったら教えてくださいｗ"
ncf6bb534cfc11,na2fcec7acebd,24d060d3818b37a5dde84ee51a735c45,金田まり|スタートアップ&起業支援してるワーママ,alive_sheep6563,https://assets.st-note.com/production/uploads/images/267547136/profile_058271d3689074a31099e0ff4810c782.png?fit=bounds&format=jpeg&quality=85&width=330,2026-02-02T19:36:50.132+09:00,"Amazonアソシエイト、こないだ審査落ちたんで不貞腐れてます🤣
審査の通過、応援してます😆"
ncc76db78ee39e,n22b3398eb365,c068f7865d8e0da6555ec8d5b896bf89,くすり。。,crystal_shine,https://assets.st-note.com/production/uploads/images/236251541/profile_ab33998a42f921a3d102004f1dc24467.png?fit=bounds&format=jpeg&quality=85&width=330,2026-02-10T12:14:01.174+09:00,"よしひろさん

こんにちは☀️
ホイップクリームミックス！
そんなのあるんだ🤩

生クリーム買いに行くの、めんどくさいですね💦

私も、甘いもの好きです❤️

所で、ちょっと相談が…
この美味しそうな記事ですが・・

私の新しい挑戦記事に、この記事とよしひろさんを巻き込んでもよろしいでしょうか？
よしひろさんは、なんもしなくて構わないですよー🍀
私が巻き込むだけなので…

と、言いながら初めての挑戦でかなり、ドキドキしています。"
ncacac022de2c9,n22b3398eb365,60af86876c822049da9dc1e15d557e95,みつば,royal_swift7266,https://assets.st-note.com/production/uploads/images/241638421/profile_7d19e63756f37680f5dfda690a5732a4.png?fit=bounds&format=jpeg&quality=85&width=330,2026-02-04T20:27:28.796+09:00,"こんばんは！
ホイップクリームミックス、あるのですね！！！以前私の記事でホイップクリームミックスがないか話していたのを思い出しつつ読んでいました👀
これなら保存が効くし置いとくのは便利そうです。今度カルディ行った時、こちらも見てみます👌"
nc662f1e4effeb,n22b3398eb365,24ae8442856f6e3b72ae8eee40690c51,Mie,genial_cat129,https://assets.st-note.com/production/uploads/images/259954001/profile_5d311f6904fdf72781a68dbd8a987133.png?fit=bounds&format=jpeg&quality=85&width=330,2026-02-02T02:25:56.750+09:00,"よしひろさん
ああ！
口の中をクリームでいっぱいにしたい✨✨✨
７０ｋｇ切れたら食べる❣️
パンケーキのせたお皿がめっちゃ
かわいいです💕
ありがとうございます😊
"
nc14b38e548386,n22b3398eb365,f70038deb9c5f3f87c2ee7969a2cf523,不屈の屈葬,fukutsunokussou,https://assets.st-note.com/production/uploads/images/228082209/profile_bc2555e2c34c9857d7b2291bb9e9cc80.png?fit=bounds&format=jpeg&quality=85&width=330,2026-02-01T22:42:16.650+09:00,"読みながら「その手間かけるなら生クリームでよくね？」って思ってたら、よしひろさん自身が突っ込んでて笑いました。
スプレータイプも便利ですよね。コストコ（多分）で買った記憶があります。"
nccfd0f2234374,n22b3398eb365,9735e1bac7ba0bc5d0af33cf56157b08,enyo*えんよう🗝️,keyoflife_enyo,https://assets.st-note.com/production/uploads/images/240644209/profile_1ac1d8614044bc9c45db88b11d02d8f6.png?fit=bounds&format=jpeg&quality=85&width=330,2026-02-01T16:53:02.134+09:00,"よしひろさん、こんにちは😊

見るからに美味しそうな絵ヂカラですね😻
日曜日のちょうどよい時間に読ませていただき、とってもほっこりしました🧁☕️

マガジンへの追加もありがとうございます✨
"
ncc9b51e33200a,n22b3398eb365,318d0f2260033fed8c47ced01cacaec5,心の軌跡を届けるAyuna☆　誰かの勇気になるために,sasn,https://assets.st-note.com/production/uploads/images/241119400/profile_5d6f0f7bd87b0faeaf16702f2a48a204.png?fit=bounds&format=jpeg&quality=85&width=330,2026-02-01T14:20:38.222+09:00,"こんにちは～✴️
私の本日のおやつは、抹茶のテリーヌです😊
こたつむりになって、まったりしています🙋
ホイップ簡単で美味しそうですね😆"
nc69502163e261,nb7d0a78baa69,fe59b545bc8952b237468a815de22023,おりきゅう｜適応障害×折り紙CUBE×AI→復職,origami_cube_std,https://assets.st-note.com/production/uploads/images/260982773/profile_50e5653d2367ce9a7319384019ddb182.png?fit=bounds&format=jpeg&quality=85&width=330,2026-02-02T19:56:14.225+09:00,"よしひろさん

おしゃれでかっこいい上着ですね。
私はこういう上着はもってないです^^;

上着の話ではないですが、
身長170cm、体重62kg！！
私とほぼ一緒！（一応、私は171cmです！）"
ncb169c0ccd336,nb7d0a78baa69,318d0f2260033fed8c47ced01cacaec5,心の軌跡を届けるAyuna☆　誰かの勇気になるために,sasn,https://assets.st-note.com/production/uploads/images/241119400/profile_5d6f0f7bd87b0faeaf16702f2a48a204.png?fit=bounds&format=jpeg&quality=85&width=330,2026-02-01T14:11:44.890+09:00,"こんにちは～
バブアーのダウンが真冬の定番です🙋
リーバイスコラボのデニム、GETしましたよ～😆
チラッと見える裏地のチェックが可愛いです🎵"
ncbe99a685d1a9,nb7d0a78baa69,82dd8717325a4e053e7ff44328dc343e,こみ,eager_pothos5160,https://assets.st-note.com/production/uploads/images/252617188/profile_69ef9a002680c34accae10879d9ef09e.png?fit=bounds&format=jpeg&quality=85&width=330,2026-02-01T00:35:39.914+09:00,"楽しく拝読しました！

ちょうどバブアーのストック記事を書いていたタイミングだったので、「同志がいる！」と嬉しくなってコメントしまいました💦

昨今はノンオイルの綺麗なバブアーも増えましたが、やはり「ガチのオイルド」が持つオーラは別格ですね✨リペアして絆を深めていく……。 そのバブアー愛、格好良いと感じました❗️"
nc4d9f8294e348,n5fd7c492446d,24d060d3818b37a5dde84ee51a735c45,金田まり|スタートアップ&起業支援してるワーママ,alive_sheep6563,https://assets.st-note.com/production/uploads/images/267547136/profile_058271d3689074a31099e0ff4810c782.png?fit=bounds&format=jpeg&quality=85&width=330,2026-02-05T21:29:12.114+09:00,"アムールショコラ、激混みだけど行くと楽しいんですよね😊
またいきたいです。"
nc58f42ab29b75,n5fd7c492446d,290f76d99eb40b676ce764b1c2a200e3,Takanashi（たかなし）,takanashi_note01,https://assets.st-note.com/production/uploads/images/235786177/profile_d3248e02f9810e16a0daf3e4a02bee0b.png?fit=bounds&format=jpeg&quality=85&width=330,2026-01-31T17:47:53.362+09:00,"チョコレートのフェア、色々なチョコレートがあるので、大好きな場所です。
男性一人であろうが、周りの目を気にすることなく入るタイプなので、吟味して購入しています。
そんな私ですが、実は酸味のあるものが苦手で……炭酸酢にカカオの風味、これは猫除けレベルに猛ダッシュで離れるようなものだと、直感しました。
予想通り、味の方はノーコメントとのことで……これだけは買わないよう、頭にインプットしておきます。"
ncbb4b2d62fdd3,n5fd7c492446d,73ee01c7e2de034c5a175d026421c266,スイカの子,merry_sorrel8816,https://assets.st-note.com/production/uploads/images/243607727/profile_6c9abdd12417168840b7c0f2ef6772ab.jpeg?fit=bounds&format=jpeg&quality=85&width=330,2026-01-31T07:37:53.612+09:00,"よしひろさん、おはようございます😊
美味しそうな惹かれるお菓子ばかり😍

チョコ、、炭酸、、
私も飲んだら『うーん、、、』となってしまうかもです😂😂"
nc90a90833435b,n5fd7c492446d,f19d138b5f57bc35ca0f56f51ab37ac5,りーまむ,ri_mam,https://assets.st-note.com/production/uploads/images/186523962/profile_939af6d936ad6ca5456ee55e7d9d6404.jpeg?fit=bounds&format=jpeg&quality=85&width=330,2026-01-31T00:11:13.518+09:00,"最後のチョコソーダは…

さすがにチョコ好きのわたしでも、
ちょっと遠慮したい🤣

他はおいしそうに見えたのだけど、
惨敗なんですね👀
残念😢
"
nc8c59d78a7705,na19d431a2ba9,d0c5765a47753e17543a7b9179cf317e,m o k a   ,crisp_rabbit1664,https://assets.st-note.com/production/uploads/images/244970963/profile_70498c82f9b680f43cff864d5947e3da.jpeg?fit=bounds&format=jpeg&quality=85&width=330,2026-02-03T10:01:08.935+09:00,"よしひろさん

マガジン追加
いつもありがとうございます♪

コングラボード たくさん✨
すごい　

おめでとうございます♪🎉✨

"
nc0cc55e31c3be,na19d431a2ba9,1855ab43007be46a347e898053d57368,Viola,viola9836,https://assets.st-note.com/production/uploads/images/152908817/profile_5559a313443730e2c26f44c056f1ba4c.jpeg?fit=bounds&format=jpeg&quality=85&width=330,2026-02-02T07:05:50.712+09:00,"よしひろさん
新記事をお読みいただき、マガジンへの追加していただき、ありがとうございました。

コングラボード凄いですね✨✨
こんなにまとめて拝見したのは初めてです。
コンスタントに出されていて驚きました。
そして表彰もおめでとうございます🎊"
nc0a1058afd80e,na19d431a2ba9,3a07bbf39f62dca69a000064efb4f859,ゆまま｜世帯年収400万で年間100万貯金をする主婦,noble_hare4289,https://assets.st-note.com/production/uploads/images/268073236/profile_2851b9702b1e202f0607cd443ad927e3.png?fit=bounds&format=jpeg&quality=85&width=330,2026-01-31T18:41:45.120+09:00,"よしひろさん

3人の子育てママ➕猫から
名前を短くした、

ゆままです
よしひろさん！！
おめでとうございます🎉㊗️㊗️㊗️✨
こんなにもこんなにもたくさんのコングラボーを！！本当にすごいです
でもよしひろさんなら、
こんなに表彰されることが、わかります🧡🧡🧡
🍻🍻🍻🍻🍻
ビールで大丈夫でしたか？🤭

お仕事でもご活躍されてること
本当にすごいです
おめでとうございます
これからますますのご活躍お祈りもうしあげます

いつも、マガジンで応援頂き、本当にありがとうございます。

"
nc5e7c738cdff8,na19d431a2ba9,24ae8442856f6e3b72ae8eee40690c51,Mie,genial_cat129,https://assets.st-note.com/production/uploads/images/259954001/profile_5d311f6904fdf72781a68dbd8a987133.png?fit=bounds&format=jpeg&quality=85&width=330,2026-01-30T19:39:13.691+09:00,"よしひろさん
全部並べて圧巻ですね‼️
コングラボード獲得
誠におめでとうございます🎊
めでたい、めでたい㊗️㊗️㊗️
思いっきり喜びましょう😆✨
いつもありがとうございます😊"
nce35caec3a5fd,na19d431a2ba9,15b07889aa53dbf10c9cb1b67625f4b4,rika🌷,meina_rikamizuki,https://assets.st-note.com/production/uploads/images/238910767/profile_373a9816961e0c2decd5f9e33be51347.png?fit=bounds&format=jpeg&quality=85&width=330,2026-01-29T20:29:29.652+09:00,"こんばんは🌙✨️

わぁ〜😆
たくさん、おめでとうございます🎉✨️"
nc1829dc2b9e65,n72b6bda8215c,bc18c45daaece1b8d5576deddda5ac86,結帆の『こっそり神様手帖』もやもやと向き合う旅,kossori_yuiho,https://assets.st-note.com/production/uploads/images/240031849/profile_7854c9105574b670611368744a7e087a.png?fit=bounds&format=jpeg&quality=85&width=330,2026-03-15T23:16:12.876+09:00,"よしひろさん、こんばんは。

有料記事＝答えを持った記事
無料記事＝探してる途中の声

常に心の中を書いている私には、これがわかりやすい答えでした🩷

あと、noteで頂いたり使ったお金が循環することは、わかりつつあります。
そこをしっかり腑に落とせるようにしていきたいです😊
"
nc67c2a434f3a4,n72b6bda8215c,dcaf51c5cb5c2c9724b67fec1c728544,みずか｜ほころんでは、ほどく。子どもとの日々から,mizuka__,https://assets.st-note.com/production/uploads/images/252096893/profile_487b0797252acba719f63d29347aa42a.jpeg?fit=bounds&format=jpeg&quality=85&width=330,2026-02-06T23:38:07.947+09:00,"よしひろさん、こんばんは🤗

今回の記事、そして盛りだくさんなメッセージもありがとうございました😆
（よしひろさんのエネルギーの高さにあらためて感服🎉）

なんだかね、だんだんと自分のnoteへのリキみがとれていくのがわかります🤤

いただいた言葉たちや雰囲気を、引き続き反芻しながら、noteを楽しみたいと思います🥳"
nc0ac6f9b9ccf4,n72b6bda8215c,bede9bd0a510b6a3b89dcb460dd51ef5,ルルトアヤコ,lovely_coyote546,https://assets.st-note.com/production/uploads/images/264394551/profile_7d53e99488d218760c7f91157493e91b.png?fit=bounds&format=jpeg&quality=85&width=330,2026-02-01T20:28:21.016+09:00,"よしひろさん、そんなに、有料売れてるんや！！羨ましいなぁ…

そして、同じ時期に、note始めてるんやったね！

ワタシも、頑張らないと〜😆"
nca2f2f77d9d35,n72b6bda8215c,a22107a59de6e3303ee2b624b3e0858a,Imbue（インビュー）/文筆家/発達凸凹育児,imbue_kaleid,https://assets.st-note.com/production/uploads/images/250421889/profile_b0f56720aebb6d8ee14055b266debfc4.png?fit=bounds&format=jpeg&quality=85&width=330,2026-01-30T06:46:19.864+09:00,"よしひろさん、素敵な記事に癒されました✨
最初は「売らなきゃ！」と意気込んでいたnoteですが、無料でも皆さんと繋がることの方が価値があると、やっと気づきました🤣

今のところ、よしひろさんを含め、温厚なユーザーさんばかりなので、noteはとても心地いいです♡"
ncb405a297734c,n72b6bda8215c,32a3d5ec7b1b7751c0635f2e47ea2b11,あん｜noteと遊ぶ,aging_gracefully,https://assets.st-note.com/production/uploads/images/238258843/profile_52f43522d9e7e75a12acd9d6da59035c.png?fit=bounds&format=jpeg&quality=85&width=330,2026-01-29T09:58:06.477+09:00,"こんにちは♡
本でも作家書いするので、その感覚ですかね
応援（相手のため）ではなくて、推し活（自分のため）での購入です、よっしーさんのnoteは。
３つの買う理由、同意します。まさしくソレです！
もちろん応援だったり、お世話になっている、というのもありますけど。
買ったら新発見！という感覚で、そこからファンになっていったり、面白いですよね。"
nc07f6566741cd,n72b6bda8215c,907edc26ecc556b380bd733caf94e5cc,JAU |  臨床検査技師×医療副業,jau_jau1001,https://assets.st-note.com/production/uploads/images/238898866/profile_b47389bc5953cb4d37cf45a1d4d208c2.png?fit=bounds&format=jpeg&quality=85&width=330,2026-01-28T23:17:35.106+09:00,"よしひろさん、こんばんは！
とても、よしひろさんのまとめに全てが詰まっていると感じました👏✨
まさに、これがあるから無料記事と有料記事という分け方があるのだと感じました☺️
これからも応援しています🥳"
nc81825b11627b,n72b6bda8215c,15b07889aa53dbf10c9cb1b67625f4b4,rika🌷,meina_rikamizuki,https://assets.st-note.com/production/uploads/images/238910767/profile_373a9816961e0c2decd5f9e33be51347.png?fit=bounds&format=jpeg&quality=85&width=330,2026-01-28T20:50:10.983+09:00,"めっちゃ参考になりました！
よしひろさん、いつも素敵な学びをありがとうございます😊✨️
私は、よしひろさん大好きですよ〜🩷
いつもお礼メッセージでたくさんお話してくれてありがとです🙏✨️
"
nc9e4391e7a19d,n422a5d387662,bede9bd0a510b6a3b89dcb460dd51ef5,ルルトアヤコ,lovely_coyote546,https://assets.st-note.com/production/uploads/images/264394551/profile_7d53e99488d218760c7f91157493e91b.png?fit=bounds&format=jpeg&quality=85&width=330,2026-01-30T07:49:01.695+09:00,ええ？経費？そこまで、考えになかった…いつも色々教えて下さり、またマガジンの追加もありがとうございます💖💖💝
nce973beaf9f8b,n422a5d387662,9d5ac7b4035254be4c7041d0d10027d0,ミルフィーユ博士,human_squid3270,https://assets.st-note.com/production/uploads/images/248914876/profile_affcd1646b5754ce182636a651325274.jpeg?fit=bounds&format=jpeg&quality=85&width=330,2026-01-29T00:43:02.609+09:00,"よしひろさん(*'▽'*)
マガジンに仲間入りありがとうございます😊
自分で、忘れそうな記事、、
忘れないで？って言われたような
気持ちです(´∀｀*)
いつもありがとうございます😊

noteも買ったりすれば、
それだけ発生するんですね。。
無知でした。。"
nccd3336e568b5,n422a5d387662,a22107a59de6e3303ee2b624b3e0858a,Imbue（インビュー）/文筆家/発達凸凹育児,imbue_kaleid,https://assets.st-note.com/production/uploads/images/250421889/profile_b0f56720aebb6d8ee14055b266debfc4.png?fit=bounds&format=jpeg&quality=85&width=330,2026-01-27T20:44:48.941+09:00,"よしひろさん、こんばんは✨
noteってどこまで経費になるのかといつも悩んでます😅

こういう手続きって、もっと簡単だったらいいのになあ😭

よしひろさんはお仕事しながらnoteの経費まで考えていらっしゃるから、大変ですよね💦"
nc4910cb8421e6,n422a5d387662,f19d138b5f57bc35ca0f56f51ab37ac5,りーまむ,ri_mam,https://assets.st-note.com/production/uploads/images/186523962/profile_939af6d936ad6ca5456ee55e7d9d6404.jpeg?fit=bounds&format=jpeg&quality=85&width=330,2026-01-27T20:11:38.322+09:00,そっか、買ってるnoteは経費になるのか〜。そうなると、話は変わってきますね👀
nc30ea8c5f214c,n077b519809ce,bc18c45daaece1b8d5576deddda5ac86,結帆の『こっそり神様手帖』もやもやと向き合う旅,kossori_yuiho,https://assets.st-note.com/production/uploads/images/240031849/profile_7854c9105574b670611368744a7e087a.png?fit=bounds&format=jpeg&quality=85&width=330,2026-03-16T21:27:08.753+09:00,"こんばんは。

いただいたメッセージから、こちらの記事もじっくり読ませていただきました。
最終的には、本人次第。そうなんですよね、ホントにそう。

「用意された時に、素早く動いてみること。」

動けない自分を、情けないなと思ったり、さっさとやりなよって思いつつも...という感じでしたけど。
言われてからでもいいから、まずやることですね。
気づいたときが、始める時と思って動いてみます。

いろいろ、たくさんのお言葉ありがとうございました☘️




"
nc89ed26cfe098,n077b519809ce,bae47b75be2a35caeaae50c710a0a2d3,NAKATO TAKAMASA,grand_rat5096,https://assets.st-note.com/production/uploads/images/203898631/profile_23fec1e5990e7f8a80040ed325a1d405.jpg?fit=bounds&format=jpeg&quality=85&width=330,2026-01-27T20:50:46.045+09:00,今回の記事、特に「言われてから動くことの肯定」と「準備という形のアクション」という視点が、すごく温かくて、同時に実用的で素晴らしいなと思いました。 「自発的に動くのが正義」という風潮の中で、少し肩身の狭い思いをしている人たち（実は多数派だと思いますが）を救う、優しいまなざしを感じます。
ncdbe9b98f9a44,n077b519809ce,a790aa624dded68d048acf235b85cc3c,柴わんこ,shibawaka555,https://assets.st-note.com/production/uploads/images/238902723/profile_e9480392b9cdfa2e109591cf8bd585ee.png?fit=bounds&format=jpeg&quality=85&width=330,2026-01-27T09:50:11.491+09:00,"よしひろさん、こんにちは！読んでて、すごく腑に落ちました。スキを連打して100個は贈りたいです💕
素敵な記事を、ありがとうございます😭"
nccda02abfb53f,n077b519809ce,9735e1bac7ba0bc5d0af33cf56157b08,enyo*えんよう🗝️,keyoflife_enyo,https://assets.st-note.com/production/uploads/images/240644209/profile_1ac1d8614044bc9c45db88b11d02d8f6.png?fit=bounds&format=jpeg&quality=85&width=330,2026-01-26T23:59:50.819+09:00,"よしひろさん

人それぞれの動けるタイミングが違うということが、具体的に理解できました💡そして、

〉教えてもらったことを、
　人に教えられるか。
　質問に答えられるか。

きっとこれを意識しているだけで、コミュニケーションも自ずと心地よくなっていきそうですね⤴️💞

色々な気付きとマガジン追加でエールも戴き、ありがとうございます🪽"
nc88b218f02aaf,n077b519809ce,9d5ac7b4035254be4c7041d0d10027d0,ミルフィーユ博士,human_squid3270,https://assets.st-note.com/production/uploads/images/248914876/profile_affcd1646b5754ce182636a651325274.jpeg?fit=bounds&format=jpeg&quality=85&width=330,2026-01-26T23:40:21.195+09:00,"遅くすいません、、
記事の紹介ありがとうございます♪
今日　二回目で、
またまた、ミルフィーユ博士
尋ねました^ ^

素直な心を持って仕事をしないと
自分の中、身にならないと
感じてます。
聞く姿勢も、かな？
日々勉強📚ですね☆彡"
nc251e196e0344,n077b519809ce,afd16b81972d554d35659b290edfdc94,Mai ,daysinmai40s,https://assets.st-note.com/production/uploads/images/213242847/profile_bcd7cd066899be05c6dd06823144a67d.png?fit=bounds&format=jpeg&quality=85&width=330,2026-01-26T22:14:10.247+09:00,"よしひろさま、お久しぶりです🙂‍↕️❣️
思いがけずマガジンに追加いただいて、とても嬉しかったです、ありがとうございます🤗

私は年末に退職しまして、やっと他の方のnoteを徘徊することができるようになりました。
勉強の息抜きに、好きな方々の記事を拝読しては感動したり知識として吸収したり共感したり、noteを始めたときから、こんな時間を持てることが念願でもありました😊✨
よしひろさまの記事は、視点や価値観が面白いです👀💡
またお邪魔させていただきます🙂‍↕️🤲"
nc7449fecfc29b,na5c225edf77f,83e5f78b9b7b83fe911db049b95a1d27,えびしま| AI×noteで生活に余白をつくる,emi_dh,https://assets.st-note.com/production/uploads/images/243764210/profile_e472159630049af76169c820dc45c9cb.png?fit=bounds&format=jpeg&quality=85&width=330,2026-01-26T06:41:05.999+09:00,"よしひろさん

おはようございます！

変わらず面白く素敵な記事ですね✨
冒頭・・夢！？
からのシロノアール♡
美味しそうで羨ましいです！"
nc48a779381f1c,na5c225edf77f,aefdbe2c616c4952074a5fb37ae88b60,かなハム,himawarino86,https://assets.st-note.com/production/uploads/images/170523869/profile_2e298a41cb0d68341ce03fb1a8ad5bb7.jpg?fit=bounds&format=jpeg&quality=85&width=330,2026-01-25T20:56:51.154+09:00,"よしひろさん
ショコラノワールって、期間限定であるんですね✨
チョコレート風味で美味しそうです～🍫🍨"
ncef243c035fe5,na5c225edf77f,9735e1bac7ba0bc5d0af33cf56157b08,enyo*えんよう🗝️,keyoflife_enyo,https://assets.st-note.com/production/uploads/images/240644209/profile_1ac1d8614044bc9c45db88b11d02d8f6.png?fit=bounds&format=jpeg&quality=85&width=330,2026-01-25T20:39:45.382+09:00,"よしひろさん、こんばんは。

パラレルワールドを描いた様な記事で、どちらも""素敵時間""ですが✨
私なら、起き立てに炊き立てご飯で握り立てのおにぎり🍙がある時間こそ、サイコーの幸せ感じます😻

マガジンへの追加もありがとうございます🍀"
ncb8cfde0fff0d,na5c225edf77f,685d473fa4f471b5b9f52de0d570a2f0,さとりのさとり,kopailog,https://assets.st-note.com/production/uploads/images/226182676/profile_094199e7fa1bff58de5da5e07a1a43de.png?fit=bounds&format=jpeg&quality=85&width=330,2026-01-25T20:14:12.513+09:00,"いや、どっちにしろ
おしゃれな休日ですなぁ😅

それが素
なのがわかるところがまたいい😆

無理してキラキラしたとこだけ切り取る
そこら辺のSNSには出せない空気感

いいね👍"
nc750e37f0b646,na5c225edf77f,9d5ac7b4035254be4c7041d0d10027d0,ミルフィーユ博士,human_squid3270,https://assets.st-note.com/production/uploads/images/248914876/profile_affcd1646b5754ce182636a651325274.jpeg?fit=bounds&format=jpeg&quality=85&width=330,2026-01-25T19:49:25.969+09:00,"こんばんは☆彡
ゆっくり　ゆったり　まったり
最高ですね😃

マガジンに仲間入り
今日も嬉しいです🥹
コメダ珈琲　行こうっと🍰

ありがとうございました😊"
nc11955c1651a1,na5c225edf77f,24ae8442856f6e3b72ae8eee40690c51,Mie,genial_cat129,https://assets.st-note.com/production/uploads/images/259954001/profile_5d311f6904fdf72781a68dbd8a987133.png?fit=bounds&format=jpeg&quality=85&width=330,2026-01-25T19:30:02.304+09:00,"よしひろさん
夢の中のよしひろさん
素敵な休日🍀と思ったけれど
実際の休日は暖かくてもっと
ステキでした✨
ありがとうございます😊"
nca6a136621e4b,n0c6d55a8b448,32a3d5ec7b1b7751c0635f2e47ea2b11,あん｜noteと遊ぶ,aging_gracefully,https://assets.st-note.com/production/uploads/images/238258843/profile_52f43522d9e7e75a12acd9d6da59035c.png?fit=bounds&format=jpeg&quality=85&width=330,2026-01-25T14:40:29.976+09:00,"こんにちは♡
ゼニア、イタリアの生地でしたか？
昔のお仕事仲間が異業種参入時、ゼニアのセミオーダースーツ屋さんをはじめて勧められたことを思い出しました。
AIで作るの面白いですね、他の記事のもそうですが、現実と創造がミックスされている写真が作れるってことですよね？
イラストしか作ったことないので挑戦してみます"
nc73dc7ac573fa,n0c6d55a8b448,7fefc63f6dcaf5c2f9038cdaeb5b4a54,ルー＝シャーナ（ルーシャーナ）｜感覚をことばにする往復便,jolly_lupine2962,https://assets.st-note.com/production/uploads/images/239592709/profile_250d34144fa08d815200c316945962d1.png?fit=bounds&format=jpeg&quality=85&width=330,2026-01-25T06:40:01.499+09:00,"マガジン追加ありがとうございます✨
セットアップのお話、素材のこだわりまで楽しく読ませてもらいました。
上質さと遊び心のバランスが素敵で、
まさに「イケメンスーツ男子」ですね☺️💕"
nc310e72c805b2,n0c6d55a8b448,bede9bd0a510b6a3b89dcb460dd51ef5,ルルトアヤコ,lovely_coyote546,https://assets.st-note.com/production/uploads/images/264394551/profile_7d53e99488d218760c7f91157493e91b.png?fit=bounds&format=jpeg&quality=85&width=330,2026-01-25T05:17:31.883+09:00,"オシャレ〜&カッコいい〜💞💞

私…スーツ男子、大好き💕💕

メロメロ…😍💖💖"
nc8bae7b7f8eca,n0c6d55a8b448,7166c7787e1efaa17147ad78e5878f9d,栗野こーぎぃ,tomoka_takeura,https://assets.st-note.com/production/uploads/images/265446311/profile_7b591e9509f8d7b45de2ac55b678726e.png?fit=bounds&format=jpeg&quality=85&width=330,2026-01-24T23:19:21.934+09:00,"おしゃれリーダーに質問です🙋‍♀️

よしひろさんはどんな情報源からおしゃれを学んでいらっしゃるのですか？"
nc25f0b24f5cb5,n324bcff1dec7,318d0f2260033fed8c47ced01cacaec5,心の軌跡を届けるAyuna☆　誰かの勇気になるために,sasn,https://assets.st-note.com/production/uploads/images/241119400/profile_5d6f0f7bd87b0faeaf16702f2a48a204.png?fit=bounds&format=jpeg&quality=85&width=330,2026-04-24T20:09:16.343+09:00,"よしひろさん
こんばんは～🌠
さっそく喫茶店開いてくれて嬉しいです😊
コーヒー片手に話し相手が近くにいて楽しい☕️✨️"
nc7e3110e03d53,n0779afa66b79,0d2fb9868b207b386e6f15b6167e0308,Yoru.,walde_insamkeit,https://assets.st-note.com/production/uploads/images/221721227/profile_2d11c5dfb4f52dd8e578a991866340bc.png?fit=bounds&format=jpeg&quality=85&width=330,2026-04-25T14:34:55.235+09:00,"こんにちは✩
マガジン登録ありがとうございます♡
近くて安心するのも、遠いから知りたいって思えるのとありますね🏵️
心地良い感覚を感じられる相手なら何でも良い感じがしちゃいますね♡"
nc727d5c1a0ce7,n1f0a26a7979c,7155a8ff1841fdcc0faf60bef6ac6d83,なぎ@還暦からのAIポートレイト,candeloro,https://assets.st-note.com/production/uploads/images/265293593/profile_2123f6c20e91f72cfc99e95447eb2234.jpeg?fit=bounds&format=jpeg&quality=85&width=330,2026-04-25T14:15:43.000+09:00,"もうすでに持っているものに浸る幸福．
おっしゃるとおりですね．

洗い立てのシャツの繊維に沿って
アイロンを滑らせながら
シワが伸びるのを眺めるとき
いま現在に心が戻る気がします．

マガジンへの追加、恐れ入ります．"
nc7b961a84d974,n1f0a26a7979c,704663f48a1e06dc09c61069a4dd39c8,紅茶🫖｜言葉で自分を整える人  ,usagi_no_mimi_,https://assets.st-note.com/production/uploads/images/260923743/profile_037296bb383b7b464cc7b599e5d67585.jpg?fit=bounds&format=jpeg&quality=85&width=330,2026-04-24T13:52:28.221+09:00,"よしひろさん

この度はマガジンに追加していただき、ありがとうございます😊
実は、今回で2回目で…とても嬉しかったです✨

日常の中にある幸せが、
読んでいてココロがほっこりしました♬"
ncf276d14f6c83,n1f0a26a7979c,1dd5cc6f11dc1d5e7c33c9ac01922824,keimama,keiko5066,https://assets.st-note.com/production/uploads/images/223953919/profile_de82aa306e133caf82b4ae253ad0173c.png?fit=bounds&format=jpeg&quality=85&width=330,2026-04-23T19:29:59.362+09:00,よしひろさん、この度はマガジンに追加して頂きありがとうございます🍀
ncae164f3384ca,n1f0a26a7979c,8f07a94ee19a03b8312711bd4127c75e,そっと応援。幸せのライフクリエーター,happychildren88,https://assets.st-note.com/production/uploads/images/247283131/profile_15f2fcdefd310990d3983da67f395333.jpeg?fit=bounds&format=jpeg&quality=85&width=330,2026-04-20T06:56:46.959+09:00,"よしひろ様、この度はマガジンに追加していただき、ありがとうございます✨とても嬉しいです✨
とても素敵なエッセイ。私も衣食住が整うことが、とても幸せだと思っています🍀✨"
nc5892eccd8f73,n1f0a26a7979c,dc31e612675787bdbb0f2caee281a238,苺｜50歳・看護師,deft_quoll8545,https://assets.st-note.com/production/uploads/images/250640302/profile_27993bbade551d168b348407e86ac561.png?fit=bounds&format=jpeg&quality=85&width=330,2026-04-18T20:43:07.057+09:00,"よしひろさん、こんばんは😊
マガジンに追加していただき、ありがとうございます。
今後ともよろしくお願いいたします🍀"
nc5c1168bebf6d,n1f0a26a7979c,6416f2345f57cc00ccb751b6ccdf3e1a,アントン工房,2nene4su,https://d2l930y2yx77uc.cloudfront.net/assets/default/default_profile_4-e3b57528da29acad20d5a2db33268c87f1d39015448757ddf346d60fb5861e49.png,2026-04-18T11:23:51.183+09:00,"よしひろ様
マガジンへの掲載、ありがとうございます。二つともいろいろ四苦八苦して作った記事なので、とても嬉しいです。
ちなみに、大根の葉は私も大好きです。美味しいですよね～"
ncf20d4477aa17,n1f0a26a7979c,0f5a1174cebb365d489eda1ca0cbb18d,Supremo_ginza,supremo_ginza,https://assets.st-note.com/production/uploads/images/186085763/profile_80157b64e0e65935178352047dfd0d0d.jpg?fit=bounds&format=jpeg&quality=85&width=330,2026-04-17T17:36:18.569+09:00,よしひろさま、この度はマガジンへの掲載をいただきましてありがとうございます。お役に立てる情報を発信していけるよう努めてまいりますので、今後ともよろしくお願いいたします。
nccb415010844a,n1f0a26a7979c,ba2b5499e5900126c85321271bcb2794,リスクコラム中井,riskcolumn,https://assets.st-note.com/production/uploads/images/245719348/profile_87c9b015f2585f0d48a0b0a056a4f1f3.jpg?fit=bounds&format=jpeg&quality=85&width=330,2026-04-14T11:33:19.313+09:00,中井といいます。b氏の記事、マガジンに拾っていただき、本当にありがとうございました。ご縁に感謝します。これからも、よろしくお願いします！
ncd82815f1910f,n1f0a26a7979c,55f93ac5262964a4284201e654fb67aa,ミカモ（Mica Moriya）,micha_mor,https://assets.st-note.com/production/uploads/images/260245602/profile_fc45cbbd67ce43c3f3659851e6b6bad0.png?fit=bounds&format=jpeg&quality=85&width=330,2026-04-13T17:13:34.989+09:00,"よしひろ様

ご挨拶遅くなりました。
この度はマガジンへの追加、誠にありがとうございます😊

これから、よしひろ様や皆様の記事を大切に読ませていただきます♪

今後ともどうぞよろしくお願いいたします🙇‍♀️"
nc50d3692d650b,n1f0a26a7979c,20eace74f0c84a889b3201c20486e81f,しろいるか_note ,shiroiruka_note,https://assets.st-note.com/production/uploads/images/218463249/profile_b1f8dc8efdebfb6df16966b9dbde25e8.png?fit=bounds&format=jpeg&quality=85&width=330,2026-04-12T20:53:03.894+09:00,"よしひろさん、こんばんは😊
マガジンに追加していただき、ありがとうございます。
今後ともよろしくお願いいたします🍀"
ncfa7ada6cc8e0,n1f0a26a7979c,8d44ff930921cfa7df70bf675acdb279,カッパさん(あの頃の君達へ),1kappasan,https://assets.st-note.com/production/uploads/images/197000013/profile_8f16085208b5aaa6286257d620e11e69.jpg?fit=bounds&format=jpeg&quality=85&width=330,2026-04-05T07:51:48.717+09:00,"よしひろさん
素敵なマガジンに追加記事ありがとうございます。感謝です。
カッパさんと仲間達一同より。
お礼メッセージ遅くなり申し訳ありません。"
nc8b289a9c04a5,n1f0a26a7979c,54ffaef840add8fe07c0c3c0555fc088,お得情報やウイスキー好きな2人の小学生を育てるサラリーマン,cozy_chives4055,https://assets.st-note.com/production/uploads/images/233405123/profile_f061a01ed10e1d31e88a4fb4d198275f.png?fit=bounds&format=jpeg&quality=85&width=330,2026-03-27T20:55:52.750+09:00,"よしひろさん

マガジンに追加していただきありがとうございます！

とても嬉しかったです😊"
nc507c83f0559e,n1f0a26a7979c,3cae71eef77c5b2c11074aea6cef9a0e,はしわか,hashiwaka_cue,https://assets.st-note.com/production/uploads/images/179924212/profile_a0773f8c977820f2f6b4dfc1064670d0.png?fit=bounds&format=jpeg&quality=85&width=330,2026-03-25T21:58:34.160+09:00,"よしひろさん、こんばんは✨

私の記事をマガジンに追加してくださり、ありがとうございます♪

よしひろさんとのご縁をいただいて、私の世界が広がりました💐
重ねて感謝申し上げます〜🙏🍀"
nc34bf7aa2c598,n1f0a26a7979c,50f8d2d0350a74ebb2ada78813f57255,ハゲポッコリ,hage_pokkori9663,https://assets.st-note.com/production/uploads/images/232774139/profile_3ba1074548b0a18d189e6a95912c76e2.png?fit=bounds&format=jpeg&quality=85&width=330,2026-03-16T22:01:44.556+09:00,"よしひろさん
マガジンに掲載していただきましてどうもありがとうございます！
引き続きよろしくお願いいたします"
ncd5cca32c9857,n1f0a26a7979c,c96283b78d430087dc2d1bd5a5d75987,ジミマユコ,jimimayuko,https://assets.st-note.com/production/uploads/images/254237407/profile_000d97f114d1f646e6ea68dc3c0b81f0.png?fit=bounds&format=jpeg&quality=85&width=330,2026-03-08T09:50:07.598+09:00,"よしひろさん
はじめまして、マガジンへの追加ありがとうございます😊
「日常という名の贅沢」素敵な言葉ですね。
幸せの感度をあげていきたいなと思いました。
またおじゃまします💚"
nc3743471e0743,n1f0a26a7979c,8d44ff930921cfa7df70bf675acdb279,カッパさん(あの頃の君達へ),1kappasan,https://assets.st-note.com/production/uploads/images/197000013/profile_8f16085208b5aaa6286257d620e11e69.jpg?fit=bounds&format=jpeg&quality=85&width=330,2026-03-07T21:29:47.140+09:00,"よしひろさんへ
記事ありがとうございました。
嬉しいです。よしひろさんの写真がとても素敵です。
これからも宜しくお願いします。"
ncba07dd139ff0,n1f0a26a7979c,dd29f4101ade0c3fd40fe940078a61a8,🍎taiwa‐asobi｜かおりんごー( *˙▿︎˙ )♪,236600,https://assets.st-note.com/production/uploads/images/114209840/profile_db37134a1479eec69c8e745134841967.jpeg?fit=bounds&format=jpeg&quality=85&width=330,2026-02-12T13:52:56.330+09:00,"よしひろさんこんにちは！
「🍎何か、みんな“理由”を知りたがる。」をマガジン追加いただき、ありがとうございます！☺️
こちらこそ、嬉しかったです！😆
何か…お酒を呑みに行きたくなる投稿ですね笑
ホットか常温が好きです( ˘▿˘ )♨️
最近行ってないけど🤔
ありがとうございました😋
私も改めて日常の幸せにほっこりしま〜す( ˘▿˘ )♨️"
nc265f2973083b,n1f0a26a7979c,19b451b62a878a625c10ee5cab9241f3,さくさく|そっと寄り添う日々,jidoukan_judge,https://assets.st-note.com/production/uploads/images/246497504/profile_d454da088a7b330bc208869532422658.png?fit=bounds&format=jpeg&quality=85&width=330,2026-02-12T01:28:27.282+09:00,"よしひろさん
はじめまして😊
また、この度は、私の記事を載せて下さりありがとうございます。すごく嬉しいです！

皆さまの記事をゆっくり拝読させて頂きますね😊
これからよろしくお願いします"
nc701831e9135b,n1f0a26a7979c,b39624e9464ededa053a7cbf0de179ce,あな,ana_mama_english,https://assets.st-note.com/production/uploads/images/219621833/profile_8ef662d95d545fc74251b7700219beae.png?fit=bounds&format=jpeg&quality=85&width=330,2026-02-02T21:20:41.368+09:00,"よしひろさん、こんばんは🌙

すてきなマガジンへの追加とスキを
いただき、ありがとうございます✨
とても嬉しいです☺️

また読みに伺います。
今後ともよろしくお願いします☺️"
nc37b9fa34f508,n1f0a26a7979c,b96ade92af3a9e1276ba15e9f4c4943f,翔雲,pure_gerbil8478,https://assets.st-note.com/production/uploads/images/223881671/profile_02400a633deb5d6cb41b958393fb4a3f.jpeg?fit=bounds&format=jpeg&quality=85&width=330,2026-01-26T14:25:08.622+09:00,"こんにちは😃よしひろさん
記事を読んでいただきマガジン追加してくださってありがとうございます。
よしひろさんが言うように今ある幸せの中にこのnoteでの新たな出会いと記事も幸せの一つですね😊"
ncfe122aa23a16,n1f0a26a7979c,a999b8e41f12ca2ea14a9326a2bf6a63,蒸気日和journal｜Rika,jokibiyori,https://assets.st-note.com/production/uploads/images/226249979/profile_9844f5220aa4258787338fbb35959f10.jpeg?fit=bounds&format=jpeg&quality=85&width=330,2026-01-22T07:05:13.545+09:00,"よしひろさん
おはようございます！

マガジン追加、めっちゃ嬉しいです。ありがとうございます♡

また、記事読みにお邪魔しますね♪"
nc4fe4d2d715f6,n1f0a26a7979c,3a07bbf39f62dca69a000064efb4f859,ゆまま｜世帯年収400万で年間100万貯金をする主婦,noble_hare4289,https://assets.st-note.com/production/uploads/images/268073236/profile_2851b9702b1e202f0607cd443ad927e3.png?fit=bounds&format=jpeg&quality=85&width=330,2026-01-21T14:45:33.456+09:00,"よしひろさん

昨年は、本当にお世話になりました。
素敵な出会いをさせて頂けたこと、
応援してくださったこと、
心から感謝申し上げます。
100日投稿おめでとうございます🍾✨

ねこちゃんたちは、お元気でしょうか？
素敵な幸福論をお聞かせ頂き、
ありがとうございます☺️
とても楽しく読ませて頂きました。
私も今日はホワイトホースを頂こうかなと思いました。
寒さ厳しくなりますので、くれぐれもご自愛くださいませ。
マガジンにも追加して頂き、本当にありがとうございます。

"
ncd20cb94acbcd,n1f0a26a7979c,b0c63385960edb1d4955bd1295f6826d,にわにん,nai114,https://assets.st-note.com/production/uploads/images/270210825/profile_59bff8dfeab1517ace4bbdb9589dbef9.jpg?fit=bounds&format=jpeg&quality=85&width=330,2026-01-18T08:52:51.644+09:00,"おめでとうございます！
連続投稿ってなかなか難しいですよね〜
今日の一日が終わっていく…
みたいなさっと通り過ぎていく日もありますからね☺️

私の記事もマガジンに追加してくださり、ありがとうございます😆
読んでるよ〜と声をかけてもらえているようで、素敵な安心感があります。いつもありがとうございます。
"
nc16069949d67f,n1f0a26a7979c,b96ade92af3a9e1276ba15e9f4c4943f,翔雲,pure_gerbil8478,https://assets.st-note.com/production/uploads/images/223881671/profile_02400a633deb5d6cb41b958393fb4a3f.jpeg?fit=bounds&format=jpeg&quality=85&width=330,2026-01-15T21:48:57.545+09:00,"こんばんは、よしひろさん！
マガジンにまた追加していただきありがとうございます😭😭😭
いつも本当にありがとうございます🙇"
nc99e8cd2da231,n1f0a26a7979c,f19d138b5f57bc35ca0f56f51ab37ac5,りーまむ,ri_mam,https://assets.st-note.com/production/uploads/images/186523962/profile_939af6d936ad6ca5456ee55e7d9d6404.jpeg?fit=bounds&format=jpeg&quality=85&width=330,2026-01-08T01:04:53.691+09:00,"100日投稿おめでとうございました〜（お正月休みすぎて、遅くなりましたm(_ _)m）

そして、ちゃんとスクショ撮れてますね〜（うらやましい✨）

アイリッシュコーヒーが飲みたくなりました（いま夜中なのに💦）"
ncd583e4d8841d,n1f0a26a7979c,6c7f7e8aa938f4a4c4b190840dc9c0a6,るこのみらい｜有料noteとCanvaで「できるかも」を育てるnote🌱,ruco3,https://assets.st-note.com/production/uploads/images/239032332/profile_819b5756c137702ccc9827a0eb88b347.png?fit=bounds&format=jpeg&quality=85&width=330,2026-01-07T19:14:23.827+09:00,"よしひろさん💕
１００日連続投稿おめでとうございます🎉

そして、私の有料noteにスキを押してくれて
ありがとうございます♡
本当、心強いです♡

茹で落花生は私のおばあちゃんが
よく作ってくれました😊"
nc9547d2755f50,n1f0a26a7979c,d0c5765a47753e17543a7b9179cf317e,m o k a   ,crisp_rabbit1664,https://assets.st-note.com/production/uploads/images/244970963/profile_70498c82f9b680f43cff864d5947e3da.jpeg?fit=bounds&format=jpeg&quality=85&width=330,2026-01-07T09:19:03.898+09:00,"よしひろさん
100日連続投稿✨　
おめでとうございます♡
"
ncc31f9ad40f94,n1f0a26a7979c,4538b1bf2bc68bad9b44ee65b925e8d7,月花の雫 | 明日ってさ、月が欠けたら来ないよね～　人生の夜を照らすお供に,shiso_to_basil,https://assets.st-note.com/production/uploads/images/245061439/profile_d9fc767d436db3f445735f3499e44dea.jpg?fit=bounds&format=jpeg&quality=85&width=330,2026-01-07T00:02:57.928+09:00,"よしひろさん
明けましておめでとうございます！

そして、100日連続投稿もおめでとうございます！
アイリッシュコーヒー、大好きです
だから、コーヒーにベイリーズしちゃうんですが（笑）

結構甘党さんなんですね！"
ncdfd8d4fb7525,n1f0a26a7979c,73ee01c7e2de034c5a175d026421c266,スイカの子,merry_sorrel8816,https://assets.st-note.com/production/uploads/images/243607727/profile_6c9abdd12417168840b7c0f2ef6772ab.jpeg?fit=bounds&format=jpeg&quality=85&width=330,2026-01-05T23:22:43.769+09:00,"よしひろさん

遅れましたが明けましておめでとうございます🐴
今年もよろしくお願いします☺️

そして、１００日投稿おめでとうございます！すごい😂👏
バーの写真の後ろにうつりこんでいる、オブジェの？？黒電話？？がまたステキですね✨"
nc844de0fd3469,n1f0a26a7979c,e2c68289d7c73876aa3f2a37dc6e2f7c,とっつん,tottsun_38,https://assets.st-note.com/production/uploads/images/261561802/profile_9d7e454af28477c561e8af245607fcbf.png?fit=bounds&format=jpeg&quality=85&width=330,2026-01-05T22:33:33.455+09:00,"よしひろさん
はじめてコメントさせて頂きます😄
100日投稿おめでとうございます😊
幸福というお湯の張られたバスタブに
ドップリ浸かっている。
確かに日々の中に幸せって
たくさんありますね✨
日々の幸せを見つけながら
過ごしたいです😁
そして、いつもマガジン追加して頂き
本当にありがとうございます😆♪"
ncb2675805a2b4,n1f0a26a7979c,15b07889aa53dbf10c9cb1b67625f4b4,rika🌷,meina_rikamizuki,https://assets.st-note.com/production/uploads/images/238910767/profile_373a9816961e0c2decd5f9e33be51347.png?fit=bounds&format=jpeg&quality=85&width=330,2026-01-05T22:06:59.317+09:00,"よしひろさん、100日目おめでとうございまーす🎉✨
そんな大事な日の記事に、私の記事紹介してくれてありがとうございます🙏✨️

一緒にお祝いできたみたいでとっても嬉しかったです🥹🩷
今日はお互い、ホイップクリームで幸せな日でしたね〜😆✨️
アイリッシュコーヒー？凄く気になります☺️
それならブラックじゃないから飲めそう！！"
nc69f10b8fa0d4,n1f0a26a7979c,7166c7787e1efaa17147ad78e5878f9d,栗野こーぎぃ,tomoka_takeura,https://assets.st-note.com/production/uploads/images/265446311/profile_7b591e9509f8d7b45de2ac55b678726e.png?fit=bounds&format=jpeg&quality=85&width=330,2026-01-05T22:04:14.446+09:00,"100日投稿達成おめでとうございます㊗️🎉

よしひろさんお料理されるんですね🍳お料理記事も読みたいです😊"
ncd2f6c654bbd7,n1f0a26a7979c,06630b8de0673220dc5a767ed558b4f8,すまいる村長,infj_1030,https://assets.st-note.com/production/uploads/images/239469332/profile_c4486ecfe03240e7ef8e4a435f90c7ad.png?fit=bounds&format=jpeg&quality=85&width=330,2026-01-05T22:00:55.631+09:00,"100日目！すごいですね✨
僕も背中追いかけさせていただきます🙌"
nc73d828a29c4b,n1f0a26a7979c,0b5a33e4ecc5bba9989adb95157cc5ed,イヴ,julie_rose1013,https://assets.st-note.com/production/uploads/images/239064849/profile_a24cd5d1d91829c156d89e1d030d262a.png?fit=bounds&format=jpeg&quality=85&width=330,2026-01-05T21:54:34.495+09:00,幸せに気付けるって、幸せなことですよね😊
nc14f1ee96f898,n1f0a26a7979c,318d0f2260033fed8c47ced01cacaec5,心の軌跡を届けるAyuna☆　誰かの勇気になるために,sasn,https://assets.st-note.com/production/uploads/images/241119400/profile_5d6f0f7bd87b0faeaf16702f2a48a204.png?fit=bounds&format=jpeg&quality=85&width=330,2026-01-05T21:48:17.133+09:00,久しぶりに一番スキできました😌
ncc800a847b619,n324bcff1dec7,32a3d5ec7b1b7751c0635f2e47ea2b11,あん｜noteと遊ぶ,aging_gracefully,https://assets.st-note.com/production/uploads/images/238258843/profile_52f43522d9e7e75a12acd9d6da59035c.png?fit=bounds&format=jpeg&quality=85&width=330,2026-04-25T17:09:27.880+09:00,"好きなメニューだ！
特に真ん中💕

週明けに出す予定の記事を書いていて、
まさしくこのお話、本当の私について😆
"
nc7c3ed7306ec2,n157f05a71488,704663f48a1e06dc09c61069a4dd39c8,紅茶🫖｜言葉で自分を整える人  ,usagi_no_mimi_,https://assets.st-note.com/production/uploads/images/260923743/profile_037296bb383b7b464cc7b599e5d67585.jpg?fit=bounds&format=jpeg&quality=85&width=330,2026-04-25T20:20:06.898+09:00,"よしひろさん

もう少しで1000人、すごいですね😳✨

主催側のドキドキ、経験したことないですけど、心臓ひんやりしそうです😵‍💫
企画、楽しみにしてます♬

マガジン追加ありがとうございます♬😊"
nc4f87c52e0d94,n8237b72a4f5f,47ac127ec0bbe6902b9f372fd944ebf8,和田雄三｜AI×心理ブランディングデザイナー,glad_dill2129,https://assets.st-note.com/production/uploads/images/265848866/profile_b0e386a458b5c21f7f00921837c9ffad.png?fit=bounds&format=jpeg&quality=85&width=330,2026-04-26T06:36:41.824+09:00,"靴紐ゴムにするの分かります😂
僕はスリップインのスケッチャーズが多いです😊"
nc0c94d15646ce,n8237b72a4f5f,f19d138b5f57bc35ca0f56f51ab37ac5,りーまむ,ri_mam,https://assets.st-note.com/production/uploads/images/186523962/profile_939af6d936ad6ca5456ee55e7d9d6404.jpeg?fit=bounds&format=jpeg&quality=85&width=330,2026-04-26T05:42:56.802+09:00,"靴ひもをゴムにすると、本当に便利ですよね😊

ジムの靴のひもをゴムに変えてからは、途中でひもを結び直すわずらわしさから解放されて、快適すぎます✨

相変わらず、素敵なシューズで👞
やっぱりこのシリーズ好きですね〜"
nc87069321f913,n8237b72a4f5f,1dd5cc6f11dc1d5e7c33c9ac01922824,keimama,keiko5066,https://assets.st-note.com/production/uploads/images/223953919/profile_de82aa306e133caf82b4ae253ad0173c.png?fit=bounds&format=jpeg&quality=85&width=330,2026-04-26T12:57:22.198+09:00,"よしひろさん😊
マガジン追加ありがとうございます🍀
革靴、主人がよく磨いています👞✨
今回も楽しく読ませてもらいました🍵
シリーズ楽しみにしてます😊"
nc3329fb5c1947,n2c74eb025580,9d5ac7b4035254be4c7041d0d10027d0,ミルフィーユ博士,human_squid3270,https://assets.st-note.com/production/uploads/images/248914876/profile_affcd1646b5754ce182636a651325274.jpeg?fit=bounds&format=jpeg&quality=85&width=330,2026-04-26T21:33:43.478+09:00,"わぁ😍
全部　ぜーんぶがパーフェクト💯
すべて　揃ってるぅ。
最高の休日ですねぇ💓💓
素敵💓

そんな中　マガジンに記事の仲間入りをして頂きありがとうございます😭
"
nccd4e65089ea8,n2c74eb025580,9735e1bac7ba0bc5d0af33cf56157b08,enyo*えんよう🗝️,keyoflife_enyo,https://assets.st-note.com/production/uploads/images/240644209/profile_1ac1d8614044bc9c45db88b11d02d8f6.png?fit=bounds&format=jpeg&quality=85&width=330,2026-04-26T21:13:32.040+09:00,"よしひろさ〜ん、
花も団子も、一挙両得の一日でしたね😻♪お馴染みのものから、初めてみる食べ物もあり新鮮です💖

マガジンへの仲間入りもありがとうございました🌈

"
nc6f5369051a63,n2c74eb025580,d58df56d72e51835fa8597640954d50b,道草ノート🌿ゆう,koya1970,https://assets.st-note.com/production/uploads/images/239663389/profile_49bb32f5cdb12b8a92a46112d883daf1.png?fit=bounds&format=jpeg&quality=85&width=330,2026-04-26T20:18:26.041+09:00,りんご飴🍎が食べやすくなってる👀衝撃的でしたっ！食べてみたい〜🤤
nca2404852c1a5,n2c74eb025580,6387daced3412f56911efd0f8787e44a,みきこ🌿季節の花ごよみ,hirata_mikiko60,https://assets.st-note.com/production/uploads/images/238886147/profile_71a504244fe604943c4eb0a3c3c99742.jpg?fit=bounds&format=jpeg&quality=85&width=330,2026-04-26T19:38:21.373+09:00,"よしひろさん、食べ歩き記録が充実してますね✨
外で食べると美味しい気がします😊

マガジン追加ありがとうございました🙏"
nc47c5a4318faf,n324bcff1dec7,704663f48a1e06dc09c61069a4dd39c8,紅茶🫖｜言葉で自分を整える人  ,usagi_no_mimi_,https://assets.st-note.com/production/uploads/images/260923743/profile_037296bb383b7b464cc7b599e5d67585.jpg?fit=bounds&format=jpeg&quality=85&width=330,2026-04-26T19:59:17.792+09:00,"よしひろさん、こんばんは。
🥦が気になって、ついドアを開けちゃいました🤭
よく天然とか優しいって言われるんですけど、自分ではあまりピンと来なくて。
今日のお話を読んで、そのズレも含めていいのかもって思えました☕✨
（マガジン追加もありがとうございます♬）"
nc0ce4d86bb046,n8237b72a4f5f,23e78cfab6f2de9a5a72e4b8281e05ba,志乃,gay_okapi3125,https://assets.st-note.com/production/uploads/images/268823756/profile_e9ef06799c7db4afe68f70270567cd4f.png?fit=bounds&format=jpeg&quality=85&width=330,2026-04-27T09:34:42.641+09:00,"よしひろさん
マガジン追加ありがとうございます😊
革製品の魅力はわたしも好きです👞
経年劣化を楽しみながらお手入れしてあげるのも楽しい時間でよね🙂
REGALさんはわたしもお世話になってます🌱"
nc2bfe88f9b90b,nc5ae30b85408,37aa80abdb2d635d341bb8da6ed031d8,かつとし,sane_mint9818,https://assets.st-note.com/production/uploads/images/269896925/profile_53f6be5fb5ca2d99bd2ba660dd7eaa01.png?fit=bounds&format=jpeg&quality=85&width=330,2026-04-27T11:05:46.205+09:00,"よしひろさん、こんにちは。

Noter初心者ですがどんどん変化を楽しんでいきたいと
思います。これからも情報共有お願いします。"
nc26fb4e1e7408,n8237b72a4f5f,6387daced3412f56911efd0f8787e44a,椿みきこ🌿季節の花ごよみ,hirata_mikiko60,https://assets.st-note.com/production/uploads/images/238886147/profile_71a504244fe604943c4eb0a3c3c99742.jpg?fit=bounds&format=jpeg&quality=85&width=330,2026-04-27T13:46:50.566+09:00,"よしひろさん、おしゃれな靴をていねいに手入れするこだわり、素敵ですね～✨

マガジン追加ありがとうございます🙏"
ncd9af3091801a,n1f0a26a7979c,ca17527cfe63f65cebf3883988786b79,donchan1962,donchan_13,https://assets.st-note.com/production/uploads/images/183217910/profile_a33ecb57f18c7bbea28e041c386d47a2.jpeg?fit=bounds&format=jpeg&quality=85&width=330,2026-04-27T15:32:25.625+09:00,"こんにちは！
恐縮なです。この場をお借りしてコメント失礼します
記事、マガジンへの追加、ありがとうございます
感謝の意を申し上げます"
nc1ff168665064,nc5ae30b85408,ca17527cfe63f65cebf3883988786b79,donchan1962,donchan_13,https://assets.st-note.com/production/uploads/images/183217910/profile_a33ecb57f18c7bbea28e041c386d47a2.jpeg?fit=bounds&format=jpeg&quality=85&width=330,2026-04-27T19:12:55.945+09:00,"恐縮です。この場をお借りして、コメント失礼します
記事、マガジンへの追加ありがとうございます
感謝の意を申し上げます"
nc06babfdf8631,nf7751d96727e,97de8096a6a59c424edc493fbee39598,てぃー,team_and_co,https://assets.st-note.com/production/uploads/images/209989191/profile_9cbd068e0f735456d6dc5985de73be5f.png?fit=bounds&format=jpeg&quality=85&width=330,2026-04-27T22:23:53.415+09:00,"めちゃめちゃ例え上手で分かりやすくて面白いです！
結局、人生の経験が純資産になるんなら、嫌なこともポジティブに捉えられるっことですね♪こういう考え方大好きです😊"
ncb9af61b8ba4b,nf7751d96727e,a3b393748448993682c446017554f28a,りこ@一生養生,riko_83,https://assets.st-note.com/production/uploads/images/242853208/profile_868cf0850d54d0a98ca0406d82454cfa.png?fit=bounds&format=jpeg&quality=85&width=330,2026-04-27T19:53:16.971+09:00,"こんばんは🌙
この記事、簿記の試験で苦労してた頃に読みたかったです（笑）"
nc2e693deed04b,nf7751d96727e,f19d138b5f57bc35ca0f56f51ab37ac5,りーまむ,ri_mam,https://assets.st-note.com/production/uploads/images/186523962/profile_939af6d936ad6ca5456ee55e7d9d6404.jpeg?fit=bounds&format=jpeg&quality=85&width=330,2026-04-27T19:53:09.882+09:00,"おぉ〜、なんか楽しい考え方ですね🌸人生も帳尻あってるのなら、どんな経験も何かに活かせる気がする〜

ちなみに、簿記とった気がする〜💰"
ncc933efd4b8e3,nf7751d96727e,dcaf51c5cb5c2c9724b67fec1c728544,みずか｜ほころんでは、ほどく。子どもとの日々から,mizuka__,https://assets.st-note.com/production/uploads/images/252096893/profile_487b0797252acba719f63d29347aa42a.jpeg?fit=bounds&format=jpeg&quality=85&width=330,2026-04-27T19:39:41.685+09:00,"雰囲気とはいえ、すごくまとまっていて、読みやすいイラストにちょっと感動しています😳
楽しい気づきを、ありがとうございます😌🎵"
nc25bec65f425b,n4ed8f68102f9,f0da0bfe90c41d34ee785dd67ec61613,くまごろう,kumagorou560,https://assets.st-note.com/production/uploads/images/269120769/profile_bb8e550a933a8e32aadbf169c399b091.png?fit=bounds&format=jpeg&quality=85&width=330,2026-04-27T20:09:26.486+09:00,よしひろさんマガジン追加ありがとうございます！私はまさに初心者なのでこれから頑張っていきます😌
nc16cfc4b894d2,nc5ae30b85408,83fad77e31a6c935ecc9efcc414620fc,こに,coni0624,https://assets.st-note.com/production/uploads/images/263845084/profile_fcac4b21de4877d4bb2ed474c4f10238.jpg?fit=bounds&format=jpeg&quality=85&width=330,2026-04-27T23:06:19.655+09:00,"よしひろさん、こんばんは🌙
マガジンに追加していただき、嬉しいです😊ありがとうございます💕
また、この記事を読ませていただいて、noteを続けられるかなと思っていた私ですが、すごく励まされました☘️"
nc90f560b32551,nf7751d96727e,c1a9bb683f0a8db9504909e925ef1b86,小芝 凛  ╱Rin  Koshiba,rin_koshiba,https://assets.st-note.com/production/uploads/images/238873241/profile_c7652ed087bc514a276653727f8845c7.png?fit=bounds&format=jpeg&quality=85&width=330,2026-04-28T10:12:01.081+09:00,"よしひろさん✨

あるあるです💕
意識を変えるだけで
見える景色は変わりますね😉
ありがとうございます🫶💕☺️"
nc01ed41a13c0d,n9094cf5dc798,099955dd1d1a0c52e23a74eb099c0986,限界集落で暮らす人｜ゆみ,yummies1980,https://assets.st-note.com/production/uploads/images/239025325/profile_ff64d507986dd7a1911a5b4a33db51b1.jpg?fit=bounds&format=jpeg&quality=85&width=330,2026-04-28T09:50:42.834+09:00,私もやわやわ好きですね〜。つよつよのようでも、どこか少しあそびの部分が欲しくなります🙂‍↕️
nc0fb5cceba09a,nc5ae30b85408,ca17527cfe63f65cebf3883988786b79,donchan1962,donchan_13,https://assets.st-note.com/production/uploads/images/183217910/profile_a33ecb57f18c7bbea28e041c386d47a2.jpeg?fit=bounds&format=jpeg&quality=85&width=330,2026-04-28T14:23:24.404+09:00,"こんにちは！
恐縮です。この場をお借りして、コメント失礼します
記事、マガジンへの追加ありがとうございます
感謝の意を申し上げます"
nca30ee69065db,nf7751d96727e,23e78cfab6f2de9a5a72e4b8281e05ba,志乃,gay_okapi3125,https://assets.st-note.com/production/uploads/images/268823756/profile_e9ef06799c7db4afe68f70270567cd4f.png?fit=bounds&format=jpeg&quality=85&width=330,2026-04-28T15:35:51.789+09:00,"よしひろさん

いつもありがとうございます😊
部活が商業部だったので簿記の例えがとても分かりやすくて
自分でも簡易版のバレットジャーナルを初めてみてから、毎日、資産と負債の両方を記載してる感覚とイメージです。
物価高の昨今、リアルの金銭出納帳は多額の出費ばかりで滅入ってしまいますが、毎日を懸命に生きてるなと、読ませて頂いて痛感しました😊"
nc6d8a3e1bf8ca,nf7751d96727e,290f76d99eb40b676ce764b1c2a200e3,Takanashi（たかなし）,takanashi_note01,https://assets.st-note.com/production/uploads/images/235786177/profile_d3248e02f9810e16a0daf3e4a02bee0b.png?fit=bounds&format=jpeg&quality=85&width=330,2026-04-28T12:44:08.096+09:00,"単なる負債ではなく、得られた経験を複式簿記のように書いてみる。
それだけでも、感じ方が大きく変わるかもしれません。
そしてその経験は、最終的に純資産＝その人自身の価値、を大きく高めることにつながる。
この考え方は、非常に良いと思いました。
不幸だと感じている人ほど、役立つものだと思います。"
nc4b29461399f9,nf7751d96727e,6387daced3412f56911efd0f8787e44a,椿みきこ🌿季節の花ごよみ,hirata_mikiko60,https://assets.st-note.com/production/uploads/images/238886147/profile_71a504244fe604943c4eb0a3c3c99742.jpg?fit=bounds&format=jpeg&quality=85&width=330,2026-04-28T11:36:18.972+09:00,"簿記って役に立つんですね！
雰囲気イラストが柔らかくて親しみやすいです✨
あ、マガジン追加ありがとうございました🙏"
nc2f503a48c950,n0779afa66b79,704663f48a1e06dc09c61069a4dd39c8,紅茶🫖｜言葉で自分を整える人  ,usagi_no_mimi_,https://assets.st-note.com/production/uploads/images/260923743/profile_037296bb383b7b464cc7b599e5d67585.jpg?fit=bounds&format=jpeg&quality=85&width=330,2026-04-28T18:02:09.671+09:00,"よしひろさん、こんばんは。

近い関係、遠い関係…どちらでもなく、まんなかという感じもありでしょうか？🤔💭

（マガジンへの追加ありがとうございます🙏🍀）"
nc5fb1b8966dbd,nc32ca997ea75,a22107a59de6e3303ee2b624b3e0858a,Imbue（インビュー）/文筆家/発達凸凹育児,imbue_kaleid,https://assets.st-note.com/production/uploads/images/250421889/profile_b0f56720aebb6d8ee14055b266debfc4.png?fit=bounds&format=jpeg&quality=85&width=330,2026-04-29T09:54:39.192+09:00,"よしひろさん、おはようございます💐
このボリュームでこのお値段は、
お得でした✨

ちょっと記事の内容で迷っていたので、
背中を押されました🥰
ありがとうございました❣️

最近、よしひろさんの記事を
爆買いした気がします🤣"
nc41c04ad609d6,nf7751d96727e,37aa80abdb2d635d341bb8da6ed031d8,かつとし,sane_mint9818,https://assets.st-note.com/production/uploads/images/269896925/profile_53f6be5fb5ca2d99bd2ba660dd7eaa01.png?fit=bounds&format=jpeg&quality=85&width=330,2026-04-29T08:27:39.186+09:00,"かつとしです。

いつも投稿楽しく読ませていただいています☺️

よしひろさんの記事には気付かされる事が多いです。

自分でもnote書きたくなるパワーをもらえるというか、、、モヤモヤしすぎて文章にはできてないのですが😭

これからも共有させてください。

あと、マガジン追加ありがとうございました🙏"
nc0cc3d9e1c2cf,nf7751d96727e,907edc26ecc556b380bd733caf94e5cc,JAU |  臨床検査技師×医療副業,jau_jau1001,https://assets.st-note.com/production/uploads/images/238898866/profile_b47389bc5953cb4d37cf45a1d4d208c2.png?fit=bounds&format=jpeg&quality=85&width=330,2026-04-29T18:52:01.031+09:00,よしひろさんのこの発想、本当にわかりにくい貸借対照表などを丁寧に、そして感情というみなさんが分かりやすい内容で説明してるのが、めちゃくちゃ感動しました🥹✨
nc2e2a87e57acc,nf7751d96727e,7f842ae6fa9389af27c8a9b2069496ae,にっきーマウスは躁鬱,nikky_mouth,https://assets.st-note.com/production/uploads/images/264522804/profile_588d985d44905189f10d62589c1633ae.png?fit=bounds&format=jpeg&quality=85&width=330,2026-04-29T16:09:29.577+09:00,"記事を拝見しました。

私は人生はパチンコみたいなものだと思っていました。
引っ張るほど遠くに飛んでいきます。

現在元社畜限界うつニートですが果たしていつ報われるやら...

神様　　「ぶっ飛ばしたるで～～～！！！」
私の人生「ブチッ」
神様　　「あっ」"
nc4eda09cf90f2,nf7751d96727e,46ae65ea90968e5ff93634f274bed216,なつのこ,ohanashi_daisuki,https://assets.st-note.com/production/uploads/images/262005602/profile_82a90e85dee150c1d1bc0d3e4c381471.png?fit=bounds&format=jpeg&quality=85&width=330,2026-04-29T21:04:46.089+09:00,"よしひろさん🌷

こんばんは🌠
人生はちゃんと帳尻が合っているという言葉にほっとします🙂‍↕️
確か美輪明宏さんも同じようなことを言われていました。
皆同じだけど、受け取り方で変わるものですよね🌱
何があっても動じない心を持っていたいなぁと思います。

私の記事をマガジンに追加してくださり、ありがとうございました🙇💕"
nce1c7c733331f,n157f05a71488,713c3616cbaa3eb3711bf4f872c77df7,パタコ,auwa_44,https://assets.st-note.com/production/uploads/images/249115541/profile_b8fef4c056391816907af1855f86eaf7.png?fit=bounds&format=jpeg&quality=85&width=330,2026-04-29T20:24:42.037+09:00,"よしひろさん、こんばんわ⭐️

もうすぐ1,000人✨
ステキなよしひろさんならあっという間！
ですです😆💕

企画のお話もめっちゃステキ！
遊び心があってキュンです✨
参加できそうならしたいなー！
（山暮らし人には忙しい季節になってきた☺️💧）

そしてマガジンへのお迎え、
ありがとうございます♡
嬉しいです！

お気持ち、感謝です🌈"
nc208ffab53147,nb093117cfcf0,704663f48a1e06dc09c61069a4dd39c8,紅茶🫖｜言葉で自分を整える人  ,usagi_no_mimi_,https://assets.st-note.com/production/uploads/images/260923743/profile_037296bb383b7b464cc7b599e5d67585.jpg?fit=bounds&format=jpeg&quality=85&width=330,2026-04-29T19:51:24.996+09:00,"よしひろさん、こんばんは🌙
リストを上から下へと眺めていたら、点に出会いました♬
わたしもマネしたいなぁと思いながら読んでました。
（マガジンへの追加ありがとうございます♬）"
nce33cdb72e27c,n621f434e0819,32a3d5ec7b1b7751c0635f2e47ea2b11,あん｜noteと遊ぶ,aging_gracefully,https://assets.st-note.com/production/uploads/images/238258843/profile_52f43522d9e7e75a12acd9d6da59035c.png?fit=bounds&format=jpeg&quality=85&width=330,2026-04-29T23:16:03.619+09:00,"なんと💵
使いましたね🫣
うちは来月です、予約の段階ですでに怖い状況です。なるべく知らないフリしてます。"
nc5f2abd08f13e,n621f434e0819,1dd5cc6f11dc1d5e7c33c9ac01922824,keimama,keiko5066,https://assets.st-note.com/production/uploads/images/223953919/profile_de82aa306e133caf82b4ae253ad0173c.png?fit=bounds&format=jpeg&quality=85&width=330,2026-04-30T07:49:00.906+09:00,"よしひろさん😆
グアム旅行うらやましいです〜✨
大きなバナナも可愛いですね🍌"
nc43db2bb7655a,n621f434e0819,6387daced3412f56911efd0f8787e44a,椿みきこ🌸季節の花ごよみ,hirata_mikiko60,https://assets.st-note.com/production/uploads/images/238886147/profile_71a504244fe604943c4eb0a3c3c99742.jpg?fit=bounds&format=jpeg&quality=85&width=330,2026-04-30T12:53:32.187+09:00,"よしひろさん、お金の使い方、参考になります✨
リアルのカード決済額を見る機会ないですから、口座管理の勉強になりました🫡

家賃、光熱費まで１つの口座で管理されているから、毎月の変動を把握できるんですね🤔"
ncb44563bab8cd,n8237b72a4f5f,80baa766de5a12730ad31575f2622d41,カナエル👒｜天空の小さなセラピスト💫,ka7_angel,https://assets.st-note.com/production/uploads/images/233336907/profile_e6271f09525608754a9f6daa532065fb.png?fit=bounds&format=jpeg&quality=85&width=330,2026-04-30T12:56:44.354+09:00,"こんにちは
この度はマガジンに追加してくださりありがとうございます☘️

靴のお手入れ、上手にしていらっしゃいますね👞✨️
好きなものを長く丁寧に‥😌
いいですね！"
ncdc6b962f9c79,nc75b6eb4eafe,df1e433c714b7e82d61f6cdbef83bb27,瑠花,luca_therapy,https://assets.st-note.com/production/uploads/images/198979905/profile_c94df5df6f3f9343801af95012e1a3f7.png?fit=bounds&format=jpeg&quality=85&width=330,2026-04-30T18:36:31.398+09:00,"よしひろさん🌸
お金のこと、心のこと、見られ方…本当に思い当たることばかりです。

特にお金は、カードや電子マネー、電子決済ばかりで流れが使ったその時には感じにくいですよね。

器が大きくなったと思いたいです🤭✨
"
nccf755940e671,nc75b6eb4eafe,0283b96a011b3d44c7b4ae6a1ed30ae9,営業fafa | note業界No.1営業マン,kohana1112,https://assets.st-note.com/production/uploads/images/231018078/profile_b3bbbe00a8972338d5f563a39e002d1b.png?fit=bounds&format=jpeg&quality=85&width=330,2026-04-30T17:52:49.637+09:00,"よしひろさん！

お金の使い方。

確かに気付かぬうちに変わってますね😭

外食、移動、レジャー。

今は何をするにも1個やるごとに万札が消えていきます😭

昔はそんな事なかったのにな〜。"
ncc164f5ea4606,nc75b6eb4eafe,8d44ff930921cfa7df70bf675acdb279,カッパさん(あの頃の君達へ),1kappasan,https://assets.st-note.com/production/uploads/images/197000013/profile_8f16085208b5aaa6286257d620e11e69.jpg?fit=bounds&format=jpeg&quality=85&width=330,2026-04-30T20:33:49.447+09:00,"よしひろさんへ
グァム旅行良かったですね。
お金のお話し興味深く拝見しました。
何時もマガジン追加ありがとうございます。m(_ _)m
記事にいいね！押したらミケ猫さんが出てきて可愛いですね。すぐ画面変わり見れず残念！🐱。"
nc73c54dde79af,nc75b6eb4eafe,32a3d5ec7b1b7751c0635f2e47ea2b11,あん｜noteと遊ぶ,aging_gracefully,https://assets.st-note.com/production/uploads/images/238258843/profile_52f43522d9e7e75a12acd9d6da59035c.png?fit=bounds&format=jpeg&quality=85&width=330,2026-05-01T00:52:05.007+09:00,"スーパーで買物しているだけなのに、なんかいつもより高い感覚があって、レシートを見るのがクセになりました。間違って打ってないか？って、そんなことないのにぃ〜😆
"
nc413736352e6e,n81a51b30e0cc,23e78cfab6f2de9a5a72e4b8281e05ba,志乃,gay_okapi3125,https://assets.st-note.com/production/uploads/images/268823756/profile_e9ef06799c7db4afe68f70270567cd4f.png?fit=bounds&format=jpeg&quality=85&width=330,2026-05-01T15:09:02.784+09:00,"よしひろさん

対話が大切にとても共感致しました
夫もこの春、転職をしたばかりですが、前職は社員さんを大切に出来ない企業さんでした
送り出す側のわたしも、どんどん顔色が悪くなっていく夫を見送るのが苦しい日々でした
働くということに楽して稼げるなんてありませんが、真面目にコツコツ誠実に働いている社員さんを大切に出来ない企業さんはとても残念に思われて仕方がないです🥲
対話、ヒアリングは大切ですね😌"
nc14aad2582a13,n81a51b30e0cc,9735e1bac7ba0bc5d0af33cf56157b08,enyo*えんよう🗝️,keyoflife_enyo,https://assets.st-note.com/production/uploads/images/240644209/profile_1ac1d8614044bc9c45db88b11d02d8f6.png?fit=bounds&format=jpeg&quality=85&width=330,2026-05-01T14:31:30.628+09:00,"よしひろさん

「自分の働き方を自分で考えること」

きっと心は0/100でスッキリする事ってないのでしょうが、
会社や社会との対話、AIや、さらには家族などとの対話、そして最後は自分との「対話」の中で見えてくるものがありますよね💡

会社員ではない私にも大事なお話でした✨
マガジンへにも加えていただきありがとうございました🎈🫧"
nc6ca4a91f3fa0,n81a51b30e0cc,290f76d99eb40b676ce764b1c2a200e3,Takanashi（たかなし）,takanashi_note01,https://assets.st-note.com/production/uploads/images/235786177/profile_d3248e02f9810e16a0daf3e4a02bee0b.png?fit=bounds&format=jpeg&quality=85&width=330,2026-05-01T13:25:07.905+09:00,"労働者側との歩み寄りは、逆に企業にとっても有利に働くと思います。

もし裁判になった際に、企業が自分の意見を通し、労働者の意見を無視していた場合。
それに対し、労働者の意見を聞き入れ、それでもなお労働者が不服を抱えている場合。
下される判決は、大きく変わってくると思います。

残念ながら、そこまで考える企業は少ないと思います。
ですが、大局的に考えると、むしろ積極的に話し合ったほうが、企業にとっても得になる。
私は、そう考えております。"
nc27b18de1e56d,nc75b6eb4eafe,6387daced3412f56911efd0f8787e44a,椿みきこ🌸季節の花ごよみ,hirata_mikiko60,https://assets.st-note.com/production/uploads/images/238886147/profile_71a504244fe604943c4eb0a3c3c99742.jpg?fit=bounds&format=jpeg&quality=85&width=330,2026-05-01T13:39:03.728+09:00,"物価が1.5倍くらいになってるから、ある程度やむを得ないかもしれませんね！

月100万円は大きいですが😅"
ncfc26c3dce770,n621f434e0819,bede9bd0a510b6a3b89dcb460dd51ef5,ルルトアヤコ,lovely_coyote546,https://assets.st-note.com/production/uploads/images/270436419/profile_35c1e2b2e8ef32be40119179aeef9fa1.png?fit=bounds&format=jpeg&quality=85&width=330,2026-05-01T21:22:31.639+09:00,"お金の使い方もですが，我が家とは桁が違いすぎて、ケタケタ笑いたいʅ（◞‿◟）ʃお手上げ~

こちらは、毎月，綱渡りの生活で，ヒヤヒヤε=ε=ε=ε=ε=ε=┌(;￣◇￣)┘

死ぬまでには，ハワイに行くで💝💝🤣
"
nccde4003f48a1,n621f434e0819,b90a8ac1c3438baca89b03b782148b13,ゆめふわ,super_dunlin8978,https://assets.st-note.com/production/uploads/images/269791551/profile_8d1c204059c757ca2321102cf571b2d6.jpg?fit=bounds&format=jpeg&quality=85&width=330,2026-05-01T20:47:29.932+09:00,この体験談を読んで、旅行の楽しさや素敵な思い出を感じる一方で、お金や予算の現実的なプレッシャーも実感しました。少し慌てる場面もあったけれど、それでも前向きな姿勢を保ち、この経験を生活スタイルを見直すきっかけにしているところが、とてもリアルで共感できます。
nc0ecf298fc156,nba126cd60af5,a22107a59de6e3303ee2b624b3e0858a,Imbue（インビュー）/文筆家/発達凸凹育児,imbue_kaleid,https://assets.st-note.com/production/uploads/images/250421889/profile_b0f56720aebb6d8ee14055b266debfc4.png?fit=bounds&format=jpeg&quality=85&width=330,2026-05-02T10:33:10.808+09:00,"よしひろさん、こんにちは✨
もうすぐフォロワーさん、1000人なんですね！👏

よしひろさんに聞きたいこと🤔

やっぱり...よしひろさんの「黒歴史」かな😂
（あれば😆）"
nc615898a074e7,nba126cd60af5,f0da0bfe90c41d34ee785dd67ec61613,くまごろう,kumagorou560,https://assets.st-note.com/production/uploads/images/269120769/profile_bb8e550a933a8e32aadbf169c399b091.png?fit=bounds&format=jpeg&quality=85&width=330,2026-05-02T10:10:55.044+09:00,"よしひろさんいつも記事拝読させていただいています。あと30人ほどでフォロワー1000人なんですね！すごすぎます😅
質問なんですけど、私は最近投資に興味を持ち始めてきて、投資する前に事前に少し勉強をしてからやりたいなって思ってるんですけど、よしひろさんはどんな勉強されました？"
nca7c16ebf7542,nba126cd60af5,bede9bd0a510b6a3b89dcb460dd51ef5,ルルトアヤコ,lovely_coyote546,https://assets.st-note.com/production/uploads/images/270436419/profile_35c1e2b2e8ef32be40119179aeef9fa1.png?fit=bounds&format=jpeg&quality=85&width=330,2026-05-02T12:33:30.588+09:00,"よしひろさん。あ
もうすぐ1,000人…
1,000人にちなんで、1,000円で好きなものを買うとしたら何を買いますか？

私は美味しいスイーツか喫茶店でワンランク上の˚✧₊⁎❝᷀ົཽ≀ˍ̮ ❝᷀ົཽ⁎⁺˳モーニングに行くかな？"
nc56d77933c67b,nba126cd60af5,1dd5cc6f11dc1d5e7c33c9ac01922824,keimama,keiko5066,https://assets.st-note.com/production/uploads/images/223953919/profile_de82aa306e133caf82b4ae253ad0173c.png?fit=bounds&format=jpeg&quality=85&width=330,2026-05-02T16:45:39.971+09:00,"よしひろさん、こんにちは😊
質問募集の企画、参加しやすくて素敵ですね✨せっかくなので質問です🙋‍♀️
これまでで一番「やってよかった挑戦」って何ですか？
お答え楽しみにしています🍀"
nce853b8abec31,nba126cd60af5,1b14ec5242b0f89c04e2ee53ca366e02,にゃんちー,alive_guppy3873,https://assets.st-note.com/production/uploads/images/247243911/profile_1556505783b49edbf889d17fa0f50227.png?fit=bounds&format=jpeg&quality=85&width=330,2026-05-02T16:15:11.374+09:00,"よしひろさん、こんにちは☀️

もうすぐ1000人😨😨😨
次元が違う😨😨😨🤣

マガジンへの掲載ありがとうございます🙇‍♀️


質問です🙋‍♀️

10代の恋愛と大人になってからの恋愛は違いますか？🙈🫢🤣





"
nc4429bfb54f67,nba126cd60af5,907edc26ecc556b380bd733caf94e5cc,JAU |  臨床検査技師×医療副業,jau_jau1001,https://assets.st-note.com/production/uploads/images/238898866/profile_b47389bc5953cb4d37cf45a1d4d208c2.png?fit=bounds&format=jpeg&quality=85&width=330,2026-05-02T15:18:50.149+09:00,"私は、やっぱりウイスキーですかね🤭✨w

最近のおすすめはありますか？"
nc8b599fd70647,nc5ae30b85408,d29c2432624c1087ec7f89cc2f079dbe,美咲サヤ,crisp_gecko6337,https://assets.st-note.com/production/uploads/images/267718350/profile_d73fda1af8e66cc2c55152264f38ff50.png?fit=bounds&format=jpeg&quality=85&width=330,2026-05-02T21:02:00.373+09:00,"よしひろさん、
初めまして、美咲サヤと申します。
先程はマガジンに追加していただき、ありがとうございました！
大変嬉しいです😂
ありがとうございました🙇‍♀️"
nca7837c4c0b88,nba126cd60af5,6387daced3412f56911efd0f8787e44a,椿みきこ🌸季節の花ごよみ,hirata_mikiko60,https://assets.st-note.com/production/uploads/images/238886147/profile_71a504244fe604943c4eb0a3c3c99742.jpg?fit=bounds&format=jpeg&quality=85&width=330,2026-05-02T20:09:29.666+09:00,"よしひろさん、毎度マガジン追加ありがとうございます🙏

お仕事しながら毎日投稿するために工夫していることは、ありますか？

時間的にたいへんだと思います😊"
nccdeb5a9d9f24,n1f0a26a7979c,270476713efd06789345179ce0406557,🌸くろにゃ－🌸,shiny_eel180,https://assets.st-note.com/poc-image/manual/preset_user_image/production/ic3fd94079689.jpg,2026-05-02T20:43:37.636+09:00,"よしひろさん
こんばんは
記事のマガジン紹介ありがとうございます。
これをご縁に読ませて頂きますね。
これからもよろしくお願いします。"
nc72daaf5a48e0,nba126cd60af5,32a3d5ec7b1b7751c0635f2e47ea2b11,あん｜noteと遊ぶ,aging_gracefully,https://assets.st-note.com/production/uploads/images/238258843/profile_52f43522d9e7e75a12acd9d6da59035c.png?fit=bounds&format=jpeg&quality=85&width=330,2026-05-02T22:19:56.680+09:00,"よっしーさん
こうゆうときパッと出ないのです。

フォロワーさん増やすことを意識したり何かしましたか？
フォローするのに何か決まりとかありますか？


"
nc23c9793fa50c,n1f0a26a7979c,55f93ac5262964a4284201e654fb67aa,ミカモ（Mica Moriya）,micha_mor,https://assets.st-note.com/production/uploads/images/260245602/profile_fc45cbbd67ce43c3f3659851e6b6bad0.png?fit=bounds&format=jpeg&quality=85&width=330,2026-05-02T22:52:29.642+09:00,"よしひろ様

こんばんは♪
マガジン追加いただきまして、ありがとうございます😊

皆さまとのご縁をいただ本当に感謝しております💕
素敵なゴールデンウィークになりますように✨

今後ともどうぞ宜しくお願いいたします🙇‍♀️"
ncbc1cede2b548,nba126cd60af5,dd29f4101ade0c3fd40fe940078a61a8,🍎taiwa‐asobi｜かおりんごー( *˙▿︎˙ )♪,236600,https://assets.st-note.com/production/uploads/images/114209840/profile_db37134a1479eec69c8e745134841967.jpeg?fit=bounds&format=jpeg&quality=85&width=330,2026-05-03T10:03:21.927+09:00,"よしひろさんこんにちは！
うーん、身を滅ぼすとは思いませんが、時間は溶けますね…🫠
好奇心の取捨選択の兼ね合いについて、質問したいでーす！
貴重性や期限に振り回されない基準を作りたいとは思うのですが…😌
何か、基準みたいなものって、ありますか？"
nc7ac9cf8641ac,nba126cd60af5,290f76d99eb40b676ce764b1c2a200e3,Takanashi（たかなし）,takanashi_note01,https://assets.st-note.com/production/uploads/images/235786177/profile_d3248e02f9810e16a0daf3e4a02bee0b.png?fit=bounds&format=jpeg&quality=85&width=330,2026-05-03T09:48:13.221+09:00,"好奇心は身を滅ぼすというのは、英語の「好奇心猫を殺す」という言葉に由来しているようですが……過度な好奇心はともかく、適度な好奇心は成長や発展のために、欠かせないものだと考えております。
個人的にはあまり、好きなことわざではないですね。

年間４０００時間、働いているとのことです。
一日の平均で、１０．９時間。
EC運営に携わっているようですが、労働基準監督署などからの指摘は無かったのでしょうか？
あるいは、裁量労働制で残業時間の対象外になっている？
最近社労士の勉強をはじめたため、非常に気になりました。"
nce4bdef285b3c,nba126cd60af5,dcaf51c5cb5c2c9724b67fec1c728544,みずか｜ほころんでは、ほどく。子どもとの日々から,mizuka__,https://assets.st-note.com/production/uploads/images/252096893/profile_487b0797252acba719f63d29347aa42a.jpeg?fit=bounds&format=jpeg&quality=85&width=330,2026-05-03T08:49:09.895+09:00,"よしひろさん、質問企画ありがとうございます😊🎵

よしひろさん的に、

「思ったよりも届かなかったなぁ（もっと届いたら嬉しいな）」とか、

「個人的には実は、けっこう大切にしてるんだよなぁ」と感じている、

ご自身の記事はありますか？
無料でも有料でも、どちらでも大丈夫です😌

その記事のURLを教えていただくのでも大丈夫ですし、もしくは、その記事のテーマや大切にしたいポイントだけを共有していただく形でも大丈夫です✨

よしひろさんのご無理のない範囲で教えていただければと思います🎵"
nc614528dd0e3c,n157f05a71488,099955dd1d1a0c52e23a74eb099c0986,限界集落で暮らす人｜ゆみ,yummies1980,https://assets.st-note.com/production/uploads/images/239025325/profile_ff64d507986dd7a1911a5b4a33db51b1.jpg?fit=bounds&format=jpeg&quality=85&width=330,2026-05-03T06:58:17.740+09:00,"わー♡お祝い企画いいですね！楽しみにしてます！！
ちょっと怖いのも、わくわくドキドキしちゃうのも、よしひろさんなら楽しめそう🥳応援しております📣"
ncfef475d080ee,nba126cd60af5,d29c2432624c1087ec7f89cc2f079dbe,美咲サヤ,crisp_gecko6337,https://assets.st-note.com/production/uploads/images/267718350/profile_d73fda1af8e66cc2c55152264f38ff50.png?fit=bounds&format=jpeg&quality=85&width=330,2026-05-03T13:31:18.046+09:00,"よしひろさん、
こんにちは。
美咲サヤです。

先程はマガジンに追加していただきありがとうございます！

とても嬉しいです！

ありがとうございました😊
"
nc993b3c6fdd02,n1a3c02edc33e,cce8d9c56dda94514ebc6afe246f0aa6,SKZS,skzs8739,https://assets.st-note.com/production/uploads/images/87111424/profile_feee3490051fda86c926b5a1c9451ea8.png?fit=bounds&format=jpeg&quality=85&width=330,2026-05-03T16:04:10.243+09:00,"素敵☺︎酔っぱさんですね。
フルーツビール美味しそうです♪
"
nc1bdc0ca6a745,n1a3c02edc33e,19b451b62a878a625c10ee5cab9241f3,さくさく|そっと寄り添う日々,jidoukan_judge,https://assets.st-note.com/production/uploads/images/246497504/profile_d454da088a7b330bc208869532422658.png?fit=bounds&format=jpeg&quality=85&width=330,2026-05-03T16:03:28.513+09:00,"よしひろさん！
こんにちは😊

素敵な休日が手にとるように伝わってきました✨️
やっぱり外での🍺最高ですね！悩ましいほどの種類😳

うわー！
美味しそうです😉✨️

素敵な休日のお裾分けをありがとうございます✨️🍀

そして、いつもマガジンへのお礼が出来ていなくてすみません。心より感謝です☺️✨️"
nced76d43b6cdb,n1a3c02edc33e,6387daced3412f56911efd0f8787e44a,椿みきこ🌸季節の花ごよみ,hirata_mikiko60,https://assets.st-note.com/production/uploads/images/238886147/profile_71a504244fe604943c4eb0a3c3c99742.jpg?fit=bounds&format=jpeg&quality=85&width=330,2026-05-03T16:03:26.492+09:00,"よしひろさん、楽しそうです！
お金の使い方が上手なんですね😊
人生の楽しみ方を見習いたいです💕"
nce2d9e5d8aa89,n1a3c02edc33e,1dd5cc6f11dc1d5e7c33c9ac01922824,keimama,keiko5066,https://assets.st-note.com/production/uploads/images/223953919/profile_de82aa306e133caf82b4ae253ad0173c.png?fit=bounds&format=jpeg&quality=85&width=330,2026-05-03T20:30:31.339+09:00,"よしひろさん、こんばんわ🌙
マガジン追加ありがとうございます🍀
フルーツビール🍷美味しそうですね✨"
nc5f176d0ba591,n1a3c02edc33e,9735e1bac7ba0bc5d0af33cf56157b08,enyo*えんよう🗝️,keyoflife_enyo,https://assets.st-note.com/production/uploads/images/240644209/profile_1ac1d8614044bc9c45db88b11d02d8f6.png?fit=bounds&format=jpeg&quality=85&width=330,2026-05-03T20:09:04.168+09:00,🍺🇧🇪✨😍😍😍
ncad18b442699e,n1a3c02edc33e,15b07889aa53dbf10c9cb1b67625f4b4,rika🌷,meina_rikamizuki,https://assets.st-note.com/production/uploads/images/238910767/profile_373a9816961e0c2decd5f9e33be51347.png?fit=bounds&format=jpeg&quality=85&width=330,2026-05-03T19:05:01.739+09:00,"フルーツビール美味しそう😋
良いですね！！
イベント楽しそう〜☺️✨"
ncf4985cded2f6,nba126cd60af5,1ef4435612c1f36fd963bcdd8ace0d73,のあ｜自分に戻る思索note,joyful_salvia906,https://assets.st-note.com/production/uploads/images/244581020/profile_a075505b43aab98267d3b165ed95521a.png?fit=bounds&format=jpeg&quality=85&width=330,2026-05-03T20:00:40.465+09:00,"よしひろさん、
こんばんは。
マガジン追加していただきうれしいです！
ありがとうございます✨"
ncd5933aa5ffb3,n2e22bf6de0cc,dc0840f35f24106c5f244d01ab394a61,AT,wm663,https://assets.st-note.com/production/uploads/images/264154117/profile_3c7d0b13f6eac4992763d261f7c75f21.png?fit=bounds&format=jpeg&quality=85&width=330,2026-05-03T20:58:45.040+09:00,よしひろさん いつも私の駄文  気にかけていただきありがとうございます😊マガジンにも追加してくださってたんですね…よくシステム分かってなくて…ありがとうございます🙏
ncf0edfe4c2eaf,n2e22bf6de0cc,642feb8f5adc6881427a51cac5ebfa92,五月美,jolly_sage745,https://assets.st-note.com/production/uploads/images/130214901/profile_d4c94205561a2846d6b5f2a6661ef2f8.jpg?fit=bounds&format=jpeg&quality=85&width=330,2026-01-25T08:20:36.827+09:00,"よしひろさん
マガジンありがとうございます🙇

嬉しいです

石の上にも三年と言いながら、確かに気持ちが曖昧やモヤモヤのまま三年は長く感じますが、逆に三年経ったから理解ができることも多いですね

でも、違う事に目を向けたことで振り返った時に何かが閃くときもあって、何が正解なのか実は進んでいかないと答えなんて広がらないです😊

ただ、無理をしてが無理をし過ぎて「これが正解なんだ」と勝手に理屈をこねて思いがちですが、さすがに視野が狭くなるのも嫌なので、よしひろさんの言うとおりガッツリじゃないけど携わったままいてると、今までこの場所でできなかったこと、不安だったことも時が経って気が付いたら「できてるやん」ってなってます✨✨

noteもその一つです！

あのドキドキした最初の投稿も、今やポチっと素直に押せてます😊"
nc8bd8c722fb74,n2e22bf6de0cc,94518051b69fff25a91c76f6db742243,星ママ | AI×主婦,hoshimama3,https://assets.st-note.com/production/uploads/images/229421450/profile_1ba394f2d73f9d211c88afe12979b14a.jpeg?fit=bounds&format=jpeg&quality=85&width=330,2026-01-23T23:50:27.395+09:00,"よしひろさん
マガジン追加ありがとうございます😊

やめるのもアリな時代だけど、
ゆるく続けてると楽しいことも増えますよね。

欲も数字も含めて「それも自分」って思えました。
私もマイペースで、note続けていきたいです😊
"
ncc35b79f17095,n2e22bf6de0cc,9735e1bac7ba0bc5d0af33cf56157b08,enyo*えんよう🗝️,keyoflife_enyo,https://assets.st-note.com/production/uploads/images/240644209/profile_1ac1d8614044bc9c45db88b11d02d8f6.png?fit=bounds&format=jpeg&quality=85&width=330,2026-01-23T08:16:01.676+09:00,"よしひろさん
おはようございます☀

今の時代の続ける事の難しさや、こういう時代だからこその自分の素直さの大切さなど、
うんうん深く頷きながらも、心がするりと軽くなるような素敵な記事を読ませて頂きました🩵✨

マガジンに追加していただき嬉しいです！ありがとうございます🕊️
"
nc23a0b9df5d68,n2e22bf6de0cc,3a25989705d811d276a669c386e1263a,まなつ/突出マイノリティ列伝,tosshutsu_m,https://assets.st-note.com/production/uploads/images/270829435/profile_710697fc3d1bae7e7da7a9140421298b.png?fit=bounds&format=jpeg&quality=85&width=330,2026-01-23T04:28:42.753+09:00,マガジンへの追加に感謝します！よかったら仲良くしてください✨
ncd1a7a16744b3,n1a3c02edc33e,66989c1654239518958021ca88bc46ce,あかまるメディラボ,lofty_sorrel169,https://assets.st-note.com/production/uploads/images/238844927/profile_d993ab11faab495372fefe5fe52d04f3.png?fit=bounds&format=jpeg&quality=85&width=330,2026-05-04T20:07:46.063+09:00,"やっほ〜よしひろさん🔴🍺
マガジン追加感謝です🙏✨
100種類から選ぶの絶対迷いますね🤣
フルーツビール愛、しっかり伝わりました🍒
楽しい記事ありがとうございました🔴"
nc8c5b86cc6101,n1f0a26a7979c,031a96c67c576e3bfc12a86d2606bd97,ココミチ＠ゆきの,hot_mink9599,https://assets.st-note.com/production/uploads/images/212559417/profile_9dbf6c222d0c87810aeff185afbd7f95.jpg?fit=bounds&format=jpeg&quality=85&width=330,2026-05-04T21:23:46.855+09:00,"よしひろさん、こんばんは
はじめまして、ゆきのと申します

「あなたの気持ちが嬉しいのです!!」に
「渡りきれない夜は、橋の途中でいい」を
迎え入れてくださりありがとうございます

気持ちをうれしいと、まっすぐに受け取ってくださる
マガジン名のあたたかさの中に置いていただけたことを
うれしく受け取っています

橋の途中にいる誰かのそばに、届くものになれたら
うれしく思います

ゆきの"
ncfc913948ff1c,n9c922f75c9b3,db762f41c26d6f8c981415a55d822066,miyuri,miyuriii,https://assets.st-note.com/production/uploads/images/222249273/profile_758483b17b89d1dffd8ba28f3cf4fcaa.png?fit=bounds&format=jpeg&quality=85&width=330,2026-05-05T00:31:31.469+09:00,"よしひろさん、こんばんは！
お久しぶりです😊
マガジンに掲載いただき、ありがとうございます✨

さては笑いに来ましたね😆
どうぞ笑ってやってください🤣

ありがとうございます✨"
nc55e5bd4dddc6,n9c922f75c9b3,b8557676b9b9f55fdf2e83f6be32687e,そるっち,joyous_salvia264,https://assets.st-note.com/production/uploads/images/218889598/profile_f238954a960970b60bf87645f39e0483.png?fit=bounds&format=jpeg&quality=85&width=330,2026-05-05T06:38:27.531+09:00,"よしひろさん、おはようございます😃
マガジンに掲載いただきまして、ありがとうございます💕

AIはルール通りに動くことは得意ですが、
曖昧さやゆるさのような部分は、やはり人間ならではのものだなと感じました。

「なんか楽しそう」「ちょっとやってみたい」という気持ちで動けるのも、
人間のいいところですよね。
読んでいて、肩の力が少し抜けるような気持ちになりました😌

ありがとうございました🥰"
ncda23e04ae149,ne97ea9c6de27,5792beedf51dea6547b4b3d298482ab4,丁寧な暮らし/生きやすさ探求家,gentle_gecko1078,https://assets.st-note.com/production/uploads/images/272850856/profile_5078d7016e37422cee3be424742ee433.png?fit=bounds&format=jpeg&quality=85&width=330,2026-05-05T06:59:55.150+09:00,"ツルですね！
ちなみにこの記事は心が動いたので購読しました♪
正解でした🤗"
nc449c46d8c024,na203a65edb82,5792beedf51dea6547b4b3d298482ab4,丁寧な暮らし/生きやすさ探求家,gentle_gecko1078,https://assets.st-note.com/production/uploads/images/272850856/profile_5078d7016e37422cee3be424742ee433.png?fit=bounds&format=jpeg&quality=85&width=330,2026-05-05T13:10:08.968+09:00,"コングラのビューア、
すっきりしていいですね！✨"
nc11bdc1416190,na203a65edb82,0dd0f292f2330e0fc1e9b856649644d8,どこかにあるはず日記,wanyu_dokoaru,https://assets.st-note.com/production/uploads/images/272799920/profile_aef8e7044414627e6859a05edce15e71.png?fit=bounds&format=jpeg&quality=85&width=330,2026-05-05T11:25:24.376+09:00,"いつもマガジンに取り上げてくださり、ありがとうございます😊
今、noteで新しいチャレンジ中です。これからもよろしくお願いします♪"
nc3b56625f46f2,nc5ae30b85408,1aca3ffd7b22c8b0ced79d7f4963f990,いそひよ,isohiyo_310,https://assets.st-note.com/production/uploads/images/250162492/profile_bf1935138237d8eb7032e54430c9729d.png?fit=bounds&format=jpeg&quality=85&width=330,2026-05-05T11:07:59.233+09:00,"よしひろさん

はじめまして。
noteを始めてたった3ヶ月ですが、
既に変わって、以前の自分には戻れない感覚に戸惑っている今日この頃です。

変化を楽しめるようになると嬉しいです😅

"
nca2c2a2c1da5a,na203a65edb82,bc18c45daaece1b8d5576deddda5ac86,結帆の『こっそり神様手帖』もやもやと向き合う旅,kossori_yuiho,https://assets.st-note.com/production/uploads/images/272254266/profile_de8c5895c1383cefa404230a4417062a.png?fit=bounds&format=jpeg&quality=85&width=330,2026-05-05T18:29:11.348+09:00,"こんばんは。
いつもマガジンに追加してくださり、ありがとうございます😊

コングラのビューア、すっきりしていてかわいいですね。
でも確かにドヤ感は出ませんね(笑)"
nca9ccacadd9f4,n143dee8f2f91,035df13a6fb6cea89fb5492ced6b8343,静かな設計,grand_camel494,https://assets.st-note.com/production/uploads/images/273258456/profile_1022129e8f66e85ce028cfb7696bd3e9.png?fit=bounds&format=jpeg&quality=85&width=330,2026-05-05T19:13:42.115+09:00,前向きですね
ncdfa8084702fc,nba126cd60af5,8d44ff930921cfa7df70bf675acdb279,カッパさん(あの頃の君達へ),1kappasan,https://assets.st-note.com/production/uploads/images/197000013/profile_8f16085208b5aaa6286257d620e11e69.jpg?fit=bounds&format=jpeg&quality=85&width=330,2026-05-05T19:50:24.749+09:00,"よしひろさん
マガジン追加ありがとうございました。1000人、間もなくですね。＼(^o^)／。"
ncf9ca0f2233e2,na203a65edb82,907edc26ecc556b380bd733caf94e5cc,JAU |  臨床検査技師×医療副業,jau_jau1001,https://assets.st-note.com/production/uploads/images/238898866/profile_b47389bc5953cb4d37cf45a1d4d208c2.png?fit=bounds&format=jpeg&quality=85&width=330,2026-05-05T20:16:29.238+09:00,"よしひろさん！こんばんは♪

ビューア機能、なるほどです✨
勉強になります🙇‍♂️✨

って、これだけのコングラ凄すぎですよ〜🤩✨"
nc62b8f9335cb0,n1a3c02edc33e,f19d138b5f57bc35ca0f56f51ab37ac5,りーまむ,ri_mam,https://assets.st-note.com/production/uploads/images/186523962/profile_939af6d936ad6ca5456ee55e7d9d6404.jpeg?fit=bounds&format=jpeg&quality=85&width=330,2026-05-05T21:11:22.496+09:00,"1年前のつぶやき記事、覚えてますよ〜🍺

おいしそうでしたもん、
いいなぁって思ってましたもん

あれから1年ですか、
早いですねぇ🍀

今年のビールも美味しそう😊"
nc184a1bbc73fb,na203a65edb82,f124073c849b0b9f8e62e38c9693cb1f,🇯🇵🌸Sakura SUN☀🌐,legit_nerine9558,https://assets.st-note.com/production/uploads/images/235884817/profile_3f65d23409ab936ec04a245b20478862.png?fit=bounds&format=jpeg&quality=85&width=330,2026-05-06T00:53:37.811+09:00,"文章作りの丁寧さ。
に惹かれました。
これからもよろしくお願い致します😊"
nc49518947923c,na203a65edb82,db762f41c26d6f8c981415a55d822066,miyuri,miyuriii,https://assets.st-note.com/production/uploads/images/222249273/profile_758483b17b89d1dffd8ba28f3cf4fcaa.png?fit=bounds&format=jpeg&quality=85&width=330,2026-05-05T23:40:51.602+09:00,"よしひろさん、こんばんは！
マガジンに掲載していただき、ありがとうございます✨

コングラボード42枚も獲得されたんですか👀
スゴすぎる😱
おめでとうございます🎉

ビューアのイラストがかわいいですね😍
ドヤってない感じが逆にいいなと思いましたよ😊"
nc08673e821f16,na203a65edb82,32a3d5ec7b1b7751c0635f2e47ea2b11,あん｜noteと遊ぶ,aging_gracefully,https://assets.st-note.com/production/uploads/images/238258843/profile_52f43522d9e7e75a12acd9d6da59035c.png?fit=bounds&format=jpeg&quality=85&width=330,2026-05-05T22:53:50.269+09:00,"ビューアにコングラ！！
いいですね〜
今まで画像でまとめてましたよね。
それより見やすいですね〜
確かにデーンて感じではありませんが。
スゴイ枚数です！"
nc1a545b128cae,nc32ca997ea75,1b14ec5242b0f89c04e2ee53ca366e02,にゃんちー,alive_guppy3873,https://assets.st-note.com/production/uploads/images/247243911/profile_1556505783b49edbf889d17fa0f50227.png?fit=bounds&format=jpeg&quality=85&width=330,2026-05-06T10:42:18.670+09:00,"よしひろさん、おはようございます☀

マガジンへの掲載ありがとうございます🙇‍♀️

喫茶の記事とこの記事でとても考えさせられます🥹
どちらの記事にも共通するような、通ずるものがあって、頭の中がぐるぐると色んな言葉が飛び交っていて、上手く言葉に出来ません🤣

これは思考の整理が必要です😂

"
ncb6c2413ff1bc,ndb4a5f6a29c1,3532866ebd0bb02c701bb6358bbfe4b7,kuuki（くーき）,kuuki_,https://assets.st-note.com/production/uploads/images/15386656/profile_ab8d4d3cdd6dde04a5b26850ca22310d.jpeg?fit=bounds&format=jpeg&quality=85&width=330,2026-05-06T12:47:37.169+09:00,コスパ、タイパの主語は相手だと。目からウロコでした。
nccafc2b9baf5f,na203a65edb82,35032a872ef338f6bbc0a85288de5944,あまね〘ฅ՞•ﻌ•՞ฅฅ^•ﻌ•^ฅ〙,almabrillante,https://assets.st-note.com/production/uploads/images/270451364/profile_78017c668dbe9b00fb7cca620f05f8aa.png?fit=bounds&format=jpeg&quality=85&width=330,2026-05-06T18:45:46.807+09:00,"フォロワーさんがピッタリ1,000人！🫢✨
おめでとうございます🎉"
ncdd503c42fd7a,nc75b6eb4eafe,b9a1a989df163d0ef54b74101d60d8e0,T-chi@kultgar,godpgg100,https://assets.st-note.com/production/uploads/images/272379007/profile_32004182baa68712b696604f7d6181f6.jpeg?fit=bounds&format=jpeg&quality=85&width=330,2026-05-06T17:12:49.801+09:00,"月100万は凄いですね😵
私は逆パターンで
結婚して
ピタっと浪費しなくなりました
生活費でカツカツといのも
あるのですが😅
自分で使う余裕があるなら
家族の為か未来の投資に
使いたいなと"
ncf981f5ef3049,n1f0a26a7979c,5740066a21e7ada5e58ac35c6358f2d8,にゃんこ,merry_tern7477,https://assets.st-note.com/production/uploads/images/271405207/profile_045026d03884432d87060e59ff365c2c.jpeg?fit=bounds&format=jpeg&quality=85&width=330,2026-05-06T15:59:01.621+09:00,"よしひろ様
マガジンに追加してくださり
驚きと嬉しさで、
感謝いたします。

no+eのマナーや作法がよくわかっておらず
取り急ぎここに書きます、
本当にありがとうございました
にゃん"
nc83836209d138,n1f0a26a7979c,2d406665091dc8a0c2999ebfd0d8aa51,ふくふく,rapid_abelia74,https://assets.st-note.com/production/uploads/images/199863135/profile_fd5c1143f3022a450752d18a86437b41.png?fit=bounds&format=jpeg&quality=85&width=330,2026-05-06T15:42:07.254+09:00,"よしひろ様

こんにちは。
マガジンに追加していただき嬉しいです。
ありがとうございます🙇‍♀️
よしひろさまの記事も楽しく読ませていただきました。

「体重はなかなか落ちないのに、
お金は驚くほどスルスル落ちていく」
とてもよく分かります🫣

これからも記事の発信を楽しみにしています✨

"
nce7874df2d277,na203a65edb82,1dd5cc6f11dc1d5e7c33c9ac01922824,keimama,keiko5066,https://assets.st-note.com/production/uploads/images/223953919/profile_de82aa306e133caf82b4ae253ad0173c.png?fit=bounds&format=jpeg&quality=85&width=330,2026-05-06T22:23:24.536+09:00,"よしひろさん、こんばんは😃🌃
コングラボードの積み重ね、本当にすごいなぁと感じました✨
バタバタの中でも新しいことに挑戦されている姿、素敵だなぁと思います🍀
変化の中での気づき、すごく共感しました😌"
ncd1c954769884,nba126cd60af5,db762f41c26d6f8c981415a55d822066,miyuri,miyuriii,https://assets.st-note.com/production/uploads/images/222249273/profile_758483b17b89d1dffd8ba28f3cf4fcaa.png?fit=bounds&format=jpeg&quality=85&width=330,2026-05-07T01:10:53.983+09:00,"よしひろさん、こんばんは！
マガジンに掲載いただき、ありがとうございます✨

今見たらフォロワーがちょうど1000人ですよ！
おめでとうございます🎉

それにしてもこのアイキャッチとかこの画像がめっちゃかわいいいんですけど、
これ、よしひろさん作ですか?

すっごいかわいい😍

いつもありがとうございます✨"
ncfcbc2751c7a5,n9c922f75c9b3,290f76d99eb40b676ce764b1c2a200e3,Takanashi（たかなし）,takanashi_note01,https://assets.st-note.com/production/uploads/images/235786177/profile_d3248e02f9810e16a0daf3e4a02bee0b.png?fit=bounds&format=jpeg&quality=85&width=330,2026-05-07T09:25:57.560+09:00,"AIが得意なのは、無限大の情報から１つにまとめることだと思います。
ですが、０から１にすること。
これは、人間だけができることだと考えております。

そのきっかけは、記事にもあるように「気まぐれ」かもしれません。
そういうところから、ヒントを得て０から１になる、新たな概念、商品が生まれる。
それが人間の最大の強みと、私は信じております。"
nc3a6592ca706b,n1f0a26a7979c,47516e46043a63100a906243cb142abc,太めのスローロリス,sane_zinnia9945,https://assets.st-note.com/production/uploads/images/270199774/profile_fea512eb92442ee5df26b74b3bb4e1f6.png?fit=bounds&format=jpeg&quality=85&width=330,2026-05-07T10:20:18.473+09:00,"こんにちは。マガジンへ追加していただきありがとうございます。
マガジンもnote自体も手探りな日々を過ごしています。
今後ともどうぞよろしくお願いします。
😊"
nc39116e685ae4,n1f0a26a7979c,b8557676b9b9f55fdf2e83f6be32687e,そるっち,joyous_salvia264,https://assets.st-note.com/production/uploads/images/218889598/profile_f238954a960970b60bf87645f39e0483.png?fit=bounds&format=jpeg&quality=85&width=330,2026-05-07T08:44:01.987+09:00,"よしひろさん、こんにちは😊 
マガジンへの追加、ありがとうございます💕
 以前も追加していただいていたのに、お礼が遅くなってしまいすみません。

 「日常という名の贅沢」という言葉がとても印象的で、読んでいて静かに満たされるような気持ちになりました。 
一つ一つの暮らしの描写がとても豊かで、こちらまで穏やかな時間をいただいたような気がしました☺️"
nc20d77a79f1e2,nf5fcdcfb8a24,6387daced3412f56911efd0f8787e44a,椿みきこ🌸季節の花ごよみ,hirata_mikiko60,https://assets.st-note.com/production/uploads/images/238886147/profile_71a504244fe604943c4eb0a3c3c99742.jpg?fit=bounds&format=jpeg&quality=85&width=330,2026-05-07T12:33:44.260+09:00,"よしひろさん！
フォロワー1000人おめでとうございます！
キリがいいですよね😊

早口言葉みたいなタグ、ほかと重ならなくて便利です。
期限は5月17日までですね👌"
nc0b3ae011ee38,n1b1056d9277e,a790aa624dded68d048acf235b85cc3c,柴わんこ,shibawaka555,https://assets.st-note.com/production/uploads/images/238902723/profile_e9480392b9cdfa2e109591cf8bd585ee.png?fit=bounds&format=jpeg&quality=85&width=330,2026-05-07T12:26:24.401+09:00,これから有料記事書いてみようかなって人、書いたけど思うような結果にならなくって辞めようかと思っている人にも、気付きが多い記事だと私は思いました。⑧に関しては、私は苦手意識が結構あるので、参考になりました✨長く愛読させていただいていますが、もやもやを言語化するのが苦手な私は、よしひろさんの記事が助かっています。いつも、丁寧に書いてくださって、ありがとうございます😊
nc57b33c2e27da,nba126cd60af5,c068f7865d8e0da6555ec8d5b896bf89,くすり。。,crystal_shine,https://assets.st-note.com/production/uploads/images/236251541/profile_ab33998a42f921a3d102004f1dc24467.png?fit=bounds&format=jpeg&quality=85&width=330,2026-05-07T13:10:33.291+09:00,"よしひろさん

こんにちは☀️
いつも、マガジン追加ありがとうございます😊
そして、フォロワー1000人
おめでとうございます㊗️🎉

それから、私、出遅れてしまいましたー！

質問するつもりやったのに！！
というわけで、またの機会をお待ちしています🍀"
nc9b7c239de447,nf5fcdcfb8a24,1dd5cc6f11dc1d5e7c33c9ac01922824,keimama,keiko5066,https://assets.st-note.com/production/uploads/images/223953919/profile_de82aa306e133caf82b4ae253ad0173c.png?fit=bounds&format=jpeg&quality=85&width=330,2026-05-07T18:28:28.661+09:00,よしひろさん、マガジン追加ありがとうございます🍀😌🍀
nc88032ad780d5,nf5fcdcfb8a24,031a96c67c576e3bfc12a86d2606bd97,ココミチ＠ゆきの,hot_mink9599,https://assets.st-note.com/production/uploads/images/212559417/profile_9dbf6c222d0c87810aeff185afbd7f95.jpg?fit=bounds&format=jpeg&quality=85&width=330,2026-05-07T16:24:31.509+09:00,"よしひろさん、こんにちは

「自分を好きになれない日に」をマガジンに加えてくださり
ありがとうございます

そしてフォロワー1,000人達成おめでとうございます

記念企画の「新しいチャレンジの後押しになったら」という
言葉に、あたたかさを感じました

こうして重ねてご縁をいただけることに感謝しています

ゆきの"
nc336ed24e7030,nef7b143bfe4b,6ba315010b701341dce8d8723b90ee3c,さくら,sakura_wellness,https://assets.st-note.com/production/uploads/images/271348454/profile_596a4f7c4e29751c2f01a0c148e0dfed.png?fit=bounds&format=jpeg&quality=85&width=330,2026-05-07T19:29:39.789+09:00,"よしひろさん、こんにちは。
言語化してくださってありがとうございます。

Oui  ノンノン🙂‍↔️ 
自分の軸に後押しされました❤️"
nc80260fc49d68,nf5fcdcfb8a24,97de8096a6a59c424edc493fbee39598,てぃー,team_and_co,https://assets.st-note.com/production/uploads/images/209989191/profile_9cbd068e0f735456d6dc5985de73be5f.png?fit=bounds&format=jpeg&quality=85&width=330,2026-05-07T22:37:46.632+09:00,"たてまえでも本音でーもー
本気でも嘘っぱちでもー
限られた時間のなかでー
借りものの時間のなかでー
本物の夢を見るんだー
本物の夢を見るんだー

いいお題ですね！期限はあるんで参加してまたコメントしますね😊！

あらためて！1000人おめでとう御座います♪"
nced7e29877cf1,nf5fcdcfb8a24,9735e1bac7ba0bc5d0af33cf56157b08,enyo*えんよう🗝️,keyoflife_enyo,https://assets.st-note.com/production/uploads/images/240644209/profile_1ac1d8614044bc9c45db88b11d02d8f6.png?fit=bounds&format=jpeg&quality=85&width=330,2026-05-07T20:04:27.992+09:00,"よしひろさん❣️

1,000人
おめでとうございまーす🍾㊗️🎊
そして、その中の１つの貴重なご縁をありがとうございます🌷"
nc7f0ab675b530,nf5fcdcfb8a24,2d406665091dc8a0c2999ebfd0d8aa51,ふくふく,rapid_abelia74,https://assets.st-note.com/production/uploads/images/199863135/profile_fd5c1143f3022a450752d18a86437b41.png?fit=bounds&format=jpeg&quality=85&width=330,2026-05-07T22:48:48.554+09:00,"よしひろ様

こんばんは🌙
フォロワー１０００人登録おめでとうございます㊗️
マガジン登録もしていただき、嬉しいです😊ありがとうございます🙇‍♀️
楽しいチャレンジ企画ですね✨　
これからも読ませていただくのを楽しみにしています🙂‍↕️"
ncc723690537f5,nf5fcdcfb8a24,d58df56d72e51835fa8597640954d50b,道草ノート🌿ゆう,koya1970,https://assets.st-note.com/production/uploads/images/239663389/profile_49bb32f5cdb12b8a92a46112d883daf1.png?fit=bounds&format=jpeg&quality=85&width=330,2026-05-08T10:18:13.014+09:00,"よしひろさん
フォロワーさん1000人との繋がりおめでとうございますっ\( ˆoˆ )/
マガジンにもいつも入れていただいて感謝感謝です！
(人*´∀`)ステキな企画も楽しみです〜✨これからもよろしくお願いいたします♪"
nc6d11e582d54d,nf5fcdcfb8a24,015037404761902ab6353eab77a5ddfe,ゆかいな山,yukaiyama,https://assets.st-note.com/production/uploads/images/187377393/profile_9f501afa0524739a6c4fab2d21d3de93.png?fit=bounds&format=jpeg&quality=85&width=330,2026-05-08T15:00:37.012+09:00,"書きましたー❗
フォロワー1000人、おめでとうございます✨
https://note.com/yukaiyama/n/na1a5d3922829"
nc6f52ba1dedcc,nf5fcdcfb8a24,32a3d5ec7b1b7751c0635f2e47ea2b11,あん｜noteと遊ぶ,aging_gracefully,https://assets.st-note.com/production/uploads/images/238258843/profile_52f43522d9e7e75a12acd9d6da59035c.png?fit=bounds&format=jpeg&quality=85&width=330,2026-05-08T14:05:15.641+09:00,"よっしーさん
フォロワーさん1000人、おめでとうございます🎉

https://note.com/aging_gracefully/n/n30a6e3d6fffa?app_launch=false

お題、夢
参加しますよ〜"
nc461e99a39f2a,nf5fcdcfb8a24,d29c2432624c1087ec7f89cc2f079dbe,美咲サヤ,crisp_gecko6337,https://assets.st-note.com/production/uploads/images/267718350/profile_d73fda1af8e66cc2c55152264f38ff50.png?fit=bounds&format=jpeg&quality=85&width=330,2026-05-08T11:45:48.369+09:00,"よしひろさん、
フォロワー1000人、おめでとう御座います🎊🥳

そしてマガジン追加をいつもありがとうございます！
"
nceceb1a66a6da,nf5fcdcfb8a24,a22107a59de6e3303ee2b624b3e0858a,Imbue（インビュー）/文筆家/発達凸凹育児,imbue_kaleid,https://assets.st-note.com/production/uploads/images/250421889/profile_b0f56720aebb6d8ee14055b266debfc4.png?fit=bounds&format=jpeg&quality=85&width=330,2026-05-08T11:24:18.923+09:00,"よしひろさん、こんにちは✨
フォロワー1000人おめでとうございます🎊
そしてメンバーシップにご参加いただき、ありがとうございます🙇
そしてそして！
楽しそうな企画、是非参加したいです🥰"
nc28a6ea880047,n37be7ce8e679,6387daced3412f56911efd0f8787e44a,椿みきこ🌸季節の花ごよみ,hirata_mikiko60,https://assets.st-note.com/production/uploads/images/238886147/profile_71a504244fe604943c4eb0a3c3c99742.jpg?fit=bounds&format=jpeg&quality=85&width=330,2026-05-08T14:29:31.000+09:00,"よしひろさん、1年で500部達成おめでとうございます！
note楽しんでますね～😊

フォロワー1000人企画もありましたね！
17日まで、思い出しました！"
nc40a8c9193e98,nb093117cfcf0,2d406665091dc8a0c2999ebfd0d8aa51,ふくふく,rapid_abelia74,https://assets.st-note.com/production/uploads/images/199863135/profile_fd5c1143f3022a450752d18a86437b41.png?fit=bounds&format=jpeg&quality=85&width=330,2026-05-08T12:47:53.623+09:00,"よしひろさま

こんにちは☀
noteでお世話になり、ありがとうございます☺️
よしひろさんの記事でどれを読もうかな〜と探していたなかで、空白の題名が気になり読ませていただきました✨
おもしろい試みですね🤭"
nc0d2a3c1a1676,nf5fcdcfb8a24,0ac8da2f5df6a1ac9a3c0bfbc48d2047,そらとうみ,leal_tapir945,https://assets.st-note.com/production/uploads/images/256905642/profile_324cdd57af1b5dd5377849bdce6f1226.jpeg?fit=bounds&format=jpeg&quality=85&width=330,2026-05-08T18:01:41.228+09:00,"初めまして
そらとうみです
あんさんから
この企画を教えて頂き
参加させて頂きました✨💖

https://note.com/leal_tapir945/n/n76218578a93d
です
良かったら覗いてみてください
ありがとうございます✨💖"
ncf6d62a210aa2,nf5fcdcfb8a24,35032a872ef338f6bbc0a85288de5944,あまね〘ฅ՞•ﻌ•՞ฅฅ^•ﻌ•^ฅ〙,almabrillante,https://assets.st-note.com/production/uploads/images/270451364/profile_78017c668dbe9b00fb7cca620f05f8aa.png?fit=bounds&format=jpeg&quality=85&width=330,2026-05-08T19:33:14.266+09:00,"おぉ！企画🤩✨

夢ですか…夢……🤔
よし、書きま～す♪⸜(*˙꒳˙*)⸝

‪‪✍️‪‪✍️🦌🦌（かくかくしかじか笑）
タグをつけるのを忘れそう、というのが、あまね最大の難関です🤣

あ、あらためまして
1,000人達成おめでとうございます㊗️🎊👏😆✨"
ncb51509a0877b,nf5fcdcfb8a24,907edc26ecc556b380bd733caf94e5cc,JAU |  臨床検査技師×医療副業,jau_jau1001,https://assets.st-note.com/production/uploads/images/238898866/profile_b47389bc5953cb4d37cf45a1d4d208c2.png?fit=bounds&format=jpeg&quality=85&width=330,2026-05-08T18:55:01.215+09:00,"よしひろさん〜！フォロワー1000人！
おめでとうございます🎉

もちろんやりますよ！私も🤩
タグも面白い🤣✨w

また後ほど〜🙇‍♂️✨"
ncd3c452207748,n37be7ce8e679,907edc26ecc556b380bd733caf94e5cc,JAU |  臨床検査技師×医療副業,jau_jau1001,https://assets.st-note.com/production/uploads/images/238898866/profile_b47389bc5953cb4d37cf45a1d4d208c2.png?fit=bounds&format=jpeg&quality=85&width=330,2026-05-08T18:50:18.380+09:00,"500部〜🤩✨アメージング🎊

よしひろさん！
本当におめでとうございます🙇‍♂️✨
この数字ヤバすぎる💦私がこの数字に達するにはあと何年かかるやら😱

これからもよしひろさんから学ばせていただきます🙇‍♂️✨"
ncba0bc436c9e8,nf5fcdcfb8a24,23e78cfab6f2de9a5a72e4b8281e05ba,志乃,gay_okapi3125,https://assets.st-note.com/production/uploads/images/273332795/profile_4f5eef7542445323544bcadc430cf640.png?fit=bounds&format=jpeg&quality=85&width=330,2026-05-09T00:25:29.310+09:00,"よしひろさん
こんばんは(○´U`○)
いつもマガジン追加
ありがとうございます😊
フォロワ様1000人
おめでとう御座います✨

わたしも今回の企画に参加させて頂きました✨

https://note.com/gay_okapi3125/n/n0ee0c46f831f

くだらないですが
お時間がある時にどぞ😊
素敵な企画をありがとうございました✨"
nc535369ce1c4f,nf5fcdcfb8a24,0ac8da2f5df6a1ac9a3c0bfbc48d2047,そらとうみ,leal_tapir945,https://assets.st-note.com/production/uploads/images/256905642/profile_324cdd57af1b5dd5377849bdce6f1226.jpeg?fit=bounds&format=jpeg&quality=85&width=330,2026-05-08T23:51:07.602+09:00,"こんばんは
よしひろさん
光栄にもマガジンへ
追加頂きありがとうございます✨💖
心より感謝します✨

フォロワーさん1000人凄いです✨おめでとうございます㊗️"
nc468babb180cd,nf5fcdcfb8a24,1e4cfb433cfbcc10e84af5dacc90bd4d,かめ子のWeb修行🐢,yukkuri_kamesan,https://assets.st-note.com/production/uploads/images/273795562/profile_6ea568c1405f4dc007aff18fc5047c95.jpg?fit=bounds&format=jpeg&quality=85&width=330,2026-05-08T23:31:22.101+09:00,"よしひろさん

はじめまして、かめ子と申します🐢
マガジンへ追加いただきありがとうございます🙇🏻‍♀️

フォロワーさん1000人達成！おめでとうございます🎉
「夢」がテーマのこちらの企画もとても素敵ですね✨
皆さんの夢記事、とってもワクワクしちゃいます👀

よしひろさんの記事も楽しみにしております🐢✨"
nc70c2f3f5be1c,nf5fcdcfb8a24,f70038deb9c5f3f87c2ee7969a2cf523,不屈の屈葬,fukutsunokussou,https://assets.st-note.com/production/uploads/images/228082209/profile_bc2555e2c34c9857d7b2291bb9e9cc80.png?fit=bounds&format=jpeg&quality=85&width=330,2026-05-08T23:21:46.629+09:00,"おおおお！！1000人おめでとうございます！！
にしても激熱な企画じゃないっすか！
夢･･･なるほどー！！
ちょっと個人的にバタバタしてるんですが、できる限り参加します！
(間に合うかな…)
とにかく祭りが盛り上がるといいですね～！！"
nc420eca9fa7f0,nf5fcdcfb8a24,32f550dffe989e6d35ff91b609a17829,めぐり,meguri_note,https://d2l930y2yx77uc.cloudfront.net/assets/default/default_profile_3-39088fff430aa9ec11d6e2a385dbcad45c8b79bde6c0c9ded10cd7abb960174f.png,2026-05-08T23:19:20.384+09:00,"よしひろさん
フォロワー1000人
おめでとうございます🎊🎉

そして、いつもマガジンに追加くださり感謝しております。
本当にありがとうございます♪"
nced76df39031d,n37be7ce8e679,704663f48a1e06dc09c61069a4dd39c8,紅茶🫖｜言葉で自分を整える人  ,usagi_no_mimi_,https://assets.st-note.com/production/uploads/images/260923743/profile_037296bb383b7b464cc7b599e5d67585.jpg?fit=bounds&format=jpeg&quality=85&width=330,2026-05-09T00:32:19.142+09:00,"よしひろさん、こんばんは。
ほんとだ！アメイジング〜♬
おめでとうございます🌟

（マガジンへの追加いつもありがとうございます🙏）"
ncbdd57ec5e2c8,n37be7ce8e679,bede9bd0a510b6a3b89dcb460dd51ef5,ルルトアヤコ,lovely_coyote546,https://assets.st-note.com/production/uploads/images/270436419/profile_35c1e2b2e8ef32be40119179aeef9fa1.png?fit=bounds&format=jpeg&quality=85&width=330,2026-05-08T22:53:13.728+09:00,"500部、部〜？

同じ頃に始めてるハズやのに…やはり個人差ありありですわぁ💦💦👏🏼👏🏼

おめでとう御座います㊗️

私もまだまだ追い付かない…

追いつこうともしてないからか…🤣🤣

少しは思ってるよ、すこしはね🫣
がんばろ〜っと！！！！！！

でも1年前の同じ日に、なんてシンクロやね！すごいね〜"
nc36b2f9d7acbb,n1b1056d9277e,bede9bd0a510b6a3b89dcb460dd51ef5,ルルトアヤコ,lovely_coyote546,https://assets.st-note.com/production/uploads/images/270436419/profile_35c1e2b2e8ef32be40119179aeef9fa1.png?fit=bounds&format=jpeg&quality=85&width=330,2026-05-08T22:45:56.426+09:00,"やっぱ、言語化王子さまなんよ〜よしひろさんは👏🏼

なんで、こんなにスルスルと思っていることを…わかりやすくシンプルに表現できるんやろ？

しかも500部も売りさばいてるの？←言い方考えなさいよ、私！😆🙏ごめん🙇

おめでとう御座います㊗️

私もこんな有料記事、書けたら良いのだが…なんかこんなふうには…まだまだやわなぁ…💦💦"
nc2a46c4c7df2e,nf5fcdcfb8a24,c2bf3fb737356ce4e0b1f47b310ccf53,音琴 ～go_chara～,lucid_hornet2442,https://assets.st-note.com/production/uploads/images/241037615/profile_011d60ebf0e17e1956abc71bc4156c2f.png?fit=bounds&format=jpeg&quality=85&width=330,2026-05-09T09:28:33.516+09:00,"よしひろさん、おはようございます。

フォロワーさん1000人凄いですね。

私も詩エッセイで「夢」を題材でコトバで紡いでみました。
皆さんのような盛り上がりや派手さはないので、大変恐縮ですが・・・

https://note.com/lucid_hornet2442/n/ncd0583c29a9f

宜しければ、ご拝読ください。"
nc1c3b7cb99908,nf5fcdcfb8a24,ceb9f20beef56f72c10ed1c4bc125c74,ゆらり🌹🫧　🫶💕,huge_coot6820,https://assets.st-note.com/production/uploads/images/239767432/profile_47e4f415224790b9faa65da8165fa21d.jpeg?fit=bounds&format=jpeg&quality=85&width=330,2026-05-09T08:13:43.500+09:00,"よしひろさん🌸🫧

ゆらりワールドイベントご参加頂き有難うございます🌸🫧

https://note.com/huge_coot6820/n/n58a70cc26031?app_launch=false

いつも、マガジン追加有難うございます🌸🫧
微弱ながら、企画盛り上げお手伝いさせて下さい。

楽しく！笑🫢で、いきます🌸🫧
お時間あったら、ご感想下さい。笑🫢

"
nc566db962503f,n37be7ce8e679,37aa80abdb2d635d341bb8da6ed031d8,かつとし,sane_mint9818,https://assets.st-note.com/production/uploads/images/269896925/profile_53f6be5fb5ca2d99bd2ba660dd7eaa01.png?fit=bounds&format=jpeg&quality=85&width=330,2026-05-09T07:55:54.376+09:00,"おめでとうございます🎉

まだ0→1できてないですが

1年後、少しでも成長できているよう継続していきます。
"
nc8201a20e938d,n37be7ce8e679,db762f41c26d6f8c981415a55d822066,miyuri,miyuriii,https://assets.st-note.com/production/uploads/images/222249273/profile_758483b17b89d1dffd8ba28f3cf4fcaa.png?fit=bounds&format=jpeg&quality=85&width=330,2026-05-09T06:53:07.004+09:00,"よしひろさん、おはようございます！
マガジンに掲載いただき、ありがとうございます✨

このゆるカワキャラ、これからも出番多めでお願いします😆

いつもありがとうございます✨"
nc09036d78ec9f,n1b1056d9277e,a22107a59de6e3303ee2b624b3e0858a,Imbue（インビュー）/文筆家/発達凸凹育児,imbue_kaleid,https://assets.st-note.com/production/uploads/images/250421889/profile_b0f56720aebb6d8ee14055b266debfc4.png?fit=bounds&format=jpeg&quality=85&width=330,2026-05-09T09:51:02.711+09:00,"よしひろさん、勉強になりました✨🙇
いつも素敵な記事をありがとうございます。

そっか〜、なるほどな〜。
納得です。

私はよしひろさんから学んだことを、
自然と実行させて頂いていました😂"
nc323ba9b22525,nf5fcdcfb8a24,372a2f9aac1bb196cf840e335eee8322,もりあおな,mori_hikaru,https://assets.st-note.com/production/uploads/images/273451109/profile_7c19ae65eb22548cb0d00c83315b51f5.png?fit=bounds&format=jpeg&quality=85&width=330,2026-05-09T15:07:42.377+09:00,"よしひろさん、はじめまして😊

フォロワーさん1000人達成おめでとうございます🎊👏🎉㊗️
そして、スキとマガジン追加ありがとうございます😭

実は、あんさんの記事から飛んできました！
夢、素敵なお題ですね✨✨
あ、でもなかなか記事のネタが出てこない💦
やばい、夢のない中年になってしまいました〜🤣"
nc4b0e0a3d7185,nf5fcdcfb8a24,ba2b5499e5900126c85321271bcb2794,リスクコラム中井,riskcolumn,https://assets.st-note.com/production/uploads/images/245719348/profile_87c9b015f2585f0d48a0b0a056a4f1f3.jpg?fit=bounds&format=jpeg&quality=85&width=330,2026-05-09T11:51:49.971+09:00,"中井（自称・和み記事探し職人）です。
コメント乱入すいません。
1000人、おめでとうございます。
また、いつも、マガジン拾い上げありがとうございます。
夢企画、参加お願いします！

https://note.com/riskcolumn/n/na70eeb618659"
nc988044eb1489,nf5fcdcfb8a24,71ea0f42f83343877ae30eb938fade1e,モモ♥️,genial_quokka134,https://assets.st-note.com/production/uploads/images/210131001/profile_643d08cc160b1ad1e1359a54068d3d46.png?fit=bounds&format=jpeg&quality=85&width=330,2026-05-09T16:57:42.123+09:00,"ふたたび、あんさんのところから来ました（笑）
夢ーーー💕お題が今の私にピンポイント〜💖 皆さんの夢も覗いてみたい💕ぜひ楽しみに期間内に参加しにきます☺️💕"
nc4738f93061ed,n37be7ce8e679,71ea0f42f83343877ae30eb938fade1e,モモ♥️,genial_quokka134,https://assets.st-note.com/production/uploads/images/210131001/profile_643d08cc160b1ad1e1359a54068d3d46.png?fit=bounds&format=jpeg&quality=85&width=330,2026-05-09T16:46:35.936+09:00,"あんさんのところから来ました☺️♥️
500部おめでとうございます💕
そして私はアメージングに感動😍♥️
こういうことって、あるよな〜💕と！

また勉強させてもらいに来ます😊
私はメンバーシップをやりたくて、どうやってやるのかな？とちょうど今日考えていました☺️💖"
ncada2fb755528,nf5fcdcfb8a24,35032a872ef338f6bbc0a85288de5944,あまね〘ฅ՞•ﻌ•՞ฅฅ^•ﻌ•^ฅ〙,almabrillante,https://assets.st-note.com/production/uploads/images/270451364/profile_78017c668dbe9b00fb7cca620f05f8aa.png?fit=bounds&format=jpeg&quality=85&width=330,2026-05-09T20:39:49.452+09:00,"あまね、再び∠(　˙-˙ )／✨ 笑

よしひろさん、こんばんは🌛*゜

企画参加の記事、こんなのでいいのかしら…？😅

https://note.com/almabrillante/n/n9df5c9995a82

ちゃんと忘れずにタグ付けました🤣👍✨"
nc235e4af8d253,nf5fcdcfb8a24,83fad77e31a6c935ecc9efcc414620fc,こに,coni0624,https://assets.st-note.com/production/uploads/images/263845084/profile_fcac4b21de4877d4bb2ed474c4f10238.jpg?fit=bounds&format=jpeg&quality=85&width=330,2026-05-09T18:51:41.315+09:00,"こんにちは。恥ずかしながら、企画参加させてください。
https://note.com/coni0624/n/n516de46ef6a2
このお題、いただかなかったら多分書かなかったことです。
ありがとうございます✨"
nc2792297a7429,nb7d7969c0393,2d406665091dc8a0c2999ebfd0d8aa51,ふくふく,rapid_abelia74,https://assets.st-note.com/production/uploads/images/199863135/profile_fd5c1143f3022a450752d18a86437b41.png?fit=bounds&format=jpeg&quality=85&width=330,2026-05-10T00:33:15.066+09:00,"よしひろさま

こんばんは🌙
いつもありがとうございます🙇‍♀️
私は夢のハードルを高くしてたかなと思いました☺️
いろいろな夢のかたちがあっても素敵ですね✨
たくさんの方々のステキな文章を見つけることができ、noteを読めることも幸せな事だなと感じました😊
ほっこり楽しく読ませていただきました✨"
nce655244a2e68,nb7d7969c0393,bede9bd0a510b6a3b89dcb460dd51ef5,ルルトアヤコ,lovely_coyote546,https://assets.st-note.com/production/uploads/images/270436419/profile_35c1e2b2e8ef32be40119179aeef9fa1.png?fit=bounds&format=jpeg&quality=85&width=330,2026-05-09T23:36:14.456+09:00,"夢…夢みがちですが、何か？

私もぐうたらしたい、夢あります🤣

でも色んな制限のある中で、夢を実現するのが楽しみな感じなんで、仕事して、用事して、その合間にぐうたらが、今の私には、ピッタリのようです。

でもほんまに夢は、たくさん、はべらせておきたいですね〜

生きる原動力ですもん…

よしひろさんの文章は、パワーがある…

なんか自分の頭の中から…いっぱい出てくる〜引き出されてくるのか？

もしかして…魔法使い🧙‍♀️🧙‍♂️🪄？"
ncb5052626f66a,nb7d7969c0393,23e78cfab6f2de9a5a72e4b8281e05ba,志乃,gay_okapi3125,https://assets.st-note.com/production/uploads/images/273332795/profile_4f5eef7542445323544bcadc430cf640.png?fit=bounds&format=jpeg&quality=85&width=330,2026-05-09T23:13:46.900+09:00,"よしひろさん
こんばんは(○´U`○)
子供時代の夢ほど
忖度なく愛おしいもがなかったですね
周りもケーキ屋さんとか
スーパー戦隊のヒーローとか
親友だけは子供時代から「薬剤師」と言ってて夢を叶えたみたいですが😊"
ncb8822ed54a9f,nb7d7969c0393,1dd5cc6f11dc1d5e7c33c9ac01922824,keimama,keiko5066,https://assets.st-note.com/production/uploads/images/223953919/profile_de82aa306e133caf82b4ae253ad0173c.png?fit=bounds&format=jpeg&quality=85&width=330,2026-05-09T23:01:19.428+09:00,"よしひろさん😊
こんばんは🌙
夢って、気づいたら“叶えるもの”というより、“今の自分の気持ち”そのものなんだなぁって思いました🥹✨
「軽く持っていい」「雑に持っていい」という言葉にも、ふっと肩の力が抜けるような気持ちになりました🌷"
nc13f4d7801374,nb7d7969c0393,6387daced3412f56911efd0f8787e44a,椿みきこ🌸季節の花ごよみ,hirata_mikiko60,https://assets.st-note.com/production/uploads/images/238886147/profile_71a504244fe604943c4eb0a3c3c99742.jpg?fit=bounds&format=jpeg&quality=85&width=330,2026-05-09T22:35:48.774+09:00,"よしひろさん、お手本ありがとうございます😊
考え中です🤭
おめでたい記念だし、オシャレな人だから、綺麗な記事が良いですよね〜✨"
nc4a112937d095,nb7d7969c0393,f0da0bfe90c41d34ee785dd67ec61613,くまごろう,kumagorou560,https://assets.st-note.com/production/uploads/images/269120769/profile_bb8e550a933a8e32aadbf169c399b091.png?fit=bounds&format=jpeg&quality=85&width=330,2026-05-09T22:07:35.276+09:00,"よしひろさん！こんばんは

今回は夢の話、浪漫があっていいですね。

私の最近の夢でいえば
お金も稼ぎたいですけど、
とにかく一緒にいて
楽しいことも悲しいことも共有できる
友達が欲しいです😅

いきなり人生を賭けなくてもいい、
少しずつやってみて楽しかったら方向転換
するやり方には同感です！

本来楽しいはずのことも
人間切羽詰まっていると
楽しく感じなくなることもありますもんね。

今回も有意義な記事ありがとうございました"
ncdf64def33d68,nb7d7969c0393,35032a872ef338f6bbc0a85288de5944,あまね〘ฅ՞•ﻌ•՞ฅฅ^•ﻌ•^ฅ〙,almabrillante,https://assets.st-note.com/production/uploads/images/270451364/profile_78017c668dbe9b00fb7cca620f05f8aa.png?fit=bounds&format=jpeg&quality=85&width=330,2026-05-09T22:04:07.890+09:00,"よしひろさん、こんばんは🌛*゜

1番✨かな？笑

あまねのお金持ちの夢は、まさに「好きなものを我慢せずに選びたい」ですね🤭"
nc358f2b7e77ea,nf5fcdcfb8a24,704663f48a1e06dc09c61069a4dd39c8,紅茶🫖｜言葉で自分を整える人  ,usagi_no_mimi_,https://assets.st-note.com/production/uploads/images/260923743/profile_037296bb383b7b464cc7b599e5d67585.jpg?fit=bounds&format=jpeg&quality=85&width=330,2026-05-10T10:58:55.213+09:00,"よしひろさん🍀
企画に参加させていただきました。夢現のような物語になりました😌🙄🫣

https://note.com/usagi_no_mimi_/n/n80a89208d7ce"
nccd0636325936,nf5fcdcfb8a24,06de5fb8ad98d390d0afcf7029aceb95,Tammy｜国際交流大好きママ,sakura_tammy,https://assets.st-note.com/production/uploads/images/251239087/profile_67bf8f55a4e8117a7f3c3fb1be47562d.png?fit=bounds&format=jpeg&quality=85&width=330,2026-05-10T09:57:39.643+09:00,"よしひろさん、記事のマガジン追加ありがとうございます！
そしてフォロワー1000人おめでとうございます！
ぜひ企画に参加させてください。
高校時代に出来なかったホストファミリー受け入れの話です。
私にとって「夢がかなった」話になります。
https://note.com/sakura_tammy/n/nb7a24471bf2a
よろしくお願いします。"
nc865b502c6d7e,nf5fcdcfb8a24,26f4c191f5550e8a952352f17f8d5081,はるき,kanabo_0826,https://assets.st-note.com/production/uploads/images/272843475/profile_db5f96ff83c8845eeb6fcdb64c8126ea.png?fit=bounds&format=jpeg&quality=85&width=330,2026-05-10T08:24:17.221+09:00,"よしひろさん、おはようございます🌱
ゆらりさんの投稿から来ました。

フォロワー1000人おめでとうございます🎉
ぜひ企画に参加させてください。

https://note.com/kanabo_0826/n/n0b83b0ad4fdf

自分なりの夢を精一杯書いてみました🕊️"
ncdb2c673d57ad,nf5fcdcfb8a24,43ded977bce0720c2d2986445f8c16d6,こもれび,lofty_rue8724,https://assets.st-note.com/production/uploads/images/270898592/profile_04498be96ce4ec2d2a9aa7e72673fc7b.jpg?fit=bounds&format=jpeg&quality=85&width=330,2026-05-10T07:55:35.827+09:00,"始めまして
はじめての企画参加です。
よろしくお願いします。
https://note.com/lofty_rue8724/n/n7ffc1b2253d0?app_launch=false
"
ncd9cf23e14391,nf5fcdcfb8a24,1f4ec93f1fba4624d1b3ef49a91e72d7,あまっ子純情,safe_lupine8306,https://assets.st-note.com/production/uploads/images/194809644/profile_12a2c8b6ea9365d51363cbf0c53b7723.png?fit=bounds&format=jpeg&quality=85&width=330,2026-05-10T07:49:42.368+09:00,"参加させて下さい❗️
よろしくお願いします🙏🙇
https://note.com/safe_lupine8306/n/nce097824f00b
"
nc6eefab3e8e53,nb7d7969c0393,015037404761902ab6353eab77a5ddfe,ゆかいな山,yukaiyama,https://assets.st-note.com/production/uploads/images/187377393/profile_9f501afa0524739a6c4fab2d21d3de93.png?fit=bounds&format=jpeg&quality=85&width=330,2026-05-10T09:27:42.612+09:00,"なるほど…。
夢を叶えるために努力することを考えると現実的になってしまうけど、夢をそのような指標みたいに考えると明るく考えられますね✨
素敵❗❗"
ncc93dcbfe22e1,nb7d7969c0393,c2bf3fb737356ce4e0b1f47b310ccf53,音琴 ～go_chara～,lucid_hornet2442,https://assets.st-note.com/production/uploads/images/241037615/profile_011d60ebf0e17e1956abc71bc4156c2f.png?fit=bounds&format=jpeg&quality=85&width=330,2026-05-10T08:15:30.420+09:00,"よしひろさん、おはようございます。

読んでいて、心がふっとほどけるような気持ちになりました。
「夢にまで資料を求めないで」という言葉に思わず笑いながらも、
大人になると夢が少し重く感じてしまうあの感覚に深く共感しました。

言葉の選び方がとても優しくて、
“夢ってもっと軽くていいんだ”と自然に思わせてくれる文章ですね。
読んだあと、自分の中の小さな願いにもそっと光が当たったような気がします。
素敵な気づきをありがとうございました(*- -)(*_ _)ペコ"
nc214095ee94eb,nf5fcdcfb8a24,1b14ec5242b0f89c04e2ee53ca366e02,にゃんちー,alive_guppy3873,https://assets.st-note.com/production/uploads/images/247243911/profile_1556505783b49edbf889d17fa0f50227.png?fit=bounds&format=jpeg&quality=85&width=330,2026-05-10T15:14:38.974+09:00,"よしひろさん、こんにちは☀️

改めて、フォロワー1000人おめでとうございます㊗️✨✨✨

そして、いつもマガジンへの掲載ありがとうございます🙇‍♀️

私も企画に参加させていただきました🥹🙏URL載せておきます🥹🙏

https://note.com/alive_guppy3873/n/na9a442a4f5a2

よろしくお願いします🥹🙏
"
nc09aefd59f7a3,nf5fcdcfb8a24,15b07889aa53dbf10c9cb1b67625f4b4,rika🌷,meina_rikamizuki,https://assets.st-note.com/production/uploads/images/238910767/profile_373a9816961e0c2decd5f9e33be51347.png?fit=bounds&format=jpeg&quality=85&width=330,2026-05-10T14:57:14.430+09:00,"メッチャ出遅れました💦
フォロワー1000人達成おめでとうございます🎉✨️

今月中に？って言ってた気がするのに、いつの間にか達成されていて、何かすごく嬉しいです☺️"
nca738d829192b,nf5fcdcfb8a24,f19d138b5f57bc35ca0f56f51ab37ac5,りーまむ,ri_mam,https://assets.st-note.com/production/uploads/images/186523962/profile_939af6d936ad6ca5456ee55e7d9d6404.jpeg?fit=bounds&format=jpeg&quality=85&width=330,2026-05-10T13:19:35.647+09:00,"よしひろさん、
改めて、フォロワーさん1000人、おめでとうございます✨✨

久しぶりに記事を書こうとしてて、まさにテーマが同じだったので（すごくタイムリー👏）

企画に参加させてください〜
ちょうど『夢』について、家族で語りあったばかりだったんです😊

https://note.com/ri_mam/n/n516dd8a0f437"
nca2711a860549,nf5fcdcfb8a24,c07b157a7ec5bb59e22ab2662ff17c09,まるり,marimo_0892,https://assets.st-note.com/production/uploads/images/268954670/profile_9f799711a4133f7b7b2f0d52e06a97bf.png?fit=bounds&format=jpeg&quality=85&width=330,2026-05-10T16:46:45.003+09:00,"よしひろさん、こんにちは。

フォロワー1000人おめでとうございます🎉
いつも記事をマガジンに追加して頂き感謝です🍀

企画に参加出来るかはまだ分かりませんが、皆さんの記事を楽しく読ませてもらおうと思います🙏✨
"
nc953a3139fd94,nf5fcdcfb8a24,745945e7eb759d4bf3abc93cfd10d102,風（twin ray👫）,maco891,https://assets.st-note.com/poc-image/manual/preset_user_image/production/i31e351503487.jpg,2026-05-10T16:29:38.341+09:00,"よしひろさん
初めまして。

私の記事にスキ♡をしてくださり、またマガジン追加までしてくださり、ありがとうございます。

フォロワーさん1000人もおめでとうございます‼︎  たくさんの人が集まるというのはさすが✨なことなのだと思います☺️

また覗かせていただきますね☺️





"
nc26830599f048,nf5fcdcfb8a24,8d44ff930921cfa7df70bf675acdb279,カッパさん(あの頃の君達へ),1kappasan,https://assets.st-note.com/production/uploads/images/197000013/profile_8f16085208b5aaa6286257d620e11e69.jpg?fit=bounds&format=jpeg&quality=85&width=330,2026-05-10T21:48:27.664+09:00,"よしひろさん
フォロワー1000人やりましたね。ヤッタ＼(^o^)／おめでとうございます。
缶ジュース🥤お菓子楽しい企画です。
そしていつもマガジン追加登録ありがとうございます。　"
nc78c416aa3335,nf5fcdcfb8a24,dcaf51c5cb5c2c9724b67fec1c728544,みずか｜ほころんでは、ほどく。子どもとの日々から,mizuka__,https://assets.st-note.com/production/uploads/images/252096893/profile_487b0797252acba719f63d29347aa42a.jpeg?fit=bounds&format=jpeg&quality=85&width=330,2026-05-10T19:44:01.352+09:00,"よしひろさん、いつもスキやマガジンへの追加、ありがとうございます🤗

そして、フォロワー1,000人おめでとうございます㊗️🎉

企画、楽しそうですし、せっかくの機会なので参加したいと思っています！

なかなかいつも企画のタイミングで、私生活のリズムが整っていないのですが、いろいろとシコウを巡らしてみたいと思います🤔☕️"
nc5e9b3e389b4e,nf5fcdcfb8a24,f70038deb9c5f3f87c2ee7969a2cf523,不屈の屈葬,fukutsunokussou,https://assets.st-note.com/production/uploads/images/228082209/profile_bc2555e2c34c9857d7b2291bb9e9cc80.png?fit=bounds&format=jpeg&quality=85&width=330,2026-05-10T19:43:28.626+09:00,"こんばんは！
何だかんだでショートショートで「これだ！」ってのが思いついたので、キャッチコピーじゃなくてそっちで参加します😁

好みが分かれる感じなんですが、個人的にはいい感じで仕上がった気がします！
よろしくお願いします！
https://note.com/fukutsunokussou/n/nd911ddac5e48?app_launch=false"
nc37c5f8dcb82a,n37be7ce8e679,49a22915e5930c8f70ac8da1e3856695,日々、淡々と,quirky_fish9672,https://d2l930y2yx77uc.cloudfront.net/assets/default/default_profile_4-e3b57528da29acad20d5a2db33268c87f1d39015448757ddf346d60fb5861e49.png,2026-05-10T21:45:00.635+09:00,"マガジン追加していただきありがとうございます。
こんな内容の記事で少し恐縮ですが、嬉しいです。
まだ少ししか拝見できておりませんが、まずは無料記事から楽しませていただきます（笑）"
nc30957ac076aa,n37be7ce8e679,1dd5cc6f11dc1d5e7c33c9ac01922824,keimama,keiko5066,https://assets.st-note.com/production/uploads/images/223953919/profile_de82aa306e133caf82b4ae253ad0173c.png?fit=bounds&format=jpeg&quality=85&width=330,2026-05-10T21:17:46.130+09:00,"よしひろさん😊
500部達成、本当におめでとうございます🎉✨
しかも、初めての有料記事を書かれた日と同じ日に達成って…😳
これはもう、アメイジング！ワンダフル！！ですね🤭✨
こういう“偶然みたいな必然”って、続けてきた人へのご褒美みたいで素敵だなぁと思いました🍀
そして、よしひろさんの記事を読んで、「#私は私のここがすき」に初めて参加してみました😊
記事企画に参加すること自体が初めてで、これで合っているのかな…？と思いながらですが、やってみました🌷
これからも記事楽しみにしています✨"
nc6f837a489b13,nadee18c7356c,2d406665091dc8a0c2999ebfd0d8aa51,ふくふく,rapid_abelia74,https://assets.st-note.com/production/uploads/images/199863135/profile_fd5c1143f3022a450752d18a86437b41.png?fit=bounds&format=jpeg&quality=85&width=330,2026-05-10T20:55:21.501+09:00,"よしひろ様

いつもありがとうございます☺️
よしひろさんの文章は、読みやすくていいなぁと思います✨
毎度、楽しく読ませていただいています🙇‍♀️
noteは自分の好きな範囲で、有料記事を設定できるのでいいですよね。
これからも更新を楽しみにしています🙂‍↕️



"
nc12e9fd3ae357,nf5fcdcfb8a24,031a96c67c576e3bfc12a86d2606bd97,ココミチ＠ゆきの,hot_mink9599,https://assets.st-note.com/production/uploads/images/212559417/profile_9dbf6c222d0c87810aeff185afbd7f95.jpg?fit=bounds&format=jpeg&quality=85&width=330,2026-05-11T09:50:31.189+09:00,"よしひろさん、おはようございます

「言いそびれた言葉に」と「過去を思い出して立ち止まる夜に」も
あたたかなマガジンに迎えてくださり、ありがとうございます

そして先日は企画へのあたたかなお誘いを、ありがとうございました
よしひろさんの「後押し背中押し」という言葉にそっと背中を押して
いただき【#企画かくカク書く企画】に参加して一つ書いてみました
https://note.com/hot_mink9599/n/ncce289bc7e06

こうして新しい場所へ、つないでくださったご縁を静かにうれしく
受け取っています

いつもありがとうございます

ゆきの"
nc07418a5a34df,ndff03029f964,5643208b438dc520ea679300a191f102,ういまる,witty_eider9036,https://assets.st-note.com/production/uploads/images/262416249/profile_6afa0c6ae55faab820fd1ab090d2e6cf.png?fit=bounds&format=jpeg&quality=85&width=330,2026-05-11T07:29:44.561+09:00,"よしひろさんお邪魔します🙇
母の日はシンプルにしましたが、確かに他のご家庭がどうしたこうしたって、職場でもあんまり出ないので参考になります🤔
大体終わった報告記事なので後の祭りですけど🤣🤣
来週うちの母の日をやるので終わったら両家の違いでも書こうかな🤣"
nce526c8487536,nb7d7969c0393,cb93804505107614e3a73d05f3e6f49f,miyuri,miyuriii_2nd,https://assets.st-note.com/production/uploads/images/230589518/profile_5800c9cb6569b37700033b060c29e255.png?fit=bounds&format=jpeg&quality=85&width=330,2026-05-11T09:16:44.743+09:00,"よしひろさん、おはようございます！
マガジンに掲載いただき、ありがとうございます✨

まずは見ないと始まりませんからね😆
つまみ喰いして捨ててもいいし、やりたくなれば続ければいいし😊

要するに楽しければいいということで😆

いつもありがとうございます✨"
nc5d8f7ec5efd1,nf5fcdcfb8a24,290f76d99eb40b676ce764b1c2a200e3,Takanashi（たかなし）,takanashi_note01,https://assets.st-note.com/production/uploads/images/235786177/profile_d3248e02f9810e16a0daf3e4a02bee0b.png?fit=bounds&format=jpeg&quality=85&width=330,2026-05-11T15:25:05.429+09:00,"よしひろさん、企画していただき、ありがとうございます。
自分の夢を、四種類に分けて記事にしてみました。

https://note.com/takanashi_note01/n/n4918a5692a3f

このテーマは、本当に面白いと感じております。
他の方々の夢も、ぜひ閲覧したいと思っております。"
ncad803bab378d,nf5fcdcfb8a24,d29c2432624c1087ec7f89cc2f079dbe,美咲サヤ,crisp_gecko6337,https://assets.st-note.com/production/uploads/images/267718350/profile_d73fda1af8e66cc2c55152264f38ff50.png?fit=bounds&format=jpeg&quality=85&width=330,2026-05-11T13:39:43.151+09:00,"よしひろさん、こんにちは。
また今回も、マガジン追加ありがとうございます！
嬉しいです😂"
nc826fb862573c,nf5fcdcfb8a24,8ff3840ab8a5edbca02764a22e283e47,ふっくらシャギー｜幸せは誰かが決めるものじゃない❗また、晴れの月夜に🌃✨執筆🖋️,mute_dietes1869,https://assets.st-note.com/production/uploads/images/207485395/profile_4033ab6e00e2566bcf40615e8cb20257.png?fit=bounds&format=jpeg&quality=85&width=330,2026-05-11T12:07:35.670+09:00,"よしひろさん👓

フォロワー1000人、達成おめでとうごさいます🙌

そしていつもスキ・マガジン追加してくれてありがとうございます💓
とてもいいテーマだったので今回私も参加させて頂きました😆

https://note.com/mute_dietes1869/n/n49ff41d26123

夢を語るっていいですね😀"
ncee63e2b3aecd,ndff03029f964,907edc26ecc556b380bd733caf94e5cc,JAU |  臨床検査技師×医療副業,jau_jau1001,https://assets.st-note.com/production/uploads/images/238898866/profile_b47389bc5953cb4d37cf45a1d4d208c2.png?fit=bounds&format=jpeg&quality=85&width=330,2026-05-11T12:46:18.315+09:00,"よしひろさん！こんにちは♪

母の日、私はいつも母の好きな赤ワインを渡してますかね🤩✨
酒飲みは遺伝かもです🤣w"
nca42f20ad8d4f,n1b1056d9277e,578a8b12d0740b5273540929062aaa16,あずき☆,modern_violet644,https://assets.st-note.com/production/uploads/images/271732318/profile_4fc56179333666d6a5d1c979a37f2396.png?fit=bounds&format=jpeg&quality=85&width=330,2026-05-11T16:03:38.324+09:00,"はじめまして。

よしひろさんの記事を読むと、
緊張していた気持ちがスッとほぐれていく感じがします。

ほどよい抜け感がなんとも心地よい文章で、
私もそんな記事を書いてみたいです✨️"
nc6a31c13d226d,n9c922f75c9b3,bede9bd0a510b6a3b89dcb460dd51ef5,ルルトアヤコ,lovely_coyote546,https://assets.st-note.com/production/uploads/images/270436419/profile_35c1e2b2e8ef32be40119179aeef9fa1.png?fit=bounds&format=jpeg&quality=85&width=330,2026-05-11T14:45:23.420+09:00,"確かに…

何でもかんでもAI任せやと、面白み無い…

突飛なこと…え？今それする？的な気ままに気分がコロコロ変わるのが、人間、ですもんね〜

そういう面白みを、追求するのも楽しいかも…って思いました、とさ〜



"
nc000b7d09aa0d,nf5fcdcfb8a24,685d473fa4f471b5b9f52de0d570a2f0,さとりのさとり,kopailog,https://assets.st-note.com/production/uploads/images/226182676/profile_094199e7fa1bff58de5da5e07a1a43de.png?fit=bounds&format=jpeg&quality=85&width=330,2026-05-11T20:22:11.525+09:00,"なんか…すません🙏
熱くなってしまいました💦

https://note.com/kopailog/n/nc3ea4d72b454

まあ、こんな事もありますよね😅"
nccae1dc8fd539,nf5fcdcfb8a24,a98d6e3b7e249e04199d495300989277,青空 和平,brisk_viola3314,https://assets.st-note.com/production/uploads/images/250395213/profile_7d36560465e2e53d6559ca0775647979.jpeg?fit=bounds&format=jpeg&quality=85&width=330,2026-05-11T17:27:28.071+09:00,"よしひろさん

初めまして🌱
あまねさんの所から遊びに来ました💓

フォロワー1000人突破おめでとうございます㊗️

そして#企画かくカク書く企画

めっちゃ面白そうなイベントやってますね🤭
何か楽しい事思いついたら、書いてみたいと思います💫"
ncf19600763e6b,ndff03029f964,226d3afcfdaa353ff7079240ccd5847d,こもれ日和,chibichibi2,https://assets.st-note.com/production/uploads/images/157582786/profile_38eaf9673616b153e9c3e2da853f0513.jpeg?fit=bounds&format=jpeg&quality=85&width=330,2026-05-11T20:38:37.056+09:00,"よしひろさん、はじめまして。
スキとマガジンに追加していただき、ありがとうございます😊

本当にいろんな母の日がありますね✨"
nc077c57ff4b2f,ndff03029f964,db762f41c26d6f8c981415a55d822066,miyuri,miyuriii,https://assets.st-note.com/production/uploads/images/222249273/profile_758483b17b89d1dffd8ba28f3cf4fcaa.png?fit=bounds&format=jpeg&quality=85&width=330,2026-05-11T19:09:14.623+09:00,"よしひろさん、こんばんは！
マガジンに掲載いただき、ありがとうございます✨

私は最近、曜日の感覚もなくなるほどAIに夢中になっています😆
他の方の記事読むだけでも、いろんな疑似体験ができますよね！

最近マナーの悪い人も増えてるような気もしますが😵

そんな人はほっといて楽しみましょう😆

いつもありがとうございます✨"
nc41a89615aad2,n127a4a306cb8,8d44ff930921cfa7df70bf675acdb279,カッパさん(あの頃の君達へ),1kappasan,https://assets.st-note.com/production/uploads/images/197000013/profile_8f16085208b5aaa6286257d620e11e69.jpg?fit=bounds&format=jpeg&quality=85&width=330,2026-05-11T21:42:38.057+09:00,"よしひろさん
240のスキ記録サスガです。
くす玉🎊ヤッタ＼(^o^)／。
私の大分前の記事をマガジン追加登録頂きありがとうございます。感謝です。
"
nc613dcca8cb87,nf5fcdcfb8a24,7cb97ff509995a42a8ba492d0b687194,上藤あきを,kamifuji_akiwo,https://assets.st-note.com/production/uploads/images/273283615/profile_8fd793ba40acf0b670c8c5a178e04531.png?fit=bounds&format=jpeg&quality=85&width=330,2026-05-12T01:07:05.223+09:00,"こんばんは、よしひろさん⭐😊
マガジンに載せて頂きありがとうございます！
そしてフォロワー1000人突破おめでとうございます✨
「おとなも こどもも おねーさんも。」が懐かしかったです (笑
企画楽しみにしてますね♪👍"
nc6261b7c9ed6b,nf5fcdcfb8a24,e6b92d3e538047c1d6552b3a2c64a64b,青依叶子（YokoAoi）,rainbowrose8888,https://assets.st-note.com/production/uploads/images/273388425/profile_5a0d2b33eb40ff9ead5a54dc3a06b1bc.png?fit=bounds&format=jpeg&quality=85&width=330,2026-05-11T23:48:36.991+09:00,"よしひろさん
こんばんは🌛*゜
マガジン追加していただき
ありがとうございました🙏🏻
お題企画も面白そうですね。
これからもよろしくお願いいたします🤗"
nce318771afcb9,nf5fcdcfb8a24,7fefc63f6dcaf5c2f9038cdaeb5b4a54,ルー＝シャーナ（ルーシャーナ）｜感覚をことばにする往復便,jolly_lupine2962,https://assets.st-note.com/production/uploads/images/274383500/profile_313c9346266235fe64a2d3470c267e9a.png?fit=bounds&format=jpeg&quality=85&width=330,2026-05-12T10:31:54.836+09:00,"よしひろさん☺️🌿 先ほどはコメントありがとうございました✨ そして、1000人フォロワー突破おめでとうございます〜🎉
企画記事はこちらになります😊🌸 https://note.com/jolly_lupine2962/n/n9750c312f2ec
今回、参加させていただけて嬉しかったです✨ 素敵な企画をありがとうございました☺️🌿"
ncc9b408d467b7,nf5fcdcfb8a24,099955dd1d1a0c52e23a74eb099c0986,限界集落で暮らす人｜ゆみ,yummies1980,https://assets.st-note.com/production/uploads/images/239025325/profile_ff64d507986dd7a1911a5b4a33db51b1.jpg?fit=bounds&format=jpeg&quality=85&width=330,2026-05-12T08:22:53.342+09:00,"よしひろさん、フォロワーさん1000人超おめでとうございます！！🎉(今見たら、更に伸びてる！！)書けました〜🫶
https://note.com/yummies1980/n/nc8594b21e8d9"
nc7aff4141992d,n127a4a306cb8,907edc26ecc556b380bd733caf94e5cc,JAU |  臨床検査技師×医療副業,jau_jau1001,https://assets.st-note.com/production/uploads/images/238898866/profile_b47389bc5953cb4d37cf45a1d4d208c2.png?fit=bounds&format=jpeg&quality=85&width=330,2026-05-12T06:58:45.833+09:00,"よしひろさん！おはようございます☀
コングラ！おめでとうございます🎊

それ本当に私もほしい😭✨w
頑張ります🫡✨
"
ncf3f233d25a38,nf5fcdcfb8a24,d99777ca6d84a8f6fb38095cc3bbde02,みのり行政書士事務所｜奈良｜障害福祉,fresh_berry8738,https://assets.st-note.com/production/uploads/images/272110911/profile_dfcb35c216f311f4372d4677d8a2d55c.jpg?fit=bounds&format=jpeg&quality=85&width=330,2026-05-12T11:53:37.437+09:00,"よしひろさん、マガジン追加ありがとうございます☺️そして、フォロワー1000人おめでとうございます🎉
すごいですね😳
お題企画も素敵🫶
これからもよろしくお願いします✨"
nc668908165b60,n127a4a306cb8,501075b33bc8fff4716e8e39cb47e74a,りんごあめ,aogunjyou_205,https://assets.st-note.com/production/uploads/images/244320088/profile_b53bcb9297c65530f6e56ea129a55d08.jpeg?fit=bounds&format=jpeg&quality=85&width=330,2026-05-12T11:26:17.213+09:00,"よしひろさん　こんにちは。
コングラボードおめでとうございます💐🥂
よしひろさんの素敵なマガジンへ掲載していただきありがとうございます🙂‍↕️✨
これからも記事を書く励みになります。ありがとうございました🍎"
nc23b45e90333c,nb7d7969c0393,7cb97ff509995a42a8ba492d0b687194,上藤あきを,kamifuji_akiwo,https://assets.st-note.com/production/uploads/images/273283615/profile_8fd793ba40acf0b670c8c5a178e04531.png?fit=bounds&format=jpeg&quality=85&width=330,2026-05-12T12:57:30.063+09:00,"こんにちは、よしひろさん☀️😊
マガジンに載せて下さって本当にありがとうございます！✨

夢があるのは素敵なことだと個人的には思ってます
そして夢は見てるときが実は一番楽しい気がしてます🌟
夢はなくても困らないし、夢を持てないから駄目だなんて全然思いませんが、小さくても日々楽しめることがあると本当にいいですよね✨👍"
ncc96ef2e9f544,nf5fcdcfb8a24,1958f561bbf6129cb9f2040494224ce1,mangorind2,vivid_mangorind2,https://assets.st-note.com/production/uploads/images/221570775/profile_fc9ca2ed5cc5495344196df17b41d2b3.jpg?fit=bounds&format=jpeg&quality=85&width=330,2026-05-12T21:14:07.069+09:00,"フォロワー1000人超え、おめでとうございます✨
温かい気持ちの集まる場所に、カラマリ事件まで加えていただき嬉しいです😊

次回の「夢」の企画も楽しみにしています✈️"
ncc31b1b87efed,n127a4a306cb8,32f550dffe989e6d35ff91b609a17829,めぐり,meguri_note,https://d2l930y2yx77uc.cloudfront.net/assets/default/default_profile_3-39088fff430aa9ec11d6e2a385dbcad45c8b79bde6c0c9ded10cd7abb960174f.png,2026-05-12T22:00:43.751+09:00,"よしひろさん、こんばんは😊

「もっともスキされた記事の一つ」のコングラボードおめでとうございます🎉
すごいですね😊

いつも私の記事をマガジンに追加くださりありがとうございます♪
励みになっております。
"
nc9d7645f1609a,n127a4a306cb8,1dd5cc6f11dc1d5e7c33c9ac01922824,keimama,keiko5066,https://assets.st-note.com/production/uploads/images/223953919/profile_de82aa306e133caf82b4ae253ad0173c.png?fit=bounds&format=jpeg&quality=85&width=330,2026-05-12T20:06:56.156+09:00,"よしひろさん😊
こんばんは🌙「先週もっともスキされた記事の1つ」✨
改めておめでとうございます🎉🥹
タグに依存しないコングラボードって、
なんだか特別感ありますね🤭🌸
いつも楽しい記事や企画を書き続けている結果なんだろうなぁと思いました🍀
そして今回、私の記事をまたまたマガジンに載せていただき本当にありがとうございます📚✨
たくさんの方の記事と並べてもらえて嬉しかったです🥹これからも、楽しみながらnote続けていきたいです💕"
nc565547284f9f,ndff03029f964,f6644dd703cb40527f91b7f040014747,瑞葉,merry_cherry,https://assets.st-note.com/production/uploads/images/226531653/profile_9822abb823d1a11387e569b144d7d576.png?fit=bounds&format=jpeg&quality=85&width=330,2026-05-12T22:44:27.248+09:00,"よしひろさん、初めまして！
マガジンへの掲載、ありがとうございます💕嬉しいです！

母の日は、義母と焼肉でした。
私の食いしん坊の母は、お空からよだれをたらして見ていたかな？

"
ncebe75bd0d0db,nb7d7969c0393,66bbb253e7d8b2ba486f4415f36ee785,Noa,noachan0617,https://assets.st-note.com/production/uploads/images/269973521/profile_77ebb6ddc767747de9bb5bfef312b21b.png?fit=bounds&format=jpeg&quality=85&width=330,2026-05-12T22:55:36.174+09:00,"「僕の言葉でも、誰かの時間を貰えるんだ。」って私も思います。
自分の文章に誰かがコメントしてくれるなんて本当に素敵で、ありがたいことですよね✨
よしひろさんの心地よい文章に、書き手として深く感銘を受けました☺️
陰ながら執筆活動を応援させていただきます💐"
ncdfe199e7156a,nf5fcdcfb8a24,8d44ff930921cfa7df70bf675acdb279,カッパさん(あの頃の君達へ),1kappasan,https://assets.st-note.com/production/uploads/images/197000013/profile_8f16085208b5aaa6286257d620e11e69.jpg?fit=bounds&format=jpeg&quality=85&width=330,2026-05-13T09:46:19.442+09:00,"よしひろさん
お早うございます。
猫ヤン達のマガジン追加頂きありがとうございます。応援マガジンの由来を記事でわかりました。私自身、よしひろさんの記事をまだまだ拝見してない過去分、ゆっくりお伺いします。季節の変わり目、お身体を大切に。"
nca6c0dde6567e,nf5fcdcfb8a24,290f76d99eb40b676ce764b1c2a200e3,Takanashi（たかなし）,takanashi_note01,https://assets.st-note.com/production/uploads/images/235786177/profile_d3248e02f9810e16a0daf3e4a02bee0b.png?fit=bounds&format=jpeg&quality=85&width=330,2026-05-13T07:17:29.145+09:00,"もう一つ、記事を書いてみました。
自分が目指す到達点という「夢」なので、お題に沿ったものだと思われます。

https://note.com/takanashi_note01/n/n34f4bd70c09b

よろしくお願いいたします。"
ncdab2e4863718,n4ed8f68102f9,cb93804505107614e3a73d05f3e6f49f,miyuri,miyuriii_2nd,https://assets.st-note.com/production/uploads/images/230589518/profile_5800c9cb6569b37700033b060c29e255.png?fit=bounds&format=jpeg&quality=85&width=330,2026-05-13T09:43:00.527+09:00,"よしひろさん、おはようございます！
マガジンに掲載いただき、ありがとうございます✨

よしひろさんもですが、note楽しんでる方多いですね！
私も楽しんではいるんですけど、noteのトップページもほとんど見てないんですよね😅

少しは気にした方がいいのかもしれませんが、 それ以上に他に楽しいことがあるので、ま、いっか！という感じです😆

いつもありがとうございます✨"
nc67cdd33ab796,n127a4a306cb8,4a062f31b48c6cab59c9c144ac2a9356,ユナ|ぐるぐる思考をラクにする人,co_youna,https://assets.st-note.com/production/uploads/images/248702096/profile_d2996b947484b39c907b9f124bfcc958.png?fit=bounds&format=jpeg&quality=85&width=330,2026-05-13T15:43:04.551+09:00,"よしひろさん、初めまして🌱

  「もっともスキされた記事の一つ」のコングラボード、おめでとうございます✨

この度は、私の記事をマガジンに追加くださりありがとうございます🙇‍♀️

今後ともどうぞよろしくお願いします☺️"
ncb5460e169550,nf5fcdcfb8a24,13f03d3a1ec4a172a7084a791c8c4703,"あいさん💗Iカウンセリングルーム セラピスト／ 臨床心理士×公認心理師｜支援歴16年・2,000名超",joyful_zebra1701,https://assets.st-note.com/production/uploads/images/194103346/profile_5b2ee16c8d8db97758503974e4e6f9da.png?fit=bounds&format=jpeg&quality=85&width=330,2026-05-13T17:44:49.261+09:00,"よしひろさん
フォロワー1000人おめでとうございます🎊✨

企画に参加させて頂いました。
https://note.com/joyful_zebra1701/n/nf4a61033e3a1
もう少しで記事が投稿されます。
よろしくお願いします🌈"
nca87189963312,nf7728ef376f2,578a8b12d0740b5273540929062aaa16,あずき☆,modern_violet644,https://assets.st-note.com/production/uploads/images/271732318/profile_4fc56179333666d6a5d1c979a37f2396.png?fit=bounds&format=jpeg&quality=85&width=330,2026-05-13T18:13:04.216+09:00,"スノービューティ！！
私も使っています✨️✨️✨️
ケースがキレイで、香りもよくてテンションも上がります❤"
nc1bde6fa321fe,nf7728ef376f2,6387daced3412f56911efd0f8787e44a,椿みきこ🌸季節の花ごよみ,hirata_mikiko60,https://assets.st-note.com/production/uploads/images/238886147/profile_71a504244fe604943c4eb0a3c3c99742.jpg?fit=bounds&format=jpeg&quality=85&width=330,2026-05-13T18:07:41.571+09:00,"よしひろさん！
いつもマガジン追加ありがとうございます😊
化粧品の記事、お好きなんですね✨
私もキラキラのモノが大好きです🥰

よろしければ、フォロバお願いいたします🙏"
nc4f6edfe5b49f,nf5fcdcfb8a24,4220dd60489630db0a2d0b72145fefa5,ぺリン🍡,yakinikutabetai_,https://assets.st-note.com/production/uploads/images/240434541/profile_d310224c183cf834801e53150def6315.jpeg?fit=bounds&format=jpeg&quality=85&width=330,2026-05-13T22:09:30.331+09:00,"よしひろさん
コメント失礼します🍡✨

1,000人フォロワ、おめでとうございます！
これまでの積み重ねが形になった証拠ですね🍡✨
勢いそのままに、区切りを意識しすぎず次へ向かう感じ、すごく自然で良いと思います。その軽やかさが、今の良い流れを作っているのかもしれませんね✨


企画参加させていただきますね🍡✨
https://note.com/yakinikutabetai_/n/nbf8fb2f79f4e

"
ncfb3035a04079,nf7728ef376f2,db762f41c26d6f8c981415a55d822066,miyuri,miyuriii,https://assets.st-note.com/production/uploads/images/222249273/profile_758483b17b89d1dffd8ba28f3cf4fcaa.png?fit=bounds&format=jpeg&quality=85&width=330,2026-05-13T22:40:14.196+09:00,"よしひろさん、こんばんは!
マガジンに掲載いただき、ありがとうございます✨

noteに4時間半👀

凄い時間かけられてるんですね！
私はそこまではないですねぇ〜😅

ログインするとなんだかんだ長くなりがちですけど😆

いつもありがとうございます✨"
ncf31a91878544,nf5fcdcfb8a24,24ae8442856f6e3b72ae8eee40690c51,Mie,genial_cat129,https://assets.st-note.com/production/uploads/images/259954001/profile_5d311f6904fdf72781a68dbd8a987133.png?fit=bounds&format=jpeg&quality=85&width=330,2026-05-14T01:20:30.097+09:00,"よしひろさん
こんばんは♪
大変遅くなりましたが
1,000人フォロワー誠におめでとうございます㊗️㊗️㊗️

やっと書けました。

https://note.com/genial_cat129/n/nddd412bda307

企画に参加したのは初めてです。
プレッシャーを感じてなかなかまとまりませんでした💦
大盛況のようで私も嬉しいです😆✨
他の方のも読みにいきたいと思います。
ありがとうございます😊
"
ncbe735359dd01,nf5fcdcfb8a24,981fabd5de074708dbb6aaf65ff99f04,musicat/おとねこ,real_phlox8176,https://assets.st-note.com/production/uploads/images/237713470/profile_2774fda1b9199e603d2c82ed8a8bc97d.png?fit=bounds&format=jpeg&quality=85&width=330,2026-05-13T23:14:19.948+09:00,"よしひろさん
こんばんは🌙🐈️
フォロワー1000人超えおめでとうございます🎉
お人柄と親しみの持てる書き方が人を誘うのですね🐱

企画に参加します🎶
https://note.com/real_phlox8176/n/n281084b9b564

濃いかもしれませんが、よろしくお願いします🐈️
"
nc671e85ff08ac,nf5fcdcfb8a24,df1e433c714b7e82d61f6cdbef83bb27,瑠花,luca_therapy,https://assets.st-note.com/production/uploads/images/198979905/profile_c94df5df6f3f9343801af95012e1a3f7.png?fit=bounds&format=jpeg&quality=85&width=330,2026-05-14T08:34:01.718+09:00,"よしひろさん、おはようございます☀

フォロワー1000人、
おめでとうございます🎉✨

そして、素敵な企画を立ち上げてくださってありがとうございます😊
言語化のタイミングをもらえたな〜と感謝です✨✨🪽

記事はこちらです♪

https://note.com/luca_therapy/n/n18ff3575691b

"
nc4a9b692dc898,n2c74eb025580,cb93804505107614e3a73d05f3e6f49f,miyuri,miyuriii_2nd,https://assets.st-note.com/production/uploads/images/230589518/profile_5800c9cb6569b37700033b060c29e255.png?fit=bounds&format=jpeg&quality=85&width=330,2026-05-14T08:52:59.868+09:00,"よしひろさん、おはようございます！
マガジンに掲載いただき、ありがとうございます✨

素晴らしい食べっぷりですね😆

そんな中、私はトルネードポテトが気になりました😊

いつもありがとうございます✨"
nc24d4fb61f887,nf5fcdcfb8a24,3be4ce51f706bf001085f22f6d18d7aa,滝川隼,musesc8823,https://assets.st-note.com/production/uploads/images/274391081/profile_d21233a0f2c9fb4a9081dcfb8cdcbe2e.png?fit=bounds&format=jpeg&quality=85&width=330,2026-05-14T14:38:57.632+09:00,"フォロワー様1000人、おめでとうございます。
また素敵な企画をありがとうございます。テーマ『夢』でエッセイを書きました。読んでいただければ幸いです。

https://note.com/musesc8823/n/n3a489165578c"
nc19643bed61e4,nf5fcdcfb8a24,2443ae3a63b6cdc461f1e8b30413c588,コアラの休日_フォロバ100,koala_log,https://assets.st-note.com/production/uploads/images/264590728/profile_e42b6e5dae11ab95c29a83920772ebf0.png?fit=bounds&format=jpeg&quality=85&width=330,2026-05-14T13:37:19.150+09:00,"企画開催ありがとうございます！✨

今回の「夢」というお題をきっかけに、自分の中の「世間体」という重い荷物を下ろして、スキマを作る大切さを綴ってみました。

読んでくださった方の心が、少しでもふんわり軽くなれば嬉しいです。
素敵な企画をありがとうございます！

URL：[https://note.com/koala_log/n/n290e3a15da82]"
nc055b715140e6,n127a4a306cb8,1855ab43007be46a347e898053d57368,Viola,viola9836,https://assets.st-note.com/production/uploads/images/152908817/profile_5559a313443730e2c26f44c056f1ba4c.jpeg?fit=bounds&format=jpeg&quality=85&width=330,2026-05-14T15:13:05.414+09:00,"旅記事をマガジンに追加していただき、ありがとうございました🎶

「もっともスキされた記事の一つ」輝くコングラボード、おめでとうございます🎉✨✨素晴らしいですね〜🎊

常に全方向に興味関心をお持ちになって、世の中に発信され続けているご努力の賜物ですね！





"
nc857e6cf9c3c0,n37be7ce8e679,d0c5765a47753e17543a7b9179cf317e,m o k a   ,crisp_rabbit1664,https://assets.st-note.com/production/uploads/images/244970963/profile_70498c82f9b680f43cff864d5947e3da.jpeg?fit=bounds&format=jpeg&quality=85&width=330,2026-05-14T12:54:10.756+09:00,"よしひろさん

お礼がかなり遅くなりましたが
マガジン追加していただき
ありがとうございました♪

1年前に有料記事
フォロワーさんも
1,000人達成　されてて
おめでとうございます✨👏🏻
"
ncd1e1c1e3ec8e,nf5fcdcfb8a24,2ed8a60d35ddce4004ec59d06c09de41,ひとこま,hitokoma5634,https://assets.st-note.com/production/uploads/images/183551083/profile_4ec5da641287bce186554f2dfb3da96e.jpg?fit=bounds&format=jpeg&quality=85&width=330,2026-05-14T18:44:13.786+09:00,"よしひろさん　こんばんは

企画に参加させていただきますね。
https://note.com/hitokoma5634/n/nbb0b4cf8e7b4

夢について、これまであまり考えてこなかったですけど、noteでなら「夢」と言えるものがあったので書いてみました。
お手すきの際に読んでいただけると幸いです。

改めましてフォロワー1000人達成、おめでとうございます！"
nc9654cb210d35,n23c1a7fdea7f,6387daced3412f56911efd0f8787e44a,椿みきこ🌸季節の花ごよみ,hirata_mikiko60,https://assets.st-note.com/production/uploads/images/238886147/profile_71a504244fe604943c4eb0a3c3c99742.jpg?fit=bounds&format=jpeg&quality=85&width=330,2026-05-14T19:16:35.776+09:00,"あ、今日14日だから、まだ間に合いますね！
明日お祝い記事、出します😊"
nc7bf338fcb419,nf5fcdcfb8a24,64bceff06149c276b47d0a807c67c2f9,けんさん,deep_eel6377,https://assets.st-note.com/production/uploads/images/246297153/profile_950e377615377f1753762aacc9bf3086.jpeg?fit=bounds&format=jpeg&quality=85&width=330,2026-05-14T20:16:14.142+09:00,"よしひろさん、マガジン追加ありがとうございます😭嬉しいです🍀
フォロワー1000人おめでとうございます㊗️
これからもよろしくお願いします🙇"
nc038d58305d41,n23c1a7fdea7f,907edc26ecc556b380bd733caf94e5cc,JAU |  臨床検査技師×医療副業,jau_jau1001,https://assets.st-note.com/production/uploads/images/238898866/profile_b47389bc5953cb4d37cf45a1d4d208c2.png?fit=bounds&format=jpeg&quality=85&width=330,2026-05-14T22:26:57.463+09:00,"おぉー！miyuriさんコラボ😍✨

これはレアコラボ🤩✨
私にとってはテンション上がる⤴️w

よしひろちゃん、良いですね😆✨
とても可愛いです❣️"
nc1323d663205f,n23c1a7fdea7f,f70038deb9c5f3f87c2ee7969a2cf523,不屈の屈葬,fukutsunokussou,https://assets.st-note.com/production/uploads/images/228082209/profile_bc2555e2c34c9857d7b2291bb9e9cc80.png?fit=bounds&format=jpeg&quality=85&width=330,2026-05-14T22:20:40.853+09:00,"気になってはいたんですが、やはりオリジナルキャラだったんですね！そのまんま「よしひろちゃん」とは！！🤣
少しずつ登場させてみんなに「なんだろー」と思わせておいてからの、ここで紹介ってのが憎い演出ですね😁"
nc8b6409d17c69,n23c1a7fdea7f,f19d138b5f57bc35ca0f56f51ab37ac5,りーまむ,ri_mam,https://assets.st-note.com/production/uploads/images/186523962/profile_939af6d936ad6ca5456ee55e7d9d6404.jpeg?fit=bounds&format=jpeg&quality=85&width=330,2026-05-14T22:10:07.486+09:00,"わぁ、このキャラ、お名前あったんですね〜😆

よしひろちゃん、
これからもたくさんの登場、お待ちしてます〜🎵"
ncf7aa16af6d5f,n23c1a7fdea7f,db762f41c26d6f8c981415a55d822066,miyuri,miyuriii,https://assets.st-note.com/production/uploads/images/222249273/profile_758483b17b89d1dffd8ba28f3cf4fcaa.png?fit=bounds&format=jpeg&quality=85&width=330,2026-05-14T21:37:41.824+09:00,"よしひろさん、こんばんは！
私のコメントと記事を紹介していただき、ありがとうございます✨
また、マガジンにも掲載いただき、ありがとうございます😊

ネーミングがまたかわいいじゃないですか！

よしひろちゃん😆

何してる人でもいいですよね！
楽しい人であれば。

今後もよしひろちゃんの出番を楽しみにしています😊

いつもありがとうございます✨"
ncc6b26c0c50df,n23c1a7fdea7f,15b07889aa53dbf10c9cb1b67625f4b4,rika🌷,meina_rikamizuki,https://assets.st-note.com/production/uploads/images/238910767/profile_373a9816961e0c2decd5f9e33be51347.png?fit=bounds&format=jpeg&quality=85&width=330,2026-05-14T21:34:46.616+09:00,"サムネのおチビちゃん可愛いなって思ってました😆

よしひろちゃんっていうんですね☺️
名前も良きです👍️💕"
nc35f28ff46b2d,n23c1a7fdea7f,1b14ec5242b0f89c04e2ee53ca366e02,にゃんちー,alive_guppy3873,https://assets.st-note.com/production/uploads/images/247243911/profile_1556505783b49edbf889d17fa0f50227.png?fit=bounds&format=jpeg&quality=85&width=330,2026-05-14T20:01:45.394+09:00,"よしひろさん、こんばんは🌙

よしひろちゃん、って名前なんですね✨
可愛いですよね🤭💗

皆さんの中で既に定着してそう🤭✨

マガジンへの掲載、いつもありがとうございます🙇‍♀️

まさか、あの記事が🤣🤣🤣"
nce7c53603d87b,n23c1a7fdea7f,a3b393748448993682c446017554f28a,りこ@一生養生,riko_83,https://assets.st-note.com/production/uploads/images/242853208/profile_868cf0850d54d0a98ca0406d82454cfa.png?fit=bounds&format=jpeg&quality=85&width=330,2026-05-14T19:58:31.058+09:00,"こんばんは🌙マニアです🤭
実はこの可愛いキャラ、ずっと気になってました（笑）
「よしひろちゃん」って言うんですね🍀"
nc5e5e2050d107,n23c1a7fdea7f,35032a872ef338f6bbc0a85288de5944,あまね〘ฅ՞•ﻌ•՞ฅฅ^•ﻌ•^ฅ〙,almabrillante,https://assets.st-note.com/production/uploads/images/270451364/profile_78017c668dbe9b00fb7cca620f05f8aa.png?fit=bounds&format=jpeg&quality=85&width=330,2026-05-15T00:25:01.560+09:00,"このおチビちゃん（？）の名前は、よしひろちゃんだったんですね🤭

可愛いので、ずっと気になってました☺️
名前がわかってスッキリ✨笑"
ncc72ed98b8153,n23c1a7fdea7f,b8557676b9b9f55fdf2e83f6be32687e,そるっち,joyous_salvia264,https://assets.st-note.com/production/uploads/images/218889598/profile_f238954a960970b60bf87645f39e0483.png?fit=bounds&format=jpeg&quality=85&width=330,2026-05-15T00:05:31.031+09:00,"よしひろさん、こんばんは😁

よしひろちゃん、かわいいです💕
これからもいろんな「よしひろちゃん」の登場が楽しみです🎵🎶"
ncb8405dca521b,n23c1a7fdea7f,32a3d5ec7b1b7751c0635f2e47ea2b11,あん｜noteと遊ぶ,aging_gracefully,https://assets.st-note.com/production/uploads/images/238258843/profile_52f43522d9e7e75a12acd9d6da59035c.png?fit=bounds&format=jpeg&quality=85&width=330,2026-05-14T23:22:14.559+09:00,"カワイイ😊

ジャンル、よくわからん！😆
私もノンジャンルです💞
"
ncc2c77e456aad,n23c1a7fdea7f,5fc41c7aec4f5cbe6e8062ab23bbf7bc,yayachico,open_magpie7814,https://assets.st-note.com/production/uploads/images/254370493/profile_0901b98e3dd534db8729a75af2c6b096.jpeg?fit=bounds&format=jpeg&quality=85&width=330,2026-05-14T22:56:17.212+09:00,"こんばんは。
このキャラにお名前あったんですね🤭

ちょっと恥ずかしがり屋さんぽい。。

自作されるとは、さすがです✨
みなさん、AIを上手に使いこなしていらしゃる！

作り方、知りたーい😆"
ncec791c5f4ed5,nf5fcdcfb8a24,cb93804505107614e3a73d05f3e6f49f,miyuri,miyuriii_2nd,https://assets.st-note.com/production/uploads/images/230589518/profile_5800c9cb6569b37700033b060c29e255.png?fit=bounds&format=jpeg&quality=85&width=330,2026-05-15T09:45:36.309+09:00,"よしひろさん、おはようございます！
マガジンに掲載いただき、ありがとうございます✨

「夢」 今はまだぼんやりした感じなんですけど、変化するかもしれないし
ひっそりと叶えたいので、企画に参加はしないですが眺める参加を
させてもらおうと思います😊

いつもありがとうございます✨"
nc45957cdfed4a,nf5fcdcfb8a24,00ae52b405af1b3def1ed83073b82ba8,余白ちゃん｜感情【生きづらさ】の翻訳家,yohaku_work,https://assets.st-note.com/production/uploads/images/263369656/profile_650d09e811bcdd94ea0a02e6f1db793c.png?fit=bounds&format=jpeg&quality=85&width=330,2026-05-15T07:37:33.507+09:00,"よしひろさん！！
参加させてください〜ଘ(੭ु´｡•~•｡`)੭ु⁾⁾♡

https://note.com/yohaku_work/n/n31d6a0c53d35"
ncc45f5c0a9d65,nf5fcdcfb8a24,cec4c608f21d7aa722cfc12802c896bf,MOON｜違和感の記録,dandy_sedum8677,https://assets.st-note.com/production/uploads/images/271470614/profile_112e71abeaceddb2ab033b49d5f56568.png?fit=bounds&format=jpeg&quality=85&width=330,2026-05-15T15:39:21.440+09:00,"よしひろさん

マガジン掲載ありがとうございました😊

「スキの気持ちを返したい」という空気が、
マガジン全体からすごく伝わってきて、
とても素敵だなと思いました。

そして、
フォロワー1,000人おめでとうございます🎉

企画記事も、
「書くきっかけ」を作ってくれる感じがして、
すごくいい取り組みですね。

これからも、
また少しずつ読みに行かせていただきます(^^)"
ncb7b19d8d6ffd,nc7e45edb073a,6387daced3412f56911efd0f8787e44a,椿みきこ🌸季節の花ごよみ,hirata_mikiko60,https://assets.st-note.com/production/uploads/images/238886147/profile_71a504244fe604943c4eb0a3c3c99742.jpg?fit=bounds&format=jpeg&quality=85&width=330,2026-05-15T15:38:29.484+09:00,"すでに利用者がいるんですね！
知りませんでした。
経過報告お願いいたします😊"
nc728725193e53,nc7e45edb073a,a790aa624dded68d048acf235b85cc3c,柴わんこ,shibawaka555,https://assets.st-note.com/production/uploads/images/238902723/profile_e9480392b9cdfa2e109591cf8bd585ee.png?fit=bounds&format=jpeg&quality=85&width=330,2026-05-15T15:23:36.956+09:00,よしひろさん、質問箱への回答、ありがとうございます😊
nc5acf77905cb0,nf5fcdcfb8a24,d99777ca6d84a8f6fb38095cc3bbde02,みのり行政書士事務所｜奈良｜障害福祉,fresh_berry8738,https://assets.st-note.com/production/uploads/images/272110911/profile_dfcb35c216f311f4372d4677d8a2d55c.jpg?fit=bounds&format=jpeg&quality=85&width=330,2026-05-15T18:21:44.939+09:00,"よしひろさん

いつもマガジン掲載ありがとうございます‼︎🥰

嬉しすぎます✨

マガジンの皆さんの記事も少しずつ楽しく読ませていただきますね🍀"
nc31171452cdbe,nc7e45edb073a,32a3d5ec7b1b7751c0635f2e47ea2b11,あん｜noteと遊ぶ,aging_gracefully,https://assets.st-note.com/production/uploads/images/238258843/profile_52f43522d9e7e75a12acd9d6da59035c.png?fit=bounds&format=jpeg&quality=85&width=330,2026-05-15T19:04:47.529+09:00,"私も届きました！
どうやって使うのか考えちゃいます🌿"
nc37f7dedb0f58,nc7e45edb073a,ee17e08838a2d1017fe4b3f4eb73a4e3,境界をまたぐ心理士【振り子】,rosy_snail1735,https://assets.st-note.com/production/uploads/images/253068092/profile_684215ad7eba3d124844155dff223a1b.jpg?fit=bounds&format=jpeg&quality=85&width=330,2026-05-15T18:11:15.388+09:00,"よしひろさん

はじめまして♪
記事をマガジン追加してくださりありがとうございます🥰

先日あいさんが投稿された企画記事はよしひろさんプレゼンツだったのですね！
記事を色々と拝見させていただきます😊✨"
nc30a4cb0b9cd6,n8d6dbe502128,ee17e08838a2d1017fe4b3f4eb73a4e3,境界をまたぐ心理士【振り子】,rosy_snail1735,https://assets.st-note.com/production/uploads/images/253068092/profile_684215ad7eba3d124844155dff223a1b.jpg?fit=bounds&format=jpeg&quality=85&width=330,2026-05-15T18:24:49.131+09:00,"よしひろさん

有料記事を２つ購入させていただきましたが、
どちらもフットワークの軽さとポジティブさがあって、
記事を読んだ後にエールをいただいた気持ちになりました🥰✨

遅ればせながらフォローさせていただきましたので、
今後ともどうぞよろしくお願いします🙇‍♀️✨"
nc8d9082b4863c,n8d6dbe502128,83fad77e31a6c935ecc9efcc414620fc,こに,coni0624,https://assets.st-note.com/production/uploads/images/263845084/profile_fcac4b21de4877d4bb2ed474c4f10238.jpg?fit=bounds&format=jpeg&quality=85&width=330,2026-05-15T17:35:14.048+09:00,"よしひろさん🍓　こんにちは✨🌷
購入させていただいた記事も、癒やされながら読みましたが、
さらにさらに、メッセージもいただき、ありがとうございます😄

すごく得した気分⤴❣です。

それで、ちょっと気づきましたが、
今まで家族が忙しいと気遣い、
おひとりさま限定の楽しみ方を考えていました。

でも、自分に余裕があれば、
家族を巻き込みながらの、理想の一日もあるんじゃないかと。

「理想の一日」、ゆっくり考えてみたいです。
せっかくなら、もっと楽しまなくては✨✨

実現したら、記事にします😆

これからもよろしくお願いします🌺"
nc2952ecf3d7ad,nf5fcdcfb8a24,8140e2c04d582dab940a08ac34566497,カズ,kazumai13,https://assets.st-note.com/production/uploads/images/268670928/profile_482a4c9254570c5663af36fdc1720bbd.png?fit=bounds&format=jpeg&quality=85&width=330,2026-05-15T21:48:46.162+09:00,"はじめまして。カズと申します。偶然、この企画記事が流れてきて参加させていただきました。

https://note.com/kazumai13/n/nd0dd3e815cb6"
nc79c9db3052b1,nf5fcdcfb8a24,b0c63385960edb1d4955bd1295f6826d,にわにん,nai114,https://assets.st-note.com/production/uploads/images/270210825/profile_59bff8dfeab1517ace4bbdb9589dbef9.jpg?fit=bounds&format=jpeg&quality=85&width=330,2026-05-15T21:18:51.607+09:00,"こんばんは〜✨️

書いてみました〜✨️

ちょっとわたし本来の根暗感が漂っちゃいました〜😆✨️



https://note.com/nai114/n/nedc32a0f5cd8?sub_rt=share_b"
nce4ecc9911034,nf5fcdcfb8a24,3a25989705d811d276a669c386e1263a,まなつ/突出マイノリティ列伝,tosshutsu_m,https://assets.st-note.com/production/uploads/images/270829435/profile_710697fc3d1bae7e7da7a9140421298b.png?fit=bounds&format=jpeg&quality=85&width=330,2026-05-15T21:16:14.520+09:00,"企画の記事、アップしました🫶
https://note.com/tosshutsu_m/n/n797b925cf260"
ncf056ed549a69,nf5fcdcfb8a24,bc18c45daaece1b8d5576deddda5ac86,結帆の『こっそり神様手帖』もやもやと向き合う旅,kossori_yuiho,https://assets.st-note.com/production/uploads/images/272254266/profile_de8c5895c1383cefa404230a4417062a.png?fit=bounds&format=jpeg&quality=85&width=330,2026-05-15T21:09:25.792+09:00,"よしひろさん

こんばんは～！
いつもマガジンに追加していただき、ありがとうございます。
そして、フォロワー１０００人突破、おめでとうございます🎉

ぜひイベント参加させてくださいっ😆
私の「夢」が本当にタイムリーに、はっきりしたばかりなんです～💗


https://note.com/kossori_yuiho/n/n28ae5a2d9069?app_launch=false"
nc9a21d41f552c,nf5fcdcfb8a24,0914fa689b63e0cdd3d0d9a520939f6a,ひゅー｜AI×分析｜考察と思考整理を楽しむ。note,hyu_nisworks,https://assets.st-note.com/production/uploads/images/262320672/profile_aeb8b9e291595cc62a64460bc1ac5153.png?fit=bounds&format=jpeg&quality=85&width=330,2026-05-15T20:11:15.810+09:00,"よしひろさん、こんにちはー。

お祭りの気配を感じてやってきました。
イベント参加させてください！

https://note.com/hyu_nisworks/n/n412a95fd918e"
ncb9d181a4c680,nc7e45edb073a,2d406665091dc8a0c2999ebfd0d8aa51,ふくふく,rapid_abelia74,https://assets.st-note.com/production/uploads/images/199863135/profile_fd5c1143f3022a450752d18a86437b41.png?fit=bounds&format=jpeg&quality=85&width=330,2026-05-15T21:57:47.334+09:00,"よしひろさま

こんばんは🌙
マガジンに登録していただき、ありがとうございます🙇‍♀️
「よしひろちゃん」イラストが可愛くて、内容とともに癒されます✨
これからも楽しみにしてます😊"
nc62ebcd4f0279,nc7e45edb073a,26f4c191f5550e8a952352f17f8d5081,はるき,kanabo_0826,https://assets.st-note.com/production/uploads/images/272843475/profile_db5f96ff83c8845eeb6fcdb64c8126ea.png?fit=bounds&format=jpeg&quality=85&width=330,2026-05-15T21:55:24.844+09:00,"よしひろさん、こんばんは🌙
マガジン追加ありがとうございます。　

noteの質問箱、初めて知りました！
確かに職場の目安箱はあまり入ってないですよね☺️
でも、よしひろさんなら、きっと、色んな質問が来そうですね。"
nc997e66063d7e,n23c1a7fdea7f,02859a98d5bba82093a41fbea358a3b6,Chill,chill_2525,https://assets.st-note.com/production/uploads/images/267416818/profile_ec983d1b1c2cdf75a359c193306959d3.png?fit=bounds&format=jpeg&quality=85&width=330,2026-05-15T22:30:50.413+09:00,"よしひろさん、こんばんは♪
ふふふ。癒し系よしひろちゃん、
かわいいです💖

ステキなマガジンに
私の記事を追加していただき
うれしいです😊
ありがとうございます💐"
nc715b73b8e9f7,n23c1a7fdea7f,24ae8442856f6e3b72ae8eee40690c51,Mie,genial_cat129,https://assets.st-note.com/production/uploads/images/259954001/profile_5d311f6904fdf72781a68dbd8a987133.png?fit=bounds&format=jpeg&quality=85&width=330,2026-05-15T20:32:14.592+09:00,"よしひろさん
こんばんは♪
よしひろちゃんも可愛いけど
グアムで買ってきたバナナちゃんも
味があって可愛いですね。
名前つけたのかな？
ありがとうございます😊"
nca05ba34dc930,nf5fcdcfb8a24,5fc41c7aec4f5cbe6e8062ab23bbf7bc,yayachico,open_magpie7814,https://assets.st-note.com/production/uploads/images/254370493/profile_0901b98e3dd534db8729a75af2c6b096.jpeg?fit=bounds&format=jpeg&quality=85&width=330,2026-05-16T00:51:53.701+09:00,"こんばんは。
フォロワー、どんどん増えてますね。
さすがです✨

企画かくカク書く企画、参加しまーす🙌https://note.com/open_magpie7814/n/n8e17ce488d02

よろしくお願いします😊"
nc64ecbe8e44e1,nf5fcdcfb8a24,5bdbea8d208dd57bbbc8fd9baa5f7c45,ゆきぽ,lucid_guppy4450,https://assets.st-note.com/production/uploads/images/264554398/profile_90b6430e870542ef3f3a7193eb153dee.png?fit=bounds&format=jpeg&quality=85&width=330,2026-05-16T00:10:47.310+09:00,"はじめまして😊こんばんは。
素敵な企画だったので思わず参加させてもらいました。よろしくお願いします✨️

https://note.com/lucid_guppy4450/n/n4caf5fb50d34"
nc06575f1def83,nf5fcdcfb8a24,d2888da74bd2ef8c8333472f8059dde8,とわ ,towa410,https://assets.st-note.com/production/uploads/images/207164030/profile_08b54f58a95d2ba919a2f7016d1e98b5.png?fit=bounds&format=jpeg&quality=85&width=330,2026-05-15T23:43:18.558+09:00,"よしひろさん、こんばんは。

フォロワーさん
1000人おめでとうございます。

企画に参加させていただきました。
たくさんの夢を拾いに行ってきます。

"
nc5d50a662c6f7,n76e728af4f95,32a3d5ec7b1b7751c0635f2e47ea2b11,あん｜noteと遊ぶ,aging_gracefully,https://assets.st-note.com/production/uploads/images/238258843/profile_52f43522d9e7e75a12acd9d6da59035c.png?fit=bounds&format=jpeg&quality=85&width=330,2026-05-16T01:13:06.802+09:00,いつものはじまりましたね🙌
nc64b4d0fbf223,nc7e45edb073a,23e78cfab6f2de9a5a72e4b8281e05ba,志乃,gay_okapi3125,https://assets.st-note.com/production/uploads/images/275989944/profile_0a04aa366c6b94cd24b3adc944b05c3e.png?fit=bounds&format=jpeg&quality=85&width=330,2026-05-15T23:56:25.424+09:00,"よしひろさん

まさかのノストラダムスの予言に吹きました😂
回答して頂き
ありがとうございました😂
勝手なイメージで
先に終わらせる派だと思ってましたw"
ncd65dfed23d35,n127a4a306cb8,24ae8442856f6e3b72ae8eee40690c51,Mie,genial_cat129,https://assets.st-note.com/production/uploads/images/259954001/profile_5d311f6904fdf72781a68dbd8a987133.png?fit=bounds&format=jpeg&quality=85&width=330,2026-05-15T22:42:51.705+09:00,"よしひろさん
こんばんは♪
もっともスキされたコングラ✨って
あるんですね！嬉しいですね。
わーい🙌
テーマに向き合って書くのは初めてで
書き始めたらあれどうしようと
危うくボツになりかけていました。
少しまとめるのに苦労しましたが
（まとまっているかわからないけれど）
出来上がったものには満足しています。よしひろさん。ありがとうございました😊"
nce61972e302d3,n143dee8f2f91,00b28835c47f7c199e096672bc051989,心配性ラッキーガール,shinpailuckygirl,https://assets.st-note.com/production/uploads/images/250058626/profile_072a60651f534fc5aa6718b7fbfde99e.png?fit=bounds&format=jpeg&quality=85&width=330,2026-05-16T00:21:30.174+09:00,"はじめまして！！
めちゃくちゃ共感です✨
私も一時期お金がなくて明日の生活も怖いぐらいだった時期がありますがここまで何とか生きてこれたしもう怖いものはないって感じです🥺笑"
ncedbfcc2ad1fb,n76e728af4f95,15b07889aa53dbf10c9cb1b67625f4b4,rika🌷,meina_rikamizuki,https://assets.st-note.com/production/uploads/images/238910767/profile_373a9816961e0c2decd5f9e33be51347.png?fit=bounds&format=jpeg&quality=85&width=330,2026-05-16T10:30:46.307+09:00,"おはようございます☀️

ディズニー羨ましいです🥹
全然いけてない〜💦

追加更新楽しみにしてます😆"
nc3c3e1e261cbd,n76e728af4f95,6387daced3412f56911efd0f8787e44a,椿みきこ🌸季節の花ごよみ,hirata_mikiko60,https://assets.st-note.com/production/uploads/images/276282393/profile_1b76107f2c250cd2fcb0068f908ba934.png?fit=bounds&format=jpeg&quality=85&width=330,2026-05-16T10:25:14.363+09:00,"よしひろさん、お休み中に実況記事お疲れ様です😊
こうやってディズニーまで行くんですね～✨
興味深いです💕"
nc84b48ab8dbc3,n76e728af4f95,2d406665091dc8a0c2999ebfd0d8aa51,ふくふく,rapid_abelia74,https://assets.st-note.com/production/uploads/images/199863135/profile_fd5c1143f3022a450752d18a86437b41.png?fit=bounds&format=jpeg&quality=85&width=330,2026-05-16T10:19:26.943+09:00,"よしひろさま

おはようございます☀
マガジン登録ありがとうございます😊
ディズニーの雰囲気が伝わる写真いいですね〜😉
夢の国、楽しんで来てくださいね✨"
ncd8c4b0904337,n76e728af4f95,02859a98d5bba82093a41fbea358a3b6,Chill,chill_2525,https://assets.st-note.com/production/uploads/images/267416818/profile_ec983d1b1c2cdf75a359c193306959d3.png?fit=bounds&format=jpeg&quality=85&width=330,2026-05-16T09:47:33.918+09:00,"よしひろさん、こんにちは♪
夢の国✨✨✨いいですね！
行きたいな～💖

思いっきり楽しんでくださいね😊"
nc49e3440cc110,n76e728af4f95,cb93804505107614e3a73d05f3e6f49f,miyuri,miyuriii_2nd,https://assets.st-note.com/production/uploads/images/230589518/profile_5800c9cb6569b37700033b060c29e255.png?fit=bounds&format=jpeg&quality=85&width=330,2026-05-16T09:34:33.883+09:00,"よしひろさん、おはようございます！
マガジンに掲載いただき、ありがとうございます✨

電車もすごいぽくてかわいいですね😊

海老名のラーメンの写真で思い出しましたが、
確かカレーが美味しかったような記憶が・・・🍛

違ったかもしれません😆

夢の国、楽しんできてください😊

いつもありがとうございます✨"
nc7a3cf10f3749,n76e728af4f95,60af86876c822049da9dc1e15d557e95,みつば,royal_swift7266,https://assets.st-note.com/production/uploads/images/241638421/profile_7d19e63756f37680f5dfda690a5732a4.png?fit=bounds&format=jpeg&quality=85&width=330,2026-05-16T08:53:53.533+09:00,楽しみに読みますね！羨ましい🥺🥺
ncf754caf46e99,n76e728af4f95,1e31b774db08c29cb4d215e86f5553f8,Ao |ゆるっとディズニー日和☘️,kodomoto_disney,https://assets.st-note.com/production/uploads/images/272999548/profile_3f063e1e60a97d104fad72a2d0b64872.jpeg?fit=bounds&format=jpeg&quality=85&width=330,2026-05-16T06:49:53.009+09:00,"深夜に仕事終わりでそのまま出発して、海老名SAでラーメン食べて…この旅の空気感、すごく伝わってきます。
そして朝起きてこの写真は誘惑！お昼ラーメン食べます😆
続きの更新が楽しみです！"
nce5403449fb4b,n76e728af4f95,3a07bbf39f62dca69a000064efb4f859,ゆまま｜世帯年収400万で年間100万貯金をする主婦,noble_hare4289,https://assets.st-note.com/production/uploads/images/268073236/profile_2851b9702b1e202f0607cd443ad927e3.png?fit=bounds&format=jpeg&quality=85&width=330,2026-05-16T06:12:30.493+09:00,"よしひろさん！よしひろさんのnoteはいつもどれも素敵ですが、グアムに続きこの旅のnoteは
私までとっても楽しみです♪運転おつかれ様です。ご家族様時間、楽しんできてください💙"
nc06637cb910a5,nf5fcdcfb8a24,db8543c422f73217531f91e6e364e92d,けい｜人生の翻訳ノート,kei_words,https://assets.st-note.com/production/uploads/images/235410321/profile_2e42fc3df99ee28f48448a024086cc27.png?fit=bounds&format=jpeg&quality=85&width=330,2026-05-16T13:14:08.850+09:00,"よしひろさん
はじめまして☺️

とても素敵な企画ですね。
参加させていただきました。
https://note.com/kei_words/n/nca333eca0ec8"
ncae7a843c8432,nf5fcdcfb8a24,b6142bb7bba7964ab3acbde1fe1575d6,いくちょのやさしい毎日,honsuki_note,https://d2l930y2yx77uc.cloudfront.net/assets/default/default_profile_5-043439195e40e86fd7641a3a1daf982637d77ec6f14b67d3fc98ab92374404ac.png,2026-05-16T11:38:26.880+09:00,"よしひろさん、フォロワー1000人
おめでとうございます😊
私の投稿にも、スキをしていただき
ありがとうございます✨そして、
マガジンにもご紹介して頂き、
心より感謝します😊✨
まだ、初心者なので、謎だらけてすが、少しずつ謎解きしていきます😊
note界のスーパースターさんに、
読んでもらえて光栄です💓"
nc9ccd80c86397,n76e728af4f95,5fc41c7aec4f5cbe6e8062ab23bbf7bc,yayachico,open_magpie7814,https://assets.st-note.com/production/uploads/images/254370493/profile_0901b98e3dd534db8729a75af2c6b096.jpeg?fit=bounds&format=jpeg&quality=85&width=330,2026-05-16T13:36:35.564+09:00,"長距離運転、お疲れです☕️

そんな中、投稿更新✨
コメントへの返事。

実はよしひろさんの横の
優秀なコピーロボに
お任せしてませんか？😂

いっぱい、楽しんできてくださいね🧚"
ncb906337a2449,nf5fcdcfb8a24,c068f7865d8e0da6555ec8d5b896bf89,くすり。。,crystal_shine,https://assets.st-note.com/production/uploads/images/236251541/profile_ab33998a42f921a3d102004f1dc24467.png?fit=bounds&format=jpeg&quality=85&width=330,2026-05-16T17:22:22.350+09:00,"よしひろさん

こんにちは☀️
フォロワー1,000おめでとう御座います🎉

私も、企画参加させてもらいました🍀
恥ずかしながら、途方もない、私の夢お届けしました🌸

イェーイ✌️
https://note.com/crystal_shine/n/nb03d0f009607"
nc64a9fe558a7d,nf5fcdcfb8a24,0c3bfaa3c9ec73200dc8f864c782b3d9,ゆぴか ☀︎在宅で働きたい主婦（ちょっとワケあり）,tasty_quoll5392,https://assets.st-note.com/production/uploads/images/269228813/profile_923261830c097bd9f14b383fffe2b28e.jpeg?fit=bounds&format=jpeg&quality=85&width=330,2026-05-16T19:26:37.714+09:00,"よしひろさん😊

はじめましてのコメントです🙇‍♀️
まなつさんの記事を読んできました🏃‍♂️

フォロワー1000人おめでとうございます🎉
素敵な企画をありがとうございます💓

https://note.com/tasty_quoll5392/n/n84845c104cd9"
nce290543e5060,nf5fcdcfb8a24,907edc26ecc556b380bd733caf94e5cc,JAU |  臨床検査技師×医療副業,jau_jau1001,https://assets.st-note.com/production/uploads/images/238898866/profile_b47389bc5953cb4d37cf45a1d4d208c2.png?fit=bounds&format=jpeg&quality=85&width=330,2026-05-16T19:03:28.249+09:00,"よしひろ先輩！
改めまして！フォロワー1000達成！おめでとうございます🎊

作っておきやした🙇‍♂️✨

https://note.com/jau_jau1001/n/n20adf31ab6c4"
nc8bd33cd2bf61,n76e728af4f95,7cb97ff509995a42a8ba492d0b687194,上藤あきを,kamifuji_akiwo,https://assets.st-note.com/production/uploads/images/273283615/profile_8fd793ba40acf0b670c8c5a178e04531.png?fit=bounds&format=jpeg&quality=85&width=330,2026-05-16T19:49:29.236+09:00,"こんばんは、よしひろさん⭐😊
マガジンに載せて下さってありがとうございます！
いいですね、ご家族で Disney ✨👍
楽しまれてるようで何よりです❣️
運転🚗気をつけて下さいね〜🌟"
nc1f546dc93918,nf5fcdcfb8a24,bc6e25dad20c33a8e7baa982f10a9a9e,田中和子｜愛から選ぶ人,gifted_dahlia750,https://assets.st-note.com/production/uploads/images/172974037/profile_a9cbb369e0461b5f35e179a611689464.png?fit=bounds&format=jpeg&quality=85&width=330,2026-05-17T07:20:12.364+09:00,"よしひろさん

フォロワー1000人達成おめでとうございます㊗️

そして素敵な企画をありがとうございます🌈

https://note.com/gifted_dahlia750/n/ncfd68a1ad256

よしひろさんは甥っ子の名前で、なんだか他人事とは思えず🤭
最終日に無事に？滑り込みました💕

ご縁に感謝いたします🌈"
nc30fe4c9301a0,n331f4016f150,15b07889aa53dbf10c9cb1b67625f4b4,rika🌷,meina_rikamizuki,https://assets.st-note.com/production/uploads/images/238910767/profile_373a9816961e0c2decd5f9e33be51347.png?fit=bounds&format=jpeg&quality=85&width=330,2026-05-17T10:01:14.448+09:00,"ディズニーのホテルのブュッフェ美味しいですよね💕
今日も1日楽しんでください👍️✨️"
nce8ae2129ce7c,n331f4016f150,6387daced3412f56911efd0f8787e44a,椿みきこ🌸季節の花ごよみ,hirata_mikiko60,https://assets.st-note.com/production/uploads/images/276282393/profile_1b76107f2c250cd2fcb0068f908ba934.png?fit=bounds&format=jpeg&quality=85&width=330,2026-05-17T08:46:14.781+09:00,"よしひろさん、写真が多くて、臨場感たっぷりですね～✨

楽しんできてください😊"
nc7c1ba301a5ab,nf5fcdcfb8a24,4bfdc603efcf214e76e41e399662d28d,nao,kimama_plants,https://assets.st-note.com/production/uploads/images/178588512/profile_2f727ef13e234c302729ab78b24400e3.jpeg?fit=bounds&format=jpeg&quality=85&width=330,2026-05-17T12:52:12.428+09:00,"よしひろさん、1000人達成おめでとうございます🎉

ギリギリで素敵な企画に参加させていただきました😆✨

よろしくお願いします🍀
https://note.com/kimama_plants/n/nf0096a335308?sub_rt=share_pw"
nc8ba65009d9d5,n331f4016f150,501075b33bc8fff4716e8e39cb47e74a,りんごあめ,aogunjyou_205,https://assets.st-note.com/production/uploads/images/244320088/profile_b53bcb9297c65530f6e56ea129a55d08.jpeg?fit=bounds&format=jpeg&quality=85&width=330,2026-05-17T14:53:48.891+09:00,"よしひろさん、ディズニーランド楽しそうですね☺️
昨日は息子もランドへ行ったようです。いつもより空いていたから、楽だったと聞きました。
お天気だったので暑さ対策は、必需品ですね👒"
ncdcf931a7794a,n331f4016f150,db762f41c26d6f8c981415a55d822066,miyuri,miyuriii,https://assets.st-note.com/production/uploads/images/222249273/profile_758483b17b89d1dffd8ba28f3cf4fcaa.png?fit=bounds&format=jpeg&quality=85&width=330,2026-05-17T12:10:26.157+09:00,"よしひろさん、こんにちは！

いいお天気ですね🌞

暑いと思うので水分補給も忘れずに楽しんでくださいね😊

いつもありがとうございます✨"
nc9a5f1edaba67,nf5fcdcfb8a24,53c0f0b342eccd9789ea98526e218616,暮らしの整え相談室　ぽんまぁ,ponmaaa,https://assets.st-note.com/production/uploads/images/222294136/profile_4a6854bc4f0dd7b277b78f04de10d3be.jpeg?fit=bounds&format=jpeg&quality=85&width=330,2026-05-17T17:30:01.256+09:00,"よしひろさん、初めまして。
1000人達成すごいですね✨私には夢のような数字です。
素敵な企画に参加させてもらいました。
よろしくお願いします😊

https://note.com/ponmaaa/n/ndec3953e26f6"
nc1f4c9e61a0ec,nf5fcdcfb8a24,64bceff06149c276b47d0a807c67c2f9,けんさん,deep_eel6377,https://assets.st-note.com/production/uploads/images/246297153/profile_950e377615377f1753762aacc9bf3086.jpeg?fit=bounds&format=jpeg&quality=85&width=330,2026-05-17T16:10:44.766+09:00,"よしひろさん
期限ぎりぎりですが、参加させていただきました🖊
よろしくお願いいたします(^^♪
https://note.com/deep_eel6377/n/n4c55bf41d6fc
"
ncbe7f6a6054d3,nf5fcdcfb8a24,32f550dffe989e6d35ff91b609a17829,めぐり,meguri_note,https://d2l930y2yx77uc.cloudfront.net/assets/default/default_profile_3-39088fff430aa9ec11d6e2a385dbcad45c8b79bde6c0c9ded10cd7abb960174f.png,2026-05-17T20:36:22.847+09:00,"よしひろさん
こんばんは😊

素敵な企画に参加させてもらいました。

https://note.com/meguri_note/n/nec9f16bf961c
よろしくお願いいたします。
"
nc332e8a69101f,nf5fcdcfb8a24,82f90a6adbb0048402605464e9616a45,のぞみん｜ココロの伴走ライター,nozominnote,https://assets.st-note.com/production/uploads/images/241713880/profile_8a57c5b56b96d806314bf279d3435ce1.png?fit=bounds&format=jpeg&quality=85&width=330,2026-05-17T20:18:14.892+09:00,"よしひろさん✨
わたしも企画へ参加させていただきました！

夢って書いたことなくて、ど緊張しましたが、書かせてもらって夢が少しだけクリアになりました😊💕
ありがとうございます✨

https://note.com/nozominnote/n/n6cef7a2f91f6"
nc75cd29672c7a,nf5fcdcfb8a24,d6d51dea38cbe3d49e06756495425d9a,ダンちゃん｜映画ジャンキー,cinephileangel,https://assets.st-note.com/production/uploads/images/244063488/profile_5860932d8b92dd295f931f496755b018.jpg?fit=bounds&format=jpeg&quality=85&width=330,2026-05-17T19:05:38.409+09:00,"よしひろさん、おめでとうございます👏

もう立派なインフルエンサーですね。

私も見習いたいので参加させてください

https://note.com/cinephileangel/n/nf1eae149a61a"
nc770ce0a8eb48,n331f4016f150,bbde2be08757ca783d4819cccf3e531b,須川元介/情報翻訳家,skagenavi,https://assets.st-note.com/production/uploads/images/238929357/profile_4d487be6cc66654f0df4c1f7e09d7b75.png?fit=bounds&format=jpeg&quality=85&width=330,2026-05-17T20:47:40.140+09:00,"よしひろさん、こんばんは😊
先月行ったばかりなんですが、写真見ていたらまた行きたくなってきました😆
ディズニーのお裾分けをたくさんありがとうございます！

娘さん2人、好み分かれるのあるあるですね😁
帰り道お気をつけて✨
マガジン追加もいつもありがとうございます！"
nc38ad694fc723,n331f4016f150,a7e911523d91f6ff748cf46ac997895e,Bibliothek,38wien,https://assets.st-note.com/production/uploads/images/171406638/profile_dec9fc83cd386a6d9479209f27246f10.jpeg?fit=bounds&format=jpeg&quality=85&width=330,2026-05-17T23:10:28.524+09:00,"はじめまして！
フットワーク軽いですね！お疲れ様でした✨
ディズニー私も来月行きます！"
nceb82b2c62a7e,n331f4016f150,32a3d5ec7b1b7751c0635f2e47ea2b11,あん｜noteと遊ぶ,aging_gracefully,https://assets.st-note.com/production/uploads/images/238258843/profile_52f43522d9e7e75a12acd9d6da59035c.png?fit=bounds&format=jpeg&quality=85&width=330,2026-05-17T22:30:06.125+09:00,"よっしーさん
ランドもいいですね〜
たくさん乗れてよかった！
娘さん喜んでいますねー
運転お疲れさまでした💕"
nc7d2fdfb1b2b8,nf5fcdcfb8a24,b470dbb6fe93cab4f8e17e0fcc84a212,離婚調停・DV経験談/カラフルでこまる,colorful_de_50,https://assets.st-note.com/production/uploads/images/274053245/profile_e62ca89e33e6be9953de75eebaf12f99.png?fit=bounds&format=jpeg&quality=85&width=330,2026-05-18T09:55:19.682+09:00,"マガジンへの追加ありがとうございます😊

素敵な企画ですね！
今は過去のことばかり書いているので、未来のことを書くきっかけになりそうな題材を、ありがとうございます☺️

新しい記事を書いていこうかなと思いました☺️
見つけてくださり、ありがとうございました☺️"
nc02cd6d10cbba,nf20463e6b5e5,907edc26ecc556b380bd733caf94e5cc,JAU |  臨床検査技師×医療副業,jau_jau1001,https://assets.st-note.com/production/uploads/images/238898866/profile_b47389bc5953cb4d37cf45a1d4d208c2.png?fit=bounds&format=jpeg&quality=85&width=330,2026-05-18T09:40:30.504+09:00,"よしひろさん！
企画、お疲れ様でした🙇‍♂️✨

みなさんの夢物語、私も拝見できて楽しかったです🤩✨"
nc25c5619de0d1,n331f4016f150,cb93804505107614e3a73d05f3e6f49f,miyuri,miyuriii_2nd,https://assets.st-note.com/production/uploads/images/230589518/profile_5800c9cb6569b37700033b060c29e255.png?fit=bounds&format=jpeg&quality=85&width=330,2026-05-18T09:26:04.571+09:00,"よしひろさん、おはようございます！
マガジンに掲載いただき、ありがとうございます✨

途中までは知ってたんですが、まだ続きがあったんですね👀

お疲れ様でした😆

いつもありがとうございます✨"
ncaec072661709,nf20463e6b5e5,2d406665091dc8a0c2999ebfd0d8aa51,ふくふく,rapid_abelia74,https://assets.st-note.com/production/uploads/images/199863135/profile_fd5c1143f3022a450752d18a86437b41.png?fit=bounds&format=jpeg&quality=85&width=330,2026-05-18T15:53:53.115+09:00,"よしひろさま

いつもありがとうございます😊
先日のディズニーの記事も楽しく読ませていただきました🙂‍↕️
たくさんの写真をみて、私もディズニーに行けるように頑張りたいなと思いつつ✨

今回の夢の企画、どんな作品が選ばれるのかなと、読むのを楽しみにしています☺️
素敵な企画ですね。"
ncc7138198f068,nf20463e6b5e5,501075b33bc8fff4716e8e39cb47e74a,りんごあめ,aogunjyou_205,https://assets.st-note.com/production/uploads/images/244320088/profile_b53bcb9297c65530f6e56ea129a55d08.jpeg?fit=bounds&format=jpeg&quality=85&width=330,2026-05-18T15:26:13.386+09:00,"よしひろさん　こんにちは🌷
素敵なマガジンへの掲載、本当にありがとうございます🙂‍↕️🍀✨

記事に関係のないコメントになってしまい、失礼しました。"
ncfacc108efdae,nf20463e6b5e5,d6d51dea38cbe3d49e06756495425d9a,ダンちゃん｜映画ジャンキー,cinephileangel,https://assets.st-note.com/production/uploads/images/244063488/profile_5860932d8b92dd295f931f496755b018.jpg?fit=bounds&format=jpeg&quality=85&width=330,2026-05-18T14:40:44.016+09:00,"よしひろさん、第1回企画の運営、本当にお疲れ様でした！✨

参加総数70件フィニッシュ、ものすごい熱量ですね！これだけ多くの人が集まるのも、よしひろさんの日頃の応援や温かいお人柄があってこそだと思います。😌

私自身、この企画をきっかけに新しい一歩を踏み出す怖さを克服できましたし、noteだけでなく動画などの新しい武器にも挑戦する最高の起爆剤をいただきました。本当に感謝しています！

水曜日の選考結果発表、ドキドキしながら楽しみに待っていますね。

これからもよしひろさんの背中を追いかけながら、ガシガシ突っ走ります！今後ともよろしくお願いします！🚀"
nc67e48e77469a,nf20463e6b5e5,1b14ec5242b0f89c04e2ee53ca366e02,にゃんちー,alive_guppy3873,https://assets.st-note.com/production/uploads/images/247243911/profile_1556505783b49edbf889d17fa0f50227.png?fit=bounds&format=jpeg&quality=85&width=330,2026-05-18T14:38:15.613+09:00,"よしひろさん、こんにちは☀️

企画&ディズニー旅行、お疲れ様でした🙈💦

深夜1時😨で今日お仕事とは、かなりタフですね😨💦
ディズニーは、たくさん写真載ってたので、もう何年も行ってないし、とても楽しめました✨✨✨
意外と待ち時間が少ない事にびっくりしました😳

しかし、企画参加記事70とは😳😳😳
お疲れのところ大変でしょうが、頑張って読んでくださいませ🙈💦

いつもマガジンへの掲載、ありがとうございます🙇‍♀️

"
nc8b3099b949e4,nf20463e6b5e5,099955dd1d1a0c52e23a74eb099c0986,限界集落で暮らす人｜ゆみ,yummies1980,https://assets.st-note.com/production/uploads/images/239025325/profile_ff64d507986dd7a1911a5b4a33db51b1.jpg?fit=bounds&format=jpeg&quality=85&width=330,2026-05-18T13:28:14.539+09:00,"70本！👀すごい！！さすがですね👏
全記事読破＆選考もファイトです〜❤️‍🔥
"
nc19df81d89bef,nf20463e6b5e5,031a96c67c576e3bfc12a86d2606bd97,ココミチ＠ゆきの,hot_mink9599,https://assets.st-note.com/production/uploads/images/212559417/profile_9dbf6c222d0c87810aeff185afbd7f95.jpg?fit=bounds&format=jpeg&quality=85&width=330,2026-05-18T18:37:10.139+09:00,"よしひろさん、こんばんは

「なんか違う」や「古い折り目に」を、あたたかなマガジンに
迎えてくださり、ありがとうございます

【企画かくカク書く企画】第1回お疲れさまでした
コメント欄でのやりとりを重ねてこられたからこその場だったのですね

「ビビッときた」を選考基準にされているところに、よしひろさんらしい
温度を感じました

よしひろさんの「後押し背中押し」という言葉がなければ書けていなかった
一編でした

水曜日の発表を楽しみにしています

ゆきの"
nc222a902cd9e0,nf20463e6b5e5,f70038deb9c5f3f87c2ee7969a2cf523,不屈の屈葬,fukutsunokussou,https://assets.st-note.com/production/uploads/images/228082209/profile_bc2555e2c34c9857d7b2291bb9e9cc80.png?fit=bounds&format=jpeg&quality=85&width=330,2026-05-18T21:20:58.552+09:00,"70超！！！企画大成功ですね！
お疲れ様でした～！
せっかくの機会なので、私もなるべく他の参加者の方の作品も読んでみたいと思います！
貴重な機会を提供してくださり、ありがとうございました😄"
nc8a5162d20377,n331f4016f150,afaf0798cca7a6177ab24e974d6b93ac,だぃだぃ｜多趣味と家族のあいだを行ったり来たり,daidai_papa,https://assets.st-note.com/production/uploads/images/250561472/profile_feba3890a1c104804174d97fb2711822.png?fit=bounds&format=jpeg&quality=85&width=330,2026-05-18T22:18:48.133+09:00,"今週ディズニー行ってきます！
足柄で帰りに温泉入ろうと思うので参考になりました☺️"
nc278f92f81c3e,n331f4016f150,02859a98d5bba82093a41fbea358a3b6,Chill,chill_2525,https://assets.st-note.com/production/uploads/images/267416818/profile_ec983d1b1c2cdf75a359c193306959d3.png?fit=bounds&format=jpeg&quality=85&width=330,2026-05-19T03:33:30.322+09:00,"よしひろさん、こんばんは♪
すごく楽しい気持ちになりました✨

やっぱり夢の国ってステキ💖💖💖
そして、ビュッフェ☝️
これはテンションがあがりますね～
ステキな休日でしたね！
運転もお疲れさまでした😊"
nce649bc9a2c72,nf5fcdcfb8a24,78bde11546dad0cc2b696b0d3a542378,あおい鳥,aoitori0022,https://assets.st-note.com/production/uploads/images/237606178/profile_2cefd75965dcb781a5c47776e21968e1.png?fit=bounds&format=jpeg&quality=85&width=330,2026-05-19T11:07:52.401+09:00,"よしひろさん、はじめまして😊

素敵なマガジンに仲間入りさせていただけて、とても嬉しいです✨

どうぞよろしくお願いします🙇"
nce9177a45645d,nf20463e6b5e5,82f90a6adbb0048402605464e9616a45,のぞみん｜ココロの伴走ライター,nozominnote,https://assets.st-note.com/production/uploads/images/241713880/profile_8a57c5b56b96d806314bf279d3435ce1.png?fit=bounds&format=jpeg&quality=85&width=330,2026-05-19T11:49:44.819+09:00,"よしひろさん♡
参加させていただき、ありがとうございました！
71件の参加数、素晴らしすぎます✨
やばいです！！！
本当にお疲れ様でした🥰💕"
nc2684f410376e,nf7728ef376f2,2d406665091dc8a0c2999ebfd0d8aa51,ふくふく,rapid_abelia74,https://assets.st-note.com/production/uploads/images/199863135/profile_fd5c1143f3022a450752d18a86437b41.png?fit=bounds&format=jpeg&quality=85&width=330,2026-05-19T16:40:04.683+09:00,"よしひろさま

マガジン登録ありがとうございます🙇‍♀️
化粧品かわいいですね🤭
最近は安いものばかり使いがちだけど、
このようにかわいい写真をみて刺激をもらえるのも良いなと思いました✨
"
nc5c7cb8d58d7d,n1b1056d9277e,dcaf51c5cb5c2c9724b67fec1c728544,みずか｜ほころんでは、ほどく。子どもとの日々から,mizuka__,https://assets.st-note.com/production/uploads/images/252096893/profile_487b0797252acba719f63d29347aa42a.jpeg?fit=bounds&format=jpeg&quality=85&width=330,2026-05-19T14:50:56.889+09:00,"先日の、質問企画の時にさせてもらった質問への、より詳細な回答をいただけた気持ちになれました〜😊✊🏻

ちょっと今、個人的にかなりバタバタしているので、まだまだ読み込めてませんが、

今後の僕自身のnote生活における、お守りのような記事になると思います😌🍀

「困ったら、よしひろさんのこの記事（と、お礼のメッセージ）に一度立ち返る」

そんなふうに感じさせてもらえる、たくさんの気づきや楽しさが詰まってますね🎵

今回も、ありがとうございま〜す🌈💐"
nc8cc345749391,n76e728af4f95,501075b33bc8fff4716e8e39cb47e74a,りんごあめ,aogunjyou_205,https://assets.st-note.com/production/uploads/images/244320088/profile_b53bcb9297c65530f6e56ea129a55d08.jpeg?fit=bounds&format=jpeg&quality=85&width=330,2026-05-19T18:43:33.259+09:00,"こんばんは🌙✨　よしひろさん

このたびは、記事をマガジンへ掲載していただき、ありがとうございます🙂‍↕️🍀

ディズニーシー、楽しめてよかったですね。
トイストーリーのホテルのお部屋、とっても可愛いですね。
泊まりでディズニーへ行ったことがないので、新鮮でした。
記念に残る楽しい思い出ができてよかったです💐✨"
ncf2ba1dddac86,nf5fcdcfb8a24,65a1ea756f4081733e3f5ab1196eb558,みきの気ままな日々,onegrow,https://assets.st-note.com/production/uploads/images/264412471/profile_beda7fa8d601755c735b83ea550b6c2e.png?fit=bounds&format=jpeg&quality=85&width=330,2026-05-19T20:45:52.922+09:00,"よしひろさん

マガジンへの追加ありがとうございます😊
とても嬉しです。
続ける励みになります✨"
nc80b1a5d609af,n315ca6f819b3,1b14ec5242b0f89c04e2ee53ca366e02,にゃんちー,alive_guppy3873,https://assets.st-note.com/production/uploads/images/247243911/profile_1556505783b49edbf889d17fa0f50227.png?fit=bounds&format=jpeg&quality=85&width=330,2026-05-19T20:39:00.542+09:00,"よしひろさん😳⚡️こんばんは😳🌙

もー、もー🐮😳⚡️

すっごい、すっごい気付きがありました😳⚡️

これでまた、私凄いじゃん😳⚡️が😂
購入して、全て読むことが出来て良かったです😭🙏
ありがとうございました😭🙏

"
nc210253a6cc61,nc7e45edb073a,db762f41c26d6f8c981415a55d822066,miyuri,miyuriii,https://assets.st-note.com/production/uploads/images/222249273/profile_758483b17b89d1dffd8ba28f3cf4fcaa.png?fit=bounds&format=jpeg&quality=85&width=330,2026-05-19T23:32:10.061+09:00,"よしひろさん、こんばんは！
マガジンに掲載いただき、ありがとうございます✨

最近noteも色々機能が新しくなってますね👀
もうすぐ翻訳の機能も始まりますもんね！

質問箱は私は知りませんでしたけど。
DMだと相互フォローじゃないとできないですよね？確か。
質問箱は誰でもできるんですか？

DMにも絵文字をつけられるようになりましたね。
別についてもつけなくてもどっちでもいいような気もしましたが😆

いつもありがとうございます✨"
nc68b694edc21f,n315ca6f819b3,9735e1bac7ba0bc5d0af33cf56157b08,enyo*えんよう🗝️,keyoflife_enyo,https://assets.st-note.com/production/uploads/images/240644209/profile_1ac1d8614044bc9c45db88b11d02d8f6.png?fit=bounds&format=jpeg&quality=85&width=330,2026-05-19T23:57:33.221+09:00,"よしひろさん、こんばんは🌙

""夢企画""を出された当のよしひろさんの""夢""に対する思いが伝わってくる、そして読んだ方への応援歌の様なステキな記事でした🧜🏻‍♂️✨✨


"
nc97ff772571b0,n315ca6f819b3,8ff3840ab8a5edbca02764a22e283e47,ふっくらシャギー｜幸せは誰かが決めるものじゃない❗また、晴れの月夜に🌃✨執筆🖋️,mute_dietes1869,https://assets.st-note.com/production/uploads/images/207485395/profile_4033ab6e00e2566bcf40615e8cb20257.png?fit=bounds&format=jpeg&quality=85&width=330,2026-05-20T01:25:36.441+09:00,"よしひろさん🌠

これほど多くの方が参加されるなんて企画大成功ですね👏

1000フォロワーさんでもしっかりとコミュニケーションをとられているよしひろさんだから成功出来た企画だったと思います🙂
改めておめでとうございます🎉"
ncd137f3df7bd0,nf20463e6b5e5,cb93804505107614e3a73d05f3e6f49f,miyuri,miyuriii_2nd,https://assets.st-note.com/production/uploads/images/230589518/profile_5800c9cb6569b37700033b060c29e255.png?fit=bounds&format=jpeg&quality=85&width=330,2026-05-20T08:46:57.572+09:00,"よしひろさん、おはようございます！
マガジンに掲載いただき、ありがとうございます✨

今日が発表の日ですね🏆
結果を楽しみにしています😊

いつもありがとうございます✨"
nc333b79a0ef19,nf5fcdcfb8a24,b6142bb7bba7964ab3acbde1fe1575d6,いくちょのやさしい毎日,honsuki_note,https://d2l930y2yx77uc.cloudfront.net/assets/default/default_profile_5-043439195e40e86fd7641a3a1daf982637d77ec6f14b67d3fc98ab92374404ac.png,2026-05-20T14:09:41.396+09:00,"よひひろさん😊
マガジンに追加させていただき
ありがとうございます😊以前も
追加していただき、心より感謝します✨よしひろさんの記事がとても素敵で、少しずつ楽しみに拝見させて頂きます😊よしひろさんの何が凄いって
こうやってコメントされる方に、
丁寧に返信されているのを見て
たくさんあるのに、凄いなぁと
尊敬します😊そして、文章の書き方、読み手の方への愛が伝わります😊ぜひ、弟子にしてください💓
師匠と呼ばせてください😊
これからも応援しています✨"
nc3fb9d0f10adc,n23c1a7fdea7f,501075b33bc8fff4716e8e39cb47e74a,りんごあめ,aogunjyou_205,https://assets.st-note.com/production/uploads/images/244320088/profile_b53bcb9297c65530f6e56ea129a55d08.jpeg?fit=bounds&format=jpeg&quality=85&width=330,2026-05-20T12:30:59.136+09:00,"よしひろさん　こんにちは✨
記事を素敵なマガジンへ掲載していただき、ありがとうございます🌹
たくさんの記事を書かれているのですね。ゆっくり過去記事も読ませていただきます🍎"
ncb0b7c9832285,nfead605fba9c,907edc26ecc556b380bd733caf94e5cc,JAU |  臨床検査技師×医療副業,jau_jau1001,https://assets.st-note.com/production/uploads/images/238898866/profile_b47389bc5953cb4d37cf45a1d4d208c2.png?fit=bounds&format=jpeg&quality=85&width=330,2026-05-20T20:05:50.649+09:00,"よしひろさん〜！こんばんは♪

大盛況👏✨
さすが！よしひろさんの信頼の輪が最高のイベントとなりましたね🤩✨

そして、これだけの量😆
本当にお疲れ様でした🙇‍♂️💦

私の記事もご紹介いただき感謝しています🙇‍♂️✨"
ncdd1410fdb12b,nfead605fba9c,5bdbea8d208dd57bbbc8fd9baa5f7c45,ゆきぽ,lucid_guppy4450,https://assets.st-note.com/production/uploads/images/264554398/profile_90b6430e870542ef3f3a7193eb153dee.png?fit=bounds&format=jpeg&quality=85&width=330,2026-05-20T20:03:25.702+09:00,"よしひろさん、こんばんは✨
一つ一つに書評があって、色々読んでみたくなってます♥

愛溢れる記事をありがとうございます✨️"
nc345329a4b10c,nfead605fba9c,dbaabf1508480c5e5ed40ac6a6271085,Violaneko,viola_music,https://assets.st-note.com/production/uploads/images/59415992/profile_2a92ea8a90b7714cde4f3f6493b8ac50.jpeg?fit=bounds&format=jpeg&quality=85&width=330,2026-05-20T19:51:24.097+09:00,"ありがとうございました！まさかの全作品紹介まで…！！
このような機会をありがとうございました。"
nc1ea6689ef74b,nfead605fba9c,e8a8d7772c1aae2b688fec203c1903dd,MaRu（まる）｜ 4時起き朝活ワーママ,jolly_gerbil573,https://assets.st-note.com/production/uploads/images/263795679/profile_286a7a9d12b529deb20a75cfae67120b.jpeg?fit=bounds&format=jpeg&quality=85&width=330,2026-05-20T19:44:50.969+09:00,"よしひろさん、こんばんは★
そして、本当におつかれさまでした✧︎*。

71作品すべてに感想を書かれているのが、まずすごすぎます。圧巻ですね〜

結果発表の記事なのに、参加作品をめぐるガイドブックみたいで、読んでいて楽しかったです♪

「夢」というテーマひとつでも、こんなにいろんな切り口があるんですね。

よしひろさんらしい熱量を感じました！
メンバーシップ開設もおめでとうございますஐ:"
nc77857aaddf15,nfead605fba9c,43ded977bce0720c2d2986445f8c16d6,こもれび,lofty_rue8724,https://assets.st-note.com/production/uploads/images/270898592/profile_04498be96ce4ec2d2a9aa7e72673fc7b.jpg?fit=bounds&format=jpeg&quality=85&width=330,2026-05-20T19:43:42.071+09:00,"わぁー！全部読んでくれて 紹介してくださってありがとうございました。凄い！
正解を知りたい。そんな気持ちだったんですね。
言葉にして頂けて 何だかすっと納得しました。
不思議なくらいこだわってきた理由も、今なら判ります。
ありがとうございました！"
ncae0145fe2924,nfead605fba9c,ba2b5499e5900126c85321271bcb2794,リスクコラム中井,riskcolumn,https://assets.st-note.com/production/uploads/images/245719348/profile_87c9b015f2585f0d48a0b0a056a4f1f3.jpg?fit=bounds&format=jpeg&quality=85&width=330,2026-05-20T19:40:56.738+09:00,ありがとうございます！コメント貰って光栄でした！励みになります～！
nce4c1def6e3bc,nfead605fba9c,13f03d3a1ec4a172a7084a791c8c4703,"あいさん💗Iカウンセリングルーム セラピスト／ 臨床心理士×公認心理師｜支援歴16年・2,000名超",joyful_zebra1701,https://assets.st-note.com/production/uploads/images/194103346/profile_5b2ee16c8d8db97758503974e4e6f9da.png?fit=bounds&format=jpeg&quality=85&width=330,2026-05-20T19:40:01.948+09:00,"よしひろさん、素敵な企画と丁寧な結果発表をありがとうございます☺️✨

たくさんの作品を一つひとつ読んで、
それぞれの良さを言葉にされていて、すごいなぁと感じました。

こんなふうに丁寧に読み取っていただけて、胸がいっぱいになりました😌
「日常の中に小さな入口を作りたい」という想いまで受け取ってくださって、本当に嬉しいです。
カウンセリングの手前で、少し立ち寄れる場所。
そんな窓口を、noteで少しずつ育てていけたらと思っています🌿

あたたかいご紹介、本当にありがとうございます🥰"
ncc8d4f9dad0b5,nfead605fba9c,1f4ec93f1fba4624d1b3ef49a91e72d7,あまっ子純情,safe_lupine8306,https://assets.st-note.com/production/uploads/images/194809644/profile_12a2c8b6ea9365d51363cbf0c53b7723.png?fit=bounds&format=jpeg&quality=85&width=330,2026-05-20T19:32:22.186+09:00,"凄いとしか言いようのない記事でした✨👏
よしひろさんにリスペクトしか無いです‼️
取り上げて頂きありがとうございました🙇"
nc22965ecb1c42,nfead605fba9c,00ae52b405af1b3def1ed83073b82ba8,余白ちゃん｜感情【生きづらさ】の翻訳家,yohaku_work,https://assets.st-note.com/production/uploads/images/263369656/profile_650d09e811bcdd94ea0a02e6f1db793c.png?fit=bounds&format=jpeg&quality=85&width=330,2026-05-20T19:29:24.590+09:00,すごい！！超大作ですね！！ご紹介ありがとうございます♡
nc050e9a255e2d,nfead605fba9c,0914fa689b63e0cdd3d0d9a520939f6a,ひゅー｜AI×分析｜考察と思考整理を楽しむ。note,hyu_nisworks,https://assets.st-note.com/production/uploads/images/262320672/profile_aeb8b9e291595cc62a64460bc1ac5153.png?fit=bounds&format=jpeg&quality=85&width=330,2026-05-20T19:28:25.846+09:00,"超大作おつかれさまでした。
そしてご紹介ありがとうございます。
参加できて楽しかったです！"
nc6d3929a042e9,nfead605fba9c,3e86f6c562ca8c80b98c6a6698374a18,くまのひとみ│note界のアイドル発達凸凹っ子アララのママ,tanupop,https://assets.st-note.com/production/uploads/images/271913506/profile_bf2e08e4ab77143e76d280b32110cd1d.png?fit=bounds&format=jpeg&quality=85&width=330,2026-05-20T19:25:48.049+09:00,"よしひろさんこんばんは🌙
開会式、閉会式形式とても楽しかったです🤭
たくさんの夢がつまってますね✨️
ちょこちょこ覗きにいってきます😶‍🌫️

記事紹介まで、ありがとうございました🙌🌈"
nca9b123d9c93f,nfead605fba9c,3be4ce51f706bf001085f22f6d18d7aa,滝川隼,musesc8823,https://assets.st-note.com/production/uploads/images/274391081/profile_d21233a0f2c9fb4a9081dcfb8cdcbe2e.png?fit=bounds&format=jpeg&quality=85&width=330,2026-05-20T19:24:40.441+09:00,"この度はありがとうございました。
丁寧な記事の紹介も感動です……
ほかの方々の『夢』気になります。
また企画楽しみにしております。お疲れ様でした！"
nc95a0edc70509,nfead605fba9c,685d473fa4f471b5b9f52de0d570a2f0,さとりのさとり,kopailog,https://assets.st-note.com/production/uploads/images/226182676/profile_094199e7fa1bff58de5da5e07a1a43de.png?fit=bounds&format=jpeg&quality=85&width=330,2026-05-20T19:22:15.652+09:00,"とんでもねー大作な結果発表ですね💦
すごっ😅
ちょっとこのコメント後に
改めて読み直しますねー"
nc5a99af8ebfc4,n315ca6f819b3,bede9bd0a510b6a3b89dcb460dd51ef5,ルルトアヤコ,lovely_coyote546,https://assets.st-note.com/production/uploads/images/270436419/profile_35c1e2b2e8ef32be40119179aeef9fa1.png?fit=bounds&format=jpeg&quality=85&width=330,2026-05-20T18:35:41.390+09:00,"私は参加できてないけど…

この記事を読むだけでも、よしひろワールドを感じれて、良い雰囲気に浸れますね。

柔らかい，伸びやかな自由な雰囲気…独特なんよね〜どんな夢でも良いって肯定してくれていて、嬉しいです♪😆

それは、クセになりそーな感じです💝"
nc6432439dd36d,nfead605fba9c,d58df56d72e51835fa8597640954d50b,道草ノート🌿ゆう,koya1970,https://assets.st-note.com/production/uploads/images/239663389/profile_49bb32f5cdb12b8a92a46112d883daf1.png?fit=bounds&format=jpeg&quality=85&width=330,2026-05-20T23:18:25.797+09:00,"よしひろさん
楽しい企画をありがとうございました\( ˆoˆ )/
みなさんの記事も読ませていただきま〜す♪

胸鎖乳突筋、気に入ってもらったみたいで良かった🤣"
ncd258c20afaef,nfead605fba9c,dcaf51c5cb5c2c9724b67fec1c728544,みずか｜ほころんでは、ほどく。子どもとの日々から,mizuka__,https://assets.st-note.com/production/uploads/images/252096893/profile_487b0797252acba719f63d29347aa42a.jpeg?fit=bounds&format=jpeg&quality=85&width=330,2026-05-20T22:40:13.469+09:00,"よしひろさん！

とてつもない空間に仲間入りさせてもらえたこと、とても嬉しく思います😫

いまの気持ちを表現しきれる気がしませんが、なにしろ、感謝をお伝えしたい💐

みなさんの記事も、またあらためて読んでみたいと思います✊🏻

お疲れさま、お楽しみさまでした👏👏👏"
nccc12a051d30e,nfead605fba9c,2ed8a60d35ddce4004ec59d06c09de41,ひとこま,hitokoma5634,https://assets.st-note.com/production/uploads/images/183551083/profile_4ec5da641287bce186554f2dfb3da96e.jpg?fit=bounds&format=jpeg&quality=85&width=330,2026-05-20T22:14:29.806+09:00,"よしひろさん　お楽しみ様でした！

この企画に参加させていただき、眠っていた「夢」に気づくことができました。
コメントを頂けると、嬉しさ半分、恥ずかしさもちょっとありますね。

他のnoterさんの記事も魅力的で、ゆっくり読んでいこうと思います。
ありがとうございます！"
nc5855cb875d79,nfead605fba9c,4bfdc603efcf214e76e41e399662d28d,nao,kimama_plants,https://assets.st-note.com/production/uploads/images/178588512/profile_2f727ef13e234c302729ab78b24400e3.jpeg?fit=bounds&format=jpeg&quality=85&width=330,2026-05-20T22:14:03.324+09:00,"よしひろさん、参加者全員の感想を書いてくださるなんて、すごすぎです😆行動力と温かなコメント力に尊敬しかないです✨✨

素敵な機会をありがとうございました🌼"
nc2d2adad1b608,nfead605fba9c,f70038deb9c5f3f87c2ee7969a2cf523,不屈の屈葬,fukutsunokussou,https://assets.st-note.com/production/uploads/images/228082209/profile_bc2555e2c34c9857d7b2291bb9e9cc80.png?fit=bounds&format=jpeg&quality=85&width=330,2026-05-20T21:43:49.062+09:00,"よしひろさん！
愛ある感想を･･･！！激熱です！感激の嵐です！！😭😭😭
ありがとうございます！！

この短期間に
全員分の記事を回収し、
読み込んで受賞者を決め、
全員分の記事に感想を書き、
全員にチップを送り、
全員にチップ用のメッセージも書く

･･･これはさすがに神業すぎますよ。よしひろさん複数人説浮上してます！笑
こういう機会があると、企画に参加された別の方の記事も読んでみよう！ってなるので、本当に素敵な機会でした！運営お疲れ様です。心からありがとうございました！

第２回もあったら絶対（※）参加しますね！

（※）
私の辞書には
【絶対】と【気分次第】は
同じ意味として載っています。"
nc66f4fe9aac2d,nfead605fba9c,23e78cfab6f2de9a5a72e4b8281e05ba,志乃,gay_okapi3125,https://assets.st-note.com/production/uploads/images/275989944/profile_0a04aa366c6b94cd24b3adc944b05c3e.png?fit=bounds&format=jpeg&quality=85&width=330,2026-05-20T21:32:43.907+09:00,"よしひろさん
素敵なご紹介ありがとうございました😊
そして、大変にお疲れ様でした！
71名の皆様への真心が
伝わってきて感動しました🥹✨
せっかくnoteを初めてみたので
企画参加おもしろそー😆✨と乗っからせて頂き、ありがとうございました😃
71名分の記事をご紹介、まとめる、かなりのお時間だったのではと思います😭
楽しい企画に参加させて頂き
ありがとうございました✨"
nc390f06d842b9,nfead605fba9c,1958f561bbf6129cb9f2040494224ce1,mangorind2,vivid_mangorind2,https://assets.st-note.com/production/uploads/images/221570775/profile_fc9ca2ed5cc5495344196df17b41d2b3.jpg?fit=bounds&format=jpeg&quality=85&width=330,2026-05-20T21:24:03.228+09:00,"素敵なご紹介をありがとうございました😊

「空の上の楽園」という表現が嬉しくて、思わず何度も読んでしまいました✈️
搭乗代行業や、どこでもドア方式まで楽しんでいただけて、本望です🤣

さらに別記事までマガジンに追加していただき、本当にありがとうございます！
企画を通して、新しい出会いや広がりがあったことに感謝しています✨"
nce87e655af6d9,nfead605fba9c,031a96c67c576e3bfc12a86d2606bd97,ココミチ＠ゆきの,hot_mink9599,https://assets.st-note.com/production/uploads/images/212559417/profile_9dbf6c222d0c87810aeff185afbd7f95.jpg?fit=bounds&format=jpeg&quality=85&width=330,2026-05-20T21:11:02.569+09:00,"よしひろさん、こんばんは

「夢が見つからない夜に」をこんなにも、やさしく紹介
してくださり、ありがとうございます

71名全員への言葉を書き続けた
その記事を読みながら、よしひろさんの「背中押し」が
こういう形でも届くのだなと静かに感じていました

「叶った目標も見る夢も、全部つながっているのかもしれない」
という言葉が、あの記事をもう一度、別の光で照らしてもらえたような
感覚がありました

以前「足跡が道になって夢の残滓になる」と書いてくださったこととも
重なって、よしひろさんの中でそのまま育っていたのだなと静かに
感じています

「怒りを飲み込んでしまうあなたへ」もマガジンへ加えてくださり
ありがとうございます

ゆきの"
nc7d03c5ddd25f,nfead605fba9c,53c0f0b342eccd9789ea98526e218616,暮らしの整え相談室　ぽんまぁ,ponmaaa,https://assets.st-note.com/production/uploads/images/222294136/profile_4a6854bc4f0dd7b277b78f04de10d3be.jpeg?fit=bounds&format=jpeg&quality=85&width=330,2026-05-20T20:58:30.461+09:00,"よしひろさん、紹介文ありがとうございます😊
今まで読んだことのないジャンルの記事がたくさんあり、皆さんのものを楽しく読むことができました✨思い切って参加して良かったです😊"
nc50fa4d0246d2,nfead605fba9c,704663f48a1e06dc09c61069a4dd39c8,紅茶🫖｜ことばの庭,usagi_no_mimi_,https://assets.st-note.com/production/uploads/images/274861081/profile_59c361cea83d4f4d1c3e6a403c43a90b.png?fit=bounds&format=jpeg&quality=85&width=330,2026-05-20T20:53:23.164+09:00,"よしひろさん、こんばんは🌝

わぁ😳✨ 紹介文、超大作ですね…！
ひとつひとつ丁寧で、読んでいて温かい気持ちになりました。
本当にお疲れさまでした。

受賞された皆さま、おめでとうございます🥳

企画に参加できて楽しかったです♬ありがとうございました💖"
nc0856ff7966b2,nfead605fba9c,015037404761902ab6353eab77a5ddfe,ゆかいな山,yukaiyama,https://assets.st-note.com/production/uploads/images/187377393/profile_9f501afa0524739a6c4fab2d21d3de93.png?fit=bounds&format=jpeg&quality=85&width=330,2026-05-20T20:52:27.870+09:00,"全員の感想書いてくださるなんてすごいです❗びっくりです❗尊敬です❗感動です😭
ありがとうございます🙇

よしひろさんの感想を見ながら私も一つ一つ読んでみます✨"
nc2bf6dc534878,nfead605fba9c,981fabd5de074708dbb6aaf65ff99f04,musicat/おとねこ,real_phlox8176,https://assets.st-note.com/production/uploads/images/237713470/profile_2774fda1b9199e603d2c82ed8a8bc97d.png?fit=bounds&format=jpeg&quality=85&width=330,2026-05-20T20:49:35.603+09:00,"よしひろさん、企画完走お疲れ様でした👍
そして、優しいコメントありがとうございました✨
夢と熱量を共有していただき、感無量です😁"
nc963d26c6d0e2,nfead605fba9c,35032a872ef338f6bbc0a85288de5944,あまね〘ฅ՞•ﻌ•՞ฅฅ^•ﻌ•^ฅ〙,almabrillante,https://assets.st-note.com/production/uploads/images/270451364/profile_78017c668dbe9b00fb7cca620f05f8aa.png?fit=bounds&format=jpeg&quality=85&width=330,2026-05-20T20:38:11.829+09:00,"よしひろさん、こんばんは🌛*゜

素敵な記事紹介ありがとうございます！
⇩
……今の所
続きは見れていませんが、
走ったら間に合っています💨

二度寝してますや～ん🤣

71名が参加されてたんですか!?😳
凄すぎます✨✨✨

受賞された皆さま、おめでとうございます🎊(⑉>ᴗ<ﾉﾉﾞ💓

よしひろさん、お疲れ様でした🙂‍↕️"
nc41c185c04ca6,nfead605fba9c,06de5fb8ad98d390d0afcf7029aceb95,Tammy｜国際交流大好きママ,sakura_tammy,https://assets.st-note.com/production/uploads/images/251239087/profile_67bf8f55a4e8117a7f3c3fb1be47562d.png?fit=bounds&format=jpeg&quality=85&width=330,2026-05-20T20:35:36.180+09:00,"よしひろさん
記事の紹介と感想ありがとうございました！
これだけの記事を全部　読んで感想を書いてくださるなんて
凄すぎます！
記事を書いたみなさんも嬉しいと思います。
素敵な企画に参加させていただき本当にありがとうございました。"
ncedb025e87772,nfead605fba9c,f19d138b5f57bc35ca0f56f51ab37ac5,りーまむ,ri_mam,https://assets.st-note.com/production/uploads/images/186523962/profile_939af6d936ad6ca5456ee55e7d9d6404.jpeg?fit=bounds&format=jpeg&quality=85&width=330,2026-05-20T20:34:28.497+09:00,"めちゃめちゃ長い紹介に、よしひろさんの愛とバイタリティを感じました✨✨

こんなにたくさんの夢を読ませてもらった（よしひろさん解説で）のは、初めてです。

落ち込むことがあったら、このマガジンに戻ってこようと思います😆ありがとうございました〜🌸"
ncd3d41d0ad7ef,nfead605fba9c,1b14ec5242b0f89c04e2ee53ca366e02,にゃんちー,alive_guppy3873,https://assets.st-note.com/production/uploads/images/247243911/profile_1556505783b49edbf889d17fa0f50227.png?fit=bounds&format=jpeg&quality=85&width=330,2026-05-20T20:30:27.026+09:00,"よしひろさん、こちらにもこんばんは🌙

告知見る前に参加しました🫢
ドヤ顔😏✨😎ｷﾘｯ✨🤣

スポンサー賞🏆ありがとうございます😭🙏

まさか、賞を貰えるとは思ってなかったので、びっくりやら、嬉しいやら😭🙏
本当にありがとうございます😭🙏
ほしの遥さんにも感謝です😭🙏

チップもありがとうございます😭🙇‍♀️

こんなにたくさんの記事を読むのも時間がかかるのに、感想まで付けて、記事を丁寧に作られていて😭🙏凄い時間と労力が😭

お疲れ様でした😭🙏そしてありがとうございました🙇‍♀️









"
ncf4e634a7930a,nfead605fba9c,15b07889aa53dbf10c9cb1b67625f4b4,rika🌷,meina_rikamizuki,https://assets.st-note.com/production/uploads/images/238910767/profile_373a9816961e0c2decd5f9e33be51347.png?fit=bounds&format=jpeg&quality=85&width=330,2026-05-20T20:27:55.670+09:00,"素敵な企画参加できてよかった―！！！
楽しかったです✨

それと、びっくりしたよ〜！！！
いきなりメンシプできてるんだもん☺️"
nc9488325efb06,nfead605fba9c,bc6e25dad20c33a8e7baa982f10a9a9e,田中和子｜安心の中で本音を聴く人,gifted_dahlia750,https://assets.st-note.com/production/uploads/images/172974037/profile_a9cbb369e0461b5f35e179a611689464.png?fit=bounds&format=jpeg&quality=85&width=330,2026-05-20T20:22:12.916+09:00,"よしひろさん

noteからのご縁をいただき、本当にありがとうございます😌✨

「夢は、人生の奥の方で道案内してくれるものなのかもしれません」

よしひろさんの、その言葉に、
胸がじーんとしてしまいました🌿

本当に、
当時の私は、
ただ「安心できる場所だ」と感じていただけなのに、

気づけば人生のいろんな出来事が、
少しずつそこへ繋がっていたような気がしています😌

そして、
景色だけではなく、
“お母さんの愛”のような温もりまで、
バリ島で再会することになるなんて、
自分でも今なお不思議です✨

でもだからこそ今、
誰かが安心して緩める場所を、
私も届けていきたいなぁと思っています☺️

素敵な企画と、参加された皆様へのメッセージを拝読しながら、改めて胸いっぱいに感動し、目頭が熱くなりました✨

とても深く受け取ってくださって、
素敵なご紹介をいただき、本当にありがとうございました🌸"
ncf02ebdfe5a43,nfead605fba9c,bc18c45daaece1b8d5576deddda5ac86,結帆の『こっそり神様手帖』もやもやと向き合う旅,kossori_yuiho,https://assets.st-note.com/production/uploads/images/272254266/profile_de8c5895c1383cefa404230a4417062a.png?fit=bounds&format=jpeg&quality=85&width=330,2026-05-20T20:20:16.896+09:00,"よしひろさん、こんばんは。

まさかの作品の感想まで！
本当にありがとうございます✨
この量を読み込んで感想書いてって。

凄すぎですね😳

でもおかげで、他の方の作品もとても読みたくなりました。
あちこち遊びに伺おうと思います💞

参加させていただき、ありがとうございました🌟"
nc533d505ea018,nfead605fba9c,26f4c191f5550e8a952352f17f8d5081,はるき,kanabo_0826,https://assets.st-note.com/production/uploads/images/272843475/profile_db5f96ff83c8845eeb6fcdb64c8126ea.png?fit=bounds&format=jpeg&quality=85&width=330,2026-05-20T20:19:55.732+09:00,"よしひろさん、丁寧な感想ありがとうございます😊

企画お疲れ様でした。
参加できてとても楽しかったです🌱
またこのような企画があれば、ぜひ参加させていただきたいです。"
ncd1b9730350d2,nfead605fba9c,2d406665091dc8a0c2999ebfd0d8aa51,ふくふく,rapid_abelia74,https://assets.st-note.com/production/uploads/images/199863135/profile_fd5c1143f3022a450752d18a86437b41.png?fit=bounds&format=jpeg&quality=85&width=330,2026-05-20T20:15:48.689+09:00,"よしひろさま

お世話になります🙇‍♀️
すごくたくさんの応募作品があったのですね😳
ひと作品ずつ丁寧に読まれていて、応募された方も嬉しいと思います✨
これを機に素敵な作品にも出会えるし、いい企画ですね☺️"
ncf5c8160efb8a,nfead605fba9c,6387daced3412f56911efd0f8787e44a,椿みきこ🌸季節の花ごよみ,hirata_mikiko60,https://assets.st-note.com/production/uploads/images/276282393/profile_1b76107f2c250cd2fcb0068f908ba934.png?fit=bounds&format=jpeg&quality=85&width=330,2026-05-20T20:15:06.696+09:00,"よしひろさん、やっぱりお金の使い方が上手なんですね✨
見習いたいです🫡

企画は、スゴく労力がいることが
わかりました！
全員の記事に長文コメント✨
人と関わるのも、お好きなんですね🥰
見習いたいです🫡"
ncdd039aa05866,n8d6dbe502128,bc6e25dad20c33a8e7baa982f10a9a9e,田中和子｜安心の中で本音を聴く人,gifted_dahlia750,https://assets.st-note.com/production/uploads/images/172974037/profile_a9cbb369e0461b5f35e179a611689464.png?fit=bounds&format=jpeg&quality=85&width=330,2026-05-21T01:01:41.917+09:00,"よしひろさん

素敵な記事を書いてくださりありがとうございました💓

最近、毎日ご機嫌に暮らせるようになったのは、なんでかなぁ〜と、答え合わせさせてもらいました☺️

記事を拝読させて頂き
なるほど💡そっかぁ〜❣️と、
めちゃくちゃ納得しました💓

改めて大切なことに気づかせていただき、これからの毎日を、さらにご機嫌に暮らしていけるなぁ〜🌈と、ワクワクしました✨

よしひろさんの素敵な眼差しに感謝です✨
ありがとうございました🌈"
nc897a22038562,nfead605fba9c,db8543c422f73217531f91e6e364e92d,けい｜人生の翻訳ノート,kei_words,https://assets.st-note.com/production/uploads/images/235410321/profile_2e42fc3df99ee28f48448a024086cc27.png?fit=bounds&format=jpeg&quality=85&width=330,2026-05-21T07:00:40.453+09:00,"よしひろさん

素敵な企画を本当にありがとうございました。

参加者一人ひとりに心のこもったコメント。
どれだけの時間をかけられたのだろうと想像し、お心遣いとあたたかさに感動しております。

「文化やルーツが日常に溶け込んでいて、
意識しなくてもごった煮状態で
沁みついている。
そんな日本もスキですけどね」

ほんとにそうですね。

今回書かせていただいたことで、いろんな気づきがありました。そして、noteっていいなと思いました。

みなさんの記事もこれから読ませていただきます。"
ncda8e6d5768ed,nfead605fba9c,32f550dffe989e6d35ff91b609a17829,めぐり,meguri_note,https://d2l930y2yx77uc.cloudfront.net/assets/default/default_profile_3-39088fff430aa9ec11d6e2a385dbcad45c8b79bde6c0c9ded10cd7abb960174f.png,2026-05-21T05:25:06.789+09:00,"よしひろさん

お知らせを見た瞬間、驚きと嬉しさで、しばらく画面を見つめてしまいました。
本当にありがとうございます。
まさに夢のようで、感謝の気持ちでいっぱいです。

書いてるうちにいろんなことを思い出し、とても楽しく温かい気持ちで書かせていただきました。
そして最優秀賞に選んでいただけるなんて、なんて光栄なのでしょう。

このような楽しい企画に初めて参加させていただき、
いつも記事をマガジンに追加くださり、重ねてお礼申し上げます。

よしひろさんの企画力、行動力の素晴らしさに感動しています。
短期間に71名もの方が参加されるのは、ひとえによしひろさんのお人柄によるものだと思います。
全員の記事を取りまとめ、読みこみ、感想を書き、個別のコメントを書く…どれほどの時間と労力をかけてくださったのかと、頭が下がるばかりです。
よしひろさんの皆さんへのたくさんの愛が溢れていて、心が温かくなっています。

皆さんの素敵な記事もじっくり読ませていただきますね。
こちらの企画で新しくご縁もいただき、めぐる人の繋がりを大切にしていきたいと思います。
素敵な機会を本当にありがとうございます。"
nc4bc660863886,nfead605fba9c,cb93804505107614e3a73d05f3e6f49f,miyuri,miyuriii_2nd,https://assets.st-note.com/production/uploads/images/230589518/profile_5800c9cb6569b37700033b060c29e255.png?fit=bounds&format=jpeg&quality=85&width=330,2026-05-21T09:33:22.850+09:00,"よしひろさん、おはようございます！
マガジンに掲載いただき、ありがとうございます✨

いろんな方がいらっしゃるなと思いながら読ませていただきました😊

ボリュームもすごかったので、よしひろさんも大変だったと思います。

最後のリゲインで笑ってしまいました😆

お疲れ様でした！

いつもありがとうございます✨"
nc5cb5f52e0003,nfead605fba9c,71ea0f42f83343877ae30eb938fade1e,モモ♥️,genial_quokka134,https://assets.st-note.com/production/uploads/images/210131001/profile_643d08cc160b1ad1e1359a54068d3d46.png?fit=bounds&format=jpeg&quality=85&width=330,2026-05-21T07:57:17.613+09:00,"よしひろさん‼️ おはようございます💖
めぐりさんの素敵な記事に飛ばせてもらい、うっとりして帰ってきたら… よしひろさんのコメントも、他の皆様への丁寧な紹介とコメントも 全てが素敵すぎて、今読み終われない！😆♥️♥️♥️♥️♥️♥️これはーーー😍♥️♥️♥️♥️時間をかけて皆様のところに楽しみに伺いたい💕✨ なんて素敵な企画に参加させてもらったことだろう…😍♥️♥️♥️
私も、ルフィの肉や、鬼平犯科帳に出てくる美味しそうな料理にメロメロし、濡らしたキッチンペーパーでじゃがいもを巻き、両面5分くらいチンして出して、十字に開いたらバターとこちとらは塩辛でじゃがバター堪能です🤣👍💖💖💖 これは！またゆっくり読みに戻ります💕私のご紹介も、素敵なコメントに嬉しくなりました☺️💕心から感謝です🌈💕☺️🫶💖 本日も良い一日を🤗✨♥️✨"
nc91c8c515839d,nfead605fba9c,47516e46043a63100a906243cb142abc,太めのスローロリス,sane_zinnia9945,https://assets.st-note.com/production/uploads/images/270199774/profile_fea512eb92442ee5df26b74b3bb4e1f6.png?fit=bounds&format=jpeg&quality=85&width=330,2026-05-21T07:40:15.469+09:00,"よしひろさん、丁寧なコメントありがとうございます。
とても励みになりました。
企画を通して、他の素敵なライターさんの作品もたくさん読めて大変嬉しいです。
ありがとうございました。今後ともどうぞよろしくお願いします。"
nc90da921fd727,nfead605fba9c,a22107a59de6e3303ee2b624b3e0858a,Imbue（インビュー）/文筆家/発達凸凹育児,imbue_kaleid,https://assets.st-note.com/production/uploads/images/276889368/profile_6f886c9c37b132a55a5bbee907c89797.png?fit=bounds&format=jpeg&quality=85&width=330,2026-05-21T07:15:34.413+09:00,"よしひろさん、楽しい企画を作っていただき、
ありがとうございました♡

それにしても、短期間でこの記事を書き上げた
よしひろさんの熱量は圧巻です🤣

参加された方々からスキやコメントをいただき、
小さな交流が生まれたことにも感謝します🙇

お疲れ様でした✨　
まずはちょっとでも休んでくださいね🤣"
nc6c95bbfc6a5d,nfead605fba9c,099955dd1d1a0c52e23a74eb099c0986,限界集落で暮らす人｜ゆみ,yummies1980,https://assets.st-note.com/production/uploads/images/239025325/profile_ff64d507986dd7a1911a5b4a33db51b1.jpg?fit=bounds&format=jpeg&quality=85&width=330,2026-05-21T13:16:18.968+09:00,"うわぁ〜！！よしひろさん、凄すぎる！！
全記事へこのボリュームでの感想！！さすがです✨️
これからも“夢”見ながら愉しんでいきたいな〜って思います♡素敵な企画をありがとうございました🙌＆お疲れ様でした〜❤️‍🔥"
nca00e63e55645,nfead605fba9c,b35ca69ef58773c811ef27134634831b,ちびた,happy_emu3092,https://assets.st-note.com/production/uploads/images/192836207/profile_aa7eda04d33ab86b70e56f74b282b523.png?fit=bounds&format=jpeg&quality=85&width=330,2026-05-21T11:59:31.283+09:00,"よしひろさん、おはようございます！

わたしは今回残念ながら参加できませんでしたが
すごい愛の深い企画だなと思いました🌸

この記事もかなり読みごたえがあって、終始感動したり共感したり……。
たくさんの出会いもあって、語彙が追い付かない……
あのーまとめるとですね、めっちゃ面白かったです！！


最高の企画をありがとうございました✨(*^▽^*)✨
お疲れ様でございました！！"
nc2c37afef4195,ne8a1019d4c27,1b14ec5242b0f89c04e2ee53ca366e02,にゃんちー,alive_guppy3873,https://assets.st-note.com/production/uploads/images/247243911/profile_1556505783b49edbf889d17fa0f50227.png?fit=bounds&format=jpeg&quality=85&width=330,2026-05-21T16:48:23.249+09:00,"よしひろさん、こんにちは、こんばんは🌙

白衣のよしひろちゃん可愛いです🤭✨💗

メンバーシップのプランになるほどぉ😳と思いました🥹✨

100円は安過ぎるなぁ😳🤔
と思いましたが、最初は確かに気軽に入りやすいですもんね🥹✨
ありがとうございます🥹✨🙏

マガジンへの掲載もいつもありがとうございます🙇‍♀️

"
ncb365861379b6,nfead605fba9c,9df2a5f6c6d2bca1878da747b4aa81ec,kei2,major_murre225,https://assets.st-note.com/production/uploads/images/263716602/profile_94c57a1cd30c9bfdbaa858956d0a8b6e.png?fit=bounds&format=jpeg&quality=85&width=330,2026-05-21T20:44:55.357+09:00,よしひろさん、こんばんは。わたしの記事をマガジン収録して下さり感謝ですm(_ _)m
ncf4dfde5c13e5,nfead605fba9c,e33a3aa5f0a170e984d06ecab4152985,福島かな,regal_mint730,https://assets.st-note.com/production/uploads/images/214523034/profile_4f980522cd2ee00c2faf37fc758a074c.jpeg?fit=bounds&format=jpeg&quality=85&width=330,2026-05-21T17:04:22.855+09:00,いつか企画に参加できるように頑張ります！
ncd3b63b77a46d,ne8a1019d4c27,501075b33bc8fff4716e8e39cb47e74a,りんごあめ,aogunjyou_205,https://assets.st-note.com/production/uploads/images/244320088/profile_b53bcb9297c65530f6e56ea129a55d08.jpeg?fit=bounds&format=jpeg&quality=85&width=330,2026-05-21T18:07:58.704+09:00,"よしひろさん　
素敵なマガジンへ掲載していただきありがとうございます🍀✨
たくさんの感謝を込めて🍎"
nccc0fed405387,nc7e45edb073a,704663f48a1e06dc09c61069a4dd39c8,紅茶🫖｜ことばの庭,usagi_no_mimi_,https://assets.st-note.com/production/uploads/images/274861081/profile_59c361cea83d4f4d1c3e6a403c43a90b.png?fit=bounds&format=jpeg&quality=85&width=330,2026-05-21T20:04:37.340+09:00,"よしひろさん、こんばんは🌝

私も申し込みして、使えるようになりました♬

記事にどう貼り付ければいいのか、まだよく分かっていませんが、なんだかワクワクしてます😆

（マガジンへの追加ありがとうございます🍀🐦✨）"
nca09dcaae8f37,n23c1a7fdea7f,66bbb253e7d8b2ba486f4415f36ee785,Noa,noachan0617,https://assets.st-note.com/production/uploads/images/269973521/profile_77ebb6ddc767747de9bb5bfef312b21b.png?fit=bounds&format=jpeg&quality=85&width=330,2026-05-21T20:34:40.271+09:00,"よしひろさん、またマガジンに追加いただき嬉しいです⭐️
ありがとうございます！
「よしひろちゃん」いいですね✨
毎回見かけるたび可愛いなと思ってました🥰
まさかChatGPTで作っていたとは！
「よしひろマニア」の仲間入りができて嬉しいです🤭また読みに来ますね！"
nc5622b273dc7a,n8d6dbe502128,5fc41c7aec4f5cbe6e8062ab23bbf7bc,yayachico,open_magpie7814,https://assets.st-note.com/production/uploads/images/254370493/profile_0901b98e3dd534db8729a75af2c6b096.jpeg?fit=bounds&format=jpeg&quality=85&width=330,2026-05-21T22:45:41.952+09:00,"逆転の発想ですね✨

原因に向き合うことばかり
考えてました！

なるほど🤩
ちょっと、すぐには思いつかないけど、
ささやかなことから
見つけていきます🌷
"
nc112a928bd7e7,ne8a1019d4c27,cb93804505107614e3a73d05f3e6f49f,miyuri,miyuriii_2nd,https://assets.st-note.com/production/uploads/images/230589518/profile_5800c9cb6569b37700033b060c29e255.png?fit=bounds&format=jpeg&quality=85&width=330,2026-05-22T10:12:49.242+09:00,"よしひろさん、おはようございます！
マガジンに掲載いただき、ありがとうございます✨

スキとラブ、それは似て非なるものなのかもと思ってみたり。

それにしても、よしひろちゃんは白衣も似合いますね😊

いつもありがとうございます✨"
nc62f27091e297,nfead605fba9c,a841fb71f0e48f0cc3b04a4891d43b40,Kei,huge_ixora3675,https://assets.st-note.com/production/uploads/images/234358268/profile_81ea2cf8ed2a6e5fca9dccb786075578.png?fit=bounds&format=jpeg&quality=85&width=330,2026-05-22T13:21:14.166+09:00,"よしひろさん、こんにちは👋😃
本日も、わたしの記事をマガジン収録して下さりありがとうございますm(_ _)m"
nca1039d0d8be0,ne8a1019d4c27,bede9bd0a510b6a3b89dcb460dd51ef5,ルルトアヤコ,lovely_coyote546,https://assets.st-note.com/production/uploads/images/270436419/profile_35c1e2b2e8ef32be40119179aeef9fa1.png?fit=bounds&format=jpeg&quality=85&width=330,2026-05-22T13:20:52.028+09:00,楽しみにしてます。よろしくお願い致します＾＾
ncc0ef2a5bb00d,n331f4016f150,83e5f78b9b7b83fe911db049b95a1d27,えびしま| AI×noteで生活に余白をつくる,emi_dh,https://assets.st-note.com/production/uploads/images/243764210/profile_e472159630049af76169c820dc45c9cb.png?fit=bounds&format=jpeg&quality=85&width=330,2026-05-22T11:52:59.123+09:00,"よしひろさん✨

凄く楽しい気分になれる記事で最高です😊
ディズニー大好きなので、私もまた行きたくなりました！

運転お疲れ様です🚙"
nc5357bbb83359,n76e728af4f95,e318ec23ce9a05393e313cebcedfb605,梓／Keni Nacastli Atyalan Miguel,keni_nacastli_m,https://assets.st-note.com/production/uploads/images/276329408/profile_daa132b347d2b1a6606c2aa333f76577.jpg?fit=bounds&format=jpeg&quality=85&width=330,2026-05-22T14:03:34.644+09:00,"よしひろりんさん、ぼくの投稿をマガジンにいれてくださりありがとうございます❣️
嗚呼～ｯ　インパしたいヨォォ！大体年に一回くらいなんです。あーリメンバー・ミーのショー見たい。嗚呼。娘さんスーパー❣️キュート。
いった気になれました、muchas gracias 💓
"
ncb87415341ec7,nfead605fba9c,64bceff06149c276b47d0a807c67c2f9,けんさん,deep_eel6377,https://assets.st-note.com/production/uploads/images/246297153/profile_950e377615377f1753762aacc9bf3086.jpeg?fit=bounds&format=jpeg&quality=85&width=330,2026-05-22T21:28:15.311+09:00,"よしひろさん
またまたマガジンに入れていただきありがとうございます♪記事更新してまいりたいと思ってます"
ncb2fc3f122994,nfead605fba9c,9633eff8320d8b84d043512ec509e595,無口,lucky_ferret8634,https://assets.st-note.com/production/uploads/images/193376357/profile_bd0a6c05116c59eff5ef8c88a9a77fd4.png?fit=bounds&format=jpeg&quality=85&width=330,2026-05-23T08:24:46.418+09:00,"よしひろさん、おはようございます😊

マガジン登録ありがとうございます。

企画なども精力的に動かされていて、活動的な方だなと思いながら拝見しました。

また記事も読みに伺います。
今後ともよろしくお願いいたします。"
ncde38b9fad0c8,ne8a1019d4c27,b39624e9464ededa053a7cbf0de179ce,あな,ana_mama_english,https://assets.st-note.com/production/uploads/images/219621833/profile_8ef662d95d545fc74251b7700219beae.png?fit=bounds&format=jpeg&quality=85&width=330,2026-05-23T08:09:24.888+09:00,"よしひろさん、おはようございます✨

マガジンへの追加をいただき、 ありがとうございます☺️

素敵なメンバーシップですね🥹

「小さく始めて、集まってくれた人たちと空気を作っていきたい」
というお言葉に、メンバーシップへの想いとあたたかさを感じました☺️

『スキとラブの研究室』名前も素敵です🫶

いつもありがとうございます☺️
"
ncb0f1495a333a,nfead605fba9c,d99777ca6d84a8f6fb38095cc3bbde02,みのり行政書士事務所｜奈良｜障害福祉,fresh_berry8738,https://assets.st-note.com/production/uploads/images/272110911/profile_dfcb35c216f311f4372d4677d8a2d55c.jpg?fit=bounds&format=jpeg&quality=85&width=330,2026-05-23T22:04:52.137+09:00,"よしひろさん、企画にマガジンに👼
人と人を繋げる素敵な記事も🫶
いつもありがとうございます✨🌈✨"
ncd2cce444e02c,n2e66e82edf32,23e78cfab6f2de9a5a72e4b8281e05ba,志乃,gay_okapi3125,https://assets.st-note.com/production/uploads/images/275989944/profile_0a04aa366c6b94cd24b3adc944b05c3e.png?fit=bounds&format=jpeg&quality=85&width=330,2026-05-23T22:50:29.833+09:00,"お、お、オサレだー✨✨✨
暑くてもジャケット
憧れますよーウチの美容男子が😂

よしひろさんの好きなものシリーズ👞が、よしひろさんの記事との出会いだったと記憶しています😊

好きなものを語るのいいですね✨
わたしもどこかで語ってみようかな🤔"
nca1c2c5135979,ne8a1019d4c27,d29c2432624c1087ec7f89cc2f079dbe,美咲サヤ,crisp_gecko6337,https://assets.st-note.com/production/uploads/images/267718350/profile_d73fda1af8e66cc2c55152264f38ff50.png?fit=bounds&format=jpeg&quality=85&width=330,2026-05-23T19:39:32.791+09:00,"よしひろさん、こんばんは♪

この度私の記事をマガジンに追加していただきありがとうございました😂
励みになります🙇‍♀️"
nc9814844113b5,nf7728ef376f2,1ef4435612c1f36fd963bcdd8ace0d73,のあ｜自分に戻る思索note,joyful_salvia906,https://assets.st-note.com/production/uploads/images/244581020/profile_a075505b43aab98267d3b165ed95521a.png?fit=bounds&format=jpeg&quality=85&width=330,2026-05-23T21:25:14.523+09:00,"よしひろさん
こんばんは。
マガジン追加していただきありがとうございます✨
改めてお礼させていただきます😊"
nce0588994af14,n2e66e82edf32,cb93804505107614e3a73d05f3e6f49f,miyuri,miyuriii_2nd,https://assets.st-note.com/production/uploads/images/230589518/profile_5800c9cb6569b37700033b060c29e255.png?fit=bounds&format=jpeg&quality=85&width=330,2026-05-24T08:55:33.549+09:00,"よしひろさん、おはようございます！
マガジンに掲載いただき、ありがとうございます✨

サイドベンツだから確かに逆三角形に見えますね😊
これからの季節は、リネンとかいいですよね！
私も大好きです😊

いつもありがとうございます✨"
nc771779c02608,nfead605fba9c,65a1ea756f4081733e3f5ab1196eb558,みきの気ままな日々,onegrow,https://assets.st-note.com/production/uploads/images/264412471/profile_beda7fa8d601755c735b83ea550b6c2e.png?fit=bounds&format=jpeg&quality=85&width=330,2026-05-24T11:24:51.042+09:00,"よしひろさん
また記事をマガジンに掲載いただきありがとうございます✨
嬉しいです🎶"
nca4d45047169a,n2e66e82edf32,02859a98d5bba82093a41fbea358a3b6,Chill,chill_2525,https://assets.st-note.com/production/uploads/images/267416818/profile_ec983d1b1c2cdf75a359c193306959d3.png?fit=bounds&format=jpeg&quality=85&width=330,2026-05-24T15:18:33.595+09:00,"よしひろさん、こんにちは♪
ステキなジャケット✨
オシャレさんですね😊"
nc8f369af1a3fa,n315ca6f819b3,d29c2432624c1087ec7f89cc2f079dbe,美咲サヤ,crisp_gecko6337,https://assets.st-note.com/production/uploads/images/267718350/profile_d73fda1af8e66cc2c55152264f38ff50.png?fit=bounds&format=jpeg&quality=85&width=330,2026-05-24T15:02:42.583+09:00,"よしひろさん、
初めてよしひろさんの有料記事を読ませていただきました。

よしひろさんの、かざらない、優しい温かい文章に、そうだよな、そうだよなって共感し、とても気持ちが楽になった気がします。

この感じが、よしひろワールドとお呼びしてよろしいでしょうか、新参者ですが、、

惹かれてしまいます✨

ありがとうございました🙇‍♀️"
nc6e825ee6297b,n2e66e82edf32,3fd0836408ec874e1daa70e78e49bb21,穂倉 瑞姫 / Mizuki Hokura,greatmoment,https://assets.st-note.com/production/uploads/images/274727191/profile_719be2e1239445a05c5547628a5b9ccf.png?fit=bounds&format=jpeg&quality=85&width=330,2026-05-24T17:42:02.473+09:00,"ジャケット素敵ですね✨️
マガジンへの追加ありがとうございます😻とても嬉しいです！！"
nc5f23dfcab177,nfead605fba9c,1dd5cc6f11dc1d5e7c33c9ac01922824,keimama,keiko5066,https://assets.st-note.com/production/uploads/images/223953919/profile_de82aa306e133caf82b4ae253ad0173c.png?fit=bounds&format=jpeg&quality=85&width=330,2026-05-24T20:36:07.504+09:00,"よしひろさん、
マガジンの追加ありがとうございます。
嬉しかったです。企画もありがとうございました。"
nc7b8d3464a3d9,n8fe53895441a,6fb845763a1c37bdf5c221ccb35727f9,dandy_心の襞の中で,dandy_zinnia4059,https://assets.st-note.com/poc-image/manual/preset_user_image/production/i04f97ff72d86.jpg,2026-05-24T21:21:15.915+09:00,"よしひろさん。
noteの良さを書いていただきありがとうございます。
私も縛りのなさが1番楽だなと思います。
ここは居心地がいいところですね。"
nc817a383ca26f,n8fe53895441a,907edc26ecc556b380bd733caf94e5cc,JAU |  臨床検査技師×医療副業,jau_jau1001,https://assets.st-note.com/production/uploads/images/238898866/profile_b47389bc5953cb4d37cf45a1d4d208c2.png?fit=bounds&format=jpeg&quality=85&width=330,2026-05-24T21:17:36.064+09:00,"本当におっしゃるとおりで、何かしらの事情がある人もいるとぉいますが、noteにあまりにも縛られて過ぎて辞めていく方を本当に残念に思います😭


もっと自由に楽しく、それがnoteであってほしい🥹✨"
nc9022e827f869,n8fe53895441a,6387daced3412f56911efd0f8787e44a,椿みきこ🌸季節の花ごよみ,hirata_mikiko60,https://assets.st-note.com/production/uploads/images/276282393/profile_1b76107f2c250cd2fcb0068f908ba934.png?fit=bounds&format=jpeg&quality=85&width=330,2026-05-24T21:14:48.155+09:00,"よしひろさん、達観してますね✨
さすがスマートです😊

私は今日ストックが無くなり、焦ってたので、刺さりました〜😭"
nc6fb25e5b3392,n8fe53895441a,1f4ec93f1fba4624d1b3ef49a91e72d7,あまっ子純情,safe_lupine8306,https://assets.st-note.com/production/uploads/images/194809644/profile_12a2c8b6ea9365d51363cbf0c53b7723.png?fit=bounds&format=jpeg&quality=85&width=330,2026-05-24T20:57:40.701+09:00,"noteに対する考え方、、

全く同じです‼️

毎日投稿を早々と私が辞めたのは
その気持が根底にあったからなんですよね〜😅

あ、辞めた事を告白する記事を書いてました。

雨にもマケズ、風邪には負けましたと。
単なる風邪😷で辞めたんでした😂"
nc8d47cd07a582,n8fe53895441a,26f4c191f5550e8a952352f17f8d5081,はるき,kanabo_0826,https://assets.st-note.com/production/uploads/images/272843475/profile_db5f96ff83c8845eeb6fcdb64c8126ea.png?fit=bounds&format=jpeg&quality=85&width=330,2026-05-24T20:22:59.844+09:00,"よしひろさん、こんばんは🌙

noteで、「自分が楽しい時間を過ごせているか」って、大切なことなんだなと改めて感じました。そしてそれはきっとnoteだけではなく。

「やらなきゃ」「こうしなきゃ」と思った瞬間に、好きだった趣味まで苦しくなってしまうことが僕もありました。

続けられる形が大切なのかもしれませんね。"
nc99f4a3ff7334,n8fe53895441a,685d473fa4f471b5b9f52de0d570a2f0,さとりのさとり,kopailog,https://assets.st-note.com/production/uploads/images/226182676/profile_094199e7fa1bff58de5da5e07a1a43de.png?fit=bounds&format=jpeg&quality=85&width=330,2026-05-24T20:19:54.240+09:00,"いや、いやいやいやいや
何、私の考えを
すべて言ってくれちゃんたんだと😆

あれでしょう、
さとりと言う妖怪がいますが
よしひろさんはそれですね

あれ？さとりは私か…

なんだかわけがわからなくなりましたね😊"
nc2236e6ada199,n2e66e82edf32,b39624e9464ededa053a7cbf0de179ce,あな,ana_mama_english,https://assets.st-note.com/production/uploads/images/219621833/profile_8ef662d95d545fc74251b7700219beae.png?fit=bounds&format=jpeg&quality=85&width=330,2026-05-24T20:09:29.486+09:00,"よしひろさん、こんばんは⭐︎

マガジン追加とスキをいただき、
ありがとうございます☺️

ジャケット素敵ですね☺️

「気分が上がるから」
とても共感しました✨
お気に入りの物って、身につけたり、見るだけで元気をもらえますよね☺️

いつもありがとうございます🫶"
nca2c71ba1cd31,n315ca6f819b3,a3b393748448993682c446017554f28a,りこ@一生養生,riko_83,https://assets.st-note.com/production/uploads/images/242853208/profile_868cf0850d54d0a98ca0406d82454cfa.png?fit=bounds&format=jpeg&quality=85&width=330,2026-05-24T21:07:10.719+09:00,"こんばんは🌙
エプロンが良いですね🤭✨️
世間話も、悩み相談も、冗談も言い合えそうな気軽さが魅力です🎵"
nc16b79d1d3b00,n8fe53895441a,704663f48a1e06dc09c61069a4dd39c8,紅茶🫖｜ことばの庭,usagi_no_mimi_,https://assets.st-note.com/production/uploads/images/274861081/profile_59c361cea83d4f4d1c3e6a403c43a90b.png?fit=bounds&format=jpeg&quality=85&width=330,2026-05-24T23:27:27.311+09:00,"よしひろさん、こんばんは🌟

最近、noteを書きたいけれど少しためらうことがあったので、楽しい時間を過ごす場所でいいという言葉にほっとしました☺️

ゆるく戻ってきてもいい場所って、いいですね✨🍀🐦

マガジンへの追加いつもありがとうございます✨"
ncf19df3363d85,nfead605fba9c,a841fb71f0e48f0cc3b04a4891d43b40,Kei,huge_ixora3675,https://assets.st-note.com/production/uploads/images/234358268/profile_81ea2cf8ed2a6e5fca9dccb786075578.png?fit=bounds&format=jpeg&quality=85&width=330,2026-05-25T14:09:34.584+09:00,よしひろさん、マガジン収録して下さりありがとうございますm(_ _)m
nc27157d9164ec,nfead605fba9c,ae176d21cfa362a329066d877232b9eb,いもくりかぼちゃ,sora430,https://assets.st-note.com/poc-image/manual/preset_user_image/production/ia9d968d56480.jpg,2026-05-25T13:48:41.357+09:00,"よしひろさん！
いもくりかぼちゃと申します😊
マガジンに追加して頂き、とっても光栄です😆
本当にありがとうございます😊🌸
"
nc02b8b32e302d,n8fe53895441a,b39624e9464ededa053a7cbf0de179ce,あな,ana_mama_english,https://assets.st-note.com/production/uploads/images/219621833/profile_8ef662d95d545fc74251b7700219beae.png?fit=bounds&format=jpeg&quality=85&width=330,2026-05-25T17:26:20.425+09:00,"よしひろさん、こんにちは✨

マガジンへの追加とスキ、ありがとうございます☺️

「自分が楽しい時間を過ごせているか」
とても共感しました✨

ちょうど最近、書きたい気持ちはあるのに、少し考えすぎてしまっていたので、あらためて、楽しいと思える気持ち、大切にしていきたいと思います☺️

「おひさ〜って言えるくらいの関係性」
すてきですね☺️

いつもありがとうございます🫶"
nc64caf1e87f87,n8fe53895441a,5b2e3afced04534686af4e6ad9397ceb,tomomi｜静かな美容設計,brave_spirea2871,https://assets.st-note.com/production/uploads/images/264353778/profile_a9a6890110418aa78678f4fb5ac1c8f0.jpeg?fit=bounds&format=jpeg&quality=85&width=330,2026-05-25T17:03:32.108+09:00,"よしひろさん、はじめまして☺️
いつもマガジンへの追加、本当にありがとうございます✨
私は「美容設計」を発信しているので、ついつい突き詰めることに没頭してしまうのですが…
よしひろさんの「ゆるくていい」という言葉にふっと肩の力が抜けました🌿
突き詰める楽しさと、ゆるめる心地よさ。
両方あるからnoteは楽しいんですね✨
これからも私なりの「設計」をマイペースに届けていきます！"
ncce03af268ee2,n8fe53895441a,507f6af290548393d2e76ea4681347cd,Aki,noble_sage5248,https://assets.st-note.com/production/uploads/images/268709906/profile_303ae9876af10466ab00b507e8c9d0c1.jpg?fit=bounds&format=jpeg&quality=85&width=330,2026-05-25T14:10:28.160+09:00,はじめまして！私はnoteを始めたばかりでさじ加減がよくわからなくて、いまだに緊張してます。「楽しんでいたら、気づいたら続いてた」素敵な言葉です。私もそうなれるように頑張りすぎずに頑張ります。ありがとうございます。
ncbca6d5ac1686,n8fe53895441a,1958f561bbf6129cb9f2040494224ce1,mangorind2,vivid_mangorind2,https://assets.st-note.com/production/uploads/images/221570775/profile_fc9ca2ed5cc5495344196df17b41d2b3.jpg?fit=bounds&format=jpeg&quality=85&width=330,2026-05-25T12:22:35.328+09:00,"マガジンに追加してくださり、ありがとうございました。

自分の記事を選んでいただけたことが、とても嬉しく、続けるモチベーションにもつながっています。

今回の記事にもとても共感しました。
noteは「ちゃんと続けなきゃ」と力が入りすぎる場所ではなく、楽しい時間を過ごせる場所であってほしいですよね。

好きな記事を読んで、スキを押して、コメントして、また誰かが読みに来てくれる。
そういう小さな嬉しさが積み重なる場所として、これからも楽しんでいきたいなと思いました。

素敵な記事をありがとうございます。"
ncd0b0c18e9d35,nfead605fba9c,3c7149a04094244f2e2be01c8cedd9ae,Booster nobu｜泥臭く挑むPh.D.ガソスタ経営者,booster_nobu,https://assets.st-note.com/production/uploads/images/273187488/profile_c4b718940b3bc06e05b96ca1780657b6.png?fit=bounds&format=jpeg&quality=85&width=330,2026-05-25T18:36:38.110+09:00,"よしひろさん、僕の記事をマガジンに追加いただき、ありがとうございます😭

うれしいです😂"
ncb1d8c6868833,n8fe53895441a,5643208b438dc520ea679300a191f102,ういまる,witty_eider9036,https://assets.st-note.com/production/uploads/images/262416249/profile_6afa0c6ae55faab820fd1ab090d2e6cf.png?fit=bounds&format=jpeg&quality=85&width=330,2026-05-25T19:30:40.189+09:00,"よしひろさんお邪魔します🙇
いつもありがとうございます🙇
発信する内容をまとめたい気持ちとはウラハラに、油断するとすぐフザケに走ってます🤣
が、自分で楽しんでれば別に良いかなぁと🤔メンシプの方々には何かメリットを作りたいですが、考え込んだら負けな気がするのでやっぱり楽しみながらが最高ですね🤣"
nc093657750244,n2ec54f9e383b,6387daced3412f56911efd0f8787e44a,椿みきこ🌸季節の花ごよみ,hirata_mikiko60,https://assets.st-note.com/production/uploads/images/276282393/profile_1b76107f2c250cd2fcb0068f908ba934.png?fit=bounds&format=jpeg&quality=85&width=330,2026-05-25T22:47:22.002+09:00,"よしひろさん、いつも面白そうなことにチャレンジしてますね✨
なにが起こるのか、注目してます😊"
nc7995da527c6b,n8fe53895441a,bede9bd0a510b6a3b89dcb460dd51ef5,ルルトアヤコ,lovely_coyote546,https://assets.st-note.com/production/uploads/images/270436419/profile_35c1e2b2e8ef32be40119179aeef9fa1.png?fit=bounds&format=jpeg&quality=85&width=330,2026-05-25T21:15:49.150+09:00,"全く同感…安心する…そう言って下さると…

なんかテーマが無いと…とか、統一感が無いから…とかで、書けなくなってしまっていて…


自分が楽しむこと…原点にかえってみよー"
ncef9654d92842,n315ca6f819b3,8ff3840ab8a5edbca02764a22e283e47,ふっくらシャギー,mute_dietes1869,https://assets.st-note.com/production/uploads/images/207485395/profile_4033ab6e00e2566bcf40615e8cb20257.png?fit=bounds&format=jpeg&quality=85&width=330,2026-05-26T01:24:04.246+09:00,"よしひろさん❇️

メッセージありがとうございました❗私にとってもnoteは大好きな場所です💡
noteはじめて一年経ちますが最近は「何書こう」ではなく「noteで何ができるかな」なんて考えるようになりました。noteはやっぱり夢を叶える場所ですね😀"
nca9dd7c55e4dd,n2ec54f9e383b,47516e46043a63100a906243cb142abc,太めのスローロリス,sane_zinnia9945,https://assets.st-note.com/production/uploads/images/270199774/profile_fea512eb92442ee5df26b74b3bb4e1f6.png?fit=bounds&format=jpeg&quality=85&width=330,2026-05-26T10:04:11.832+09:00,こんにちは。いろいろなことに挑戦し、同時進行できるよしひろさんを尊敬します。私は何もかも一歩一歩なもので。🤭いつもありがとうございます。
ncaa8ba224451a,n2ec54f9e383b,cb93804505107614e3a73d05f3e6f49f,miyuri,miyuriii_2nd,https://assets.st-note.com/production/uploads/images/230589518/profile_5800c9cb6569b37700033b060c29e255.png?fit=bounds&format=jpeg&quality=85&width=330,2026-05-26T09:20:41.044+09:00,"よしひろさん、おはようございます！
マガジンに掲載いただき、ありがとうございます✨

はじめてやることってその時は結構大変でも、
慣れると意外と大したことなくなる場合ってありますよね！

小さなチャレンジの連続ですね😊

いつもありがとうございます✨"
nca71c67c00df9,nfead605fba9c,f7849321afe6b3af555279156ed8e307,さとる＠40歳無職の資産形成,novel_zinnia2293,https://assets.st-note.com/production/uploads/images/273004191/profile_cddb33d08628779c2ee846be20f993f3.png?fit=bounds&format=jpeg&quality=85&width=330,2026-05-26T13:07:43.786+09:00,よしひろさん、マガジン追加ありがとうございます☺️とても温かい気持ちにさせていただきました。これからも頑張りますね
ncfbe454a89029,n8fe53895441a,031a96c67c576e3bfc12a86d2606bd97,ココミチ＠ゆきの,hot_mink9599,https://assets.st-note.com/production/uploads/images/212559417/profile_9dbf6c222d0c87810aeff185afbd7f95.jpg?fit=bounds&format=jpeg&quality=85&width=330,2026-05-26T13:47:46.165+09:00,"よしひろさん、こんにちは

記事を読みながら
「楽しんでいたら、気づいたら続いていた」
という一文を、静かに反芻していました

振り返ると、よしひろさんの企画に背中を押してもらって
書いた一編がきっかけで、こうしてやりとりが続いています
「こうしなきゃいけない」に縛られて
誰かがいなくなるのは寂しい、という言葉にも
静かにうなずいていました

好きなように動けることが大切だと
まっすぐに書いてくださる記事そのものが
読む側の肩の力をそっとゆるめてくれる気がします
「おひさ〜」って言えるくらいの関係性、というところも
なんだかほっとしていました

「咲かなくても美しい」と「言葉になる前に、届いている」を
あたたかなマガジンに迎えてくださり、ありがとうございます

ゆきの"
ncaff85b7e7941,nfd098158931a,6706012177f9470bf0aa0a8f5be2718e,micci,gentle_dill2904,https://d2l930y2yx77uc.cloudfront.net/assets/default/default_profile_3-39088fff430aa9ec11d6e2a385dbcad45c8b79bde6c0c9ded10cd7abb960174f.png,2026-05-26T11:29:24.454+09:00,"よしひろさん、こんにちは。
確かに、おっしゃる通りと思いました。
私も子供がお母さんに”聞いて聞いて”という感じの拙い文章ですが書いているのがただ楽しく、読んでいただいたりコメントいただくとご褒美感が増してます。
noteって素晴らしいですよね！😊"
nc59f651a3462f,nfd098158931a,bede9bd0a510b6a3b89dcb460dd51ef5,ルルトアヤコ,lovely_coyote546,https://assets.st-note.com/production/uploads/images/279549033/profile_3d53a17ce59c090b43145099e9a86669.png?fit=bounds&format=jpeg&quality=85&width=330,2026-01-24T10:51:24.623+09:00,"ほかのSNS，が続かなかった私が、

ここまで，続いてる理由…

交流が，何より、温かい…

よしひろさんは、温かい人の，代表格です🤭💖💖"
nc5810ee085bfa,nfd098158931a,9d5ac7b4035254be4c7041d0d10027d0,ミルフィーユ博士,human_squid3270,https://assets.st-note.com/production/uploads/images/248914876/profile_affcd1646b5754ce182636a651325274.jpeg?fit=bounds&format=jpeg&quality=85&width=330,2026-01-23T22:41:34.117+09:00,"よしひろさん、こんばんは🌙
記事の仲間入りありがとうございます😭
この歳で、とは言いたくないんですが、
人生っていろいろあって、
嬉しい事あったはずなのに、
忘れてしまう…
でも、人を想う事が出来るのは
幸せな事だったのかなぁと思います。
すいません、語ってしまいました。
すごく嬉しいです🥹
"
ncff1a5fa2b6d5,nfd098158931a,2d1d6b3a2d4b1fae55f26cbe817046ed,川中紀行／コピーライター,noriyukikawanaka,https://assets.st-note.com/production/uploads/images/9754830/profile_c4813d3bcdf467a7b812bb84cc96fc07.jpeg?fit=bounds&format=jpeg&quality=85&width=330,2026-01-23T22:00:02.591+09:00,"伝えたいことから
話す、つまり口語体が多い
ですね。
この度は、私のイラストを使っていただきありがとうございます。これを機に、よろしくお願いします。"
nc7fe3add720eb,nfd098158931a,f70038deb9c5f3f87c2ee7969a2cf523,不屈の鼻くっそう,fukutsunokussou,https://assets.st-note.com/production/uploads/images/228082209/profile_bc2555e2c34c9857d7b2291bb9e9cc80.png?fit=bounds&format=jpeg&quality=85&width=330,2026-01-23T21:20:18.274+09:00,1対多(こっちが1)で話すとき、「うんうん」って聞いてくれてくれる方の存在ってありがたいですもんね。noteはそんな感覚ありますよね～。
nc0844221aad30,nfd098158931a,318d0f2260033fed8c47ced01cacaec5,心の軌跡を届けるAyuna☆　誰かの勇気になるために,sasn,https://assets.st-note.com/production/uploads/images/241119400/profile_5d6f0f7bd87b0faeaf16702f2a48a204.png?fit=bounds&format=jpeg&quality=85&width=330,2026-01-23T21:14:39.388+09:00,"こんばんは～🌃
その気持ち分かる～😆
反応してくれる優しい人が多いもんね🐥"
nc528b9094f8c8,n2ec54f9e383b,b39624e9464ededa053a7cbf0de179ce,あな,ana_mama_english,https://assets.st-note.com/production/uploads/images/219621833/profile_8ef662d95d545fc74251b7700219beae.png?fit=bounds&format=jpeg&quality=85&width=330,2026-05-26T18:34:34.268+09:00,"よしひろさん、こんばんは✨

マガジンへの追加とスキをありがとうございます😊
コングラボードおめでとうございます🎉

企画や有料記事、メンバーシップなど、たくさん楽しみながら取り組まれている想いが伝わってきて、とても素敵だなと感じました☺️

これからも記事を読むのを楽しみにしています😊

いつもありがとうございます🫶"
nc4c9fbfc87183,n8fe53895441a,9df2a5f6c6d2bca1878da747b4aa81ec,kei2,major_murre225,https://assets.st-note.com/production/uploads/images/263716602/profile_94c57a1cd30c9bfdbaa858956d0a8b6e.png?fit=bounds&format=jpeg&quality=85&width=330,2026-05-27T06:21:15.463+09:00,"よしひろさん、おはようございます☀️😃❗
わたしの記事をマガジン収録して下さりありがとうございます(^人^)💞"
ncb2d7218cbd3d,nabce5cd731cb,907edc26ecc556b380bd733caf94e5cc,JAU |  臨床検査技師×医療副業,jau_jau1001,https://assets.st-note.com/production/uploads/images/238898866/profile_b47389bc5953cb4d37cf45a1d4d208c2.png?fit=bounds&format=jpeg&quality=85&width=330,2026-05-27T15:54:31.124+09:00,"よしひろさん〜！こんにちは♪

本当に有料記事は人それぞれの価値観ですからね👏✨
何を買うかではなく、誰から買うかですね✨"
nc46fdf70c6831,nabce5cd731cb,b39624e9464ededa053a7cbf0de179ce,あな,ana_mama_english,https://assets.st-note.com/production/uploads/images/219621833/profile_8ef662d95d545fc74251b7700219beae.png?fit=bounds&format=jpeg&quality=85&width=330,2026-05-27T15:46:36.415+09:00,"よしひろさん、こんにちは✨

マガジン追加とスキを、
ありがとうございます☺️

有料記事の価格や内容のお話、
読んでいて視野が広がりました✨

「立派じゃなくても大丈夫です」というお言葉に、気持ちが軽くなりました♪

いつもありがとうございます♡☺️"
nc07d2f51209ce,nabce5cd731cb,6387daced3412f56911efd0f8787e44a,椿みきこ🌸季節の花ごよみ,hirata_mikiko60,https://assets.st-note.com/production/uploads/images/276282393/profile_1b76107f2c250cd2fcb0068f908ba934.png?fit=bounds&format=jpeg&quality=85&width=330,2026-05-27T12:38:15.802+09:00,"よしひろさん、有料記事マスターなんですね〜✨

どれを買えばいいのか迷いますね🤔"
nc17b105d9940d,nabce5cd731cb,5bdbea8d208dd57bbbc8fd9baa5f7c45,ゆきぽ,lucid_guppy4450,https://assets.st-note.com/production/uploads/images/264554398/profile_90b6430e870542ef3f3a7193eb153dee.png?fit=bounds&format=jpeg&quality=85&width=330,2026-05-27T12:32:34.114+09:00,"よしひろさん、こんにちは☺
トマト缶＆醤油とみりんが経験なくて、びっくりしすぎて続きが入ってきません😅
また落ち着いて改めて読んでみます！"
ncde7899edd369,nabce5cd731cb,f19d138b5f57bc35ca0f56f51ab37ac5,りーまむ,ri_mam,https://assets.st-note.com/production/uploads/images/186523962/profile_939af6d936ad6ca5456ee55e7d9d6404.jpeg?fit=bounds&format=jpeg&quality=85&width=330,2026-05-27T12:31:34.441+09:00,"最近、あまりにも有料記事を書かなすぎて、「あれ、有料記事って何を書くんだっけ？」となってました🤣

今回と次回の記事を読んだら、何か湧くかなぁ（という甘い期待🌸）
"
nc77c10a9c2ea4,nabce5cd731cb,13f03d3a1ec4a172a7084a791c8c4703,"あいさん💗Iカウンセリングルーム セラピスト／ 臨床心理士×公認心理師｜支援歴16年・2,000名超",joyful_zebra1701,https://assets.st-note.com/production/uploads/images/194103346/profile_5b2ee16c8d8db97758503974e4e6f9da.png?fit=bounds&format=jpeg&quality=85&width=330,2026-05-27T12:30:39.499+09:00,"よしひろさん😊

有料記事というと、どうしても価格や文字数、正解のようなものを探したくなってしまいますが、
この記事はノウハウを並べるというより、
書いてみたい人の背中をそっと押してくれる記事だなと思いました🌸🌿

立派じゃなくてもいい。
長くなくてもいい。
自分の経験を、自分の言葉で、必要な人に向けて届ける。

そう思えると、有料記事へのハードルが少しやわらぎますね😊✨
素敵な記事をありがとうございます🥰
"
nc1d0f6967d51e,nfead605fba9c,f2a55d2f97f079ab0df510a2c19397fa,ぷっぷる,rich_moose3756,https://assets.st-note.com/production/uploads/images/247930453/profile_056c49f5bf7f07cdcc784fbf2ff720c7.png?fit=bounds&format=jpeg&quality=85&width=330,2026-05-27T21:00:28.848+09:00,"よしひろ さま

こんばんは

はじめまして
ぷっぷると申します

この度は素敵なマガジンに
掲載して頂き、
ありがとうございます✨
コンセプトが素敵で
うれしく拝見しました☺️

よしひろ様のお名前、
クレジットさせて頂きました✨
ご了承、願います🍀🙇

コンテストの熱量が凄い✨
これが話題の記事かと
感心致しました😊
凄い方たちが一杯で驚き
ました☺️

今後、よしひろ様の作品を
読ませて頂けると幸いです。
また、お邪魔させて下さい🍀

それではお礼まで🍀
失礼しました🍀😊
"
nc2383f6277e88,nabce5cd731cb,bede9bd0a510b6a3b89dcb460dd51ef5,ルルトアヤコ,lovely_coyote546,https://assets.st-note.com/production/uploads/images/279549033/profile_3d53a17ce59c090b43145099e9a86669.png?fit=bounds&format=jpeg&quality=85&width=330,2026-05-27T21:54:09.045+09:00,"やはり、よしひろさんご自身が楽しまれている雰囲気がとても良いんですよね〜

その楽しさの波動に浸りたいから、読みたいのかも…

これってほんまに大切な事やと思いますよ、私…

だからこそ購入してまで、読みたくなるもんねー…

これは、自分で掴むしかない案件😆

それこそ、エイヤーってチャレンジしてみないと！！！！！！"
nc9ec292280ef4,nabce5cd731cb,507f6af290548393d2e76ea4681347cd,Aki,noble_sage5248,https://assets.st-note.com/production/uploads/images/268709906/profile_303ae9876af10466ab00b507e8c9d0c1.jpg?fit=bounds&format=jpeg&quality=85&width=330,2026-05-27T21:53:23.709+09:00,"よしひろさん、こんばんは。
立派じゃなくていい、っていう一言に肩の力が抜けました。
伝えたい気持ちがあれば、私にも有料記事書けるかな？
マガジンに入れていただいてうれしいです、ありがとうございます!
"
nc02dfd116e60c,nabce5cd731cb,1958f561bbf6129cb9f2040494224ce1,mangorind2,vivid_mangorind2,https://assets.st-note.com/production/uploads/images/221570775/profile_fc9ca2ed5cc5495344196df17b41d2b3.jpg?fit=bounds&format=jpeg&quality=85&width=330,2026-05-27T21:37:15.444+09:00,"マガジン追加ありがとうございます！
いつもスキも励みになっています。
「誰に、何を、どんな気持ちで渡したいか」
という部分、すごく共感しました。
最近、自分も旅エッセイを書きながら、「どう届けるか」で文章の雰囲気が変わるなあと感じています。"
nc8dde9306422a,n8e4af6cb1956,318d0f2260033fed8c47ced01cacaec5,心の軌跡を届けるAyuna☆　誰かの勇気になるために,sasn,https://assets.st-note.com/production/uploads/images/241119400/profile_5d6f0f7bd87b0faeaf16702f2a48a204.png?fit=bounds&format=jpeg&quality=85&width=330,2026-05-27T19:05:31.767+09:00,"こんにちは✨
今日のおやつは私のオーダーを聞いてくれたのかなって思いました😋
ペロッと平らげました😊🌿"
nc7fa49bd18ca9,n8fe53895441a,4ee0f6f8a45c0d60bd487622a46a2ebd,ぷかり,pukari_note,https://assets.st-note.com/production/uploads/images/278486905/profile_6c0f7d7500d6330ed9cebd843356cb1a.png?fit=bounds&format=jpeg&quality=85&width=330,2026-05-27T17:19:04.092+09:00,"よしひろさん、はじめまして🌸

このたびはマガジンに追加していただき、ありがとうございます。
とても嬉しいです😊

まだはじめたばかりなので、励みになります🌱
私も楽しみながら、のんびり続けていけたらと思います✨"
ncd7ae19d02265,nabce5cd731cb,cb93804505107614e3a73d05f3e6f49f,miyuri,miyuriii_2nd,https://assets.st-note.com/production/uploads/images/230589518/profile_5800c9cb6569b37700033b060c29e255.png?fit=bounds&format=jpeg&quality=85&width=330,2026-05-28T09:36:36.253+09:00,"よしひろさん、おはようございます！
マガジンに掲載いただき、ありがとうございます✨

誰からっていうの、大事ですね！
結局、人ですから😊

ちなみに私はカレーには生たまごをかけます🥚

いつもありがとうございます✨"
nc17abe8e4f61a,n8e4af6cb1956,71ea0f42f83343877ae30eb938fade1e,モモ♥️,genial_quokka134,https://assets.st-note.com/production/uploads/images/210131001/profile_643d08cc160b1ad1e1359a54068d3d46.png?fit=bounds&format=jpeg&quality=85&width=330,2026-05-28T15:37:35.185+09:00,"居心地良さそ〜💕な喫茶店を発見😄💕お邪魔致しま〜す💕
今世の私は、どの居場所(お仲間界隈) にいようとも、自分のままでいて良い… しかも、都度都度、思いつく色々パラレルに自由にとんで良い… 考え方が激変しても、私だからね…と概ね許して貰える…という自由な状態にいます。
ただ… それも、万人に理解されるのは無理… と、最初からわりきっていて、理解が通じない人への必ずしも理解を求めたい執着がない…。が、しかーし！noteで伝えたいことを考えた時、やはり渡したいものは、よしひろさんがいっていた、軽くなるための何か😊✨💕だと思います。すると、自分は軽すぎるため、同じように考えたら楽ですよ〜と、話してみても、伝えるのが難しい😆✨
自分のことを自分でわからない…という感覚が私には逆にわからない…😅いろんな自分がいたって面白くて全然OK💕と思うけど、その中の自分がどれか…悩むというのが、一般論では内容を知っていても、感覚をわかりきれない… こうしたら楽だよ💕を、押し売りでなく伝えられるようになりたく✨勉強しにきました☺️♥️"
nc351feb05b0b1,ne8a1019d4c27,cec4c608f21d7aa722cfc12802c896bf,MOON｜違和感の記録,dandy_sedum8677,https://assets.st-note.com/production/uploads/images/271470614/profile_112e71abeaceddb2ab033b49d5f56568.png?fit=bounds&format=jpeg&quality=85&width=330,2026-05-28T15:38:06.856+09:00,"よしひろさん

こんにちは😊

いつもマガジンに掲載いただき、
ありがとうございます。

企画の空気感も好きで、
いつも楽しく読ませていただいています。

このたび、
メンバーシップにも参加させていただきました🌙

どうぞよろしくお願いします。"
nc8fea0da065b6,n4f078c91071c,d29c2432624c1087ec7f89cc2f079dbe,美咲サヤ,crisp_gecko6337,https://assets.st-note.com/production/uploads/images/267718350/profile_d73fda1af8e66cc2c55152264f38ff50.png?fit=bounds&format=jpeg&quality=85&width=330,2026-05-29T13:29:41.529+09:00,"よしひろさん、
こんにちは。
私の記事をマガジンに追加してくださり、ありがとうございました！

励みになり、これからも頑張ろうと勇気をいただけます。

ありがとうございました！"
nc6d5312b35ca1,n4f078c91071c,bede9bd0a510b6a3b89dcb460dd51ef5,ルルトアヤコ,lovely_coyote546,https://assets.st-note.com/production/uploads/images/279549033/profile_3d53a17ce59c090b43145099e9a86669.png?fit=bounds&format=jpeg&quality=85&width=330,2026-05-29T20:40:58.765+09:00,"あーめっちゃ楽しみ…

実は私はまだまだ有料記事……苦手意識が邪魔するんよ〜

よしひろさんのコツの様なもの…掴めたら…まぁ書き続けるしか無いんやろね〜苦手でも…

ありがとうございます♪"
nca91481016839,n4b4207725b1c,d58df56d72e51835fa8597640954d50b,道草ノート🌿ゆう,koya1970,https://assets.st-note.com/production/uploads/images/280082912/profile_27c6de0e430e96c942efcfde0e0dc5ce.jpeg?fit=bounds&format=jpeg&quality=85&width=330,2026-05-29T23:44:47.300+09:00,順序立てて説明していただいたので、今、自分はどこにいる。が、わかりました😊
nc8fe7796f80c5,n4b4207725b1c,53c0f0b342eccd9789ea98526e218616,暮らしの整え相談室　ぽんまぁ,ponmaaa,https://assets.st-note.com/production/uploads/images/222294136/profile_4a6854bc4f0dd7b277b78f04de10d3be.jpeg?fit=bounds&format=jpeg&quality=85&width=330,2026-05-29T22:51:33.865+09:00,"よしひろさん、3部作ありがとうございます。
同じテーマで違う記事が読めて勉強になりました😊
他の記事もいろいろ読ませてもらいますね。"
nc608036187a87,nabce5cd731cb,209f3701abc5bae89b6dd62898c7916a,コンパス みき,compass_m360,https://assets.st-note.com/production/uploads/images/253440713/profile_8b36220be6950ce90264f78d2b308c75.png?fit=bounds&format=jpeg&quality=85&width=330,2026-05-29T22:30:32.969+09:00,"よしひろさん、こんばんは💖

マガジンに追加頂きありがとうございます😃
有料記事というだけで、変に身構えてしまう自分がいるので
記事を読ませて頂いて、ちょっとほっとしている自分が
いました。
とても素敵な記事をありがとうございます💖"
nc0293e5a06b5b,n8fe53895441a,c875248882b79d3d54900d64cf3f1d29,kotori,fancy_owl7264,https://assets.st-note.com/poc-image/manual/preset_user_image/production/i04f97ff72d86.jpg,2026-05-30T08:52:04.322+09:00,"よしひろさん、はじめまして
私の記事をマガジンに追加していただきありがとうございます😊
とても励みになります。

いつも備忘録のように綴っておりますが、居心地のよいnote。
よしひろさんのように、優しく寄り添ってくれる記事に出会えるからなんですよね。

よしひろさんの後の記事にある『誰に向けて』も時々少し意識しながらこれからも楽しんでいきたいです。"
ncdf255345b485,n621f434e0819,cb93804505107614e3a73d05f3e6f49f,miyuri,miyuriii_2nd,https://assets.st-note.com/production/uploads/images/230589518/profile_5800c9cb6569b37700033b060c29e255.png?fit=bounds&format=jpeg&quality=85&width=330,2026-05-30T10:59:05.942+09:00,"よしひろさん、おはようございます！
マガジンに掲載いただき、ありがとうございます✨

思い出はプライスレス😊
気持ちよく使ったら気持ちよく入ってきますよ😆

いつもありがとうございます✨"
nc5d4973a36385,n8e4af6cb1956,bede9bd0a510b6a3b89dcb460dd51ef5,ルルトアヤコ,lovely_coyote546,https://assets.st-note.com/production/uploads/images/279549033/profile_3d53a17ce59c090b43145099e9a86669.png?fit=bounds&format=jpeg&quality=85&width=330,2026-05-30T17:53:45.911+09:00,"心地いい喫茶店やったわ〜

お腹いっぱいやし😋

少しずつで、良いんやね〜在りたい自分の開示…


noteって言う媒体があって良かったなぁって思いますねー

ほんまに有り難い…こう言う言葉のやり取りが嬉しい😆

またきますねーマスター🙂‍↕️

ありがとうございます😊"
ncb479d78f7175,nfead605fba9c,b6142bb7bba7964ab3acbde1fe1575d6,いくちょのやさしい毎日,honsuki_note,https://d2l930y2yx77uc.cloudfront.net/assets/default/default_profile_5-043439195e40e86fd7641a3a1daf982637d77ec6f14b67d3fc98ab92374404ac.png,2026-05-30T20:37:00.987+09:00,"よしひろさん😊
マガジンを追加してくださり
ありがとうございます✨😊
私はよしひろさんの紡ぐ文章が素敵で
よしひろさんの世界観、よしひろかワールドが大好きです✨😊
師匠、これからもよろしくお願いします😊"
nc6494d9cacdde,n76e728af4f95,1115026c37106fbad8762d838f3a53ef,Riley｜遠方組ディズニーOL,riley_disneytrip,https://assets.st-note.com/production/uploads/images/280975008/profile_fa68087f0a4416b8d6f467b130f25fdf.png?fit=bounds&format=jpeg&quality=85&width=330,2026-05-30T23:37:32.601+09:00,"楽しそうな家族旅行ですね☺️
トイストーリーホテルに泊まれるなんて、羨ましいです❤️
ディズニーシー、25周年、行きたいです☺️"
nc3528f1edd089,nfead605fba9c,c51788a0971f2c385090a039e159d76d,note職人｜整えるのが好きな人,noteshokunin,https://assets.st-note.com/production/uploads/images/215924649/profile_a49beeb0842ea9ef09848d5c55874761.png?fit=bounds&format=jpeg&quality=85&width=330,2026-05-31T09:28:10.719+09:00,"よしひろさん、こんにちは。
マガジンに追加していただき、ありがとうございます☺️
「あなたの気持ちが嬉しいのです!!」という素敵なマガジンに加えていただけて光栄です🌿
温かいお気持ち、とても励みになりました。
ありがとうございました✨"
ncbb35aa2b7a63,nc0309d265392,5bdbea8d208dd57bbbc8fd9baa5f7c45,ゆきぽ,lucid_guppy4450,https://assets.st-note.com/production/uploads/images/264554398/profile_90b6430e870542ef3f3a7193eb153dee.png?fit=bounds&format=jpeg&quality=85&width=330,2026-05-31T11:23:07.814+09:00,"よしひろさん、こんにちは☺
シャツとジャケットをサラッと着こなせるのかっこいいです✨️
エクリュって私が持ってるシャツと同じ！？と思ったら色のことだったんですね。知らなかった(*_*)"
ncc8e4524a415f,nc0309d265392,cb93804505107614e3a73d05f3e6f49f,miyuri,miyuriii_2nd,https://assets.st-note.com/production/uploads/images/230589518/profile_5800c9cb6569b37700033b060c29e255.png?fit=bounds&format=jpeg&quality=85&width=330,2026-05-31T11:10:18.237+09:00,"よしひろさん、こんにちは！
マガジンに掲載いただき、ありがとうございます✨

1枚目のシャツ😍
見るだけで物がいいっていうのがすぐわかります😊

素敵なリネンのシャツで暑い夏を乗り切ってください！

いつもありがとうございます✨"
nc4ae087820cca,nc0309d265392,82dd8717325a4e053e7ff44328dc343e,こみ,eager_pothos5160,https://assets.st-note.com/production/uploads/images/252617188/profile_69ef9a002680c34accae10879d9ef09e.png?fit=bounds&format=jpeg&quality=85&width=330,2026-05-31T06:53:22.763+09:00,"よしひろさん、おはようございます。今回の記事、何から何まで全面同意です❗️


リネンシャツは「シワも含めてお洒落」と割り切って（思い込んで）着るのが格好良いですよね👀そしてオンオフの戦闘力を高めるなら、やっぱり台襟は絶対に外せません。

そもそもリネンは誰もが着る定番ではなく、そこらへんのお店ではなかなか理想の仕立てに出会えないので、ドンピシャな一着を求めるなら「オーダーしかない」という結論にも激しく共感します。

ちなみに、私も妻の前で「エクリュ」というワードを口にする時、間違いなくドヤ顔になっている自覚があります（笑）。"
ncb8e6312818d4,n9ec414b34ea5,32a3d5ec7b1b7751c0635f2e47ea2b11,あん｜noteと遊ぶ,aging_gracefully,https://assets.st-note.com/production/uploads/images/238258843/profile_52f43522d9e7e75a12acd9d6da59035c.png?fit=bounds&format=jpeg&quality=85&width=330,2026-05-31T19:06:28.894+09:00,"エコパアリーナ行ったことあります！
そしてうちも今晩は焼きそばです😊
これから夫さんが作ってくれます
同じですね〜"
nc055c093615ed,n9ec414b34ea5,23e78cfab6f2de9a5a72e4b8281e05ba,志乃,gay_okapi3125,https://assets.st-note.com/production/uploads/images/280419698/profile_4d378e2ebf7b97673bef65bffe71c9d3.png?fit=bounds&format=jpeg&quality=85&width=330,2026-05-31T22:05:12.719+09:00,"よしひろさん、こんばんは😌

マガジン追加
ありがとうございます😊

まさかのtimelesz からの配信で嵐
わたしも、配信で嵐を観てました😊

家族揃ってライブいいですね✨
わたしも美容男子と一緒に⛄️のFCに入ってますw"
nc433daa5928da,n9ec414b34ea5,1b14ec5242b0f89c04e2ee53ca366e02,にゃんちー,alive_guppy3873,https://assets.st-note.com/production/uploads/images/247243911/profile_1556505783b49edbf889d17fa0f50227.png?fit=bounds&format=jpeg&quality=85&width=330,2026-05-31T20:09:02.860+09:00,"よしひろさん、こちらでもこんばんは🌙

奥様、嵐のライブ行ってるか配信見てるかなあ、なんて思ってましたが🤣
まさかのtimeleszまで行ってたとは🤣
しかもグッズで🤣流石ファンですね😂

キッチンカー、確かにほしいですね🤣
絶対売れる🤣
"
nc9fa17dfd69ab,n9ec414b34ea5,26f4c191f5550e8a952352f17f8d5081,はるき,kanabo_0826,https://assets.st-note.com/production/uploads/images/272843475/profile_db5f96ff83c8845eeb6fcdb64c8126ea.png?fit=bounds&format=jpeg&quality=85&width=330,2026-05-31T19:57:48.774+09:00,"よしひろさん、こんばんは🌙
確かにキッチンカーがあると嬉しいですし、運営的にももったいないような気がしますね。
嵐のライブ配信楽しんでください☺️"
nca5f8b72fc027,nc0309d265392,907edc26ecc556b380bd733caf94e5cc,JAU |  臨床検査技師×医療副業,jau_jau1001,https://assets.st-note.com/production/uploads/images/238898866/profile_b47389bc5953cb4d37cf45a1d4d208c2.png?fit=bounds&format=jpeg&quality=85&width=330,2026-05-31T20:07:20.131+09:00,良いな〜！こんなシャツが似合うよしひろさんが羨ましい🥹✨
nccf6c1f000397,n4b4207725b1c,1b14ec5242b0f89c04e2ee53ca366e02,にゃんちー,alive_guppy3873,https://assets.st-note.com/production/uploads/images/247243911/profile_1556505783b49edbf889d17fa0f50227.png?fit=bounds&format=jpeg&quality=85&width=330,2026-05-31T19:52:23.646+09:00,"よしひろさん、こんばんは🌙

3部作は出る前から楽しみにしていたので、読めて本当に良かったです🥹✨

またまたお勉強になりました🥹✨🙏
ありがとうございました🥹✨🙏"
nc8856f2de799f,n9ec414b34ea5,6387daced3412f56911efd0f8787e44a,椿みきこ🌸季節の花ごよみ,hirata_mikiko60,https://assets.st-note.com/production/uploads/images/276282393/profile_1b76107f2c250cd2fcb0068f908ba934.png?fit=bounds&format=jpeg&quality=85&width=330,2026-05-31T22:42:15.956+09:00,"よしひろさんらしい、素敵な休日ですね～✨
雑記アカウント、参考になります😊"
ncf077cd42f029,n4eb456f477c9,1ce970a5ba93a78a0a404ec0dd459972,0077,kazuko0077,https://assets.st-note.com/production/uploads/images/279938362/profile_8822fde58d795b2138b86a8850bbb143.png?fit=bounds&format=jpeg&quality=85&width=330,2026-05-31T22:46:16.449+09:00,"マガジンでのご紹介
ありがとうございます✨
又、記事もとても参考になりました🍀ありがとうございます✨"
nc93aa8f64fbb3,n4eb456f477c9,3e75f4bb22e3e8ef5f47c76fce84ed47,鈴森よいほ｜AIコンテンツ／思想型クリエイター,yoiho25june,https://assets.st-note.com/production/uploads/images/280275395/profile_f95fbbb696e41e0aeca5babec263fd44.jpeg?fit=bounds&format=jpeg&quality=85&width=330,2026-01-25T23:12:27.002+09:00,"こんばんは
いつも応援して下さり、ありがとうございます💫


よしひろさんの、記事の書き方を公開して下さりありがとうございます☺️

皆さん色んなスタイルがありますね👀✨

私はアイキャッチ(サムネ)や本文無しは見たことあります。

「タイトル無し」はまだ見たことないかも！🤣"
nc2699512945e3,n4eb456f477c9,9d5ac7b4035254be4c7041d0d10027d0,ミルフィーユ博士,human_squid3270,https://assets.st-note.com/production/uploads/images/248914876/profile_affcd1646b5754ce182636a651325274.jpeg?fit=bounds&format=jpeg&quality=85&width=330,2026-01-23T01:29:38.007+09:00,"こんばんは⭐️
遅くにすいません…
記事の仲間入りして頂きありがとうございます😊
ミルフィーユ博士を知って頂き
嬉しく思います(〃ω〃)
これからもよろしくお願いします🥺
"
nc2a22641c3d88,n4eb456f477c9,82f90a6adbb0048402605464e9616a45,のぞみん｜ココロの伴走ライター,nozominnote,https://assets.st-note.com/production/uploads/images/241713880/profile_8a57c5b56b96d806314bf279d3435ce1.png?fit=bounds&format=jpeg&quality=85&width=330,2026-01-22T08:15:36.017+09:00,"よしひろさん
わたしの記事をマガジンに入れてくださりありがとうございます😊

わたしは昨年5月よりnote始めました。
ほぼほぼ同時期なのに、有料記事を300部に唖然としました！！
すごすぎです！！

勉強させてください😊
よろしくお願いします。"
nc727c90e8d3f6,n4eb456f477c9,c068f7865d8e0da6555ec8d5b896bf89,くすり。。,crystal_shine,https://assets.st-note.com/production/uploads/images/236251541/profile_ab33998a42f921a3d102004f1dc24467.png?fit=bounds&format=jpeg&quality=85&width=330,2026-01-18T15:05:54.258+09:00,"よしひろさん

こんにちは☀️
３００部おめでとうございます🎉

これからも、素敵な記事書いてくださいね✨
待ってますね〜💖"
nc2a2a810debf8,n4eb456f477c9,6c7f7e8aa938f4a4c4b190840dc9c0a6,るこのみらい,ruco3,https://assets.st-note.com/production/uploads/images/239032332/profile_819b5756c137702ccc9827a0eb88b347.png?fit=bounds&format=jpeg&quality=85&width=330,2026-01-10T23:00:59.390+09:00,"よしひろさん💕こんばんは

300部達成おめでとうございます🎉🎉
すごいですね✨
私も300部目指すぞ！！！

まずは、100部を目指します😊
あれ？90回購入されましたってあるんですね？
それを目指します！！！

記事の書き方、
私とよく似ています💕"
nc1bbff57b7562,n4eb456f477c9,35032a872ef338f6bbc0a85288de5944,あまね〘ฅ՞•ﻌ•՞ฅฅ^•ﻌ•^ฅ〙,almabrillante,https://assets.st-note.com/production/uploads/images/270451364/profile_78017c668dbe9b00fb7cca620f05f8aa.png?fit=bounds&format=jpeg&quality=85&width=330,2026-01-08T22:20:14.040+09:00,"よしひろさん、300部達成おめでとうございます🎊👏

凄いです！🤩✨

スクショは、あまねもしょっちゅう逃します😑笑
あ、〇回購入されました系のものは、あまねはそもそも、まだ出てくるほど売れてないから出てないのかも笑

そうだ、丁寧なメッセージ、ありがとうございました🙂‍↕️
お返事ができないので、ここで失礼します🙏😅"
nc5e1eb350f751,n4eb456f477c9,f19d138b5f57bc35ca0f56f51ab37ac5,りーまむ,ri_mam,https://assets.st-note.com/production/uploads/images/186523962/profile_939af6d936ad6ca5456ee55e7d9d6404.jpeg?fit=bounds&format=jpeg&quality=85&width=330,2026-01-08T21:24:32.774+09:00,"わぁ、よしひろさん、
おめでとうございます〜〜〜✨✨🎉

300部ってすごい✨✨
かっこいいわぁ😎

記事の書き方も公開してくれるとは、太っ腹です🎵

これからも読むの楽しみにしてます😊"
nc2c91d3d00979,n4eb456f477c9,73ee01c7e2de034c5a175d026421c266,スイカの子,merry_sorrel8816,https://assets.st-note.com/production/uploads/images/272404499/profile_b5d69325e2e8556d64f8749a85afd599.jpeg?fit=bounds&format=jpeg&quality=85&width=330,2026-01-08T20:26:07.139+09:00,"よしひろさん、こんばんはー！

やっぱりすごいですね😆✨
おめでとうございます♡

喫茶店シリーズもまた楽しみにしています🫶"
ncd904d61bb93a,n4eb456f477c9,15b07889aa53dbf10c9cb1b67625f4b4,rika🌷,meina_rikamizuki,https://assets.st-note.com/production/uploads/images/238910767/profile_373a9816961e0c2decd5f9e33be51347.png?fit=bounds&format=jpeg&quality=85&width=330,2026-01-08T20:12:33.705+09:00,"よしひろさん、こんばんは🌙✨️
300記事おめでとうございます🎉

凄いな〜っていつも思ってるし、楽しく読ませてもらってます☺️

何か私のことじゃないのに、とっても嬉しいよ〜😍✨️

私もスクショ撮れないときあります💦
前は全然出てこない時もありました……
さとりさんの記事でも、出てこないって言ってた気がします🥹

なんでなんだろう？💦

見逃したやつが後から出てくることも最近はよくありました！！笑"
ncf267ad81d2b1,n4eb456f477c9,c1a9bb683f0a8db9504909e925ef1b86,小芝 凛  ╱Rin  Koshiba,rin_koshiba,https://assets.st-note.com/production/uploads/images/238873241/profile_c7652ed087bc514a276653727f8845c7.png?fit=bounds&format=jpeg&quality=85&width=330,2026-01-08T19:57:46.268+09:00,"よしひろさん

300記事販売おめでとうございます💕🎊🎉

自分事の様に嬉しいです😌💓

スクッショ撮れない事ありますよね😱😰
私も何度かあります・・・

なるほどね🤔
記事の書き方とか参考になります
私は、タイトルを思い付いたら、つらつらと書きとめてます😊

ありがとうございます🥰
いつもマガジンに追加して下さり
感謝しています🙏🥺💕"
nc5d9e7ff14dcc,n9ec414b34ea5,cb93804505107614e3a73d05f3e6f49f,miyuri,miyuriii_2nd,https://assets.st-note.com/production/uploads/images/230589518/profile_5800c9cb6569b37700033b060c29e255.png?fit=bounds&format=jpeg&quality=85&width=330,2026-06-01T09:33:23.742+09:00,"よしひろさん、おはようございます！
マガジンに掲載いただき、ありがとうございます✨

看板もラーメンもオシャレ✨

ジェノベーゼラーメンが気になりました🍜
梅しそも美味しそう😘

いつもありがとうございます✨"
nc67304abac20b,n9ec414b34ea5,bede9bd0a510b6a3b89dcb460dd51ef5,ルルトアヤコ,lovely_coyote546,https://assets.st-note.com/production/uploads/images/279549033/profile_3d53a17ce59c090b43145099e9a86669.png?fit=bounds&format=jpeg&quality=85&width=330,2026-06-01T09:09:49.568+09:00,"よしひろさん🩵

バッチリ、引き寄せてますやん😆

私も嵐のライブ💖と思いきや…👏🏼お若い❣️

いつも記事をマガジンにさりげなく追加して下さりありがとうございます🙏🩵🩵"
nc8cba6767ac25,nfead605fba9c,32a3d5ec7b1b7751c0635f2e47ea2b11,あん｜noteと遊ぶ,aging_gracefully,https://assets.st-note.com/production/uploads/images/238258843/profile_52f43522d9e7e75a12acd9d6da59035c.png?fit=bounds&format=jpeg&quality=85&width=330,2026-06-01T14:45:00.342+09:00,"よっしーさん
すっごい長い記事！！
めぐりさんとこ行ってきましたが、全員のみなさん、なかなか行けそうにありません

そしてそして！！
「その悩みがわかるで賞」
ありがとうございます！！！
なんと嬉しい💞

ジャンルよっしーさん
ジャンルあん
目指したいですね〜

添乗員したりスナックのママになったり、
編集長になったり、役割作っちゃうのですよね〜
まだまだこれから！！

知っている人も、そうでない人もたっくさんいらして、
楽しいですね〜
この記事は保存版にしてじっくり堪能します

お礼が遅くなりました！"
ncf99d9978302e,n9ec414b34ea5,3230acd73a454345c25d7cc7da2fd8b8,AYU,ayu760,https://assets.st-note.com/production/uploads/images/124260230/profile_7da754e5114659f81ebeca7786de3b0d.jpeg?fit=bounds&format=jpeg&quality=85&width=330,2026-06-01T14:56:23.108+09:00,"よしひろさん✨こんにちは😊

確かに､ライブ会場のような場所にも､キッチンカーが来てくれたら､ありがたいですよね！！😊👍✨

また､今日も私の記事を､よしひろさんのマガジンに追加してくださって、大変嬉しく思っています！！😊💖💕
本当にありがとうございます！！😊💕✨"
nc3c45c222e75e,n9ec414b34ea5,66bbb253e7d8b2ba486f4415f36ee785,Noa,noachan0617,https://assets.st-note.com/production/uploads/images/269973521/profile_77ebb6ddc767747de9bb5bfef312b21b.png?fit=bounds&format=jpeg&quality=85&width=330,2026-06-01T13:38:33.038+09:00,"マガジン追加いただきありがとうございます😊🩷
「We are ARASHI」の熱気を感じながらのnote執筆、お疲れ様です🍀
私も嵐ファンなので、配信に向けて準備してました！寂しくも、本当にいいライブでしたね🥲💕
timeleszのグッズを買いにエコパアリーナまで…本当に神旦那すぎます✨
なんだかこちらまで温かい気持ちになりました！"
nc7e81243b99f0,nabce5cd731cb,94518051b69fff25a91c76f6db742243,星ママ | AI×主婦,hoshimama3,https://assets.st-note.com/production/uploads/images/229421450/profile_1ba394f2d73f9d211c88afe12979b14a.jpeg?fit=bounds&format=jpeg&quality=85&width=330,2026-06-01T16:59:32.573+09:00,"よしひろさん〜
こんにちは。
有料記事は立派じゃなくていい、という考え方、
ずっと迷っていた気持ちが少し軽くなりました。
自分の言葉で届ける、という部分を大事にして、
私も一歩踏み出してみようと思います。✍️"
ncb6063261c8c8,neaf9dd6c9259,9735e1bac7ba0bc5d0af33cf56157b08,enyo*えんよう🗝️,keyoflife_enyo,https://assets.st-note.com/production/uploads/images/240644209/profile_1ac1d8614044bc9c45db88b11d02d8f6.png?fit=bounds&format=jpeg&quality=85&width=330,2026-06-01T22:45:28.751+09:00,"よしひろさん、
いつもマガジンに加えていただきありがとうございます✨

同じ人の色々なテーマやタイプの記事を読ませてもらえると、端々にその人らしさを感じたりして、こと私は親しみが湧きます^_^
私も、内容は色々でも、楽しく書きたいです♪"
nc76dd25bdb4d4,neaf9dd6c9259,32a3d5ec7b1b7751c0635f2e47ea2b11,あん｜noteと遊ぶ,aging_gracefully,https://assets.st-note.com/production/uploads/images/238258843/profile_52f43522d9e7e75a12acd9d6da59035c.png?fit=bounds&format=jpeg&quality=85&width=330,2026-06-01T22:40:10.420+09:00,"よっしーさん
立場決めた方が記事としては書きやすい、と思っていましたけど、なかなかどうして思うようにはいきませんね〜

流れるように流れのままにnoteで過ごすようにしています

有料記事を出すと「仕事だ！」しっかりしなくちゃ！！って
今回の試みは長かったなぁ〜と🤭
終わったら本音も書きます！"
nca3d2aba5a1e1,neaf9dd6c9259,73d8d3cf4d6fc7cdd525ea1fe1817b39,よしちゃん｜元看護師ママ×日々の判断,mama_yururi,https://assets.st-note.com/production/uploads/images/262553993/profile_d3abd98068951d1eb35c9d9d2babb890.png?fit=bounds&format=jpeg&quality=85&width=330,2026-06-01T22:15:05.274+09:00,"よしひろさん、こんばんは🌙

先日は私の記事をマガジンへ追加していただき、ありがとうございました🙏✨
とても嬉しかったです😌

よしひろさんの飾らない言葉と、スッと入ってくる表現で心地よく読めました🙌

私もこれまでテーマを絞りたいと思い、悩めば悩むほど書けない時がありました。

今ではスローペースですが、書きたいと思った時にその時の気分で記事を書いています🌱
それでも読んでくれる人、コメントしてくれる人がいて、毎回ありがたいです✨

心が軽くなりました!!
ありがとうございます😊"
nce10e375357a0,neaf9dd6c9259,1b14ec5242b0f89c04e2ee53ca366e02,にゃんちー,alive_guppy3873,https://assets.st-note.com/production/uploads/images/247243911/profile_1556505783b49edbf889d17fa0f50227.png?fit=bounds&format=jpeg&quality=85&width=330,2026-06-01T19:57:52.036+09:00,"よしひろさん、こんばんは🌙

私はとっ散らかってます🤣🤣🤣
noteを書くには、テーマやサムネを決めて、あなたがどんな人かっていうのをわかってもらうのが大事って書かれている記事を結構読んだのですが、私は間反対な事してる😨って思ってました🤣

ただ、自分にはそれは向いてないし、自分が好んで読む方も、色々書いてる方が多いので、これは好みなんじゃないかなって思っております🫡
テーマが普段の生活や子育て、って決まってる方の場合はそこに色々な事が含まれているので、楽しんで読んでますが🤣
"
nc87d120adcfe5,neaf9dd6c9259,d29c2432624c1087ec7f89cc2f079dbe,美咲サヤ,crisp_gecko6337,https://assets.st-note.com/production/uploads/images/267718350/profile_d73fda1af8e66cc2c55152264f38ff50.png?fit=bounds&format=jpeg&quality=85&width=330,2026-06-01T19:54:48.978+09:00,"よしひろさん、
こんばんは！
最近は暑いですね、でも明日から台風の影響がありそうです、、

さて今回もまた私の記事をマガジンに追加していただきありがとうございました！
励みと勇気をもらえます😂"
nc19a3dfabc59d,neaf9dd6c9259,0283b96a011b3d44c7b4ae6a1ed30ae9,営業fafa | note業界No.1営業マン,kohana1112,https://assets.st-note.com/production/uploads/images/231018078/profile_b3bbbe00a8972338d5f563a39e002d1b.png?fit=bounds&format=jpeg&quality=85&width=330,2026-06-01T19:46:56.312+09:00,"よしひろさん！

私も専門家として始めたつもりが今やだいぶ散らかってます笑

5年、10年続けるつもりで、今は色々試して、そこから芯を見つけられれば良いかな。

って切り替えてます🤭✨"
nc5211f0a2349a,n9ec414b34ea5,031a96c67c576e3bfc12a86d2606bd97,ココミチ＠ゆきの,hot_mink9599,https://assets.st-note.com/production/uploads/images/212559417/profile_9dbf6c222d0c87810aeff185afbd7f95.jpg?fit=bounds&format=jpeg&quality=85&width=330,2026-06-01T19:17:57.102+09:00,"よしひろさん、こんばんは

ライブ配信を楽しまれる奥様を気遣って
「炒める音とか、焼きそば麺を揚げる音出したら
怒られそうだもん」と
夕食の仕上げをそっと待っているお姿に、ふふっと
和んでしまいました
送迎組として散策しながら
「キッチンカーがあったら」とつぶやく場面も
なんだかそのままの光景が見えるようでした
ラーメンもとても美味しそうですね

そして「色が薄く見える夜に」などを
あたたかなマガジンに迎えてくださり
ありがとうございます

ゆきの"
ncb42374ef9a21,nc0309d265392,32a3d5ec7b1b7751c0635f2e47ea2b11,あん｜noteと遊ぶ,aging_gracefully,https://assets.st-note.com/production/uploads/images/238258843/profile_52f43522d9e7e75a12acd9d6da59035c.png?fit=bounds&format=jpeg&quality=85&width=330,2026-06-01T22:32:05.603+09:00,"ジャケット着るためには襟が欲しい
けれどうちは暑がりで、買っても着ない
リネンのクタッと自然な感じも難しく、アイロン希望されます
このあたりは、クーラーがバンバンにききすぎでいるレストランかスーパーの生鮮前くらいでしか着てくれそうにありません😭
"
nc68673e26dee9,n4b4207725b1c,bede9bd0a510b6a3b89dcb460dd51ef5,ルルトアヤコ,lovely_coyote546,https://assets.st-note.com/production/uploads/images/279549033/profile_3d53a17ce59c090b43145099e9a86669.png?fit=bounds&format=jpeg&quality=85&width=330,2026-06-01T23:53:18.955+09:00,"ヒントになる、なる…

ありがとうございます🙏

何回も読んでみます。"
nc800ed7c9d135,neaf9dd6c9259,1dd5cc6f11dc1d5e7c33c9ac01922824,keimama,keiko5066,https://assets.st-note.com/production/uploads/images/223953919/profile_de82aa306e133caf82b4ae253ad0173c.png?fit=bounds&format=jpeg&quality=85&width=330,2026-06-02T07:34:53.239+09:00,"よしひろさん、お早うございます☔😊

私もよく「何の人なんだろう？」って考えます🤣
保育のことを書いたり、子育てのことを書いたり、noteのことを書いたり…
気づけばあちこちに話が飛んでいます🤭
でも、よしひろさんの言うように、人って本来そんなに単純じゃないですよね😊
私はよしひろさんのことを、
「楽しそうに挑戦して、その過程も含めて発信してくれる人」
という印象で読ませていただいています✨
オシャレなお店みたいなnoteも素敵ですが、つい立ち寄りたくなる雑貨屋さんみたいなnoteも魅力的ですよね🥰
何者かになろうと頑張りすぎなくても、その人らしさが伝わる場所がnoteなんだなぁと改めて感じました🍀
共感たっぷりな記事をありがとうございました😊✨"
nc15e773a43b41,neaf9dd6c9259,ae6a84495a8f6a94bcb6f4f742c6228d,さくら,light_quail6120,https://assets.st-note.com/production/uploads/images/273845760/profile_698bc1f385120ced3359dbabb5d8597e.png?fit=bounds&format=jpeg&quality=85&width=330,2026-06-02T08:20:43.444+09:00,"よしひろさん
マガジン追加して頂きありがとうございます☺️
note始めたばかりなのでこれから少しずつ学んで行こうと思います！
これからもよろしくお願いします😊"
nca626d28d9ddf,nabce5cd731cb,426e0aa8fcf4bcd9b35f174adc9c2e47,✴︎ななし,kokoniiteiinnda,https://assets.st-note.com/production/uploads/images/281695186/profile_fbb4989112eb7ff6289a05bf3c41d300.jpeg?fit=bounds&format=jpeg&quality=85&width=330,2026-06-02T09:56:18.694+09:00,"すごい文章力だなぁ、、読んでいると、もやが晴れていくような、そんな感覚がありました。
有料記事を出すときの想いは、本当に人それぞれだなぁと感じます。　　

「読んでくれる人との距離が
少しだけ近づくこと😉」
本当に、おっしゃるとおりだなぁ。


ありがとうございます ◌ ͙❁˚"
nc499bbf2b864f,n1a3c02edc33e,cb93804505107614e3a73d05f3e6f49f,miyuri,miyuriii_2nd,https://assets.st-note.com/production/uploads/images/230589518/profile_5800c9cb6569b37700033b060c29e255.png?fit=bounds&format=jpeg&quality=85&width=330,2026-06-02T08:32:22.107+09:00,"よしひろさん、おはようございます！
マガジンに掲載いただき、ありがとうございます✨

ビールにもたくさんの種類があるんですね👀
私はゴールデン・エールというのが気になりました。

よく見るとアルコール度数が高めのようですが🍺

こういうところだと、ついついつまみ飲みしてしまいそうですね😆

いつもありがとうございます✨"
nc5db1a80572b9,nfead605fba9c,dc157540cc91b85018fc2caf1ebe6e1d,空風マナミ　,sorakaze_works,https://assets.st-note.com/production/uploads/images/247072511/profile_f8c3cb6911c80de4c8b865ead1a349c6.png?fit=bounds&format=jpeg&quality=85&width=330,2026-06-02T11:03:34.861+09:00,"よしひろさん、
マガジン追加、ありがとうございます♪
こちらの中の投稿も周りながら、読みました。コンプリートして読むと1日が終わりそうなので、また読みにこさせてください☺️"
ncdcd64f284513,neaf9dd6c9259,f2a55d2f97f079ab0df510a2c19397fa,ぷっぷる,rich_moose3756,https://assets.st-note.com/production/uploads/images/247930453/profile_056c49f5bf7f07cdcc784fbf2ff720c7.png?fit=bounds&format=jpeg&quality=85&width=330,2026-06-02T16:36:27.947+09:00,"よしひろ さま

こんにちは

私はよしひろさんのシャツへの
こだわりとか、奥様との日常、
企画への愛とかバラバラじゃないと思ってます✨

私など、もはや駄菓子屋レベルに
散らかっております☺️
そんな私の記事をマガジンに掲載
して頂き、いつも感謝🍀してます
ありがとうございます✨

何屋にもなれない自分に、
勇気を頂き、明日からも
書いて参ります(笑)🙇

ありがとうございました✨

お礼まで☺️
失礼しました🍀😊"
nce34ceea64084,neaf9dd6c9259,6387daced3412f56911efd0f8787e44a,椿みきこ🌸季節の花ごよみ,hirata_mikiko60,https://assets.st-note.com/production/uploads/images/276282393/profile_1b76107f2c250cd2fcb0068f908ba934.png?fit=bounds&format=jpeg&quality=85&width=330,2026-06-02T13:17:30.148+09:00,"よしひろさん、マガジン追加で交流というのも、面白そうですね！
いつもスキとマガジン追加ありがとうございます！

あの～一回追加すると、そのあと追加しなかったら、失礼に当たるとか、そういうルールはあるのでしょうか？
これ、もしかすると質問箱用ですね！"
nc70252ea2d873,neaf9dd6c9259,6166f2ce467dac6926a68770acf4f91f,ミライ先生,vega528,https://assets.st-note.com/production/uploads/images/271283441/profile_3ef39b1a16083a0da40fb337be34dbb7.jpeg?fit=bounds&format=jpeg&quality=85&width=330,2026-06-02T12:56:41.536+09:00,"よしひろさん
マガジン追加、ありがとうございます♪
とても嬉しいですし、励みになります。
今後ともよろしくお願いします😊"
nc4ce1c995fa0b,neaf9dd6c9259,bede9bd0a510b6a3b89dcb460dd51ef5,ルルトアヤコ,lovely_coyote546,https://assets.st-note.com/production/uploads/images/279549033/profile_3d53a17ce59c090b43145099e9a86669.png?fit=bounds&format=jpeg&quality=85&width=330,2026-06-02T11:49:55.847+09:00,"よしひろさん🙂‍↕️

いつもマガジンに追加して下さりありがとうございます💕💕


めっちゃ励みになってますよー👍🍀🍀☔️☔️🩵🩵🩵"
ncd44992134d3c,n9ec414b34ea5,d29c2432624c1087ec7f89cc2f079dbe,美咲サヤ,crisp_gecko6337,https://assets.st-note.com/production/uploads/images/267718350/profile_d73fda1af8e66cc2c55152264f38ff50.png?fit=bounds&format=jpeg&quality=85&width=330,2026-06-02T13:03:57.912+09:00,"よしひろさん、こんにちは！

この度もマガジンに追加していただきありがとうございます！
毎回パワーをいただけます！

嵐のネット配信、私も娘と盛り上がりました！😂"
ncb784fc0cb21d,n8fe53895441a,1ce970a5ba93a78a0a404ec0dd459972,0077,kazuko0077,https://assets.st-note.com/production/uploads/images/279938362/profile_8822fde58d795b2138b86a8850bbb143.png?fit=bounds&format=jpeg&quality=85&width=330,2026-06-02T13:56:35.520+09:00,"ありがとうございます✨
自分がたのしむこと✨
素敵ですね🍀
忘れずにいたいです🍀"
nc7b2fe67b2d3a,neaf9dd6c9259,bc18c45daaece1b8d5576deddda5ac86,結帆の『こっそり神様手帖』歩くパワースポット修行中,kossori_yuiho,https://assets.st-note.com/production/uploads/images/272254266/profile_de8c5895c1383cefa404230a4417062a.png?fit=bounds&format=jpeg&quality=85&width=330,2026-06-02T18:07:32.123+09:00,"よしひろさん

テーマを絞ろうと思いましたけど、書きたいことはいろいろあって。
だんだん広がっちゃってAIに指摘も受けましたが(笑)

何かの専門家というより、
楽しそうに試している人。

今私はまさに、そこを目指しているんですよね✨

よしひろさんの記事がいつも心地いいなって思っていたのは。
私が目指していたスタイルだったからなのかも💡"
nce43d0da8d228,n33da077d6fb5,df1e433c714b7e82d61f6cdbef83bb27,瑠花,luca_therapy,https://assets.st-note.com/production/uploads/images/198979905/profile_c94df5df6f3f9343801af95012e1a3f7.png?fit=bounds&format=jpeg&quality=85&width=330,2026-06-02T20:04:00.094+09:00,"よしひろさん、こんばんは☺️
コングラボード、おめでとうございます🎉㊗️

何事も、楽しむことは、やっぱり1番☝️ですね！

今回の有料記事の3段活用、おもしろかったです。自分で区別となると、難しいです😅

これからも楽しみにしております🍀🌈


"
nc4d6206d89a17,n33da077d6fb5,d29c2432624c1087ec7f89cc2f079dbe,美咲サヤ,crisp_gecko6337,https://assets.st-note.com/production/uploads/images/267718350/profile_d73fda1af8e66cc2c55152264f38ff50.png?fit=bounds&format=jpeg&quality=85&width=330,2026-06-02T19:19:09.389+09:00,"よしひろさん、
こんばんは！
先ずは、
たくさんのコングラボード、おめでとう御座います🎊

凄い凄い✨✨素晴らしいです😂

それと、また私の初期の頃の記事をマガジンに追加していただき、ありがとうございます！
よくぞ、発掘してくださいました😂💦
ちょっと、お恥ずかしいですが、嬉しかったです😆
感謝申し上げます🙇‍♀️
"
ncc8a160278481,n33da077d6fb5,bede9bd0a510b6a3b89dcb460dd51ef5,ルルトアヤコ,lovely_coyote546,https://assets.st-note.com/production/uploads/images/279549033/profile_3d53a17ce59c090b43145099e9a86669.png?fit=bounds&format=jpeg&quality=85&width=330,2026-06-02T23:02:09.137+09:00,"やっぱ、凄いなぁ👍💖💖

楽しんでおられるのが、伝わってきます。

コングラもタグ無しでってのが、あるのですねー

おめでとうございます㊗️🥂🍾

記事購入500部以上なんて、驚異的やわ〜素晴らしい👍

あやかりたい💕💕✨✨"
ncb288bcc8d676,n33da077d6fb5,031a96c67c576e3bfc12a86d2606bd97,ココミチ＠ゆきの,hot_mink9599,https://assets.st-note.com/production/uploads/images/212559417/profile_9dbf6c222d0c87810aeff185afbd7f95.jpg?fit=bounds&format=jpeg&quality=85&width=330,2026-06-02T22:14:10.020+09:00,"よしひろさん、こんばんは

メンバーシップ開設に
コングラボード3連荘……
5月はにぎやかな月でしたね
おめでとうございます

「noteを1年やってても
まだまだ初の試みばかりだなぁ」
この一文が、ふっと残りました

積み重ねながらもまだ先を向いている
という空気が記事全体に漂っていて
読んでいて、どこかほっとしていました

そして「何かをするたびに自分を評価してしまう人へ」を
マガジンに迎えてくださり、ありがとうございます
ゆきの"
nc3eecec234fff,n9ec414b34ea5,1dd5cc6f11dc1d5e7c33c9ac01922824,keimama,keiko5066,https://assets.st-note.com/production/uploads/images/223953919/profile_de82aa306e133caf82b4ae253ad0173c.png?fit=bounds&format=jpeg&quality=85&width=330,2026-06-03T06:06:06.420+09:00,"よしひろさん、お早うございます☔😊

私も以前エコパに行ったことがあるので、懐かしくなりました😊✨
そして奥さまのために片道2時間の送迎、本当に優しいですね🤭💕
キッチンカーがあったら嬉しいな〜にも共感です🤣
嵐の配信、私も観ていました🥹✨
寂しさもありましたが、とても素敵なライブでしたね🍀"
ncba8e71e4d058,neaf9dd6c9259,1958f561bbf6129cb9f2040494224ce1,mangorind2,vivid_mangorind2,https://assets.st-note.com/production/uploads/images/221570775/profile_fc9ca2ed5cc5495344196df17b41d2b3.jpg?fit=bounds&format=jpeg&quality=85&width=330,2026-06-03T11:40:18.109+09:00,"よしひろさん

マガジンに追加していただき、ありがとうございました。

今回の記事は、私の仕事観の原点になった上司について書いたものです。
思い入れのある内容だったので、マガジンでご紹介いただけてとても嬉しく思っています。

おかげさまで多くの方に読んでいただき、私自身も「何を伝えたいのか」を見つめ直す機会になりました。

これからも記事を楽しみにしています。ありがとうございました。
"
nc918b7114f30b,n33da077d6fb5,e41664b928e4e7fc6eaa4ead87f88625,さーや,easy_quince7365,https://assets.st-note.com/poc-image/manual/preset_user_image/production/i04f97ff72d86.jpg,2026-06-03T11:08:55.474+09:00,"こんにちは、初めまして😊
マガジン掲載ありがとうございます✨
う、嬉しい😆です！
私もnote楽しむぞぉ🎵"
ncb02c93fb34cc,n33da077d6fb5,cb93804505107614e3a73d05f3e6f49f,miyuri,miyuriii_2nd,https://assets.st-note.com/production/uploads/images/230589518/profile_5800c9cb6569b37700033b060c29e255.png?fit=bounds&format=jpeg&quality=85&width=330,2026-06-03T10:13:44.070+09:00,"よしひろさん、おはようございます！
マガジンに掲載いただき、ありがとうございます✨

そしてコングラボードの獲得、おめでとうございます🎉🎉🎉

noteも1年！
こちらもおめでとうございます😊

なんだかんだ1年ってすごいです！

これからも楽しく続けてくださいね😊

いつもありがとうございます✨"
nc264ccc4d3363,n33da077d6fb5,b8557676b9b9f55fdf2e83f6be32687e,そるっち,joyous_salvia264,https://assets.st-note.com/production/uploads/images/218889598/profile_f238954a960970b60bf87645f39e0483.png?fit=bounds&format=jpeg&quality=85&width=330,2026-06-03T09:32:37.780+09:00,"よしひろさん、おはようございます😀

コングラボードの３連ジャン、すごいです👍
しかも、タグなしでの達成とは…本当に実力ですね✨

メンバーシップ開設後も順調のようですね。
有料記事も…盛況で「スゴい‼️」の一言です。

足元にも及びませんが、
私も少しずつ近づけるように頑張りたいと思います💕
"
nc3e5cea61f9a6,neaf9dd6c9259,39a8447172b870676bb7b8ce5cebd141,持たざる者の再起録,ya1huwahuwa,https://assets.st-note.com/production/uploads/images/256022750/profile_9bbd6c1baaf11ecb978687248758b24e.png?fit=bounds&format=jpeg&quality=85&width=330,2026-06-03T17:49:11.426+09:00,"よしひろさん、マガジンに追加いただきありがとうございます！🙏

「あなたの気持ちが嬉しいのです!!」というタイトル、読んだだけでこっちまで嬉しくなりました😊

こうして気持ちを広げてくださること、本当にありがたいです✨"
nc7e2e2a1f58f4,neaf9dd6c9259,3d1b2741041797b3bf08cc4b383127ab,みかん｜3歳5歳ワンオペ専業主婦,nantokasitai_yo,https://assets.st-note.com/production/uploads/images/275081292/profile_0af33ec916a98ab048e3e0e77c37e6a6.png?fit=bounds&format=jpeg&quality=85&width=330,2026-06-03T12:40:51.526+09:00,"よしひろさん、はじめまして。みかんです🍊
マガジンに追加していただきありがとうございます！

「何者かになろうとし過ぎるよりも、
まずはちゃんと自分のままで書いていきたい」
この言葉、本当にその通りだなと思いました！
自分自身の言葉が一番相手に伝わるなってつくづく感じます。
これからの記事も楽しみにしております🎵"
nc65c7bf25b84f,n33da077d6fb5,d29c2432624c1087ec7f89cc2f079dbe,美咲サヤ,crisp_gecko6337,https://assets.st-note.com/production/uploads/images/267718350/profile_d73fda1af8e66cc2c55152264f38ff50.png?fit=bounds&format=jpeg&quality=85&width=330,2026-06-03T14:00:22.172+09:00,"よしひろさん、
こんにちは！

台風🌀風はとてもあるけど、大変な事にはならず、安堵しています。

さて、この度も、
私の記事をマガジン追加していただき、昨日に続きありがとうございました！😆

"
nc73e27e86f7d6,n33da077d6fb5,4fcff0dd196c58985b48a8f8a9724554,Grace Light ─ 星に導かれて,gracelight,https://assets.st-note.com/production/uploads/images/207757596/profile_ac58b5c0e389afdf3e43314b719edc42.png?fit=bounds&format=jpeg&quality=85&width=330,2026-06-03T13:49:05.461+09:00,"よしひろさん、
いつもマガジンへの追加してしていただき
ありがとうございます。
とても嬉しいですし、励みになります。

note1年でたくさんの実績を残していて、
スゴイですね✨
これからもよろしくお願いします😊"
nc7612912615d3,neaf9dd6c9259,4dc0167ecb3a59ff0a2d9f8f092094a6,余滴のわさび,onedrop_wasabi2,https://assets.st-note.com/production/uploads/images/274209527/profile_dc28165aba358688d239e4ec9225b0ad.png?fit=bounds&format=jpeg&quality=85&width=330,2026-06-03T21:18:36.626+09:00,"はじめまして。 記事をご紹介いただき、ありがとうございます！
開設したばかりなので、とても励みになります。 これから少しずつ物語を投稿していく予定ですので、どうぞよろしくお願いいたします。"
ncde06eea8a3cc,n5048d60d71e4,c875248882b79d3d54900d64cf3f1d29,kotori,fancy_owl7264,https://assets.st-note.com/poc-image/manual/preset_user_image/production/i04f97ff72d86.jpg,2026-06-03T21:33:39.267+09:00,"よしひろさん、こんばんは。
またまた私の記事をマガジンに掲載下さりありがとうございます。
とっても嬉しいです。

過去の記事…分かります。私も時々読ませていただきその方の人となりを感じたりしてます😊とは言え、自分の初期の記事を読まれるのは恥ずかしいですね。
"
nc52f5e84719da,n5048d60d71e4,47516e46043a63100a906243cb142abc,太めのスローロリス,sane_zinnia9945,https://assets.st-note.com/production/uploads/images/270199774/profile_fea512eb92442ee5df26b74b3bb4e1f6.png?fit=bounds&format=jpeg&quality=85&width=330,2026-06-03T21:31:49.775+09:00,"こんにちは、いつもマガジンへの追加及びスキありがとうございます。
感謝です。私はまだ初めてやっと1ヶ月ですが、１年後、２年後に、よしひろさんに読み直してもらえたら嬉しいなーと思いながら記事を拝読しました。☺️"
nc99ecdfa1a7ea,n5048d60d71e4,9caa4be10fb5657f0d13ec5d66f85782,SANACO（さなこ）｜心と体を整える看護師・セルフケアコーチ,jolly_plover443,https://assets.st-note.com/production/uploads/images/281601924/profile_a8674e009e1cee5d2b3875a122333203.png?fit=bounds&format=jpeg&quality=85&width=330,2026-06-03T20:54:26.535+09:00,"よしひろさん、マガジン掲載ありがとうございます。
なんと、マニアックなNOTEの楽しみ方ですね。
最近は私も過去記事をリライトしたりして記事書いてます。
こんなこと書いてたんだってちょっと恥ずかしくなりますね。"
nc816aeea39ec5,n5048d60d71e4,e8a8d7772c1aae2b688fec203c1903dd,MaRu（まる）｜ 4時起き朝活ワーママ,jolly_gerbil573,https://assets.st-note.com/production/uploads/images/263795679/profile_286a7a9d12b529deb20a75cfae67120b.jpeg?fit=bounds&format=jpeg&quality=85&width=330,2026-06-03T20:53:54.238+09:00,"よしひろさん、こんばんは★
昔の記事を読みに行く楽しさ、わかる気がします◎

私の初期の記事も時々マガジンに入れてくださっていて、少し恥ずかしいです*。

でも、時間ごとの言葉の変化まで残るのがnoteの面白さですね♪"
nc60438f82f3e2,n5048d60d71e4,dcaf51c5cb5c2c9724b67fec1c728544,みずか｜ほころんでは、ほどく。子どもとの日々から,mizuka__,https://assets.st-note.com/production/uploads/images/252096893/profile_487b0797252acba719f63d29347aa42a.jpeg?fit=bounds&format=jpeg&quality=85&width=330,2026-06-03T20:22:26.540+09:00,"よしひろさん、こんばんは😊
いつも、マガジンへのお招き、ありがとうございます😌🌈

過去の記事、読んでいただいてて嬉しいなぁと思っていたところでした✊🏻
おかげさまで、僕自身もあらためてかつての記事を読み返すきっかけにもなり、とてもありがたいです🤗

いろんな方の過去記事、楽しいですよね🎵"
ncb1e533171846,n5048d60d71e4,53c0f0b342eccd9789ea98526e218616,暮らしの整え相談室　ぽんまぁ,ponmaaa,https://assets.st-note.com/production/uploads/images/222294136/profile_4a6854bc4f0dd7b277b78f04de10d3be.jpeg?fit=bounds&format=jpeg&quality=85&width=330,2026-06-03T20:13:15.580+09:00,"よしひろさん、マガジン追加ありがとうございます✨
確かに自分でも、もう一度振り返ると、違った気づきがあります。
でも恥ずかしさもあります💦"
ncf4433bd3b0a5,n5048d60d71e4,015037404761902ab6353eab77a5ddfe,ゆかいな山,yukaiyama,https://assets.st-note.com/production/uploads/images/187377393/profile_9f501afa0524739a6c4fab2d21d3de93.png?fit=bounds&format=jpeg&quality=85&width=330,2026-06-03T19:45:24.069+09:00,"だからか❗❗
少し恥ずかしい気持ちでいました💦笑

でも、嬉しいです😁ありがとうございます✨"
nc934fa573a181,n5048d60d71e4,47ac127ec0bbe6902b9f372fd944ebf8,和田雄三｜AI×心理ブランディングデザイナー,glad_dill2129,https://assets.st-note.com/production/uploads/images/265848866/profile_b0e386a458b5c21f7f00921837c9ffad.png?fit=bounds&format=jpeg&quality=85&width=330,2026-06-03T19:09:40.763+09:00,"よしひろさん、こんにちは😊

昔の記事まで読まれてるんですね🤣

マガジン追加していただいてありがとうございます✨

過去の記事読まれると、ちょっと恥ずかしい気もしますね😆"
nc6763c9d27d42,n5048d60d71e4,23e78cfab6f2de9a5a72e4b8281e05ba,志乃,gay_okapi3125,https://assets.st-note.com/production/uploads/images/280419698/profile_4d378e2ebf7b97673bef65bffe71c9d3.png?fit=bounds&format=jpeg&quality=85&width=330,2026-06-03T18:59:57.696+09:00,"その感覚、分かります🤔
相互さまの過去の記事を
固定以外のとか
自己紹介以外とかで
読みに行ってみると
初期のテイストが
新鮮だったりするんですよね

なんだろう、小説家さんの代表作やヒット作以前に発刊された短編小説や作品を買い漁って読む、みたいな感じに近いですかね🤭"
nc9bd2eff20ae4,n5048d60d71e4,0283b96a011b3d44c7b4ae6a1ed30ae9,営業fafa | note業界No.1営業マン,kohana1112,https://assets.st-note.com/production/uploads/images/231018078/profile_b3bbbe00a8972338d5f563a39e002d1b.png?fit=bounds&format=jpeg&quality=85&width=330,2026-06-03T18:58:03.594+09:00,"よしひろさん！

過去記事読まれると嬉しい反面恥ずかしい気持ちも出てきます笑

私の場合たった半年くらいしかnoteをまだやってないのに、学生時代の写真を見られるような恥ずかしさがあるのは、なぜでしょう🤣笑"
ncd7d893330b75,n5048d60d71e4,704663f48a1e06dc09c61069a4dd39c8,紅茶🫖｜ことばの庭,usagi_no_mimi_,https://assets.st-note.com/production/uploads/images/274861081/profile_59c361cea83d4f4d1c3e6a403c43a90b.png?fit=bounds&format=jpeg&quality=85&width=330,2026-06-03T18:46:23.036+09:00,"よしひろさん

ぎゃぁ😆通りで過去の記事が…！（笑）
マガジン追加のお話を読んで、
納得しました♬
マガジンへの追加、
ありがとうございます🍀✨🐦"
ncdc4c53a5b339,n5048d60d71e4,cec4c608f21d7aa722cfc12802c896bf,MOON｜違和感の記録,dandy_sedum8677,https://assets.st-note.com/production/uploads/images/271470614/profile_112e71abeaceddb2ab033b49d5f56568.png?fit=bounds&format=jpeg&quality=85&width=330,2026-06-03T18:38:51.556+09:00,"よしひろさん

くすぐったいですけど、
昔の記事まで興味を持って読んでもらえるのは嬉しいです😊

マガジン登録いただき、
いつもありがとうございます。

そして、
その人と2回目のはじめましてみたいな感覚、
私もわりと好きだったりします。笑🌙"
nc9585bc54059c,n5048d60d71e4,9735e1bac7ba0bc5d0af33cf56157b08,enyo*えんよう🗝️,keyoflife_enyo,https://assets.st-note.com/production/uploads/images/240644209/profile_1ac1d8614044bc9c45db88b11d02d8f6.png?fit=bounds&format=jpeg&quality=85&width=330,2026-06-03T18:34:00.153+09:00,"私もクリエイターさんの最初の記事とか大好き💕

そしてまさに今日、よしひろさんの過去のマガジン登録で、自分の過去記事を再確認できましたー！ありがとうございます♪"
nc0c9718c48d44,n5048d60d71e4,32a3d5ec7b1b7751c0635f2e47ea2b11,あん｜noteと遊ぶ,aging_gracefully,https://assets.st-note.com/production/uploads/images/238258843/profile_52f43522d9e7e75a12acd9d6da59035c.png?fit=bounds&format=jpeg&quality=85&width=330,2026-06-03T18:15:45.811+09:00,"わかるぅ〜
私も過去記事読むの好きです
最近は読みに行っていないけど、知り合ったらまず過去記事から
ハマったら延々読んだりして💞

だから私の過去記事だったのですね〜
いつもありがとうございます😊"
nc89a59d70f4d8,neaf9dd6c9259,32f550dffe989e6d35ff91b609a17829,めぐり,meguri_note,https://d2l930y2yx77uc.cloudfront.net/assets/default/default_profile_3-39088fff430aa9ec11d6e2a385dbcad45c8b79bde6c0c9ded10cd7abb960174f.png,2026-06-03T23:26:28.810+09:00,"よしひろさん

3週連続「もっともスキ」の受賞おめでとうございます🎊
凄すぎです！！

いつもありがとうございます。
私も最近はいろいろ話題が広がってきてますね〜。
自分のままで書いていきたいという言葉に共感です。
その時の自分が感じることを綴っていきたいと思います♪"
nc0315517c8be0,n5048d60d71e4,981fabd5de074708dbb6aaf65ff99f04,musicat/おとねこ,real_phlox8176,https://assets.st-note.com/production/uploads/images/237713470/profile_2774fda1b9199e603d2c82ed8a8bc97d.png?fit=bounds&format=jpeg&quality=85&width=330,2026-06-03T23:33:58.093+09:00,"こんばんは🌝🐈️
なるほど、納得です😁
ありがとうございます🌿
確かに過去作品から成長や癖が良く分かるかもしれませんね。それもnoteの良さかもね😆"
ncd40511116112,n5048d60d71e4,5792beedf51dea6547b4b3d298482ab4,丁寧な暮らし/生きやすさ探求家,gentle_gecko1078,https://assets.st-note.com/production/uploads/images/272850856/profile_5078d7016e37422cee3be424742ee433.png?fit=bounds&format=jpeg&quality=85&width=330,2026-06-03T23:20:43.573+09:00,いつもありがとうございます♡
ncc37a0485b6ea,n5048d60d71e4,32f550dffe989e6d35ff91b609a17829,めぐり,meguri_note,https://d2l930y2yx77uc.cloudfront.net/assets/default/default_profile_3-39088fff430aa9ec11d6e2a385dbcad45c8b79bde6c0c9ded10cd7abb960174f.png,2026-06-03T23:19:25.864+09:00,"よしひろさん
こんばんは😊

だからなんですね。
私の以前の記事もマガジンに追加くださってありがとうございます。
でもなんか恥ずかしいです。
うれしはずかしな気分です。
いつもありがとうございます♪
感謝です。

"
nca23a209952aa,nc0309d265392,b6142bb7bba7964ab3acbde1fe1575d6,いくちょのやさしい毎日,honsuki_note,https://d2l930y2yx77uc.cloudfront.net/assets/default/default_profile_5-043439195e40e86fd7641a3a1daf982637d77ec6f14b67d3fc98ab92374404ac.png,2026-06-03T23:48:16.203+09:00,"師匠✨😊いつもマガジン追加してくださり、ありがとうございます✨
シャツ、とても素敵です😊
出来る男子はやはりリネンですね✨
奥さま孝行も素晴らしいです💓"
nc3b556c63cd82,n5048d60d71e4,1dd5cc6f11dc1d5e7c33c9ac01922824,keimama,keiko5066,https://assets.st-note.com/production/uploads/images/223953919/profile_de82aa306e133caf82b4ae253ad0173c.png?fit=bounds&format=jpeg&quality=85&width=330,2026-06-04T06:35:45.529+09:00,"よしひろさん、お早うございます😊

私もスキをくれた方の記事を読みに行くうちに、「この方の最初の記事ってどんなだったんだろう？」と過去記事をのぞきに行くことがあります🤭"
ncf23d2bbdc9a1,n5048d60d71e4,7fefc63f6dcaf5c2f9038cdaeb5b4a54,ルー＝シャーナ（ルーシャーナ）｜感覚をことばにする往復便,jolly_lupine2962,https://assets.st-note.com/production/uploads/images/274383500/profile_313c9346266235fe64a2d3470c267e9a.png?fit=bounds&format=jpeg&quality=85&width=330,2026-06-04T06:09:43.450+09:00,"よしひろさん✨
おはようございます🌞
なるほど〜😊と読ませてもらいました。
記事を好きになると、その方の過去記事も追いかけたくなることありますね🤭✨
どんな変化があったのかなぁと見てみたくなります🌿
義務っぽくなるとしんどいですものね。 「気分や勘」という緩さに共感でした☺️✨"
nc8680dbfe54f5,n5048d60d71e4,5fc41c7aec4f5cbe6e8062ab23bbf7bc,yayachico,open_magpie7814,https://assets.st-note.com/production/uploads/images/254370493/profile_0901b98e3dd534db8729a75af2c6b096.jpeg?fit=bounds&format=jpeg&quality=85&width=330,2026-06-04T11:27:50.759+09:00,"初期の記事がマガジンに登録されて
びっくりしていたところだったんです🤣

卒アル見られた気分です🙈
（ちょっと恥ずかしいですね🤭）
"
nc7984d69ca391,n5048d60d71e4,cb93804505107614e3a73d05f3e6f49f,miyuri,miyuriii_2nd,https://assets.st-note.com/production/uploads/images/230589518/profile_5800c9cb6569b37700033b060c29e255.png?fit=bounds&format=jpeg&quality=85&width=330,2026-06-04T09:57:37.277+09:00,"よしひろさん、おはようございます！
マガジンに掲載いただき、ありがとうございます✨

スキとかマガジン登録が「気分と勘」！
なるほど〜🧐

私も大体気分ですかね😆

特にコメントするのは、気分が多いような気がします😊

あとどうしても、なんか書きたくなった時とか。
結局気分ですね😆

いつもありがとうございます✨"
nca83216410ee9,n5048d60d71e4,bede9bd0a510b6a3b89dcb460dd51ef5,ルルトアヤコ,lovely_coyote546,https://assets.st-note.com/production/uploads/images/279549033/profile_3d53a17ce59c090b43145099e9a86669.png?fit=bounds&format=jpeg&quality=85&width=330,2026-06-04T09:29:50.600+09:00,"それそれ！！

私の1年前のお恥ずかしい記事🫣、マガジンに追加されていて💦💦アレ？なんで？って思っていました٩( ᐛ )و

よしひろさんに聞いてみよう！！と思っていて、、忘れてました🤣🤣

リライトしたい記事とかも、いっぱいあるあるし、私も自分自身の過去記事読み直しますわぁ🥰🥰

いつもマガジンに招き入れて下さりほんまにありがとうございます💕💕"
nc7c97ba87e235,neaf9dd6c9259,8436fb3cac5c8de9eee49a0b5f34b6cd,Asahi2026,cheeky_phlox2084,https://assets.st-note.com/production/uploads/images/254994516/profile_e4bd829ad26a90b6782072a6f30ece93.jpeg?fit=bounds&format=jpeg&quality=85&width=330,2026-06-04T12:01:11.214+09:00,"はじめまして。

よしひろさんの記事を読むと、「私はこのままでいいんだ」って思えるんです。
思うままに書いて投稿していいんだって、フッと肩の力が抜けます。
そんな気持ちで投稿した「満月」をマガジン登録していただけて、うれしいです。
そして、ありがとうございます。"
nc3843984f397d,n5048d60d71e4,24ae8442856f6e3b72ae8eee40690c51,Mie,genial_cat129,https://assets.st-note.com/production/uploads/images/259954001/profile_5d311f6904fdf72781a68dbd8a987133.png?fit=bounds&format=jpeg&quality=85&width=330,2026-06-04T15:19:07.761+09:00,"よしひろさん
こんにちは♪

首がもげそうになる程、
うん、うん、そうだねって
なりました。
たまに初期の頃の自分の記事って
黒歴史だなと感じて消そうか
どうしようか悩んでる自分がいます。
ありがとうございます😊"
nc45146b31a0af,n5048d60d71e4,e6b92d3e538047c1d6552b3a2c64a64b,青依叶子（YokoAoi）,rainbowrose8888,https://assets.st-note.com/production/uploads/images/273388425/profile_5a0d2b33eb40ff9ead5a54dc3a06b1bc.png?fit=bounds&format=jpeg&quality=85&width=330,2026-06-04T14:50:01.347+09:00,"よしひろさん

こんにちは✨
マガジンに掲載していただき、ありがとうございます🙏🏻

確かに、私も興味を持った方の記事を遡って読んだりしてました。
"
nca5579516f44b,n5048d60d71e4,d909aaf0fa7612128ddd59ab14a10a09,碧乃さくら,unique_turkey951,https://assets.st-note.com/production/uploads/images/277608119/profile_345fecc43d3dfb2f06a490050b59de4a.png?fit=bounds&format=jpeg&quality=85&width=330,2026-06-04T13:06:55.341+09:00,"よしひろ様✨
スキやマガジンの登録をいつもありがとうございます😭❤️
おかげさまで、たくさんの方々に記事を読んでいただけて、note初心者として寂しい思いをすることなく、暖かい輪の中に入っていけたこと、心から感謝しております🥹✨
「気分と勘」でピックアップしていただいていると知り、さらに嬉しさ倍増です😂"
nc21b8bb95cd58,neaf9dd6c9259,e6d7fdb3a0b7d46d8cf076ecd7ae5dc2,まり　〜ちいさなてのひら〜,rainbow_hoiku,https://assets.st-note.com/production/uploads/images/221557096/profile_c180a9f8c7a8b17473a2aa3cb5a07cd2.jpeg?fit=bounds&format=jpeg&quality=85&width=330,2026-06-04T18:36:41.210+09:00,"よしひろさん　
素敵なマガジンの仲間に入れていただきありがとうございます！私もこちらの記事を楽しませていただきますね✨"
ncf720ec736281,n870f2983cde2,c1a9bb683f0a8db9504909e925ef1b86,小芝 凛  ╱Rin  Koshiba,rin_koshiba,https://assets.st-note.com/production/uploads/images/238873241/profile_c7652ed087bc514a276653727f8845c7.png?fit=bounds&format=jpeg&quality=85&width=330,2026-06-04T19:59:18.940+09:00,"よしひろさん✨

最低賃金改定・パートさん面談
人それぞれ事情があるので、
毎年働き方がガラガラ変わっていきます
あるあるですね😉
感覚Bって朝までお仕事？😲
そんな日もあるのですね。
私自身も面談する側なのですが・・・
いろんな方がいますね。
よしひろさんは、きっと上手く
立ち回っておられると思います❣️


"
ncaa43a803c631,n870f2983cde2,d29c2432624c1087ec7f89cc2f079dbe,美咲サヤ,crisp_gecko6337,https://assets.st-note.com/production/uploads/images/267718350/profile_d73fda1af8e66cc2c55152264f38ff50.png?fit=bounds&format=jpeg&quality=85&width=330,2026-06-04T19:55:41.735+09:00,"よしひろさん、こんばんは！
お疲れ様です！

この度もマガジンに追加していただきありがとうございました！
恐縮です🙇‍♀️"
nc7029325e6791,n870f2983cde2,a22107a59de6e3303ee2b624b3e0858a,Imbue（インビュー）/文筆家/発達凸凹育児,imbue_kaleid,https://assets.st-note.com/production/uploads/images/276889368/profile_6f886c9c37b132a55a5bbee907c89797.png?fit=bounds&format=jpeg&quality=85&width=330,2026-06-04T19:54:42.819+09:00,"よしひろさん、こんばんは🌺

肩の力がスッと抜ける記事を
ありがとうございます💞

なんだか、読んでたら
また眠くなってきました🤣"
ncc088283c47b8,n870f2983cde2,39a8447172b870676bb7b8ce5cebd141,持たざる者の再起録,ya1huwahuwa,https://assets.st-note.com/production/uploads/images/256022750/profile_9bbd6c1baaf11ecb978687248758b24e.png?fit=bounds&format=jpeg&quality=85&width=330,2026-06-04T19:22:11.311+09:00,"よしひろさん、

またマガジンに追加いただきありがとうございます！🙏

何度もこうして気にかけていただけること、じんわり嬉しいです😊✨"
nc55bae05aa840,n870f2983cde2,bede9bd0a510b6a3b89dcb460dd51ef5,ルルトアヤコ,lovely_coyote546,https://assets.st-note.com/production/uploads/images/279549033/profile_3d53a17ce59c090b43145099e9a86669.png?fit=bounds&format=jpeg&quality=85&width=330,2026-06-04T18:58:57.195+09:00,"暗い時間ですか〜相当な働き方ですわ〜💦

ﾍｪｴ─Σ(ﾉﾟдﾟ;;;)(ﾉﾟдﾟ;;;)(ﾉﾟдﾟ;;;)─ｪｴｪ"
nc6d5cf314eb9f,n5048d60d71e4,b39624e9464ededa053a7cbf0de179ce,あな,ana_mama_english,https://assets.st-note.com/production/uploads/images/219621833/profile_8ef662d95d545fc74251b7700219beae.png?fit=bounds&format=jpeg&quality=85&width=330,2026-06-04T17:47:47.492+09:00,"よしひろさん、こんにちは✨

マガジンへの追加とスキを、
ありがとうございます😊

私も他の方の最新の記事だけでなく、過去の記事を読みにいくことがあります☺️

自分の最初の頃の記事は、
なんだか恥ずかしいのですが🫣
今でもたまに読んでいただけることがあり、過去記事にコメントやスキをもらえたときも、やっぱりとても嬉しく感じます☺️🌸

いつもありがとうございます☺️"
nc754da681563b,n5048d60d71e4,90a75d873008dee74e7f2603f6975661,脳×心理の“ビジネスハック”,brainxpsychhack,https://assets.st-note.com/production/uploads/images/273334498/profile_4746f9bf8afc906980375192061cadab.jpg?fit=bounds&format=jpeg&quality=85&width=330,2026-06-04T17:41:58.503+09:00,"ジロウ：
「うわっ……ちょっとドキッとしました……！
もし昔の僕の記事を読まれたら、『なんか今より迷子です……』ってバレそうです」

ハナ：
「でも分かります。
今の記事が好きになると、“この人って最初はどんな感じだったんだろう？”って見に行きたくなりますよね」

セイジ：
「昔の記事を読むと、その人の成長だけじゃなくて、“ずっと変わらない部分”も見えて面白いんだよね」

ナリタ博士：
「文章はその時の思考や環境の記録じゃからのう。
過去の記事を読むのは、その人の歴史を辿るような楽しさがあるわい」

ジロウ：
「よしひろさんに昔の記事を読まれても大丈夫なように、僕もコツコツ成長しておきます……！」
"
nce266dd034cfe,n870f2983cde2,6387daced3412f56911efd0f8787e44a,椿みきこ🌸季節の花ごよみ,hirata_mikiko60,https://assets.st-note.com/production/uploads/images/276282393/profile_1b76107f2c250cd2fcb0068f908ba934.png?fit=bounds&format=jpeg&quality=85&width=330,2026-06-04T21:47:49.500+09:00,"よしひろさん、夜明け前に帰るという意味ですか？
残業すぎませんか？
働きざかりですね、無理なさらず！"
nc932a4ccb9108,n870f2983cde2,031a96c67c576e3bfc12a86d2606bd97,ココミチ＠ゆきの,hot_mink9599,https://assets.st-note.com/production/uploads/images/212559417/profile_9dbf6c222d0c87810aeff185afbd7f95.jpg?fit=bounds&format=jpeg&quality=85&width=330,2026-06-04T20:45:01.694+09:00,"よしひろさん、こんばんは

「こうして変化していったよ」
って発信できると思えば、ちょっと楽しめるかも」

その一行に、よしひろさんらしさを感じていました

パートさん一人ひとりの事情を丁寧に見ながら
忙しい波もそんなふうに持ち直せるのは
「まだまだ初の試みばかり」と
先を向いておられた記事の空気と
どこか重なる気がします

怒涛のスケジュールを読みながら
「暗い時間に帰れそう」という最後の一言に
ほっとするような、クスッとするような
そんな余韻をいただきました

「大丈夫」が口癖になっている人へなどを
マガジンに迎えてくださり
ありがとうございます

ゆきの"
nc345f95085098,n5048d60d71e4,35032a872ef338f6bbc0a85288de5944,あまね〘ฅ՞•ﻌ•՞ฅฅ^•ﻌ•^ฅ〙,almabrillante,https://assets.st-note.com/production/uploads/images/270451364/profile_78017c668dbe9b00fb7cca620f05f8aa.png?fit=bounds&format=jpeg&quality=85&width=330,2026-06-04T22:53:30.280+09:00,"おや？なぜこんな前の記事を？と不思議に思っていたら…そういうことでしたか🤭

こんなに前の記事をマガジンにお迎えしてくださって、ありがとうございます🙂‍↕️✨

今と全然「勢い」が違うでしょう？🤣"
nc646b2097e0ec,n5048d60d71e4,f70038deb9c5f3f87c2ee7969a2cf523,不屈の屈葬,fukutsunokussou,https://assets.st-note.com/production/uploads/images/228082209/profile_bc2555e2c34c9857d7b2291bb9e9cc80.png?fit=bounds&format=jpeg&quality=85&width=330,2026-06-04T22:05:43.423+09:00,"どうりで盟神探湯の記事が登録されたわけですね。
昔の記事にまで遡って読んでいただけるなんて嬉しい限りです！
本当にいつもありがとうございます！！
どれ読んでも楽しんでもらえるように心がけたいと決意を新たにしました！"
ncb16385478c8e,n33da077d6fb5,704663f48a1e06dc09c61069a4dd39c8,紅茶🫖｜ことばの庭,usagi_no_mimi_,https://assets.st-note.com/production/uploads/images/274861081/profile_59c361cea83d4f4d1c3e6a403c43a90b.png?fit=bounds&format=jpeg&quality=85&width=330,2026-06-04T23:05:47.602+09:00,"よしひろさん😊
こんばんは🌙

コングラボードおめでとうございます🎉✨

嬉しい通知がたくさん届く5月だったんですね🍀
今月も楽しい記事を楽しみにしています♬

マガジンへの追加も、ありがとうございます😊✨"
nc1265ef25765b,n5048d60d71e4,db8543c422f73217531f91e6e364e92d,けい｜人生の翻訳ノート,kei_words,https://assets.st-note.com/production/uploads/images/235410321/profile_2e42fc3df99ee28f48448a024086cc27.png?fit=bounds&format=jpeg&quality=85&width=330,2026-06-05T06:34:41.458+09:00,"よしひろさん

マガジンへの登録とスキありがとうございます😊

昔の記事を読んでくださり、ちょっぴり恥ずかしい😆そしてとてもうれしいです♪"
nca1f9bc0e0661,n870f2983cde2,cb93804505107614e3a73d05f3e6f49f,miyuri,miyuriii_2nd,https://assets.st-note.com/production/uploads/images/230589518/profile_5800c9cb6569b37700033b060c29e255.png?fit=bounds&format=jpeg&quality=85&width=330,2026-06-05T08:58:35.108+09:00,"よしひろさん、おはようございます！
マガジンに掲載いただき、ありがとうございます✨

暗い時間に帰れそうで笑ってしまいました😆
質の良い睡眠を💤

いつもありがとうございます✨"
ncf29d3fc3a551,neaf9dd6c9259,39a8447172b870676bb7b8ce5cebd141,持たざる者の再起録,ya1huwahuwa,https://assets.st-note.com/production/uploads/images/256022750/profile_9bbd6c1baaf11ecb978687248758b24e.png?fit=bounds&format=jpeg&quality=85&width=330,2026-06-05T18:01:48.276+09:00,"よしひろさん、またまたマガジンに追加いただきありがとうございます！😊

何度もこうして選んでいただけること、本当にありがたいです🙏✨

ところで、よしひろさんはAmazonアソシエイトもされているんですね！

私もちょっと気になっているのですが、始めるにあたって何か注意点とかありましたか？😊"
nc17fb5c115de1,neaf9dd6c9259,8a66eb1009e1a3a8cdc2a7679a35732e,ねね｜どん底からもう一度咲くまで。,leal_kalmia5412,https://assets.st-note.com/production/uploads/images/276203926/profile_ae744ee92f66c59b1b3e4153d58dc452.png?fit=bounds&format=jpeg&quality=85&width=330,2026-06-05T16:02:06.407+09:00,"よしひろ様

マガジンに登録ありがとうございます😊
出会えた事に感謝です✨️
記事も読ませて貰いました！同じような気持ちや感覚があり嬉しかったです。
これからもよろしくお願いいたします"
nc44b7be910a9c,neaf9dd6c9259,d29c2432624c1087ec7f89cc2f079dbe,美咲サヤ,crisp_gecko6337,https://assets.st-note.com/production/uploads/images/267718350/profile_d73fda1af8e66cc2c55152264f38ff50.png?fit=bounds&format=jpeg&quality=85&width=330,2026-06-05T15:11:11.428+09:00,"よしひろさん、
わぁ✨✨コングラボードやおめでたいお知らせ、おめでとう御座います🎊🎊

そして連日、マガジン追加、ありがとうございます😂💦
大変恐縮ですが、、
励みになり、嬉しいです☺️💪

"
ncc44aece3afca,neaf9dd6c9259,0ee830c8590e2b12d74c243f30209743,🐰りりぃ｜働く女子の心の声,unique_wren1931,https://assets.st-note.com/production/uploads/images/278691815/profile_fcfdb6eabab8f25ba11d66a2fe9fe412.png?fit=bounds&format=jpeg&quality=85&width=330,2026-06-05T12:04:17.392+09:00,"よしひろさん

マガジンへの追加、ありがとうございます😌

記事も読ませていただきました。

「僕や貴方がどんな人か、なんとなくわかったりする感じ。」

という一文がとても印象に残りました。

記事を書くときは内容ばかりに目が向きがちですが、その人らしさが自然と伝わる文章も素敵だなと思いました。

私もこれから記事を書くときに意識してみたいと思います✨

このたびは本当にありがとうございました🌸"
nc61d7b0103431,n5048d60d71e4,f2a55d2f97f079ab0df510a2c19397fa,ぷっぷる,rich_moose3756,https://assets.st-note.com/production/uploads/images/247930453/profile_056c49f5bf7f07cdcc784fbf2ff720c7.png?fit=bounds&format=jpeg&quality=85&width=330,2026-06-05T14:44:30.211+09:00,"よしひろ さま

こんにちは

コメント欄が喜びの声に
溢れておりますね✨
皆さま、嬉しいと思います♪

私も、三作品もの掲載のご支援
ありがとうございます✨

つい、新しい作品に
集中致しますが、
ほんの数ヶ月前の作品😆

noteに、過去作品を大切扱って
もらえ、よしひろさんのような
クリエイターさまに掲載して頂く
奇跡✨がある(笑)
幸せ🍀なことです🍀

このような機会を頂けましたこと
重ねて御礼申し上げます🙇

長々と お礼まで🍀
失礼しました🍀😊


"
nccdef3ae4ee42,n33da077d6fb5,1855ab43007be46a347e898053d57368,Viola,viola9836,https://assets.st-note.com/production/uploads/images/152908817/profile_5559a313443730e2c26f44c056f1ba4c.jpeg?fit=bounds&format=jpeg&quality=85&width=330,2026-06-05T20:02:26.229+09:00,"よしひろさん
沢山のコングラボード
おめでとうございます🎊✨✨

手をかけられた記事やご配慮がコングラボードに繋がるのですね〜👏👏👏

新記事をお読みいただきありがとうございました。その記事も、先日は初期の頃の記事もマガジンに追加していただき、ありがとうございました。

保湿もせず、日焼け止めも塗らない私は、そのうちシミになるかなぁ、と思いながら過ごしてきてしまいました。紫外線は眼から入るものが一番いけないので、サングラス🕶️はかけねば、と思っております。
"
nc74b7a1560225,n870f2983cde2,66bbb253e7d8b2ba486f4415f36ee785,Noa,noachan0617,https://assets.st-note.com/production/uploads/images/269973521/profile_77ebb6ddc767747de9bb5bfef312b21b.png?fit=bounds&format=jpeg&quality=85&width=330,2026-06-05T22:40:22.963+09:00,"いつも、マガジンに追加いただきありがとうございます😊🩷
6月のフィーバーから夏のタスク、そして10月に向けた面談まで本当にお疲れ様です✨

毎年ガラガラ変わる働き方に合わせるのは本当に大変だと思います。

でも、それを「発信して楽しもう」と思えるよしひろさん、さすがですね💡

まずは今の繁忙期、体調に気をつけて駆け抜けてくださいね📣"
nc3ee66ae2b4d7,neaf9dd6c9259,02859a98d5bba82093a41fbea358a3b6,Chill,chill_2525,https://assets.st-note.com/production/uploads/images/267416818/profile_ec983d1b1c2cdf75a359c193306959d3.png?fit=bounds&format=jpeg&quality=85&width=330,2026-06-06T11:33:30.807+09:00,"よしひろさん、こんにちは♪
『書くテーマが散らかっているのは、
noteが日常として、
ちゃんと馴染んでいる。』

すごく共感します！
私も、Chillアカウントだけは
書きたいことを書ける場所にしています。
なので、かなり散らかっています（笑）
でも、ここだけはこのままで行こうと思っています😊

たくさんのマガジンに記事を追加していただき
ありがとうございました💖"
nc31bc72e64cfc,n5048d60d71e4,02859a98d5bba82093a41fbea358a3b6,Chill,chill_2525,https://assets.st-note.com/production/uploads/images/267416818/profile_ec983d1b1c2cdf75a359c193306959d3.png?fit=bounds&format=jpeg&quality=85&width=330,2026-06-06T17:31:37.852+09:00,"よしひろさん、こんにちは♪

そういうことだったんですね！
昔の記事をスキしていただいたり、
マガジンに追加してくださったり。
嬉し恥ずかしだったんですが、謎が解けました😊

初期の記事😅
いや～すごく恥ずかしいですね🥵

でも、素直にうれしいです。
ありがとうございます💖"
nc35b81d9586aa,ne195bfc171c8,9caa4be10fb5657f0d13ec5d66f85782,SANACO（さなこ）｜心と体を整える看護師・セルフケアコーチ,jolly_plover443,https://assets.st-note.com/production/uploads/images/281601924/profile_a8674e009e1cee5d2b3875a122333203.png?fit=bounds&format=jpeg&quality=85&width=330,2026-06-06T23:39:16.516+09:00,"よしひろさん、マガジン掲載ありがとうございます。
お家でゴロゴロ、至福です。ゴロゴロ、大事です。"
nc9bee4c08533e,ne195bfc171c8,6387daced3412f56911efd0f8787e44a,椿みきこ🌸季節の花ごよみ,hirata_mikiko60,https://assets.st-note.com/production/uploads/images/276282393/profile_1b76107f2c250cd2fcb0068f908ba934.png?fit=bounds&format=jpeg&quality=85&width=330,2026-06-06T22:56:06.565+09:00,よしひろさん、noteでアカウントが大きくなると、いろんな人に出会うので、自分も変わっていきますね☺️
ncb31dd5dfcd49,ne195bfc171c8,b6142bb7bba7964ab3acbde1fe1575d6,いくちょのやさしい毎日,honsuki_note,https://d2l930y2yx77uc.cloudfront.net/assets/default/default_profile_5-043439195e40e86fd7641a3a1daf982637d77ec6f14b67d3fc98ab92374404ac.png,2026-06-06T22:40:46.646+09:00,"よしひろさん😊
いつもマガジン追加をしてくださり
心から感謝します😊
今日はゆっくり、まったりのパワー充電🔋の日ですね😊
私もお昼寝大好きなので、ついつい愛犬とウトウトしています😊"
nc08bc00f61832,ne195bfc171c8,1dd5cc6f11dc1d5e7c33c9ac01922824,keimama,keiko5066,https://assets.st-note.com/production/uploads/images/223953919/profile_de82aa306e133caf82b4ae253ad0173c.png?fit=bounds&format=jpeg&quality=85&width=330,2026-06-07T10:38:25.945+09:00,"よしひろさん、こんにちわ☔

「憧れ」と「安心」がどちらも本音として共存している感じ、とても共感しました。今を大事にしているからこそ、少し違う景色にも惹かれる。そのバランスが自然でいいなと思いました🍀
最後の「ゴロゴロしてました🤣」で一気に日常に戻る感じも好きです。スキです✨"
nc4d1ff2e505b6,ne195bfc171c8,c2bf3fb737356ce4e0b1f47b310ccf53,音琴 ～go_chara～,lucid_hornet2442,https://assets.st-note.com/production/uploads/images/241037615/profile_011d60ebf0e17e1956abc71bc4156c2f.png?fit=bounds&format=jpeg&quality=85&width=330,2026-06-07T09:03:57.533+09:00,"よしひろさん、おはようございます。

「憧れ」と「安心」って、どちらかを選ばなきゃいけないものじゃなくて、
どちらも同時に持っていていいんだなって、そっと肯定してもらえた気がします。

今の場所が好きで安心しているのに、
ふと遠くを見たくなる気持ちって、すごく自然なんですよね。
その揺れをそのまま言葉にしてくれていて、読んでほっとしました。

そして最後の「今日はゴロゴロしてました」で思わず笑ってしまいました。
こういう肩の力が抜ける感じ、すごくいいですね。
憧れって確かにハイカロリーですね。
無理せず、ゆっくりでいいんだなって思えました！"
ncab38f66410a1,ne195bfc171c8,8436fb3cac5c8de9eee49a0b5f34b6cd,Asahi2026,cheeky_phlox2084,https://assets.st-note.com/production/uploads/images/254994516/profile_e4bd829ad26a90b6782072a6f30ece93.jpeg?fit=bounds&format=jpeg&quality=85&width=330,2026-06-07T08:26:15.645+09:00,「安心して帰れる場所があるから」って気づき、なるほどっておもいました！
nc28febfe124e4,neaf9dd6c9259,1958f561bbf6129cb9f2040494224ce1,mangorind2,vivid_mangorind2,https://assets.st-note.com/production/uploads/images/221570775/profile_fc9ca2ed5cc5495344196df17b41d2b3.jpg?fit=bounds&format=jpeg&quality=85&width=330,2026-06-07T18:12:24.903+09:00,"今回もマガジンに追加していただき、ありがとうございます！

いつも記事を見つけてくださることが本当に励みになっています😊

まさか「一級船舶免許を持っているのに船酔いする話」まで拾っていただけるとは思いませんでした（笑）

これからも旅先で学んだことや、やらかしたことを「旅の現場力」として書いていきたいと思います。

今後ともよろしくお願いします✈️🐬
"
nc8820aa51a5ec,neaf9dd6c9259,0e44dcd2aa36c5fa41ef174ffb29ec95,ゐっさ,love_shin_earth,https://assets.st-note.com/production/uploads/images/261983120/profile_5fd75c9482b6ee87097ce33d5770c496.jpg?fit=bounds&format=jpeg&quality=85&width=330,2026-06-07T21:11:07.684+09:00,"よしひろさん　こんばんは😌
ゐっさと申します。

この度は、記事をマガジンでご紹介くださりありがとう御座います🙏🏻💕記事も拝読させて頂きました。
共感できるお話でした。
楽しめる自分でいれば、きっと読んでくださる方にも伝わるのかなと思っています。
まだまだひよっこ🐥ですが、どうぞよろしくお願いいたします🙇💕"
nca0dc3cc266b1,ne195bfc171c8,de77a8d1b50336d9ce5ca7d6ebaed732,白井とまと,w_tomato_note,https://assets.st-note.com/production/uploads/images/276305049/profile_37e554b4e29dd67b7a31c2c1c2fd8611.png?fit=bounds&format=jpeg&quality=85&width=330,2026-06-07T20:40:46.227+09:00,"よしひろさん、はじめまして😊
マガジンに追加してくださり、ありがとうございます✨
嬉しいです！
よしひろさんの投稿、noteを続ける上で大事なことが沢山書かれていたので参考にさせていただきます☺️"
nc1e17a5034c70,ne195bfc171c8,cb93804505107614e3a73d05f3e6f49f,miyuri,miyuriii_2nd,https://assets.st-note.com/production/uploads/images/230589518/profile_5800c9cb6569b37700033b060c29e255.png?fit=bounds&format=jpeg&quality=85&width=330,2026-06-08T09:06:57.997+09:00,"よしひろさん、おはようございます！
マガシンに掲載いただき、ありがとうございます✨

憧れと安心、どちらもバランスが大事ですね！
今の私は安心の方が強いかも😆

いつもありがとうございます✨"
nc11804cb0e7f2,n143dee8f2f91,578a8b12d0740b5273540929062aaa16,あずき☆｜ひとりで抱えないために,modern_violet644,https://assets.st-note.com/production/uploads/images/271732318/profile_4fc56179333666d6a5d1c979a37f2396.png?fit=bounds&format=jpeg&quality=85&width=330,2026-06-08T10:14:26.371+09:00,"最後、クスってしちゃいましたｗ
そうですね、なんとかなりますね・・・❤
よしひろさんのこのユルさがスキです！（褒め言葉です！）"
ncfd05ef23ddc9,ncfe357ee7f33,23e78cfab6f2de9a5a72e4b8281e05ba,志乃,gay_okapi3125,https://assets.st-note.com/production/uploads/images/283549989/profile_3a7ebea614b15d29770b137a35c8bdb0.png?fit=bounds&format=jpeg&quality=85&width=330,2026-06-08T13:03:09.176+09:00,"よしひろさん、こんにちは😃

「自分に向かって書いてみる」

とても共感しています

流石に言葉は選びますが
「読んでもらう」ことに
重心が傾き始めると
なんだか「そういうきっかけでnoteを登録したんじゃないんだよな」になってきたり
「書きたくなったら書く」
くらいのフラットさが
心地よいと日々感じています😌"
ncd171be5d6ae9,ncfe357ee7f33,a22107a59de6e3303ee2b624b3e0858a,Imbue（インビュー）/文筆家/発達凸凹育児,imbue_kaleid,https://assets.st-note.com/production/uploads/images/276889368/profile_6f886c9c37b132a55a5bbee907c89797.png?fit=bounds&format=jpeg&quality=85&width=330,2026-06-08T12:52:43.965+09:00,"ですね✨

長く続けるには、
いいこと言った！系の記事じゃ、
何年も続けるのは難しいですからね😭

なぜよしひろさんの記事に来ると、いつも以上に眠くなるんだろう
🤣💦"
nc2e84e9913ded,ncfe357ee7f33,0283b96a011b3d44c7b4ae6a1ed30ae9,営業fafa | note業界No.1営業マン,kohana1112,https://assets.st-note.com/production/uploads/images/231018078/profile_b3bbbe00a8972338d5f563a39e002d1b.png?fit=bounds&format=jpeg&quality=85&width=330,2026-06-08T12:52:07.655+09:00,"よしひろさん！
こんにちは！

自分に向かって書いてみる。

ですね🥰

最近書かないといけない。
書いた方が良い。

そんな記事が増えてきており、少し息が詰まってきていました。

参考にさせていただきます❣️"
nc1b00f8141ef7,ncfe357ee7f33,6387daced3412f56911efd0f8787e44a,椿みきこ🌸季節の花ごよみ,hirata_mikiko60,https://assets.st-note.com/production/uploads/images/276282393/profile_1b76107f2c250cd2fcb0068f908ba934.png?fit=bounds&format=jpeg&quality=85&width=330,2026-06-08T12:50:01.322+09:00,"よしひろさん、いろいろ余裕が感じられて、楽しそうです💕
数字がついてきていると、心に余裕がもてる気がしてきました😊"
nc177071843941,ncfe357ee7f33,39a8447172b870676bb7b8ce5cebd141,持たざる者の再起録,ya1huwahuwa,https://assets.st-note.com/production/uploads/images/256022750/profile_9bbd6c1baaf11ecb978687248758b24e.png?fit=bounds&format=jpeg&quality=85&width=330,2026-06-08T18:48:18.425+09:00,"マガジンに追加いただきありがとうございます！

「自分に向かって書けばいいや」、これめちゃくちゃわかります。😆

私も最初は「役に立つことを書かなきゃ」って気負いがあったんですが、いつの間にかそれが重荷になってたんですよね。

自分の言葉で、自分に向かって書いたものが、意外と誰かに刺さる。

noteって不思議とそういう場所ですよね✨"
nc7a21b8f78324,ncfe357ee7f33,e0c4aa9a535879283c4ac4ce0b2f56b9,ふじ｜肌管理と美容のリアル,tasty_clover6364,https://assets.st-note.com/production/uploads/images/273332159/profile_964aac0fa36a6ce9899e20c8780e9aa4.jpeg?fit=bounds&format=jpeg&quality=85&width=330,2026-06-08T18:47:01.964+09:00,"よしひろさま✨いつも拝見しています✨
noteを長く続ける秘訣みたいなものがわかってとても勉強になりました☺️
私もそろそろ一ヶ月経ったので、いよいよ初心者ネタみたいなものが通用しなくなる時期にきていますww
自分のペースで、自分なりの記事を書いていけたらいいなぁと思っております✨"
nccab87a14fbb6,neaf9dd6c9259,2d406665091dc8a0c2999ebfd0d8aa51,ふくふく,rapid_abelia74,https://assets.st-note.com/production/uploads/images/199863135/profile_fd5c1143f3022a450752d18a86437b41.png?fit=bounds&format=jpeg&quality=85&width=330,2026-06-08T20:40:09.893+09:00,"よしひろさま

こんばんは🌙
マガジンに登録していただき、ありがとうございます🙂‍↕️

noteは「人」と遊びに来る場所でもある✨という言葉、素敵ですね😊

家にいながら励まされる記事を読めたりして、noteはいいなぁと思います✨"
nc0e2960a8cd3b,neaf9dd6c9259,1958f561bbf6129cb9f2040494224ce1,mangorind2,vivid_mangorind2,https://assets.st-note.com/production/uploads/images/221570775/profile_fc9ca2ed5cc5495344196df17b41d2b3.jpg?fit=bounds&format=jpeg&quality=85&width=330,2026-06-08T20:16:36.286+09:00,"マガジンに追加していただき、ありがとうございます😊

こうしてご縁をいただけたこと、とても嬉しく思います。

この記事が、どなたかのお役に立つきっかけになれば幸いです。
今後ともよろしくお願いいたします。"
nc6dd0ece84244,neaf9dd6c9259,9633eff8320d8b84d043512ec509e595,無口,lucky_ferret8634,https://assets.st-note.com/production/uploads/images/193376357/profile_bd0a6c05116c59eff5ef8c88a9a77fd4.png?fit=bounds&format=jpeg&quality=85&width=330,2026-06-09T00:11:55.127+09:00,"よしひろさん、こんばんは☕️

いつもマガジンに追加していただき、ありがとうございます。

実際にやってみたことを、うまくいったことだけでなく途中のことも含めて書かれているところが、自然で読みやすいなと思っています。

読んだあとに少し気持ちが軽くなる感じもあって、楽しく読ませていただいています。

自分の記事もこうして拾っていただけると、書いていて励みになります。ありがとうございます。"
nc0dd935e5c89a,n5433a93e87dd,39a8447172b870676bb7b8ce5cebd141,持たざる者の再起録,ya1huwahuwa,https://assets.st-note.com/production/uploads/images/256022750/profile_9bbd6c1baaf11ecb978687248758b24e.png?fit=bounds&format=jpeg&quality=85&width=330,2026-06-09T10:44:07.931+09:00,"よしひろさん

またまた追加してくださってありがとうございます😊✨

いつも本当に嬉しいです！　　　

これからもよろしくお願いします🙏"
nc3930d06b2448,neaf9dd6c9259,5e6ae1185bf4dea1aa74729b53e185fb,くまこ｜東大生の母ですが、ふつうのおかんです,kumaco_notes,https://assets.st-note.com/production/uploads/images/283017864/profile_a5a2a126a2106ae3108ed49fb6bf1f93.png?fit=bounds&format=jpeg&quality=85&width=330,2026-06-09T06:57:14.873+09:00,"はじめまして！
マガジンに追加していただき、ありがとうございます☺️

こちらの記事、拝見致しやました。

ひとつのテーマに特化したほうが読まれやすいのかな、
そうしなきゃダメなのかなぁ、と思っちゃってましたが。

自分らしく好きなことを書いていい、とちょっと気持ちが軽くなりました✨

こ縁に感謝いたします。今後ともよろしくお願いいたします🥺"
nc045b3326980e,nfa06b3b7cfb4,f19d138b5f57bc35ca0f56f51ab37ac5,りーまむ,ri_mam,https://assets.st-note.com/production/uploads/images/186523962/profile_939af6d936ad6ca5456ee55e7d9d6404.jpeg?fit=bounds&format=jpeg&quality=85&width=330,2026-06-09T20:11:06.746+09:00,"わたしも最近、同じようなことを感じていました😊

ありがたいことに、最初の嬉しかった気持ち、忘れてきちゃいますよね。

でも、こうして記事にしてもらって、感情の記憶を思い出せそう🍀

ありがとうございます🎵"
nc03da380334ed,nfa06b3b7cfb4,578a8b12d0740b5273540929062aaa16,あずき☆｜ひとりで抱えないために,modern_violet644,https://assets.st-note.com/production/uploads/images/271732318/profile_4fc56179333666d6a5d1c979a37f2396.png?fit=bounds&format=jpeg&quality=85&width=330,2026-06-09T19:34:15.097+09:00,"私は一番最初のスキをいただいたのがよしひろさんでした。
え！？スキされた！？ほんとに！？って、
心臓がばっくばくするほど嬉しかったです！

でも、いつの間にか、アクセスビューとにらめっこして、落ち込んだり、考えたり・・・。

あのときの気持ちを忘れずにいたいです😊"
ncb69b9e445157,nfa06b3b7cfb4,907edc26ecc556b380bd733caf94e5cc,JAU |  臨床検査技師×医療副業,jau_jau1001,https://assets.st-note.com/production/uploads/images/238898866/profile_b47389bc5953cb4d37cf45a1d4d208c2.png?fit=bounds&format=jpeg&quality=85&width=330,2026-06-09T19:30:20.770+09:00,"よしひろさん〜！
本当に共感します！欲張るのも良いですけど、１つビュー、１つのスキ、１人のフォロワー、そこは私も大切にしたいと思っています😍✨

いつもマガジン追加、本当にありがとうございます🥳✨"
nc5b4e75445cc8,nfa06b3b7cfb4,23e78cfab6f2de9a5a72e4b8281e05ba,志乃,gay_okapi3125,https://assets.st-note.com/production/uploads/images/283549989/profile_3a7ebea614b15d29770b137a35c8bdb0.png?fit=bounds&format=jpeg&quality=85&width=330,2026-06-09T19:12:05.782+09:00,"わたしはビューもスキのシステムも知らずに登録して書き始めていたので、マガジンってナニ？を検索したのもつい最近です😂

ですが、楽しかったなーと思えたのは、よしひろさんの企画に乗っかってみたことでした😊

誰かのテーマをお借りしてみるってnoteの中では初めての事でしたので、何を書こうか咄嗟のインスピレーションで記事を書いたことが楽しかったです😂"
nccd621068e848,nfa06b3b7cfb4,685d473fa4f471b5b9f52de0d570a2f0,さとりのさとり,kopailog,https://assets.st-note.com/production/uploads/images/226182676/profile_094199e7fa1bff58de5da5e07a1a43de.png?fit=bounds&format=jpeg&quality=85&width=330,2026-06-09T19:03:27.371+09:00,"あれ？
これってもしかして
私のために書いてくれた記事ですか？

✨"
nc991ff98c264d,ne195bfc171c8,c875248882b79d3d54900d64cf3f1d29,kotori,fancy_owl7264,https://assets.st-note.com/poc-image/manual/preset_user_image/production/i04f97ff72d86.jpg,2026-06-09T18:38:33.301+09:00,"よしひろさん、こんにちは。
マガジンへの掲載度々ありがとうございます。

環境への憧れ、刺激を求めたり、のどかな景色に癒しを求めたり…でも実際は理想と違っていたり。
環境を変える事ってとても勇気がいりますよね☺️"
nc48162a25ffe5,neaf9dd6c9259,0ee830c8590e2b12d74c243f30209743,🐰りりぃ｜働く女子の心の声,unique_wren1931,https://assets.st-note.com/production/uploads/images/278691815/profile_fcfdb6eabab8f25ba11d66a2fe9fe412.png?fit=bounds&format=jpeg&quality=85&width=330,2026-06-09T19:07:52.107+09:00,"よしひろさん、こんにちは😊

今回もマガジンに追加していただき、ありがとうございます✨

いつも本当に励みになっています🌷

よしひろさんの記事やサムネ画像は、見かけるたびにほっこりした気持ちになります😊

優しい雰囲気があって、つい読みに行きたくなるんですよね✨

これからも記事を楽しみにしています🌸"
nc842cf2d846a6,n9ec414b34ea5,2d406665091dc8a0c2999ebfd0d8aa51,ふくふく,rapid_abelia74,https://assets.st-note.com/production/uploads/images/199863135/profile_fd5c1143f3022a450752d18a86437b41.png?fit=bounds&format=jpeg&quality=85&width=330,2026-06-09T17:22:18.314+09:00,"よしひろさん

いつもありがとうございます😊
奥様のライブグッズ購入に付き添われて、素敵ですね✨
チケットは残念だったけど、雰囲気味わえるだけでもテンションあがられたんじゃないかな🥰
嵐の配信もみられて充実されてるな〜と思いました🙂‍↕️✨"
nc78d509e43373,nfe4c7d12b749,32a3d5ec7b1b7751c0635f2e47ea2b11,あん｜noteと遊ぶ,aging_gracefully,https://assets.st-note.com/production/uploads/images/238258843/profile_52f43522d9e7e75a12acd9d6da59035c.png?fit=bounds&format=jpeg&quality=85&width=330,2026-06-09T18:34:53.494+09:00,"ふむふむ
久しぶりにイベント参加記事を読みまして、
こちらの存在に気づいて、今になってしまいました！
頭の中を知れて嬉しいですね〜
ありがとうございます😊"
nc830f1c2ba499,ncfe357ee7f33,1dd5cc6f11dc1d5e7c33c9ac01922824,keimama,keiko5066,https://assets.st-note.com/production/uploads/images/223953919/profile_de82aa306e133caf82b4ae253ad0173c.png?fit=bounds&format=jpeg&quality=85&width=330,2026-06-09T21:06:58.787+09:00,"よしひろさん、こんばんわ🌙

「まずは自分に向かって書いてみる」
この言葉、すごく心に残りました✨
つい「誰かの役に立つことを書かなきゃ」と考えてしまうのですが、自分が感じたことや考えたことを書くからこそ続くんですよね🍀ありがとうございます😊"
nc371c48383987,ne195bfc171c8,321af803336265192cfe9d4b1e5769ec,しょーちゃん！,rich_shrew1085,https://assets.st-note.com/production/uploads/images/140520753/profile_a73d1c21bf45ea15473d8d5dcafc457e.jpg?fit=bounds&format=jpeg&quality=85&width=330,2026-06-09T21:39:49.386+09:00,"こんばんは、よしひろさん。

まさに、私が今、考えていることだと思いました。

憧れと言うか、実家が転勤族だったことや、病気などのいろんな事情から現在は「都会で挑戦」的な人生を送っている私です。その延長線上で、後数日のちに台湾旅行へ行きます。

私の「いなか」、つまり実家と本籍地は岩手県ですが（育ったのは北陸と静岡ですので、またあちこちに大切な人がいます）向こうの知り合い、または育った土地の仲間やお世話になった人にも、各々「安心できる土地」であろう、そこの地元でそれなりに暮らしている人も沢山います。

羨ましい気もします。

数年前に神奈川県に出てくる前は、チャレンジングな人生に憧れている状態でしたが、今は「安心」が欲しい感じです。

けど、「憧れの場所に挑戦」出来たおかげで、見られなかった景色も見られたし、視野も大いに広まりました。その辺のことも、台湾遠征から戻ったら大いに書いていくので、また良かったら見に来てください＾＾

とりあえず、クルマが動かせないので、今後は都会じゃないと私は暮らせなさそうです💦"
ncd6744a0d182e,neaf9dd6c9259,64bceff06149c276b47d0a807c67c2f9,けんさん,deep_eel6377,https://assets.st-note.com/production/uploads/images/246297153/profile_950e377615377f1753762aacc9bf3086.jpeg?fit=bounds&format=jpeg&quality=85&width=330,2026-06-09T21:22:31.149+09:00,"よしひろさん、こんばんは🌕
いつもマガジン追加ありがとうございます😭

感謝感謝でございます♪"
nc3cdd12f13224,ncfe357ee7f33,ca17527cfe63f65cebf3883988786b79,donchan1962,donchan_13,https://assets.st-note.com/production/uploads/images/183217910/profile_a33ecb57f18c7bbea28e041c386d47a2.jpeg?fit=bounds&format=jpeg&quality=85&width=330,2026-06-10T10:47:01.136+09:00,"おはようございます
恐縮です。この場をお借りして、コメント失礼します
記事、マガジンへの追加、感謝申し上げます
今後ともよろしくお願いします"
nc993ddfb338f7,nfa06b3b7cfb4,cb93804505107614e3a73d05f3e6f49f,miyuri,miyuriii_2nd,https://assets.st-note.com/production/uploads/images/230589518/profile_5800c9cb6569b37700033b060c29e255.png?fit=bounds&format=jpeg&quality=85&width=330,2026-06-10T09:09:44.378+09:00,"よしひろさん、おはようございます！
マガジンに掲載いただき、ありがとうございます✨

ちょっと懐かしい気持ちを思い起こさせてくれる内容ですね！

海外翻訳が始まって、意外と読まれていることに嬉しさを感じている
今日この頃です😊

いつもありがとうございます✨"
nc418d73a5c8fa,neaf9dd6c9259,22154b78cc958d372a9fdd30f4e7402a,hana✽子育て＆教員のマインドサポーター,nosmile_nolife,https://assets.st-note.com/production/uploads/images/204461714/profile_6122440d45be798ae1dea643c7f3c995.jpg?fit=bounds&format=jpeg&quality=85&width=330,2026-06-10T10:56:18.130+09:00,よしひろさん、はじめまして。私の記事をマガジンに追加してくださり、ありがとうございます。見出し画像の可愛さにすっかり和みました♪　「noteの立ち位置」考えてみようと思います。
nc9eff9dd597c0,ncfe357ee7f33,767c8845576f1857af87b095ff45c936,棚町文子,moral_lemur2303,https://assets.st-note.com/production/uploads/images/278488701/profile_96bdbaba60fe7040446dbb1485ba4222.jpg?fit=bounds&format=jpeg&quality=85&width=330,2026-06-10T12:48:36.922+09:00,"スキありがとうございます😊

やってみます🙌"
nc5d73d019dfc4,nfa06b3b7cfb4,6387daced3412f56911efd0f8787e44a,椿みきこ🌸季節の花ごよみ,hirata_mikiko60,https://assets.st-note.com/production/uploads/images/276282393/profile_1b76107f2c250cd2fcb0068f908ba934.png?fit=bounds&format=jpeg&quality=85&width=330,2026-06-10T15:08:01.150+09:00,"よしひろさん、ホントですね！
いちばん最初のコメントがいちばん嬉しかった気がします💕

今、よしひろさんの実写版のスキが出ました？"
nce2ba280e1d2e,nfa06b3b7cfb4,1dd5cc6f11dc1d5e7c33c9ac01922824,keimama,keiko5066,https://assets.st-note.com/production/uploads/images/223953919/profile_de82aa306e133caf82b4ae253ad0173c.png?fit=bounds&format=jpeg&quality=85&width=330,2026-06-10T13:16:15.547+09:00,"よしひろさん、こんにちわ😊

とても共感しながら読ませていただきました🥰
最初は1ビュー、1スキが本当に嬉しかったですよね✨
最近、私も思いがけずたくさんの方に記事を読んでいただく機会がありましたが、こうして記事を読んでいると、最初に感じた「誰かが読んでくれた！」という喜びを忘れたくないなと思いました🍀
つい次の目標ばかり見てしまいますが、今ある嬉しさにもちゃんと目を向けたいですね😊素敵なお話ありがとうございます🥰
"
ncd4006bac220c,ne195bfc171c8,0e44dcd2aa36c5fa41ef174ffb29ec95,ゐっさ,love_shin_earth,https://assets.st-note.com/production/uploads/images/261983120/profile_5fd75c9482b6ee87097ce33d5770c496.jpg?fit=bounds&format=jpeg&quality=85&width=330,2026-06-10T13:03:11.608+09:00,"よしひろさん　こんにちは😌
スキやマガジンでご紹介くださりありがとう御座います🙏🏻💕
都会は刺激的で楽しい🎶
そして帰宅するとホッとする。
とってもわかります。
あっ私、安心してるわと思ってる事に気付くといいんだなと思いました。ありがとう御座います🍀"
nc71c11c26d5c9,nfa06b3b7cfb4,031a96c67c576e3bfc12a86d2606bd97,ココミチ＠ゆきの,hot_mink9599,https://assets.st-note.com/production/uploads/images/212559417/profile_9dbf6c222d0c87810aeff185afbd7f95.jpg?fit=bounds&format=jpeg&quality=85&width=330,2026-06-10T23:14:34.490+09:00,"よしひろさん、こんばんは

「次を求めているということは
前に欲しかったものを、ちゃんと手に入れられている」
この言葉に、読みながらはっとしました

以前「まだまだ初の試みばかり」と
先を向いておられたよしひろさんの歩みの中に
こうしたあたたかな振り返りの時間があるのだなと
どこかあたたかいものを感じていました

最初に感じた喜びを置き去りにせず
今の景色にも浸りながら進んでいくお姿に
読み終えて、静かな余韻をもらいました

「何から始めればいいかわからない日に」を
マガジンに迎えてくださり、ありがとうございます
こうしてご縁が続いていること、うれしく受け取っています

ゆきの"
ncc5e34c8a6384,nfa06b3b7cfb4,66bbb253e7d8b2ba486f4415f36ee785,Noa,noachan0617,https://assets.st-note.com/production/uploads/images/269973521/profile_77ebb6ddc767747de9bb5bfef312b21b.png?fit=bounds&format=jpeg&quality=85&width=330,2026-06-10T23:03:40.210+09:00,"よしひろさん、いつもマガジンに追加いただきありがとうございます☺️
私は、初めてスキやコメントなどの反応をいただいた時や、記事を購入していただけた時に「本当に読んでくれたんだ！」とすごく感動しました🥺
ついつい数字や次の目標を追いかけてしまいがちですが、初心の嬉しさを大切にする方が絶対にnoteを楽しめますよね✨
大切なことを思い出させてくれる素敵な記事をありがとうございました🍀
また読みにきます📖"
nc8b1f3ddeccc5,ncfe357ee7f33,d29c2432624c1087ec7f89cc2f079dbe,美咲サヤ,crisp_gecko6337,https://assets.st-note.com/production/uploads/images/284273987/profile_77365bf2beb82191d3111c807f4bd758.png?fit=bounds&format=jpeg&quality=85&width=330,2026-06-11T10:51:49.299+09:00,"よしひろさん、おはようございます！
お忙しい中、お体大丈夫ですか？

さてこの度もマガジンに私の記事を追加していただき、ありがとうございます😂
"
nc7edf08a9f0d9,n623710616831,5aa68ef6ed2f66e3d968ce7b333e392c,あかねこ日和＠猫被りの物書き,akariya_akane,https://assets.st-note.com/production/uploads/images/266074572/profile_f2e93604e8de29a760501d2509394023.png?fit=bounds&format=jpeg&quality=85&width=330,2026-06-11T16:38:12.369+09:00,"よしひろさん
スキとマガジン追加ありがとうございます‪‪🫶🏻︎‪

スキなものはスキなのよ～♥の
テンションめっちゃ好きです😆💕"
nc3b51eb14df58,n623710616831,ca17527cfe63f65cebf3883988786b79,donchan1962,donchan_13,https://assets.st-note.com/production/uploads/images/183217910/profile_a33ecb57f18c7bbea28e041c386d47a2.jpeg?fit=bounds&format=jpeg&quality=85&width=330,2026-06-11T16:13:51.366+09:00,"こんにちは
恐縮です。この場をお借りして、コメント失礼します
記事、マガジンへの追加、感謝申し上げます"
ncbad3c6adcce0,n623710616831,767c8845576f1857af87b095ff45c936,棚町文子,moral_lemur2303,https://assets.st-note.com/production/uploads/images/278488701/profile_96bdbaba60fe7040446dbb1485ba4222.jpg?fit=bounds&format=jpeg&quality=85&width=330,2026-06-11T15:48:19.979+09:00,いつもありがとうございます😊
nc0f61055c4092,n623710616831,32a3d5ec7b1b7751c0635f2e47ea2b11,あん｜noteと遊ぶ,aging_gracefully,https://assets.st-note.com/production/uploads/images/238258843/profile_52f43522d9e7e75a12acd9d6da59035c.png?fit=bounds&format=jpeg&quality=85&width=330,2026-06-11T13:10:59.547+09:00,"はーい！
私もよっしーさん好きぃ〜"
ncc0a5362d8af8,neaf9dd6c9259,75e3ef122b2b20b4d1f380d4893ca642,ことはさんのたいせつなくらし　50歳を前に立ち止まって考える,fast_ixora4107,https://assets.st-note.com/production/uploads/images/280623436/profile_7893223de73ace1bae24caed21f4050c.png?fit=bounds&format=jpeg&quality=85&width=330,2026-06-11T15:17:55.580+09:00,"よしひろさん

初めまして。
マガジン追加ありがとうございます。
私のnoteも私が体験したいろんなことを書いているのでジャンルがバラバラです😅
自分の書きたいことをいつも書いてるので、いいのかなと思いながら書いてます。
"
nc172bc1e94475,neaf9dd6c9259,b0dacd7a8b4e2b909416356718f79e59,MYK,myk0238,https://assets.st-note.com/poc-image/manual/preset_user_image/production/ic3fd94079689.jpg,2026-06-11T15:10:06.888+09:00,"こんにちは、はじめて😃
私の拙い記事を追加していただき、ありがとうございます🙇"
ncaf62ec6780f8,ncfe357ee7f33,3230acd73a454345c25d7cc7da2fd8b8,AYU,ayu760,https://assets.st-note.com/production/uploads/images/124260230/profile_7da754e5114659f81ebeca7786de3b0d.jpeg?fit=bounds&format=jpeg&quality=85&width=330,2026-06-11T20:00:30.088+09:00,"よしひろさん✨こんばんは😊

“自分に向かって書けばいい”✨✨…この言葉にすご〜く共感です！！😊👍✨
私も､本当にその通りだなぁ〜と思っています！！😊✌️✨

そして今日は､私の記事を､よしひろさんのマガジンに追加してくださって、本当にありがとうございます！！😊💕💕
大変嬉しく､感謝しています！！😊💖✨"
nce2f1b485ccac,n623710616831,9735e1bac7ba0bc5d0af33cf56157b08,enyo*えんよう🗝️,keyoflife_enyo,https://assets.st-note.com/production/uploads/images/240644209/profile_1ac1d8614044bc9c45db88b11d02d8f6.png?fit=bounds&format=jpeg&quality=85&width=330,2026-06-11T21:00:16.255+09:00,"よしひろさん

タイトルの
〉思っちゃうんだからしょうがない
にグッときました🙌

思ったことをそのまま出すのは難しいこともありますが、
その日思ったことが1番、熱量を持って届きそうな気がします💖

いつもありがとうございます🎀"
nc9af88278a92c,n623710616831,b6142bb7bba7964ab3acbde1fe1575d6,いくちょのやさしい毎日,honsuki_note,https://d2l930y2yx77uc.cloudfront.net/assets/default/default_profile_5-043439195e40e86fd7641a3a1daf982637d77ec6f14b67d3fc98ab92374404ac.png,2026-06-11T20:05:32.780+09:00,"よしひろさん😊
いつもマガジンを追加してくださり
ありがとうございます😊
そうなのです、よしひろさんの空気感がとても素敵で、師匠と呼ばせてもらいたい所以なのです😊
素敵、素晴らしい、最高💓の
スリーSです😊"
ncea7d957fa947,n623710616831,a22107a59de6e3303ee2b624b3e0858a,Imbue（インビュー）/文筆家/発達凸凹育児,imbue_kaleid,https://assets.st-note.com/production/uploads/images/276889368/profile_6f886c9c37b132a55a5bbee907c89797.png?fit=bounds&format=jpeg&quality=85&width=330,2026-06-11T19:44:20.335+09:00,"よしひろさん、こんばんは🌺

わかるな〜✨
最後まで読んでも、
コメントやスキとか
できない時もありますからね😆💦

もう、スキだけで腱鞘炎に
なりそうってことも🤣"
nc8026ce63022e,n623710616831,23e78cfab6f2de9a5a72e4b8281e05ba,志乃,gay_okapi3125,https://assets.st-note.com/production/uploads/images/283549989/profile_3a7ebea614b15d29770b137a35c8bdb0.png?fit=bounds&format=jpeg&quality=85&width=330,2026-06-11T18:20:04.323+09:00,"よしひろさん
こんばんは😊
いつもスキやマガジン追加をして頂き、ありがとうございます✨
先日の「自分のために書く」であったり今回の「衝動」であったり
共感させて頂くことが多くあります😌✨
反応はもちろんありがたいし
嬉しいことなんですが
気軽に書き続けられる場であることを登録した時からの原点にして
ありのままで続けて行けたらいいなと思ってます😊
いつも本当にありがとうございます😊"
nc800862bcdef3,nfa06b3b7cfb4,34987bbf50be44cfbc1419a1df6f8760,ツムジ,tsumuji264,https://assets.st-note.com/production/uploads/images/231588271/profile_d0f51b83720ce83ce2be707571e96762.png?fit=bounds&format=jpeg&quality=85&width=330,2026-06-12T00:36:56.535+09:00,"よしひろさん、こんばんは。

この度はマガジンに追加いただきありがとうございました😭
まさに、うわ、嬉しい！です！！

僕は、noteを始めたての頃、右も左もわからなかった時に、はじめてマガジンに取り上げていただいた時ですかね。
その縁が今も繋がっているので、本当に嬉しく思います😊"
nc1751b25182c8,n623710616831,cb93804505107614e3a73d05f3e6f49f,miyuri,miyuriii_2nd,https://assets.st-note.com/production/uploads/images/230589518/profile_5800c9cb6569b37700033b060c29e255.png?fit=bounds&format=jpeg&quality=85&width=330,2026-06-12T10:07:35.351+09:00,"よしひろさん、おはようございます！
マガジンに掲載いただき、ありがとうございます✨

何となく思っていることがあって、人って、人の飾らない部分を見るのが
意外と好きなんじゃないかなって感じてるんですよね。

もちろんカッコつけてて、それが本当にカッコいい人もいるんですけど、
そういう人って案外少ないんじゃないかなと思います。

私自身はカッコつけるられるタイプじゃないので本当にそのままですね😆

noteを始めたことによって 気付けたことかもしれないです😊

いつもありがとうございます✨"
ncf90d903720e6,nfa06b3b7cfb4,e6b92d3e538047c1d6552b3a2c64a64b,青依叶子（YokoAoi）,rainbowrose8888,https://assets.st-note.com/production/uploads/images/273388425/profile_5a0d2b33eb40ff9ead5a54dc3a06b1bc.png?fit=bounds&format=jpeg&quality=85&width=330,2026-06-12T08:16:42.803+09:00,"よしひろさん
いつもマガジンに追加していただき
ありがとうございます🙏🏻
本当によしひろさんが、仰ることわかります。
いつも最初の気持ちを忘れないように、これからも書いていきたいと思いました。"
ncb7dca0a37a22,ncfe357ee7f33,ca17527cfe63f65cebf3883988786b79,donchan1962,donchan_13,https://assets.st-note.com/production/uploads/images/183217910/profile_a33ecb57f18c7bbea28e041c386d47a2.jpeg?fit=bounds&format=jpeg&quality=85&width=330,2026-06-12T15:28:11.995+09:00,"こんにちは
いつもありがとうございます
記事、マガジンへの追加、感謝申し上げます"
nc42978104b66e,n623710616831,52696bea4573ce2aadd076e75b0baa4a,なな,nana_155,https://assets.st-note.com/production/uploads/images/284489287/profile_47f63f4faa8ebebb2f824d3d1a8de0fe.png?fit=bounds&format=jpeg&quality=85&width=330,2026-06-12T11:55:05.589+09:00,"よしひろさん、こんにちは😊

私の記事を、マガジンに載せてくださり、本当にありがとうございます✨

よしひろさんのほんわかとした柔らかい雰囲気のnoteが好きで、いつも心地よく読ませていただいています。

これからも発信を楽しみにしています。
またぜひお邪魔させてくださいね🦋✨
"
nc15db1fc4ec37,neaf9dd6c9259,ca17527cfe63f65cebf3883988786b79,donchan1962,donchan_13,https://assets.st-note.com/production/uploads/images/183217910/profile_a33ecb57f18c7bbea28e041c386d47a2.jpeg?fit=bounds&format=jpeg&quality=85&width=330,2026-06-12T16:54:40.760+09:00,"こんにちは
恐縮です。この場をお借りして、コメント失礼します
記事、マガジンへの追加、感謝申し上げます"
ncc1044c880c01,ncfe357ee7f33,501075b33bc8fff4716e8e39cb47e74a,りんごあめ,aogunjyou_205,https://assets.st-note.com/production/uploads/images/244320088/profile_b53bcb9297c65530f6e56ea129a55d08.jpeg?fit=bounds&format=jpeg&quality=85&width=330,2026-06-12T18:22:32.163+09:00,"よしひろさん　こんばんは⭐️

この度は、素敵なマガジンへ記事を掲載していただきありがとうございます🙂‍↕️🍀
これからも自分の言葉で綴っていきたいと思います。
これからも
よろしくお願いします🍎"
nc8ecbb84e2b13,n623710616831,d29c2432624c1087ec7f89cc2f079dbe,美咲サヤ,crisp_gecko6337,https://assets.st-note.com/production/uploads/images/284273987/profile_77365bf2beb82191d3111c807f4bd758.png?fit=bounds&format=jpeg&quality=85&width=330,2026-06-12T18:56:10.745+09:00,"よしひろさん、こんばんは！

等身大のよしひろさん、私も好きですよ〜！💕

飾ることもない、ありのままを文章にできちゃう、やっぱり、よしひろさんの人柄なんだと思います♪

思っちゃうんだからしかたない😁

あっ、お礼を言い忘れるところでした！
この度もマガジンに私の記事を載せていただきありがとうございます😂

うれぴー✨✨💕"
nc622cdf5b9c9f,neaf9dd6c9259,1958f561bbf6129cb9f2040494224ce1,mangorind2,vivid_mangorind2,https://assets.st-note.com/production/uploads/images/221570775/profile_fc9ca2ed5cc5495344196df17b41d2b3.jpg?fit=bounds&format=jpeg&quality=85&width=330,2026-06-12T18:30:01.294+09:00,"マガジンに追加していただき、ありがとうございます😊

記事に込めた「誰も置いていかない」という想いを少しでも感じていただけたなら嬉しいです。

とても励みになりました。ありがとうございます✨"
ncdbc6e16f2b08,ncfe357ee7f33,62844cc65f5aa99120c33cab80fc628b,繋ぎ屋 ryubon,tunagiya_ryubon,https://assets.st-note.com/production/uploads/images/225248206/profile_7d393ae2f58a4cda0597617fe8defa0e.png?fit=bounds&format=jpeg&quality=85&width=330,2026-06-12T21:55:56.979+09:00,"よしひろさん、はじめまして。
マガジンへの追加をありがとうございました✨
今後ともよろしくお願いいたします😊"
nc0e02da9a2855,ncfe357ee7f33,cb93804505107614e3a73d05f3e6f49f,miyuri,miyuriii_2nd,https://assets.st-note.com/production/uploads/images/230589518/profile_5800c9cb6569b37700033b060c29e255.png?fit=bounds&format=jpeg&quality=85&width=330,2026-06-13T10:01:34.860+09:00,"よしひろさん、おはようございます！
マガジンに掲載いただき、ありがとうございます✨

実を言うと、私がnoteをやっている理由は自分のためです😆
だから常に自分のために書いてます😊

いつもありがとうございます✨"
nc0652181d3e6f,ncfe357ee7f33,0ee830c8590e2b12d74c243f30209743,🐰りりぃ｜働く女子の心の声,unique_wren1931,https://assets.st-note.com/production/uploads/images/278691815/profile_fcfdb6eabab8f25ba11d66a2fe9fe412.png?fit=bounds&format=jpeg&quality=85&width=330,2026-06-13T15:42:27.392+09:00,"よしひろさん、こんにちは😊

私の記事をマガジンに追加していただき、いつも本当にありがとうございます✨

「自分に向かって書けばいいや」

という考え方がとても分かりやすく、勉強になりました😊

私もつい「誰かの役に立つことを書かなきゃ」と考えてしまうことがあるのですが、まずは自分に向かって書いてみるという考え方は気持ちが楽になりますね✨

実は今週、そのことを少し意識して記事を書いてみたところ、これまでで一番たくさんのスキをいただけました😊

素敵な気づきをありがとうございました🌷

これからよろしくお願いいたします🐰🌸"
nc47d4fa0c2013,ncfe357ee7f33,704663f48a1e06dc09c61069a4dd39c8,紅茶🫖｜ことばの庭,usagi_no_mimi_,https://assets.st-note.com/production/uploads/images/274861081/profile_59c361cea83d4f4d1c3e6a403c43a90b.png?fit=bounds&format=jpeg&quality=85&width=330,2026-06-13T12:17:51.516+09:00,"よしひろさん、こんにちは✨
noteを楽しむコツをありがとうございます♬
マガジンへの追加もありがとうございます♬
"
nc783233f6c26b,n741da12f79d8,02859a98d5bba82093a41fbea358a3b6,Chill,chill_2525,https://assets.st-note.com/production/uploads/images/267416818/profile_ec983d1b1c2cdf75a359c193306959d3.png?fit=bounds&format=jpeg&quality=85&width=330,2026-06-13T18:40:15.789+09:00,ゴロゴロ、好きです❤️
ncde65ec9a91ec,ncfe357ee7f33,fd9fdc5fc23cdea51d7eb041550b3d98,松本　瞬,real_fairy8427,https://assets.st-note.com/production/uploads/images/275720659/profile_be220ab79f27315f058bf62d091096d3.png?fit=bounds&format=jpeg&quality=85&width=330,2026-06-13T22:33:00.219+09:00,"よしひろさん
マガジンに追加していただきありがとうございます🙇‍♀️
記事を拝読して勉強させていただきます☺️
よろしくお願いします！"
nc71c7252b4590,ncfe357ee7f33,d29c2432624c1087ec7f89cc2f079dbe,美咲サヤ,crisp_gecko6337,https://assets.st-note.com/production/uploads/images/284273987/profile_77365bf2beb82191d3111c807f4bd758.png?fit=bounds&format=jpeg&quality=85&width=330,2026-06-13T20:51:32.598+09:00,"よしひろさん、こんばんは！

梅雨の時期なのに真夏のような暑い日でした😅
いかがお過ごしでしょうか☺️

この度もマガジンに追加いただきありがとうございました！
嬉しいです😂"
nc02f41caa07fe,n741da12f79d8,32a3d5ec7b1b7751c0635f2e47ea2b11,あん｜noteと遊ぶ,aging_gracefully,https://assets.st-note.com/production/uploads/images/238258843/profile_52f43522d9e7e75a12acd9d6da59035c.png?fit=bounds&format=jpeg&quality=85&width=330,2026-06-13T21:03:00.076+09:00,ゴロゴロふかふかいいですね〜🛋️
nc3cd2ec4c0995,nfa06b3b7cfb4,501075b33bc8fff4716e8e39cb47e74a,りんごあめ,aogunjyou_205,https://assets.st-note.com/production/uploads/images/244320088/profile_b53bcb9297c65530f6e56ea129a55d08.jpeg?fit=bounds&format=jpeg&quality=85&width=330,2026-06-13T21:22:01.150+09:00,"よしひろさん　こんばんは⭐️

私の記事を素敵なマガジンへ掲載していただき、いつも本当にありがとうございます🙂‍↕️🍀
これからも記事を書く励みになります。本当にありがとうございました💐"
nc5413dda5233c,nd86b84104f1e,3230acd73a454345c25d7cc7da2fd8b8,AYU,ayu760,https://assets.st-note.com/production/uploads/images/124260230/profile_7da754e5114659f81ebeca7786de3b0d.jpeg?fit=bounds&format=jpeg&quality=85&width=330,2026-06-13T23:13:59.069+09:00,"よしひろさん✨こんばんは😊

スペースXは、確かに話題性がありますからね〜！！😊👍✨
可能な限り､ホールドしておくことは良いかと､私も思います！！😊✌️✨

また､今日も私の記事を､マガジンに追加してくださって､本当に嬉しいです！！😊💕✨
ありがとうございます！！😊💕✨"
nc9b36a0d7bde4,neaf9dd6c9259,51f388094f00a3e00383d7c62bf4df10,クロワッサン食べたい,enviecroissant,https://assets.st-note.com/production/uploads/images/280068595/profile_bf924f10119184d503a2085b25c5bc70.png?fit=bounds&format=jpeg&quality=85&width=330,2026-06-13T22:35:36.139+09:00,"よしひろさん
はじめまして。マガジン掲載いただきありがとうございます🌸

noteへの向き合い方、とても素敵です。

オシャレでキレイなお店も憧れますし、
ちょっと生活感のある雑貨屋さんも素敵ですよね✨

"
nc06b75a45f44d,nd86b84104f1e,cb93804505107614e3a73d05f3e6f49f,miyuri,miyuriii_2nd,https://assets.st-note.com/production/uploads/images/230589518/profile_5800c9cb6569b37700033b060c29e255.png?fit=bounds&format=jpeg&quality=85&width=330,2026-06-14T09:10:32.475+09:00,"よしひろさん、おはようございます！
マガジンに掲載いただき、ありがとうございます✨

まずは当選おめでとうございます🎊
上がるといいですね〜⬆️

いつもありがとうございます✨"
nc62670606df0a,neaf9dd6c9259,7b1e74feb0b88f9f34d7f14e63669667,Yuki.ISAKA|言葉と声を紡ぐひと,hack_uppy25,https://assets.st-note.com/production/uploads/images/256765833/profile_c34c91b5784ccacb58bbbb668a4a051c.png?fit=bounds&format=jpeg&quality=85&width=330,2026-06-14T10:48:38.392+09:00,"よしひろさん

はじめまして。マガジンへ掲載していただき、ありがとうございます😊
たくさんの方に出会える場所を与えてくださり、感謝感謝です♡

記事、読ませていただきました。
noteへの想い、ステキだなと思いました。
私も自分の記事を通して、少し気持ちが軽くなる人がいればいいなと思いながら、
言葉を綴っています。
ふらっと遊びに来てもらえるような
そんな場所になったらいいなって思っています。
また遊びに来させていただきます！"
nceff9171e17c8,nd86b84104f1e,5bdbea8d208dd57bbbc8fd9baa5f7c45,ゆきぽ,lucid_guppy4450,https://assets.st-note.com/production/uploads/images/264554398/profile_90b6430e870542ef3f3a7193eb153dee.png?fit=bounds&format=jpeg&quality=85&width=330,2026-06-14T18:33:37.105+09:00,"よしひろさん、すごい！
スペースＸ買えたんですねー
おめでとうございます🥳
私も申し込みぐらいしてみれば良かったなー"
ncd8256e4b2c6e,n8c3ae605b367,501075b33bc8fff4716e8e39cb47e74a,りんごあめ,aogunjyou_205,https://assets.st-note.com/production/uploads/images/244320088/profile_b53bcb9297c65530f6e56ea129a55d08.jpeg?fit=bounds&format=jpeg&quality=85&width=330,2026-06-14T21:12:47.046+09:00,"よしひろさん　こんばんは⭐️

服の整理されたのですね。
断捨離、大切ですよね😊梅雨の鬱々とした日が続くからこそ、整理すると気分もスッキリするかなって思います。

また今日の記事を素敵なマガジンへ掲載していただき、本当にありがとうございます。
これからもマイペースで言葉を綴ったいきたいと思います。
これからもよろしくお願いします🍎"
nc13d7b83a495b,n8c3ae605b367,f70038deb9c5f3f87c2ee7969a2cf523,不屈の屈葬,fukutsunokussou,https://assets.st-note.com/production/uploads/images/228082209/profile_bc2555e2c34c9857d7b2291bb9e9cc80.png?fit=bounds&format=jpeg&quality=85&width=330,2026-06-14T20:48:47.173+09:00,"パーフェクトに過ごせる日なんてほぼないですからね（笑）
楽にいきましょう。

追伸
そういえばアイコン３記事くらい前？から変わりましたね！
言いそびれてました。"
nc54681dc6be4d,n8c3ae605b367,031a96c67c576e3bfc12a86d2606bd97,ココミチ＠ゆきの,hot_mink9599,https://assets.st-note.com/production/uploads/images/212559417/profile_9dbf6c222d0c87810aeff185afbd7f95.jpg?fit=bounds&format=jpeg&quality=85&width=330,2026-06-14T20:46:39.397+09:00,"よしひろさん、こんばんは

「逃避エネルギーをそっちへ向けました」という一文で
ふふっと和みつつ、じわっと残るものもありました

「バイクには乗れなかった。銭湯にも行けなかった」
と並べておいて、「でも、服は少し片づいた」と
静かに置く、あの間にどこかほっとしていました

「なんでも混ぜ込みご飯で」とおっしゃっていた
よしひろさんの書き方が、こういう一日にも
にじんでいるなと感じています

服が片づいたあとの、少し風通しのよくなった部屋の空気が
こちらにも伝わってくるようでした

「言いたいのに言えない夜に」など3編を
あたたかなマガジンに迎えてくださり
ありがとうございます

ゆきの"
nc8683d708fa3f,n8c3ae605b367,6387daced3412f56911efd0f8787e44a,椿みきこ🌸季節の花ごよみ,hirata_mikiko60,https://assets.st-note.com/production/uploads/images/276282393/profile_1b76107f2c250cd2fcb0068f908ba934.png?fit=bounds&format=jpeg&quality=85&width=330,2026-06-14T20:43:10.136+09:00,"よしひろさん、すでにしてnote界で有名人なので、休日の過ごし方にも需要があるのですね✨
衣更えが必要な時期ですね～🤭"
nc0c31ac2f16c6,ne195bfc171c8,767c8845576f1857af87b095ff45c936,棚町文子,moral_lemur2303,https://assets.st-note.com/production/uploads/images/278488701/profile_96bdbaba60fe7040446dbb1485ba4222.jpg?fit=bounds&format=jpeg&quality=85&width=330,2026-06-14T20:18:59.488+09:00,"いつもスキやマガジン
ありがとうございます😃
創作意欲が湧きます😆"
ncfa20f9c094fa,neaf9dd6c9259,1958f561bbf6129cb9f2040494224ce1,mangorind2,vivid_mangorind2,https://assets.st-note.com/production/uploads/images/221570775/profile_fc9ca2ed5cc5495344196df17b41d2b3.jpg?fit=bounds&format=jpeg&quality=85&width=330,2026-06-14T21:25:59.881+09:00,"よしひろさん

今回もマガジンに追加していただき、ありがとうございます！

「酔っぱらい学」という完全に勢いで設立された学会でしたが（笑）、こうして拾っていただけてとても嬉しいです。

いつも作品を見つけてくださることが励みになっています。

これからも観察と研究を続けていきます🍶

ありがとうございました！
"
nc6fb5037e430d,n8c3ae605b367,94518051b69fff25a91c76f6db742243,星ママ | AI×主婦,hoshimama3,https://assets.st-note.com/production/uploads/images/229421450/profile_1ba394f2d73f9d211c88afe12979b14a.jpeg?fit=bounds&format=jpeg&quality=85&width=330,2026-06-15T11:31:33.723+09:00,"よしひろさん〜
こんにちは。
寝過ごした勢いで服の整理まで終わらせてしまうの、なんかわかります、その感じ。
バイクも銭湯も行けなかったけど、ずっと後回しにしてた服が片づいたなら、十分な一日じゃないかなと思いました。😄"
nc5ff7eefffcef,n8c3ae605b367,cb93804505107614e3a73d05f3e6f49f,miyuri,miyuriii_2nd,https://assets.st-note.com/production/uploads/images/230589518/profile_5800c9cb6569b37700033b060c29e255.png?fit=bounds&format=jpeg&quality=85&width=330,2026-06-15T08:58:01.746+09:00,"よしひろさん、おはようございます！
マガジンに掲載いただき、ありがとうございます✨

ありますね！盛大にやらかす日が😆
私もものすごく勿体ない事した気分になります😊

他のことに置き換わったとはいえ、スッキリ出来て
よかったですね✨

いつもありがとうございます✨"
nc538005089f2c,n623710616831,fbaef2c001615d02444573a135007008,はしゃも｜感情構造エンジニア,hasyamo,https://assets.st-note.com/production/uploads/images/237516392/profile_c0ac2ae8315e28ee425c27b5c2aefa32.jpg?fit=bounds&format=jpeg&quality=85&width=330,2026-06-15T07:53:17.998+09:00,ちょくちょく欲が出てるのが、逆に好感度が上がりますよね🤭✨
nc196d0014b817,nabce5cd731cb,57c0fc161e620e0fdcf6005a279af45b,かきくけこういち｜一児のパパの小さな指針,happy_hebe8148,https://assets.st-note.com/production/uploads/images/283599521/profile_f64640c6d3f6b1be0e9580700682ce3d.jpg?fit=bounds&format=jpeg&quality=85&width=330,2026-06-15T08:46:56.317+09:00,「短い記事だと有料にするのが申し訳ない」という悩みから入ってくれるのがすごくやさしいですね。有料記事に絶対の正解はない、と最初に置いたうえで、スッと肩の力を抜かせてくれる軽やかな流れに救われました。ハードルを高く設定しすぎて手が止まってしまう人ほど、ちょっと試してみたくなるような、あたたかくて背中を押してくれる記事だなと思います。
nc233174d4488e,n4d67bc4b6f0a,0f5a1174cebb365d489eda1ca0cbb18d,Supremo_ginza,supremo_ginza,https://assets.st-note.com/production/uploads/images/186085763/profile_80157b64e0e65935178352047dfd0d0d.jpg?fit=bounds&format=jpeg&quality=85&width=330,2026-06-15T18:59:30.749+09:00,"よしひろさま　いつもマガジン追加ありがとうございます。

より多くの読者さまに届けていただき感謝いたします。
ネタをどうしようか迷ったり、一貫性がない時もあるのですが、よしひろさまの投稿を拝読し、少し安心しました！

今後ともよろしくお願いいたします。"
nc6e2e61923881,n4d67bc4b6f0a,8436fb3cac5c8de9eee49a0b5f34b6cd,Asahi2026,cheeky_phlox2084,https://assets.st-note.com/production/uploads/images/254994516/profile_e4bd829ad26a90b6782072a6f30ece93.jpeg?fit=bounds&format=jpeg&quality=85&width=330,2026-06-15T18:08:20.350+09:00,"記事をマガジン追加していただき、ありがとうございます🙇‍♀️
よしひろさんの記事は、いつも私に「ありのままでいいですよ😊」って、言ってくれる気がしています。"
nc0ae11de21a8a,n4d67bc4b6f0a,d29c2432624c1087ec7f89cc2f079dbe,美咲サヤ,crisp_gecko6337,https://assets.st-note.com/production/uploads/images/285251414/profile_bae91b069531c89747d86f8afb8c6bff.jpeg?fit=bounds&format=jpeg&quality=85&width=330,2026-06-15T17:10:21.661+09:00,"よしひろさん、
こんにちは♪

私のちょっと前の記事を発掘してくださり、マガジン追加していただきありがとうございます！😆💦

記事の中の習慣はまだ続いております😆

ありがとうございました！"
nc98621c33cb2e,n8c3ae605b367,a22107a59de6e3303ee2b624b3e0858a,Imbue（インビュー）/文筆家/発達凸凹育児,imbue_kaleid,https://assets.st-note.com/production/uploads/images/276889368/profile_6f886c9c37b132a55a5bbee907c89797.png?fit=bounds&format=jpeg&quality=85&width=330,2026-06-15T13:36:04.106+09:00,"よしひろさん、こんにちは✨
わかるな〜😅
To do リストを作って、すべてやるの忘れるとか💦"
ncfdcbf3855ac0,nd86b84104f1e,57bf29248e5c5e9f2c2251842c484033,「欲望の観察者」,namakee0112,https://assets.st-note.com/production/uploads/images/267834789/profile_1893de88acbf5c40c52827f18763ec0e.png?fit=bounds&format=jpeg&quality=85&width=330,2026-06-15T16:57:40.545+09:00,"よしひろ様
恥じてまして、
IPO当選おめでとうございます！私もミーハーで、IPOスケジュールをみる癖があります。
お見事です！楽天証券での当選確率は0.4〜0.9%程度だったとか🤗

マガジンにお仲間入りさせて貰い、ありがとうございます。嬉しいです。
素敵な皆さまの、エネルギッシュな記事も楽しく拝読します🥰"
ncb3f4ecbdc83e,n4d67bc4b6f0a,1dd5cc6f11dc1d5e7c33c9ac01922824,keimama,keiko5066,https://assets.st-note.com/production/uploads/images/223953919/profile_de82aa306e133caf82b4ae253ad0173c.png?fit=bounds&format=jpeg&quality=85&width=330,2026-06-15T22:42:19.192+09:00,"よしひろさん、こんばんは😊

マガジンに追加していただき、ありがとうございます🍀
「あれ？これ前にも書いたかな？」と思ったりすること、私もよくあります🤭
でも同じ出来事でも、その時の気持ちや経験で見え方が変わるから、同じようでいて少しずつ違うんですよね✨😝

"
nc328e50504e76,n4d67bc4b6f0a,02859a98d5bba82093a41fbea358a3b6,Chill,chill_2525,https://assets.st-note.com/production/uploads/images/267416818/profile_ec983d1b1c2cdf75a359c193306959d3.png?fit=bounds&format=jpeg&quality=85&width=330,2026-06-15T21:44:56.932+09:00,"よしひろさん、こんばんは♪
全てを肯定してくれるような記事でニッコリしました😊
マガジンにも私の記事を追加していただき、ありがとうございます💖
書きたいこと書きましょうね♪"
nc423aa26f56aa,n4d67bc4b6f0a,0ee830c8590e2b12d74c243f30209743,🐰りりぃ｜働く女子の心の声,unique_wren1931,https://assets.st-note.com/production/uploads/images/278691815/profile_fcfdb6eabab8f25ba11d66a2fe9fe412.png?fit=bounds&format=jpeg&quality=85&width=330,2026-06-15T19:25:06.860+09:00,"よしひろさん、こんにちは😊

このたびもマガジンに追加していただき、ありがとうございました🌸

今回の記事もとても共感しながら読ませていただきました✨

よしひろさんの記事は、ちょうど私が悩んだり考えたりしていることが書かれていることが多くて、心を読まれているのかなと思うことがあります😂

「大切だから何度も伝えたい」という考え方も素敵ですね🌷

私もつい「前に書いたかな？」と気になってしまうことがあるので、気持ちが少し楽になりました😊

いつも学びや気づきをありがとうございます✨

これからも記事を楽しみにしています🌸"
nc1b28b06d015f,neaf9dd6c9259,aea70c3d72e8496744a212491dcba2b0,のん,happylife_6110,https://assets.st-note.com/production/uploads/images/280517943/profile_6a2ed8b3bd8f8ec560e565df455723b6.png?fit=bounds&format=jpeg&quality=85&width=330,2026-06-15T19:55:46.623+09:00,"よしひろさん
初めまして☺️
このたびはマガジンに掲載していただき、ありがとうございます。
まだ始めたばかりのnoteで大変恐縮です。
記事を読ませていただいて、よしひろさんはnoteを楽しんでいらっしゃいますね👍素敵なご縁に感謝します✨"
nc4a96c10d4d48,n4d67bc4b6f0a,cb93804505107614e3a73d05f3e6f49f,miyuri,miyuriii_2nd,https://assets.st-note.com/production/uploads/images/230589518/profile_5800c9cb6569b37700033b060c29e255.png?fit=bounds&format=jpeg&quality=85&width=330,2026-06-16T09:51:14.474+09:00,"よしひろさん、おはようございます！
マガジンに掲載いただき、ありがとうございます✨

内容が被る記事、私自身はまだないですけど、
今日と昨日も違うし、当たり前のことかもしれませんね〜😊

ということで、「気にせず書く」
これですね😆

いつもありがとうございます✨"
nc85f9b330a537,n4d67bc4b6f0a,d29c2432624c1087ec7f89cc2f079dbe,美咲サヤ,crisp_gecko6337,https://assets.st-note.com/production/uploads/images/285251414/profile_bae91b069531c89747d86f8afb8c6bff.jpeg?fit=bounds&format=jpeg&quality=85&width=330,2026-06-16T20:00:36.046+09:00,"よしひろさん、
こんばんは。
関東は地震でしたが、そちらは大丈夫でしたか？

うちは関東なので、わりと揺れました🫨

こんな時に、すみません、、
今気がついて、、お礼を、、

マガジン追加、今回もありがとうございました😂"
nc0e18abb6751e,n84a0a67f020f,32a3d5ec7b1b7751c0635f2e47ea2b11,あん｜noteと遊ぶ,aging_gracefully,https://assets.st-note.com/production/uploads/images/238258843/profile_52f43522d9e7e75a12acd9d6da59035c.png?fit=bounds&format=jpeg&quality=85&width=330,2026-06-17T00:21:11.867+09:00,"あー私も同じです
♪あれも書きたい
これも書きたい
もっと書きたい
もっともっと書きたい〜♪
曲と共に壮大な計画はいくつも頓挫してます😆"
nca7846940f921,n8c3ae605b367,c875248882b79d3d54900d64cf3f1d29,kotori,fancy_owl7264,https://assets.st-note.com/poc-image/manual/preset_user_image/production/i04f97ff72d86.jpg,2026-06-16T23:00:29.858+09:00,"よしひろさん　こんばんは
マガジンへの登録毎回本当に感謝してます。
ありがとうございます。

予想外の理由でやりたかったことが出来なくなると私は結構引きずりがちです。
切り替えは早い方が得ですね😊見習います。"
nc2090edb3fedd,n4d67bc4b6f0a,f0910db382d35fcc1f864dbc297497c6,邪道作家,calm_dietes306,https://assets.st-note.com/production/uploads/images/250104509/profile_a00454c2cc03cce0fa8084f3147a927b.jpg?fit=bounds&format=jpeg&quality=85&width=330,2026-06-17T06:28:19.813+09:00,"やり過ぎると管理出来なくなるがな
　　
500万文字を8000記事くらい複製し表現を変え出し続けた結果、ある程度記事をまとめるのは至難になった


最早自分でも何書いたか覚えきれないが、まあ構わないだろう"
nc8e2cc4f77e2b,nabce5cd731cb,1dd5cc6f11dc1d5e7c33c9ac01922824,keimama,keiko5066,https://assets.st-note.com/production/uploads/images/223953919/profile_de82aa306e133caf82b4ae253ad0173c.png?fit=bounds&format=jpeg&quality=85&width=330,2026-06-17T06:40:23.862+09:00,"よしひろさん、おはようございます☀️

「立派じゃなくても大丈夫」に救われました🍀つい完璧を目指してしまいますが、「えいやっ」で出してみる勇気も大切なんですね🥰誰にどんな気持ちで届けたいか、改めて考えたいと思いました✨"
nce0c4d9ca9f19,n4d67bc4b6f0a,57bf29248e5c5e9f2c2251842c484033,「欲望の観察者」,namakee0112,https://assets.st-note.com/production/uploads/images/267834789/profile_1893de88acbf5c40c52827f18763ec0e.png?fit=bounds&format=jpeg&quality=85&width=330,2026-06-17T11:14:33.188+09:00,"よしひろさん、
不思議ですよね。3カ月前に書いた時と視点や考察が、変わっていてまるで別の記事。この現象は、未熟な自分だけだと思っていたので、ホッ🥲🥲
…なので、昔の投稿を読むのが拷問に近い笑

マガジン追加ありがとうございます。支えられています。拾っていただき、前よりももっともっと、読み手さんの顔が鮮明になっています。
気にかけてくださり、ありがとうございます💓"
nc29c19dbbecbc,n4d67bc4b6f0a,50f8d2d0350a74ebb2ada78813f57255,ハゲポッコリ,hage_pokkori9663,https://assets.st-note.com/production/uploads/images/232774139/profile_3ba1074548b0a18d189e6a95912c76e2.png?fit=bounds&format=jpeg&quality=85&width=330,2026-06-17T10:43:22.227+09:00,"初めまして
確かに、あれってことあります。
結構気にしてしまうタイプなのかもしれません。
でもこれを読んで ちょっとホッとしました（笑）
勝手ながらフォローもさせてください！"
nc70c620e16f53,n4d67bc4b6f0a,a22107a59de6e3303ee2b624b3e0858a,Imbue（インビュー）/文筆家/発達凸凹育児,imbue_kaleid,https://assets.st-note.com/production/uploads/images/276889368/profile_6f886c9c37b132a55a5bbee907c89797.png?fit=bounds&format=jpeg&quality=85&width=330,2026-06-17T07:31:49.597+09:00,"よしひろさん、おはようございます🌺

前に何を書いたか
覚えていないことが多いです🤣💦

重症でしょうか？😂"
nc25da5201f68d,n84a0a67f020f,cb93804505107614e3a73d05f3e6f49f,miyuri,miyuriii_2nd,https://assets.st-note.com/production/uploads/images/230589518/profile_5800c9cb6569b37700033b060c29e255.png?fit=bounds&format=jpeg&quality=85&width=330,2026-06-17T08:20:34.418+09:00,"よしひろさん、おはようございます！
マガジンに掲載いただき、ありがとうございます✨

私もありますよ😆
一旦宣言してみたけど一つも記事を上げてないカテゴリーとか。

そもそもカテゴリーも作ってないんですけど。
宣言だけして😁

ま、いっか。

いつもありがとうございます✨"
ncd0c856b2f27a,na6bb2410e2a0,df1e433c714b7e82d61f6cdbef83bb27,瑠花,luca_therapy,https://assets.st-note.com/production/uploads/images/198979905/profile_c94df5df6f3f9343801af95012e1a3f7.png?fit=bounds&format=jpeg&quality=85&width=330,2026-06-17T18:03:18.711+09:00,"初めは100%自分のために書いてたのに、それじゃダメって、思ってきてしまってたんだな…って思います😣

もっと気楽に、自分のために書いていこうかなって思えました😌🌸
ありがとうございます😊"
nc879c160f70d7,na6bb2410e2a0,bede9bd0a510b6a3b89dcb460dd51ef5,ルルトアヤコ,lovely_coyote546,https://assets.st-note.com/production/uploads/images/279549033/profile_3d53a17ce59c090b43145099e9a86669.png?fit=bounds&format=jpeg&quality=85&width=330,2026-06-17T17:39:42.035+09:00,"名言が、いっぱいある…ここに書き連ねたい❣️
メモメモ📝


素晴らしいクリエイターさん😀

だからこそたくさんの共感が集まるのね〜💖💖💖"
nccc3cd5107ba2,n84a0a67f020f,031a96c67c576e3bfc12a86d2606bd97,ココミチ＠ゆきの,hot_mink9599,https://assets.st-note.com/production/uploads/images/212559417/profile_9dbf6c222d0c87810aeff185afbd7f95.jpg?fit=bounds&format=jpeg&quality=85&width=330,2026-06-17T16:26:14.706+09:00,"よしひろさん、こんにちは

「壮大な計画が頭をぐ〜るぐる」しながら
「やらないのに🙄」と自分でつっこむ
あの一節に、ふふっと笑ってしまいました
買ってもいない宝くじの使い道まで
考えてしまう、その感覚にも
なんとなく心当たりがありました

それでも「全部やろうとしなくていい」と
今できる分だけ、ちょこっと外に出してみる
その処方箋の静かさに
よしひろさんらしさを感じています

父の日ラストスパート、どうかご無理なく

「期待と自分の願いがずれる夜に」と
「何でもいいが口癖になっている夜に」を
マガジンに迎えてくださり、ありがとうございます

ゆきの"
nc34f181ebf720,n84a0a67f020f,0ee830c8590e2b12d74c243f30209743,🐰りりぃ｜働く女子の心の声,unique_wren1931,https://assets.st-note.com/production/uploads/images/278691815/profile_fcfdb6eabab8f25ba11d66a2fe9fe412.png?fit=bounds&format=jpeg&quality=85&width=330,2026-06-17T12:32:48.446+09:00,"よしひろさん、こんにちは😊

マガジンに追加していただき、いつも本当にありがとうございます🌸

【ソウダイナケイカク】、共感と面白さの両方があって思わず笑ってしまいました😂

名付け方がうますぎます✨

「まず買えよって話ですね😆」のところも好きでした✨

よしひろさんの記事は、共感しながら気持ちも明るくなり、いつも楽しく読ませていただいています🌷

今回も素敵な記事をありがとうございました😊

これからも記事を楽しみにしています🌸"
nce30b262ba8ef,n84a0a67f020f,907edc26ecc556b380bd733caf94e5cc,JAU |  臨床検査技師×医療副業,jau_jau1001,https://assets.st-note.com/production/uploads/images/238898866/profile_b47389bc5953cb4d37cf45a1d4d208c2.png?fit=bounds&format=jpeg&quality=85&width=330,2026-06-17T12:13:25.518+09:00,"よしひろさん〜！

本当に共感👏✨
夢だけ膨れるやつ🤭w
私も何個あるやら😱

そして！最高の父🤣✨w
"
nc8d873df8558e,neaf9dd6c9259,5e6ae1185bf4dea1aa74729b53e185fb,くまこ｜東大生の母ですが、ふつうのおかんです,kumaco_notes,https://assets.st-note.com/production/uploads/images/283017864/profile_a5a2a126a2106ae3108ed49fb6bf1f93.png?fit=bounds&format=jpeg&quality=85&width=330,2026-06-17T12:37:35.535+09:00,"こんにちは☺️
昨日は2度目のマガジン追加をいただきありがとうございました！
おかげさまで、他の方に読んでいただく機会が増えているようです。

note始めて半年程経ちますが、4記事しか書けていません…なかなか言語化って難しいなと😅

でも、楽しみながら、少しずつ続けていきたいと思っておりますので今後ともよろしくお願いいたします。

"
nc568cc989686e,neaf9dd6c9259,50f8d2d0350a74ebb2ada78813f57255,ハゲポッコリ,hage_pokkori9663,https://assets.st-note.com/production/uploads/images/232774139/profile_3ba1074548b0a18d189e6a95912c76e2.png?fit=bounds&format=jpeg&quality=85&width=330,2026-06-17T12:02:48.795+09:00,"よしひろさん
ハゲの記事を マガジンに掲載していただきどうもありがとうございます。感謝しています！"
nc9ce2c5a0e1b2,na6bb2410e2a0,d58df56d72e51835fa8597640954d50b,道草ノート🌿ゆう,koya1970,https://assets.st-note.com/production/uploads/images/280082912/profile_27c6de0e430e96c942efcfde0e0dc5ce.jpeg?fit=bounds&format=jpeg&quality=85&width=330,2026-06-17T20:17:02.982+09:00,"わたしのことを全部そのまま言語化してくれたのかなって錯覚するくらい
🙂‍↕️🙂‍↕️🙂‍↕️頷きまくりました(笑)
顔に何度スマホが落ちてきたことでしょう🤭寝ればいいのに今日もきっと寝る前にnoteアプリを開いてしまいます。"
nc5f69bfa8ed94,na6bb2410e2a0,53c0f0b342eccd9789ea98526e218616,暮らしの整え相談室　ぽんまぁ,ponmaaa,https://assets.st-note.com/production/uploads/images/222294136/profile_4a6854bc4f0dd7b277b78f04de10d3be.jpeg?fit=bounds&format=jpeg&quality=85&width=330,2026-06-17T19:42:35.939+09:00,"まさに｢わかる｣って感じるお話です😊
気持ちの片付け、大事ですね✨✨"
ncb755a827b661,na6bb2410e2a0,32a3d5ec7b1b7751c0635f2e47ea2b11,あん｜noteと遊ぶ,aging_gracefully,https://assets.st-note.com/production/uploads/images/238258843/profile_52f43522d9e7e75a12acd9d6da59035c.png?fit=bounds&format=jpeg&quality=85&width=330,2026-06-17T18:36:28.470+09:00,"「感情というものは、放っておくと、すぐに行方不明になります。」
行方不明にさせてしまうことも多々ありますね〜
それでも脳内では、何度もnote書いて、書いたつもりで終わっています😆

地味な連続ドラマに再放送、リアルでも同じ作品を何度も見るタイプ
と、色々書きたくなりましたが、ネタバレしてNGだったら消してください！"
nc3f04fc6c1068,n4d67bc4b6f0a,143cb62ac395055948172efb005bf615,ロンさん,rontan7053,https://assets.st-note.com/production/uploads/images/280390825/profile_5ce1be1d8a1bd5d2edad7910ae126e26.png?fit=bounds&format=jpeg&quality=85&width=330,2026-06-18T00:33:52.253+09:00,参考になります！
ncf74b19f56d99,n84a0a67f020f,57bf29248e5c5e9f2c2251842c484033,「欲望の観察者」,namakee0112,https://assets.st-note.com/production/uploads/images/267834789/profile_1893de88acbf5c40c52827f18763ec0e.png?fit=bounds&format=jpeg&quality=85&width=330,2026-06-18T16:12:37.999+09:00,"「父の日Tシャツ」、これを着て散歩に出かけられたら困る！！いや、食卓に座ったら、「こんなジーさんのどこが！？」…母の不機嫌が目に浮かぶ🙄🙄

大人なのに、娘をやるのは気を使いますね。"
ncd41790ee67a7,nd7efc8e5b3e6,0ee830c8590e2b12d74c243f30209743,🐰りりぃ｜働く女子の心の声,unique_wren1931,https://assets.st-note.com/production/uploads/images/278691815/profile_fcfdb6eabab8f25ba11d66a2fe9fe412.png?fit=bounds&format=jpeg&quality=85&width=330,2026-06-18T19:20:50.863+09:00,"よしひろさん、こんにちは😊

今回もマガジンに追加していただき、いつもありがとうございます🌸

「もう少しで走り切れるからこそ、息切れを意識してしまう。」

「ゴールが見えてきたからこそ、まだやれていないことが急に目につきはじめる。」

この部分、ものすごく共感しました✨

そういう気持ちをご自身の言葉で言語化されるのが本当にお上手ですね😊

忙しい中でも、共感しながらクスッと笑える記事をありがとうございました✨

今後も記事を楽しみにしています🌸"
ncc5638561594d,nd7efc8e5b3e6,cb93804505107614e3a73d05f3e6f49f,miyuri,miyuriii_2nd,https://assets.st-note.com/production/uploads/images/230589518/profile_5800c9cb6569b37700033b060c29e255.png?fit=bounds&format=jpeg&quality=85&width=330,2026-06-19T09:40:31.102+09:00,"よしひろさん、おはようございます！
マガジンに掲載いただき、ありがとうございます✨

お忙しいでしょうから、息切れしないようにマイペースでお願いします😊

いつもありがとうございます✨"
ncbbbac8e10749,n8c3ae605b367,bede9bd0a510b6a3b89dcb460dd51ef5,ルルトアヤコ,lovely_coyote546,https://assets.st-note.com/production/uploads/images/279549033/profile_3d53a17ce59c090b43145099e9a86669.png?fit=bounds&format=jpeg&quality=85&width=330,2026-06-19T20:13:40.987+09:00,"よしひろさんが書くとなんでも、よしひろさんワールドになるからステキ💓😆

ええなぁ…私もそう言うの、確立したいっ！(;´∀`)･･ｧﾊﾊﾊ･･ﾊﾊ･･ﾊ･･""♡(๑♡ᴗ♡๑)

マガジンへの追加もいつもありがとうございます💖💖💝🙏"
nc364356965421,n4d67bc4b6f0a,36c797e38a27c1a961447149f1e26f00,タピ,ready_harte8280,https://assets.st-note.com/production/uploads/images/272168408/profile_3c52f5313b371eee23c698ed6f032612.png?fit=bounds&format=jpeg&quality=85&width=330,2026-06-19T23:01:24.409+09:00,"よしひろ様

マガジン掲載ありがとうございます😊

記事を読んで、同じテーマでも何度でも伝えていいんだなと改めて感じました。

いつも温かい言葉に励まされています✨

ご縁に感謝しています。
これからもよろしくお願いします。"
nc21cf1271acba,n4d67bc4b6f0a,e6ae6bf7dcfa88e329618c72cbdea509,Poma Noah | 楽天ポイ活まずはこれだけ☆彡 | ほしのはじまりもとめて☆ |フォロバ100,point_mazuhakore,https://assets.st-note.com/production/uploads/images/207651029/profile_ba5e9df9e3fcf9a27f6175d9479eb757.png?fit=bounds&format=jpeg&quality=85&width=330,2026-06-19T21:42:21.547+09:00,"よしひろさん

マガジン追加ありがとうございます☆彡

わかります〜

記事書いてると、これ前書いたかも？
って思いますよね

ただ、はじめてページきた方は知らない話だし、重要情報は何回も伝えてもいいかなと思っていたので

こちらの記事賛成です☺️

素敵な記事ありがとうございました☆彡"
nc4ea8b367f58e,n4d67bc4b6f0a,2c5de06fd4350959babf7025129c0257,ひより,hiyori_no_hibi,https://assets.st-note.com/production/uploads/images/286434166/profile_ba0e4e669a9dea73a4cfd0794ff71a29.png?fit=bounds&format=jpeg&quality=85&width=330,2026-06-20T08:55:41.398+09:00,"いろいろな記事を拝見させていただきました。始めたばかりなので、励みになりました。
父の日に、子供のつくる布のハンカチを求めるのは、とても素敵なことだなぁと思いました。
素敵な父の日を迎えられますように😊"
nc78d4a1dbea01,ned27ed471128,578a8b12d0740b5273540929062aaa16,あずき☆｜ひとりで抱えないために,modern_violet644,https://assets.st-note.com/production/uploads/images/271732318/profile_4fc56179333666d6a5d1c979a37f2396.png?fit=bounds&format=jpeg&quality=85&width=330,2026-06-20T10:29:34.655+09:00,"この記事は私のバイブルとなりそうです・・・✨️
一歩踏み出せそうです！
いつも素敵な記事をありがとうございます！"
nc6ab38db39b1a,n0779afa66b79,cb93804505107614e3a73d05f3e6f49f,miyuri,miyuriii_2nd,https://assets.st-note.com/production/uploads/images/230589518/profile_5800c9cb6569b37700033b060c29e255.png?fit=bounds&format=jpeg&quality=85&width=330,2026-06-20T06:18:19.436+09:00,"よしひろさん、おはようございます！
マガジンに掲載いただき、ありがとうございます✨

近いようで近すぎず、遠いようでそこまで遠くなく、
そんな程よい距離感が好きですね😊

いつもありがとうございます✨"
nc0d943f0965d6,n4d67bc4b6f0a,1958f561bbf6129cb9f2040494224ce1,mangorind2,vivid_mangorind2,https://assets.st-note.com/production/uploads/images/221570775/profile_fc9ca2ed5cc5495344196df17b41d2b3.jpg?fit=bounds&format=jpeg&quality=85&width=330,2026-06-20T16:06:42.563+09:00,"よしひろさん、今回もマガジンに追加してくださりありがとうございます！
今回はコンテストに寄せつつも、いつもの旅の話として書いてみました。
書いているうちに、旅を支えていたのは経理の自分でもあったんだなと気づき、自分でも少し驚いています。
読んでいただけて嬉しいです😊"
nc28298a1a6e85,n623710616831,0ee830c8590e2b12d74c243f30209743,🐰りりぃ｜働く女子の心の声,unique_wren1931,https://assets.st-note.com/production/uploads/images/278691815/profile_fcfdb6eabab8f25ba11d66a2fe9fe412.png?fit=bounds&format=jpeg&quality=85&width=330,2026-06-20T15:52:59.779+09:00,"よしひろさん、マガジンに追加していただき、いつもありがとうございます🌸

「衝動的に思ったことをそのまま書いてもいい」という言葉に、とても励まされました✨

今週、思うところがあって衝動的に記事を書いたのですが、公開したあとに「少し個人的すぎたかな…」と後悔していました。

でも意外と共感してくださる方がいて、こちらの記事を読んで「それでもよかったのかもしれないな」と思えました😌

いつも素敵な気づきをありがとうございます🌷"
nced890988405c,n4d67bc4b6f0a,e0b784b9195aec4a90509d263fb76abb,Yufu｜朝日と花と、これからの人生,brisk_pansy5528,https://assets.st-note.com/production/uploads/images/273458821/profile_c3e2b3e7197d5a204e1d64cab81f6942.jpg?fit=bounds&format=jpeg&quality=85&width=330,2026-06-20T19:40:52.320+09:00,読んでくださり、ありがとうございました。 ひとつのスキの向こうにいるあなたを思い浮かべながら、感謝の気持ちを送ります。 今日がやさしい一日になりますように。
nca17f1c9369a5,n8c3ae605b367,34987bbf50be44cfbc1419a1df6f8760,ツムジ,tsumuji264,https://assets.st-note.com/production/uploads/images/231588271/profile_d0f51b83720ce83ce2be707571e96762.png?fit=bounds&format=jpeg&quality=85&width=330,2026-06-20T17:30:38.614+09:00,"よしひろさん、こんにちは。

マガジンに追加いただきありがとうございます🙇‍♂️

わかります！！
僕も休日は、午前中に動き始めないとその日はもうダメな感じがしてしまいますね😂
今日もそんな日でした笑"
nc40bb6ba6860a,n8fe53895441a,767c8845576f1857af87b095ff45c936,棚町文子,moral_lemur2303,https://assets.st-note.com/production/uploads/images/278488701/profile_96bdbaba60fe7040446dbb1485ba4222.jpg?fit=bounds&format=jpeg&quality=85&width=330,2026-06-20T17:48:32.839+09:00,🙌はい！楽しく過ごそうと思います🙌
nc26ea21bae478,n265a0acb8b32,9735e1bac7ba0bc5d0af33cf56157b08,enyo*えんよう🗝️,keyoflife_enyo,https://assets.st-note.com/production/uploads/images/240644209/profile_1ac1d8614044bc9c45db88b11d02d8f6.png?fit=bounds&format=jpeg&quality=85&width=330,2026-06-21T01:50:12.781+09:00,"私も感覚任せに川を流れてきたところもあるので、ちょっとドキッとしながら読ませていただきました😁

〉有用であることと、
必須であることは
また別の話

という言葉に頷いています。

いつもありがとうございます🌷
"
ncdf4e7657190e,n265a0acb8b32,d58df56d72e51835fa8597640954d50b,道草ノート🌿ゆう,koya1970,https://assets.st-note.com/production/uploads/images/280082912/profile_27c6de0e430e96c942efcfde0e0dc5ce.jpeg?fit=bounds&format=jpeg&quality=85&width=330,2026-06-21T09:40:31.007+09:00,わたしも自分の感覚頼りに（頼りになったかどうかは、いまだに不明🙄）ここまで流れてきています〜ぷかぷか🫧
nce31c16ac0752,n265a0acb8b32,cb93804505107614e3a73d05f3e6f49f,miyuri,miyuriii_2nd,https://assets.st-note.com/production/uploads/images/230589518/profile_5800c9cb6569b37700033b060c29e255.png?fit=bounds&format=jpeg&quality=85&width=330,2026-06-21T09:35:12.119+09:00,"よしひろさん、おはようございます！
マガジンに掲載いただき、ありがとうございます✨

当時の私は、特にやりたいことなんかなかったような気がします。
むしろ今の方があるくらいで😆

娘ちゃんの進みたい道が決まるといいですね😊

いつもありがとうございます✨"
nc5f281e7f2465,n4d67bc4b6f0a,1958f561bbf6129cb9f2040494224ce1,mangorind2,vivid_mangorind2,https://assets.st-note.com/production/uploads/images/221570775/profile_fc9ca2ed5cc5495344196df17b41d2b3.jpg?fit=bounds&format=jpeg&quality=85&width=330,2026-06-21T16:34:08.815+09:00,"よしひろさん

今回もマガジンに追加していただき、ありがとうございます！

まさか「酔っぱらい学」の研究成果を、こんなにも継続的に拾っていただけるとは思っておりませんでした（笑）

お酒好きのよしひろさんに「また読もう」と思っていただけることは、研究者として大変励みになります🍺

今後も終電車内および居酒屋にて地道なフィールドワークを続け、新たな研究成果をご報告してまいります。

……とはいえ、できれば終点までの実地調査はほどほどにしたいところです（笑）

今後ともよろしくお願いいたします！
"
nc29ad07040369,n265a0acb8b32,d0c5765a47753e17543a7b9179cf317e,m o k a   ,crisp_rabbit1664,https://assets.st-note.com/production/uploads/images/244970963/profile_70498c82f9b680f43cff864d5947e3da.jpeg?fit=bounds&format=jpeg&quality=85&width=330,2026-06-21T21:59:00.257+09:00,"よしひろさん
マガジン追加 たくさん
過去の記事まで
ありがとうございます( .ˬ.)""

とっても嬉しかったです

娘さんのこと
信じ 見守ってる姿が
浮かんできました

いつもありがとうございます✨️


"
nc006e58178442,nab43cc405584,f70038deb9c5f3f87c2ee7969a2cf523,不屈の屈葬,fukutsunokussou,https://assets.st-note.com/production/uploads/images/228082209/profile_bc2555e2c34c9857d7b2291bb9e9cc80.png?fit=bounds&format=jpeg&quality=85&width=330,2026-06-21T23:41:56.970+09:00,"私も父ですが、今の今まで今日が父の日だと忘れていました。
…そういうことです（笑）

あ、自分の父には既にネットでジュースを買って送りましたよ！"
nce2a731acb970,nab43cc405584,a22107a59de6e3303ee2b624b3e0858a,Imbue（インビュー）/文筆家/発達凸凹育児,imbue_kaleid,https://assets.st-note.com/production/uploads/images/287069680/profile_cf6dcabd14785d5901b13c5232352b8f.png?fit=bounds&format=jpeg&quality=85&width=330,2026-06-22T08:48:13.098+09:00,"よしひろさん、おはようございます✨

日本での父の日、もうちょっと盛り上がっても
良さそうですよね😆
まあ〜、海外も同じかもしれませんが💦

note執筆にお仕事にと、
いつもお疲れ様です🙇
"
nc2b221c441216,nab43cc405584,cb93804505107614e3a73d05f3e6f49f,miyuri,miyuriii_2nd,https://assets.st-note.com/production/uploads/images/230589518/profile_5800c9cb6569b37700033b060c29e255.png?fit=bounds&format=jpeg&quality=85&width=330,2026-06-22T08:35:46.313+09:00,"よしひろさん、おはようございます！
マガジンに掲載いただき、ありがとうございます✨

よしひろさんはネットショップをされていることなのでご存知だと思いますが
意外とイベントごとって多いんですね👀
と思いました😆

そんな私は毎日よしひろさんの記事を読んでいても、父の日も忘れていました😆

いつもありがとうございます✨"
nca634f59fa967,n48ce086ad8a4,0283b96a011b3d44c7b4ae6a1ed30ae9,営業fafa | note業界No.1営業マン,kohana1112,https://assets.st-note.com/production/uploads/images/231018078/profile_b3bbbe00a8972338d5f563a39e002d1b.png?fit=bounds&format=jpeg&quality=85&width=330,2026-06-22T14:51:34.841+09:00,"よしひろさん！

たまに面接に臨む勢いくらいのコメントを頂けることがあります🤣

本当に嬉しいですが、もう少しゆるくても…。

私はその熱量で返せないかも。

って思っちゃうので、私も世間話くらい緩いのが好きです。"
nc0fde723b13ac,n48ce086ad8a4,5bdbea8d208dd57bbbc8fd9baa5f7c45,ゆきぽ,lucid_guppy4450,https://assets.st-note.com/production/uploads/images/264554398/profile_90b6430e870542ef3f3a7193eb153dee.png?fit=bounds&format=jpeg&quality=85&width=330,2026-06-22T13:22:59.549+09:00,"よしひろさん、こんにちは😊
よしひろさんは記事回りが一番なんですね♪
コメントはこうやって書きたくなった時に書きたいこと書いてるだけなので、返信なくてもいそがしいのかな?気付いてないかな?って思うくらいなんですが、
返信があったらやっぱり嬉しいので、コメントいただいた方には、すぐじゃなくてもなるべく返信お返ししたいと思ってます📮✨️

あっ、長々書いちゃった💦
なのでよしひろさんも忙しいときに無理されないでくださいね。
疲れないようにほどほどに…☘️"
nc1bd9e42aba07,n48ce086ad8a4,1958f561bbf6129cb9f2040494224ce1,mangorind2,vivid_mangorind2,https://assets.st-note.com/production/uploads/images/221570775/profile_fc9ca2ed5cc5495344196df17b41d2b3.jpg?fit=bounds&format=jpeg&quality=85&width=330,2026-06-22T12:29:49.285+09:00,"よしひろさん、またまたマガジン追加ありがとうございます😊
2ヶ月前の記事なのに突然スキが増えていて、
「え、何が起きた？」と思っていたら、よしひろさんでした笑
おかげさまで、過去記事がまた読んでいただけて嬉しいです。
いつも本当にありがとうございます！"
nce7552a76c053,n48ce086ad8a4,23e78cfab6f2de9a5a72e4b8281e05ba,志乃,gay_okapi3125,https://assets.st-note.com/production/uploads/images/283549989/profile_3a7ebea614b15d29770b137a35c8bdb0.png?fit=bounds&format=jpeg&quality=85&width=330,2026-06-22T12:19:53.216+09:00,"よしひろさん
スキやマガジン追加
ありがとうございます😊

コメントを頂いて返信させてもらう時に、本編に入りきらなかった「余談」「後日談」が入る時があります🤭

コメントを書いて下さった方が
それを必要としているかはこっちの知ったこっちゃない訳ですが、ついつい出て来てしまうので気がついたら返信の中で書いてることも🤭

コメントを書いて頂く方でも
コメントを書く事で記事よりフラットにアウトプットされてる方もいたりしますね🤔

まあ、適度な距離感と無理なくが1番楽ですね😊"
nce0b819d6c8c9,n48ce086ad8a4,6387daced3412f56911efd0f8787e44a,椿みきこ🌸季節の花ごよみ,hirata_mikiko60,https://assets.st-note.com/production/uploads/images/276282393/profile_1b76107f2c250cd2fcb0068f908ba934.png?fit=bounds&format=jpeg&quality=85&width=330,2026-06-22T11:59:32.692+09:00,"コメント返信もらうと嬉しいですが、忙しかったらスキ押すだけで大丈夫と思ってます😊
返信の手間を考えると、ご遠慮することありますね〜"
nc545233445e93,nab43cc405584,1a8146f3f46d6ccd10dcfc802c588a60,kimuny 心のまなざし,kimuny,https://assets.st-note.com/production/uploads/images/129826635/profile_9e7db9519a7719346667864f3ec7fb60.jpg?fit=bounds&format=jpeg&quality=85&width=330,2026-06-22T21:18:42.145+09:00,"よしひろさん

マガジンに掲載いただきありがとうございます✨

よしひろさんのnote心に響きます。昔々は子どもに背中に乗ってもらいましたが、今では誰も乗らなくなった父の日でした!

これからもよしひろさんのnote楽しみにしてます✨️"
nc1d2270957f4d,nab43cc405584,e0c4aa9a535879283c4ac4ce0b2f56b9,ふじ｜肌管理と美容のリアル,tasty_clover6364,https://assets.st-note.com/production/uploads/images/273332159/profile_964aac0fa36a6ce9899e20c8780e9aa4.jpeg?fit=bounds&format=jpeg&quality=85&width=330,2026-06-22T19:41:26.519+09:00,"よしひろさま✨

いつもマガジン追加してくださり本当に嬉しいです。
ありがとうございます✨✨

特別な何かがなくても「いつも通りの一日」こそが最高のプレゼントであるという結びに、じんわり温かさを感じました。

素敵な記事をありがとうございます✨✨"
nc201482af4745,n48ce086ad8a4,704663f48a1e06dc09c61069a4dd39c8,紅茶🫖｜ことばの庭,usagi_no_mimi_,https://assets.st-note.com/production/uploads/images/274861081/profile_59c361cea83d4f4d1c3e6a403c43a90b.png?fit=bounds&format=jpeg&quality=85&width=330,2026-06-23T00:36:19.609+09:00,"よしひろさん、こんばんは😊

コメント欄は世間話、と言われると少しホッとするのですが、いざ書こうとするとカチコチになって、面接を受けているみたいになります（笑）

でも、気になったところだけに反応してもいいんだなぁと思えて、少し気が楽になりました♬

先日はマガジンに追加していただき、ありがとうございました🌼✨"
nc8a098419c6ce,n48ce086ad8a4,02859a98d5bba82093a41fbea358a3b6,Chill,chill_2525,https://assets.st-note.com/production/uploads/images/267416818/profile_ec983d1b1c2cdf75a359c193306959d3.png?fit=bounds&format=jpeg&quality=85&width=330,2026-06-23T04:29:01.924+09:00,"よしひろさん、こんいちは♪

『コメント返信まで
たどり着けないくせに、
書きたいことが浮かぶと
記事だけは書いてしまう。』

これ！同じです😊
コメントは、「わかるー」と気持ちが動いたら気楽に書く、くらいが好きです😊"
nccc41cfd4035b,nab43cc405584,0af9b366e7056bb35316462e699e0daa,じゅんのすけ,juicy_lynx3773,https://assets.st-note.com/production/uploads/images/264606998/profile_3edebb8ec7da186bb321afc081d561b0.png?fit=bounds&format=jpeg&quality=85&width=330,2026-06-23T06:24:25.543+09:00,"よしひろさん、おはようございます！ ライブチケットの争奪戦、おつかれさまでした😁 

父としても息子としても、いい父の日でしたね😊 
何気ない時間が一番幸せなのかもしれませんね✨
マガジンへの追加、いつもありがとうございます！！"
nc4efed95743fe,n48ce086ad8a4,cb93804505107614e3a73d05f3e6f49f,miyuri,miyuriii_2nd,https://assets.st-note.com/production/uploads/images/230589518/profile_5800c9cb6569b37700033b060c29e255.png?fit=bounds&format=jpeg&quality=85&width=330,2026-06-23T09:58:53.373+09:00,"よしひろさん、おはようございます！
マガジンに掲載いただき、ありがとうございます✨

基本的に私はコメント自体が少ないので、全く気にしたことないです😆

いつもありがとうございます✨"
ncf02db0d694bd,n48ce086ad8a4,b6142bb7bba7964ab3acbde1fe1575d6,いくちょのやさしい毎日,honsuki_note,https://d2l930y2yx77uc.cloudfront.net/assets/default/default_profile_5-043439195e40e86fd7641a3a1daf982637d77ec6f14b67d3fc98ab92374404ac.png,2026-06-23T08:17:46.003+09:00,"師匠😊いつもマガジン追加してくださり、ありがとうございます😊✨
私も、コメント欄にも何か楽しさを織り交ぜることを意識していますが、
同じパターンになっちゃうことも
あり、で🤣
でもこうして、皆さんと交流出来て
幸せです💓"
nc29a17ce3e2ec,nab43cc405584,5fc41c7aec4f5cbe6e8062ab23bbf7bc,yayachico,open_magpie7814,https://assets.st-note.com/production/uploads/images/254370493/profile_0901b98e3dd534db8729a75af2c6b096.jpeg?fit=bounds&format=jpeg&quality=85&width=330,2026-06-23T09:42:44.352+09:00,"よしひろさん、
父の日は
ほのぼの休日を
お過ごしだったようですね🤭

我が家も子どもたちに父の日と
知らせたのですが、
何もなく😅

背中のゲシゲシも断られたました😅

かわいそうなので、
1人だけ、
特別にケーキを買ってあげました😂"
ncecced657825f,n265a0acb8b32,32a3d5ec7b1b7751c0635f2e47ea2b11,あん｜noteと遊ぶ,aging_gracefully,https://assets.st-note.com/production/uploads/images/238258843/profile_52f43522d9e7e75a12acd9d6da59035c.png?fit=bounds&format=jpeg&quality=85&width=330,2026-06-23T08:39:07.010+09:00,"考えても選択肢がなかったなぁ〜
狭い世界だったけど、結果オーライでよかった！親は何も言わなかったから、自力で答えを出すしかなかった😆"
nc3126b77eb245,n48ce086ad8a4,031a96c67c576e3bfc12a86d2606bd97,ココミチ＠ゆきの,hot_mink9599,https://assets.st-note.com/production/uploads/images/212559417/profile_9dbf6c222d0c87810aeff185afbd7f95.jpg?fit=bounds&format=jpeg&quality=85&width=330,2026-06-23T14:42:32.880+09:00,"よしひろさん、こんにちは

完璧なアンサーを返そうとするほど
言葉が重くなることがある気がしていて
「お茶を飲みながら話すように」の
たとえで、肩から少し力が抜けました

「些細なことで傷つく自分が嫌になる夜に」と
「何もできなかった日に、名前をつける」の2編を
マガジンに迎えてくださり、ありがとうございます

ゆきの"
nc0e5c52cb05e8,n1851bf82838c,23db8332cea98084334d5cec45a4129a,トウバンジャン,brave_walrus491,https://assets.st-note.com/production/uploads/images/257303193/profile_2a8a6bff1685997a324088b7ac5c6b78.png?fit=bounds&format=jpeg&quality=85&width=330,2026-06-23T12:41:24.440+09:00,よしひろ様、はじめまして！　マガジンに追加して頂きありがとうございます！　バイクに乗られんですね！　私も若い頃、無茶苦茶乗ってました。記事のホーク１１とはホークⅡの事でしょうか？それとも本当に11代目？　結婚してからは妻に禁止され乗ってません・・。羨ましいですｗ　事故にはくれぐれもお気を付けください（私はそれで、禁止されました・・・）　これからもどうぞよろしくお願いします！
nc5df535d1164a,n48ce086ad8a4,0ee830c8590e2b12d74c243f30209743,🐰りりぃ｜働く女子の心の声,unique_wren1931,https://assets.st-note.com/production/uploads/images/278691815/profile_fcfdb6eabab8f25ba11d66a2fe9fe412.png?fit=bounds&format=jpeg&quality=85&width=330,2026-06-23T20:33:37.673+09:00,"よしひろさん✨

いつもマガジンに追加してくださり、ありがとうございます🌸

今回の記事、「まさにです😭」と思いながら拝見しました。

よしひろさんがマガジンに追加してくださったおかげで、始めた頃より読んでくださる方が増えて、本当に感謝しています😌

その分、「ちゃんとお返しできているかな」「ご対応が遅くなってしまって申し訳ないな」と思うこともあって😭

でも今回の記事を読んで、コメントは完璧な答えを返す場所ではなく、会話を続ける場所なんだなと少し肩の力が抜けました😊

いつもたくさんの方と交流されている中で、こうして温かい言葉を届けてくださり本当にありがとうございます☘️✨"
ncc57559a72778,n48ce086ad8a4,50f8d2d0350a74ebb2ada78813f57255,ハゲポッコリ,hage_pokkori9663,https://assets.st-note.com/production/uploads/images/232774139/profile_3ba1074548b0a18d189e6a95912c76e2.png?fit=bounds&format=jpeg&quality=85&width=330,2026-06-23T18:17:05.500+09:00,"よしひろさん
こんばんわ！
マガジンに掲載をしていただきどうもありがとうございます。
感謝感激雨あられ、です！！！"
ncc09d0089ba63,nb00e0ec1e371,6387daced3412f56911efd0f8787e44a,椿みきこ🌸季節の花ごよみ,hirata_mikiko60,https://assets.st-note.com/production/uploads/images/276282393/profile_1b76107f2c250cd2fcb0068f908ba934.png?fit=bounds&format=jpeg&quality=85&width=330,2026-06-23T22:47:12.363+09:00,"よしひろさん、お疲れ様です！
商売繁盛ですね～
梅雨どきなので、体調にお気をつけて😊"
nc88aa3742318b,nb00e0ec1e371,23e78cfab6f2de9a5a72e4b8281e05ba,志乃,gay_okapi3125,https://assets.st-note.com/production/uploads/images/283549989/profile_3a7ebea614b15d29770b137a35c8bdb0.png?fit=bounds&format=jpeg&quality=85&width=330,2026-06-24T00:07:38.691+09:00,"よしひろさん
お疲れ様です😊

我が家の旦那さんも
毎日ぐったりです😵‍💫

よしひろさんも体調に
お気をつけてお過ごし下さい☺️"
nc3f1267bf844a,nb00e0ec1e371,cb93804505107614e3a73d05f3e6f49f,miyuri,miyuriii_2nd,https://assets.st-note.com/production/uploads/images/230589518/profile_5800c9cb6569b37700033b060c29e255.png?fit=bounds&format=jpeg&quality=85&width=330,2026-06-24T09:52:21.404+09:00,"よしひろさん、おはようございます！
マガジンに掲載いただき、ありがとうございます✨

なるほど！
超えがいがありそうですね😆

楽しんで登ってください⛰️

いつもありがとうございます✨"
nc9455610a5a42,nb00e0ec1e371,1dd5cc6f11dc1d5e7c33c9ac01922824,keimama,keiko5066,https://assets.st-note.com/production/uploads/images/223953919/profile_de82aa306e133caf82b4ae253ad0173c.png?fit=bounds&format=jpeg&quality=85&width=330,2026-06-24T07:18:17.688+09:00,"よしひろさん、おはようございます☀️
「山を越えたら次の山がデカかった」、まさにそれ！ありますよね🤣💦 次の山も、よしひろさんらしく楽しみながら乗り越えられますように🍀😊"
nc1f071fd125c6,ned27ed471128,83fad77e31a6c935ecc9efcc414620fc,こに,coni0624,https://assets.st-note.com/production/uploads/images/263845084/profile_fcac4b21de4877d4bb2ed474c4f10238.jpg?fit=bounds&format=jpeg&quality=85&width=330,2026-06-24T07:28:50.084+09:00,"よしひろさん🌸こんにちは。。
いつも素敵な記事ありがとうございます🙇✨
ちょっと忙しくなると色々悩み、休み方も分からなくなってしまうので、よしひろさんの記事に戻ってきて、ああ自分の思いを大事にしていいんだな、と安心しています🍀"
nc78988d5d0b2a,nb00e0ec1e371,0e44dcd2aa36c5fa41ef174ffb29ec95,ゐっさ,love_shin_earth,https://assets.st-note.com/production/uploads/images/261983120/profile_5fd75c9482b6ee87097ce33d5770c496.jpg?fit=bounds&format=jpeg&quality=85&width=330,2026-06-24T11:46:16.553+09:00,"よしひろさん　こんにちは😊

山あり谷ありですね🍀
応援しております🫶

マガジンでご紹介くださり
ありがとう御座いました💖
"
nca55795a578a6,nab43cc405584,d0c5765a47753e17543a7b9179cf317e,m o k a   ,crisp_rabbit1664,https://assets.st-note.com/production/uploads/images/244970963/profile_70498c82f9b680f43cff864d5947e3da.jpeg?fit=bounds&format=jpeg&quality=85&width=330,2026-06-24T14:19:31.171+09:00,"よしひろさん

マガジン追加
ありがとうございます✨️
いつも励みになってます( .ˬ.)🍀*゜

お父さまに会いに行かれたんですね
私も父の背中  よく踏んでました
懐かしいな〜

いつもありがとうございます✨️
"
nca67d2810e542,n48ce086ad8a4,c875248882b79d3d54900d64cf3f1d29,kotori,fancy_owl7264,https://assets.st-note.com/poc-image/manual/preset_user_image/production/i04f97ff72d86.jpg,2026-06-24T18:47:37.607+09:00,"よしひろさん、こんにちは
マガジンに追加して下さり、ありがとうございます。
いつも感謝してます☺️

コメントって、その方と会話する感じでなんだか恥ずかしく、緊張するんです。
でもいただくととっても嬉しいですよね。
よしひろさんの記事を読むとちょっとホッとします。
『皆違って、皆いい』ありがたい言葉です😊"
nc96869bf31892,n48ce086ad8a4,767c8845576f1857af87b095ff45c936,棚町文子,moral_lemur2303,https://assets.st-note.com/production/uploads/images/278488701/profile_96bdbaba60fe7040446dbb1485ba4222.jpg?fit=bounds&format=jpeg&quality=85&width=330,2026-06-24T18:16:19.600+09:00,"コメントはいつでも嬉しい🥰
ただ、言葉がなかなか上手く表現できない🤭なのでいつも悩みの種🤤"
nc0d6c3813dff5,naf1203f5c51e,510984e5ac67a7144de8ba1d073dd0a5,LOVEちゃん♡,quiet_teinei,https://assets.st-note.com/production/uploads/images/281631027/profile_f6409e39b7f95ff3f230ceb2b3138873.png?fit=bounds&format=jpeg&quality=85&width=330,2026-06-24T23:08:54.726+09:00,"躁鬱持ちなので、軽躁だと忙しいほどテンション上がり、鬱だとパニクります…フツーですね😂

いつもありがとうございます♡"
nc9d1f02e77f28,naf1203f5c51e,1958f561bbf6129cb9f2040494224ce1,mangorind2,vivid_mangorind2,https://assets.st-note.com/production/uploads/images/221570775/profile_fc9ca2ed5cc5495344196df17b41d2b3.jpg?fit=bounds&format=jpeg&quality=85&width=330,2026-06-24T23:08:37.563+09:00,"いつもマガジンに追加していただき、ありがとうございます😊

この記事、とても共感しながら読ませていただきました。

私は忙しくなると現実逃避を始めるタイプです（笑）

「記事を書いている時間があるなら資料を作るべき」というくだりに、思わずクスッとしてしまいました。

忙しさへの反応って本当に人それぞれですよね。

ちなみに私は、現実逃避しながら別の記事を書いたり、違うことを調べ始めたりします🤣

気分転換も含めて、その人なりの乗り切り方なのかもしれませんね。

素敵な記事をありがとうございました！
"
ncb9a4ba337cbb,naf1203f5c51e,507f6af290548393d2e76ea4681347cd,Aki｜AIと、シニア猫と、50代の暮らし,noble_sage5248,https://assets.st-note.com/production/uploads/images/287782932/profile_71352ba2ab166b6409f46c6918396cf8.png?fit=bounds&format=jpeg&quality=85&width=330,2026-06-24T22:14:13.079+09:00,"はじめまして！「テンション上がる」、私もそうなんです。なぜか楽しくなっちゃいます（笑）
今日めっちゃ忙しい日で、急に機嫌が悪くなった上司を見たので、テンション上がる派でいたいなと思いました🤭"
ncf465c570e46d,naf1203f5c51e,47516e46043a63100a906243cb142abc,太めのスローロリス,sane_zinnia9945,https://assets.st-note.com/production/uploads/images/270199774/profile_fea512eb92442ee5df26b74b3bb4e1f6.png?fit=bounds&format=jpeg&quality=85&width=330,2026-06-24T22:03:53.527+09:00,"こんにちは、私は、忙しさに忙しさが増すと、記憶が飛びます。🤭

マガジンに登録ありがとうございます、感謝です。"
nc4b9762053545,naf1203f5c51e,6387daced3412f56911efd0f8787e44a,椿みきこ🌸季節の花ごよみ,hirata_mikiko60,https://assets.st-note.com/production/uploads/images/276282393/profile_1b76107f2c250cd2fcb0068f908ba934.png?fit=bounds&format=jpeg&quality=85&width=330,2026-06-24T22:01:26.314+09:00,"よしひろさん、忙しいのに長文！
無理せず頑張ってくださ〜い😊"
nc3387049ab1c0,naf1203f5c51e,1b14ec5242b0f89c04e2ee53ca366e02,にゃんちー【いちごオレ120%】,alive_guppy3873,https://assets.st-note.com/production/uploads/images/247243911/profile_1556505783b49edbf889d17fa0f50227.png?fit=bounds&format=jpeg&quality=85&width=330,2026-06-24T21:53:09.541+09:00,"よしひろさん、こんばんは🌙

お忙しいところ、お疲れ様です💦💦

私は大パニックになって焦ります😨😨😨
3に近いかもしれませんが🤣🤣🤣

資料作り頑張ってください🫡🫡🫡"
nc3d7f1351a25f,naf1203f5c51e,dc157540cc91b85018fc2caf1ebe6e1d,空風マナミ　,sorakaze_works,https://assets.st-note.com/production/uploads/images/247072511/profile_f8c3cb6911c80de4c8b865ead1a349c6.png?fit=bounds&format=jpeg&quality=85&width=330,2026-06-25T00:29:22.337+09:00,"よしひろさん、
お疲れ様です。
忙しすぎると、秒針を見つめてしまいます。
あえて目を逸らして、
「時間は止まらないのだな」
なんて、無意識に口にしていますね☺️
休める時にゆっくり休んで、ご自愛ください！"
nc4c6efc002967,naf1203f5c51e,685d473fa4f471b5b9f52de0d570a2f0,さとりのさとり,kopailog,https://assets.st-note.com/production/uploads/images/226182676/profile_094199e7fa1bff58de5da5e07a1a43de.png?fit=bounds&format=jpeg&quality=85&width=330,2026-06-25T06:32:12.533+09:00,"脳内再起動を繰り返し
結局何も進まない
って言う感じになります😅

諦めた方が逆に進むって言うね💦
天の邪鬼さん💕"
nce8e758106acd,naf1203f5c51e,32f550dffe989e6d35ff91b609a17829,めぐり,meguri_note,https://d2l930y2yx77uc.cloudfront.net/assets/default/default_profile_3-39088fff430aa9ec11d6e2a385dbcad45c8b79bde6c0c9ded10cd7abb960174f.png,2026-06-25T05:43:53.927+09:00,"よしひろさん、お疲れ様です😊
お忙しいのに、読みにきてくださりマガジンに追加くださり本当にいつもありがとうございます♪

私は別のことをしたくなっちゃいます。
現実逃避型ですかね…笑

お身体に気をつけて、無理されませんように…
"
nc0f5db237075f,n48ce086ad8a4,66bbb253e7d8b2ba486f4415f36ee785,Noa,noachan0617,https://assets.st-note.com/production/uploads/images/269973521/profile_77ebb6ddc767747de9bb5bfef312b21b.png?fit=bounds&format=jpeg&quality=85&width=330,2026-06-25T08:10:05.802+09:00,"よしひろさん
いつもマガジンに追加いただきありがとうございます☺️
「ソファに座って、言葉を交わすように」というフレーズに、心が温かくなりました💕
返信の言葉選びに悩んでしまうこともありましたが、この記事を読んで、もっと肩の力を抜いて楽しもうと思えました✨
表現を気にしすぎず、その時々の気持ちを言葉に乗せていきたいですね🍀
いつも読者に寄り添ってくれて、ありがとうございます！また来ます📙"
nc2074978e0fdc,naf1203f5c51e,cb93804505107614e3a73d05f3e6f49f,miyuri,miyuriii_2nd,https://assets.st-note.com/production/uploads/images/230589518/profile_5800c9cb6569b37700033b060c29e255.png?fit=bounds&format=jpeg&quality=85&width=330,2026-06-25T09:58:47.412+09:00,"よしひろさん、おはようございます！
マガジンに掲載いただき、ありがとうございます✨

私はちょっと不機嫌になるかも・・・😅
そういう時は、気分転換するようにしています😊

いつもありがとうございます✨"
nc5146f1e60fc3,n4a2bedb961fa,7d6c73b694425ad5f75c93cd334fb246,だんけひつじ,danke_hituji,https://assets.st-note.com/production/uploads/images/199823276/profile_5c30c75049115159cfc6c3b0f77c3038.png?fit=bounds&format=jpeg&quality=85&width=330,2026-06-25T09:28:16.533+09:00,"よしひろさん、おはようございます。
こちらの記事が素敵でしたので、私の記事で紹介させていただきました。
事後報告になってしまって、申し訳ございません。
素敵な記事をありがとうございました！
"
nc18fa3ff80d3b,n48ce086ad8a4,9c8fd833a11e7b0c654f9fe54287850a,Myung@みょんの好き推しnote🎯,sakura_buncho,https://assets.st-note.com/production/uploads/images/277207688/profile_f427264409f45e1a4ddf67817d41c3b9.png?fit=bounds&format=jpeg&quality=85&width=330,2026-06-25T15:40:20.189+09:00,"よしひろさん
こんにちは♪
マガジン追加、ありがとうございました♪とても励みになります！

コメント返信、同じになってるな〜って
結構あります。
これ地味に悩みますね。
そして最後は、
もうこれでいい！えいっ！と送信ボタンを押してます☺️"
nc123098461f93,n5048d60d71e4,e0c4aa9a535879283c4ac4ce0b2f56b9,ふじ｜肌管理と美容のリアル,tasty_clover6364,https://assets.st-note.com/production/uploads/images/273332159/profile_964aac0fa36a6ce9899e20c8780e9aa4.jpeg?fit=bounds&format=jpeg&quality=85&width=330,2026-06-25T13:38:15.414+09:00,"よしひろさま✨
以前読ませていただいたこちらの記事にて今更ながら、コメント失礼します。
昔の記事を読みにきてもらえるってすごく光栄な事。
最近何度か私の始めたばっかりの頃の記事を読んでくださってマガジン追加してくださって、「え？よしひろさま？え！神！？✨✨」くらい思っていました🥹嬉しかったです。
まだまだ色々設定すらまともに整っていなかった頃の記事。まだ誰にも大して読まれていなかった頃の記事。ですので、なんだか胸が熱くなりました🥰
お忙しい中温かいお心遣い、ありがとうございます✨✨
よしひろさまの次回作、楽しみにしています！"
ncaae46c02887f,naf1203f5c51e,4a511d143f8970c0e284a6182afc6cfa,涼鈴suzu,suzu_story,https://assets.st-note.com/production/uploads/images/230968642/profile_eabb1e844000a408e63be52a33676754.png?fit=bounds&format=jpeg&quality=85&width=330,2026-06-25T19:08:03.156+09:00,"わたくし、独り言が増えて、テンション高めになります。
そして、脳内では「情熱大陸」が流れます☺️"
nc529c55168a3f,nab43cc405584,34987bbf50be44cfbc1419a1df6f8760,ツムジ,tsumuji264,https://assets.st-note.com/production/uploads/images/231588271/profile_d0f51b83720ce83ce2be707571e96762.png?fit=bounds&format=jpeg&quality=85&width=330,2026-06-25T20:45:26.227+09:00,"よしひろさん、こんばんは！
マガジン追加ありがとうございます🙇‍♂️

どうしても背中を踏まれたいよしひろさんに笑ってしまいました☺️

何気ない一日こそ案外いちばん贅沢なのかもしれませんね！
楽しく読ませていただきました！"
nc78ac921a9fc8,n48ce086ad8a4,fe6a3dfbf579f7f9f0eadb36aa5260ab,しずく,lucky_ram4890,https://assets.st-note.com/production/uploads/images/270484515/profile_f2deb3775d1acb5fb6b143d8ce8fd4b7.png?fit=bounds&format=jpeg&quality=85&width=330,2026-06-26T00:21:46.651+09:00,"よしひろさん
マガジン追加してくださり、ありがとうございます。

記事を読ませていただき、確かに、と頷いてしまいました。
そうですよね、十人十色で良いですよね😊

お忙しいとは思いますが、
ご自愛ください。
今後ともよろしくお願いします。"
nc3c68f89ee51d,n41ce53313e8d,23e78cfab6f2de9a5a72e4b8281e05ba,志乃,gay_okapi3125,https://assets.st-note.com/production/uploads/images/283549989/profile_3a7ebea614b15d29770b137a35c8bdb0.png?fit=bounds&format=jpeg&quality=85&width=330,2026-06-26T00:00:18.871+09:00,"よしひろさんのそのマインド
好きです😊
というか今だからこそ
曖昧さがあった時代の良い部分が求められているのだと思いました🤔

対面で会うことが少なくなった分
人は人に会いたがるし
文字で会話をするのが当たり前のツールになったらなったで
電話すれば時間が溶けるほど長話になる🫠📱

最期の瞬間に「いい人生だった」と思えたらそれでいっかーと思ってます😂"
nce5c91406a320,naf1203f5c51e,32a3d5ec7b1b7751c0635f2e47ea2b11,あん｜noteと遊ぶ,aging_gracefully,https://assets.st-note.com/production/uploads/images/238258843/profile_52f43522d9e7e75a12acd9d6da59035c.png?fit=bounds&format=jpeg&quality=85&width=330,2026-06-25T23:52:02.594+09:00,"忙しいの大好き💕
イレギュラーもドンとコイ
クリアしていく感覚が楽しかった😁"
ncdebef6b8348e,n48ce086ad8a4,bede9bd0a510b6a3b89dcb460dd51ef5,ルルトアヤコ,lovely_coyote546,https://assets.st-note.com/production/uploads/images/279549033/profile_3d53a17ce59c090b43145099e9a86669.png?fit=bounds&format=jpeg&quality=85&width=330,2026-06-26T15:01:58.281+09:00,"やった〜200個目のスキ押せた〜💜なんか、ラッキー。

コメント…私もかなりズレたこと書いてるなぁって、気になる時あります😆

通りいっぺんすぎるかな？とか…

よしひろさん、いつもマガジン追加、ほんまにありがとうねー😊嬉しい😆💜💜"
nc552d0e9c09f0,n48ce086ad8a4,6b596ccd1b450ff44ba481e372ac581c,sayu,humble_koala3868,https://assets.st-note.com/poc-image/manual/preset_user_image/production/ic3fd94079689.jpg,2026-06-26T11:11:14.613+09:00,"よしひろさん、はじめまして。
マガジンに追加していただき、ありがとうございます。
とても嬉しく、ご縁に感謝しております✨

私自身はコメントをいただくのはとても嬉しいのですが、返す言葉に迷ってしまったりして返信が遅くなったりしてしまいます💦

正解を返す場所というより、
会話を続ける場所。

確かに、そうだなって思いました！

どうぞよろしくおねがいします😊
"
nc523f5b913d4a,n70d0371551aa,bede9bd0a510b6a3b89dcb460dd51ef5,ルルトアヤコ,lovely_coyote546,https://assets.st-note.com/production/uploads/images/279549033/profile_3d53a17ce59c090b43145099e9a86669.png?fit=bounds&format=jpeg&quality=85&width=330,2026-06-26T20:19:04.237+09:00,"読ませてもらいありがとうございます💖💖💝

よしひろさんの記事を読むと、安心感が広がる感じがします。

ホッとすると言うか…🧡"
nca8657db64eb9,n41ce53313e8d,4ee0f6f8a45c0d60bd487622a46a2ebd,ぷかり,pukari_note,https://assets.st-note.com/production/uploads/images/278486905/profile_6c0f7d7500d6330ed9cebd843356cb1a.png?fit=bounds&format=jpeg&quality=85&width=330,2026-06-26T17:51:23.908+09:00,"よしひろさん、こんばんは🌛
いつも、マガジンへの登録をありがとうございます✨️

なにかというと、○○ハラになる世の中なので、
実はだんだんと、窮屈にはなってるのかなぁ……とは思います🤔🫧
今ほど整っていなかったですが、昭和時代の大雑把さが懐かしいです（笑）

"
nc8ac9dd9f42d0,n41ce53313e8d,4a511d143f8970c0e284a6182afc6cfa,涼鈴suzu,suzu_story,https://assets.st-note.com/production/uploads/images/230968642/profile_eabb1e844000a408e63be52a33676754.png?fit=bounds&format=jpeg&quality=85&width=330,2026-06-26T17:50:58.801+09:00,"手のひらをクルクル返せばいい☺️
ありがたいお言葉です。
一度決めても状況が許さず変更を迫られた時、意固地にならず、臨機応変にいきます！"
ncaff694416121,n41ce53313e8d,0c3d85b6338dc53dca445ab80aa42d97,シンプル,sinpuru50_note,https://assets.st-note.com/production/uploads/images/269727003/profile_3c4e525691cf98f115794d8b2e78df33.jpg?fit=bounds&format=jpeg&quality=85&width=330,2026-06-26T10:43:00.788+09:00,"よしひろさん、はじめまして😄いつも、マガジンの仲間に入れてくださり感謝！感謝です✨
サラッとした文章に惹かれて、本当はどんな方なんだろう？と思い、興味津々で読みに来てしまいます。
いつもありがとうございます🍀"
nc9d9e21e0c480,n41ce53313e8d,8436fb3cac5c8de9eee49a0b5f34b6cd,Asahi,cheeky_phlox2084,https://assets.st-note.com/production/uploads/images/254994516/profile_e4bd829ad26a90b6782072a6f30ece93.jpeg?fit=bounds&format=jpeg&quality=85&width=330,2026-06-26T10:14:31.248+09:00,"いつも記事をマガジン登録していただきありがとうございます<m(__)m>

新語が蔓延しすぎて追いつけないです(笑)
きっと私に出会うことなく去っていった「言葉」がたくさんあります。
私はnoteを始めてからたくさん「言葉」に出会いました。そして言葉ができたきっかけを知ることは、考え方に触れるという事、結果、自分の世界が広がっていると最近思っています。"
ncdbcd7d7defd7,n41ce53313e8d,cb93804505107614e3a73d05f3e6f49f,miyuri,miyuriii_2nd,https://assets.st-note.com/production/uploads/images/230589518/profile_5800c9cb6569b37700033b060c29e255.png?fit=bounds&format=jpeg&quality=85&width=330,2026-06-26T10:08:33.281+09:00,"よしひろさん、おはようございます！
マガジンに掲載いただき、ありがとうございます✨

縛られるのが嫌いな私は息ぐるしさを感じてしまいますね。
ヒョイヒョイと波乗り出来ればいいんでしょうけどね🏄‍♀️

適当なところで「ま、いっか」精神も大事かもしれないですね😊

いつもありがとうございます✨"
ncd3bc431bcea6,n41ce53313e8d,6387daced3412f56911efd0f8787e44a,椿みきこ🌸季節の花ごよみ,hirata_mikiko60,https://assets.st-note.com/production/uploads/images/276282393/profile_1b76107f2c250cd2fcb0068f908ba934.png?fit=bounds&format=jpeg&quality=85&width=330,2026-06-26T08:28:21.436+09:00,"パープル企業という言葉、知りませんでした☺️
白黒決めすぎると息苦しいので、曖昧なほうが気楽ですね～"
nc5453911d9e50,nd90108990291,bede9bd0a510b6a3b89dcb460dd51ef5,ルルトアヤコ,lovely_coyote546,https://assets.st-note.com/production/uploads/images/279549033/profile_3d53a17ce59c090b43145099e9a86669.png?fit=bounds&format=jpeg&quality=85&width=330,2026-06-26T20:07:10.917+09:00,"なんか、ね。

希望が湧いてきましたよ。

ありがとうございます💖💖💝"
nc38c82af1fd93,n48ce086ad8a4,bd582364aa0b44c3434da1c766e830cf,小島すがも,kojima_sugamo,https://assets.st-note.com/production/uploads/images/285324530/profile_9d0cb7a9b5d306860a0cab9a95f15b9d.jpg?fit=bounds&format=jpeg&quality=85&width=330,2026-06-27T11:17:05.358+09:00,"初めまして。
マガジン追加して下さってありがとうございます😊
嬉しいです！！"
nc27a9a494e1ed,n41ce53313e8d,1dd5cc6f11dc1d5e7c33c9ac01922824,keimama,keiko5066,https://assets.st-note.com/production/uploads/images/223953919/profile_de82aa306e133caf82b4ae253ad0173c.png?fit=bounds&format=jpeg&quality=85&width=330,2026-06-27T08:58:12.491+09:00,"よしひろさん、こんにちは😊
「手のひらをクルクル返せばいい」という言葉に、とても救われました🥰"
ncc45c765b4025,n41ce53313e8d,a637bf4e7615793e9147c093eeed9db0,あおい｜仕事と本音のあいだ,charm_loris2565,https://assets.st-note.com/production/uploads/images/247348666/profile_ca31673512c650bfe156dc7e5e77a9f0.png?fit=bounds&format=jpeg&quality=85&width=330,2026-06-27T07:44:38.327+09:00,"変わることは過去の自分を否定することではない、という言葉に深く頷きました☺️

本質にあるのは「より良くしたい！」という純粋な思いであって、自分自身の軸は一切ブレていないんですよね✨
だからこそ、頭では理解できても心がうまく割り切れない葛藤に、人間らしさが詰まっているのかもしれないですね🍀

マガジンの追加、いつも本当にありがとうございます🧸🫧"
nca9ae31b33e69,n9094cf5dc798,cb93804505107614e3a73d05f3e6f49f,miyuri,miyuriii_2nd,https://assets.st-note.com/production/uploads/images/230589518/profile_5800c9cb6569b37700033b060c29e255.png?fit=bounds&format=jpeg&quality=85&width=330,2026-06-27T08:37:21.339+09:00,"よしひろさん、おはようございます！
マガジンに掲載いただき、ありがとうございます✨

その時は「絶対！」って思ってても、残念ながら変化しちゃうんですよね〜😅
もちろんその変化がいい方にも悪い方にも😆

絶対と思いつつ、少し曖昧なくらいがちょうどいいのかもしれませんね😊

いつもありがとうございます✨"
nc6641e9f5093f,n70d0371551aa,713c3616cbaa3eb3711bf4f872c77df7,パタコ,auwa_44,https://assets.st-note.com/production/uploads/images/287083278/profile_6318ae2666d33efeda6208009c0cf0b7.png?fit=bounds&format=jpeg&quality=85&width=330,2026-06-27T18:13:57.665+09:00,"よしひろさん♪
最近グルグルと考えていたことがまさに記事に🌈
ありがとうございます♡

よしひろさんはいつもほんまにわかりやすくて、
感謝が溢れます✨

この度も色々とヒントをいただきました🤲✨

そしていつもマガジンへのお迎えも感謝です💖
存在に感謝✨


"
nce3e178939cfa,n0882fb815368,907edc26ecc556b380bd733caf94e5cc,JAU |  臨床検査技師×医療副業,jau_jau1001,https://assets.st-note.com/production/uploads/images/238898866/profile_b47389bc5953cb4d37cf45a1d4d208c2.png?fit=bounds&format=jpeg&quality=85&width=330,2026-06-27T23:57:53.847+09:00,"例えば子どもの頃は、
テスト勉強なんて
からっきしだった人でも、

親になると、
子どもの成績を気にしたりする。

まぁ、僕の話なんですが🙄

まさに私もです🤣💦w
やらかしてますよね〜😱w"
nc797a03b1eff8,n48ce086ad8a4,b12f4789f42e544c7c93808298864193,moci moci 可視総合光線療法,charm_phlox8784,https://assets.st-note.com/production/uploads/images/240481675/profile_4b52f7706e5234e13b438ad2c609fa94.png?fit=bounds&format=jpeg&quality=85&width=330,2026-06-28T11:01:50.515+09:00,"よしひろさんおはようございます🌞

マガジン追加ありがとうございます♡

またよろしくお願いします🥺"
nca4a6ef0db8bc,n0882fb815368,cb93804505107614e3a73d05f3e6f49f,miyuri,miyuriii_2nd,https://assets.st-note.com/production/uploads/images/230589518/profile_5800c9cb6569b37700033b060c29e255.png?fit=bounds&format=jpeg&quality=85&width=330,2026-06-28T08:58:20.684+09:00,"よしひろさん、おはようございます！
マガジンに掲載いただき、ありがとうございます✨

表現するって自分だけで完結するんだったらいいんですけど、
対「人」が絡むと難しくなる場面ってありますよね😅

そんなつもりで言ったわけじゃないのにとか。
そのあたりの線引きが難しいところではあります。

言語化も時間かけて鍛えるしかないのかもしれないですね😊

いつもありがとうございます✨"
nc611795e8303e,n70d0371551aa,7d6c73b694425ad5f75c93cd334fb246,だんけひつじ,danke_hituji,https://assets.st-note.com/production/uploads/images/199823276/profile_5c30c75049115159cfc6c3b0f77c3038.png?fit=bounds&format=jpeg&quality=85&width=330,2026-06-28T06:21:10.632+09:00,"よしひろさん、おはようございます。
私は、数字が大の苦手で、数字を追い出すと
やる気がなくなってくるタイプ(^^;;
なので、どう数字を扱っていくかが自分にとっては
大切だと感じていたので、とても学びになりました。
素敵な記事をありがとうございました✨"
ncc935a1788afa,n70d0371551aa,d58df56d72e51835fa8597640954d50b,道草ノート🌿ゆう,koya1970,https://assets.st-note.com/production/uploads/images/280082912/profile_27c6de0e430e96c942efcfde0e0dc5ce.jpeg?fit=bounds&format=jpeg&quality=85&width=330,2026-06-28T16:12:07.103+09:00,"時々やってくる、何のためにnoteをやっているんだっけ？🙄の気持ちに、
そうだったそうだった🤣をプラスしてくれる内容。
ありがとうございます😊"
nc6cb41ad56e23,n48ce086ad8a4,1958f561bbf6129cb9f2040494224ce1,mangorind2,vivid_mangorind2,https://assets.st-note.com/production/uploads/images/221570775/profile_fc9ca2ed5cc5495344196df17b41d2b3.jpg?fit=bounds&format=jpeg&quality=85&width=330,2026-06-29T00:02:14.085+09:00,"よしひろさん

今回もマガジンに追加していただき、ありがとうございます！

研究成果を継続してご覧いただけること、研究者冥利に尽きます🍶

今後も現地調査（※主に居酒屋および終電車内）を続けながら、新たな法則の発見に努めてまいります。

……とはいえ、終点までの実証実験はほどほどにしたいと思います（笑）
"
nc89e8d7bd52a1,n08b4ec0178e0,6387daced3412f56911efd0f8787e44a,椿みきこ🌸季節の花ごよみ,hirata_mikiko60,https://assets.st-note.com/production/uploads/images/276282393/profile_1b76107f2c250cd2fcb0068f908ba934.png?fit=bounds&format=jpeg&quality=85&width=330,2026-06-29T13:48:02.670+09:00,"そうは言いましても、文句を言うのも楽しいんですよ～
そういう芸風もありますね～
小梅太夫とか？"
nc9d16dae6565e,n094f38ba275b,e0c4aa9a535879283c4ac4ce0b2f56b9,ふじ｜肌管理と美容のリアル,tasty_clover6364,https://assets.st-note.com/production/uploads/images/273332159/profile_964aac0fa36a6ce9899e20c8780e9aa4.jpeg?fit=bounds&format=jpeg&quality=85&width=330,2026-06-29T09:12:59.332+09:00,"よしひろさま🌻
私も仕事や日々の忙しさのなかで、毎日投稿ができないことやや気にしてしまっていました😞
ですが、よしひろさんの「完成度が下がってもいい。うまく書けない日があってもいい。それでも、まずは続けてみよう。」という言葉に心が救われました✨
私もこのカフェのような心地よい空間にいるかのように、自分なりのペースで続けていきたいと思います✒️素敵なお話ありがとうございました。"
nc0896045f2617,n0882fb815368,290f76d99eb40b676ce764b1c2a200e3,Takanashi（たかなし）,takanashi_note01,https://assets.st-note.com/production/uploads/images/285979760/profile_93df0f9e814c2db6eb30332fe307f173.png?fit=bounds&format=jpeg&quality=85&width=330,2026-06-29T13:23:22.465+09:00,"単なる「気まぐれ」と「直感」の間には、大きな違いがあると感じております。
経験則に基づく「直感」は、今までに蓄積された膨大なデータから導き出される、ほんのわずかな違和感などに気づくことができる力であり、それは無視できないと考えております。
また「考えるな、感じろ」の中には、頭の中で考えるレベルを通り越して、肌感覚で即座に行動できるほどに「習慣化」することの重要性が、含まれていると考えております。
もちろん、私の私見でしかないため、もっと奥深いものであることは、間違いないと思いますが……。"
ncd1fb152b32b4,n41ce53313e8d,704663f48a1e06dc09c61069a4dd39c8,紅茶🫖｜ことばの庭,usagi_no_mimi_,https://assets.st-note.com/production/uploads/images/274861081/profile_59c361cea83d4f4d1c3e6a403c43a90b.png?fit=bounds&format=jpeg&quality=85&width=330,2026-06-29T08:46:11.628+09:00,"よしひろさん、おはようございます。

手の平クルクル〜♬
私も必要なときは、手の平クルクル返していこうと思います☺️

マガジンへの追加もありがとうございます♬"
nc41a44704ac49,n08b4ec0178e0,0ee830c8590e2b12d74c243f30209743,🐰りりぃ｜働く女子の心の声,unique_wren1931,https://assets.st-note.com/production/uploads/images/278691815/profile_fcfdb6eabab8f25ba11d66a2fe9fe412.png?fit=bounds&format=jpeg&quality=85&width=330,2026-06-29T18:15:38.486+09:00,"よしひろさん😊

いつもマガジンに追加してくださり、本当にありがとうございます✨
毎回とても励みになっています🌸

今回もタイトルを見ただけで、「おぉ！そういう考え方があるんだ」と思って記事を開きました☺️

読んでみると、「自分の家の芝を青く染め上げてしまおう」という発想に、なるほど…！とさらに驚きました😳

よしひろさんの記事は、言葉はいつも優しくて温かいのに、視点がとても鋭いので、そのギャップに毎回気持ちが忙しいです😂

私は、いつまで経っても人と比べてしまう癖がなかなか抜けないので、これからは少しずつ「自分の家の芝を青く見る」ことにも挑戦してみようと思います。

いつも素敵な気づきをありがとうございます☘️"
nc24e760742c8b,n08b4ec0178e0,031a96c67c576e3bfc12a86d2606bd97,ココミチ＠ゆきの,hot_mink9599,https://assets.st-note.com/production/uploads/images/212559417/profile_9dbf6c222d0c87810aeff185afbd7f95.jpg?fit=bounds&format=jpeg&quality=85&width=330,2026-06-29T18:08:47.457+09:00,"よしひろさん、こんにちは

自分に向けていた目をいったん外に置いて
眺め直してみる

そのくるりとした動きに
どこか息が楽になる感じがありました

以前「気分を切り替えるキッカケ」と
おっしゃっていたのが
こういう視点のことなのかなと
静かにうなずいていました

「正しいと思うのに、何かが残る夜に」と
「また同じことを繰り返してしまった夜に」を
マガジンに迎えてくださり、ありがとうございます

ゆきの"
nc1e575e2a041f,n08b4ec0178e0,a3b393748448993682c446017554f28a,りこ@一生養生,riko_83,https://assets.st-note.com/production/uploads/images/242853208/profile_868cf0850d54d0a98ca0406d82454cfa.png?fit=bounds&format=jpeg&quality=85&width=330,2026-06-29T17:29:48.642+09:00,"こんにちは☀
伝わりますか？
この尊敬のまなざし👀✨️✨️✨️"
nc07627a5a6092,n08b4ec0178e0,1b14ec5242b0f89c04e2ee53ca366e02,にゃんちー【いちごオレ120%】,alive_guppy3873,https://assets.st-note.com/production/uploads/images/247243911/profile_1556505783b49edbf889d17fa0f50227.png?fit=bounds&format=jpeg&quality=85&width=330,2026-06-29T14:21:41.364+09:00,"よしひろさん、こんにちは☀️

英語のことわざだったんですね😳😳😳
確かに芝生って日本よりアメリカ、ヨーロッパですもんね😳✨
でもそんな事を思うのも人類共通🫢🤣

お勉強になりました🤩✨
ありがとうございます🤩🙏"
nc78436c880134,n08b4ec0178e0,2d406665091dc8a0c2999ebfd0d8aa51,ふくふく,rapid_abelia74,https://assets.st-note.com/production/uploads/images/199863135/profile_fd5c1143f3022a450752d18a86437b41.png?fit=bounds&format=jpeg&quality=85&width=330,2026-06-29T20:32:17.592+09:00,"よしひろさん

こんばんは🌙
マガジンに追加していただき、ありがとうございます☺️
隣の芝生がよく見えることは多々ありますが、逆に他人からの見かたというのを考えるのも、面白いなと感じました✨
"
ncc67d699c6f76,n094f38ba275b,318d0f2260033fed8c47ced01cacaec5,心の軌跡を届けるAyuna☆　誰かの勇気になるために,sasn,https://assets.st-note.com/production/uploads/images/241119400/profile_5d6f0f7bd87b0faeaf16702f2a48a204.png?fit=bounds&format=jpeg&quality=85&width=330,2026-06-29T18:47:33.292+09:00,"こんにちはー✨
季節感が出ているのすごく好き～
季節のお花やお菓子があるだけで、情緒豊かになる😊✨️
「忙しいは理由にならない」という気持ちで仕事に取り組んでいますよー！
今年のnoteは去年書いたものをじっくり見直しながら、書きたいなってときに書いてます😄✨️"
nc34ea19161449,n08b4ec0178e0,1958f561bbf6129cb9f2040494224ce1,mangorind2,vivid_mangorind2,https://assets.st-note.com/production/uploads/images/221570775/profile_fc9ca2ed5cc5495344196df17b41d2b3.jpg?fit=bounds&format=jpeg&quality=85&width=330,2026-06-29T21:47:21.304+09:00,"よしひろさん

「自分の家の芝も青い」って、いい言葉ですね。
自分をヨソ様を見るような目で眺める、という視点が印象に残りました。

そしてこのたびは、私の記事をマガジンに追加してくださりありがとうございます。
少し書くのに迷っていた内容だったので、見つけていただけてとてもうれしかったです。"
ncd33f9962ef2e,n08b4ec0178e0,1dd5cc6f11dc1d5e7c33c9ac01922824,keimama,keiko5066,https://assets.st-note.com/production/uploads/images/223953919/profile_de82aa306e133caf82b4ae253ad0173c.png?fit=bounds&format=jpeg&quality=85&width=330,2026-06-30T06:03:32.559+09:00,"よしひろさん、おはようございます😊

「自分の家の芝もけっこう青いよ」という言葉が素敵でした✨
つい隣ばかり見てしまいますが、自分の芝も青く見てあげたいなぁと思いました🥰🍀"
nc7dae44af3470,n08b4ec0178e0,cb93804505107614e3a73d05f3e6f49f,miyuri,miyuriii_2nd,https://assets.st-note.com/production/uploads/images/230589518/profile_5800c9cb6569b37700033b060c29e255.png?fit=bounds&format=jpeg&quality=85&width=330,2026-06-30T10:18:33.124+09:00,"よしひろさん、おはようございます！
マガジンに掲載いただき、ありがとうございます✨

隣の芝までは見てませんでしたが、昨日は少しそんな感じでしたね〜😆
「こんな日もあるさ」そう思って乗り切りました😊

いつもありがとうございます✨"
ncd7ce5335e4b7,n08b4ec0178e0,bede9bd0a510b6a3b89dcb460dd51ef5,ルルトアヤコ,lovely_coyote546,https://assets.st-note.com/production/uploads/images/279549033/profile_3d53a17ce59c090b43145099e9a86669.png?fit=bounds&format=jpeg&quality=85&width=330,2026-06-30T10:16:07.773+09:00,"よしひろさん🩵

なるほどねー(((･д･｡)ﾎｫﾎｫ

自分をよそ様としてみる♡

私も、人と比べてはσ(♡∞♡)💕落ち込む(-_-)悪いクセあるけど､それ、いい視点(  ` -´ )bｲｲﾈｯ✨

よそ者として見てみるよ👀

案外良い奴かも(￣▽￣;)しれません🤗🍀

いつもマガジン♡にお招き頂きありがとうございます(((o(*ﾟ▽ﾟ*)o)))"
nc628f16b548c7,n08b4ec0178e0,32a3d5ec7b1b7751c0635f2e47ea2b11,あん｜noteと遊ぶ,aging_gracefully,https://assets.st-note.com/production/uploads/images/238258843/profile_52f43522d9e7e75a12acd9d6da59035c.png?fit=bounds&format=jpeg&quality=85&width=330,2026-06-30T15:03:06.258+09:00,"にっちもさっちもいかないときこそ、ヨソさま目線ですね！

noteではイマイチよくわからないまま、進んでいます
まいっか状態です😊"
ncb5738742bf4d,n41ce53313e8d,2d406665091dc8a0c2999ebfd0d8aa51,ふくふく,rapid_abelia74,https://assets.st-note.com/production/uploads/images/199863135/profile_fd5c1143f3022a450752d18a86437b41.png?fit=bounds&format=jpeg&quality=85&width=330,2026-06-30T16:11:46.042+09:00,"よしひろさま

いつもありがとうございます😊
スキを押したら、かわいいよしひろ君のイラストがでて、癒されました✨　
また押させていただきますね🤭"
nc93a800798ddd,n08b4ec0178e0,ad5c88620476f577bbad284aba6e1911,おがたまゆみ｜ボディスピーチ創始者｜グローバルスピーチコーチ,ogatamayumin,https://assets.st-note.com/production/uploads/images/196251995/profile_85dd5341f28b823738e2dc1e5ddcedcd.jpg?fit=bounds&format=jpeg&quality=85&width=330,2026-06-30T17:58:30.479+09:00,"自分の家の芝を青く見るって、いいですね！
見方を変えたら、ワクワクしてきました✨
ぜひ、今日から取り入れてみようと思いました😊
記事を追加くださり、嬉しかったです！
ご縁に感謝です✨"
nc769778cec467,n08b4ec0178e0,c1a9bb683f0a8db9504909e925ef1b86,小芝 凛  ╱Rin  Koshiba,rin_koshiba,https://assets.st-note.com/production/uploads/images/238873241/profile_c7652ed087bc514a276653727f8845c7.png?fit=bounds&format=jpeg&quality=85&width=330,2026-06-30T17:17:33.991+09:00,"よしひろさん✨

その視点❣️そうですね～
なんか納得感あります☺️"
nc1c6211a81865,n41ce53313e8d,bc18c45daaece1b8d5576deddda5ac86,結帆の『こっそり神様手帖』歩くパワースポット修行中,kossori_yuiho,https://assets.st-note.com/production/uploads/images/272254266/profile_de8c5895c1383cefa404230a4417062a.png?fit=bounds&format=jpeg&quality=85&width=330,2026-06-30T22:58:37.855+09:00,"よしひろさん、こんばんは。
いつもマガジンに追加していただき、ありがとうございます😊

変わることは、
過去の自分を否定することではない。

そっか、そうだよねって、この言葉をゆっくり噛みしめていました。
過去の自分を受け入れた上で、変わってもOKだよねって。

うまく言語化できないですけど、なんだか安心しました☘️"
nc0e1e9117b0d2,n143dee8f2f91,cb93804505107614e3a73d05f3e6f49f,miyuri,miyuriii_2nd,https://assets.st-note.com/production/uploads/images/230589518/profile_5800c9cb6569b37700033b060c29e255.png?fit=bounds&format=jpeg&quality=85&width=330,2026-07-01T10:28:52.442+09:00,"よしひろさん、おはようございます！
マガジンに掲載いただき、ありがとうございます✨

人それぞれの色んな解釈があるから時におもしろく、時にめんどくさくもあり😆

そして、大体なんとかなりますよね！
そんなものだと思います😊

いつもありがとうございます✨"
nc3993bf276232,n08b4ec0178e0,847c199a39e4429037f580577fa0edde,ミヤビテック＠防水屋のAI防水プロジェクト,miyabitech01,https://assets.st-note.com/production/uploads/images/279961772/profile_694190e8cfa4953a2c5eecc58950303c.png?fit=bounds&format=jpeg&quality=85&width=330,2026-07-01T14:32:27.370+09:00,"読ませていただきました。
ミヤビテックといいます。
よろしくお願いします🙇"
nc47d95d763aeb,nb00e0ec1e371,2d406665091dc8a0c2999ebfd0d8aa51,ふくふく,rapid_abelia74,https://assets.st-note.com/production/uploads/images/199863135/profile_fd5c1143f3022a450752d18a86437b41.png?fit=bounds&format=jpeg&quality=85&width=330,2026-07-01T16:44:10.553+09:00,"よしひろさん

マガジンに追加していただき、ありがとうございます🙇‍♀️
スキを押して、でてくる飼い猫ちゃんもかわいいですね✨
癒されます🤭"
nc905fd771bcb8,n08b4ec0178e0,22154b78cc958d372a9fdd30f4e7402a,hana✽子育て＆教員のマインドサポーター,nosmile_nolife,https://assets.st-note.com/production/uploads/images/204461714/profile_6122440d45be798ae1dea643c7f3c995.jpg?fit=bounds&format=jpeg&quality=85&width=330,2026-07-01T20:02:18.792+09:00,"確かに、他人から見たら羨ましいなーと思われてるかも、と思ったらちょっと気が楽になりました笑

マガジン追加、ありがとうございます。他の方の記事も読みにうかがってますが、どの方も素敵で、読んで和むものばかり✨️よしひろさんセレクション、すごいです！"
nc23c87eca46bc,n08b4ec0178e0,94518051b69fff25a91c76f6db742243,星ママ | AI×主婦,hoshimama3,https://assets.st-note.com/production/uploads/images/285635307/profile_2b8e8b24961e02daa82f47909dcfdb63.png?fit=bounds&format=jpeg&quality=85&width=330,2026-07-01T18:01:57.989+09:00,"よしひろさん〜
こんにちは。
自分を他人の目で眺めてみるという発想が新鮮で、月曜の朝から気持ちが少し軽くなりました。
面倒だなと思っていることも、誰かから見れば責任感があってカッコイイと思えるなんて、こういう見方を習慣にしたいですね。✨"
nca49814b5b094,n0ee8f90f4ac0,e0c4aa9a535879283c4ac4ce0b2f56b9,ふじ,tasty_clover6364,https://assets.st-note.com/production/uploads/images/273332159/profile_964aac0fa36a6ce9899e20c8780e9aa4.jpeg?fit=bounds&format=jpeg&quality=85&width=330,2026-07-01T20:21:03.402+09:00,"よしひろさま✨
よしひろさまのアイコン、なにげにすごく好きです😊
簡単そうな絵なのにすごく惹かれます。
よしひろちゃん、かわいいですね！！
"
ncc582f26d0167,n0ee8f90f4ac0,6387daced3412f56911efd0f8787e44a,椿みきこ🌸季節の花ごよみ,hirata_mikiko60,https://assets.st-note.com/production/uploads/images/276282393/profile_1b76107f2c250cd2fcb0068f908ba934.png?fit=bounds&format=jpeg&quality=85&width=330,2026-07-01T20:08:31.423+09:00,"よしひろさん、アイコンだんだん柔らかくなってきたんですね！
パラパラ漫画が作れそうですよね😂"
nc5d0fdbf51b20,n0ee8f90f4ac0,1ce970a5ba93a78a0a404ec0dd459972,0077,kazuko0077,https://assets.st-note.com/production/uploads/images/279938362/profile_8822fde58d795b2138b86a8850bbb143.png?fit=bounds&format=jpeg&quality=85&width=330,2026-07-01T20:01:09.579+09:00,"よしひろさん
マガジン追加
ありがとうございます☺️私は長い文章が
かけなくて😅
長い文章かけるように
なりたいです🌱"
nca2af80d30ff0,n0ee8f90f4ac0,15b07889aa53dbf10c9cb1b67625f4b4,rika🌷,meina_rikamizuki,https://assets.st-note.com/production/uploads/images/238910767/profile_373a9816961e0c2decd5f9e33be51347.png?fit=bounds&format=jpeg&quality=85&width=330,2026-07-01T18:43:16.048+09:00,"文字数って難しいですよね💦

永遠の課題だよな〜って思いながら、あまり長くなりすぎないように書こうと思って文章書いてます🥹

でも、私はちゃんと書く時間があるときは、500文字以上1500文字未満を目指してます✨️"
ncc01db1f11419,n0ee8f90f4ac0,23e78cfab6f2de9a5a72e4b8281e05ba,志乃,gay_okapi3125,https://assets.st-note.com/production/uploads/images/283549989/profile_3a7ebea614b15d29770b137a35c8bdb0.png?fit=bounds&format=jpeg&quality=85&width=330,2026-07-01T18:14:14.924+09:00,"よしひろさんのアイコンが
すこーしずつ変わってるの
めちゃくちゃツボです😂
よしひろちゃん、かわいい😆✨

文字数、わたしも読みながら、書きながら思います🤔

冒頭に「◯◯文字以内の記事です」
みたいな表現を用いている方も
たまにお見受けしますが
「読む」のが好きなので
導入部に入る前に撤退してしまうこともあったり、なかったり🥸"
nc65660bb481d2,n0ee8f90f4ac0,ad5c88620476f577bbad284aba6e1911,おがたまゆみ｜ボディスピーチ創始者｜グローバルスピーチコーチ,ogatamayumin,https://assets.st-note.com/production/uploads/images/196251995/profile_85dd5341f28b823738e2dc1e5ddcedcd.jpg?fit=bounds&format=jpeg&quality=85&width=330,2026-07-01T22:44:30.789+09:00,"ここ数日「よしひろちゃん」を見て、癒されてます☺️✨
そして、マガジンへ追加くださり、ありがとうございました！
応援マガジンを運営される思いを拝読し、感動しました✨
私にとっても続けるパワーになりましたし、いつか応援マガジンを運営して、私もよしひろさんのように応援できる側になりたいと思いました！
ご縁に感謝です✨"
nc5f836626de9b,n591b7ec37f46,02859a98d5bba82093a41fbea358a3b6,Chill,chill_2525,https://assets.st-note.com/production/uploads/images/267416818/profile_ec983d1b1c2cdf75a359c193306959d3.png?fit=bounds&format=jpeg&quality=85&width=330,2026-07-01T21:00:19.212+09:00,"よしひろさん、こんばんは♪
分析がすごいですね。
これだな・・見習わないといけないところ💦

と思うのですが、できないだろうな～と思うのです😅
大好きだったnoteが辛くなって数か月・・・
また楽しめるようになりたいな～と思っています。

これからも仲良くしてくださいね💖"
nc27a5b81bad98,n0ee8f90f4ac0,b6142bb7bba7964ab3acbde1fe1575d6,いくちょのやさしい毎日,honsuki_note,https://d2l930y2yx77uc.cloudfront.net/assets/default/default_profile_5-043439195e40e86fd7641a3a1daf982637d77ec6f14b67d3fc98ab92374404ac.png,2026-07-02T13:01:24.069+09:00,"よしひろ師匠✨😊
いつもマガジン追加をしてくださり
ありがとうございます✨😊
とても嬉しいです😊
そして、『よしひろ』ちゃんが
超可愛くて癒されます💓
よしひろちゃんグッズが出来たら
側に置きたいです💓"
nc2720070b7434,n0ee8f90f4ac0,8436fb3cac5c8de9eee49a0b5f34b6cd,Asahi,cheeky_phlox2084,https://assets.st-note.com/production/uploads/images/254994516/profile_e4bd829ad26a90b6782072a6f30ece93.jpeg?fit=bounds&format=jpeg&quality=85&width=330,2026-07-02T10:28:31.137+09:00,"私は、読むのも書くのも1000文字程度が限界です。
そして、自分は、横より縦の方が読みやすいと最近わかりました。
なので、本はいつまででも読んでいられます。"
nc67bb15e48d74,n0ee8f90f4ac0,cb93804505107614e3a73d05f3e6f49f,miyuri,miyuriii_2nd,https://assets.st-note.com/production/uploads/images/230589518/profile_5800c9cb6569b37700033b060c29e255.png?fit=bounds&format=jpeg&quality=85&width=330,2026-07-02T10:10:10.505+09:00,"よしひろさん、おはようございます！
マガジンに掲載いただき、ありがとうございます✨

「帽子とサンダルはあるが服はない」に笑ってしまいました😆

文量、私はサクッと読めるくらいの量が好みではありますね😊
小説は別ですけど。

その人の考え方とかが感じられる内容だったら、
そこまで長くなくても伝わるような気もするし・・・。

書きたいことを書き終えたらって感じでいいんじゃないでしょうか😊

いつもありがとうございます✨"
nc2ff0077db016,n08b4ec0178e0,f70038deb9c5f3f87c2ee7969a2cf523,不屈の屈葬,fukutsunokussou,https://assets.st-note.com/production/uploads/images/228082209/profile_bc2555e2c34c9857d7b2291bb9e9cc80.png?fit=bounds&format=jpeg&quality=85&width=330,2026-07-02T18:47:03.829+09:00,"自分をもっと好きになれる素敵なお話ですね！！
…そしてまたアイコン変わったんでしょうか？？…多分
例の1周回る計画ですね😁"
nc1c583a8debd4,n9a8f9a4d60e9,767c8845576f1857af87b095ff45c936,棚町文子,moral_lemur2303,https://assets.st-note.com/production/uploads/images/278488701/profile_96bdbaba60fe7040446dbb1485ba4222.jpg?fit=bounds&format=jpeg&quality=85&width=330,2026-07-02T19:33:42.706+09:00,"「さぁいらっしゃ〜い」の
ぬいぐるみ🤣
サンダルだけのキャラクターが可愛くて好き😆"
ncbaef7625c583,n0ee8f90f4ac0,2d406665091dc8a0c2999ebfd0d8aa51,ふくふく,rapid_abelia74,https://assets.st-note.com/production/uploads/images/199863135/profile_fd5c1143f3022a450752d18a86437b41.png?fit=bounds&format=jpeg&quality=85&width=330,2026-07-02T19:35:16.576+09:00,"よしひろさま

いつもありがとうございます😊
よしひろさんの文章は、イラストがあったり、内容も読みやすくていいなと思います✨これからも楽しみにしています🙂‍↕️"
nc07245aa34c6c,n08b4ec0178e0,1958f561bbf6129cb9f2040494224ce1,mangorind2,vivid_mangorind2,https://assets.st-note.com/production/uploads/images/221570775/profile_fc9ca2ed5cc5495344196df17b41d2b3.jpg?fit=bounds&format=jpeg&quality=85&width=330,2026-07-02T21:34:00.915+09:00,"よしひろさん、マガジンに追加してくださりありがとうございます！
自己紹介のつもりが、気づけばふしぎな森と酒場とマンゴーの入口になっていました（笑）
沼へようこそ！
いつも温かく見つけてくださって、本当に励みになります😊"
nc528d81088723,n9a8f9a4d60e9,cb93804505107614e3a73d05f3e6f49f,miyuri,miyuriii_2nd,https://assets.st-note.com/production/uploads/images/230589518/profile_5800c9cb6569b37700033b060c29e255.png?fit=bounds&format=jpeg&quality=85&width=330,2026-07-03T10:30:02.000+09:00,"よしひろさん、おはようございます！
マガジンに掲載いただき、ありがとうございます✨

6月も、コングラボードの獲得、おめでとうございます🎉🎉🎉

週末の耐久レースも楽しんできてください🏎️

いつもありがとうございます✨"
ncbca84b3b5b78,n9a8f9a4d60e9,66bbb253e7d8b2ba486f4415f36ee785,Noa,noachan0617,https://assets.st-note.com/production/uploads/images/269973521/profile_77ebb6ddc767747de9bb5bfef312b21b.png?fit=bounds&format=jpeg&quality=85&width=330,2026-07-03T09:00:28.331+09:00,"いつもマガジンに追加していただき嬉しいです💕
ありがとうございます☺️
よしひろさんの記事はいつも温かく読者に寄り添ってくださるので、私もよくスキを押していた気がします💓
きっと私の他にも、それだけ「読みたい！」と思うファンの方がたくさん集まっているってことですね💐
そして有料記事の累計595部、本当におめでとうございます㊗️
すごすぎます！
いつも素敵な発信をありがとうございます😊 毎回楽しみにしています✨"
nc5f1c1200199f,n08b4ec0178e0,fc2e66b9ca4c66bee5e7ca2d1a77aac9,サリー,fair_heron4482,https://assets.st-note.com/production/uploads/images/253063602/profile_e3d625c5da46951ec48abcc1a520b41f.png?fit=bounds&format=jpeg&quality=85&width=330,2026-07-03T19:00:38.829+09:00,よしひろさん、マガジンに追加ありがとうございます❣️私も『隣りの芝…』を『ないものねだり』だと思って客観的に見ています🤣
nc9ec51d5e05c2,naed4060563b1,bede9bd0a510b6a3b89dcb460dd51ef5,ルルトアヤコ,lovely_coyote546,https://assets.st-note.com/production/uploads/images/279549033/profile_3d53a17ce59c090b43145099e9a86669.png?fit=bounds&format=jpeg&quality=85&width=330,2026-07-03T19:22:26.853+09:00,"よしひろさん。

そうよね〜多少は影響、受けますよね、そりゃ…ね。ありがとうございます💕︎

"
nc798b25367c15,n0ee8f90f4ac0,4a511d143f8970c0e284a6182afc6cfa,涼鈴suzu,suzu_story,https://assets.st-note.com/production/uploads/images/230968642/profile_eabb1e844000a408e63be52a33676754.png?fit=bounds&format=jpeg&quality=85&width=330,2026-07-03T17:16:19.346+09:00,"可愛い♪よしひろちゃん♪
全部並べてみたいです。"
nc03fbcf7722cc,n9a8f9a4d60e9,2d406665091dc8a0c2999ebfd0d8aa51,ふくふく,rapid_abelia74,https://assets.st-note.com/production/uploads/images/199863135/profile_fd5c1143f3022a450752d18a86437b41.png?fit=bounds&format=jpeg&quality=85&width=330,2026-07-03T20:46:56.597+09:00,"よしひろさま

マガジン追加ありがとうございます☺️
夏感かあって、またかわいいキャラになってますね✨
そして記事が好調ですごいですね🌸
おめでとうございます㊗️"
ncd30ba9e0a3fe,naed4060563b1,53c0f0b342eccd9789ea98526e218616,暮らしの整え相談室　ぽんまぁ,ponmaaa,https://assets.st-note.com/production/uploads/images/222294136/profile_4a6854bc4f0dd7b277b78f04de10d3be.jpeg?fit=bounds&format=jpeg&quality=85&width=330,2026-07-03T23:04:38.915+09:00,"よしひろさん。
「楽しみながら書く」素敵です✨
そろばんが電卓になったみたいにAIは時短にはとってもいいと思ってます"
nc0233816f9f37,n08b4ec0178e0,730fc38e4491aa47969403c855669bee,持たざる者の物販記録｜0→1のリアル,motazaru_lab,https://assets.st-note.com/production/uploads/images/261534615/profile_1cfb837a6be5f879c4c4bdfb12deba11.png?fit=bounds&format=jpeg&quality=85&width=330,2026-07-04T10:02:34.716+09:00,"よしひろさん、マガジンに追加していただきありがとうございます😭

こんな形で読んでもらえる場所が広がるの、ほんまに励みになります。

これからもよろしくお願いします🙏✨"
nc2083e069e9bd,naac30afeef21,dc157540cc91b85018fc2caf1ebe6e1d,空風マナミ　,sorakaze_works,https://assets.st-note.com/production/uploads/images/247072511/profile_f8c3cb6911c80de4c8b865ead1a349c6.png?fit=bounds&format=jpeg&quality=85&width=330,2026-07-04T21:34:12.401+09:00,"よしひろさん、
一晩でこんなに
嗜んだのですか⁈✨

私もお酒に強ければと、
羨ましい🤭結構なチャンポン飲みな種類ですね♪

ノンアルの肴にさせていただきます！素敵なお店ですね！"
ncec80fd2c2f97,naed4060563b1,02859a98d5bba82093a41fbea358a3b6,Chill,chill_2525,https://assets.st-note.com/production/uploads/images/267416818/profile_ec983d1b1c2cdf75a359c193306959d3.png?fit=bounds&format=jpeg&quality=85&width=330,2026-07-04T22:56:32.635+09:00,"よしひろさん、こんばんは♪

確かにそうですね。

特に意識はしなくても、
受け手の反応を考えながら
結局そんな風に整えながら
書いているような気がします😊"
nc0450b7df419e,naac30afeef21,0e44dcd2aa36c5fa41ef174ffb29ec95,ゐっさ,love_shin_earth,https://assets.st-note.com/production/uploads/images/261983120/profile_5fd75c9482b6ee87097ce33d5770c496.jpg?fit=bounds&format=jpeg&quality=85&width=330,2026-07-05T02:45:59.340+09:00,"バーで一息✨お洒落ですね😊
ミントや柑橘系が添えられて季節を感じます。
おつまみも美味しそう。１個食べちゃたがなんとも💖でした〜😆
鈴鹿！楽しんでくださーい🤗"
ncb456dc63c273,n5f1f5ca696b9,15b07889aa53dbf10c9cb1b67625f4b4,rika🌷,meina_rikamizuki,https://assets.st-note.com/production/uploads/images/238910767/profile_373a9816961e0c2decd5f9e33be51347.png?fit=bounds&format=jpeg&quality=85&width=330,2026-07-05T10:01:41.835+09:00,お昼過ぎから雨予定なので、帰り滑らないように気をつけてくださいね💦
nc4141e66c6d7c,n5f1f5ca696b9,23e78cfab6f2de9a5a72e4b8281e05ba,志乃,gay_okapi3125,https://assets.st-note.com/production/uploads/images/283549989/profile_3a7ebea614b15d29770b137a35c8bdb0.png?fit=bounds&format=jpeg&quality=85&width=330,2026-07-05T08:59:30.548+09:00,"鈴鹿ー✨
気をつけてくださいね😆✨"
nc15b61b7eced0,n5f1f5ca696b9,fdac94e77cbaa49d5e40df38fa861994,元教師の還暦おじ,lucky_cedum2594,https://assets.st-note.com/production/uploads/images/265916302/profile_44af4e04cfe63344baf1194a8ed014cc.png?fit=bounds&format=jpeg&quality=85&width=330,2026-07-05T07:54:58.465+09:00,"おおーっ！
生で8耐ですか❗️
観てみたいです♪"
nc99241d7a527c,naac30afeef21,cb93804505107614e3a73d05f3e6f49f,miyuri,miyuriii_2nd,https://assets.st-note.com/production/uploads/images/230589518/profile_5800c9cb6569b37700033b060c29e255.png?fit=bounds&format=jpeg&quality=85&width=330,2026-07-05T10:25:20.926+09:00,"よしひろさん、おはようございます！
マガジンに掲載いただき、ありがとうございます✨

オシャレなバーですね👀
おつまみのレーズンバターが美味しそう😋

鈴鹿、楽しんできてください🏍️

いつもありがとうございます✨"
ncc7f358e73ed7,n5f1f5ca696b9,37c58ed5a3102dc81136a5f84a7187b5,田中,lush_jaguar1966,https://assets.st-note.com/production/uploads/images/253939666/profile_53943df783321793e19a65de0bd74bf3.png?fit=bounds&format=jpeg&quality=85&width=330,2026-07-05T17:10:09.713+09:00,"雨の中でもめっちゃ楽しんでるのいいですね、グルメもフェスも観戦も全部満喫してて充実感すごいです、こういう現地の空気ってやっぱり特別ですよね、次はどの瞬間が一番楽しみなんですか。
"
ncbe5d6c013695,naac30afeef21,1855ab43007be46a347e898053d57368,Viola,viola9836,https://assets.st-note.com/production/uploads/images/152908817/profile_5559a313443730e2c26f44c056f1ba4c.jpeg?fit=bounds&format=jpeg&quality=85&width=330,2026-07-05T18:11:54.338+09:00,"ご無沙汰しております。
エアコンが効いて涼しそうなお洒落なバー🥃羨ましいです🍷
よしひろさんの記事はいずれも涼しげで、日本の暑さをうっかり忘れます(^-^)

猛暑記事をマガジンに追加していただき、ありがとうございました🎶
気温差の夏バテの中で、やっと書いた記事です。読んだり書いたりをやっと再開したところです。
"
ncc26f7067ecda,naac30afeef21,e143f9af2014f8e8773c076445f51399,「やさしサウナびより｜50代サウナ初心者応援,firm_ixora2336,https://assets.st-note.com/production/uploads/images/248294549/profile_48cb63b80aca89d6184715fa02587ce3.png?fit=bounds&format=jpeg&quality=85&width=330,2026-07-05T19:46:47.669+09:00,"よしひろさん、
こんにちは😃
BARには憧れます。

お酒はあまり飲めませんが、
ハイボールは酔いが残りにくいので
好きです。

今は、 
サントリー梅酒〈山崎蒸溜所貯蔵梅酒〉
 リッチアンバー 桜樽ブレンド 
を飲んでいます。

体調に合わせて、
ロックやソーダ割りで楽しんでいます。

お酒に関する記事が好きなので、
また読めてうれしいです。👋😃"
ncfee70e462399,n08b4ec0178e0,1958f561bbf6129cb9f2040494224ce1,mangorind2,vivid_mangorind2,https://assets.st-note.com/production/uploads/images/221570775/profile_fc9ca2ed5cc5495344196df17b41d2b3.jpg?fit=bounds&format=jpeg&quality=85&width=330,2026-07-06T00:35:28.990+09:00,"よしひろさん

今回もマガジンに追加していただき、ありがとうございます！

第三法則まで継続してご紹介いただき、研究者として大変光栄です🍶📚

研究対象の安定供給には困らないのですが（笑）、今後も読者の皆さまにくすっと笑っていただける研究成果を発表してまいります。

ありがとうございました！"
nc19e5ecee2be4,naac30afeef21,907edc26ecc556b380bd733caf94e5cc,JAU |  臨床検査技師×医療副業,jau_jau1001,https://assets.st-note.com/production/uploads/images/238898866/profile_b47389bc5953cb4d37cf45a1d4d208c2.png?fit=bounds&format=jpeg&quality=85&width=330,2026-07-06T01:01:52.157+09:00,"でた〜！
よしひろさんのバー🤩✨

オーバン最高🎉
レーズンバター最高🎉

今二日酔いですが、バーに行きたくなった😭✨w"
nc4655433947d9,n08b4ec0178e0,50f8d2d0350a74ebb2ada78813f57255,ハゲポッコリ,hage_pokkori9663,https://assets.st-note.com/production/uploads/images/232774139/profile_3ba1074548b0a18d189e6a95912c76e2.png?fit=bounds&format=jpeg&quality=85&width=330,2026-07-06T07:17:53.048+09:00,"よしひろさん
今回も マガジンに掲載をしていたけどもありがとうございました。"
nc5c4e56f0955c,n5f1f5ca696b9,cb93804505107614e3a73d05f3e6f49f,miyuri,miyuriii_2nd,https://assets.st-note.com/production/uploads/images/230589518/profile_5800c9cb6569b37700033b060c29e255.png?fit=bounds&format=jpeg&quality=85&width=330,2026-07-06T09:51:35.411+09:00,"よしひろさん、おはようございます！
マガジンに掲載いただき、ありがとうございます✨

お天気が冴えなくて残念でしたね🌧️
お疲れ様でした！

いつもありがとうございます✨"
nc7c6dffb4343b,n5f1f5ca696b9,1dd5cc6f11dc1d5e7c33c9ac01922824,keimama,keiko5066,https://assets.st-note.com/production/uploads/images/223953919/profile_de82aa306e133caf82b4ae253ad0173c.png?fit=bounds&format=jpeg&quality=85&width=330,2026-07-06T06:24:40.750+09:00,"よしひろさん、おはようございます😊

雨の8耐、お疲れさまでした✨
グルメもフェスも満喫されていて楽しさが伝わってきました😆
おヨネさんとタッチできたサプライズ、いいですね〜🙌🎵"
ncd047bdff05bd,naac30afeef21,2838b724e6133c490b62d61b31c47a42,神谷えり,crisp_fennel9120,https://assets.st-note.com/production/uploads/images/231810972/profile_7fa62aa4a4b99063002873eef1870e72.jpeg?fit=bounds&format=jpeg&quality=85&width=330,2026-07-06T13:09:39.149+09:00,"よしひろさん、こんにちは😃私はアルコールアレルギーを持っていて、残念ながらお酒が飲めません。お酒の味や酔っ払う感覚などにはとても興味がありますし、何よりこういうバーに行って時間を過ごすのにとても憧れます。お酒が飲めなくても行っても構わないんでしょうけれどもやはりバーのカウンターでお酒を飲むと言う事は、私の叶わない憧れでもあります🍸
"
nc120d35a824af,n08b4ec0178e0,501075b33bc8fff4716e8e39cb47e74a,りんごあめ,aogunjyou_205,https://assets.st-note.com/production/uploads/images/244320088/profile_b53bcb9297c65530f6e56ea129a55d08.jpeg?fit=bounds&format=jpeg&quality=85&width=330,2026-07-06T13:51:28.619+09:00,"こんにちは😌
よしひろさんの
「自分の家の芝も青い」なかなかユニークな発想ですね。
なぜ？人って無意識に他の人が良く見えてしまうのでしょうね。

また、記事をマガジンへ掲載していただき、本当に嬉しく思います。ありがとうございます🍎"
nc216afc7294c7,nc13524d5d80a,a22107a59de6e3303ee2b624b3e0858a,Imbue（インビュー）/文筆家/発達凸凹育児,imbue_kaleid,https://assets.st-note.com/production/uploads/images/287069680/profile_cf6dcabd14785d5901b13c5232352b8f.png?fit=bounds&format=jpeg&quality=85&width=330,2026-07-06T16:11:44.557+09:00,"よしひろさん、こんにちは✨

わかります。息子も同じです。
産まれた時からタブレットやおもちゃなど何でも揃っていたので、
どうかなあ？と思うこともありました😅"
nc222bbf860e94,nc13524d5d80a,6387daced3412f56911efd0f8787e44a,椿みきこ🌸季節の花ごよみ,hirata_mikiko60,https://assets.st-note.com/production/uploads/images/276282393/profile_1b76107f2c250cd2fcb0068f908ba934.png?fit=bounds&format=jpeg&quality=85&width=330,2026-07-06T13:57:18.054+09:00,"よしひろさん、たしかに満足したら努力しないのかもしれませんね。
でも知れば知るほど、やりたいことが増える面もあります。
あとは、どうやってガードレールを決めるか、という問題かな～"
nc13b12a08aac1,nc13524d5d80a,713c3616cbaa3eb3711bf4f872c77df7,パタコ,auwa_44,https://assets.st-note.com/production/uploads/images/287083278/profile_6318ae2666d33efeda6208009c0cf0b7.png?fit=bounds&format=jpeg&quality=85&width=330,2026-07-06T20:30:28.218+09:00,"よしひろさん、こんばんは🌙

ちょっと前、
同じことを考えていました。

ある程度の不満、不足感、エゴは
人の言動力になるのかも？
と同じところに辿り着きました

でもそれも、
不安や虚無からではなく、
ポジティブなエゴ？みたいなのが
ちょっとした理想かも
とも思って☺️

ポジティブなエゴってなんや！
と自分でツッコミいれたけど🤭笑"
ncb6a875e37007,nc13524d5d80a,5bdbea8d208dd57bbbc8fd9baa5f7c45,ゆきぽ,lucid_guppy4450,https://assets.st-note.com/production/uploads/images/264554398/profile_90b6430e870542ef3f3a7193eb153dee.png?fit=bounds&format=jpeg&quality=85&width=330,2026-07-06T19:19:57.798+09:00,"よしひろさん、こんにちは😊

好奇心や楽しさ、誰かを喜ばせたい気持ち。
こんな素敵な原動力があれば、どんどん色んなことができそうな気がします。

社会派で知的な記事をありがとうございます🦥✨"
ncf420739de435,n08b4ec0178e0,704663f48a1e06dc09c61069a4dd39c8,紅茶🫖｜ことばの庭,usagi_no_mimi_,https://assets.st-note.com/production/uploads/images/274861081/profile_59c361cea83d4f4d1c3e6a403c43a90b.png?fit=bounds&format=jpeg&quality=85&width=330,2026-07-06T18:02:51.824+09:00,"よしひろさん、こんばんは☺️

「自分の家の芝もけっこう青いよ」タイトル好きです♬

隣の芝ばかり見てしまうこともあるけれど、自分の家の芝も、意外と悪くないのかもと思えてきました☺️

芝がちょっと枯れていても、気持ちの中で青く染め上げる感じ、いいなぁと思いました✨

今回もマガジンに追加していただき、ありがとうございます✨"
nc2766687ef736,nc13524d5d80a,031a96c67c576e3bfc12a86d2606bd97,ココミチ＠ゆきの,hot_mink9599,https://assets.st-note.com/production/uploads/images/212559417/profile_9dbf6c222d0c87810aeff185afbd7f95.jpg?fit=bounds&format=jpeg&quality=85&width=330,2026-07-06T21:45:54.877+09:00,"よしひろさん、こんばんは

不足を燃料にしてきた、という
その正直な一行に引き込まれました

かつて欲しかった暮らしの中に
娘さんたちがいるという景色から
恐怖ではなく
誰かを喜ばせたい気持ちという灯りへ
静かに向かっていく道筋が
伝わってきました

「怒らずにいた夜に」と
「十七回、逃げた私が聴く側になるまで」を
マガジンに迎えてくださり
ありがとうございます

ゆきの"
nc32af3cf83cf6,nc13524d5d80a,b6142bb7bba7964ab3acbde1fe1575d6,いくちょのやさしい毎日,honsuki_note,https://d2l930y2yx77uc.cloudfront.net/assets/default/default_profile_5-043439195e40e86fd7641a3a1daf982637d77ec6f14b67d3fc98ab92374404ac.png,2026-07-06T21:27:01.530+09:00,"よしひろさん😊
とても素敵なメッセージをありがとうございます✨益々、よしひろさんの魅力に吸い込まれそうになりました✨😊そして今回の記事も素敵で
『人間万事塞翁が馬』大好きです✨"
nc8d29250d798f,nc13524d5d80a,cb93804505107614e3a73d05f3e6f49f,miyuri,miyuriii_2nd,https://assets.st-note.com/production/uploads/images/230589518/profile_5800c9cb6569b37700033b060c29e255.png?fit=bounds&format=jpeg&quality=85&width=330,2026-07-07T10:19:38.022+09:00,"よしひろさん、おはようございます！
マガジンに掲載いただき、ありがとうございます✨

「追い詰められないと、
やる気と行動力が湧いてこない人間」

私も同じです😆

いつもありがとうございます✨"
nc71434ae8a75c,n13392fe2dc93,6387daced3412f56911efd0f8787e44a,椿みきこ🌸季節の花ごよみ,hirata_mikiko60,https://assets.st-note.com/production/uploads/images/276282393/profile_1b76107f2c250cd2fcb0068f908ba934.png?fit=bounds&format=jpeg&quality=85&width=330,2026-07-07T12:25:32.188+09:00,"よしひろさん！
ほんとに健康第一ですね！
私も健康診断の数値が引っかかって呼び出しを受けてます！"
nc04816cc82ae9,n13392fe2dc93,0ee830c8590e2b12d74c243f30209743,🐰りりぃ｜働く女子の心の声,unique_wren1931,https://assets.st-note.com/production/uploads/images/278691815/profile_fcfdb6eabab8f25ba11d66a2fe9fe412.png?fit=bounds&format=jpeg&quality=85&width=330,2026-07-07T16:29:40.056+09:00,"よしひろさん😊

いつもマガジンに追加してくださり、ありがとうございます🌸

七夕ですね🎋✨

「叶えるのは自分」というタイトルだったので、どんなお話だろうとドキドキしながら開いたら、体重のお話で思わずほっこりしてしまいました☺️

でも、何より健康が一番ですね☘️

実際にアプリをダウンロードして記録を続けていらっしゃるのが、すごいなぁと思いました✨

グラフも順調に下がってきていて、「間に合うか⁉︎」には思わずクスッとしてしまいました✨

でも、今日くらいはお団子は許してあげてくださいね🤭🍡"
nc59fb1a4c2431,n13392fe2dc93,501075b33bc8fff4716e8e39cb47e74a,りんごあめ,aogunjyou_205,https://assets.st-note.com/production/uploads/images/244320088/profile_b53bcb9297c65530f6e56ea129a55d08.jpeg?fit=bounds&format=jpeg&quality=85&width=330,2026-07-07T16:24:51.842+09:00,"健康が大切ですね😊
健康診断があるので、体重を落としているとのこと。
あと２週間、目標値に少しでも近づけることを応援しています🍀✨

また、マガジンへ記事を掲載していただき、嬉しいです。
本当にありがとうございます🍎"
ncff38f2453b4b,n13392fe2dc93,fbaef2c001615d02444573a135007008,はしゃも｜感情構造エンジニア,hasyamo,https://assets.st-note.com/production/uploads/images/237516392/profile_c0ac2ae8315e28ee425c27b5c2aefa32.jpg?fit=bounds&format=jpeg&quality=85&width=330,2026-07-07T15:07:30.404+09:00,"よしひろさん、こんにちは✨

七夕の願い事が「健康」なの、めちゃくちゃ大事ですね。

健康診断まで残り2週間ちょっと、という現実味があるので、願い事というよりも、自分で叶えにいく短冊になっている感じがしました🤣

僕は少食なほうなのですが、仕事が座りっぱなしなので、最近は体重より血圧のほうが気になってきています。
これはもう、まずウォーキングから始めないとやばいなと思いましたｗ

今年もスリムな数値の体重計と出会えるように、そしてお互い健康診断で変な汗をかかずに済むように祈っています✨"
nc8f2c18de8cae,n13392fe2dc93,1dd5cc6f11dc1d5e7c33c9ac01922824,keimama,keiko5066,https://assets.st-note.com/production/uploads/images/223953919/profile_de82aa306e133caf82b4ae253ad0173c.png?fit=bounds&format=jpeg&quality=85&width=330,2026-07-07T19:23:43.212+09:00,"よしひろさん、こんばんわ🌙

「叶えるのは自分ですが😏」のタイトル、かっこいい！と思ったら体重のお話で笑ってしまいました🤣
健康が一番の願い事ですよね🎋✨
健康診断まであと少し、目標達成できますように～🌟"
nc8fd7f5cdf650,n13392fe2dc93,4fcff0dd196c58985b48a8f8a9724554,Grace Light ─ 星に導かれて,gracelight,https://assets.st-note.com/production/uploads/images/207757596/profile_ac58b5c0e389afdf3e43314b719edc42.png?fit=bounds&format=jpeg&quality=85&width=330,2026-07-07T19:18:00.796+09:00,"よしひろさん、

『健康』あっての日常だと思いますので、
やはり大事ですよね😊🌿

いつも、マガジンへ追加していただき
本当にありがとうございます。
とても嬉しいです✨"
nc022f6f1699ab,n13392fe2dc93,23e78cfab6f2de9a5a72e4b8281e05ba,志乃,gay_okapi3125,https://assets.st-note.com/production/uploads/images/283549989/profile_3a7ebea614b15d29770b137a35c8bdb0.png?fit=bounds&format=jpeg&quality=85&width=330,2026-07-07T17:47:05.254+09:00,"え！わたし
よしひろさんと
数キロしか違わないww

最近有酸素運動と筋トレを
していますが
健康診断こわいなー😂

七夕🎋なので
なにか和菓子を食べようと
「すあま」をムグムグしてましたw
(だから痩せない)"
nc70ac356e20d8,n13392fe2dc93,57bf29248e5c5e9f2c2251842c484033,「欲望の観察者」,namakee0112,https://assets.st-note.com/production/uploads/images/267834789/profile_1893de88acbf5c40c52827f18763ec0e.png?fit=bounds&format=jpeg&quality=85&width=330,2026-07-07T17:23:34.475+09:00,"よしひろさん
よしひろさんの記事を読むまで、七夕のことをすっかり忘れていました😅お盆のお墓参りグッズを揃えていた今日…

夜、星が出てないか…独り七夕開催しようかな😫"
nc89439f92ffab,n13392fe2dc93,32f550dffe989e6d35ff91b609a17829,めぐり,meguri_note,https://d2l930y2yx77uc.cloudfront.net/assets/default/default_profile_3-39088fff430aa9ec11d6e2a385dbcad45c8b79bde6c0c9ded10cd7abb960174f.png,2026-07-07T20:56:34.366+09:00,"よしひろさん、こんばんは😊
いつもマガジンに追加いただきありがとうございます♪

少し増えた体重を、記録しながら、ちゃんと落としていらっしゃるのがすごいと思います！！"
nc3c618a0572be,n13392fe2dc93,6e51422b4799fec58a8730778982e4c2,松島光希,yasuko2020,https://assets.st-note.com/production/uploads/images/47209009/profile_6d7727531e5ae20eab644ae394e92df8.jpeg?fit=bounds&format=jpeg&quality=85&width=330,2026-07-07T20:30:21.228+09:00,"よしひろさん

マガジン追加ありがとうございます。"
nc80d34e346936,n13392fe2dc93,b0c63385960edb1d4955bd1295f6826d,にわにん,nai114,https://assets.st-note.com/production/uploads/images/270210825/profile_59bff8dfeab1517ace4bbdb9589dbef9.jpg?fit=bounds&format=jpeg&quality=85&width=330,2026-07-08T05:41:36.105+09:00,"短い期間で体重を戻すことができるなんて！すごいスキル😆✨️

俳優さんみたいです！
私も7月25日に検診を予約してたの思い出しました。ちょっと筋トレしたくなりました✨"
nc17ce7d54bb24,n13392fe2dc93,cb93804505107614e3a73d05f3e6f49f,miyuri,miyuriii_2nd,https://assets.st-note.com/production/uploads/images/230589518/profile_5800c9cb6569b37700033b060c29e255.png?fit=bounds&format=jpeg&quality=85&width=330,2026-07-08T08:38:53.683+09:00,"よしひろさん、おはようございます！
マガジンに掲載いただき、ありがとうございます✨

よしひろさんならきっとクリアすると思います😁
頑張ってくださいね🔥

いつもありがとうございます✨"
nc2fb4b889e573,nc13524d5d80a,79b4c4e676d4321552988c1ab2041445,日向ことり,kotori0113,https://assets.st-note.com/production/uploads/images/291564394/profile_bd2d6b2f453959db9ab276584e8c62be.jpeg?fit=bounds&format=jpeg&quality=85&width=330,2026-07-08T15:38:42.690+09:00,"よしひろさん、こんにちは😊
マガジンに追加して下さり、ありがとうございます🥺💞

本棚に並べて頂いて幸せです🥺🥺💝

これからもよろしくお願いします❣️"
nccb77172192ff,n13392fe2dc93,5fc41c7aec4f5cbe6e8062ab23bbf7bc,yayachico,open_magpie7814,https://assets.st-note.com/production/uploads/images/254370493/profile_0901b98e3dd534db8729a75af2c6b096.jpeg?fit=bounds&format=jpeg&quality=85&width=330,2026-07-08T18:13:18.934+09:00,"私も健康診断夏に控えてます😅
体重、
欲をいえばあと2キロ減らしたい😂

そろそろ引っかかる項目がちらっと
出てきました💦
しかも、毎年違う場所🤣
なんじゃ、どうした！

健康一番✨ですね。"
nc0bed874ae4b2,n13392fe2dc93,bede9bd0a510b6a3b89dcb460dd51ef5,ルルトアヤコ,lovely_coyote546,https://assets.st-note.com/production/uploads/images/292319875/profile_a76080f1df5dcae5ec23a11c17a6c577.jpeg?fit=bounds&format=jpeg&quality=85&width=330,2026-07-08T20:43:26.116+09:00,"さすが👍順調に減ってきてますね〜　　🌈🌈

いつもマガジンに追加してくださってありがとうございます💜💜"
nc3586d9e3c87b,naac30afeef21,3a0d8f694befb2b9a720ec3d55b9f763,ハチワレ投資家,hachiware_toshi,https://assets.st-note.com/poc-image/manual/preset_user_image/production/ic3fd94079689.jpg,2026-07-08T21:55:46.480+09:00,"グランダッド大好きです。
羨ましい😋"
nc22ccdb75ecd7,nc13524d5d80a,ee3d26d0b712930dd280eefc9fbe4690,ゆらりん,hahanaruhosi,https://assets.st-note.com/production/uploads/images/180640856/profile_6111b8f6e4dbd6692780d33bc800f6cb.png?fit=bounds&format=jpeg&quality=85&width=330,2026-07-09T00:19:12.716+09:00,"よしひろさま

はじめまして！

ぼくの短歌をマガジンで紹介していただき、ありがとうございます！

とても嬉しいです^^

これからも、よろしくお願いしますm(_ _)m"
nca84d6117c822,n13392fe2dc93,66bbb253e7d8b2ba486f4415f36ee785,Noa,noachan0617,https://assets.st-note.com/production/uploads/images/269973521/profile_77ebb6ddc767747de9bb5bfef312b21b.png?fit=bounds&format=jpeg&quality=85&width=330,2026-07-08T23:23:31.518+09:00,"よしひろさん
ディズニーとグアムの思い出の代償が返ってきたんですね…🫠
「この日だけは」というフレーズに思わず笑ってしまいましたが、他人事とは思えないです😣
アプリで記録されていて、すごいと思います✨
織姫と彦星が、7月23日には目標体重にしてくれるはず🌟
残り2週間ちょっと、無理のない範囲で頑張ってくださいね📣"
nc306d40a8dc93,n13392fe2dc93,94518051b69fff25a91c76f6db742243,星ママ | AI×主婦,hoshimama3,https://assets.st-note.com/production/uploads/images/285635307/profile_2b8e8b24961e02daa82f47909dcfdb63.png?fit=bounds&format=jpeg&quality=85&width=330,2026-07-09T15:51:11.212+09:00,"よしひろさん〜
わぁ、七夕にnoteで願い事するの素敵ですね😊
なんかね、健康診断前のドタバタ、すごくわかる〜って思いながら読んじゃいました(笑)
うちも旅行のあとってついつい食べすぎちゃって、気づいたら体重計から目をそらしがちなんですよね〜。
残り2週間、応援してます。目標体重、無事に叶いますように✨"
nc111a39f62c85,n13392fe2dc93,d29c2432624c1087ec7f89cc2f079dbe,美咲サヤ,crisp_gecko6337,https://assets.st-note.com/production/uploads/images/285251414/profile_bae91b069531c89747d86f8afb8c6bff.jpeg?fit=bounds&format=jpeg&quality=85&width=330,2026-07-09T14:20:44.279+09:00,"よしひろさん、こんにちは。
お久しぶりです。
お元気ですか？

私は少し生活がバタついていましたが、ようやく先行きが見え始めてきだところも出てきました😅

さて、この度も、マガジンに追加いただきありがとうございます！

いつもありがとうございます😂"
nc3829185bf269,n13392fe2dc93,a3b393748448993682c446017554f28a,りこ@一生養生,riko_83,https://assets.st-note.com/production/uploads/images/242853208/profile_868cf0850d54d0a98ca0406d82454cfa.png?fit=bounds&format=jpeg&quality=85&width=330,2026-07-09T21:51:27.107+09:00,"こんばんは🌙
わぁ。七夕のお願い事が同じでしたね（笑）
健康診断⋯何か昨年もせっせと体重落としてませんでしたっけ？😅💦
ワレワレハ、イッチョウイッセキデハケンコウヲタモテナイ、オトシゴロデアル。
体重も計画的に🤭"
ncb14bea238300,n13392fe2dc93,9735e1bac7ba0bc5d0af33cf56157b08,enyo*えんよう🗝️,keyoflife_enyo,https://assets.st-note.com/production/uploads/images/240644209/profile_1ac1d8614044bc9c45db88b11d02d8f6.png?fit=bounds&format=jpeg&quality=85&width=330,2026-07-09T20:40:27.302+09:00,"よしひろさーん

「健康」
simple is bestな大事なお願い事ですね🙌

7-23、Xデー
頑張ってください🌈💪

マガジンへの追加，いつもありがとうございます🌷

"
ncbf71c60f0f1c,nc13524d5d80a,ee3d26d0b712930dd280eefc9fbe4690,ゆらりん,hahanaruhosi,https://assets.st-note.com/production/uploads/images/180640856/profile_6111b8f6e4dbd6692780d33bc800f6cb.png?fit=bounds&format=jpeg&quality=85&width=330,2026-07-10T00:09:40.859+09:00,"よしひろさま

こんばんは！

今日もマガジンで短歌をご紹介いただき、ありがとうございます！

応援していただけると、「一人じゃない」と思えて勇気がもらえます！

本当にありがとうございますm(_ _)m"
nc08c7a4d21e17,nc13524d5d80a,a0eebfb87946987de4c26475463b881e,まちゃ｜40代からの心身の巡りを整える案内人,joyous_hikari,https://assets.st-note.com/production/uploads/images/274926904/profile_f265fad8bd8529279f7d93543e501287.png?fit=bounds&format=jpeg&quality=85&width=330,2026-07-10T11:09:22.455+09:00,"よしひろさま　こんにちは
私の記事をマガジンにお仲間入りさせて頂き、
ありがとうございました。
ご縁に感謝♡これからもどうぞよろしくお願いします(o^―^o)"
nca76b249807c6,n7b09eb123851,cb93804505107614e3a73d05f3e6f49f,miyuri,miyuriii_2nd,https://assets.st-note.com/production/uploads/images/230589518/profile_5800c9cb6569b37700033b060c29e255.png?fit=bounds&format=jpeg&quality=85&width=330,2026-07-10T10:26:42.230+09:00,"よしひろさん、おはようございます！
マガジンに掲載いただき、ありがとうございます✨

もうすぐ20万ビュー！！
スゴすぎます👀

その時々で書きたいことを書くのが一番ストレスがないでしょうね😊
noteって、人との交流を大切にしているプラットフォームのような気もしますし。

コツコツ続けるのが鍵なんでしょうね😊

いつもありがとうございます✨"
nc76899b97cb6b,n7b09eb123851,b6142bb7bba7964ab3acbde1fe1575d6,いくちょのやさしい毎日,honsuki_note,https://d2l930y2yx77uc.cloudfront.net/assets/default/default_profile_5-043439195e40e86fd7641a3a1daf982637d77ec6f14b67d3fc98ab92374404ac.png,2026-07-10T16:17:18.612+09:00,"よしひろ師匠✨✨
素晴らしいです✨✨
ご縁を大切にされているのが
数字として出るのでしょうね😊✨
ずっと付いていかせてください😍"
nc1951c68ab474,nc3053a0a1ea8,a22107a59de6e3303ee2b624b3e0858a,Imbue（インビュー）/文筆家/発達凸凹育児,imbue_kaleid,https://assets.st-note.com/production/uploads/images/287069680/profile_cf6dcabd14785d5901b13c5232352b8f.png?fit=bounds&format=jpeg&quality=85&width=330,2026-07-10T19:11:56.447+09:00,"よしひろさん、こんばんは🌺

とても参考になりました💞
視点を変えるって大事ですよね✨

その視点の変え方が
ちゃんと有料記事に書かれてあるので、
皆さんにも読んでいただきたいです🥰
"
ncb426f3e03c2f,nc13524d5d80a,02859a98d5bba82093a41fbea358a3b6,Chill,chill_2525,https://assets.st-note.com/production/uploads/images/267416818/profile_ec983d1b1c2cdf75a359c193306959d3.png?fit=bounds&format=jpeg&quality=85&width=330,2026-07-10T21:21:01.728+09:00,"よしひろさん、こんばんは♪

最後の、
『突然、小難しい話を始めたでしょ？』からのところ✨

この感じがすごく好きです😊
さすがですね💖"
ncf6c35dd26e58,nc3053a0a1ea8,0ee830c8590e2b12d74c243f30209743,🐰りりぃ｜働く女子の心の声,unique_wren1931,https://assets.st-note.com/production/uploads/images/278691815/profile_fcfdb6eabab8f25ba11d66a2fe9fe412.png?fit=bounds&format=jpeg&quality=85&width=330,2026-07-10T21:30:03.799+09:00,"よしひろさん😊

「もうダメだ〜！」なんて、大の字に倒れ込みたくなる日もある😵

この一文に、「分かる〜😂」となってしまい、そのまま記事を購入させていただきました✨

読んでみて、さらに「分かるなぁ」と思うことばかりで、とても素敵な記事でした😌

ネタバレになるので詳しくは書けませんが、たくさんの方に読んでいただきたい記事だなと思いました✨

素敵な記事をありがとうございました🌸

そして、いつもマガジンに追加してくださり、本当にありがとうございます✨

私がnoteを始めた頃の、今以上に文章が拙い記事まで追加してくださっていて…🥹

そのおかげで読んでくださる方もいて、本当は恥ずかしくて消そうか悩んでいたのですが、最近はもう少し残しておこうかなと思えるようになりました☺️

いつもありがとうございます☘️"
ncc6d6b8dfc396,n7b09eb123851,d29c2432624c1087ec7f89cc2f079dbe,美咲サヤ,crisp_gecko6337,https://assets.st-note.com/production/uploads/images/285251414/profile_bae91b069531c89747d86f8afb8c6bff.jpeg?fit=bounds&format=jpeg&quality=85&width=330,2026-07-10T22:56:41.910+09:00,"よしひろさん、こんばんは！
20万ビュー✨✨✨

凄いですっ！😂

よしひろさんは、やはり人格者だと思います✨✨
気さくで人柄が柔らかく、
少しでも関わりのあるフォロワーさんのところに、来てくださり、マガジンに追加してくださったり、、
なかなかできることではないと思います😆

いつも感謝感激しております☺️
ありがとうございます😂"
ncc9941bea175c,n7b09eb123851,f70038deb9c5f3f87c2ee7969a2cf523,不屈の屈葬,fukutsunokussou,https://assets.st-note.com/production/uploads/images/228082209/profile_bc2555e2c34c9857d7b2291bb9e9cc80.png?fit=bounds&format=jpeg&quality=85&width=330,2026-07-10T21:36:07.788+09:00,"200000！！！！！
すごい数ですね！！さすがです！
記事もめちゃくちゃ売れてますね！おめでとうございます！

年末にはいったいいくつに？！
（わくわく）"
nca0d1f264f7e6,nc13524d5d80a,ee3d26d0b712930dd280eefc9fbe4690,ゆらりん,hahanaruhosi,https://assets.st-note.com/production/uploads/images/180640856/profile_6111b8f6e4dbd6692780d33bc800f6cb.png?fit=bounds&format=jpeg&quality=85&width=330,2026-07-10T23:59:36.146+09:00,"よしひろさま

こんばんは！

今日もぼくの短歌をマガジンでご紹介いただき、ありがとうございます！

頑張るチカラをいただけるようで、嬉しいです！

これからも、引き続き、よろしくお願いしますm(_ _)m"
nc126663563c86,nc13524d5d80a,50f8d2d0350a74ebb2ada78813f57255,ハゲポッコリ,hage_pokkori9663,https://assets.st-note.com/production/uploads/images/232774139/profile_3ba1074548b0a18d189e6a95912c76e2.png?fit=bounds&format=jpeg&quality=85&width=330,2026-07-11T07:16:32.041+09:00,"よしひろさん
いつもマガジンへの掲載、ありがとうございます。引き続き 減量 頑張ります（笑）"
nc49d07be04a99,n2ffb06432f1f,cb93804505107614e3a73d05f3e6f49f,miyuri,miyuriii_2nd,https://assets.st-note.com/production/uploads/images/230589518/profile_5800c9cb6569b37700033b060c29e255.png?fit=bounds&format=jpeg&quality=85&width=330,2026-07-11T11:00:30.992+09:00,"よしひろさん、おはようございます！
マガジンに掲載いただき、ありがとうございます✨

気持ちだけ旅行気分を味あわせてもらいます😆

いつもありがとうございます✨"
nc67b253d3bcdb,n8b3efa2448cd,15b07889aa53dbf10c9cb1b67625f4b4,rika🌷,meina_rikamizuki,https://assets.st-note.com/production/uploads/images/238910767/profile_373a9816961e0c2decd5f9e33be51347.png?fit=bounds&format=jpeg&quality=85&width=330,2026-07-11T20:53:56.194+09:00,"みなさんの投稿見てなかったら、絶対押してた気がします……💦
まだ来てないから、見てみたい気もします🫣"
nc9276122ff549,n8b3efa2448cd,d29c2432624c1087ec7f89cc2f079dbe,美咲サヤ,crisp_gecko6337,https://assets.st-note.com/production/uploads/images/285251414/profile_bae91b069531c89747d86f8afb8c6bff.jpeg?fit=bounds&format=jpeg&quality=85&width=330,2026-07-11T20:50:26.923+09:00,"よしひろさん、
注意喚起の記事がみなさん出されていますね！

なのでありがたいです！

うちには届いていなかったのですが、、
本当気をつけないとですね、、

この度もマガジンに追加を、ありがとうございました♪😂
"
nc36bb6780b243,n8b3efa2448cd,a5c332e0b1c5f9a25b00e2555131bc83,明日美,asumiburu,https://assets.st-note.com/production/uploads/images/217559501/profile_34904e7686562050d757fabcd2f7b1a9.jpeg?fit=bounds&format=jpeg&quality=85&width=330,2026-07-11T20:49:38.792+09:00,"よしひろさん

マガジン追加、ありがとうございます😊

詐欺メッセージの記事、ありがとうございます。
「お、か、し」大事ですね。"
ncec5611b3c534,n8b3efa2448cd,1b14ec5242b0f89c04e2ee53ca366e02,にゃんちー【いちご🍓シェイク🥤120%】,alive_guppy3873,https://assets.st-note.com/production/uploads/images/292569123/profile_d6db72ccb3b1d61756bc2329dc18f26e.png?fit=bounds&format=jpeg&quality=85&width=330,2026-07-11T20:32:46.063+09:00,"よしひろさん、こんばんは🌙

なんかここ数日で詐欺メールが一気に多くなってきましたね😨😨😨

たくさんの方がメールやコメントで来てるみたいで😨😨😨"
ncffb63b84a31d,n8b3efa2448cd,015037404761902ab6353eab77a5ddfe,ゆかいな山,yukaiyama,https://assets.st-note.com/production/uploads/images/187377393/profile_9f501afa0524739a6c4fab2d21d3de93.png?fit=bounds&format=jpeg&quality=85&width=330,2026-07-11T20:25:53.762+09:00,"私も昨日初めてきました💦別のアカウントからだったけど…
平和と思ったnoteもこんなのあるんだなぁ…と思いました😅"
nceb7b3e25d102,n8b3efa2448cd,46b9696e112da3fa6cef777bc60ab60a,はるき　たかお,ready_cedum5383,https://assets.st-note.com/production/uploads/images/273944442/profile_0e83e59d79c363706ec1c458209fcf9a.png?fit=bounds&format=jpeg&quality=85&width=330,2026-07-11T19:46:00.848+09:00,"こんばんは

いろいろとあるんですね。

貴重な情報　ありがとうございます。"
nc75a931c0f05a,n8b3efa2448cd,23e78cfab6f2de9a5a72e4b8281e05ba,志乃,gay_okapi3125,https://assets.st-note.com/production/uploads/images/283549989/profile_3a7ebea614b15d29770b137a35c8bdb0.png?fit=bounds&format=jpeg&quality=85&width=330,2026-07-11T19:22:20.332+09:00,"よしひろさん

いつもマガジン追加をして頂き
ありがとうございます😊

っていうか、めちゃくちゃこわ‼️

拝読しながら
ゾッとしました🥶

この内容だと
うっかり踏んじゃう方も
いらっしゃるかもしれませんね😭

注意喚起
ありがとうございます🙏✨"
nce2abdd1bda63,n8b3efa2448cd,a3b393748448993682c446017554f28a,りこ@一生養生,riko_83,https://assets.st-note.com/production/uploads/images/242853208/profile_868cf0850d54d0a98ca0406d82454cfa.png?fit=bounds&format=jpeg&quality=85&width=330,2026-07-11T19:20:05.414+09:00,"こんばん⋯わぁ〜💦
押しそうです•̀.̫•́✧ｷﾘｯ"
nc845d4ed810db,nc3053a0a1ea8,e0c4aa9a535879283c4ac4ce0b2f56b9,ふじ｜美容と健康,tasty_clover6364,https://assets.st-note.com/production/uploads/images/273332159/profile_964aac0fa36a6ce9899e20c8780e9aa4.jpeg?fit=bounds&format=jpeg&quality=85&width=330,2026-07-11T20:54:33.131+09:00,"よしひろさま🌼
こんばんはー☺️
読ませていただきました。
ポジティブnoteありがとうございます。「自分自身が満足すること」、共感しました。同じ考え方です✨"
nc9664c8b57348,n8b3efa2448cd,1dd5cc6f11dc1d5e7c33c9ac01922824,keimama,keiko5066,https://assets.st-note.com/production/uploads/images/223953919/profile_de82aa306e133caf82b4ae253ad0173c.png?fit=bounds&format=jpeg&quality=85&width=330,2026-07-11T23:14:00.036+09:00,"よしひろさん、こんばんわ🌙
私はまだないですが、noteにまで…
詐偽…💦気を付けたいと思っています。"
nc513780673cb2,n8b3efa2448cd,6387daced3412f56911efd0f8787e44a,椿みきこ🌸季節の花ごよみ,hirata_mikiko60,https://assets.st-note.com/production/uploads/images/276282393/profile_1b76107f2c250cd2fcb0068f908ba934.png?fit=bounds&format=jpeg&quality=85&width=330,2026-07-11T22:27:11.097+09:00,"私も来ました。
怖いので、削除しました！
注意喚起ありがとうございます！"
nce8f666d8d50a,n8b3efa2448cd,66bbb253e7d8b2ba486f4415f36ee785,Noa,noachan0617,https://assets.st-note.com/production/uploads/images/269973521/profile_77ebb6ddc767747de9bb5bfef312b21b.png?fit=bounds&format=jpeg&quality=85&width=330,2026-07-12T09:07:50.721+09:00,"よしひろさん
いつもマガジンに追加いただきありがとうございます💐
注意喚起ありがとうございます！
まだnote始めたばかりなので、本当に助かります🥺
気をつけたいと思います🙇‍♀️"
ncd31b4e350f33,n7699591bc882,cb93804505107614e3a73d05f3e6f49f,miyuri,miyuriii_2nd,https://assets.st-note.com/production/uploads/images/230589518/profile_5800c9cb6569b37700033b060c29e255.png?fit=bounds&format=jpeg&quality=85&width=330,2026-07-12T10:28:13.224+09:00,"よしひろさん、おはようございます！
マガジンに掲載いただき、ありがとうございます✨

アウトレットはそこまで混雑してないんですね👀
今日も十分行った気にならせてもらいました😆

いつもありがとうございます✨"
nc2d1a83da0120,n8b3efa2448cd,981fabd5de074708dbb6aaf65ff99f04,musicat/おとねこ,real_phlox8176,https://assets.st-note.com/production/uploads/images/237713470/profile_2774fda1b9199e603d2c82ed8a8bc97d.png?fit=bounds&format=jpeg&quality=85&width=330,2026-07-12T18:52:05.152+09:00,"どこもかしこもサギ鷺🐔←？
note運営からしつこいくらい注意喚起が出るので、なんか出たんだなとは思っていました。
よしひろさん、有名人だからね。
気をつけます。
ありがとうございます🍀"
nc65f07def2596,n8c4193b9a83b,685d473fa4f471b5b9f52de0d570a2f0,さとりのさとり,kopailog,https://assets.st-note.com/production/uploads/images/226182676/profile_094199e7fa1bff58de5da5e07a1a43de.png?fit=bounds&format=jpeg&quality=85&width=330,2026-07-12T17:52:08.918+09:00,"偽の有料記事
パクらせてくださいー✨

一回やってみたかったんです🙇"
ncad07c709a1f0,n8c4193b9a83b,24d060d3818b37a5dde84ee51a735c45,金田まり|スタートアップ&起業支援してるワーママ,alive_sheep6563,https://assets.st-note.com/production/uploads/images/267547136/profile_058271d3689074a31099e0ff4810c782.png?fit=bounds&format=jpeg&quality=85&width=330,2025-11-06T20:28:39.627+09:00,"トラップ引っかかりました〜😆
責任については、本当にその通りで考えさせられるのに、トラップが頭から離れません笑"
nc318bbd8179db,n8c4193b9a83b,e8a8d7772c1aae2b688fec203c1903dd,MaRu（まる）｜ 4時起き朝活ワーママ,jolly_gerbil573,https://assets.st-note.com/production/uploads/images/263795679/profile_286a7a9d12b529deb20a75cfae67120b.jpeg?fit=bounds&format=jpeg&quality=85&width=330,2025-11-06T19:52:47.303+09:00,"ニセの有料記事風！
お初で、すごい確認しちゃいました。笑笑

私が思っていた責任感はどちらかというと義務感に近かったなと。相手が何を望んでいるかを考える事という視点とっても大切ですね✧︎*。
"
nc16ab9cbf6402,n8c4193b9a83b,947b9fc348ae7b4912b84935a754c64c,malielea,malielea_aroma,https://assets.st-note.com/production/uploads/images/271422836/profile_198425c68b0f2c8f2deb8112b1754f36.png?fit=bounds&format=jpeg&quality=85&width=330,2025-11-06T17:33:18.620+09:00,有料風無料記事トラップにしっかりひっかかり、二度見してニヤけました😊無料のありがたみを噛み締めつつ読ませていただきました！感謝です✨
nc907f5b431112,n8c4193b9a83b,f70038deb9c5f3f87c2ee7969a2cf523,不屈の屈葬,fukutsunokussou,https://assets.st-note.com/production/uploads/images/228082209/profile_bc2555e2c34c9857d7b2291bb9e9cc80.png?fit=bounds&format=jpeg&quality=85&width=330,2025-11-06T17:07:06.758+09:00,"「ニセの有料記事風」っていうアイデア面白いですね！！
「無料」って文字見た時の「ん？」感。
新しい試みだな～好きです。"
nc736f90f66057,n8c4193b9a83b,15b07889aa53dbf10c9cb1b67625f4b4,rika🌷,meina_rikamizuki,https://assets.st-note.com/production/uploads/images/238910767/profile_373a9816961e0c2decd5f9e33be51347.png?fit=bounds&format=jpeg&quality=85&width=330,2025-11-06T14:27:31.112+09:00,"あれ？
有料note！？👀って2度見しました！笑
面白かったです☺️
さすが、よしひろさん👍️✨️"
nc5bf4bc161fd8,n8c4193b9a83b,35032a872ef338f6bbc0a85288de5944,あまね〘ฅ՞•ﻌ•՞ฅฅ^•ﻌ•^ฅ〙,almabrillante,https://assets.st-note.com/production/uploads/images/290824636/profile_19b652242f2a0c7ccf4b53ccb6c043ba.png?fit=bounds&format=jpeg&quality=85&width=330,2025-11-06T13:58:57.497+09:00,"どうしよう…「ここから先は」にツボりました🤣

というか、やってみたいと温めていた案を先取りされて悔しいです！
（ウソです、今「いつか私も使わせてもらおう🤭」と企みました笑）

楽し～い😆𝄞⸝⸝꙳"
nc9c181ff92871,n8c4193b9a83b,bede9bd0a510b6a3b89dcb460dd51ef5,ルルトアヤコ,lovely_coyote546,https://assets.st-note.com/production/uploads/images/292319875/profile_a76080f1df5dcae5ec23a11c17a6c577.jpeg?fit=bounds&format=jpeg&quality=85&width=330,2025-11-06T13:24:25.359+09:00,やられた〜え？無料なんですか？わざわざ書いてるのに、びっくりして、スクロールして、戻って確認…これは…この書き方を見たの、初🤣おもろ過ぎる〜😆💞
ncdf6b45e27f5f,nc13524d5d80a,5f0b7239e70a6fa75d7d610dc70c33ea,なおしびと,naosu_machi,https://assets.st-note.com/production/uploads/images/288717669/profile_911457cbbe22861dc2390f6ece2f5ad1.jpeg?fit=bounds&format=jpeg&quality=85&width=330,2026-07-12T20:11:32.706+09:00,有料の記事を今後増やしていくのでとても参考になります😊
nc55bb466838d4,nc13524d5d80a,0a190b2a1490ace96d668b7243df84fc,『本当の自分に出会う100の法則』まなび,miracle_tarot315,https://assets.st-note.com/production/uploads/images/249470009/profile_45cd99b5e01b52738ef63d2120073cf9.png?fit=bounds&format=jpeg&quality=85&width=330,2026-07-13T00:29:33.426+09:00,"よしひろさん、はじめまして。
マガジンに追加していただき、ありがとうございます✨

「不足を燃料にしてきた人間は、満たされたあとに別の燃料を探さなければならない」

不足から生まれるエネルギーも確かにありますが、好奇心や楽しさ、誰かを喜ばせたい気持ちから生まれるエネルギーは、もっと軽やかで心地いいのかもしれませんね✨

子ども時代の経験から親になった今の視点まで、とても考えさせられる素敵な記事でした。

ありがとうございました🌈"
nc21b676ce415d,n5b3193f481b4,d29c2432624c1087ec7f89cc2f079dbe,美咲サヤ,crisp_gecko6337,https://assets.st-note.com/production/uploads/images/285251414/profile_bae91b069531c89747d86f8afb8c6bff.jpeg?fit=bounds&format=jpeg&quality=85&width=330,2026-07-12T22:56:30.625+09:00,"よしひろさん、こんばんは！

「やったるか！

って気持ちで動いてしまえば、
100点じゃなくても
良き日は送れたりします✨」

素敵な言葉です！

100点じゃなくてもっていうところが良いですよね！

やったるか！🙋‍♀️
ある程度気合いは必要ですね🤭

この度も、マガジン追加をありがとうございました🙇‍♀️"
ncfd486f8e3165,n8b3efa2448cd,c068f7865d8e0da6555ec8d5b896bf89,くすり。。,crystal_shine,https://assets.st-note.com/production/uploads/images/236251541/profile_ab33998a42f921a3d102004f1dc24467.png?fit=bounds&format=jpeg&quality=85&width=330,2026-07-13T12:26:23.920+09:00,"よしひろさん

こんにちは☀️
「怖い」
の、一言です💦

noteのメッセージまで…

注意喚起、ありがとうございます😊

『お、か、し』
頭に入れときます。"
nc565cabc825f5,n7b09eb123851,c068f7865d8e0da6555ec8d5b896bf89,くすり。。,crystal_shine,https://assets.st-note.com/production/uploads/images/236251541/profile_ab33998a42f921a3d102004f1dc24467.png?fit=bounds&format=jpeg&quality=85&width=330,2026-07-13T12:17:33.330+09:00,"よしひろさん

こんにちは☀️
20万ビュー
って、凄すぎ〜〜〜👍

さすが、よしひろさんですね✨

これからも、
かっ飛ばして、頑張れ📣

と、言いつつ、
頑張りすぎないように、
ですね・・・と。言ってみたり。

まー、そんなこと言わなくても、きっと大丈夫そうですね☺️

イェーイ✌️"
nc1aba4b880003,nada4e15354bc,dc157540cc91b85018fc2caf1ebe6e1d,空風マナミ　,sorakaze_works,https://assets.st-note.com/production/uploads/images/247072511/profile_f8c3cb6911c80de4c8b865ead1a349c6.png?fit=bounds&format=jpeg&quality=85&width=330,2026-07-13T15:54:33.251+09:00,"よしひろさん、
マガジン追加
いつもありがとうございます😊"
nce033ac6d64e5,nada4e15354bc,e08f17a20ea2fdfb93890ff8a561698f,月 りつこ,quick_azalea2483,https://assets.st-note.com/production/uploads/images/265760878/profile_d04ec914ff573ea0659c020a07049970.png?fit=bounds&format=jpeg&quality=85&width=330,2026-07-13T13:58:47.193+09:00,いつもマガジン追加ありがとうございます✨️優しいお気持ちが嬉しいです😄
ncc7aa14f77921,nada4e15354bc,6387daced3412f56911efd0f8787e44a,椿みきこ🌸季節の花ごよみ,hirata_mikiko60,https://assets.st-note.com/production/uploads/images/276282393/profile_1b76107f2c250cd2fcb0068f908ba934.png?fit=bounds&format=jpeg&quality=85&width=330,2026-07-13T13:41:14.512+09:00,"よしひろさん、いつもマガジン追加をありがとうございます。
お返しマガジン作ってみました。
よろしくお願いいたします😊"
nc6716c54a72fd,nada4e15354bc,3f6ecf1182527fdcf7f9417321b3e4f2,佐藤雀＠すずめ組,satousuzume,https://assets.st-note.com/production/uploads/images/169740013/profile_2e3e9c826d37a12338795bf96a653fa5.jpg?fit=bounds&format=jpeg&quality=85&width=330,2026-07-13T13:32:19.674+09:00,"投稿はそれぞれのペースですからね。
コメントもそのときのノリみたいなものを残したくて書いています。
せっかくなのでコメントしましたｗ"
ncb839b76bdddc,nada4e15354bc,a22107a59de6e3303ee2b624b3e0858a,Imbue（インビュー）/文筆家/発達凸凹育児,imbue_kaleid,https://assets.st-note.com/production/uploads/images/287069680/profile_cf6dcabd14785d5901b13c5232352b8f.png?fit=bounds&format=jpeg&quality=85&width=330,2026-07-13T12:59:34.148+09:00,"よしひろさん、こんにちは🌺

ちゃんと読んでいても、
コメントが浮かばない時って
ありますしね🥰

って言いながら、コメントを書いてみました🤣"
nc87ece4e01122,nada4e15354bc,1b14ec5242b0f89c04e2ee53ca366e02,にゃんちー【いちご🍓シェイク🥤120%】,alive_guppy3873,https://assets.st-note.com/production/uploads/images/292569123/profile_d6db72ccb3b1d61756bc2329dc18f26e.png?fit=bounds&format=jpeg&quality=85&width=330,2026-07-13T12:57:16.889+09:00,"よしひろさん、こんにちは☀️

過去記事も読んでいただいてましたからね🙈🙈🙈

こちらこそ、いつもありがとうございます🥹🙏

マガジンへの掲載も感謝です🥹🙏"
ncf0e0eabd8472,nada4e15354bc,d29c2432624c1087ec7f89cc2f079dbe,美咲サヤ,crisp_gecko6337,https://assets.st-note.com/production/uploads/images/285251414/profile_bae91b069531c89747d86f8afb8c6bff.jpeg?fit=bounds&format=jpeg&quality=85&width=330,2026-07-13T12:52:27.744+09:00,"よしひろさん、こんにちは。

すごくお気持ちわかります😅

面白いです。そんな気持ちを文章に🤭

マガジンに記事追加をありがとうございました！
"
nc9c34f4a908cf,nc13524d5d80a,8685d462a5c8fb8ec298319272fdc475,umi｜1日10捨てde整う,umi_totonou,https://assets.st-note.com/production/uploads/images/288304323/profile_54ef0820a7bfae6011f4bbb525fddb7f.jpg?fit=bounds&format=jpeg&quality=85&width=330,2026-07-13T13:10:24.138+09:00,"よしひろさんはじめまして。 umiと申します🏖️
素敵なマガジンに私のnoteも追加していただき、ありがとうございました！

深い気づきを、最後は軽やかに締めくくられていて、もっと読ませていただきたくなりました。
また記事楽しみにしています。
これからもよろしくお願いします✨"
nc08c71bf5c03d,nada4e15354bc,a637bf4e7615793e9147c093eeed9db0,あおい｜仕事と本音のあいだ,charm_loris2565,https://assets.st-note.com/production/uploads/images/247348666/profile_ca31673512c650bfe156dc7e5e77a9f0.png?fit=bounds&format=jpeg&quality=85&width=330,2026-07-13T19:16:10.626+09:00,"いつもマガジン追加ありがとうございます✨
私も、よしひろさんの気持ちがうれしいのです☺️

なにかコメントしたいと思いつつ、うまく言葉にできないことばかりです🧸🫧"
nc35dc207f99cf,nada4e15354bc,c2bf3fb737356ce4e0b1f47b310ccf53,音琴 ～go_chara～,lucid_hornet2442,https://assets.st-note.com/production/uploads/images/241037615/profile_011d60ebf0e17e1956abc71bc4156c2f.png?fit=bounds&format=jpeg&quality=85&width=330,2026-07-13T18:52:03.584+09:00,"よしひろさん、こんにちは。

すごくお気持ちわかりますし、いつも感謝しております。
いつもマガジン追加ありがとうございます(*- -)(*_ _)ペコリ
"
nc94ad82bc48c7,nada4e15354bc,713c3616cbaa3eb3711bf4f872c77df7,パタコ,auwa_44,https://assets.st-note.com/production/uploads/images/287083278/profile_6318ae2666d33efeda6208009c0cf0b7.png?fit=bounds&format=jpeg&quality=85&width=330,2026-07-13T17:52:14.802+09:00,"よしひろさんだなー🌈✨

もう全部が納得✨
いつもなんとなーく思ってるところを文章化してくださっていて、
「あぁ、神🌸」
と思っています🤭

いつもマガジンへお迎えしてくださり
ありがとうございます🌸

お気持ちキャッチ完了です♡"
nc9280c56873a8,nc13524d5d80a,5fc41c7aec4f5cbe6e8062ab23bbf7bc,yayachico,open_magpie7814,https://assets.st-note.com/production/uploads/images/254370493/profile_0901b98e3dd534db8729a75af2c6b096.jpeg?fit=bounds&format=jpeg&quality=85&width=330,2026-07-13T18:45:11.039+09:00,"トマトジュース🍅がコレステロール値に
影響があるとは！
主人に買ってきます🫡

って、
そんな話じゃなかったですよね🤣"
nc9cf9b2d1cfe9,nada4e15354bc,e0c4aa9a535879283c4ac4ce0b2f56b9,ふじ｜美容と健康,tasty_clover6364,https://assets.st-note.com/production/uploads/images/273332159/profile_964aac0fa36a6ce9899e20c8780e9aa4.jpeg?fit=bounds&format=jpeg&quality=85&width=330,2026-07-13T21:01:38.728+09:00,"よしひろさま✨
このサムネのよしひろちゃん可愛い～😻💕
いつもマガジン追加や、ぼちぼち見にきてくだり
ありがとうございます！
嬉しいです😊😊"
ncb5435dc76db2,nada4e15354bc,1dd5cc6f11dc1d5e7c33c9ac01922824,keimama,keiko5066,https://assets.st-note.com/production/uploads/images/223953919/profile_de82aa306e133caf82b4ae253ad0173c.png?fit=bounds&format=jpeg&quality=85&width=330,2026-07-13T20:58:31.444+09:00,"いつもマガジン追加をして頂きありがとうございます🥹
嬉しい気持ちでいっぱいです🥰"
nc21196394659e,nada4e15354bc,1958f561bbf6129cb9f2040494224ce1,mangorind2,vivid_mangorind2,https://assets.st-note.com/production/uploads/images/221570775/profile_fc9ca2ed5cc5495344196df17b41d2b3.jpg?fit=bounds&format=jpeg&quality=85&width=330,2026-07-14T09:00:07.452+09:00,"読みに来てくださっていることが、スキやコメント、マガジン追加を通してちゃんと伝わるのって、うれしいですよね😊

今回も「茶色いものは美味しい」をマガジンに追加してくださり、ありがとうございます！
こうしたあたたかい交流を楽しめるのも、noteの素敵なところですね🥰"
nc09a9605398b7,n7be657636025,cb93804505107614e3a73d05f3e6f49f,miyuri,miyuriii_2nd,https://assets.st-note.com/production/uploads/images/230589518/profile_5800c9cb6569b37700033b060c29e255.png?fit=bounds&format=jpeg&quality=85&width=330,2026-07-14T09:24:12.993+09:00,"よしひろさん、おはようございます！
マガジンに掲載いただき、ありがとうございます✨

バナナの人形を見て、何かに似てる・・・🍌
そうだ！よしひろちゃんに似てる😆

本日も気分だけグアム旅行を楽しませてもらいました😊

いつもありがとうございます✨"
ncfbc55b4a0969,nada4e15354bc,bede9bd0a510b6a3b89dcb460dd51ef5,ルルトアヤコ,lovely_coyote546,https://assets.st-note.com/production/uploads/images/292319875/profile_a76080f1df5dcae5ec23a11c17a6c577.jpeg?fit=bounds&format=jpeg&quality=85&width=330,2026-07-14T18:15:00.523+09:00,"よしひろさん(///з///)♡

わかってくれてありがとう〜⁄(⁄•⁄ω⁄•⁄三 ⁄•⁄ω⁄•⁄)⁄ﾃﾚﾃﾚ

あ？私だけやないのに…照れてます( ˶°⌓°˶)

いつもマガジンに記事をお招き下さりありがとうございます🙏💜💜"
nce726072a6f53,nada4e15354bc,8198c12eb644de20add82fb7c699c1fb,🌿風の猫｜ココロリーフの物語,novel_borage1334,https://assets.st-note.com/production/uploads/images/197291914/profile_c75b122fa98092d4eee4b73b093e9d3e.png?fit=bounds&format=jpeg&quality=85&width=330,2026-07-14T17:03:34.668+09:00,"よしひろさん、はじめまして☺️

「読みに来てくれてるの、ちゃんとわかってますよ〜」
その一言に、なんだか胸が温かくなりました🥹

読者には見えないところまで、ちゃんと気持ちを受け取ってくださっているんですね😌🌿

そして、私の記事までマガジンに追加してくださり、本当にありがとうございました🥹✨"
nc95abea67731f,n4c8a8fdfa12f,e0c4aa9a535879283c4ac4ce0b2f56b9,ふじ｜美容と健康,tasty_clover6364,https://assets.st-note.com/production/uploads/images/273332159/profile_964aac0fa36a6ce9899e20c8780e9aa4.jpeg?fit=bounds&format=jpeg&quality=85&width=330,2026-07-14T19:40:51.017+09:00,"よしひろさま🌿
こんばんはー🤭
読んでて笑いました🤣
ブロックを喜ぶとかw
しかしそれにしても急にブロック？💦なんなんでしょうねww"
ncd67692138e7d,n4c8a8fdfa12f,0c3d85b6338dc53dca445ab80aa42d97,シンプル,sinpuru50_note,https://assets.st-note.com/production/uploads/images/269727003/profile_3c4e525691cf98f115794d8b2e78df33.jpg?fit=bounds&format=jpeg&quality=85&width=330,2026-07-14T19:30:14.180+09:00,"こんばんは🌙
いつもスキ、マガジン追加ありがとうございます😊

ブロックとか、あるんですね。1つ賢くなりました😆
そして、ブロックを嬉しがるよしひろさんにも、そういう捉え方があるか、とまた1つ賢くなりました（笑）
ありがとうございました🍀"
ncf4c0114e55a2,n4c8a8fdfa12f,a22107a59de6e3303ee2b624b3e0858a,Imbue（インビュー）/文筆家/発達凸凹育児,imbue_kaleid,https://assets.st-note.com/production/uploads/images/287069680/profile_cf6dcabd14785d5901b13c5232352b8f.png?fit=bounds&format=jpeg&quality=85&width=330,2026-07-14T19:20:52.552+09:00,"ブロックされて喜ぶよしひろさん🤣🤣

きっと出る杭ではなく、突き抜けているからそういう思考ができるんですね👏✨"
nc71519bf807b1,n4c8a8fdfa12f,23e78cfab6f2de9a5a72e4b8281e05ba,志乃,gay_okapi3125,https://assets.st-note.com/production/uploads/images/283549989/profile_3a7ebea614b15d29770b137a35c8bdb0.png?fit=bounds&format=jpeg&quality=85&width=330,2026-07-14T19:18:50.424+09:00,"よしひろさん

いつもスキ、マガジンへの追加
ありがとうございます😊

ブロ⁉️
もしやお前さん業者やろっていう
アカウントさんにはブロしてますが
そんなふうに出るんですね😮✨

何かしらを感じたリアクション
確かにそうですね🥸✨"
nc78145411d7b1,n4c8a8fdfa12f,dc157540cc91b85018fc2caf1ebe6e1d,空風マナミ　,sorakaze_works,https://assets.st-note.com/production/uploads/images/247072511/profile_f8c3cb6911c80de4c8b865ead1a349c6.png?fit=bounds&format=jpeg&quality=85&width=330,2026-07-14T19:13:53.916+09:00,"よしひろさん、
いつもありがとうございます♪

途中、よしひろさんはドMなのかと勘違いしそうになりましたが、それほど認知されている。
受け止め方に素敵を感じました☺️"
ncdec943ba4924,n4c8a8fdfa12f,19b451b62a878a625c10ee5cab9241f3,さくさく|人生の不安に寄り添う相談室,jidoukan_judge,https://assets.st-note.com/production/uploads/images/276714619/profile_61f6d53d099641cf91b77a723cab640b.png?fit=bounds&format=jpeg&quality=85&width=330,2026-07-14T19:13:43.407+09:00,"よしひろさん、こんばんは🌙

いつもマガジンへのお気遣い、ありがとうございます✨️

ブロック…
あるのですね😱

私なら落ち込むところ、
よしひろさんの気もちの捉え方がポジティブで、私もそんな風になりたい〜✨️✨️と憧れました🤭✨️

これからもよろしくお願いします😊✨️"
nc8152c7860e4d,n4c8a8fdfa12f,704663f48a1e06dc09c61069a4dd39c8,紅茶🫖｜ことばの庭,usagi_no_mimi_,https://assets.st-note.com/production/uploads/images/274861081/profile_59c361cea83d4f4d1c3e6a403c43a90b.png?fit=bounds&format=jpeg&quality=85&width=330,2026-07-14T19:07:46.721+09:00,"よしひろさん
こんばんは🌙✨

マガジンに追加していただき、
ありがとうございます♬

「ブロックされてて、ちょっと嬉しかったこと」というタイトルに、思わず二度見しました😳

ネガティブに受け止めるのではなく、反応してもらえたと捉える視点が、面白いなぁと思いました☺️"
nc94921c53a7ce,nbc82fea4cedb,02859a98d5bba82093a41fbea358a3b6,Chill,chill_2525,https://assets.st-note.com/production/uploads/images/267416818/profile_ec983d1b1c2cdf75a359c193306959d3.png?fit=bounds&format=jpeg&quality=85&width=330,2026-07-14T21:31:08.679+09:00,"よしひろさん、こんばんは♪

まさか一緒だったとは✨
私もあと二週間ほどで健康診断なのです💦
なので、とりあえず・・・
晩御飯には豆腐、納豆、メカブ、トマトなどを😅
グミ禁断症状が出始めます😅

同じようなことをやっていた！と笑ってしまいました🤣"
ncefb0bb118537,n4c8a8fdfa12f,63966118e620f791e2635a2ba6ce8562,まやのまさこ,kind_pansy1711,https://assets.st-note.com/production/uploads/images/236870224/profile_7b1d6960187c5813832bb7734662d75f.png?fit=bounds&format=jpeg&quality=85&width=330,2026-07-15T08:47:25.021+09:00,"私もスキのブロックされていました！
それも全く知らない方から！

同じ方がいるんだ！と思って
ついついコメントさせて頂きましたが🙏

スキのブロックって不思議です😳

ヨシヒロさんの場合は
ヨシヒロさんへの嫉妬から？
かもしれませんね😚✨"
nc63669b7084ee,n0433743c1f38,cb93804505107614e3a73d05f3e6f49f,miyuri,miyuriii_2nd,https://assets.st-note.com/production/uploads/images/230589518/profile_5800c9cb6569b37700033b060c29e255.png?fit=bounds&format=jpeg&quality=85&width=330,2026-07-15T09:39:06.301+09:00,"よしひろさん、おはようございます！
マガジンに掲載いただき、ありがとうございます✨

なんとなくですが流れている時間が穏やかそうな場所ですね👀 > グアム🇬🇺
そんな感じがしました😊

この旅も終わりか〜。行ってないのに😆

いつもありがとうございます✨"
nc4cafbefd0f67,nbc02742fe317,1958f561bbf6129cb9f2040494224ce1,mangorind2,vivid_mangorind2,https://assets.st-note.com/production/uploads/images/221570775/profile_fc9ca2ed5cc5495344196df17b41d2b3.jpg?fit=bounds&format=jpeg&quality=85&width=330,2026-07-15T18:50:22.072+09:00,"質問箱にこんな機能があったんですね😳 
フォローしている方の回答をまとめて見られるのは、また違った楽しみ方ができそうです✨
そして、いつもマガジンに加えていただきありがとうございます😊 
とても励みになっています。 
これからもよろしくお願いします🍀"
ncd21f0d5ff2fb,nbc02742fe317,34987bbf50be44cfbc1419a1df6f8760,ツムジ,tsumuji264,https://assets.st-note.com/production/uploads/images/231588271/profile_d0f51b83720ce83ce2be707571e96762.png?fit=bounds&format=jpeg&quality=85&width=330,2026-07-15T18:47:42.366+09:00,"よしひろさん、こんばんは！
いつもありがとうございます😊

質問箱、パワーアップしてたんですねー。
初期版含めやってないのでよくわかってないですが笑

設置してみようかな〜とちょっと関心はあります🤔"
ncd62efa5b57b0,nbc02742fe317,bbde2be08757ca783d4819cccf3e531b,須川元介/情報翻訳家,skagenavi,https://assets.st-note.com/production/uploads/images/238929357/profile_4d487be6cc66654f0df4c1f7e09d7b75.png?fit=bounds&format=jpeg&quality=85&width=330,2026-07-15T19:45:59.492+09:00,"よしひろさん、こんばんは！

この進化知りませんでした✨回答にスキも押せるようになってますね！

いつもマガジンへの追加ありがとうございます😊"
ncafc42779a187,nbc02742fe317,290f76d99eb40b676ce764b1c2a200e3,Takanashi（たかなし）,takanashi_note01,https://assets.st-note.com/production/uploads/images/285979760/profile_93df0f9e814c2db6eb30332fe307f173.png?fit=bounds&format=jpeg&quality=85&width=330,2026-07-15T19:14:35.607+09:00,"質問箱、改良されているのは良いのですが……匿名性を悪用し、個人攻撃に使っている方もいるので、個人的にはいかがなものかと感じる部分があります。
そのため私は、使用しておりません。
そのあたりを運営側が、しっかり管理できるようであれば使うことも検討するのですが、今の運営にそれができるという感覚が、どうしても持てないので……。"
nc2aa18b2c1ca7,nada4e15354bc,0a190b2a1490ace96d668b7243df84fc,『本当の自分に出会う100の法則』まなび,miracle_tarot315,https://assets.st-note.com/production/uploads/images/249470009/profile_45cd99b5e01b52738ef63d2120073cf9.png?fit=bounds&format=jpeg&quality=85&width=330,2026-07-16T01:04:23.063+09:00,"よしひろさん、はじめまして。
ご挨拶が遅くなってしまいごめんなさい🙇

マガジン追加して頂きありがとうございます✨🙏
ご縁に感謝いたします。

今後ともどうぞよろしくお願いします。"
ncc24b1ec712cd,nbc02742fe317,6387daced3412f56911efd0f8787e44a,椿みきこ🌸季節の花ごよみ,hirata_mikiko60,https://assets.st-note.com/production/uploads/images/276282393/profile_1b76107f2c250cd2fcb0068f908ba934.png?fit=bounds&format=jpeg&quality=85&width=330,2026-07-15T22:56:20.212+09:00,"よしひろさんの質問箱、にぎわっていますね✨
お人柄ですね〜🤭"
nc387ff3f02bdb,n4c8a8fdfa12f,d58df56d72e51835fa8597640954d50b,道草ノート🌿ゆう,koya1970,https://assets.st-note.com/production/uploads/images/280082912/profile_27c6de0e430e96c942efcfde0e0dc5ce.jpeg?fit=bounds&format=jpeg&quality=85&width=330,2026-07-16T07:05:55.299+09:00,ブロックされていることに気づける機能ってなかなかないですね😅noteってそういう場所なんだぁと初めて知りました。ありがとうございます😊
nc194e187814d4,nc93b3230f5a2,cb93804505107614e3a73d05f3e6f49f,miyuri,miyuriii_2nd,https://assets.st-note.com/production/uploads/images/230589518/profile_5800c9cb6569b37700033b060c29e255.png?fit=bounds&format=jpeg&quality=85&width=330,2026-07-16T10:57:22.251+09:00,"よしひろさん、おはようございます！
マガジンに掲載いただき、ありがとうございます✨

もう帰国か〜。
あっという間でしたね！
おかげさまで行った気になれました😊

いつもありがとうございます✨"
ncbfbb2f05ce3d,n4c8a8fdfa12f,6387daced3412f56911efd0f8787e44a,椿みきこ🌸季節の花ごよみ,hirata_mikiko60,https://assets.st-note.com/production/uploads/images/276282393/profile_1b76107f2c250cd2fcb0068f908ba934.png?fit=bounds&format=jpeg&quality=85&width=330,2026-07-16T13:46:21.057+09:00,"知らなかったです。
ブロックしたらスキは減るのに？

よしひろさんが認知されている証拠かもしれませんね🫡"
ncbe9a6f038523,n6488ce8c0862,6387daced3412f56911efd0f8787e44a,椿みきこ🌸季節の花ごよみ,hirata_mikiko60,https://assets.st-note.com/production/uploads/images/276282393/profile_1b76107f2c250cd2fcb0068f908ba934.png?fit=bounds&format=jpeg&quality=85&width=330,2026-07-16T22:24:45.996+09:00,"サムネの泣いてる子が可愛いですね☺️
うっかりコメント消えることもあります😢"
nc7379ce71b52e,n6488ce8c0862,23e78cfab6f2de9a5a72e4b8281e05ba,志乃,gay_okapi3125,https://assets.st-note.com/production/uploads/images/283549989/profile_3a7ebea614b15d29770b137a35c8bdb0.png?fit=bounds&format=jpeg&quality=85&width=330,2026-07-16T21:38:44.804+09:00,"わたしもですよー😂

スマホからぽちぽちしてたら
ガッツリ消えて
まあ、そんな時もあるくらいで
勢いでサーっと書いちゃいます✍️

いつもスキやマガジン追加をして頂き、ありがとうございます😊"
ncf6628f91c756,nbc02742fe317,031a96c67c576e3bfc12a86d2606bd97,ココミチ＠ゆきの,hot_mink9599,https://assets.st-note.com/production/uploads/images/212559417/profile_9dbf6c222d0c87810aeff185afbd7f95.jpg?fit=bounds&format=jpeg&quality=85&width=330,2026-07-16T21:15:46.611+09:00,"よしひろさん、こんばんは

赤丸のところは
隠さなくてもよかったかも、と
添えられていた一言に
気さくなお人柄がにじんでいました

フォロー数を絞っている理由が
追えなくなるから、というのにも
どこか同じ温度を感じています

「どっちでもいい」と言うたびにを
マガジンに迎えてくださり
ありがとうございます

ゆきの"
ncefa0e85b2f3d,nada4e15354bc,2c55cc2c6e2136f340aa461bfb700e5c,なごみさん,hearty_quoll7429,https://assets.st-note.com/production/uploads/images/289968642/profile_589301d313b47d3ed1e8f3cfdf4a4768.png?fit=bounds&format=jpeg&quality=85&width=330,2026-07-16T22:40:23.138+09:00,"よしひろさん、こんばんは。
初めてマガジンなるものに登録していただき、感激しております。読んでいただけたと分かると嬉しいです。マガジン登録までして頂いたら、もう、望外の幸せ、って感じです。ありがとうございます。"
ncd39d60d3a354,n6488ce8c0862,15b07889aa53dbf10c9cb1b67625f4b4,rika🌷,meina_rikamizuki,https://assets.st-note.com/production/uploads/images/238910767/profile_373a9816961e0c2decd5f9e33be51347.png?fit=bounds&format=jpeg&quality=85&width=330,2026-07-16T22:47:37.696+09:00,"私もです💦

ぎゃー！！！！消えた💦
書き直しだ😱ってなります😭"
nc3d1a2d1a9251,n6488ce8c0862,fbaef2c001615d02444573a135007008,はしゃも｜感情構造エンジニア,hasyamo,https://assets.st-note.com/production/uploads/images/294944171/profile_c90f418276794d363ae771ae5560de23.png?fit=bounds&format=jpeg&quality=85&width=330,2026-07-17T07:52:20.742+09:00,"よしひろさん、おはようございます✨

書きかけの文章が消えた瞬間って、内容以上に「さっきの勢いまで消えた」感じがして悲しいんですよね🤣

対策した方がいいのは分かっていても、お礼の言葉はその場の気持ちのまま書きたい。
最後に結局、素書きへ戻るところが妙に納得でした☺️"
nc7d977a5c1a38,n6488ce8c0862,0f1142cfe991cca1571a98d2fbcf63d3,右脳鍼灸師｜健康と自由の探究者,unou_shinkyu,https://assets.st-note.com/production/uploads/images/287823379/profile_ed467903c9a7195c6c228bd9b585d8ea.jpeg?fit=bounds&format=jpeg&quality=85&width=330,2026-07-17T07:11:40.170+09:00,"うっかり、てたいてい集中してない時にやらかしますね😅
ながら作業は危険です"
nc01027525607b,n8b3efa2448cd,cb93804505107614e3a73d05f3e6f49f,miyuri,miyuriii_2nd,https://assets.st-note.com/production/uploads/images/230589518/profile_5800c9cb6569b37700033b060c29e255.png?fit=bounds&format=jpeg&quality=85&width=330,2026-07-17T10:55:04.779+09:00,"よしひろさん、おはようございます！
マガジンに掲載いただき、ありがとうございます✨

私自身は、フォローが入ったからフォロー返ししたら、
速攻でDMが来て、住んでるとこはどこかとか聞いてくる外国籍の人がいて、
ブロックしたらアカウントを変えて同じことを繰り返す😱

キモイ＆怖いのでフォーロー返しをやめたら、当然ですが止まりました😔

こういう人がいるのも現実なので、気をつけたいですね！

いつもありがとうございます✨"
nc6c31a00dba9b,nc3053a0a1ea8,bede9bd0a510b6a3b89dcb460dd51ef5,ルルトアヤコ,lovely_coyote546,https://assets.st-note.com/production/uploads/images/292319875/profile_a76080f1df5dcae5ec23a11c17a6c577.jpeg?fit=bounds&format=jpeg&quality=85&width=330,2026-07-17T11:22:51.256+09:00,これは、もうよしひろブランド、ですわなぁ‎( > ·̫ <)👍🏻🌟
nc29b1fc496dde,n8d6dbe502128,bede9bd0a510b6a3b89dcb460dd51ef5,ルルトアヤコ,lovely_coyote546,https://assets.st-note.com/production/uploads/images/292319875/profile_a76080f1df5dcae5ec23a11c17a6c577.jpeg?fit=bounds&format=jpeg&quality=85&width=330,2026-07-17T11:19:46.163+09:00,"癒されますなぁ……文章から心地良い雰囲気、感じるもん🥺︎

ありがとうございます❣️!(´▽｀)"
nc35832c307d54,nada4e15354bc,1958f561bbf6129cb9f2040494224ce1,mangorind2,vivid_mangorind2,https://assets.st-note.com/production/uploads/images/221570775/profile_fc9ca2ed5cc5495344196df17b41d2b3.jpg?fit=bounds&format=jpeg&quality=85&width=330,2026-07-17T17:55:59.849+09:00,"今回も取り上げていただき、ありがとうございます。

こうして続けて見守っていただけることが、とても心強いです。
これからも、自分らしい言葉で書き続けていきます。"
nc5e68cce76981,n6488ce8c0862,47516e46043a63100a906243cb142abc,太めのスローロリス,sane_zinnia9945,https://assets.st-note.com/production/uploads/images/270199774/profile_fea512eb92442ee5df26b74b3bb4e1f6.png?fit=bounds&format=jpeg&quality=85&width=330,2026-07-17T17:11:34.541+09:00,"こんにちは。記事を読んで、
楽しさが先行してnoteの記事もコメントも返信も勢いで書いてアップしている自分に気づきました。😁
記事だけはバックアップや下書きをしようと決意しました。
いつも、マガジンにご登録ありがとうございます。マガジンから色々な人が遊びにきてくださっています。感謝しています。☺️"
ncc1a62adf5ee0,n1fbcfbf72726,bede9bd0a510b6a3b89dcb460dd51ef5,ルルトアヤコ,lovely_coyote546,https://assets.st-note.com/production/uploads/images/292319875/profile_a76080f1df5dcae5ec23a11c17a6c577.jpeg?fit=bounds&format=jpeg&quality=85&width=330,2026-07-17T21:30:19.738+09:00,"柔らかな感性やわ…読むお薬…ラクになる捉え方…生き方、行き方やと思う…

いつもありがとうございます💖💖💝マガジンも、ありがとうねー♪"
nc52417fcd0d40,n1fbcfbf72726,a22107a59de6e3303ee2b624b3e0858a,Imbue（インビュー）/文筆家/発達凸凹育児,imbue_kaleid,https://assets.st-note.com/production/uploads/images/287069680/profile_cf6dcabd14785d5901b13c5232352b8f.png?fit=bounds&format=jpeg&quality=85&width=330,2026-07-17T20:10:13.735+09:00,"よしひろさん、こんばんは🌺
有料記事の執筆、お疲れ様でした👏✨
かなり勉強になりました🥰❣️

よしひろさんみたいな考えの人が増えたら、
世界はもっと優しくなるだろうな〜✨

最後まで読んだら、心がスッキリしました💞

あれこれ書きたいけど、ネタバレになるから我慢します🤣🤣

素敵な記事をご投稿いただき、ありがとうございました🙇"
nc74ae0e6683c4,nbc02742fe317,a278fdd1c8e1ef907e9943f3441cb84a,凸凹おばば（ひなたばあ）,ready_thyme6471,https://assets.st-note.com/production/uploads/images/211548948/profile_c4d4f328aa56aa4ce7c54133cc42645b.png?fit=bounds&format=jpeg&quality=85&width=330,2026-07-17T20:06:49.306+09:00,"よしひろさん、こんばんは
質問箱への見方が変わったかも？です。
楽しんでいらっしゃいますね。
使い方も教えてくださって、ありがとうございました。"
nc99fdf155b586,n5b3193f481b4,cb93804505107614e3a73d05f3e6f49f,miyuri,miyuriii_2nd,https://assets.st-note.com/production/uploads/images/230589518/profile_5800c9cb6569b37700033b060c29e255.png?fit=bounds&format=jpeg&quality=85&width=330,2026-07-18T09:58:18.735+09:00,"よしひろさん、おはようございます！
マガジンに掲載いただき、ありがとうございます✨

毎日100点はなかなか難しいですね😅
80点くらいならよしとする感じでしょうか？
完璧を求めすぎても肩が凝りますし😊

いつもありがとうございます✨"
nc2fe323cda6a3,n6488ce8c0862,f70038deb9c5f3f87c2ee7969a2cf523,不屈の屈葬,fukutsunokussou,https://assets.st-note.com/production/uploads/images/228082209/profile_bc2555e2c34c9857d7b2291bb9e9cc80.png?fit=bounds&format=jpeg&quality=85&width=330,2026-07-18T14:12:00.817+09:00,"noteだけの話じゃないですけど、ひと昔前はよく「作り途中のエクセルファイルが保存する前にフリーズした･･･（絶望）」と味わっていたことを思い出しました。
今はもっぱら自動保存のアプリ（スプレッドシートとか）を使っています。自動保存されるものがいつの間にか増えてきましたね。"
nce6a33718eb07,nada4e15354bc,02859a98d5bba82093a41fbea358a3b6,Chill,chill_2525,https://assets.st-note.com/production/uploads/images/267416818/profile_ec983d1b1c2cdf75a359c193306959d3.png?fit=bounds&format=jpeg&quality=85&width=330,2026-07-18T18:07:32.793+09:00,"よしひろさん、わかります～😊

"
nc60b363125742,n1fbcfbf72726,981fabd5de074708dbb6aaf65ff99f04,musicat/おとねこ,real_phlox8176,https://assets.st-note.com/production/uploads/images/237713470/profile_2774fda1b9199e603d2c82ed8a8bc97d.png?fit=bounds&format=jpeg&quality=85&width=330,2026-07-18T18:48:01.116+09:00,"なるほど、お上品な逃げ方ね🗒️✍️
とっても大事だと思います✨

逃げた先に寛ぎセット用意しておきます🍺🎆"
nc08d811166a96,n5b3193f481b4,a278fdd1c8e1ef907e9943f3441cb84a,凸凹おばば（ひなたばあ）,ready_thyme6471,https://assets.st-note.com/production/uploads/images/211548948/profile_c4d4f328aa56aa4ce7c54133cc42645b.png?fit=bounds&format=jpeg&quality=85&width=330,2026-07-18T19:57:59.718+09:00,"よしひろさん、こんばんは。
この度は、記事をマガジンに追加していただき、ありがとうございます。
すごくうれしいです。

有料記事の後に無料記事を書く理由、そうなんですね。
有料記事を書いたことがないので、未知の世界でした（笑い）"
nce03e2bb13a93,n3d36d9cd408a,02859a98d5bba82093a41fbea358a3b6,Chill,chill_2525,https://assets.st-note.com/production/uploads/images/267416818/profile_ec983d1b1c2cdf75a359c193306959d3.png?fit=bounds&format=jpeg&quality=85&width=330,2026-07-18T23:25:27.937+09:00,"よしひろさん、こんばんは♪
その感覚、すごくわかります。
コーヒーの後、予定に取り掛かることはできましたか？

"
nc126e2c071d23,n3d36d9cd408a,6f37b29c0fe556352eedbf3d7cef8fed,Lumen C.,ai_duck201,https://assets.st-note.com/production/uploads/images/233701242/profile_34285f3b90b5f3bfc48742275f8d4a94.png?fit=bounds&format=jpeg&quality=85&width=330,2026-07-19T08:28:51.764+09:00,"未完了の予定って、実際に動いていなくても認知の一部を占有し続けるんですよね。
締切も開始時刻も自分次第だと、自由がそのまま判断コストになる。
だから始める前から疲れる、という感覚にとても納得しました。
最後の「もう一杯コーヒーを飲んでから」まで含めて、すごく人間らしくて好きです☕

いつもマガジン掲載ありがとうございます😊✨"
nc8ca2d772a708,n4c8a8fdfa12f,cb93804505107614e3a73d05f3e6f49f,miyuri,miyuriii_2nd,https://assets.st-note.com/production/uploads/images/230589518/profile_5800c9cb6569b37700033b060c29e255.png?fit=bounds&format=jpeg&quality=85&width=330,2026-07-19T07:55:57.502+09:00,"よしひろさん、おはようございます！
マガジンに掲載いただき、ありがとうございます✨

ブロックに気付く仕組みはそういうことなんですね👀
はじめて知りました！

私はマナーの悪い人に関してはブロックしますが、
見ず知らずの人に対してはないですね。

よしひろさんは器が大きいんだと思います😊

いつもありがとうございます✨"
ncd2096bf6d3ce,n3d36d9cd408a,031a96c67c576e3bfc12a86d2606bd97,ココミチ＠ゆきの,hot_mink9599,https://assets.st-note.com/production/uploads/images/212559417/profile_9dbf6c222d0c87810aeff185afbd7f95.jpg?fit=bounds&format=jpeg&quality=85&width=330,2026-07-19T13:34:07.029+09:00,"よしひろさん、こんにちは

「始めていないのに、
すでにちょっと疲れている」に
ふふっと笑ってしまいました
自主性の手ごわさ
よくわかります

「笑いながら、なぜか涙が出る」を
マガジンに迎えてくださり
ありがとうございます

ゆきの"
nc5a3d11d177ba,n3d36d9cd408a,a3b393748448993682c446017554f28a,りこ@一生養生,riko_83,https://assets.st-note.com/production/uploads/images/242853208/profile_868cf0850d54d0a98ca0406d82454cfa.png?fit=bounds&format=jpeg&quality=85&width=330,2026-07-19T16:13:50.172+09:00,"こんにちは☀
投稿時間23時…徹夜予定のコーヒーですか？😅💦
私だったら、とりあえずお風呂と歯磨きとお布団の準備を整えますね✨
よしひろさんは、エライ😊🍀
"
nca332b942fe11,nbc02742fe317,02859a98d5bba82093a41fbea358a3b6,Chill,chill_2525,https://assets.st-note.com/production/uploads/images/267416818/profile_ec983d1b1c2cdf75a359c193306959d3.png?fit=bounds&format=jpeg&quality=85&width=330,2026-07-19T16:54:36.416+09:00,"よしひろさん、こんにちは♪
質問箱の使い方や機能を知らなかったので、
教えていただいてよかったです😊
なんでも楽しめるってステキです✨"
nc2e46a89912d0,nada4e15354bc,fe6a3dfbf579f7f9f0eadb36aa5260ab,しずく,lucky_ram4890,https://assets.st-note.com/production/uploads/images/270484515/profile_f2deb3775d1acb5fb6b143d8ce8fd4b7.png?fit=bounds&format=jpeg&quality=85&width=330,2026-07-19T20:42:49.595+09:00,"よしひろさん
はじめまして。

マガジン追加していただき、ありがとうございます。
皆さまと繋がりを持たせて下さり感謝です✨

"
ncd493b183ba21,n3d36d9cd408a,1dd5cc6f11dc1d5e7c33c9ac01922824,keimama,keiko5066,https://assets.st-note.com/production/uploads/images/223953919/profile_de82aa306e133caf82b4ae253ad0173c.png?fit=bounds&format=jpeg&quality=85&width=330,2026-07-19T20:55:47.684+09:00,"よしひろさん、こんばんわ🌔
「残りは日曜日の僕に託します😏」の結末が気になります🤣
今日は無事にスタート&ゴールできたのでしょうか🤔
いつもマガジン追加ありがとうございます♥️"
nc349c58adbdbf,nada4e15354bc,d909aaf0fa7612128ddd59ab14a10a09,碧乃さくら,unique_turkey951,https://assets.st-note.com/production/uploads/images/292728730/profile_53485158c75ef715c8edc37f3513eba9.png?fit=bounds&format=jpeg&quality=85&width=330,2026-07-19T22:10:31.638+09:00,"よしひろさん✨

本当にいつもありがとうございます🥰✨

ちゃんと伝わってます💞"
nce3d8616c4a49,nae6f9df1a278,9735e1bac7ba0bc5d0af33cf56157b08,enyo*えんよう🗝️,keyoflife_enyo,https://assets.st-note.com/production/uploads/images/240644209/profile_1ac1d8614044bc9c45db88b11d02d8f6.png?fit=bounds&format=jpeg&quality=85&width=330,2026-07-20T00:01:56.838+09:00,"よしひろさん、いつもありがとうございます🌻

ハッピーアイテムが似ています🛀🍨🍷🤭
お疲れさまです🎈"
nc1869e267890f,nae6f9df1a278,6387daced3412f56911efd0f8787e44a,椿みきこ🌸季節の花ごよみ,hirata_mikiko60,https://assets.st-note.com/production/uploads/images/276282393/profile_1b76107f2c250cd2fcb0068f908ba934.png?fit=bounds&format=jpeg&quality=85&width=330,2026-07-19T22:45:54.598+09:00,よしひろさんは、なんのかんの言いながらも、やっちゃう人なんですね✨
ncc72352b65741,nbc02742fe317,cb93804505107614e3a73d05f3e6f49f,miyuri,miyuriii_2nd,https://assets.st-note.com/production/uploads/images/230589518/profile_5800c9cb6569b37700033b060c29e255.png?fit=bounds&format=jpeg&quality=85&width=330,2026-07-20T08:45:39.395+09:00,"よしひろさん、おはようございます！
マガジンに掲載いただき、ありがとうございます✨

質問箱！
少し前に大量の質問箱開始メールが来ましたが、私は始めていません。
なんか色々と機能があるようですね👀

答えにくい質問とかきたら困りそうですね😆

いつもありがとうございます✨"
nc8155a156987f,n63b50566e631,3a0d8f694befb2b9a720ec3d55b9f763,ハチワレ投資家,hachiware_toshi,https://assets.st-note.com/poc-image/manual/preset_user_image/production/ic3fd94079689.jpg,2026-07-20T19:52:11.766+09:00,"素敵なおやすみですね😁
海も綺麗です🏄🏻‍♂️"
