detected_at,event_type,note_key,magazine_key
2026-04-13T18:15:12+09:00,added,nc5ae30b85408,m75cf56291294
2026-04-13T18:15:12+09:00,added,nc5ae30b85408,m8bf45fd1d793
2026-04-13T18:15:12+09:00,added,nc5ae30b85408,mdd702710eeb9
2026-04-13T18:15:12+09:00,added,nc5ae30b85408,m248ca3ee7087
2026-04-13T18:15:12+09:00,added,nc5ae30b85408,m76b37a54b292
2026-04-13T18:15:12+09:00,added,nc5ae30b85408,mc3c452aad6f3
2026-04-13T18:15:12+09:00,added,nc5ae30b85408,m3ff81c0d23db
2026-04-13T18:15:12+09:00,added,nc5ae30b85408,m2788185b81a0
2026-04-13T18:15:12+09:00,added,nc5ae30b85408,mf7549c1ca230
2026-04-13T18:15:12+09:00,added,nc5ae30b85408,m0102f820d986
2026-04-13T18:15:12+09:00,added,nc5ae30b85408,m18c09c59705e
2026-04-13T18:15:12+09:00,added,nc5ae30b85408,m0f6484462f7f
2026-04-13T18:15:12+09:00,added,nc5ae30b85408,m75dba2f0793c
2026-04-13T18:15:12+09:00,added,nc5ae30b85408,m8eb046826032
2026-04-13T18:15:12+09:00,added,nc5ae30b85408,me39940554e5a
2026-04-13T18:15:12+09:00,added,nc5ae30b85408,m54b2ccd56b12
2026-04-13T18:15:12+09:00,added,nc5ae30b85408,mb14c27a56b5e
2026-04-13T18:15:12+09:00,added,nc5ae30b85408,m6463046852a4
2026-04-13T18:15:12+09:00,added,nc5ae30b85408,m5b27002b62d9
2026-04-13T18:15:12+09:00,added,nc5ae30b85408,m26631bce74dd
2026-04-13T18:15:12+09:00,added,nc5ae30b85408,ma7f0c5b5d76e
2026-04-13T18:15:12+09:00,added,nc5ae30b85408,m06237f367b09
2026-04-13T18:15:12+09:00,added,nc5ae30b85408,m6862330b7742
2026-04-13T18:15:12+09:00,added,nc5ae30b85408,mdf249d5f08ec
2026-04-13T18:15:12+09:00,added,nc5ae30b85408,m592a8866a9d3
2026-04-13T18:15:12+09:00,added,nc5ae30b85408,m47ad56a9b500
2026-04-13T18:15:12+09:00,added,nc5ae30b85408,m7325f611df66
2026-04-13T18:15:12+09:00,added,nc5ae30b85408,m35682e83d625
2026-04-13T18:15:12+09:00,added,nc5ae30b85408,m6ff3417d7d3c
2026-04-13T18:15:12+09:00,added,nc5ae30b85408,m16095e384518
2026-04-13T18:15:12+09:00,added,nc5ae30b85408,m366756297795
2026-04-13T18:15:12+09:00,added,nc5ae30b85408,m2d247f7a06e6
2026-04-13T18:15:12+09:00,added,nc5ae30b85408,m3032113cbb05
2026-04-13T18:15:12+09:00,added,nc5ae30b85408,mad8d2935fc54
2026-04-13T18:15:12+09:00,added,nc5ae30b85408,mfc9d03c23504
2026-04-13T18:15:12+09:00,added,nc5ae30b85408,m2e9b901b1ba9
2026-04-17T22:58:00+09:00,added,ndb4a5f6a29c1,m6ff3417d7d3c
2026-04-17T22:58:00+09:00,added,ndb4a5f6a29c1,mf7549c1ca230
2026-04-17T22:58:00+09:00,added,ndb4a5f6a29c1,m3ff81c0d23db
2026-04-17T22:58:00+09:00,added,ndb4a5f6a29c1,m2788185b81a0
2026-04-17T22:58:00+09:00,added,ndb4a5f6a29c1,m18c09c59705e
2026-04-17T22:58:00+09:00,added,ndb4a5f6a29c1,m09b16643c1cf
2026-04-16T18:30:00+09:00,added,n5095a311e361,m366756297795
2026-04-16T18:30:00+09:00,added,n5095a311e361,m16095e384518
2026-04-16T18:30:00+09:00,added,n5095a311e361,mfc9d03c23504
2026-04-16T18:30:00+09:00,added,n5095a311e361,m0f6484462f7f
2026-04-16T18:30:00+09:00,added,n5095a311e361,m2788185b81a0
2026-04-16T18:30:00+09:00,added,n5095a311e361,m3ff81c0d23db
2026-04-16T18:30:00+09:00,added,n5095a311e361,mae7d87e63b56
2026-04-16T18:30:00+09:00,added,n5095a311e361,m1c302a1d8d31
2026-04-16T18:30:00+09:00,added,n5095a311e361,mdf249d5f08ec
2026-04-16T18:30:00+09:00,added,n5095a311e361,m23c1b65814a0
2026-04-16T18:30:00+09:00,added,n5095a311e361,m248ca3ee7087
2026-04-16T18:30:00+09:00,added,n5095a311e361,md1868a762043
2026-04-16T18:30:00+09:00,added,n5095a311e361,mad8d2935fc54
2026-04-16T18:30:00+09:00,added,n5095a311e361,m7325f611df66
2026-04-16T18:30:00+09:00,added,n5095a311e361,m9577a282f0ed
2026-04-16T18:30:00+09:00,added,n5095a311e361,mc6dad877a6d7
2026-04-16T18:30:00+09:00,added,n5095a311e361,m0988ee24cf93
2026-04-16T18:30:00+09:00,added,n5095a311e361,m26631bce74dd
2026-04-16T18:30:00+09:00,added,n5095a311e361,m9d62c4a809ea
2026-04-15T18:26:44+09:00,added,nd90108990291,m17f76b944423
2026-04-15T18:26:44+09:00,added,nd90108990291,m18c09c59705e
2026-04-15T18:26:44+09:00,added,nd90108990291,m0102f820d986
2026-04-15T18:26:44+09:00,added,nd90108990291,m23c1b65814a0
2026-04-15T18:26:44+09:00,added,nd90108990291,m366756297795
2026-04-15T18:26:44+09:00,added,nd90108990291,m16095e384518
2026-04-14T22:00:00+09:00,added,nadee18c7356c,m366756297795
2026-04-14T22:00:00+09:00,added,nadee18c7356c,m16095e384518
2026-04-14T22:00:00+09:00,added,nadee18c7356c,m05948736e17f
2026-04-14T22:00:00+09:00,added,nadee18c7356c,m2788185b81a0
2026-04-14T22:00:00+09:00,added,nadee18c7356c,mf7549c1ca230
2026-04-14T22:00:00+09:00,added,nadee18c7356c,m3ff81c0d23db
2026-04-14T22:00:00+09:00,added,nadee18c7356c,mdd702710eeb9
2026-04-14T22:00:00+09:00,added,nadee18c7356c,m6463046852a4
2026-04-14T22:00:00+09:00,added,nadee18c7356c,m7325f611df66
2026-04-14T22:00:00+09:00,added,nadee18c7356c,m37d0f19c2434
2026-04-14T22:00:00+09:00,added,nadee18c7356c,m0f6484462f7f
2026-04-14T22:00:00+09:00,added,nadee18c7356c,md1868a762043
2026-04-14T22:00:00+09:00,added,nadee18c7356c,mad8d2935fc54
2026-04-14T22:00:00+09:00,added,nadee18c7356c,m0988ee24cf93
2026-04-12T22:56:23+09:00,added,n1e46ff49dc7a,mae7d87e63b56
2026-04-12T22:56:23+09:00,added,n1e46ff49dc7a,m18c09c59705e
2026-04-12T22:56:23+09:00,added,n1e46ff49dc7a,m0102f820d986
2026-04-12T22:56:23+09:00,added,n1e46ff49dc7a,m2788185b81a0
2026-04-12T22:56:23+09:00,added,n1e46ff49dc7a,mcd9b664d59b6
2026-04-12T22:56:23+09:00,added,n1e46ff49dc7a,mdd702710eeb9
2026-04-12T22:56:23+09:00,added,n1e46ff49dc7a,m0988ee24cf93
2026-04-11T18:39:23+09:00,added,nd3372c44c95e,m0f6484462f7f
2026-04-11T18:39:23+09:00,added,nd3372c44c95e,me39940554e5a
2026-04-11T18:39:23+09:00,added,nd3372c44c95e,m0921d4d120a8
2026-04-11T18:39:23+09:00,added,nd3372c44c95e,m7325f611df66
2026-04-11T18:39:23+09:00,added,nd3372c44c95e,m6463046852a4
2026-04-11T18:39:23+09:00,added,nd3372c44c95e,mdd702710eeb9
2026-04-11T18:39:23+09:00,added,nd3372c44c95e,mb3e9f2d69860
2026-04-11T18:39:23+09:00,added,nd3372c44c95e,m0988ee24cf93
2026-04-10T20:30:00+09:00,added,n3a6ee129232d,mf7549c1ca230
2026-04-10T20:30:00+09:00,added,n3a6ee129232d,m2788185b81a0
2026-04-10T20:30:00+09:00,added,n3a6ee129232d,me39940554e5a
2026-04-10T20:30:00+09:00,added,n3a6ee129232d,me40727335eb0
2026-04-10T20:30:00+09:00,added,n3a6ee129232d,m87f25c8ab4b1
2026-04-10T20:30:00+09:00,added,n3a6ee129232d,m18c09c59705e
2026-04-10T20:30:00+09:00,added,n3a6ee129232d,m0102f820d986
2026-04-10T20:30:00+09:00,added,n3a6ee129232d,m2aedf61ec5aa
2026-04-10T20:30:00+09:00,added,n3a6ee129232d,m9d62c4a809ea
2026-04-10T20:30:00+09:00,added,n3a6ee129232d,ma7f0c5b5d76e
2026-04-10T20:30:00+09:00,added,n3a6ee129232d,me19328390498
2026-04-10T20:30:00+09:00,added,n3a6ee129232d,m6463046852a4
2026-04-10T20:30:00+09:00,added,n3a6ee129232d,mc6dad877a6d7
2026-04-10T20:30:00+09:00,added,n3a6ee129232d,mdaf375e22f17
2026-04-10T20:30:00+09:00,added,n3a6ee129232d,ma44cf5d43db9
2026-04-10T20:30:00+09:00,added,n3a6ee129232d,m9577a282f0ed
2026-04-10T20:30:00+09:00,added,n3a6ee129232d,mdd702710eeb9
2026-04-09T17:43:05+09:00,added,ncdcc3c2f415a,m26631bce74dd
2026-04-09T17:43:05+09:00,added,ncdcc3c2f415a,mcbee9243254d
2026-04-09T17:43:05+09:00,added,ncdcc3c2f415a,mdf249d5f08ec
2026-04-09T17:43:05+09:00,added,ncdcc3c2f415a,mfdabb12c06bd
2026-04-09T17:43:05+09:00,added,ncdcc3c2f415a,m06237f367b09
2026-04-09T17:43:05+09:00,added,ncdcc3c2f415a,m2788185b81a0
2026-04-09T17:43:05+09:00,added,ncdcc3c2f415a,m3ff81c0d23db
2026-04-09T17:43:05+09:00,added,ncdcc3c2f415a,m6463046852a4
2026-04-09T17:43:05+09:00,added,ncdcc3c2f415a,m7325f611df66
2026-04-09T17:43:05+09:00,added,ncdcc3c2f415a,m2aedf61ec5aa
2026-04-09T17:43:05+09:00,added,ncdcc3c2f415a,mef3e6ed657c6
2026-04-09T17:43:05+09:00,added,ncdcc3c2f415a,mc6c13443e264
2026-04-09T17:43:05+09:00,added,ncdcc3c2f415a,m6c21ad4983da
2026-04-09T17:43:05+09:00,added,ncdcc3c2f415a,m11881a67a893
2026-04-09T17:43:05+09:00,added,ncdcc3c2f415a,m862869c2ff9e
2026-04-09T17:43:05+09:00,added,ncdcc3c2f415a,m53a3c3b5d431
2026-04-09T17:43:05+09:00,added,ncdcc3c2f415a,mf2abfea66ec7
2026-04-09T17:43:05+09:00,added,ncdcc3c2f415a,m3ed4b0ea704e
2026-04-09T17:43:05+09:00,added,ncdcc3c2f415a,m05948736e17f
2026-04-09T17:43:05+09:00,added,ncdcc3c2f415a,mdd702710eeb9
2026-04-09T17:43:05+09:00,added,ncdcc3c2f415a,m18485b3d7e40
2026-04-09T17:43:05+09:00,added,ncdcc3c2f415a,m7e72b0b37154
2026-04-09T17:43:05+09:00,added,ncdcc3c2f415a,m3e02f69f0d66
2026-04-09T17:43:05+09:00,added,ncdcc3c2f415a,mad8d2935fc54
2026-04-08T19:30:00+09:00,added,nef7b143bfe4b,m17f76b944423
2026-04-08T19:30:00+09:00,added,nef7b143bfe4b,m1c302a1d8d31
2026-04-08T19:30:00+09:00,added,nef7b143bfe4b,m6463046852a4
2026-04-08T19:30:00+09:00,added,nef7b143bfe4b,m11881a67a893
2026-04-08T19:30:00+09:00,added,nef7b143bfe4b,m862869c2ff9e
2026-04-08T19:30:00+09:00,added,nef7b143bfe4b,m53a3c3b5d431
2026-04-08T19:30:00+09:00,added,nef7b143bfe4b,mf2abfea66ec7
2026-04-08T19:30:00+09:00,added,nef7b143bfe4b,mdb362d43e1a9
2026-04-08T19:30:00+09:00,added,nef7b143bfe4b,m6c21ad4983da
2026-04-08T19:30:00+09:00,added,nef7b143bfe4b,m3ed4b0ea704e
2026-04-07T23:35:03+09:00,added,n9094cf5dc798,m2788185b81a0
2026-04-07T23:35:03+09:00,added,n9094cf5dc798,me39940554e5a
2026-04-07T23:35:03+09:00,added,n9094cf5dc798,m18c09c59705e
2026-04-07T23:35:03+09:00,added,n9094cf5dc798,m887df4adddb3
2026-04-07T23:35:03+09:00,added,n9094cf5dc798,m0102f820d986
2026-04-07T23:35:03+09:00,added,n9094cf5dc798,m1be7ce2dd479
2026-04-07T23:35:03+09:00,added,n9094cf5dc798,m3ff81c0d23db
2026-04-07T23:35:03+09:00,added,n9094cf5dc798,mdd702710eeb9
2026-04-07T23:35:03+09:00,added,n9094cf5dc798,mae7d87e63b56
2026-04-07T23:35:03+09:00,added,n9094cf5dc798,m6463046852a4
2026-04-07T23:35:03+09:00,added,n9094cf5dc798,mdf249d5f08ec
2026-04-07T23:35:03+09:00,added,n9094cf5dc798,m34fbc48bcda0
2026-04-07T23:35:03+09:00,added,n9094cf5dc798,ma44cf5d43db9
2026-04-07T23:35:03+09:00,added,n9094cf5dc798,mef3e6ed657c6
2026-04-07T23:35:03+09:00,added,n9094cf5dc798,m5e73b64286c2
2026-04-07T23:35:03+09:00,added,n9094cf5dc798,m6ff3417d7d3c
2026-04-07T23:35:03+09:00,added,n9094cf5dc798,m7325f611df66
2026-04-07T23:35:03+09:00,added,n9094cf5dc798,md20f2a7236e4
2026-04-06T18:51:56+09:00,added,n2eb862ee53c9,m18c09c59705e
2026-04-06T18:51:56+09:00,added,n2eb862ee53c9,m0102f820d986
2026-04-06T18:51:56+09:00,added,n2eb862ee53c9,m1be7ce2dd479
2026-04-06T18:51:56+09:00,added,n2eb862ee53c9,m2788185b81a0
2026-04-06T18:51:56+09:00,added,n2eb862ee53c9,m3ff81c0d23db
2026-04-06T18:51:56+09:00,added,n2eb862ee53c9,mae7d87e63b56
2026-04-06T18:51:56+09:00,added,n2eb862ee53c9,m0f6484462f7f
2026-04-06T18:51:56+09:00,added,n2eb862ee53c9,mdf249d5f08ec
2026-04-06T18:51:56+09:00,added,n2eb862ee53c9,mdd702710eeb9
2026-04-06T18:51:56+09:00,added,n2eb862ee53c9,m06237f367b09
2026-04-06T18:51:56+09:00,added,n2eb862ee53c9,m7325f611df66
2026-04-06T18:51:56+09:00,added,n2eb862ee53c9,m887df4adddb3
2026-04-06T18:51:56+09:00,added,n2eb862ee53c9,m3ed4b0ea704e
2026-04-06T18:51:56+09:00,added,n2eb862ee53c9,m6c21ad4983da
2026-04-06T18:51:56+09:00,added,n2eb862ee53c9,mf2abfea66ec7
2026-04-06T18:51:56+09:00,added,n2eb862ee53c9,m53a3c3b5d431
2026-04-06T18:51:56+09:00,added,n2eb862ee53c9,m862869c2ff9e
2026-04-06T18:51:56+09:00,added,n2eb862ee53c9,m11881a67a893
2026-04-06T18:51:56+09:00,added,n2eb862ee53c9,m349b3be90eb0
2026-04-06T18:51:56+09:00,added,n2eb862ee53c9,m3b898a691902
2026-04-06T18:51:56+09:00,added,n2eb862ee53c9,m0988ee24cf93
2026-04-06T18:51:56+09:00,added,n2eb862ee53c9,m26631bce74dd
2026-04-05T21:55:17+09:00,added,nc00eab576551,m0f6484462f7f
2026-04-05T21:55:17+09:00,added,nc00eab576551,m18c09c59705e
2026-04-05T21:55:17+09:00,added,nc00eab576551,m0102f820d986
2026-04-05T21:55:17+09:00,added,nc00eab576551,m1be7ce2dd479
2026-04-05T21:55:17+09:00,added,nc00eab576551,m6463046852a4
2026-04-05T21:55:17+09:00,added,nc00eab576551,m3ff81c0d23db
2026-04-05T21:55:17+09:00,added,nc00eab576551,m0988ee24cf93
2026-04-05T21:55:17+09:00,added,nc00eab576551,m279994ac37dd
2026-04-05T21:55:17+09:00,added,nc00eab576551,m26631bce74dd
2026-04-04T17:33:17+09:00,added,n4d31abd77dfb,mae7d87e63b56
2026-04-04T17:33:17+09:00,added,n4d31abd77dfb,m1dd1f46059de
2026-04-04T17:33:17+09:00,added,n4d31abd77dfb,m6463046852a4
2026-04-04T17:33:17+09:00,added,n4d31abd77dfb,m3ff81c0d23db
2026-04-04T17:33:17+09:00,added,n4d31abd77dfb,m18c09c59705e
2026-04-04T17:33:17+09:00,added,n4d31abd77dfb,m0102f820d986
2026-04-04T17:33:17+09:00,added,n4d31abd77dfb,mfc9d03c23504
2026-04-04T17:33:17+09:00,added,n4d31abd77dfb,m7325f611df66
2026-04-04T17:33:17+09:00,added,n4d31abd77dfb,mdd702710eeb9
2026-04-04T17:33:17+09:00,added,n4d31abd77dfb,m0988ee24cf93
2026-04-04T17:33:17+09:00,added,n4d31abd77dfb,m279994ac37dd
2026-04-03T14:00:00+09:00,added,nac392eeadc12,mf7549c1ca230
2026-04-03T14:00:00+09:00,added,nac392eeadc12,m0f6484462f7f
2026-04-03T14:00:00+09:00,added,nac392eeadc12,mdd702710eeb9
2026-04-03T14:00:00+09:00,added,nac392eeadc12,m2788185b81a0
2026-04-03T14:00:00+09:00,added,nac392eeadc12,me40727335eb0
2026-04-03T14:00:00+09:00,added,nac392eeadc12,m18c09c59705e
2026-04-03T14:00:00+09:00,added,nac392eeadc12,m0102f820d986
2026-04-03T14:00:00+09:00,added,nac392eeadc12,m7325f611df66
2026-04-03T14:00:00+09:00,added,nac392eeadc12,mae7d87e63b56
2026-04-03T14:00:00+09:00,added,nac392eeadc12,m26631bce74dd
2026-04-03T14:00:00+09:00,added,nac392eeadc12,m279994ac37dd
2026-04-03T14:00:00+09:00,added,nac392eeadc12,m2e845295178e
2026-04-03T14:00:00+09:00,added,nac392eeadc12,m34fbc48bcda0
2026-04-03T14:00:00+09:00,added,nac392eeadc12,m6463046852a4
2026-04-03T14:00:00+09:00,added,nac392eeadc12,mfc9d03c23504
2026-04-03T14:00:00+09:00,added,nac392eeadc12,m0988ee24cf93
2026-04-03T05:39:25+09:00,added,nc93b3230f5a2,m4870f440d18d
2026-04-03T05:39:25+09:00,added,nc93b3230f5a2,mcd9b664d59b6
2026-04-03T05:39:25+09:00,added,nc93b3230f5a2,m2788185b81a0
2026-04-03T05:39:25+09:00,added,nc93b3230f5a2,mdd702710eeb9
2026-04-03T05:39:25+09:00,added,nc93b3230f5a2,m6463046852a4
2026-04-03T05:39:25+09:00,added,nc93b3230f5a2,m0988ee24cf93
2026-04-03T05:39:25+09:00,added,nc93b3230f5a2,m0f6484462f7f
2026-04-03T05:39:25+09:00,added,nc93b3230f5a2,m26631bce74dd
2026-04-02T05:22:31+09:00,added,n0433743c1f38,mf7f9952d6e72
2026-04-02T05:22:31+09:00,added,n0433743c1f38,m18c09c59705e
2026-04-02T05:22:31+09:00,added,n0433743c1f38,m0102f820d986
2026-04-02T05:22:31+09:00,added,n0433743c1f38,m2788185b81a0
2026-04-02T05:22:31+09:00,added,n0433743c1f38,mdd702710eeb9
2026-04-02T05:22:31+09:00,added,n0433743c1f38,m4870f440d18d
2026-04-02T05:22:31+09:00,added,n0433743c1f38,m3ff81c0d23db
2026-04-02T05:22:31+09:00,added,n0433743c1f38,m7325f611df66
2026-04-02T05:22:31+09:00,added,n0433743c1f38,m0f6484462f7f
2026-04-02T05:22:31+09:00,added,n0433743c1f38,m6463046852a4
2026-04-02T05:22:31+09:00,added,n0433743c1f38,m0988ee24cf93
2026-04-02T05:22:31+09:00,added,n0433743c1f38,m3d538212a7f5
2026-04-02T05:22:31+09:00,added,n0433743c1f38,mbda81785b82c
2026-04-01T04:53:10+09:00,added,n7be657636025,mf7549c1ca230
2026-04-01T04:53:10+09:00,added,n7be657636025,m18c09c59705e
2026-04-01T04:53:10+09:00,added,n7be657636025,m0102f820d986
2026-04-01T04:53:10+09:00,added,n7be657636025,m4870f440d18d
2026-04-01T04:53:10+09:00,added,n7be657636025,m2788185b81a0
2026-04-01T04:53:10+09:00,added,n7be657636025,m3ff81c0d23db
2026-04-01T04:53:10+09:00,added,n7be657636025,mdd702710eeb9
2026-04-01T04:53:10+09:00,added,n7be657636025,m6463046852a4
2026-04-01T04:53:10+09:00,added,n7be657636025,m7325f611df66
2026-04-01T04:53:10+09:00,added,n7be657636025,m0f6484462f7f
2026-04-01T04:53:10+09:00,added,n7be657636025,m0988ee24cf93
2026-04-01T04:53:10+09:00,added,n7be657636025,m3d538212a7f5
2026-04-01T04:53:10+09:00,added,n7be657636025,m26631bce74dd
2026-03-31T08:08:39+09:00,added,n9ffd45a4777c,mdd702710eeb9
2026-03-31T08:08:39+09:00,added,n9ffd45a4777c,m4870f440d18d
2026-03-31T08:08:39+09:00,added,n9ffd45a4777c,m2788185b81a0
2026-03-31T08:08:39+09:00,added,n9ffd45a4777c,m7325f611df66
2026-03-31T08:08:39+09:00,added,n9ffd45a4777c,me40727335eb0
2026-03-31T08:08:39+09:00,added,n9ffd45a4777c,m46619b37427d
2026-03-31T08:08:39+09:00,added,n9ffd45a4777c,m0102f820d986
2026-03-31T08:08:39+09:00,added,n9ffd45a4777c,m18c09c59705e
2026-03-31T08:08:39+09:00,added,n9ffd45a4777c,m3e02f69f0d66
2026-03-31T08:08:39+09:00,added,n9ffd45a4777c,m0f6484462f7f
2026-03-31T08:08:39+09:00,added,n9ffd45a4777c,m6463046852a4
2026-03-31T08:08:39+09:00,added,n9ffd45a4777c,m0988ee24cf93
2026-03-31T08:08:39+09:00,added,n9ffd45a4777c,m3d538212a7f5
2026-03-31T08:08:39+09:00,added,n9ffd45a4777c,mbda81785b82c
2026-03-30T06:12:07+09:00,added,n7699591bc882,m4870f440d18d
2026-03-30T06:12:07+09:00,added,n7699591bc882,mcd9b664d59b6
2026-03-30T06:12:07+09:00,added,n7699591bc882,mdd702710eeb9
2026-03-30T06:12:07+09:00,added,n7699591bc882,m2e021e18e28a
2026-03-30T06:12:07+09:00,added,n7699591bc882,m6463046852a4
2026-03-30T06:12:07+09:00,added,n7699591bc882,m7325f611df66
2026-03-30T06:12:07+09:00,added,n7699591bc882,m0f6484462f7f
2026-03-30T06:12:07+09:00,added,n7699591bc882,m18c09c59705e
2026-03-30T06:12:07+09:00,added,n7699591bc882,m0102f820d986
2026-03-30T06:12:07+09:00,added,n7699591bc882,m26631bce74dd
2026-03-30T06:12:07+09:00,added,n7699591bc882,m3d538212a7f5
2026-03-30T06:12:07+09:00,added,n7699591bc882,mbda81785b82c
2026-03-30T06:12:07+09:00,added,n7699591bc882,m0988ee24cf93
2026-03-29T10:02:06+09:00,added,n2ffb06432f1f,m0f6484462f7f
2026-03-29T10:02:06+09:00,added,n2ffb06432f1f,m6463046852a4
2026-03-29T10:02:06+09:00,added,n2ffb06432f1f,m2788185b81a0
2026-03-29T10:02:06+09:00,added,n2ffb06432f1f,m3ff81c0d23db
2026-03-29T10:02:06+09:00,added,n2ffb06432f1f,mfe68cbfb11da
2026-03-29T10:02:06+09:00,added,n2ffb06432f1f,mae7d87e63b56
2026-03-29T10:02:06+09:00,added,n2ffb06432f1f,md87870710d29
2026-03-29T10:02:06+09:00,added,n2ffb06432f1f,mdd702710eeb9
2026-03-29T10:02:06+09:00,added,n2ffb06432f1f,m2e021e18e28a
2026-03-29T10:02:06+09:00,added,n2ffb06432f1f,m887df4adddb3
2026-03-29T10:02:06+09:00,added,n2ffb06432f1f,mbda81785b82c
2026-03-29T10:02:06+09:00,added,n2ffb06432f1f,m6f829c4b85b6
2026-03-29T10:02:06+09:00,added,n2ffb06432f1f,mf7f9952d6e72
2026-03-29T10:02:06+09:00,added,n2ffb06432f1f,m0988ee24cf93
2026-03-29T10:02:06+09:00,added,n2ffb06432f1f,m18c09c59705e
2026-03-29T10:02:06+09:00,added,n2ffb06432f1f,m0102f820d986
2026-03-29T10:02:06+09:00,added,n2ffb06432f1f,m3e02f69f0d66
2026-03-28T22:50:05+09:00,added,n6e2623320b07,mae7d87e63b56
2026-03-28T22:50:05+09:00,added,n6e2623320b07,m2788185b81a0
2026-03-28T22:50:05+09:00,added,n6e2623320b07,m3ff81c0d23db
2026-03-28T22:50:05+09:00,added,n6e2623320b07,m6463046852a4
2026-03-28T22:50:05+09:00,added,n6e2623320b07,m0988ee24cf93
2026-03-28T22:50:05+09:00,added,n6e2623320b07,m3e02f69f0d66
2026-03-27T19:30:00+09:00,added,nbc31061d5142,ma9ff6f94a575
2026-03-27T19:30:00+09:00,added,nbc31061d5142,m17f76b944423
2026-03-27T19:30:00+09:00,added,nbc31061d5142,m16095e384518
2026-03-27T19:30:00+09:00,added,nbc31061d5142,m366756297795
2026-03-27T19:30:00+09:00,added,nbc31061d5142,mae7d87e63b56
2026-03-27T19:30:00+09:00,added,nbc31061d5142,m18c09c59705e
2026-03-27T19:30:00+09:00,added,nbc31061d5142,m23c1b65814a0
2026-03-26T19:38:53+09:00,added,n8f85d90473a4,m2788185b81a0
2026-03-26T19:38:53+09:00,added,n8f85d90473a4,m18c09c59705e
2026-03-26T19:38:53+09:00,added,n8f85d90473a4,m0102f820d986
2026-03-26T19:38:53+09:00,added,n8f85d90473a4,me40727335eb0
2026-03-26T19:38:53+09:00,added,n8f85d90473a4,m0f6484462f7f
2026-03-26T19:38:53+09:00,added,n8f85d90473a4,m1be7ce2dd479
2026-03-26T19:38:53+09:00,added,n8f85d90473a4,mae7d87e63b56
2026-03-26T19:38:53+09:00,added,n8f85d90473a4,m6484622342c0
2026-03-26T19:38:53+09:00,added,n8f85d90473a4,m6463046852a4
2026-03-26T19:38:53+09:00,added,n8f85d90473a4,m6ff3417d7d3c
2026-03-26T19:38:53+09:00,added,n8f85d90473a4,m2aedf61ec5aa
2026-03-26T19:38:53+09:00,added,n8f85d90473a4,m155f8fdb5ab9
2026-03-26T19:38:53+09:00,added,n8f85d90473a4,m26631bce74dd
2026-03-26T19:38:53+09:00,added,n8f85d90473a4,ma44cf5d43db9
2026-03-26T19:38:53+09:00,added,n8f85d90473a4,m7325f611df66
2026-03-26T19:38:53+09:00,added,n8f85d90473a4,mfc9d03c23504
2026-03-26T19:38:53+09:00,added,n8f85d90473a4,m0988ee24cf93
2026-03-26T19:38:53+09:00,added,n8f85d90473a4,m3e02f69f0d66
2026-03-25T20:30:00+09:00,added,n995e162007af,m1be7ce2dd479
2026-03-25T20:30:00+09:00,added,n995e162007af,m18c09c59705e
2026-03-25T20:30:00+09:00,added,n995e162007af,m2788185b81a0
2026-03-25T20:30:00+09:00,added,n995e162007af,mae7d87e63b56
2026-03-25T20:30:00+09:00,added,n995e162007af,m0988ee24cf93
2026-03-25T20:30:00+09:00,added,n995e162007af,m6463046852a4
2026-03-25T20:30:00+09:00,added,n995e162007af,mcd9b664d59b6
2026-03-24T17:00:00+09:00,added,na0f0ca6f31b5,m18c09c59705e
2026-03-24T17:00:00+09:00,added,na0f0ca6f31b5,m0102f820d986
2026-03-24T17:00:00+09:00,added,na0f0ca6f31b5,mdd702710eeb9
2026-03-24T17:00:00+09:00,added,na0f0ca6f31b5,mfe68cbfb11da
2026-03-24T17:00:00+09:00,added,na0f0ca6f31b5,m7e72b0b37154
2026-03-24T17:00:00+09:00,added,na0f0ca6f31b5,m0988ee24cf93
2026-03-24T17:00:00+09:00,added,na0f0ca6f31b5,m6463046852a4
2026-03-24T17:00:00+09:00,added,na0f0ca6f31b5,m9577a282f0ed
2026-03-24T17:00:00+09:00,added,na0f0ca6f31b5,m2f17d6f9867a
2026-03-24T17:00:00+09:00,added,na0f0ca6f31b5,mef3e6ed657c6
2026-03-24T17:00:00+09:00,added,na0f0ca6f31b5,m7325f611df66
2026-03-24T17:00:00+09:00,added,na0f0ca6f31b5,m366756297795
2026-03-24T17:00:00+09:00,added,na0f0ca6f31b5,m16095e384518
2026-03-24T17:00:00+09:00,added,na0f0ca6f31b5,m6862330b7742
2026-03-23T19:57:26+09:00,added,n09c5721b8bae,m17f76b944423
2026-03-23T19:57:26+09:00,added,n09c5721b8bae,m18c09c59705e
2026-03-23T19:57:26+09:00,added,n09c5721b8bae,m0102f820d986
2026-03-23T19:57:26+09:00,added,n09c5721b8bae,mae7d87e63b56
2026-03-23T19:57:26+09:00,added,n09c5721b8bae,ma9ff6f94a575
2026-03-23T19:57:26+09:00,added,n09c5721b8bae,m366756297795
2026-03-23T19:57:26+09:00,added,n09c5721b8bae,m16095e384518
2026-03-22T23:49:21+09:00,added,n5126b24b9a3e,m2788185b81a0
2026-03-22T23:49:21+09:00,added,n5126b24b9a3e,me40727335eb0
2026-03-22T23:49:21+09:00,added,n5126b24b9a3e,m6463046852a4
2026-03-22T23:49:21+09:00,added,n5126b24b9a3e,mae7d87e63b56
2026-03-22T23:49:21+09:00,added,n5126b24b9a3e,ma44cf5d43db9
2026-03-22T23:49:21+09:00,added,n5126b24b9a3e,m18c09c59705e
2026-03-22T23:49:21+09:00,added,n5126b24b9a3e,m0102f820d986
2026-03-22T23:49:21+09:00,added,n5126b24b9a3e,m7325f611df66
2026-03-22T23:49:21+09:00,added,n5126b24b9a3e,m0988ee24cf93
2026-03-22T23:49:21+09:00,added,n5126b24b9a3e,m5165ac46c7d8
2026-03-22T23:49:21+09:00,added,n5126b24b9a3e,m3b898a691902
2026-03-22T23:49:21+09:00,added,n5126b24b9a3e,m3ed4b0ea704e
2026-03-22T23:49:21+09:00,added,n5126b24b9a3e,mf2abfea66ec7
2026-03-22T23:49:21+09:00,added,n5126b24b9a3e,m53a3c3b5d431
2026-03-22T23:49:21+09:00,added,n5126b24b9a3e,m11881a67a893
2026-03-22T23:49:21+09:00,added,n5126b24b9a3e,m862869c2ff9e
2026-03-22T23:49:21+09:00,added,n5126b24b9a3e,ma53088b6c588
2026-03-21T17:38:07+09:00,added,nd747b5b68600,m18c09c59705e
2026-03-21T17:38:07+09:00,added,nd747b5b68600,m0102f820d986
2026-03-21T17:38:07+09:00,added,nd747b5b68600,m1be7ce2dd479
2026-03-21T17:38:07+09:00,added,nd747b5b68600,mefb73227c372
2026-03-21T17:38:07+09:00,added,nd747b5b68600,m6c21ad4983da
2026-03-21T17:38:07+09:00,added,nd747b5b68600,mf2abfea66ec7
2026-03-21T17:38:07+09:00,added,nd747b5b68600,m53a3c3b5d431
2026-03-21T17:38:07+09:00,added,nd747b5b68600,m862869c2ff9e
2026-03-21T17:38:07+09:00,added,nd747b5b68600,m3ed4b0ea704e
2026-03-21T17:38:07+09:00,added,nd747b5b68600,m349b3be90eb0
2026-03-21T17:38:07+09:00,added,nd747b5b68600,md87870710d29
2026-03-21T17:38:07+09:00,added,nd747b5b68600,m26631bce74dd
2026-03-21T17:38:07+09:00,added,nd747b5b68600,ma7f0c5b5d76e
2026-03-21T17:38:07+09:00,added,nd747b5b68600,mbda81785b82c
2026-03-21T17:38:07+09:00,added,nd747b5b68600,m3d538212a7f5
2026-03-21T17:38:07+09:00,added,nd747b5b68600,m6463046852a4
2026-03-21T17:38:07+09:00,added,nd747b5b68600,mcd9b664d59b6
2026-03-21T17:38:07+09:00,added,nd747b5b68600,mae7d87e63b56
2026-03-21T17:38:07+09:00,added,nd747b5b68600,m0988ee24cf93
2026-03-21T17:38:07+09:00,added,nd747b5b68600,m2788185b81a0
2026-03-21T17:38:07+09:00,added,nd747b5b68600,m7325f611df66
2026-03-21T17:38:07+09:00,added,nd747b5b68600,m06237f367b09
2026-03-21T17:38:07+09:00,added,nd747b5b68600,m72ba40851c43
2026-03-20T14:54:33+09:00,added,neb0a176fb7de,m17f76b944423
2026-03-20T14:54:33+09:00,added,neb0a176fb7de,mae7d87e63b56
2026-03-20T14:54:33+09:00,added,neb0a176fb7de,mebdd70aa07e1
2026-03-20T14:54:33+09:00,added,neb0a176fb7de,mad0dcca8d03e
2026-03-20T14:54:33+09:00,added,neb0a176fb7de,ma9ff6f94a575
2026-03-20T14:54:33+09:00,added,neb0a176fb7de,m723b7a89cb2f
2026-03-20T14:54:33+09:00,added,neb0a176fb7de,m366756297795
2026-03-20T14:54:33+09:00,added,neb0a176fb7de,m16095e384518
2026-03-20T14:54:33+09:00,added,neb0a176fb7de,md05949edc977
2026-03-19T18:00:38+09:00,added,n27c87bf7e554,mdd702710eeb9
2026-03-19T18:00:38+09:00,added,n27c87bf7e554,m338e3cc74a65
2026-03-19T18:00:38+09:00,added,n27c87bf7e554,mb3e9f2d69860
2026-03-19T18:00:38+09:00,added,n27c87bf7e554,me40727335eb0
2026-03-19T18:00:38+09:00,added,n27c87bf7e554,m0f6484462f7f
2026-03-19T18:00:38+09:00,added,n27c87bf7e554,mae7d87e63b56
2026-03-19T18:00:38+09:00,added,n27c87bf7e554,mdfcf232ad3c5
2026-03-19T18:00:38+09:00,added,n27c87bf7e554,me39940554e5a
2026-03-19T18:00:38+09:00,added,n27c87bf7e554,m7325f611df66
2026-03-18T19:25:18+09:00,added,n856e6804b35c,m17f76b944423
2026-03-18T19:25:18+09:00,added,n856e6804b35c,mdd702710eeb9
2026-03-18T19:25:18+09:00,added,n856e6804b35c,m23c1b65814a0
2026-03-18T19:25:18+09:00,added,n856e6804b35c,mdb362d43e1a9
2026-03-18T19:25:18+09:00,added,n856e6804b35c,m53a3c3b5d431
2026-03-18T19:25:18+09:00,added,n856e6804b35c,m3ed4b0ea704e
2026-03-18T19:25:18+09:00,added,n856e6804b35c,m11881a67a893
2026-03-18T19:25:18+09:00,added,n856e6804b35c,m349b3be90eb0
2026-03-18T19:25:18+09:00,added,n856e6804b35c,mf2abfea66ec7
2026-03-18T19:25:18+09:00,added,n856e6804b35c,m862869c2ff9e
2026-03-18T19:25:18+09:00,added,n856e6804b35c,mfc9d03c23504
2026-03-18T19:25:18+09:00,added,n856e6804b35c,m0f6484462f7f
2026-03-17T20:00:00+09:00,added,nb093117cfcf0,mae7d87e63b56
2026-03-17T20:00:00+09:00,added,nb093117cfcf0,m0f6484462f7f
2026-03-17T20:00:00+09:00,added,nb093117cfcf0,m2788185b81a0
2026-03-17T20:00:00+09:00,added,nb093117cfcf0,m3ff81c0d23db
2026-03-17T20:00:00+09:00,added,nb093117cfcf0,m11881a67a893
2026-03-17T20:00:00+09:00,added,nb093117cfcf0,mf2abfea66ec7
2026-03-17T20:00:00+09:00,added,nb093117cfcf0,m862869c2ff9e
2026-03-17T20:00:00+09:00,added,nb093117cfcf0,m53a3c3b5d431
2026-03-17T20:00:00+09:00,added,nb093117cfcf0,m6c21ad4983da
2026-03-17T20:00:00+09:00,added,nb093117cfcf0,m0988ee24cf93
2026-03-17T20:00:00+09:00,added,nb093117cfcf0,m7325f611df66
2026-03-17T20:00:00+09:00,added,nb093117cfcf0,m26631bce74dd
2026-03-17T20:00:00+09:00,added,nb093117cfcf0,m11f968fbad6d
2026-03-17T20:00:00+09:00,added,nb093117cfcf0,m18c09c59705e
2026-03-17T20:00:00+09:00,added,nb093117cfcf0,m0102f820d986
2026-03-17T20:00:00+09:00,added,nb093117cfcf0,m1be7ce2dd479
2026-03-17T20:00:00+09:00,added,nb093117cfcf0,mdd702710eeb9
2026-03-17T20:00:00+09:00,added,nb093117cfcf0,m067199919470
2026-03-16T19:03:04+09:00,added,nd52537d77677,mae7d87e63b56
2026-03-16T19:03:04+09:00,added,nd52537d77677,m87f25c8ab4b1
2026-03-16T19:03:04+09:00,added,nd52537d77677,m6463046852a4
2026-03-16T19:03:04+09:00,added,nd52537d77677,m2788185b81a0
2026-03-16T19:03:04+09:00,added,nd52537d77677,m6ff3417d7d3c
2026-03-16T19:03:04+09:00,added,nd52537d77677,m7325f611df66
2026-03-15T23:28:37+09:00,added,n2284120a9a33,m2788185b81a0
2026-03-15T23:28:37+09:00,added,n2284120a9a33,m6463046852a4
2026-03-15T23:28:37+09:00,added,n2284120a9a33,mae7d87e63b56
2026-03-15T23:28:37+09:00,added,n2284120a9a33,me39940554e5a
2026-03-15T23:28:37+09:00,added,n2284120a9a33,mdf249d5f08ec
2026-03-15T23:28:37+09:00,added,n2284120a9a33,m18c09c59705e
2026-03-15T23:28:37+09:00,added,n2284120a9a33,m0102f820d986
2026-03-15T23:28:37+09:00,added,n2284120a9a33,m259a56a78333
2026-03-14T17:00:31+09:00,added,n520fc2b2cf5e,me1d0833b0ff7
2026-03-14T17:00:31+09:00,added,n520fc2b2cf5e,m2788185b81a0
2026-03-14T17:00:31+09:00,added,n520fc2b2cf5e,m0988ee24cf93
2026-03-14T17:00:31+09:00,added,n520fc2b2cf5e,mcd9b664d59b6
2026-03-14T17:00:31+09:00,added,n520fc2b2cf5e,mae7d87e63b56
2026-03-14T17:00:31+09:00,added,n520fc2b2cf5e,m18c09c59705e
2026-03-14T17:00:31+09:00,added,n520fc2b2cf5e,m0102f820d986
2026-03-14T17:00:31+09:00,added,n520fc2b2cf5e,m9536cd0407b0
2026-03-14T17:00:31+09:00,added,n520fc2b2cf5e,m6463046852a4
2026-03-14T17:00:31+09:00,added,n520fc2b2cf5e,m7325f611df66
2026-03-14T17:00:31+09:00,added,n520fc2b2cf5e,mfc9d03c23504
2026-03-13T23:27:21+09:00,added,nc24ac8843c77,m53a3c3b5d431
2026-03-13T23:27:21+09:00,added,nc24ac8843c77,mf2abfea66ec7
2026-03-13T23:27:21+09:00,added,nc24ac8843c77,m862869c2ff9e
2026-03-13T23:27:21+09:00,added,nc24ac8843c77,m3ed4b0ea704e
2026-03-13T23:27:21+09:00,added,nc24ac8843c77,m3b898a691902
2026-03-13T23:27:21+09:00,added,nc24ac8843c77,me39940554e5a
2026-03-13T23:27:21+09:00,added,nc24ac8843c77,m2788185b81a0
2026-03-13T23:27:21+09:00,added,nc24ac8843c77,mf7549c1ca230
2026-03-13T23:27:21+09:00,added,nc24ac8843c77,m5072685e9cf7
2026-03-13T23:27:21+09:00,added,nc24ac8843c77,m87f25c8ab4b1
2026-03-13T23:27:21+09:00,added,nc24ac8843c77,me40727335eb0
2026-03-13T23:27:21+09:00,added,nc24ac8843c77,m18c09c59705e
2026-03-13T23:27:21+09:00,added,nc24ac8843c77,m0102f820d986
2026-03-13T23:27:21+09:00,added,nc24ac8843c77,mae7d87e63b56
2026-03-13T23:27:21+09:00,added,nc24ac8843c77,mdd702710eeb9
2026-03-13T23:27:21+09:00,added,nc24ac8843c77,m9536cd0407b0
2026-03-13T23:27:21+09:00,added,nc24ac8843c77,m6ff3417d7d3c
2026-03-13T23:27:21+09:00,added,nc24ac8843c77,m0988ee24cf93
2026-03-13T23:27:21+09:00,added,nc24ac8843c77,m26631bce74dd
2026-03-13T23:27:21+09:00,added,nc24ac8843c77,ma7f0c5b5d76e
2026-03-13T23:27:21+09:00,added,nc24ac8843c77,m75dba2f0793c
2026-03-13T23:27:21+09:00,added,nc24ac8843c77,m6463046852a4
2026-03-13T23:27:21+09:00,added,nc24ac8843c77,m0f6484462f7f
2026-03-12T11:01:09+09:00,added,n870c3b1043b8,mae7d87e63b56
2026-03-12T11:01:09+09:00,added,n870c3b1043b8,m3ff81c0d23db
2026-03-12T11:01:09+09:00,added,n870c3b1043b8,m6d3400fb7014
2026-03-12T11:01:09+09:00,added,n870c3b1043b8,mfe68cbfb11da
2026-03-12T11:01:09+09:00,added,n870c3b1043b8,m0988ee24cf93
2026-03-12T11:01:09+09:00,added,n870c3b1043b8,m7325f611df66
2026-03-12T11:01:09+09:00,added,n870c3b1043b8,me39940554e5a
2026-03-12T11:01:09+09:00,added,n870c3b1043b8,mdf249d5f08ec
2026-03-12T11:01:09+09:00,added,n870c3b1043b8,ma7f0c5b5d76e
2026-03-12T11:01:09+09:00,added,n870c3b1043b8,m796bff88d394
2026-03-11T20:26:54+09:00,added,n326c0c4fb634,m7325f611df66
2026-03-11T20:26:54+09:00,added,n326c0c4fb634,m2788185b81a0
2026-03-11T20:26:54+09:00,added,n326c0c4fb634,me39940554e5a
2026-03-11T20:26:54+09:00,added,n326c0c4fb634,mae7d87e63b56
2026-03-11T20:26:54+09:00,added,n326c0c4fb634,m0988ee24cf93
2026-03-11T20:26:54+09:00,added,n326c0c4fb634,mc6dad877a6d7
2026-03-11T20:26:54+09:00,added,n326c0c4fb634,mdd702710eeb9
2026-03-11T20:26:54+09:00,added,n326c0c4fb634,m9577a282f0ed
2026-03-10T13:53:03+09:00,added,n6d0edf9289fa,mae7d87e63b56
2026-03-10T13:53:03+09:00,added,n6d0edf9289fa,m3ff81c0d23db
2026-03-10T13:53:03+09:00,added,n6d0edf9289fa,m2788185b81a0
2026-03-10T13:53:03+09:00,added,n6d0edf9289fa,m6463046852a4
2026-03-10T13:53:03+09:00,added,n6d0edf9289fa,me39940554e5a
2026-03-10T13:53:03+09:00,added,n6d0edf9289fa,m18c09c59705e
2026-03-10T13:53:03+09:00,added,n6d0edf9289fa,m7325f611df66
2026-03-10T13:53:03+09:00,added,n6d0edf9289fa,m0988ee24cf93
2026-03-10T13:53:03+09:00,added,n6d0edf9289fa,mdd702710eeb9
2026-03-10T13:53:03+09:00,added,n6d0edf9289fa,m0f6484462f7f
2026-03-10T13:53:03+09:00,added,n6d0edf9289fa,mdf249d5f08ec
2026-03-09T21:00:15+09:00,added,ne97ea9c6de27,m17f76b944423
2026-03-09T21:00:15+09:00,added,ne97ea9c6de27,mae7d87e63b56
2026-03-09T21:00:15+09:00,added,ne97ea9c6de27,ma9ff6f94a575
2026-03-09T21:00:15+09:00,added,ne97ea9c6de27,m0f6484462f7f
2026-03-09T21:00:15+09:00,added,ne97ea9c6de27,m23c1b65814a0
2026-03-09T21:00:15+09:00,added,ne97ea9c6de27,mdd702710eeb9
2026-03-09T21:00:15+09:00,added,ne97ea9c6de27,mdbf1f88c8d0d
2026-03-09T21:00:15+09:00,added,ne97ea9c6de27,m11881a67a893
2026-03-09T21:00:15+09:00,added,ne97ea9c6de27,m862869c2ff9e
2026-03-09T21:00:15+09:00,added,ne97ea9c6de27,mf2abfea66ec7
2026-03-09T21:00:15+09:00,added,ne97ea9c6de27,m3ed4b0ea704e
2026-03-09T21:00:15+09:00,added,ne97ea9c6de27,m53a3c3b5d431
2026-03-09T21:00:15+09:00,added,ne97ea9c6de27,mdb362d43e1a9
2026-03-09T21:00:15+09:00,added,ne97ea9c6de27,m3b898a691902
2026-03-09T21:00:15+09:00,added,ne97ea9c6de27,m7dfb2f05ab33
2026-03-09T21:00:15+09:00,added,ne97ea9c6de27,m366756297795
2026-03-09T21:00:15+09:00,added,ne97ea9c6de27,m16095e384518
2026-03-09T21:00:15+09:00,added,ne97ea9c6de27,m3e02f69f0d66
2026-03-08T19:37:13+09:00,added,n77e936b44bf4,mae7d87e63b56
2026-03-08T19:37:13+09:00,added,n77e936b44bf4,m3ff81c0d23db
2026-03-08T19:37:13+09:00,added,n77e936b44bf4,mdd702710eeb9
2026-03-08T19:37:13+09:00,added,n77e936b44bf4,mef3e6ed657c6
2026-03-08T19:37:13+09:00,added,n77e936b44bf4,m7325f611df66
2026-03-08T19:37:13+09:00,added,n77e936b44bf4,m0988ee24cf93
2026-03-08T19:37:13+09:00,added,n77e936b44bf4,m6463046852a4
2026-03-08T19:37:13+09:00,added,n77e936b44bf4,mfc9d03c23504
2026-03-08T19:37:13+09:00,added,n77e936b44bf4,m26631bce74dd
2026-03-07T17:43:24+09:00,added,n812bf7aba601,mae7d87e63b56
2026-03-07T17:43:24+09:00,added,n812bf7aba601,me39940554e5a
2026-03-07T17:43:24+09:00,added,n812bf7aba601,mcd9b664d59b6
2026-03-07T17:43:24+09:00,added,n812bf7aba601,mdd702710eeb9
2026-03-07T17:43:24+09:00,added,n812bf7aba601,m2788185b81a0
2026-03-07T17:43:24+09:00,added,n812bf7aba601,md87870710d29
2026-03-07T17:43:24+09:00,added,n812bf7aba601,m6463046852a4
2026-03-07T17:43:24+09:00,added,n812bf7aba601,m53a3c3b5d431
2026-03-07T17:43:24+09:00,added,n812bf7aba601,mf2abfea66ec7
2026-03-07T17:43:24+09:00,added,n812bf7aba601,m11881a67a893
2026-03-07T17:43:24+09:00,added,n812bf7aba601,m862869c2ff9e
2026-03-07T17:43:24+09:00,added,n812bf7aba601,m3b898a691902
2026-03-07T17:43:24+09:00,added,n812bf7aba601,m7325f611df66
2026-03-07T17:43:24+09:00,added,n812bf7aba601,m0988ee24cf93
2026-03-06T18:56:08+09:00,added,nd2bf00154364,m17f76b944423
2026-03-06T18:56:08+09:00,added,nd2bf00154364,ma9ff6f94a575
2026-03-06T18:56:08+09:00,added,nd2bf00154364,m23c1b65814a0
2026-03-06T18:56:08+09:00,added,nd2bf00154364,m18c09c59705e
2026-03-06T18:56:08+09:00,added,nd2bf00154364,m0102f820d986
2026-03-05T23:07:48+09:00,added,n3fdf34a3d4a0,me39940554e5a
2026-03-05T23:07:48+09:00,added,n3fdf34a3d4a0,me1d0833b0ff7
2026-03-05T23:07:48+09:00,added,n3fdf34a3d4a0,m2788185b81a0
2026-03-05T23:07:48+09:00,added,n3fdf34a3d4a0,m3ff81c0d23db
2026-03-05T23:07:48+09:00,added,n3fdf34a3d4a0,mae7d87e63b56
2026-03-05T23:07:48+09:00,added,n3fdf34a3d4a0,m0102f820d986
2026-03-05T23:07:48+09:00,added,n3fdf34a3d4a0,m18c09c59705e
2026-03-05T23:07:48+09:00,added,n3fdf34a3d4a0,m7325f611df66
2026-03-05T23:07:48+09:00,added,n3fdf34a3d4a0,m6463046852a4
2026-03-05T23:07:48+09:00,added,n3fdf34a3d4a0,mdd702710eeb9
2026-03-05T23:07:48+09:00,added,n3fdf34a3d4a0,mef3e6ed657c6
2026-03-05T23:07:48+09:00,added,n3fdf34a3d4a0,m0f6484462f7f
2026-03-04T22:34:56+09:00,added,n7d2823ed5523,m264cc95bf357
2026-03-04T22:34:56+09:00,added,n7d2823ed5523,m18c09c59705e
2026-03-04T22:34:56+09:00,added,n7d2823ed5523,m0102f820d986
2026-03-04T22:34:56+09:00,added,n7d2823ed5523,m2788185b81a0
2026-03-04T22:34:56+09:00,added,n7d2823ed5523,m7325f611df66
2026-03-04T22:34:56+09:00,added,n7d2823ed5523,me39940554e5a
2026-03-04T22:34:56+09:00,added,n7d2823ed5523,m53a3c3b5d431
2026-03-04T22:34:56+09:00,added,n7d2823ed5523,m862869c2ff9e
2026-03-04T22:34:56+09:00,added,n7d2823ed5523,m349b3be90eb0
2026-03-04T22:34:56+09:00,added,n7d2823ed5523,m11881a67a893
2026-03-04T22:34:56+09:00,added,n7d2823ed5523,m3b898a691902
2026-03-04T22:34:56+09:00,added,n7d2823ed5523,mf2abfea66ec7
2026-03-04T22:34:56+09:00,added,n7d2823ed5523,m0988ee24cf93
2026-03-03T19:22:08+09:00,added,n8cab03e50b52,m3ff81c0d23db
2026-03-03T19:22:08+09:00,added,n8cab03e50b52,mdd702710eeb9
2026-03-03T19:22:08+09:00,added,n8cab03e50b52,me39940554e5a
2026-03-03T19:22:08+09:00,added,n8cab03e50b52,mae7d87e63b56
2026-03-03T19:22:08+09:00,added,n8cab03e50b52,m9577a282f0ed
2026-03-03T19:22:08+09:00,added,n8cab03e50b52,ma7f0c5b5d76e
2026-03-03T19:22:08+09:00,added,n8cab03e50b52,m26631bce74dd
2026-03-03T19:22:08+09:00,added,n8cab03e50b52,m7325f611df66
2026-03-03T19:22:08+09:00,added,n8cab03e50b52,m2788185b81a0
2026-03-03T19:22:08+09:00,added,n8cab03e50b52,m11881a67a893
2026-03-03T19:22:08+09:00,added,n8cab03e50b52,m862869c2ff9e
2026-03-03T19:22:08+09:00,added,n8cab03e50b52,m53a3c3b5d431
2026-03-03T19:22:08+09:00,added,n8cab03e50b52,m3b898a691902
2026-03-03T19:22:08+09:00,added,n8cab03e50b52,m3ed4b0ea704e
2026-03-03T19:22:08+09:00,added,n8cab03e50b52,mf2abfea66ec7
2026-03-03T19:22:08+09:00,added,n8cab03e50b52,m481dbe27501a
2026-03-03T19:22:08+09:00,added,n8cab03e50b52,m0988ee24cf93
2026-03-03T19:22:08+09:00,added,n8cab03e50b52,me6fb115c3127
2026-03-02T20:30:00+09:00,added,n2ba5304a1ef0,m18c09c59705e
2026-03-02T20:30:00+09:00,added,n2ba5304a1ef0,m0102f820d986
2026-03-02T20:30:00+09:00,added,n2ba5304a1ef0,mae7d87e63b56
2026-03-02T20:30:00+09:00,added,n2ba5304a1ef0,m2788185b81a0
2026-03-02T20:30:00+09:00,added,n2ba5304a1ef0,m796bff88d394
2026-03-02T20:30:00+09:00,added,n2ba5304a1ef0,m0f6484462f7f
2026-03-02T20:30:00+09:00,added,n2ba5304a1ef0,m6463046852a4
2026-03-02T20:30:00+09:00,added,n2ba5304a1ef0,m279994ac37dd
2026-03-02T20:30:00+09:00,added,n2ba5304a1ef0,mdd702710eeb9
2026-03-02T20:30:00+09:00,added,n2ba5304a1ef0,m0988ee24cf93
2026-03-02T20:30:00+09:00,added,n2ba5304a1ef0,mfc9d03c23504
2026-03-01T20:56:30+09:00,added,n932f674eaa2c,m2788185b81a0
2026-03-01T20:56:30+09:00,added,n932f674eaa2c,mae7d87e63b56
2026-03-01T20:56:30+09:00,added,n932f674eaa2c,mdd702710eeb9
2026-03-01T20:56:30+09:00,added,n932f674eaa2c,m7325f611df66
2026-03-01T20:56:30+09:00,added,n932f674eaa2c,m0988ee24cf93
2026-03-01T20:56:30+09:00,added,n932f674eaa2c,m193d0b844ba5
2026-02-28T20:46:09+09:00,added,nfe318589c010,m2788185b81a0
2026-02-28T20:46:09+09:00,added,nfe318589c010,me39940554e5a
2026-02-28T20:46:09+09:00,added,nfe318589c010,md87870710d29
2026-02-28T20:46:09+09:00,added,nfe318589c010,m6463046852a4
2026-02-28T20:46:09+09:00,added,nfe318589c010,mdd702710eeb9
2026-02-28T20:46:09+09:00,added,nfe318589c010,m0988ee24cf93
2026-02-27T23:27:47+09:00,added,n3ad22c5385a3,m17f76b944423
2026-02-27T23:27:47+09:00,added,n3ad22c5385a3,ma9ff6f94a575
2026-02-27T23:27:47+09:00,added,n3ad22c5385a3,mc6b9890b3102
2026-02-27T23:27:47+09:00,added,n3ad22c5385a3,m23c1b65814a0
2026-02-27T23:27:47+09:00,added,n3ad22c5385a3,mdd702710eeb9
2026-02-27T23:27:47+09:00,added,n3ad22c5385a3,m76b37a54b292
2026-02-27T23:27:47+09:00,added,n3ad22c5385a3,m338e3cc74a65
2026-02-27T23:27:47+09:00,added,n3ad22c5385a3,m18c09c59705e
2026-02-27T23:27:47+09:00,added,n3ad22c5385a3,m0102f820d986
2026-02-27T23:27:47+09:00,added,n3ad22c5385a3,mad0dcca8d03e
2026-02-26T22:11:07+09:00,added,n0b1862bcb8a3,me39940554e5a
2026-02-26T22:11:07+09:00,added,n0b1862bcb8a3,m2788185b81a0
2026-02-26T22:11:07+09:00,added,n0b1862bcb8a3,m8f50c2311d35
2026-02-26T22:11:07+09:00,added,n0b1862bcb8a3,m5b27002b62d9
2026-02-26T22:11:07+09:00,added,n0b1862bcb8a3,m9d62c4a809ea
2026-02-26T22:11:07+09:00,added,n0b1862bcb8a3,mef3e6ed657c6
2026-02-26T22:11:07+09:00,added,n0b1862bcb8a3,m2b8747d2fb88
2026-02-26T22:11:07+09:00,added,n0b1862bcb8a3,m87f25c8ab4b1
2026-02-26T22:11:07+09:00,added,n0b1862bcb8a3,m75dba2f0793c
2026-02-26T22:11:07+09:00,added,n0b1862bcb8a3,m7325f611df66
2026-02-26T22:11:07+09:00,added,n0b1862bcb8a3,m796bff88d394
2026-02-26T22:11:07+09:00,added,n0b1862bcb8a3,m0f6484462f7f
2026-02-26T22:11:07+09:00,added,n0b1862bcb8a3,m8531e02a2f58
2026-02-25T22:19:14+09:00,added,n8e21318150a1,m6463046852a4
2026-02-25T22:19:14+09:00,added,n8e21318150a1,mae7d87e63b56
2026-02-25T22:19:14+09:00,added,n8e21318150a1,me39940554e5a
2026-02-25T22:19:14+09:00,added,n8e21318150a1,mdd702710eeb9
2026-02-25T22:19:14+09:00,added,n8e21318150a1,m7325f611df66
2026-02-25T22:19:14+09:00,added,n8e21318150a1,mef3e6ed657c6
2026-02-25T22:19:14+09:00,added,n8e21318150a1,m26631bce74dd
2026-02-25T22:19:14+09:00,added,n8e21318150a1,m2aedf61ec5aa
2026-02-25T22:19:14+09:00,added,n8e21318150a1,m6f829c4b85b6
2026-02-25T22:19:14+09:00,added,n8e21318150a1,m155f8fdb5ab9
2026-02-25T22:19:14+09:00,added,n8e21318150a1,m18c09c59705e
2026-02-25T22:19:14+09:00,added,n8e21318150a1,m0102f820d986
2026-02-25T22:19:14+09:00,added,n8e21318150a1,m0988ee24cf93
2026-02-24T19:47:48+09:00,added,n930b738655d5,mdd702710eeb9
2026-02-24T19:47:48+09:00,added,n930b738655d5,mae7d87e63b56
2026-02-24T19:47:48+09:00,added,n930b738655d5,m2788185b81a0
2026-02-24T19:47:48+09:00,added,n930b738655d5,m3ff81c0d23db
2026-02-24T19:47:48+09:00,added,n930b738655d5,m18c09c59705e
2026-02-24T19:47:48+09:00,added,n930b738655d5,m0102f820d986
2026-02-24T19:47:48+09:00,added,n930b738655d5,m7f2990ab5a61
2026-02-24T19:47:48+09:00,added,n930b738655d5,m796bff88d394
2026-02-24T19:47:48+09:00,added,n930b738655d5,m7325f611df66
2026-02-24T19:47:48+09:00,added,n930b738655d5,m6ff3417d7d3c
2026-02-24T19:47:48+09:00,added,n930b738655d5,m0f6484462f7f
2026-02-23T10:34:54+09:00,added,n37d23c36f475,m4870f440d18d
2026-02-23T10:34:54+09:00,added,n37d23c36f475,ma2d4b6625a56
2026-02-23T10:34:54+09:00,added,n37d23c36f475,mdd702710eeb9
2026-02-23T10:34:54+09:00,added,n37d23c36f475,m2e021e18e28a
2026-02-23T10:34:54+09:00,added,n37d23c36f475,m2788185b81a0
2026-02-23T10:34:54+09:00,added,n37d23c36f475,m9577a282f0ed
2026-02-23T10:34:54+09:00,added,n37d23c36f475,mcd9b664d59b6
2026-02-23T10:34:54+09:00,added,n37d23c36f475,m7325f611df66
2026-02-23T10:34:54+09:00,added,n37d23c36f475,m66f88f0e5afe
2026-02-23T10:34:54+09:00,added,n37d23c36f475,m6463046852a4
2026-02-23T10:34:54+09:00,added,n37d23c36f475,mfc9d03c23504
2026-02-23T10:34:54+09:00,added,n37d23c36f475,m8f50c2311d35
2026-02-23T10:34:54+09:00,added,n37d23c36f475,m3d538212a7f5
2026-02-23T10:34:54+09:00,added,n37d23c36f475,m26631bce74dd
2026-02-23T10:34:54+09:00,added,n37d23c36f475,m0f6484462f7f
2026-02-22T15:27:06+09:00,added,ndeb9bb18adb9,mdd702710eeb9
2026-02-22T15:27:06+09:00,added,ndeb9bb18adb9,m2e021e18e28a
2026-02-22T15:27:06+09:00,added,ndeb9bb18adb9,m66f88f0e5afe
2026-02-22T15:27:06+09:00,added,ndeb9bb18adb9,mae7d87e63b56
2026-02-22T15:27:06+09:00,added,ndeb9bb18adb9,mcd9b664d59b6
2026-02-22T15:27:06+09:00,added,ndeb9bb18adb9,m2788185b81a0
2026-02-22T15:27:06+09:00,added,ndeb9bb18adb9,md87870710d29
2026-02-22T15:27:06+09:00,added,ndeb9bb18adb9,m18c09c59705e
2026-02-22T15:27:06+09:00,added,ndeb9bb18adb9,m0102f820d986
2026-02-22T15:27:06+09:00,added,ndeb9bb18adb9,m7f2990ab5a61
2026-02-22T15:27:06+09:00,added,ndeb9bb18adb9,mbda81785b82c
2026-02-22T15:27:06+09:00,added,ndeb9bb18adb9,m3d538212a7f5
2026-02-22T15:27:06+09:00,added,ndeb9bb18adb9,me39940554e5a
2026-02-22T15:27:06+09:00,added,ndeb9bb18adb9,m6463046852a4
2026-02-22T15:27:06+09:00,added,ndeb9bb18adb9,m0988ee24cf93
2026-02-22T15:27:06+09:00,added,ndeb9bb18adb9,m0f6484462f7f
2026-02-21T21:11:15+09:00,added,n1851bf82838c,m18c09c59705e
2026-02-21T21:11:15+09:00,added,n1851bf82838c,m0102f820d986
2026-02-21T21:11:15+09:00,added,n1851bf82838c,mae7d87e63b56
2026-02-21T21:11:15+09:00,added,n1851bf82838c,mdd702710eeb9
2026-02-21T21:11:15+09:00,added,n1851bf82838c,m248ca3ee7087
2026-02-21T21:11:15+09:00,added,n1851bf82838c,m2788185b81a0
2026-02-21T21:11:15+09:00,added,n1851bf82838c,mef3e6ed657c6
2026-02-21T21:11:15+09:00,added,n1851bf82838c,m7f2990ab5a61
2026-02-21T21:11:15+09:00,added,n1851bf82838c,m0988ee24cf93
2026-02-21T21:11:15+09:00,added,n1851bf82838c,m0f6484462f7f
2026-02-20T19:15:43+09:00,added,n36f537a9bbe6,m18c09c59705e
2026-02-20T19:15:43+09:00,added,n36f537a9bbe6,m0102f820d986
2026-02-20T19:15:43+09:00,added,n36f537a9bbe6,mdd702710eeb9
2026-02-20T19:15:43+09:00,added,n36f537a9bbe6,m248ca3ee7087
2026-02-20T19:15:43+09:00,added,n36f537a9bbe6,m87f25c8ab4b1
2026-02-20T19:15:43+09:00,added,n36f537a9bbe6,mae7d87e63b56
2026-02-20T19:15:43+09:00,added,n36f537a9bbe6,m7f2990ab5a61
2026-02-20T19:15:43+09:00,added,n36f537a9bbe6,m6ff3417d7d3c
2026-02-20T19:15:43+09:00,added,n36f537a9bbe6,m7325f611df66
2026-02-20T19:15:43+09:00,added,n36f537a9bbe6,m26d93ca7080b
2026-02-20T19:15:43+09:00,added,n36f537a9bbe6,mef3e6ed657c6
2026-02-20T19:15:43+09:00,added,n36f537a9bbe6,m0988ee24cf93
2026-02-20T19:15:43+09:00,added,n36f537a9bbe6,m26631bce74dd
2026-02-20T19:15:43+09:00,added,n36f537a9bbe6,m6463046852a4
2026-02-20T19:15:43+09:00,added,n36f537a9bbe6,mfc9d03c23504
2026-02-19T20:37:57+09:00,added,n2e3576417bc0,m7f2990ab5a61
2026-02-19T20:37:57+09:00,added,n2e3576417bc0,m3ff81c0d23db
2026-02-19T20:37:57+09:00,added,n2e3576417bc0,mae7d87e63b56
2026-02-19T20:37:57+09:00,added,n2e3576417bc0,mdd702710eeb9
2026-02-19T20:37:57+09:00,added,n2e3576417bc0,m2788185b81a0
2026-02-19T20:37:57+09:00,added,n2e3576417bc0,m7325f611df66
2026-02-19T20:37:57+09:00,added,n2e3576417bc0,m18c09c59705e
2026-02-19T20:37:57+09:00,added,n2e3576417bc0,m0102f820d986
2026-02-19T20:37:57+09:00,added,n2e3576417bc0,m1be7ce2dd479
2026-02-19T20:37:57+09:00,added,n2e3576417bc0,m6463046852a4
2026-02-19T20:37:57+09:00,added,n2e3576417bc0,m0f6484462f7f
2026-02-19T20:37:57+09:00,added,n2e3576417bc0,m0988ee24cf93
2026-02-18T16:49:09+09:00,added,n082a7ff835c0,mdd702710eeb9
2026-02-18T16:49:09+09:00,added,n082a7ff835c0,mb3e9f2d69860
2026-02-18T16:49:09+09:00,added,n082a7ff835c0,m2156088b87ff
2026-02-18T16:49:09+09:00,added,n082a7ff835c0,m3ff81c0d23db
2026-02-18T16:49:09+09:00,added,n082a7ff835c0,mdf249d5f08ec
2026-02-18T16:49:09+09:00,added,n082a7ff835c0,m6463046852a4
2026-02-18T16:49:09+09:00,added,n082a7ff835c0,m2788185b81a0
2026-02-18T16:49:09+09:00,added,n082a7ff835c0,m0f6484462f7f
2026-02-18T16:49:09+09:00,added,n082a7ff835c0,mae7d87e63b56
2026-02-18T16:49:09+09:00,added,n082a7ff835c0,m7325f611df66
2026-02-18T16:49:09+09:00,added,n082a7ff835c0,m067199919470
2026-02-18T16:49:09+09:00,added,n082a7ff835c0,m7f2990ab5a61
2026-02-18T16:49:09+09:00,added,n082a7ff835c0,m18c09c59705e
2026-02-18T16:49:09+09:00,added,n082a7ff835c0,m0102f820d986
2026-02-18T16:49:09+09:00,added,n082a7ff835c0,m86d6a605b363
2026-02-18T16:49:09+09:00,added,n082a7ff835c0,m0988ee24cf93
2026-02-18T16:49:09+09:00,added,n082a7ff835c0,m26cee8f993dd
2026-02-17T17:02:36+09:00,added,n9dd277555df7,m17f76b944423
2026-02-17T17:02:36+09:00,added,n9dd277555df7,m23c1b65814a0
2026-02-17T17:02:36+09:00,added,n9dd277555df7,mdd702710eeb9
2026-02-17T17:02:36+09:00,added,n9dd277555df7,mae7d87e63b56
2026-02-17T17:02:36+09:00,added,n9dd277555df7,ma9ff6f94a575
2026-02-17T17:02:36+09:00,added,n9dd277555df7,m0988ee24cf93
2026-02-17T17:02:36+09:00,added,n9dd277555df7,m5a628c3625e1
2026-02-17T17:02:36+09:00,added,n9dd277555df7,m0b66fe3b8224
2026-02-17T17:02:36+09:00,added,n9dd277555df7,mad8d2935fc54
2026-02-17T17:02:36+09:00,added,n9dd277555df7,mad0dcca8d03e
2026-02-17T17:02:36+09:00,added,n9dd277555df7,m0f6484462f7f
2026-02-16T20:45:25+09:00,added,n65bf0415b8f1,mae7d87e63b56
2026-02-16T20:45:25+09:00,added,n65bf0415b8f1,m3ff81c0d23db
2026-02-16T20:45:25+09:00,added,n65bf0415b8f1,m8f50c2311d35
2026-02-16T20:45:25+09:00,added,n65bf0415b8f1,mad8d2935fc54
2026-02-16T20:45:25+09:00,added,n65bf0415b8f1,m2788185b81a0
2026-02-16T20:45:25+09:00,added,n65bf0415b8f1,m0b884fd64511
2026-02-16T20:45:25+09:00,added,n65bf0415b8f1,m0988ee24cf93
2026-02-16T20:45:25+09:00,added,n65bf0415b8f1,me39940554e5a
2026-02-16T20:45:25+09:00,added,n65bf0415b8f1,mdd702710eeb9
2026-02-16T20:45:25+09:00,added,n65bf0415b8f1,m76b37a54b292
2026-02-16T20:45:25+09:00,added,n65bf0415b8f1,m66f88f0e5afe
2026-02-16T20:45:25+09:00,added,n65bf0415b8f1,mfc9d03c23504
2026-02-16T20:45:25+09:00,added,n65bf0415b8f1,m6463046852a4
2026-02-16T20:45:25+09:00,added,n65bf0415b8f1,m7325f611df66
2026-02-16T20:45:25+09:00,added,n65bf0415b8f1,m5e73b64286c2
2026-02-16T20:45:25+09:00,added,n65bf0415b8f1,m364f88b04186
2026-02-15T20:38:03+09:00,added,ne79e22b8e5f7,me1d0833b0ff7
2026-02-15T20:38:03+09:00,added,ne79e22b8e5f7,m0f6484462f7f
2026-02-15T20:38:03+09:00,added,ne79e22b8e5f7,m6463046852a4
2026-02-15T20:38:03+09:00,added,ne79e22b8e5f7,m7f2990ab5a61
2026-02-15T20:38:03+09:00,added,ne79e22b8e5f7,mdd702710eeb9
2026-02-15T20:38:03+09:00,added,ne79e22b8e5f7,m0988ee24cf93
2026-02-15T20:38:03+09:00,added,ne79e22b8e5f7,m7325f611df66
2026-02-15T20:38:03+09:00,added,ne79e22b8e5f7,mad8d2935fc54
2026-02-15T20:38:03+09:00,added,ne79e22b8e5f7,mef3e6ed657c6
2026-02-14T19:36:58+09:00,added,n7a522d2ac4cd,me39940554e5a
2026-02-14T19:36:58+09:00,added,n7a522d2ac4cd,m18c09c59705e
2026-02-14T19:36:58+09:00,added,n7a522d2ac4cd,m0102f820d986
2026-02-14T19:36:58+09:00,added,n7a522d2ac4cd,mae7d87e63b56
2026-02-14T19:36:58+09:00,added,n7a522d2ac4cd,m6463046852a4
2026-02-14T19:36:58+09:00,added,n7a522d2ac4cd,m7f2990ab5a61
2026-02-14T19:36:58+09:00,added,n7a522d2ac4cd,mdfcf232ad3c5
2026-02-14T19:36:58+09:00,added,n7a522d2ac4cd,m0988ee24cf93
2026-02-14T19:36:58+09:00,added,n7a522d2ac4cd,m5072685e9cf7
2026-02-14T19:36:58+09:00,added,n7a522d2ac4cd,mcd9b664d59b6
2026-02-14T19:36:58+09:00,added,n7a522d2ac4cd,m26631bce74dd
2026-02-14T19:36:58+09:00,added,n7a522d2ac4cd,m3d538212a7f5
2026-02-14T19:36:58+09:00,added,n7a522d2ac4cd,mdd702710eeb9
2026-02-14T19:36:58+09:00,added,n7a522d2ac4cd,m53a3c3b5d431
2026-02-14T19:36:58+09:00,added,n7a522d2ac4cd,mf2abfea66ec7
2026-02-14T19:36:58+09:00,added,n7a522d2ac4cd,m11881a67a893
2026-02-14T19:36:58+09:00,added,n7a522d2ac4cd,mef3e6ed657c6
2026-02-13T21:34:03+09:00,added,n1b64d95adbd8,m7f2990ab5a61
2026-02-13T21:34:03+09:00,added,n1b64d95adbd8,me39940554e5a
2026-02-13T21:34:03+09:00,added,n1b64d95adbd8,mad8d2935fc54
2026-02-13T21:34:03+09:00,added,n1b64d95adbd8,m86d6a605b363
2026-02-13T21:34:03+09:00,added,n1b64d95adbd8,mcd9b664d59b6
2026-02-13T21:34:03+09:00,added,n1b64d95adbd8,m6463046852a4
2026-02-13T21:34:03+09:00,added,n1b64d95adbd8,md87870710d29
2026-02-13T21:34:03+09:00,added,n1b64d95adbd8,m0f6484462f7f
2026-02-13T21:34:03+09:00,added,n1b64d95adbd8,m7325f611df66
2026-02-13T21:34:03+09:00,added,n1b64d95adbd8,m0988ee24cf93
2026-02-13T21:34:03+09:00,added,n1b64d95adbd8,m18c09c59705e
2026-02-13T21:34:03+09:00,added,n1b64d95adbd8,m0102f820d986
2026-02-13T21:34:03+09:00,added,n1b64d95adbd8,m1be7ce2dd479
2026-02-13T21:34:03+09:00,added,n1b64d95adbd8,mdd702710eeb9
2026-02-13T21:34:03+09:00,added,n1b64d95adbd8,m3d538212a7f5
2026-02-13T21:34:03+09:00,added,n1b64d95adbd8,m796bff88d394
2026-02-13T21:34:03+09:00,added,n1b64d95adbd8,mef3e6ed657c6
2026-02-12T20:33:23+09:00,added,n08c59d5fe01f,m5e73b64286c2
2026-02-12T20:33:23+09:00,added,n08c59d5fe01f,m2788185b81a0
2026-02-12T20:33:23+09:00,added,n08c59d5fe01f,mdd702710eeb9
2026-02-12T20:33:23+09:00,added,n08c59d5fe01f,m7f2990ab5a61
2026-02-12T20:33:23+09:00,added,n08c59d5fe01f,mae7d87e63b56
2026-02-12T20:33:23+09:00,added,n08c59d5fe01f,m796bff88d394
2026-02-12T20:33:23+09:00,added,n08c59d5fe01f,m0f6484462f7f
2026-02-12T20:33:23+09:00,added,n08c59d5fe01f,mf7549c1ca230
2026-02-12T20:33:23+09:00,added,n08c59d5fe01f,ma7f0c5b5d76e
2026-02-12T20:33:23+09:00,added,n08c59d5fe01f,m2aedf61ec5aa
2026-02-12T20:33:23+09:00,added,n08c59d5fe01f,m7325f611df66
2026-02-12T20:33:23+09:00,added,n08c59d5fe01f,mfc9d03c23504
2026-02-11T22:42:52+09:00,added,nfc0b833a4999,m17f76b944423
2026-02-11T22:42:52+09:00,added,nfc0b833a4999,mad8d2935fc54
2026-02-11T22:42:52+09:00,added,nfc0b833a4999,mae7d87e63b56
2026-02-11T22:42:52+09:00,added,nfc0b833a4999,mfc9d03c23504
2026-02-11T22:42:52+09:00,added,nfc0b833a4999,mdd702710eeb9
2026-02-11T22:42:52+09:00,added,nfc0b833a4999,m23c1b65814a0
2026-02-11T22:42:52+09:00,added,nfc0b833a4999,mad0dcca8d03e
2026-02-10T20:12:02+09:00,added,nb7d26a011fc0,mdd702710eeb9
2026-02-10T20:12:02+09:00,added,nb7d26a011fc0,m7325f611df66
2026-02-10T20:12:02+09:00,added,nb7d26a011fc0,m7f2990ab5a61
2026-02-10T20:12:02+09:00,added,nb7d26a011fc0,m0988ee24cf93
2026-02-10T20:12:02+09:00,added,nb7d26a011fc0,me39940554e5a
2026-02-10T20:12:02+09:00,added,nb7d26a011fc0,m6463046852a4
2026-02-10T20:12:02+09:00,added,nb7d26a011fc0,mae7d87e63b56
2026-02-10T20:12:02+09:00,added,nb7d26a011fc0,meb3435d7c1c8
2026-02-10T20:12:02+09:00,added,nb7d26a011fc0,mad8d2935fc54
2026-02-10T20:12:02+09:00,added,nb7d26a011fc0,m3ff81c0d23db
2026-02-10T20:12:02+09:00,added,nb7d26a011fc0,m279994ac37dd
2026-02-10T20:12:02+09:00,added,nb7d26a011fc0,m26631bce74dd
2026-02-10T20:12:02+09:00,added,nb7d26a011fc0,m0f6484462f7f
2026-02-10T20:12:02+09:00,added,nb7d26a011fc0,m26cee8f993dd
2026-02-09T16:32:12+09:00,added,n8d0a2a1ed3f9,mdd702710eeb9
2026-02-09T16:32:12+09:00,added,n8d0a2a1ed3f9,mae7d87e63b56
2026-02-09T16:32:12+09:00,added,n8d0a2a1ed3f9,m2788185b81a0
2026-02-09T16:32:12+09:00,added,n8d0a2a1ed3f9,m26631bce74dd
2026-02-09T16:32:12+09:00,added,n8d0a2a1ed3f9,m155f8fdb5ab9
2026-02-09T16:32:12+09:00,added,n8d0a2a1ed3f9,m6463046852a4
2026-02-09T16:32:12+09:00,added,n8d0a2a1ed3f9,mad8d2935fc54
2026-02-09T16:32:12+09:00,added,n8d0a2a1ed3f9,m0988ee24cf93
2026-02-09T16:32:12+09:00,added,n8d0a2a1ed3f9,m0f6484462f7f
2026-02-09T16:32:12+09:00,added,n8d0a2a1ed3f9,m7325f611df66
2026-02-09T16:32:12+09:00,added,n8d0a2a1ed3f9,mfc9d03c23504
2026-02-09T16:32:12+09:00,added,n8d0a2a1ed3f9,m53a3c3b5d431
2026-02-09T16:32:12+09:00,added,n8d0a2a1ed3f9,mf2abfea66ec7
2026-02-09T16:32:12+09:00,added,n8d0a2a1ed3f9,m3ed4b0ea704e
2026-02-09T16:32:12+09:00,added,n8d0a2a1ed3f9,m862869c2ff9e
2026-02-09T16:32:12+09:00,added,n8d0a2a1ed3f9,m3b898a691902
2026-02-09T16:32:12+09:00,added,n8d0a2a1ed3f9,m11f968fbad6d
2026-02-08T10:28:42+09:00,added,n84126d079255,m18c09c59705e
2026-02-08T10:28:42+09:00,added,n84126d079255,m0102f820d986
2026-02-08T10:28:42+09:00,added,n84126d079255,m53a3c3b5d431
2026-02-08T10:28:42+09:00,added,n84126d079255,m11881a67a893
2026-02-08T10:28:42+09:00,added,n84126d079255,mf2abfea66ec7
2026-02-08T10:28:42+09:00,added,n84126d079255,mdbf1f88c8d0d
2026-02-08T10:28:42+09:00,added,n84126d079255,mdd702710eeb9
2026-02-08T10:28:42+09:00,added,n84126d079255,m37c9e29c3646
2026-02-08T10:28:42+09:00,added,n84126d079255,m4870f440d18d
2026-02-08T10:28:42+09:00,added,n84126d079255,mcd9b664d59b6
2026-02-08T10:28:42+09:00,added,n84126d079255,md87870710d29
2026-02-08T10:28:42+09:00,added,n84126d079255,mad8d2935fc54
2026-02-08T10:28:42+09:00,added,n84126d079255,m0988ee24cf93
2026-02-08T10:28:42+09:00,added,n84126d079255,m86d6a605b363
2026-02-08T10:28:42+09:00,added,n84126d079255,m26cee8f993dd
2026-02-08T10:28:42+09:00,added,n84126d079255,m30dbf61cf194
2026-02-08T10:28:42+09:00,added,n84126d079255,m2aedf61ec5aa
2026-02-08T10:28:42+09:00,added,n84126d079255,mbda81785b82c
2026-02-08T10:28:42+09:00,added,n84126d079255,m3d538212a7f5
2026-02-08T10:28:42+09:00,added,n84126d079255,m7f2990ab5a61
2026-02-08T10:28:42+09:00,added,n84126d079255,m6ff3417d7d3c
2026-02-08T10:28:42+09:00,added,n84126d079255,mfc9d03c23504
2026-02-07T20:33:37+09:00,added,na32900da757d,mae7d87e63b56
2026-02-07T20:33:37+09:00,added,na32900da757d,m2788185b81a0
2026-02-07T20:33:37+09:00,added,na32900da757d,me39940554e5a
2026-02-07T20:33:37+09:00,added,na32900da757d,mdd702710eeb9
2026-02-07T20:33:37+09:00,added,na32900da757d,m18c09c59705e
2026-02-07T20:33:37+09:00,added,na32900da757d,m0102f820d986
2026-02-07T20:33:37+09:00,added,na32900da757d,m6463046852a4
2026-02-07T20:33:37+09:00,added,na32900da757d,m11881a67a893
2026-02-07T20:33:37+09:00,added,na32900da757d,m349b3be90eb0
2026-02-07T20:33:37+09:00,added,na32900da757d,mf2abfea66ec7
2026-02-07T20:33:37+09:00,added,na32900da757d,m53a3c3b5d431
2026-02-07T20:33:37+09:00,added,na32900da757d,m7f2990ab5a61
2026-02-07T20:33:37+09:00,added,na32900da757d,m0f6484462f7f
2026-02-06T16:59:31+09:00,added,nf9c58d62490d,mdd702710eeb9
2026-02-06T16:59:31+09:00,added,nf9c58d62490d,m3ff81c0d23db
2026-02-06T16:59:31+09:00,added,nf9c58d62490d,mad8d2935fc54
2026-02-06T16:59:31+09:00,added,nf9c58d62490d,m7f2990ab5a61
2026-02-06T16:59:31+09:00,added,nf9c58d62490d,m0988ee24cf93
2026-02-06T16:59:31+09:00,added,nf9c58d62490d,m279994ac37dd
2026-02-06T16:59:31+09:00,added,nf9c58d62490d,m6463046852a4
2026-02-06T16:59:31+09:00,added,nf9c58d62490d,m7325f611df66
2026-02-06T16:59:31+09:00,added,nf9c58d62490d,m2788185b81a0
2026-02-05T18:50:40+09:00,added,n793735f4b51c,m18c09c59705e
2026-02-05T18:50:40+09:00,added,n793735f4b51c,m0102f820d986
2026-02-05T18:50:40+09:00,added,n793735f4b51c,m3ff81c0d23db
2026-02-05T18:50:40+09:00,added,n793735f4b51c,mdd702710eeb9
2026-02-05T18:50:40+09:00,added,n793735f4b51c,mae7d87e63b56
2026-02-05T18:50:40+09:00,added,n793735f4b51c,m0988ee24cf93
2026-02-05T18:50:40+09:00,added,n793735f4b51c,m6463046852a4
2026-02-05T18:50:40+09:00,added,n793735f4b51c,mad8d2935fc54
2026-02-05T18:50:40+09:00,added,n793735f4b51c,me39940554e5a
2026-02-05T18:50:40+09:00,added,n793735f4b51c,m7325f611df66
2026-02-05T18:50:40+09:00,added,n793735f4b51c,m9577a282f0ed
2026-02-05T18:50:40+09:00,added,n793735f4b51c,m86d6a605b363
2026-02-05T18:50:40+09:00,added,n793735f4b51c,m2788185b81a0
2026-02-04T13:35:06+09:00,added,n80903c3908b4,mdd702710eeb9
2026-02-04T13:35:06+09:00,added,n80903c3908b4,mae7d87e63b56
2026-02-04T13:35:06+09:00,added,n80903c3908b4,m6463046852a4
2026-02-04T13:35:06+09:00,added,n80903c3908b4,m0988ee24cf93
2026-02-04T13:35:06+09:00,added,n80903c3908b4,m2788185b81a0
2026-02-04T13:35:06+09:00,added,n80903c3908b4,mad8d2935fc54
2026-02-04T13:35:06+09:00,added,n80903c3908b4,m87f25c8ab4b1
2026-02-04T13:35:06+09:00,added,n80903c3908b4,m7325f611df66
2026-02-04T13:35:06+09:00,added,n80903c3908b4,m86d6a605b363
2026-02-04T13:35:06+09:00,added,n80903c3908b4,m5e0b116a568a
2026-02-04T13:35:06+09:00,added,n80903c3908b4,mfc9d03c23504
2026-02-03T19:56:26+09:00,added,nc561c249ce56,mae7d87e63b56
2026-02-03T19:56:26+09:00,added,nc561c249ce56,m18c09c59705e
2026-02-03T19:56:26+09:00,added,nc561c249ce56,m0102f820d986
2026-02-03T19:56:26+09:00,added,nc561c249ce56,m23c1b65814a0
2026-02-03T19:56:26+09:00,added,nc561c249ce56,m17f76b944423
2026-02-03T19:56:26+09:00,added,nc561c249ce56,m9577a282f0ed
2026-02-03T19:56:26+09:00,added,nc561c249ce56,m7dfb2f05ab33
2026-02-03T19:56:26+09:00,added,nc561c249ce56,m6c21ad4983da
2026-02-03T19:56:26+09:00,added,nc561c249ce56,mf2abfea66ec7
2026-02-03T19:56:26+09:00,added,nc561c249ce56,m53a3c3b5d431
2026-02-03T19:56:26+09:00,added,nc561c249ce56,m862869c2ff9e
2026-02-03T19:56:26+09:00,added,nc561c249ce56,m3ed4b0ea704e
2026-02-03T19:56:26+09:00,added,nc561c249ce56,m11881a67a893
2026-02-03T19:56:26+09:00,added,nc561c249ce56,mdb362d43e1a9
2026-02-03T19:56:26+09:00,added,nc561c249ce56,m3b898a691902
2026-02-02T19:24:03+09:00,added,na2fcec7acebd,me39940554e5a
2026-02-02T19:24:03+09:00,added,na2fcec7acebd,m18c09c59705e
2026-02-02T19:24:03+09:00,added,na2fcec7acebd,m0102f820d986
2026-02-02T19:24:03+09:00,added,na2fcec7acebd,mae7d87e63b56
2026-02-02T19:24:03+09:00,added,na2fcec7acebd,m2788185b81a0
2026-02-02T19:24:03+09:00,added,na2fcec7acebd,m6463046852a4
2026-02-02T19:24:03+09:00,added,na2fcec7acebd,m0988ee24cf93
2026-02-02T19:24:03+09:00,added,na2fcec7acebd,mf6e0f6313d36
2026-02-02T19:24:03+09:00,added,na2fcec7acebd,mdf249d5f08ec
2026-02-02T19:24:03+09:00,added,na2fcec7acebd,mdd702710eeb9
2026-02-02T19:24:03+09:00,added,na2fcec7acebd,mf7f9952d6e72
2026-02-02T19:24:03+09:00,added,na2fcec7acebd,mef3e6ed657c6
2026-02-02T19:24:03+09:00,added,na2fcec7acebd,md87870710d29
2026-02-02T19:24:03+09:00,added,na2fcec7acebd,m7325f611df66
2026-02-02T19:24:03+09:00,added,na2fcec7acebd,m5e73b64286c2
2026-02-02T19:24:03+09:00,added,na2fcec7acebd,m8f50c2311d35
2026-02-02T19:24:03+09:00,added,na2fcec7acebd,mfc9d03c23504
2026-02-01T14:18:34+09:00,added,n22b3398eb365,m775d9cc27c90
2026-02-01T14:18:34+09:00,added,n22b3398eb365,m18c09c59705e
2026-02-01T14:18:34+09:00,added,n22b3398eb365,m0102f820d986
2026-02-01T14:18:34+09:00,added,n22b3398eb365,m2788185b81a0
2026-02-01T14:18:34+09:00,added,n22b3398eb365,me39940554e5a
2026-02-01T14:18:34+09:00,added,n22b3398eb365,mae7d87e63b56
2026-02-01T14:18:34+09:00,added,n22b3398eb365,mf7f9952d6e72
2026-02-01T14:18:34+09:00,added,n22b3398eb365,mcd9b664d59b6
2026-02-01T14:18:34+09:00,added,n22b3398eb365,m3d538212a7f5
2026-02-01T14:18:34+09:00,added,n22b3398eb365,m6463046852a4
2026-02-01T14:18:34+09:00,added,n22b3398eb365,m0988ee24cf93
2026-02-01T14:18:34+09:00,added,n22b3398eb365,mdd702710eeb9
2026-02-01T14:18:34+09:00,added,n22b3398eb365,m66f88f0e5afe
2026-02-01T14:18:34+09:00,added,n22b3398eb365,md87870710d29
2026-02-01T14:18:34+09:00,added,n22b3398eb365,mdf249d5f08ec
2026-01-31T22:32:18+09:00,added,nb7d0a78baa69,mae7d87e63b56
2026-01-31T22:32:18+09:00,added,nb7d0a78baa69,m0988ee24cf93
2026-01-31T22:32:18+09:00,added,nb7d0a78baa69,m2788185b81a0
2026-01-31T22:32:18+09:00,added,nb7d0a78baa69,me39940554e5a
2026-01-31T22:32:18+09:00,added,nb7d0a78baa69,m6463046852a4
2026-01-30T23:16:54+09:00,added,n5fd7c492446d,m18c09c59705e
2026-01-30T23:16:54+09:00,added,n5fd7c492446d,m0102f820d986
2026-01-30T23:16:54+09:00,added,n5fd7c492446d,m7f2990ab5a61
2026-01-30T23:16:54+09:00,added,n5fd7c492446d,m0988ee24cf93
2026-01-30T23:16:54+09:00,added,n5fd7c492446d,me39940554e5a
2026-01-30T23:16:54+09:00,added,n5fd7c492446d,mcd9b664d59b6
2026-01-30T23:16:54+09:00,added,n5fd7c492446d,mae7d87e63b56
2026-01-30T23:16:54+09:00,added,n5fd7c492446d,m6463046852a4
2026-01-30T23:16:54+09:00,added,n5fd7c492446d,m7325f611df66
2026-01-30T23:16:54+09:00,added,n5fd7c492446d,mdd702710eeb9
2026-01-30T23:16:54+09:00,added,n5fd7c492446d,m66f88f0e5afe
2026-01-30T23:16:54+09:00,added,n5fd7c492446d,mf7f9952d6e72
2026-01-29T20:16:55+09:00,added,na19d431a2ba9,m2788185b81a0
2026-01-29T20:16:55+09:00,added,na19d431a2ba9,m7f2990ab5a61
2026-01-29T20:16:55+09:00,added,na19d431a2ba9,mae7d87e63b56
2026-01-29T20:16:55+09:00,added,na19d431a2ba9,md87870710d29
2026-01-29T20:16:55+09:00,added,na19d431a2ba9,m7325f611df66
2026-01-29T20:16:55+09:00,added,na19d431a2ba9,m0988ee24cf93
2026-01-29T20:16:55+09:00,added,na19d431a2ba9,m3032113cbb05
2026-01-29T20:16:55+09:00,added,na19d431a2ba9,m279994ac37dd
2026-01-29T20:16:55+09:00,added,na19d431a2ba9,m18c09c59705e
2026-01-29T20:16:55+09:00,added,na19d431a2ba9,m0102f820d986
2026-01-29T20:16:55+09:00,added,na19d431a2ba9,mdd702710eeb9
2026-01-28T20:29:26+09:00,added,n72b6bda8215c,m17f76b944423
2026-01-28T20:29:26+09:00,added,n72b6bda8215c,mae7d87e63b56
2026-01-28T20:29:26+09:00,added,n72b6bda8215c,m23c1b65814a0
2026-01-28T20:29:26+09:00,added,n72b6bda8215c,m6463046852a4
2026-01-28T20:29:26+09:00,added,n72b6bda8215c,m5afc54cabf28
2026-01-28T20:29:26+09:00,added,n72b6bda8215c,m278d9869816c
2026-01-28T20:29:26+09:00,added,n72b6bda8215c,ma44cf5d43db9
2026-01-28T20:29:26+09:00,added,n72b6bda8215c,m723b7a89cb2f
2026-01-28T20:29:26+09:00,added,n72b6bda8215c,m862869c2ff9e
2026-01-28T20:29:26+09:00,added,n72b6bda8215c,mf2abfea66ec7
2026-01-28T20:29:26+09:00,added,n72b6bda8215c,m53a3c3b5d431
2026-01-28T20:29:26+09:00,added,n72b6bda8215c,m6c21ad4983da
2026-01-28T20:29:26+09:00,added,n72b6bda8215c,m7dfb2f05ab33
2026-01-28T20:29:26+09:00,added,n72b6bda8215c,m11881a67a893
2026-01-28T20:29:26+09:00,added,n72b6bda8215c,m3ed4b0ea704e
2026-01-28T20:29:26+09:00,added,n72b6bda8215c,m8c1d15e8e27f
2026-01-28T20:29:26+09:00,added,n72b6bda8215c,m0f6484462f7f
2026-01-28T20:29:26+09:00,added,n72b6bda8215c,m8531e02a2f58
2026-01-27T17:32:17+09:00,added,n422a5d387662,mdd702710eeb9
2026-01-27T17:32:17+09:00,added,n422a5d387662,m2788185b81a0
2026-01-27T17:32:17+09:00,added,n422a5d387662,med9542fcf355
2026-01-27T17:32:17+09:00,added,n422a5d387662,m3ff81c0d23db
2026-01-27T17:32:17+09:00,added,n422a5d387662,mae7d87e63b56
2026-01-27T17:32:17+09:00,added,n422a5d387662,m0988ee24cf93
2026-01-27T17:32:17+09:00,added,n422a5d387662,m067199919470
2026-01-27T17:32:17+09:00,added,n422a5d387662,m6463046852a4
2026-01-27T17:32:17+09:00,added,n422a5d387662,mef3e6ed657c6
2026-01-27T17:32:17+09:00,added,n422a5d387662,md87870710d29
2026-01-27T17:32:17+09:00,added,n422a5d387662,m7325f611df66
2026-01-27T17:32:17+09:00,added,n422a5d387662,m18c09c59705e
2026-01-27T17:32:17+09:00,added,n422a5d387662,m0102f820d986
2026-01-26T21:55:09+09:00,added,n077b519809ce,mc3c452aad6f3
2026-01-26T21:55:09+09:00,added,n077b519809ce,m18c09c59705e
2026-01-26T21:55:09+09:00,added,n077b519809ce,m0102f820d986
2026-01-26T21:55:09+09:00,added,n077b519809ce,m7f2990ab5a61
2026-01-26T21:55:09+09:00,added,n077b519809ce,mae7d87e63b56
2026-01-26T21:55:09+09:00,added,n077b519809ce,m067199919470
2026-01-26T21:55:09+09:00,added,n077b519809ce,m86d6a605b363
2026-01-26T21:55:09+09:00,added,n077b519809ce,m2788185b81a0
2026-01-26T21:55:09+09:00,added,n077b519809ce,me40727335eb0
2026-01-26T21:55:09+09:00,added,n077b519809ce,m6463046852a4
2026-01-26T21:55:09+09:00,added,n077b519809ce,mdd702710eeb9
2026-01-26T21:55:09+09:00,added,n077b519809ce,mef3e6ed657c6
2026-01-26T21:55:09+09:00,added,n077b519809ce,mfe68cbfb11da
2026-01-26T21:55:09+09:00,added,n077b519809ce,ma44cf5d43db9
2026-01-25T17:26:56+09:00,added,na5c225edf77f,me39940554e5a
2026-01-25T17:26:56+09:00,added,na5c225edf77f,mf7f9952d6e72
2026-01-25T17:26:56+09:00,added,na5c225edf77f,m2788185b81a0
2026-01-25T17:26:56+09:00,added,na5c225edf77f,m18c09c59705e
2026-01-25T17:26:56+09:00,added,na5c225edf77f,mae7d87e63b56
2026-01-25T17:26:56+09:00,added,na5c225edf77f,mdfcf232ad3c5
2026-01-25T17:26:56+09:00,added,na5c225edf77f,m74c88f0a7bb5
2026-01-25T17:26:56+09:00,added,na5c225edf77f,mdd702710eeb9
2026-01-25T17:26:56+09:00,added,na5c225edf77f,md87870710d29
2026-01-25T17:26:56+09:00,added,na5c225edf77f,m5afc54cabf28
2026-01-25T17:26:56+09:00,added,na5c225edf77f,m7325f611df66
2026-01-25T17:26:56+09:00,added,na5c225edf77f,m0988ee24cf93
2026-01-25T17:26:56+09:00,added,na5c225edf77f,mef3e6ed657c6
2026-01-25T17:26:56+09:00,added,na5c225edf77f,m0f6484462f7f
2026-01-24T20:40:29+09:00,added,n0c6d55a8b448,m2788185b81a0
2026-01-24T20:40:29+09:00,added,n0c6d55a8b448,mae7d87e63b56
2026-01-24T20:40:29+09:00,added,n0c6d55a8b448,m7f2990ab5a61
2026-01-24T20:40:29+09:00,added,n0c6d55a8b448,m862869c2ff9e
2026-01-24T20:40:29+09:00,added,n0c6d55a8b448,m53a3c3b5d431
2026-01-24T20:40:29+09:00,added,n0c6d55a8b448,mf2abfea66ec7
2026-01-24T20:40:29+09:00,added,n0c6d55a8b448,m11881a67a893
2026-01-24T20:40:29+09:00,added,n0c6d55a8b448,m349b3be90eb0
2026-01-24T20:40:29+09:00,added,n0c6d55a8b448,md3a54e5874c6
2026-01-24T20:40:29+09:00,added,n0c6d55a8b448,md87870710d29
2026-01-24T20:40:29+09:00,added,n0c6d55a8b448,mdd702710eeb9
2026-01-24T20:40:29+09:00,added,n0c6d55a8b448,m26631bce74dd
2026-01-23T20:40:06+09:00,added,nfd098158931a,m18c09c59705e
2026-01-23T20:40:06+09:00,added,nfd098158931a,m0102f820d986
2026-01-23T20:40:06+09:00,added,nfd098158931a,m2788185b81a0
2026-01-23T20:40:06+09:00,added,nfd098158931a,mdd702710eeb9
2026-01-23T20:40:06+09:00,added,nfd098158931a,mae7d87e63b56
2026-01-23T20:40:06+09:00,added,nfd098158931a,m7f2990ab5a61
2026-01-23T20:40:06+09:00,added,nfd098158931a,me39940554e5a
2026-01-23T20:40:06+09:00,added,nfd098158931a,m5afc54cabf28
2026-01-23T20:40:06+09:00,added,nfd098158931a,m862869c2ff9e
2026-01-23T20:40:06+09:00,added,nfd098158931a,m11881a67a893
2026-01-23T20:40:06+09:00,added,nfd098158931a,mf2abfea66ec7
2026-01-23T20:40:06+09:00,added,nfd098158931a,m3ed4b0ea704e
2026-01-23T20:40:06+09:00,added,nfd098158931a,m53a3c3b5d431
2026-01-23T20:40:06+09:00,added,nfd098158931a,m6c21ad4983da
2026-01-23T20:40:06+09:00,added,nfd098158931a,md87870710d29
2026-01-23T20:40:06+09:00,added,nfd098158931a,m7325f611df66
2026-01-23T20:40:06+09:00,added,nfd098158931a,me22006eb4593
2026-01-23T20:40:06+09:00,added,nfd098158931a,m155f8fdb5ab9
2026-01-23T20:40:06+09:00,added,nfd098158931a,m5e73b64286c2
2026-01-23T20:40:06+09:00,added,nfd098158931a,mdf249d5f08ec
2026-01-23T20:40:06+09:00,added,nfd098158931a,m6463046852a4
2026-01-23T20:40:06+09:00,added,nfd098158931a,m6ff3417d7d3c
2026-01-22T19:33:58+09:00,added,n2e22bf6de0cc,mae7d87e63b56
2026-01-22T19:33:58+09:00,added,n2e22bf6de0cc,m2788185b81a0
2026-01-22T19:33:58+09:00,added,n2e22bf6de0cc,m47ad56a9b500
2026-01-22T19:33:58+09:00,added,n2e22bf6de0cc,m5afc54cabf28
2026-01-22T19:33:58+09:00,added,n2e22bf6de0cc,m3ff81c0d23db
2026-01-22T19:33:58+09:00,added,n2e22bf6de0cc,m7f2990ab5a61
2026-01-22T19:33:58+09:00,added,n2e22bf6de0cc,me39940554e5a
2026-01-22T19:33:58+09:00,added,n2e22bf6de0cc,m05948736e17f
2026-01-22T19:33:58+09:00,added,n2e22bf6de0cc,m5e73b64286c2
2026-01-22T19:33:58+09:00,added,n2e22bf6de0cc,md87870710d29
2026-01-22T19:33:58+09:00,added,n2e22bf6de0cc,mdf249d5f08ec
2026-01-22T19:33:58+09:00,added,n2e22bf6de0cc,m7325f611df66
2026-01-22T19:33:58+09:00,added,n2e22bf6de0cc,m6463046852a4
2026-01-22T19:33:58+09:00,added,n2e22bf6de0cc,m1a8d1bce47c2
2026-01-22T19:33:58+09:00,added,n2e22bf6de0cc,m2d430bfd346b
2026-01-22T19:33:58+09:00,added,n2e22bf6de0cc,m26631bce74dd
2026-01-22T19:33:58+09:00,added,n2e22bf6de0cc,m6c21ad4983da
2026-01-22T19:33:58+09:00,added,n2e22bf6de0cc,mf2abfea66ec7
2026-01-22T19:33:58+09:00,added,n2e22bf6de0cc,m862869c2ff9e
2026-01-22T19:33:58+09:00,added,n2e22bf6de0cc,m53a3c3b5d431
2026-01-22T19:33:58+09:00,added,n2e22bf6de0cc,m3ed4b0ea704e
2026-01-22T19:33:58+09:00,added,n2e22bf6de0cc,m768b3f4cf6e4
2026-01-22T19:33:58+09:00,added,n2e22bf6de0cc,m36e9f57e3df0
2026-01-22T19:33:58+09:00,added,n2e22bf6de0cc,m86d6a605b363
2026-01-22T19:33:58+09:00,added,n2e22bf6de0cc,m11b94f8cf911
2026-01-22T19:33:58+09:00,added,n2e22bf6de0cc,mef3e6ed657c6
2026-01-22T19:33:58+09:00,added,n2e22bf6de0cc,m7f9015f7a6ac
2026-01-21T17:10:51+09:00,added,nd384b730d452,m74c88f0a7bb5
2026-01-21T17:10:51+09:00,added,nd384b730d452,m26631bce74dd
2026-01-21T17:10:51+09:00,added,nd384b730d452,m9d62c4a809ea
2026-01-21T17:10:51+09:00,added,nd384b730d452,m3ff81c0d23db
2026-01-21T17:10:51+09:00,added,nd384b730d452,m7f2990ab5a61
2026-01-21T17:10:51+09:00,added,nd384b730d452,mef3e6ed657c6
2026-01-21T17:10:51+09:00,added,nd384b730d452,m7325f611df66
2026-01-21T17:10:51+09:00,added,nd384b730d452,mae7d87e63b56
2026-01-21T17:10:51+09:00,added,nd384b730d452,md87870710d29
2026-01-21T17:10:51+09:00,added,nd384b730d452,mdd702710eeb9
2026-01-21T17:10:51+09:00,added,nd384b730d452,m5e73b64286c2
2026-01-21T17:10:51+09:00,added,nd384b730d452,m0988ee24cf93
2026-01-20T20:50:37+09:00,added,n86ce1844e164,m17f76b944423
2026-01-20T20:50:37+09:00,added,n86ce1844e164,m5afc54cabf28
2026-01-20T20:50:37+09:00,added,n86ce1844e164,mae7d87e63b56
2026-01-20T20:50:37+09:00,added,n86ce1844e164,m6463046852a4
2026-01-19T21:49:53+09:00,added,nb834651fa513,mef3e6ed657c6
2026-01-19T21:49:53+09:00,added,nb834651fa513,m18c09c59705e
2026-01-19T21:49:53+09:00,added,nb834651fa513,m0102f820d986
2026-01-19T21:49:53+09:00,added,nb834651fa513,m1be7ce2dd479
2026-01-19T21:49:53+09:00,added,nb834651fa513,m5afc54cabf28
2026-01-19T21:49:53+09:00,added,nb834651fa513,me39940554e5a
2026-01-19T21:49:53+09:00,added,nb834651fa513,mae7d87e63b56
2026-01-19T21:49:53+09:00,added,nb834651fa513,m7f2990ab5a61
2026-01-19T21:49:53+09:00,added,nb834651fa513,mdd702710eeb9
2026-01-19T21:49:53+09:00,added,nb834651fa513,m248ca3ee7087
2026-01-19T21:49:53+09:00,added,nb834651fa513,m6463046852a4
2026-01-19T21:49:53+09:00,added,nb834651fa513,m7325f611df66
2026-01-19T21:49:53+09:00,added,nb834651fa513,m3d538212a7f5
2026-01-19T21:49:53+09:00,added,nb834651fa513,md87870710d29
2026-01-19T21:49:53+09:00,added,nb834651fa513,m0988ee24cf93
2026-01-18T20:39:34+09:00,added,ne4258b766488,m18c09c59705e
2026-01-18T20:39:34+09:00,added,ne4258b766488,m0102f820d986
2026-01-18T20:39:34+09:00,added,ne4258b766488,m1be7ce2dd479
2026-01-18T20:39:34+09:00,added,ne4258b766488,mae7d87e63b56
2026-01-18T20:39:34+09:00,added,ne4258b766488,m7f2990ab5a61
2026-01-18T20:39:34+09:00,added,ne4258b766488,mcd9b664d59b6
2026-01-18T20:39:34+09:00,added,ne4258b766488,m5afc54cabf28
2026-01-18T20:39:34+09:00,added,ne4258b766488,md1868a762043
2026-01-18T20:39:34+09:00,added,ne4258b766488,m7325f611df66
2026-01-18T20:39:34+09:00,added,ne4258b766488,mef3e6ed657c6
2026-01-18T20:39:34+09:00,added,ne4258b766488,m0988ee24cf93
2026-01-18T20:39:34+09:00,added,ne4258b766488,m3d538212a7f5
2026-01-18T20:39:34+09:00,added,ne4258b766488,m11f968fbad6d
2026-01-17T23:52:07+09:00,added,ne80ff9986bc5,m2788185b81a0
2026-01-17T23:52:07+09:00,added,ne80ff9986bc5,me39940554e5a
2026-01-17T23:52:07+09:00,added,ne80ff9986bc5,m7f2990ab5a61
2026-01-17T23:52:07+09:00,added,ne80ff9986bc5,mae7d87e63b56
2026-01-17T23:52:07+09:00,added,ne80ff9986bc5,mdd702710eeb9
2026-01-17T23:52:07+09:00,added,ne80ff9986bc5,md87870710d29
2026-01-17T23:52:07+09:00,added,ne80ff9986bc5,m7325f611df66
2026-01-17T23:52:07+09:00,added,ne80ff9986bc5,m0988ee24cf93
2026-01-16T16:48:26+09:00,added,n572b8edec5b8,mdd702710eeb9
2026-01-16T16:48:26+09:00,added,n572b8edec5b8,m7f2990ab5a61
2026-01-16T16:48:26+09:00,added,n572b8edec5b8,m5afc54cabf28
2026-01-16T16:48:26+09:00,added,n572b8edec5b8,mae7d87e63b56
2026-01-16T16:48:26+09:00,added,n572b8edec5b8,md87870710d29
2026-01-16T16:48:26+09:00,added,n572b8edec5b8,m7325f611df66
2026-01-16T16:48:26+09:00,added,n572b8edec5b8,m11b94f8cf911
2026-01-16T16:48:26+09:00,added,n572b8edec5b8,m86d6a605b363
2026-01-16T16:48:26+09:00,added,n572b8edec5b8,mdbf1f88c8d0d
2026-01-16T16:48:26+09:00,added,n572b8edec5b8,m53a3c3b5d431
2026-01-16T16:48:26+09:00,added,n572b8edec5b8,m862869c2ff9e
2026-01-16T16:48:26+09:00,added,n572b8edec5b8,m5bdd94e01dac
2026-01-16T16:48:26+09:00,added,n572b8edec5b8,m6f829c4b85b6
2026-01-16T16:48:26+09:00,added,n572b8edec5b8,m26631bce74dd
2026-01-16T16:48:26+09:00,added,n572b8edec5b8,m2aedf61ec5aa
2026-01-15T21:35:03+09:00,added,ncf11a691acf8,m18c09c59705e
2026-01-15T21:35:03+09:00,added,ncf11a691acf8,m0102f820d986
2026-01-15T21:35:03+09:00,added,ncf11a691acf8,me39940554e5a
2026-01-15T21:35:03+09:00,added,ncf11a691acf8,me1d0833b0ff7
2026-01-15T21:35:03+09:00,added,ncf11a691acf8,mae7d87e63b56
2026-01-15T21:35:03+09:00,added,ncf11a691acf8,m3ff81c0d23db
2026-01-15T21:35:03+09:00,added,ncf11a691acf8,mdd702710eeb9
2026-01-15T21:35:03+09:00,added,ncf11a691acf8,m9b48174e163a
2026-01-15T21:35:03+09:00,added,ncf11a691acf8,m76b37a54b292
2026-01-15T21:35:03+09:00,added,ncf11a691acf8,md87870710d29
2026-01-15T21:35:03+09:00,added,ncf11a691acf8,mef3e6ed657c6
2026-01-15T21:35:03+09:00,added,ncf11a691acf8,m7f2990ab5a61
2026-01-15T21:35:03+09:00,added,ncf11a691acf8,m0988ee24cf93
2026-01-15T21:35:03+09:00,added,ncf11a691acf8,m067199919470
2026-01-15T21:35:03+09:00,added,ncf11a691acf8,m86d6a605b363
2026-01-15T21:35:03+09:00,added,ncf11a691acf8,m26631bce74dd
2026-01-15T21:35:03+09:00,added,ncf11a691acf8,m592a8866a9d3
2026-01-14T19:56:00+09:00,added,n82165a03194a,ma9ff6f94a575
2026-01-14T19:56:00+09:00,added,n82165a03194a,m17f76b944423
2026-01-14T19:56:00+09:00,added,n82165a03194a,m74c88f0a7bb5
2026-01-14T19:56:00+09:00,added,n82165a03194a,mc3c452aad6f3
2026-01-13T21:11:25+09:00,added,n48eaf9fde1b8,m18c09c59705e
2026-01-13T21:11:25+09:00,added,n48eaf9fde1b8,m0102f820d986
2026-01-13T21:11:25+09:00,added,n48eaf9fde1b8,mdd702710eeb9
2026-01-13T21:11:25+09:00,added,n48eaf9fde1b8,m248ca3ee7087
2026-01-13T21:11:25+09:00,added,n48eaf9fde1b8,mc3c452aad6f3
2026-01-13T21:11:25+09:00,added,n48eaf9fde1b8,m3ff81c0d23db
2026-01-13T21:11:25+09:00,added,n48eaf9fde1b8,mae7d87e63b56
2026-01-13T21:11:25+09:00,added,n48eaf9fde1b8,mb4adf009b45c
2026-01-13T21:11:25+09:00,added,n48eaf9fde1b8,m2788185b81a0
2026-01-13T21:11:25+09:00,added,n48eaf9fde1b8,m067199919470
2026-01-13T21:11:25+09:00,added,n48eaf9fde1b8,md87870710d29
2026-01-13T21:11:25+09:00,added,n48eaf9fde1b8,m0988ee24cf93
2026-01-13T21:11:25+09:00,added,n48eaf9fde1b8,m7325f611df66
2026-01-13T21:11:25+09:00,added,n48eaf9fde1b8,mef3e6ed657c6
2026-01-13T21:11:25+09:00,added,n48eaf9fde1b8,m7f2990ab5a61
2026-01-13T21:11:25+09:00,added,n48eaf9fde1b8,m5b27002b62d9
2026-01-12T17:16:37+09:00,added,n55900074f9f1,ma2d4b6625a56
2026-01-12T17:16:37+09:00,added,n55900074f9f1,m4870f440d18d
2026-01-12T17:16:37+09:00,added,n55900074f9f1,m7f2990ab5a61
2026-01-12T17:16:37+09:00,added,n55900074f9f1,m9b48174e163a
2026-01-12T17:16:37+09:00,added,n55900074f9f1,mdd702710eeb9
2026-01-12T17:16:37+09:00,added,n55900074f9f1,me39940554e5a
2026-01-12T17:16:37+09:00,added,n55900074f9f1,md87870710d29
2026-01-12T17:16:37+09:00,added,n55900074f9f1,mcd9b664d59b6
2026-01-12T17:16:37+09:00,added,n55900074f9f1,m0f6484462f7f
2026-01-12T17:16:37+09:00,added,n55900074f9f1,m067199919470
2026-01-12T17:16:37+09:00,added,n55900074f9f1,mdfcf232ad3c5
2026-01-12T17:16:37+09:00,added,n55900074f9f1,m7325f611df66
2026-01-12T17:16:37+09:00,added,n55900074f9f1,mef3e6ed657c6
2026-01-12T17:16:37+09:00,added,n55900074f9f1,m0988ee24cf93
2026-01-12T17:16:37+09:00,added,n55900074f9f1,m18c09c59705e
2026-01-12T17:16:37+09:00,added,n55900074f9f1,m1be7ce2dd479
2026-01-12T17:16:37+09:00,added,n55900074f9f1,m0102f820d986
2026-01-11T20:25:37+09:00,added,n268b7c196d39,m7f2990ab5a61
2026-01-11T20:25:37+09:00,added,n268b7c196d39,m0f6484462f7f
2026-01-11T20:25:37+09:00,added,n268b7c196d39,m3ff81c0d23db
2026-01-11T20:25:37+09:00,added,n268b7c196d39,mae7d87e63b56
2026-01-11T20:25:37+09:00,added,n268b7c196d39,me39940554e5a
2026-01-11T20:25:37+09:00,added,n268b7c196d39,m0988ee24cf93
2026-01-11T20:25:37+09:00,added,n268b7c196d39,m18c09c59705e
2026-01-11T20:25:37+09:00,added,n268b7c196d39,m0102f820d986
2026-01-11T20:25:37+09:00,added,n268b7c196d39,mef3e6ed657c6
2026-01-11T20:25:37+09:00,added,n268b7c196d39,mdd702710eeb9
2026-01-10T17:13:30+09:00,added,n9395dae3d66d,md87870710d29
2026-01-10T17:13:30+09:00,added,n9395dae3d66d,m7f2990ab5a61
2026-01-10T17:13:30+09:00,added,n9395dae3d66d,mdd702710eeb9
2026-01-10T17:13:30+09:00,added,n9395dae3d66d,m0988ee24cf93
2026-01-10T17:13:30+09:00,added,n9395dae3d66d,mae7d87e63b56
2026-01-10T17:13:30+09:00,added,n9395dae3d66d,m53a3c3b5d431
2026-01-10T17:13:30+09:00,added,n9395dae3d66d,m862869c2ff9e
2026-01-10T17:13:30+09:00,added,n9395dae3d66d,m7325f611df66
2026-01-10T17:13:30+09:00,added,n9395dae3d66d,mef3e6ed657c6
2026-01-09T19:39:10+09:00,added,nd308899ee44e,mae7d87e63b56
2026-01-09T19:39:10+09:00,added,nd308899ee44e,m18c09c59705e
2026-01-09T19:39:10+09:00,added,nd308899ee44e,med9542fcf355
2026-01-09T19:39:10+09:00,added,nd308899ee44e,m0f6484462f7f
2026-01-09T19:39:10+09:00,added,nd308899ee44e,mef3e6ed657c6
2026-01-09T19:39:10+09:00,added,nd308899ee44e,m0988ee24cf93
2026-01-09T19:39:10+09:00,added,nd308899ee44e,me39940554e5a
2026-01-09T19:39:10+09:00,added,nd308899ee44e,m7f2990ab5a61
2026-01-09T19:39:10+09:00,added,nd308899ee44e,mdfcf232ad3c5
2026-01-09T19:39:10+09:00,added,nd308899ee44e,m2788185b81a0
2026-01-09T19:39:10+09:00,added,nd308899ee44e,mdd702710eeb9
2026-01-08T18:53:51+09:00,added,n4eb456f477c9,m18c09c59705e
2026-01-08T18:53:51+09:00,added,n4eb456f477c9,m7325f611df66
2026-01-08T18:53:51+09:00,added,n4eb456f477c9,mef3e6ed657c6
2026-01-08T18:53:51+09:00,added,n4eb456f477c9,m2788185b81a0
2026-01-08T18:53:51+09:00,added,n4eb456f477c9,m3ff81c0d23db
2026-01-08T18:53:51+09:00,added,n4eb456f477c9,m248ca3ee7087
2026-01-08T18:53:51+09:00,added,n4eb456f477c9,m76b37a54b292
2026-01-08T18:53:51+09:00,added,n4eb456f477c9,m9b48174e163a
2026-01-08T18:53:51+09:00,added,n4eb456f477c9,m47ad56a9b500
2026-01-08T18:53:51+09:00,added,n4eb456f477c9,mae7d87e63b56
2026-01-08T18:53:51+09:00,added,n4eb456f477c9,m8f50c2311d35
2026-01-08T18:53:51+09:00,added,n4eb456f477c9,m0988ee24cf93
2026-01-08T18:53:51+09:00,added,n4eb456f477c9,mfe68cbfb11da
2026-01-08T18:53:51+09:00,added,n4eb456f477c9,mdd702710eeb9
2026-01-08T18:53:51+09:00,added,n4eb456f477c9,me39940554e5a
2026-01-08T18:53:51+09:00,added,n4eb456f477c9,m16095e384518
2026-01-08T18:53:51+09:00,added,n4eb456f477c9,m74c88f0a7bb5
2026-01-08T18:53:51+09:00,added,n4eb456f477c9,m5e0b116a568a
2026-01-07T19:36:16+09:00,added,n1a1f36a05ba6,m2788185b81a0
2026-01-07T19:36:16+09:00,added,n1a1f36a05ba6,m18c09c59705e
2026-01-07T19:36:16+09:00,added,n1a1f36a05ba6,m0102f820d986
2026-01-07T19:36:16+09:00,added,n1a1f36a05ba6,mdd702710eeb9
2026-01-07T19:36:16+09:00,added,n1a1f36a05ba6,m3ff81c0d23db
2026-01-07T19:36:16+09:00,added,n1a1f36a05ba6,ma2d4b6625a56
2026-01-07T19:36:16+09:00,added,n1a1f36a05ba6,mb4adf009b45c
2026-01-07T19:36:16+09:00,added,n1a1f36a05ba6,m0988ee24cf93
2026-01-07T19:36:16+09:00,added,n1a1f36a05ba6,m7f2990ab5a61
2026-01-07T19:36:16+09:00,added,n1a1f36a05ba6,m0f6484462f7f
2026-01-07T19:36:16+09:00,added,n1a1f36a05ba6,m7325f611df66
2026-01-07T19:36:16+09:00,added,n1a1f36a05ba6,mef3e6ed657c6
2026-01-07T19:36:16+09:00,added,n1a1f36a05ba6,mdfcf232ad3c5
2026-01-06T22:44:03+09:00,added,n5db4904b17b9,m17f76b944423
2026-01-06T22:44:03+09:00,added,n5db4904b17b9,mae7d87e63b56
2026-01-06T22:44:03+09:00,added,n5db4904b17b9,m1be7ce2dd479
2026-01-06T22:44:03+09:00,added,n5db4904b17b9,m18c09c59705e
2026-01-06T22:44:03+09:00,added,n5db4904b17b9,m09b16643c1cf
2026-01-06T22:44:03+09:00,added,n5db4904b17b9,m0102f820d986
2026-01-06T22:44:03+09:00,added,n5db4904b17b9,mc6b9890b3102
2026-01-06T22:44:03+09:00,added,n5db4904b17b9,m0988ee24cf93
2026-01-06T22:44:03+09:00,added,n5db4904b17b9,m23c1b65814a0
2026-01-06T22:44:03+09:00,added,n5db4904b17b9,mdd702710eeb9
2026-01-06T22:44:03+09:00,added,n5db4904b17b9,m4d61d56ec539
2026-01-05T21:45:47+09:00,added,n1f0a26a7979c,mc3c452aad6f3
2026-01-05T21:45:47+09:00,added,n1f0a26a7979c,m87f25c8ab4b1
2026-01-05T21:45:47+09:00,added,n1f0a26a7979c,m067199919470
2026-01-05T21:45:47+09:00,added,n1f0a26a7979c,mae7d87e63b56
2026-01-05T21:45:47+09:00,added,n1f0a26a7979c,me39940554e5a
2026-01-05T21:45:47+09:00,added,n1f0a26a7979c,m2788185b81a0
2026-01-05T21:45:47+09:00,added,n1f0a26a7979c,mdfcf232ad3c5
2026-01-05T21:45:47+09:00,added,n1f0a26a7979c,m592a8866a9d3
2026-01-05T21:45:47+09:00,added,n1f0a26a7979c,md87870710d29
2026-01-05T21:45:47+09:00,added,n1f0a26a7979c,m7325f611df66
2026-01-05T21:45:47+09:00,added,n1f0a26a7979c,m7f2990ab5a61
2026-01-05T21:45:47+09:00,added,n1f0a26a7979c,m279994ac37dd
2026-01-05T21:45:47+09:00,added,n1f0a26a7979c,m16095e384518
2026-01-05T21:45:47+09:00,added,n1f0a26a7979c,mdd702710eeb9
2026-01-05T21:45:47+09:00,added,n1f0a26a7979c,m768b3f4cf6e4
2026-01-05T21:45:47+09:00,added,n1f0a26a7979c,m0988ee24cf93
2026-01-05T21:45:47+09:00,added,n1f0a26a7979c,m2f606beba19e
2026-01-05T21:45:47+09:00,added,n1f0a26a7979c,m3e02f69f0d66
2026-01-05T21:45:47+09:00,added,n1f0a26a7979c,ma8d107d9475f
2026-01-05T21:45:47+09:00,added,n1f0a26a7979c,m54b2ccd56b12
2026-01-05T21:45:47+09:00,added,n1f0a26a7979c,m971707d1e3c9
2026-01-04T21:56:04+09:00,added,nfdf24424b29c,me39940554e5a
2026-01-04T21:56:04+09:00,added,nfdf24424b29c,m4870f440d18d
2026-01-04T21:56:04+09:00,added,nfdf24424b29c,ma2d4b6625a56
2026-01-04T21:56:04+09:00,added,nfdf24424b29c,m37c9e29c3646
2026-01-04T21:56:04+09:00,added,nfdf24424b29c,m7f2990ab5a61
2026-01-04T21:56:04+09:00,added,nfdf24424b29c,m0988ee24cf93
2026-01-04T21:56:04+09:00,added,nfdf24424b29c,mdd702710eeb9
2026-01-04T21:56:04+09:00,added,nfdf24424b29c,mcd9b664d59b6
2026-01-04T21:56:04+09:00,added,nfdf24424b29c,m7325f611df66
2026-01-04T21:56:04+09:00,added,nfdf24424b29c,md87870710d29
2026-01-04T21:56:04+09:00,added,nfdf24424b29c,m51610c3e10a4
2026-01-04T21:56:04+09:00,added,nfdf24424b29c,m334fb05a2022
2026-01-04T21:56:04+09:00,added,nfdf24424b29c,m654c5e9aae2f
2026-01-04T21:56:04+09:00,added,nfdf24424b29c,m3d538212a7f5
2026-01-03T20:14:38+09:00,added,nb63f770629cc,m18c09c59705e
2026-01-03T20:14:38+09:00,added,nb63f770629cc,m2788185b81a0
2026-01-03T20:14:38+09:00,added,nb63f770629cc,mef3e6ed657c6
2026-01-03T20:14:38+09:00,added,nb63f770629cc,mdd702710eeb9
2026-01-03T20:14:38+09:00,added,nb63f770629cc,mae7d87e63b56
2026-01-03T20:14:38+09:00,added,nb63f770629cc,m7f2990ab5a61
2026-01-03T20:14:38+09:00,added,nb63f770629cc,m7325f611df66
2026-01-03T20:14:38+09:00,added,nb63f770629cc,md87870710d29
2026-01-03T20:14:38+09:00,added,nb63f770629cc,m0f6484462f7f
2026-01-02T16:45:33+09:00,added,n5c83acc474f1,mae7d87e63b56
2026-01-02T16:45:33+09:00,added,n5c83acc474f1,ma2d4b6625a56
2026-01-02T16:45:33+09:00,added,n5c83acc474f1,mbd248b3bf927
2026-01-02T16:45:33+09:00,added,n5c83acc474f1,mdd702710eeb9
2026-01-02T16:45:33+09:00,added,n5c83acc474f1,m9b48174e163a
2026-01-02T16:45:33+09:00,added,n5c83acc474f1,mcd9b664d59b6
2026-01-02T16:45:33+09:00,added,n5c83acc474f1,md87870710d29
2026-01-02T16:45:33+09:00,added,n5c83acc474f1,m18c09c59705e
2026-01-02T16:45:33+09:00,added,n5c83acc474f1,m0988ee24cf93
2026-01-02T16:45:33+09:00,added,n5c83acc474f1,m7325f611df66
2026-01-02T16:45:33+09:00,added,n5c83acc474f1,m2156088b87ff
2026-01-02T16:45:33+09:00,added,n5c83acc474f1,m7f2990ab5a61
2026-01-02T16:45:33+09:00,added,n5c83acc474f1,m654c5e9aae2f
2026-01-01T00:00:10+09:00,added,n21ef23240488,mae7d87e63b56
2026-01-01T00:00:10+09:00,added,n21ef23240488,mdd702710eeb9
2026-01-01T00:00:10+09:00,added,n21ef23240488,m0988ee24cf93
2026-01-01T00:00:10+09:00,added,n21ef23240488,m7f2990ab5a61
2026-01-01T00:00:10+09:00,added,n21ef23240488,md87870710d29
2026-01-01T00:00:10+09:00,added,n21ef23240488,m7325f611df66
2026-01-01T00:00:10+09:00,added,n21ef23240488,m6eed1276274c
2026-01-01T00:00:10+09:00,added,n21ef23240488,m0f6484462f7f
2025-12-31T13:28:53+09:00,added,n9325060cd215,m17f76b944423
2025-12-31T13:28:53+09:00,added,n9325060cd215,mae7d87e63b56
2025-12-31T13:28:53+09:00,added,n9325060cd215,mc6b9890b3102
2025-12-31T13:28:53+09:00,added,n9325060cd215,m0b66fe3b8224
2025-12-31T13:28:53+09:00,added,n9325060cd215,m5a628c3625e1
2025-12-31T13:28:53+09:00,added,n9325060cd215,m7f2990ab5a61
2025-12-31T13:28:53+09:00,added,n9325060cd215,m4d61d56ec539
2025-12-31T13:28:53+09:00,added,n9325060cd215,m6eed1276274c
2025-12-30T23:52:23+09:00,added,nefdbde37a98b,mae7d87e63b56
2025-12-30T23:52:23+09:00,added,nefdbde37a98b,m2b8747d2fb88
2025-12-30T23:52:23+09:00,added,nefdbde37a98b,m3ff81c0d23db
2025-12-30T23:52:23+09:00,added,nefdbde37a98b,m18c09c59705e
2025-12-30T23:52:23+09:00,added,nefdbde37a98b,mdd702710eeb9
2025-12-30T23:52:23+09:00,added,nefdbde37a98b,m2788185b81a0
2025-12-30T23:52:23+09:00,added,nefdbde37a98b,m0f6484462f7f
2025-12-30T23:52:23+09:00,added,nefdbde37a98b,m7325f611df66
2025-12-30T23:52:23+09:00,added,nefdbde37a98b,m0988ee24cf93
2025-12-30T23:52:23+09:00,added,nefdbde37a98b,m6eed1276274c
2025-12-30T23:52:23+09:00,added,nefdbde37a98b,m7f2990ab5a61
2025-12-29T18:30:58+09:00,added,n92e17c56fcc7,me39940554e5a
2025-12-29T18:30:58+09:00,added,n92e17c56fcc7,m26631bce74dd
2025-12-29T18:30:58+09:00,added,n92e17c56fcc7,ma7f0c5b5d76e
2025-12-29T18:30:58+09:00,added,n92e17c56fcc7,m155f8fdb5ab9
2025-12-29T18:30:58+09:00,added,n92e17c56fcc7,m18c09c59705e
2025-12-29T18:30:58+09:00,added,n92e17c56fcc7,m0102f820d986
2025-12-29T18:30:58+09:00,added,n92e17c56fcc7,m2788185b81a0
2025-12-29T18:30:58+09:00,added,n92e17c56fcc7,mdd702710eeb9
2025-12-29T18:30:58+09:00,added,n92e17c56fcc7,m9b48174e163a
2025-12-29T18:30:58+09:00,added,n92e17c56fcc7,mc3c452aad6f3
2025-12-29T18:30:58+09:00,added,n92e17c56fcc7,mae7d87e63b56
2025-12-29T18:30:58+09:00,added,n92e17c56fcc7,m3ff81c0d23db
2025-12-29T18:30:58+09:00,added,n92e17c56fcc7,mb3a3026796cc
2025-12-29T18:30:58+09:00,added,n92e17c56fcc7,mf98aa7fee184
2025-12-29T18:30:58+09:00,added,n92e17c56fcc7,m8f50c2311d35
2025-12-29T18:30:58+09:00,added,n92e17c56fcc7,m0988ee24cf93
2025-12-29T18:30:58+09:00,added,n92e17c56fcc7,mef3e6ed657c6
2025-12-29T18:30:58+09:00,added,n92e17c56fcc7,m7325f611df66
2025-12-28T22:52:58+09:00,added,n238a19a33753,mae7d87e63b56
2025-12-28T22:52:58+09:00,added,n238a19a33753,m0988ee24cf93
2025-12-28T22:52:58+09:00,added,n238a19a33753,me39940554e5a
2025-12-28T22:52:58+09:00,added,n238a19a33753,mdd702710eeb9
2025-12-28T22:52:58+09:00,added,n238a19a33753,m18c09c59705e
2025-12-28T22:52:58+09:00,added,n238a19a33753,m1be7ce2dd479
2025-12-28T22:52:58+09:00,added,n238a19a33753,m0102f820d986
2025-12-28T22:52:58+09:00,added,n238a19a33753,m0f6484462f7f
2025-12-28T22:52:58+09:00,added,n238a19a33753,mb3a3026796cc
2025-12-27T22:15:39+09:00,added,n3ebb1d510b17,mae7d87e63b56
2025-12-27T22:15:39+09:00,added,n3ebb1d510b17,m9b48174e163a
2025-12-27T22:15:39+09:00,added,n3ebb1d510b17,mdd702710eeb9
2025-12-27T22:15:39+09:00,added,n3ebb1d510b17,m2788185b81a0
2025-12-27T22:15:39+09:00,added,n3ebb1d510b17,m7325f611df66
2025-12-27T22:15:39+09:00,added,n3ebb1d510b17,m0988ee24cf93
2025-12-27T22:15:39+09:00,added,n3ebb1d510b17,m7f2990ab5a61
2025-12-26T16:44:04+09:00,added,n7119577c4339,m0f6484462f7f
2025-12-26T16:44:04+09:00,added,n7119577c4339,m3ff81c0d23db
2025-12-26T16:44:04+09:00,added,n7119577c4339,m2788185b81a0
2025-12-26T16:44:04+09:00,added,n7119577c4339,mae7d87e63b56
2025-12-26T16:44:04+09:00,added,n7119577c4339,m0988ee24cf93
2025-12-26T16:44:04+09:00,added,n7119577c4339,m7325f611df66
2025-12-26T16:44:04+09:00,added,n7119577c4339,me39940554e5a
2025-12-26T16:44:04+09:00,added,n7119577c4339,m7f2990ab5a61
2025-12-25T08:59:58+09:00,added,naed510b5f918,m18c09c59705e
2025-12-25T08:59:58+09:00,added,naed510b5f918,m0102f820d986
2025-12-25T08:59:58+09:00,added,naed510b5f918,m1be7ce2dd479
2025-12-25T08:59:58+09:00,added,naed510b5f918,m2788185b81a0
2025-12-25T08:59:58+09:00,added,naed510b5f918,m3ff81c0d23db
2025-12-25T08:59:58+09:00,added,naed510b5f918,mae7d87e63b56
2025-12-25T08:59:58+09:00,added,naed510b5f918,m0f6484462f7f
2025-12-25T08:59:58+09:00,added,naed510b5f918,m46ec48ce52a9
2025-12-25T08:59:58+09:00,added,naed510b5f918,m7325f611df66
2025-12-25T08:59:58+09:00,added,naed510b5f918,m7f2990ab5a61
2025-12-25T08:59:58+09:00,added,naed510b5f918,m0988ee24cf93
2025-12-25T08:59:58+09:00,added,naed510b5f918,m26631bce74dd
2025-12-25T08:59:58+09:00,added,naed510b5f918,m2aedf61ec5aa
2025-12-25T08:59:58+09:00,added,naed510b5f918,m155f8fdb5ab9
2025-12-25T08:59:58+09:00,added,naed510b5f918,mdd702710eeb9
2025-12-24T12:04:15+09:00,added,nf6363798293c,m0f6484462f7f
2025-12-24T12:04:15+09:00,added,nf6363798293c,mae7d87e63b56
2025-12-24T12:04:15+09:00,added,nf6363798293c,m3ff81c0d23db
2025-12-24T12:04:15+09:00,added,nf6363798293c,m2788185b81a0
2025-12-24T12:04:15+09:00,added,nf6363798293c,m18c09c59705e
2025-12-24T12:04:15+09:00,added,nf6363798293c,m7325f611df66
2025-12-24T12:04:15+09:00,added,nf6363798293c,m0988ee24cf93
2025-12-24T12:04:15+09:00,added,nf6363798293c,m592a8866a9d3
2025-12-23T21:44:40+09:00,added,n06f6333e6afc,m17f76b944423
2025-12-23T21:44:40+09:00,added,n06f6333e6afc,ma9ff6f94a575
2025-12-23T21:44:40+09:00,added,n06f6333e6afc,mae7d87e63b56
2025-12-23T21:44:40+09:00,added,n06f6333e6afc,m23c1b65814a0
2025-12-23T21:44:40+09:00,added,n06f6333e6afc,mf9eb5baf8361
2025-12-22T12:08:58+09:00,added,na1d52ba4f997,mdd702710eeb9
2025-12-22T12:08:58+09:00,added,na1d52ba4f997,mae7d87e63b56
2025-12-22T12:08:58+09:00,added,na1d52ba4f997,m2788185b81a0
2025-12-22T12:08:58+09:00,added,na1d52ba4f997,m18c09c59705e
2025-12-22T12:08:58+09:00,added,na1d52ba4f997,m1be7ce2dd479
2025-12-22T12:08:58+09:00,added,na1d52ba4f997,m0102f820d986
2025-12-22T12:08:58+09:00,added,na1d52ba4f997,m7f2990ab5a61
2025-12-22T12:08:58+09:00,added,na1d52ba4f997,mef3e6ed657c6
2025-12-22T12:08:58+09:00,added,na1d52ba4f997,m6463046852a4
2025-12-22T12:08:58+09:00,added,na1d52ba4f997,m0988ee24cf93
2025-12-22T12:08:58+09:00,added,na1d52ba4f997,m7325f611df66
2025-12-21T19:01:22+09:00,added,n3561811ddaf1,ma7f0c5b5d76e
2025-12-21T19:01:22+09:00,added,n3561811ddaf1,m3d538212a7f5
2025-12-21T19:01:22+09:00,added,n3561811ddaf1,mef3e6ed657c6
2025-12-21T19:01:22+09:00,added,n3561811ddaf1,mcd9b664d59b6
2025-12-21T19:01:22+09:00,added,n3561811ddaf1,m2788185b81a0
2025-12-21T19:01:22+09:00,added,n3561811ddaf1,m0988ee24cf93
2025-12-21T19:01:22+09:00,added,n3561811ddaf1,mae7d87e63b56
2025-12-21T19:01:22+09:00,added,n3561811ddaf1,mdfcf232ad3c5
2025-12-21T19:01:22+09:00,added,n3561811ddaf1,m9b48174e163a
2025-12-21T19:01:22+09:00,added,n3561811ddaf1,mdd702710eeb9
2025-12-21T19:01:22+09:00,added,n3561811ddaf1,m7f2990ab5a61
2025-12-21T19:01:22+09:00,added,n3561811ddaf1,m18c09c59705e
2025-12-21T19:01:22+09:00,added,n3561811ddaf1,m0102f820d986
2025-12-21T19:01:22+09:00,added,n3561811ddaf1,m1be7ce2dd479
2025-12-21T19:01:22+09:00,added,n3561811ddaf1,me39940554e5a
2025-12-20T18:45:36+09:00,added,nc1c47b9dbe06,me39940554e5a
2025-12-20T18:45:36+09:00,added,nc1c47b9dbe06,mae7d87e63b56
2025-12-20T18:45:36+09:00,added,nc1c47b9dbe06,m0988ee24cf93
2025-12-20T18:45:36+09:00,added,nc1c47b9dbe06,mdd702710eeb9
2025-12-20T18:45:36+09:00,added,nc1c47b9dbe06,m9b48174e163a
2025-12-20T18:45:36+09:00,added,nc1c47b9dbe06,m6463046852a4
2025-12-20T18:45:36+09:00,added,nc1c47b9dbe06,m7325f611df66
2025-12-20T18:45:36+09:00,added,nc1c47b9dbe06,mef3e6ed657c6
2025-12-19T00:18:33+09:00,added,nc40f6118aa66,mae7d87e63b56
2025-12-19T00:18:33+09:00,added,nc40f6118aa66,m26631bce74dd
2025-12-19T00:18:33+09:00,added,nc40f6118aa66,mef3e6ed657c6
2025-12-19T00:18:33+09:00,added,nc40f6118aa66,m2788185b81a0
2025-12-19T00:18:33+09:00,added,nc40f6118aa66,mf98aa7fee184
2025-12-19T00:18:33+09:00,added,nc40f6118aa66,m8f50c2311d35
2025-12-19T00:18:33+09:00,added,nc40f6118aa66,m0f6484462f7f
2025-12-19T00:18:33+09:00,added,nc40f6118aa66,m0988ee24cf93
2025-12-19T00:18:33+09:00,added,nc40f6118aa66,m7325f611df66
2025-12-19T00:18:33+09:00,added,nc40f6118aa66,m18c09c59705e
2025-12-19T00:18:33+09:00,added,nc40f6118aa66,m1be7ce2dd479
2025-12-19T00:18:33+09:00,added,nc40f6118aa66,m0102f820d986
2025-12-18T15:54:09+09:00,added,n44cc8b3b1d2c,mdd702710eeb9
2025-12-18T15:54:09+09:00,added,n44cc8b3b1d2c,m2788185b81a0
2025-12-18T15:54:09+09:00,added,n44cc8b3b1d2c,m0f6484462f7f
2025-12-18T15:54:09+09:00,added,n44cc8b3b1d2c,mae7d87e63b56
2025-12-18T15:54:09+09:00,added,n44cc8b3b1d2c,m7325f611df66
2025-12-18T15:54:09+09:00,added,n44cc8b3b1d2c,m0988ee24cf93
2025-12-18T15:54:09+09:00,added,n44cc8b3b1d2c,m7f2990ab5a61
2025-12-18T15:54:09+09:00,added,n44cc8b3b1d2c,m049a49e6ad37
2025-12-18T15:54:09+09:00,added,n44cc8b3b1d2c,mafe9c4784c53
2025-12-18T15:54:09+09:00,added,n44cc8b3b1d2c,m279994ac37dd
2025-12-17T20:42:26+09:00,added,nea4fd8b0ca50,m17f76b944423
2025-12-17T20:42:26+09:00,added,nea4fd8b0ca50,mae7d87e63b56
2025-12-17T20:42:26+09:00,added,nea4fd8b0ca50,ma9ff6f94a575
2025-12-17T20:42:26+09:00,added,nea4fd8b0ca50,m47ad56a9b500
2025-12-17T20:42:26+09:00,added,nea4fd8b0ca50,m23c1b65814a0
2025-12-16T12:30:42+09:00,added,n29c70a4dbb74,m8f50c2311d35
2025-12-16T12:30:42+09:00,added,n29c70a4dbb74,me39940554e5a
2025-12-16T12:30:42+09:00,added,n29c70a4dbb74,mae7d87e63b56
2025-12-16T12:30:42+09:00,added,n29c70a4dbb74,m9b48174e163a
2025-12-16T12:30:42+09:00,added,n29c70a4dbb74,mef3e6ed657c6
2025-12-16T12:30:42+09:00,added,n29c70a4dbb74,m0f6484462f7f
2025-12-16T12:30:42+09:00,added,n29c70a4dbb74,mbc6437030dd2
2025-12-16T12:30:42+09:00,added,n29c70a4dbb74,m7325f611df66
2025-12-16T12:30:42+09:00,added,n29c70a4dbb74,m2aedf61ec5aa
2025-12-16T12:30:42+09:00,added,n29c70a4dbb74,m26631bce74dd
2025-12-16T12:30:42+09:00,added,n29c70a4dbb74,m5072685e9cf7
2025-12-16T12:30:42+09:00,added,n29c70a4dbb74,m18c09c59705e
2025-12-16T12:30:42+09:00,added,n29c70a4dbb74,m0102f820d986
2025-12-15T19:56:52+09:00,added,n7f58199b29ae,m1c302a1d8d31
2025-12-15T19:56:52+09:00,added,n7f58199b29ae,m2788185b81a0
2025-12-15T19:56:52+09:00,added,n7f58199b29ae,m0f6484462f7f
2025-12-15T19:56:52+09:00,added,n7f58199b29ae,m26cee8f993dd
2025-12-15T19:56:52+09:00,added,n7f58199b29ae,mdc355ba744fd
2025-12-15T19:56:52+09:00,added,n7f58199b29ae,m7325f611df66
2025-12-15T19:56:52+09:00,added,n7f58199b29ae,mef3e6ed657c6
2025-12-15T19:56:52+09:00,added,n7f58199b29ae,m7f2990ab5a61
2025-12-15T19:56:52+09:00,added,n7f58199b29ae,m0988ee24cf93
2025-12-15T19:56:52+09:00,added,n7f58199b29ae,m26631bce74dd
2025-12-14T21:16:37+09:00,added,nc0d6cef418bf,m2788185b81a0
2025-12-14T21:16:37+09:00,added,nc0d6cef418bf,me39940554e5a
2025-12-14T21:16:37+09:00,added,nc0d6cef418bf,mae7d87e63b56
2025-12-14T21:16:37+09:00,added,nc0d6cef418bf,m8f50c2311d35
2025-12-14T21:16:37+09:00,added,nc0d6cef418bf,mdd702710eeb9
2025-12-14T21:16:37+09:00,added,nc0d6cef418bf,m0988ee24cf93
2025-12-14T21:16:37+09:00,added,nc0d6cef418bf,mef3e6ed657c6
2025-12-13T12:05:19+09:00,added,na7d1c9916f9a,mae7d87e63b56
2025-12-13T12:05:19+09:00,added,na7d1c9916f9a,mef3e6ed657c6
2025-12-13T12:05:19+09:00,added,na7d1c9916f9a,mdd702710eeb9
2025-12-13T12:05:19+09:00,added,na7d1c9916f9a,m3ff81c0d23db
2025-12-13T12:05:19+09:00,added,na7d1c9916f9a,m0f6484462f7f
2025-12-13T12:05:19+09:00,added,na7d1c9916f9a,m7f2990ab5a61
2025-12-13T12:05:19+09:00,added,na7d1c9916f9a,m7325f611df66
2025-12-13T12:05:19+09:00,added,na7d1c9916f9a,m18c09c59705e
2025-12-13T12:05:19+09:00,added,na7d1c9916f9a,m0988ee24cf93
2025-12-12T11:58:05+09:00,added,n2754d98572cf,m23c1b65814a0
2025-12-12T11:58:05+09:00,added,n2754d98572cf,m17f76b944423
2025-12-12T11:58:05+09:00,added,n2754d98572cf,mc6b9890b3102
2025-12-12T11:58:05+09:00,added,n2754d98572cf,mae7d87e63b56
2025-12-12T11:58:05+09:00,added,n2754d98572cf,m0f6484462f7f
2025-12-12T11:58:05+09:00,added,n2754d98572cf,mad0dcca8d03e
2025-12-11T12:22:07+09:00,added,n378bdbd1deec,mdd702710eeb9
2025-12-11T12:22:07+09:00,added,n378bdbd1deec,m2788185b81a0
2025-12-11T12:22:07+09:00,added,n378bdbd1deec,m7f2990ab5a61
2025-12-11T12:22:07+09:00,added,n378bdbd1deec,me40727335eb0
2025-12-11T12:22:07+09:00,added,n378bdbd1deec,mc7747de91f73
2025-12-11T12:22:07+09:00,added,n378bdbd1deec,m26631bce74dd
2025-12-11T12:22:07+09:00,added,n378bdbd1deec,m2aedf61ec5aa
2025-12-11T12:22:07+09:00,added,n378bdbd1deec,m0988ee24cf93
2025-12-11T12:22:07+09:00,added,n378bdbd1deec,mef3e6ed657c6
2025-12-11T12:22:07+09:00,added,n378bdbd1deec,m7325f611df66
2025-12-10T17:16:06+09:00,added,na4aad198d7d2,m23c1b65814a0
2025-12-10T17:16:06+09:00,added,na4aad198d7d2,m76b37a54b292
2025-12-10T17:16:06+09:00,added,na4aad198d7d2,mae7d87e63b56
2025-12-10T17:16:06+09:00,added,na4aad198d7d2,ma9ff6f94a575
2025-12-10T17:16:06+09:00,added,na4aad198d7d2,m17f76b944423
2025-12-10T17:16:06+09:00,added,na4aad198d7d2,m5a628c3625e1
2025-12-10T17:16:06+09:00,added,na4aad198d7d2,m0b66fe3b8224
2025-12-10T17:16:06+09:00,added,na4aad198d7d2,m09b16643c1cf
2025-12-10T17:16:06+09:00,added,na4aad198d7d2,m0102f820d986
2025-12-10T17:16:06+09:00,added,na4aad198d7d2,m18c09c59705e
2025-12-10T17:16:06+09:00,added,na4aad198d7d2,m1be7ce2dd479
2025-12-10T17:16:06+09:00,added,na4aad198d7d2,m8f50c2311d35
2025-12-09T21:20:45+09:00,added,n1f1bfbffcbb1,m2788185b81a0
2025-12-09T21:20:45+09:00,added,n1f1bfbffcbb1,mae7d87e63b56
2025-12-09T21:20:45+09:00,added,n1f1bfbffcbb1,m18c09c59705e
2025-12-09T21:20:45+09:00,added,n1f1bfbffcbb1,m0102f820d986
2025-12-09T21:20:45+09:00,added,n1f1bfbffcbb1,m3ff81c0d23db
2025-12-09T21:20:45+09:00,added,n1f1bfbffcbb1,mdd702710eeb9
2025-12-09T21:20:45+09:00,added,n1f1bfbffcbb1,m0f6484462f7f
2025-12-09T21:20:45+09:00,added,n1f1bfbffcbb1,m0988ee24cf93
2025-12-09T21:20:45+09:00,added,n1f1bfbffcbb1,m7f2990ab5a61
2025-12-09T21:20:45+09:00,added,n1f1bfbffcbb1,m7325f611df66
2025-12-09T21:20:45+09:00,added,n1f1bfbffcbb1,mef3e6ed657c6
2025-12-09T21:20:45+09:00,added,n1f1bfbffcbb1,m26631bce74dd
2025-12-08T21:17:29+09:00,added,n8e9396dc6638,m18c09c59705e
2025-12-08T21:17:29+09:00,added,n8e9396dc6638,mae7d87e63b56
2025-12-08T21:17:29+09:00,added,n8e9396dc6638,mef3e6ed657c6
2025-12-08T21:17:29+09:00,added,n8e9396dc6638,me3590cc8b7e1
2025-12-08T21:17:29+09:00,added,n8e9396dc6638,m0988ee24cf93
2025-12-08T21:17:29+09:00,added,n8e9396dc6638,m0f6484462f7f
2025-12-08T21:17:29+09:00,added,n8e9396dc6638,m7325f611df66
2025-12-08T21:17:29+09:00,added,n8e9396dc6638,m2aedf61ec5aa
2025-12-08T21:17:29+09:00,added,n8e9396dc6638,ma7f0c5b5d76e
2025-12-08T21:17:29+09:00,added,n8e9396dc6638,m26631bce74dd
2025-12-07T19:26:19+09:00,added,n54c73603277f,mae7d87e63b56
2025-12-07T19:26:19+09:00,added,n54c73603277f,m2788185b81a0
2025-12-07T19:26:19+09:00,added,n54c73603277f,m8f50c2311d35
2025-12-07T19:26:19+09:00,added,n54c73603277f,m0f6484462f7f
2025-12-07T19:26:19+09:00,added,n54c73603277f,m7325f611df66
2025-12-07T19:26:19+09:00,added,n54c73603277f,m1be7ce2dd479
2025-12-07T19:26:19+09:00,added,n54c73603277f,m18c09c59705e
2025-12-07T19:26:19+09:00,added,n54c73603277f,m0102f820d986
2025-12-07T19:26:19+09:00,added,n54c73603277f,mef3e6ed657c6
2025-12-07T19:26:19+09:00,added,n54c73603277f,m4e7e6971acee
2025-12-07T19:26:19+09:00,added,n54c73603277f,m0988ee24cf93
2025-12-07T19:26:19+09:00,added,n54c73603277f,mdd702710eeb9
2025-12-06T23:50:37+09:00,added,ndb97f2ed69a9,mae7d87e63b56
2025-12-06T23:50:37+09:00,added,ndb97f2ed69a9,m7f2990ab5a61
2025-12-06T23:50:37+09:00,added,ndb97f2ed69a9,m2788185b81a0
2025-12-06T23:50:37+09:00,added,ndb97f2ed69a9,m18c09c59705e
2025-12-06T23:50:37+09:00,added,ndb97f2ed69a9,m7325f611df66
2025-12-06T23:50:37+09:00,added,ndb97f2ed69a9,m0f6484462f7f
2025-12-06T23:50:37+09:00,added,ndb97f2ed69a9,m2aedf61ec5aa
2025-12-06T23:50:37+09:00,added,ndb97f2ed69a9,m26631bce74dd
2025-12-06T23:50:37+09:00,added,ndb97f2ed69a9,mef3e6ed657c6
2025-12-05T22:14:09+09:00,added,nf2d88aaac3bf,m2788185b81a0
2025-12-05T22:14:09+09:00,added,nf2d88aaac3bf,mae7d87e63b56
2025-12-05T22:14:09+09:00,added,nf2d88aaac3bf,m18c09c59705e
2025-12-05T22:14:09+09:00,added,nf2d88aaac3bf,m87f25c8ab4b1
2025-12-05T22:14:09+09:00,added,nf2d88aaac3bf,mdd702710eeb9
2025-12-05T22:14:09+09:00,added,nf2d88aaac3bf,m7325f611df66
2025-12-05T22:14:09+09:00,added,nf2d88aaac3bf,mef3e6ed657c6
2025-12-05T22:14:09+09:00,added,nf2d88aaac3bf,m0f6484462f7f
2025-12-04T20:23:28+09:00,added,n95ec47f5c4e3,m2788185b81a0
2025-12-04T20:23:28+09:00,added,n95ec47f5c4e3,mae7d87e63b56
2025-12-04T20:23:28+09:00,added,n95ec47f5c4e3,m18c09c59705e
2025-12-04T20:23:28+09:00,added,n95ec47f5c4e3,m1be7ce2dd479
2025-12-04T20:23:28+09:00,added,n95ec47f5c4e3,m0102f820d986
2025-12-04T20:23:28+09:00,added,n95ec47f5c4e3,m745d6c32443a
2025-12-04T20:23:28+09:00,added,n95ec47f5c4e3,m7325f611df66
2025-12-04T20:23:28+09:00,added,n95ec47f5c4e3,mef3e6ed657c6
2025-12-03T19:33:23+09:00,added,nc83054467672,mae7d87e63b56
2025-12-03T19:33:23+09:00,added,nc83054467672,m18c09c59705e
2025-12-03T19:33:23+09:00,added,nc83054467672,m1be7ce2dd479
2025-12-03T19:33:23+09:00,added,nc83054467672,m2788185b81a0
2025-12-03T19:33:23+09:00,added,nc83054467672,me39940554e5a
2025-12-03T19:33:23+09:00,added,nc83054467672,m87f25c8ab4b1
2025-12-03T19:33:23+09:00,added,nc83054467672,m7325f611df66
2025-12-03T19:33:23+09:00,added,nc83054467672,m26631bce74dd
2025-12-03T19:33:23+09:00,added,nc83054467672,m964508d0b1ad
2025-12-03T19:33:23+09:00,added,nc83054467672,m2d430bfd346b
2025-12-03T19:33:23+09:00,added,nc83054467672,mdfcf232ad3c5
2025-12-02T19:34:59+09:00,added,n9bae0632faf8,mae7d87e63b56
2025-12-02T19:34:59+09:00,added,n9bae0632faf8,m7325f611df66
2025-12-02T19:34:59+09:00,added,n9bae0632faf8,m7f2990ab5a61
2025-12-02T19:34:59+09:00,added,n9bae0632faf8,m2788185b81a0
2025-12-02T19:34:59+09:00,added,n9bae0632faf8,m18c09c59705e
2025-12-02T19:34:59+09:00,added,n9bae0632faf8,m3ff81c0d23db
2025-12-02T19:34:59+09:00,added,n9bae0632faf8,mdd702710eeb9
2025-12-02T19:34:59+09:00,added,n9bae0632faf8,m0f6484462f7f
2025-12-01T20:27:37+09:00,added,ne3ca1c46824b,m2788185b81a0
2025-12-01T20:27:37+09:00,added,ne3ca1c46824b,me39940554e5a
2025-12-01T20:27:37+09:00,added,ne3ca1c46824b,m7325f611df66
2025-12-01T20:27:37+09:00,added,ne3ca1c46824b,m1be7ce2dd479
2025-12-01T20:27:37+09:00,added,ne3ca1c46824b,m18c09c59705e
2025-12-01T20:27:37+09:00,added,ne3ca1c46824b,m0102f820d986
2025-12-01T20:27:37+09:00,added,ne3ca1c46824b,m7f2990ab5a61
2025-12-01T20:27:37+09:00,added,ne3ca1c46824b,m8eb046826032
2025-12-01T20:27:37+09:00,added,ne3ca1c46824b,m76b37a54b292
2025-11-30T17:57:51+09:00,added,nf8dd471a00b1,mae7d87e63b56
2025-11-30T17:57:51+09:00,added,nf8dd471a00b1,m2788185b81a0
2025-11-30T17:57:51+09:00,added,nf8dd471a00b1,m18c09c59705e
2025-11-30T17:57:51+09:00,added,nf8dd471a00b1,m3ff81c0d23db
2025-11-30T17:57:51+09:00,added,nf8dd471a00b1,m7325f611df66
2025-11-30T17:57:51+09:00,added,nf8dd471a00b1,m0f6484462f7f
2025-11-30T17:57:51+09:00,added,nf8dd471a00b1,mf98aa7fee184
2025-11-30T17:57:51+09:00,added,nf8dd471a00b1,m8f50c2311d35
2025-11-30T17:57:51+09:00,added,nf8dd471a00b1,mdd702710eeb9
2025-11-30T17:57:51+09:00,added,nf8dd471a00b1,mbda81785b82c
2025-11-29T15:10:28+09:00,added,n11a9ed18d56d,m5e54fbcf6675
2025-11-29T15:10:28+09:00,added,n11a9ed18d56d,mae7d87e63b56
2025-11-29T15:10:28+09:00,added,n11a9ed18d56d,m18c09c59705e
2025-11-29T15:10:28+09:00,added,n11a9ed18d56d,m0f6484462f7f
2025-11-29T15:10:28+09:00,added,n11a9ed18d56d,m7325f611df66
2025-11-29T15:10:28+09:00,added,n11a9ed18d56d,m8f50c2311d35
2025-11-28T23:29:20+09:00,added,nead01d0f3026,m17f76b944423
2025-11-28T23:29:20+09:00,added,nead01d0f3026,m23c1b65814a0
2025-11-28T23:29:20+09:00,added,nead01d0f3026,m4d61d56ec539
2025-11-27T16:42:47+09:00,added,n69b39903becf,mae7d87e63b56
2025-11-27T16:42:47+09:00,added,n69b39903becf,mf98aa7fee184
2025-11-27T16:42:47+09:00,added,n69b39903becf,m8f50c2311d35
2025-11-27T16:42:47+09:00,added,n69b39903becf,m3ff81c0d23db
2025-11-27T16:42:47+09:00,added,n69b39903becf,mc3c452aad6f3
2025-11-27T16:42:47+09:00,added,n69b39903becf,m7325f611df66
2025-11-27T16:42:47+09:00,added,n69b39903becf,m2aedf61ec5aa
2025-11-27T16:42:47+09:00,added,n69b39903becf,m26631bce74dd
2025-11-27T16:42:47+09:00,added,n69b39903becf,mef3e6ed657c6
2025-11-27T16:42:47+09:00,added,n69b39903becf,m75dba2f0793c
2025-11-27T16:42:47+09:00,added,n69b39903becf,mdd702710eeb9
2025-11-26T11:29:18+09:00,added,n21dd471f9048,m2b8747d2fb88
2025-11-26T11:29:18+09:00,added,n21dd471f9048,m2788185b81a0
2025-11-26T11:29:18+09:00,added,n21dd471f9048,mdd702710eeb9
2025-11-26T11:29:18+09:00,added,n21dd471f9048,m7f2990ab5a61
2025-11-26T11:29:18+09:00,added,n21dd471f9048,m7325f611df66
2025-11-26T11:29:18+09:00,added,n21dd471f9048,m34fbc48bcda0
2025-11-26T11:29:18+09:00,added,n21dd471f9048,m9e2c5278a057
2025-11-25T16:29:46+09:00,added,nd04ec566e0fa,mae7d87e63b56
2025-11-25T16:29:46+09:00,added,nd04ec566e0fa,m76b37a54b292
2025-11-25T16:29:46+09:00,added,nd04ec566e0fa,mdd702710eeb9
2025-11-25T16:29:46+09:00,added,nd04ec566e0fa,m2788185b81a0
2025-11-25T16:29:46+09:00,added,nd04ec566e0fa,m7325f611df66
2025-11-25T16:29:46+09:00,added,nd04ec566e0fa,mef3e6ed657c6
2025-11-24T19:51:00+09:00,added,n469099432bdd,m7325f611df66
2025-11-24T19:51:00+09:00,added,n469099432bdd,m3ff81c0d23db
2025-11-24T19:51:00+09:00,added,n469099432bdd,m2788185b81a0
2025-11-24T19:51:00+09:00,added,n469099432bdd,mdd702710eeb9
2025-11-24T19:51:00+09:00,added,n469099432bdd,m9b48174e163a
2025-11-24T19:51:00+09:00,added,n469099432bdd,mae7d87e63b56
2025-11-24T19:51:00+09:00,added,n469099432bdd,m7f2990ab5a61
2025-11-24T19:51:00+09:00,added,n469099432bdd,m0f6484462f7f
2025-11-23T15:59:28+09:00,added,n9450056f0e5c,mad0dcca8d03e
2025-11-23T15:59:28+09:00,added,n9450056f0e5c,m23c1b65814a0
2025-11-23T15:59:28+09:00,added,n9450056f0e5c,m17f76b944423
2025-11-23T15:59:28+09:00,added,n9450056f0e5c,m72ba40851c43
2025-11-22T07:35:11+09:00,added,n2c3e26df3ddb,m2788185b81a0
2025-11-22T07:35:11+09:00,added,n2c3e26df3ddb,mcd9b664d59b6
2025-11-22T07:35:11+09:00,added,n2c3e26df3ddb,m4870f440d18d
2025-11-22T07:35:11+09:00,added,n2c3e26df3ddb,m7325f611df66
2025-11-22T07:35:11+09:00,added,n2c3e26df3ddb,me39940554e5a
2025-11-22T07:35:11+09:00,added,n2c3e26df3ddb,m0f6484462f7f
2025-11-21T09:24:36+09:00,added,n685667fec2f0,mae7d87e63b56
2025-11-21T09:24:36+09:00,added,n685667fec2f0,m2788185b81a0
2025-11-21T09:24:36+09:00,added,n685667fec2f0,m7325f611df66
2025-11-21T09:24:36+09:00,added,n685667fec2f0,mbda81785b82c
2025-11-21T09:24:36+09:00,added,n685667fec2f0,m26631bce74dd
2025-11-21T09:24:36+09:00,added,n685667fec2f0,m0f6484462f7f
2025-11-20T19:11:43+09:00,added,n85c5e77da5fe,mcd9b664d59b6
2025-11-20T19:11:43+09:00,added,n85c5e77da5fe,m7325f611df66
2025-11-20T19:11:43+09:00,added,n85c5e77da5fe,m0f6484462f7f
2025-11-20T19:11:43+09:00,added,n85c5e77da5fe,mc3c452aad6f3
2025-11-19T20:13:59+09:00,added,nc25fbae234fc,m17f76b944423
2025-11-19T20:13:59+09:00,added,nc25fbae234fc,ma9ff6f94a575
2025-11-19T20:13:59+09:00,added,nc25fbae234fc,mc6b9890b3102
2025-11-19T20:13:59+09:00,added,nc25fbae234fc,m4d61d56ec539
2025-11-19T20:13:59+09:00,added,nc25fbae234fc,m0f6484462f7f
2025-11-19T20:13:59+09:00,added,nc25fbae234fc,mc3c452aad6f3
2025-11-19T19:29:09+09:00,added,n15071008147a,m2788185b81a0
2025-11-19T19:29:09+09:00,added,n15071008147a,m26631bce74dd
2025-11-19T19:29:09+09:00,added,n15071008147a,ma7f0c5b5d76e
2025-11-19T19:29:09+09:00,added,n15071008147a,m279994ac37dd
2025-11-19T19:29:09+09:00,added,n15071008147a,m7f2990ab5a61
2025-11-19T19:29:09+09:00,added,n15071008147a,mcbee9243254d
2025-11-19T19:29:09+09:00,added,n15071008147a,mef3e6ed657c6
2025-11-19T19:29:09+09:00,added,n15071008147a,m72ba40851c43
2025-11-18T18:52:08+09:00,added,nd62c186ee481,me39940554e5a
2025-11-18T18:52:08+09:00,added,nd62c186ee481,m3ff81c0d23db
2025-11-18T18:52:08+09:00,added,nd62c186ee481,m2788185b81a0
2025-11-18T18:52:08+09:00,added,nd62c186ee481,m76b37a54b292
2025-11-18T18:52:08+09:00,added,nd62c186ee481,mae7d87e63b56
2025-11-18T18:52:08+09:00,added,nd62c186ee481,m7325f611df66
2025-11-18T18:52:08+09:00,added,nd62c186ee481,mfe68cbfb11da
2025-11-18T18:52:08+09:00,added,nd62c186ee481,m6d3400fb7014
2025-11-18T18:52:08+09:00,added,nd62c186ee481,m7f2990ab5a61
2025-11-17T20:46:39+09:00,added,n705a2a75ee22,mae7d87e63b56
2025-11-17T20:46:39+09:00,added,n705a2a75ee22,mdd702710eeb9
2025-11-17T20:46:39+09:00,added,n705a2a75ee22,m964508d0b1ad
2025-11-17T20:46:39+09:00,added,n705a2a75ee22,m7f2990ab5a61
2025-11-17T20:46:39+09:00,added,n705a2a75ee22,me39940554e5a
2025-11-17T20:46:39+09:00,added,n705a2a75ee22,m0f6484462f7f
2025-11-16T23:39:53+09:00,added,n5f2ff345950e,mae7d87e63b56
2025-11-16T23:39:53+09:00,added,n5f2ff345950e,m2788185b81a0
2025-11-16T23:39:53+09:00,added,n5f2ff345950e,m3ff81c0d23db
2025-11-16T23:39:53+09:00,added,n5f2ff345950e,m7325f611df66
2025-11-16T23:39:53+09:00,added,n5f2ff345950e,m5b27002b62d9
2025-11-15T15:41:01+09:00,added,n74754f456571,mcd9b664d59b6
2025-11-15T15:41:01+09:00,added,n74754f456571,mbda81785b82c
2025-11-15T15:41:01+09:00,added,n74754f456571,m26631bce74dd
2025-11-15T15:41:01+09:00,added,n74754f456571,m279994ac37dd
2025-11-15T15:41:01+09:00,added,n74754f456571,m4870f440d18d
2025-11-15T15:41:01+09:00,added,n74754f456571,m7f2990ab5a61
2025-11-15T15:41:01+09:00,added,n74754f456571,m7325f611df66
2025-11-14T17:33:17+09:00,added,n115e357b0886,m17f76b944423
2025-11-14T17:33:17+09:00,added,n115e357b0886,m23c1b65814a0
2025-11-14T17:33:17+09:00,added,n115e357b0886,m4d61d56ec539
2025-11-14T17:33:17+09:00,added,n115e357b0886,med9542fcf355
2025-11-13T17:44:32+09:00,added,n9a8d2d3cb01a,m2788185b81a0
2025-11-13T17:44:32+09:00,added,n9a8d2d3cb01a,mdd702710eeb9
2025-11-13T17:44:32+09:00,added,n9a8d2d3cb01a,m76b37a54b292
2025-11-13T17:44:32+09:00,added,n9a8d2d3cb01a,me39940554e5a
2025-11-13T17:44:32+09:00,added,n9a8d2d3cb01a,m2b8747d2fb88
2025-11-13T17:44:32+09:00,added,n9a8d2d3cb01a,m7325f611df66
2025-11-13T17:44:32+09:00,added,n9a8d2d3cb01a,m7f2990ab5a61
2025-11-13T17:44:32+09:00,added,n9a8d2d3cb01a,m2aedf61ec5aa
2025-11-13T17:44:32+09:00,added,n9a8d2d3cb01a,m26631bce74dd
2025-11-12T21:00:00+09:00,added,ne61d9ae8e0ef,m17f76b944423
2025-11-12T21:00:00+09:00,added,ne61d9ae8e0ef,mae7d87e63b56
2025-11-12T21:00:00+09:00,added,ne61d9ae8e0ef,m23c1b65814a0
2025-11-12T21:00:00+09:00,added,ne61d9ae8e0ef,ma9ff6f94a575
2025-11-12T21:00:00+09:00,added,ne61d9ae8e0ef,m4d61d56ec539
2025-11-11T20:20:38+09:00,added,n13b2cbf7ee8d,mae7d87e63b56
2025-11-11T20:20:38+09:00,added,n13b2cbf7ee8d,me39940554e5a
2025-11-11T20:20:38+09:00,added,n13b2cbf7ee8d,m3ff81c0d23db
2025-11-11T20:20:38+09:00,added,n13b2cbf7ee8d,m2788185b81a0
2025-11-11T20:20:38+09:00,added,n13b2cbf7ee8d,m2aedf61ec5aa
2025-11-11T20:20:38+09:00,added,n13b2cbf7ee8d,m26631bce74dd
2025-11-11T20:20:38+09:00,added,n13b2cbf7ee8d,m7325f611df66
2025-11-11T20:20:38+09:00,added,n13b2cbf7ee8d,m6e1826bba0d2
2025-11-11T20:20:38+09:00,added,n13b2cbf7ee8d,m8ef7277620f6
2025-11-11T20:20:38+09:00,added,n13b2cbf7ee8d,m8f50c2311d35
2025-11-11T20:20:38+09:00,added,n13b2cbf7ee8d,m7671a45aa910
2025-11-10T14:34:43+09:00,added,nc6fc72fb472a,me39940554e5a
2025-11-10T14:34:43+09:00,added,nc6fc72fb472a,m3ff81c0d23db
2025-11-10T14:34:43+09:00,added,nc6fc72fb472a,m2788185b81a0
2025-11-10T14:34:43+09:00,added,nc6fc72fb472a,mdd702710eeb9
2025-11-10T14:34:43+09:00,added,nc6fc72fb472a,m7325f611df66
2025-11-10T14:34:43+09:00,added,nc6fc72fb472a,m2aedf61ec5aa
2025-11-10T14:34:43+09:00,added,nc6fc72fb472a,m26631bce74dd
2025-11-10T14:34:43+09:00,added,nc6fc72fb472a,ma7f0c5b5d76e
2025-11-10T14:34:43+09:00,added,nc6fc72fb472a,m8f50c2311d35
2025-11-10T14:34:43+09:00,added,nc6fc72fb472a,m0f6484462f7f
2025-11-09T23:21:44+09:00,added,n0c55a12b67ea,m7f2990ab5a61
2025-11-08T20:36:28+09:00,added,ne4e3d9047fac,mae7d87e63b56
2025-11-08T20:36:28+09:00,added,ne4e3d9047fac,mcd9b664d59b6
2025-11-08T20:36:28+09:00,added,ne4e3d9047fac,m2aedf61ec5aa
2025-11-08T20:36:28+09:00,added,ne4e3d9047fac,m3d538212a7f5
2025-11-08T20:36:28+09:00,added,ne4e3d9047fac,m2788185b81a0
2025-11-08T20:36:28+09:00,added,ne4e3d9047fac,m89f139d9526d
2025-11-08T20:36:28+09:00,added,ne4e3d9047fac,m7325f611df66
2025-11-08T20:36:28+09:00,added,ne4e3d9047fac,m477950f031a4
2025-11-08T20:36:28+09:00,added,ne4e3d9047fac,m7f2990ab5a61
2025-11-07T11:27:43+09:00,added,n30e22adee7c1,m17f76b944423
2025-11-07T11:27:43+09:00,added,n30e22adee7c1,m23c1b65814a0
2025-11-07T11:27:43+09:00,added,n30e22adee7c1,me39940554e5a
2025-11-07T11:27:43+09:00,added,n30e22adee7c1,mae7d87e63b56
2025-11-07T11:27:43+09:00,added,n30e22adee7c1,m0f6484462f7f
2025-11-07T11:27:43+09:00,added,n30e22adee7c1,mf9eb5baf8361
2025-11-06T12:35:36+09:00,added,n8c4193b9a83b,m2788185b81a0
2025-11-06T12:35:36+09:00,added,n8c4193b9a83b,me40727335eb0
2025-11-06T12:35:36+09:00,added,n8c4193b9a83b,mae7d87e63b56
2025-11-06T12:35:36+09:00,added,n8c4193b9a83b,mdd702710eeb9
2025-11-06T12:35:36+09:00,added,n8c4193b9a83b,m2aedf61ec5aa
2025-11-06T12:35:36+09:00,added,n8c4193b9a83b,m26631bce74dd
2025-11-06T12:35:36+09:00,added,n8c4193b9a83b,m7325f611df66
2025-11-05T16:29:26+09:00,added,n958b2a19abe7,mae7d87e63b56
2025-11-05T16:29:26+09:00,added,n958b2a19abe7,m7325f611df66
2025-11-05T16:29:26+09:00,added,n958b2a19abe7,me39940554e5a
2025-11-05T16:29:26+09:00,added,n958b2a19abe7,m2aedf61ec5aa
2025-11-05T16:29:26+09:00,added,n958b2a19abe7,m26631bce74dd
2025-11-05T16:29:26+09:00,added,n958b2a19abe7,ma7f0c5b5d76e
2025-11-05T16:29:26+09:00,added,n958b2a19abe7,mdd702710eeb9
2025-11-05T16:29:26+09:00,added,n958b2a19abe7,mb33de64ba0f8
2025-11-05T16:29:26+09:00,added,n958b2a19abe7,m8f50c2311d35
2025-11-05T16:29:26+09:00,added,n958b2a19abe7,m7a21f46f35fa
2025-11-05T16:29:26+09:00,added,n958b2a19abe7,m0f6484462f7f
2025-11-04T14:29:37+09:00,added,n9ce0e412752b,m8eb046826032
2025-11-04T14:29:37+09:00,added,n9ce0e412752b,mae7d87e63b56
2025-11-04T14:29:37+09:00,added,n9ce0e412752b,m3ff81c0d23db
2025-11-04T14:29:37+09:00,added,n9ce0e412752b,m7325f611df66
2025-11-04T14:29:37+09:00,added,n9ce0e412752b,mdfcf232ad3c5
2025-11-04T14:29:37+09:00,added,n9ce0e412752b,m34fbc48bcda0
2025-11-04T14:29:37+09:00,added,n9ce0e412752b,mc3c452aad6f3
2025-11-03T17:32:19+09:00,added,n3c5a222bbdc0,m2aedf61ec5aa
2025-11-03T17:32:19+09:00,added,n3c5a222bbdc0,ma7f0c5b5d76e
2025-11-03T17:32:19+09:00,added,n3c5a222bbdc0,m26631bce74dd
2025-11-03T17:32:19+09:00,added,n3c5a222bbdc0,m3ff81c0d23db
2025-11-03T17:32:19+09:00,added,n3c5a222bbdc0,mae7d87e63b56
2025-11-03T17:32:19+09:00,added,n3c5a222bbdc0,m7325f611df66
2025-11-03T17:32:19+09:00,added,n3c5a222bbdc0,m0f6484462f7f
2025-11-02T14:38:07+09:00,added,n4c0b641a9ca7,m8f50c2311d35
2025-11-02T14:38:07+09:00,added,n4c0b641a9ca7,mae7d87e63b56
2025-11-02T14:38:07+09:00,added,n4c0b641a9ca7,mdd702710eeb9
2025-11-02T14:38:07+09:00,added,n4c0b641a9ca7,m2788185b81a0
2025-11-02T14:38:07+09:00,added,n4c0b641a9ca7,mc3c452aad6f3
2025-11-02T14:38:07+09:00,added,n4c0b641a9ca7,m7325f611df66
2025-11-02T14:38:07+09:00,added,n4c0b641a9ca7,m0f6484462f7f
2025-11-01T10:47:52+09:00,added,n5967aa85fd75,m2788185b81a0
2025-11-01T10:47:52+09:00,added,n5967aa85fd75,mae7d87e63b56
2025-11-01T10:47:52+09:00,added,n5967aa85fd75,mcd9b664d59b6
2025-11-01T10:47:52+09:00,added,n5967aa85fd75,mdfcf232ad3c5
2025-11-01T10:47:52+09:00,added,n5967aa85fd75,m7325f611df66
2025-11-01T10:47:52+09:00,added,n5967aa85fd75,m8f50c2311d35
2025-11-01T10:47:52+09:00,added,n5967aa85fd75,mc3c452aad6f3
2025-11-01T10:47:52+09:00,added,n5967aa85fd75,m2aedf61ec5aa
2025-11-01T10:47:52+09:00,added,n5967aa85fd75,m3d538212a7f5
2025-11-01T10:47:52+09:00,added,n5967aa85fd75,m26631bce74dd
2025-10-31T13:55:51+09:00,added,ned10d1f212f2,m23c1b65814a0
2025-10-31T13:55:51+09:00,added,ned10d1f212f2,mebdd70aa07e1
2025-10-31T13:55:51+09:00,added,ned10d1f212f2,mad0dcca8d03e
2025-10-31T13:55:51+09:00,added,ned10d1f212f2,mae7d87e63b56
2025-10-31T13:55:51+09:00,added,ned10d1f212f2,m17f76b944423
2025-10-31T13:55:51+09:00,added,ned10d1f212f2,m18c09c59705e
2025-10-31T13:55:51+09:00,added,ned10d1f212f2,m1be7ce2dd479
2025-10-31T13:55:51+09:00,added,ned10d1f212f2,m09b16643c1cf
2025-10-31T13:55:51+09:00,added,ned10d1f212f2,m0102f820d986
2025-10-31T13:55:51+09:00,added,ned10d1f212f2,mf9eb5baf8361
2025-10-31T13:55:51+09:00,added,ned10d1f212f2,m723b7a89cb2f
2025-10-30T10:14:05+09:00,added,n825d5d8e444b,mae7d87e63b56
2025-10-30T10:14:05+09:00,added,n825d5d8e444b,m8f50c2311d35
2025-10-30T10:14:05+09:00,added,n825d5d8e444b,mc3c452aad6f3
2025-10-30T10:14:05+09:00,added,n825d5d8e444b,mdd702710eeb9
2025-10-30T10:14:05+09:00,added,n825d5d8e444b,m9b48174e163a
2025-10-30T10:14:05+09:00,added,n825d5d8e444b,m2aedf61ec5aa
2025-10-30T10:14:05+09:00,added,n825d5d8e444b,m6f829c4b85b6
2025-10-30T10:14:05+09:00,added,n825d5d8e444b,m26631bce74dd
2025-10-30T10:14:05+09:00,added,n825d5d8e444b,m7325f611df66
2025-10-30T10:14:05+09:00,added,n825d5d8e444b,m8eb046826032
2025-10-30T10:14:05+09:00,added,n825d5d8e444b,mb14c27a56b5e
2025-10-29T20:30:20+09:00,added,n0f6a0f063c59,mae7d87e63b56
2025-10-29T20:30:20+09:00,added,n0f6a0f063c59,me39940554e5a
2025-10-29T20:30:20+09:00,added,n0f6a0f063c59,m2b8747d2fb88
2025-10-29T20:30:20+09:00,added,n0f6a0f063c59,m87f25c8ab4b1
2025-10-29T20:30:20+09:00,added,n0f6a0f063c59,m9b48174e163a
2025-10-29T20:30:20+09:00,added,n0f6a0f063c59,mc3c452aad6f3
2025-10-29T20:30:20+09:00,added,n0f6a0f063c59,m7f2990ab5a61
2025-10-29T20:30:20+09:00,added,n0f6a0f063c59,m26631bce74dd
2025-10-29T20:30:20+09:00,added,n0f6a0f063c59,mdd702710eeb9
2025-10-28T15:23:26+09:00,added,n1bacdd612743,mae7d87e63b56
2025-10-28T15:23:26+09:00,added,n1bacdd612743,m0f6484462f7f
2025-10-28T15:23:26+09:00,added,n1bacdd612743,m3ff81c0d23db
2025-10-28T15:23:26+09:00,added,n1bacdd612743,m7f2990ab5a61
2025-10-28T15:23:26+09:00,added,n1bacdd612743,m7325f611df66
2025-10-27T18:04:03+09:00,added,n18afb0f0dd3e,mdd702710eeb9
2025-10-27T18:04:03+09:00,added,n18afb0f0dd3e,mae7d87e63b56
2025-10-27T18:04:03+09:00,added,n18afb0f0dd3e,m7325f611df66
2025-10-27T18:04:03+09:00,added,n18afb0f0dd3e,m2aedf61ec5aa
2025-10-27T18:04:03+09:00,added,n18afb0f0dd3e,m6f829c4b85b6
2025-10-27T18:04:03+09:00,added,n18afb0f0dd3e,m279994ac37dd
2025-10-26T23:22:29+09:00,added,nd07747bcccb8,m17f76b944423
2025-10-26T23:22:29+09:00,added,nd07747bcccb8,m8f50c2311d35
2025-10-26T23:22:29+09:00,added,nd07747bcccb8,mae7d87e63b56
2025-10-26T23:22:29+09:00,added,nd07747bcccb8,m23c1b65814a0
2025-10-25T18:59:30+09:00,added,n42e2a55ca087,mae7d87e63b56
2025-10-25T18:59:30+09:00,added,n42e2a55ca087,m2788185b81a0
2025-10-25T18:59:30+09:00,added,n42e2a55ca087,m7325f611df66
2025-10-24T14:35:12+09:00,added,n375c3759c00d,m8f50c2311d35
2025-10-24T14:35:12+09:00,added,n375c3759c00d,m37c9e29c3646
2025-10-24T14:35:12+09:00,added,n375c3759c00d,m76ca3b4f2264
2025-10-24T14:35:12+09:00,added,n375c3759c00d,m0f6484462f7f
2025-10-24T14:35:12+09:00,added,n375c3759c00d,m7325f611df66
2025-10-24T14:35:12+09:00,added,n375c3759c00d,mcd9b664d59b6
2025-10-24T14:35:12+09:00,added,n375c3759c00d,ma2915e23456d
2025-10-24T14:35:12+09:00,added,n375c3759c00d,m3d538212a7f5
2025-10-24T14:35:12+09:00,added,n375c3759c00d,m2aedf61ec5aa
2025-10-23T12:44:29+09:00,added,n214255c6ab42,mae7d87e63b56
2025-10-23T12:44:29+09:00,added,n214255c6ab42,m2b8747d2fb88
2025-10-23T12:44:29+09:00,added,n214255c6ab42,m7f2990ab5a61
2025-10-23T12:44:29+09:00,added,n214255c6ab42,m7325f611df66
2025-10-23T12:44:29+09:00,added,n214255c6ab42,m53a3c3b5d431
2025-10-23T12:44:29+09:00,added,n214255c6ab42,m0f6484462f7f
2025-10-22T13:28:25+09:00,added,n3af08324bf26,m9b48174e163a
2025-10-22T13:28:25+09:00,added,n3af08324bf26,m248ca3ee7087
2025-10-22T13:28:25+09:00,added,n3af08324bf26,mae7d87e63b56
2025-10-22T13:28:25+09:00,added,n3af08324bf26,m0f6484462f7f
2025-10-22T13:28:25+09:00,added,n3af08324bf26,m7325f611df66
2025-10-22T13:28:25+09:00,added,n3af08324bf26,m2788185b81a0
2025-10-22T13:28:25+09:00,added,n3af08324bf26,m8f50c2311d35
2025-10-22T13:28:25+09:00,added,n3af08324bf26,mdd702710eeb9
2025-10-21T21:52:35+09:00,added,ndb83a7078b74,mae7d87e63b56
2025-10-21T21:52:35+09:00,added,ndb83a7078b74,m17f76b944423
2025-10-21T21:52:35+09:00,added,ndb83a7078b74,m0b66fe3b8224
2025-10-21T21:52:35+09:00,added,ndb83a7078b74,m5a628c3625e1
2025-10-20T23:03:01+09:00,added,n1bbffee249d1,mae7d87e63b56
2025-10-20T23:03:01+09:00,added,n1bbffee249d1,m23c1b65814a0
2025-10-20T23:03:01+09:00,added,n1bbffee249d1,m17f76b944423
2025-10-20T23:03:01+09:00,added,n1bbffee249d1,m0f6484462f7f
2025-10-20T23:03:01+09:00,added,n1bbffee249d1,m5a628c3625e1
2025-10-20T23:03:01+09:00,added,n1bbffee249d1,m0b66fe3b8224
2025-10-20T23:03:01+09:00,added,n1bbffee249d1,mf9eb5baf8361
2025-10-19T23:09:16+09:00,added,n0f142362d071,m248ca3ee7087
2025-10-19T23:09:16+09:00,added,n0f142362d071,mdd702710eeb9
2025-10-19T23:09:16+09:00,added,n0f142362d071,m2788185b81a0
2025-10-19T23:09:16+09:00,added,n0f142362d071,ma7f0c5b5d76e
2025-10-19T23:09:16+09:00,added,n0f142362d071,m2aedf61ec5aa
2025-10-19T23:09:16+09:00,added,n0f142362d071,m7f2990ab5a61
2025-10-19T23:09:16+09:00,added,n0f142362d071,m8f50c2311d35
2025-10-19T23:09:16+09:00,added,n0f142362d071,m7325f611df66
2025-10-19T23:09:16+09:00,added,n0f142362d071,m0f6484462f7f
2025-10-19T23:09:16+09:00,added,n0f142362d071,m0b66fe3b8224
2025-10-18T21:10:05+09:00,added,n5ed6ff60f100,mc3c452aad6f3
2025-10-18T21:10:05+09:00,added,n5ed6ff60f100,m12bca60df35e
2025-10-18T21:10:05+09:00,added,n5ed6ff60f100,m66f88f0e5afe
2025-10-18T21:10:05+09:00,added,n5ed6ff60f100,mcd9b664d59b6
2025-10-18T21:10:05+09:00,added,n5ed6ff60f100,m8f50c2311d35
2025-10-18T21:10:05+09:00,added,n5ed6ff60f100,m7325f611df66
2025-10-18T21:10:05+09:00,added,n5ed6ff60f100,mffc0479cbf81
2025-10-18T21:10:05+09:00,added,n5ed6ff60f100,m0f6484462f7f
2025-10-17T21:05:32+09:00,added,nd3297a3cf083,mf98aa7fee184
2025-10-17T21:05:32+09:00,added,nd3297a3cf083,mae7d87e63b56
2025-10-17T21:05:32+09:00,added,nd3297a3cf083,mbda81785b82c
2025-10-17T21:05:32+09:00,added,nd3297a3cf083,ma7f0c5b5d76e
2025-10-17T21:05:32+09:00,added,nd3297a3cf083,m2788185b81a0
2025-10-17T21:05:32+09:00,added,nd3297a3cf083,m7325f611df66
2025-10-17T21:05:32+09:00,added,nd3297a3cf083,m26631bce74dd
2025-10-17T21:05:32+09:00,added,nd3297a3cf083,m0f6484462f7f
2025-10-16T14:16:59+09:00,added,n6ac327ffa14c,m248ca3ee7087
2025-10-16T14:16:59+09:00,added,n6ac327ffa14c,mae7d87e63b56
2025-10-16T14:16:59+09:00,added,n6ac327ffa14c,ma7f0c5b5d76e
2025-10-16T14:16:59+09:00,added,n6ac327ffa14c,m2aedf61ec5aa
2025-10-16T14:16:59+09:00,added,n6ac327ffa14c,m26631bce74dd
2025-10-16T14:16:59+09:00,added,n6ac327ffa14c,m2788185b81a0
2025-10-16T14:16:59+09:00,added,n6ac327ffa14c,m7325f611df66
2025-10-16T14:16:59+09:00,added,n6ac327ffa14c,m0f6484462f7f
2025-10-16T14:16:59+09:00,added,n6ac327ffa14c,m705da111376e
2025-10-15T20:16:29+09:00,added,nd744a7ae2150,m2788185b81a0
2025-10-15T20:16:29+09:00,added,nd744a7ae2150,mae7d87e63b56
2025-10-15T20:16:29+09:00,added,nd744a7ae2150,me39940554e5a
2025-10-15T20:16:29+09:00,added,nd744a7ae2150,m7325f611df66
2025-10-15T20:16:29+09:00,added,nd744a7ae2150,m2aedf61ec5aa
2025-10-15T20:16:29+09:00,added,nd744a7ae2150,m26631bce74dd
2025-10-15T20:16:29+09:00,added,nd744a7ae2150,m279994ac37dd
2025-10-15T20:16:29+09:00,added,nd744a7ae2150,md5a7d5d7534c
2025-10-15T20:16:29+09:00,added,nd744a7ae2150,m7f2990ab5a61
2025-10-15T20:16:29+09:00,added,nd744a7ae2150,m8f50c2311d35
2025-10-14T20:18:12+09:00,added,ne9d32b5585f7,m0f6484462f7f
2025-10-14T20:18:12+09:00,added,ne9d32b5585f7,mae7d87e63b56
2025-10-14T20:18:12+09:00,added,ne9d32b5585f7,m248ca3ee7087
2025-10-14T20:18:12+09:00,added,ne9d32b5585f7,m2788185b81a0
2025-10-13T22:25:33+09:00,added,n9ba164e1dd62,mae7d87e63b56
2025-10-13T22:25:33+09:00,added,n9ba164e1dd62,m61f125c2bd91
2025-10-13T22:25:33+09:00,added,n9ba164e1dd62,m3ff81c0d23db
2025-10-13T22:25:33+09:00,added,n9ba164e1dd62,m5bdd94e01dac
2025-10-13T22:25:33+09:00,added,n9ba164e1dd62,m7325f611df66
2025-10-13T22:25:33+09:00,added,n9ba164e1dd62,mfe68cbfb11da
2025-10-13T22:25:33+09:00,added,n9ba164e1dd62,mdd702710eeb9
2025-10-12T22:59:50+09:00,added,nc11e174c4b40,me39940554e5a
2025-10-12T22:59:50+09:00,added,nc11e174c4b40,mae7d87e63b56
2025-10-12T22:59:50+09:00,added,nc11e174c4b40,m7325f611df66
2025-10-11T23:21:45+09:00,added,nde49264b9b6f,m23c1b65814a0
2025-10-11T23:21:45+09:00,added,nde49264b9b6f,mad0dcca8d03e
2025-10-11T23:21:45+09:00,added,nde49264b9b6f,m17f76b944423
2025-10-11T23:21:45+09:00,added,nde49264b9b6f,m0f6484462f7f
2025-10-11T23:21:45+09:00,added,nde49264b9b6f,mf9eb5baf8361
2025-10-10T11:56:40+09:00,added,nec571fa98694,mae7d87e63b56
2025-10-10T11:56:40+09:00,added,nec571fa98694,m26631bce74dd
2025-10-10T11:56:40+09:00,added,nec571fa98694,m6ac6eb7349a2
2025-10-10T11:56:40+09:00,added,nec571fa98694,m7325f611df66
2025-10-09T12:06:01+09:00,added,n134601b57dbd,mae7d87e63b56
2025-10-09T12:06:01+09:00,added,n134601b57dbd,m7325f611df66
2025-10-08T13:16:32+09:00,added,n2bb80e7a56c1,mae7d87e63b56
2025-10-08T13:16:32+09:00,added,n2bb80e7a56c1,m7325f611df66
2025-10-08T13:16:32+09:00,added,n2bb80e7a56c1,m3ff81c0d23db
2025-10-08T13:16:32+09:00,added,n2bb80e7a56c1,m26631bce74dd
2025-10-08T13:16:32+09:00,added,n2bb80e7a56c1,mdfcf232ad3c5
2025-10-07T16:58:44+09:00,added,nf828cc1f10fc,mae7d87e63b56
2025-10-07T16:58:44+09:00,added,nf828cc1f10fc,m7325f611df66
2025-10-07T16:58:44+09:00,added,nf828cc1f10fc,m26631bce74dd
2025-10-07T16:58:44+09:00,added,nf828cc1f10fc,m6ac6eb7349a2
2025-10-07T16:58:44+09:00,added,nf828cc1f10fc,m7f2990ab5a61
2025-10-07T16:58:44+09:00,added,nf828cc1f10fc,m8f50c2311d35
2025-10-07T16:58:44+09:00,added,nf828cc1f10fc,m6c5cdd58c0b9
2025-10-07T16:58:44+09:00,added,nf828cc1f10fc,m5bdd94e01dac
2025-10-06T18:07:16+09:00,added,nc7d631313d66,m7325f611df66
2025-10-06T18:07:16+09:00,added,nc7d631313d66,mae7d87e63b56
2025-10-05T22:14:46+09:00,added,nffd2e23c0871,mc6b9890b3102
2025-10-05T22:14:46+09:00,added,nffd2e23c0871,m17f76b944423
2025-10-05T22:14:46+09:00,added,nffd2e23c0871,mf9eb5baf8361
2025-10-04T22:56:21+09:00,added,nb1425482f6a3,mae7d87e63b56
2025-10-04T22:56:21+09:00,added,nb1425482f6a3,m6ac6eb7349a2
2025-10-04T22:56:21+09:00,added,nb1425482f6a3,m7325f611df66
2025-10-04T22:56:21+09:00,added,nb1425482f6a3,mf98aa7fee184
2025-10-04T22:56:21+09:00,added,nb1425482f6a3,m8f50c2311d35
2025-10-03T21:13:25+09:00,added,n6334ef73b4ff,m279994ac37dd
2025-10-03T21:13:25+09:00,added,n6334ef73b4ff,mae7d87e63b56
2025-10-03T21:13:25+09:00,added,n6334ef73b4ff,m8f50c2311d35
2025-10-03T21:13:25+09:00,added,n6334ef73b4ff,md5a7d5d7534c
2025-10-03T21:13:25+09:00,added,n6334ef73b4ff,m0f6484462f7f
2025-10-03T21:13:25+09:00,added,n6334ef73b4ff,mfa83d1c86676
2025-10-03T21:13:25+09:00,added,n6334ef73b4ff,m5bdd94e01dac
2025-10-03T21:13:25+09:00,added,n6334ef73b4ff,ma7f0c5b5d76e
2025-10-03T21:13:25+09:00,added,n6334ef73b4ff,m26631bce74dd
2025-10-02T13:25:15+09:00,added,n70721ec459db,m5bdd94e01dac
2025-10-02T13:25:15+09:00,added,n70721ec459db,m0f6484462f7f
2025-10-02T13:25:15+09:00,added,n70721ec459db,med9542fcf355
2025-10-02T13:25:15+09:00,added,n70721ec459db,m26631bce74dd
2025-10-02T13:25:15+09:00,added,n70721ec459db,m7325f611df66
2025-10-01T22:13:55+09:00,added,n45e8c92df922,m26631bce74dd
2025-10-01T22:13:55+09:00,added,n45e8c92df922,m5bdd94e01dac
2025-10-01T22:13:55+09:00,added,n45e8c92df922,m0f6484462f7f
2025-10-01T22:13:55+09:00,added,n45e8c92df922,m7325f611df66
2025-10-01T22:13:55+09:00,added,n45e8c92df922,m72ba40851c43
2025-09-30T22:04:35+09:00,added,ncaf80b6400f1,mae7d87e63b56
2025-09-30T22:04:35+09:00,added,ncaf80b6400f1,m7325f611df66
2025-09-29T20:46:17+09:00,added,ne5314e17103f,mae7d87e63b56
2025-09-29T20:46:17+09:00,added,ne5314e17103f,m37c9e29c3646
2025-09-29T20:46:17+09:00,added,ne5314e17103f,m26631bce74dd
2025-09-29T20:46:17+09:00,added,ne5314e17103f,mcbee9243254d
2025-09-29T20:46:17+09:00,added,ne5314e17103f,m0f6484462f7f
2025-09-29T20:46:17+09:00,added,ne5314e17103f,m7325f611df66
2025-09-28T10:52:20+09:00,added,n4c105591898e,m3ff81c0d23db
2025-09-28T10:52:20+09:00,added,n4c105591898e,m7325f611df66
2025-09-28T10:52:20+09:00,added,n4c105591898e,m5bdd94e01dac
2025-09-28T10:52:20+09:00,added,n4c105591898e,m477950f031a4
2025-09-28T10:52:20+09:00,added,n4c105591898e,mcbee9243254d
2025-09-25T23:07:02+09:00,added,nfb2243c752a8,mf98aa7fee184
2025-09-25T23:07:02+09:00,added,nfb2243c752a8,m8f50c2311d35
2025-09-25T23:07:02+09:00,added,nfb2243c752a8,mae7d87e63b56
2025-09-25T23:07:02+09:00,added,nfb2243c752a8,m23c1b65814a0
2025-09-25T23:07:02+09:00,added,nfb2243c752a8,mad0dcca8d03e
2025-09-25T23:07:02+09:00,added,nfb2243c752a8,mc6b9890b3102
2025-09-25T23:07:02+09:00,added,nfb2243c752a8,m0f6484462f7f
2025-09-25T23:07:02+09:00,added,nfb2243c752a8,m17f76b944423
2025-09-25T23:07:02+09:00,added,nfb2243c752a8,mdb362d43e1a9
2025-09-25T23:07:02+09:00,added,nfb2243c752a8,m09b16643c1cf
2025-09-25T23:07:02+09:00,added,nfb2243c752a8,m18c09c59705e
2025-09-25T23:07:02+09:00,added,nfb2243c752a8,m1be7ce2dd479
2025-09-25T23:07:02+09:00,added,nfb2243c752a8,m0102f820d986
2025-09-25T23:07:02+09:00,added,nfb2243c752a8,mf9eb5baf8361
2025-09-25T12:55:59+09:00,added,n19010751eec0,mae7d87e63b56
2025-09-25T12:55:59+09:00,added,n19010751eec0,m3ff81c0d23db
2025-09-25T12:55:59+09:00,added,n19010751eec0,m0f6484462f7f
2025-09-25T12:55:59+09:00,added,n19010751eec0,m7325f611df66
2025-09-24T13:18:42+09:00,added,n5558a4acf48b,m3ff81c0d23db
2025-09-24T13:18:42+09:00,added,n5558a4acf48b,mae7d87e63b56
2025-09-24T13:18:42+09:00,added,n5558a4acf48b,m0f6484462f7f
2025-09-24T13:18:42+09:00,added,n5558a4acf48b,m7325f611df66
2025-09-24T13:18:42+09:00,added,n5558a4acf48b,m279994ac37dd
2025-09-22T13:24:15+09:00,added,n7f80a6aafb3c,m0f6484462f7f
2025-09-22T13:24:15+09:00,added,n7f80a6aafb3c,mae7d87e63b56
2025-09-22T13:24:15+09:00,added,n7f80a6aafb3c,m75cf56291294
2025-09-22T13:24:15+09:00,added,n7f80a6aafb3c,m7325f611df66
2025-09-22T13:24:15+09:00,added,n7f80a6aafb3c,ma7f0c5b5d76e
2025-09-22T13:24:15+09:00,added,n7f80a6aafb3c,m26631bce74dd
2025-09-22T13:24:15+09:00,added,n7f80a6aafb3c,mcbee9243254d
2025-09-22T13:24:15+09:00,added,n7f80a6aafb3c,m238247043515
2025-09-22T13:24:15+09:00,added,n7f80a6aafb3c,m2e845295178e
2025-09-19T20:42:37+09:00,added,n39e0e0e51002,mae7d87e63b56
2025-09-19T20:42:37+09:00,added,n39e0e0e51002,m26631bce74dd
2025-09-19T20:42:37+09:00,added,n39e0e0e51002,m7325f611df66
2025-09-19T20:42:37+09:00,added,n39e0e0e51002,me39940554e5a
2025-09-18T20:41:04+09:00,added,n5ba92d87b1fe,mae7d87e63b56
2025-09-18T20:41:04+09:00,added,n5ba92d87b1fe,mc3c452aad6f3
2025-09-18T20:41:04+09:00,added,n5ba92d87b1fe,mc6b9890b3102
2025-09-18T20:41:04+09:00,added,n5ba92d87b1fe,m8f50c2311d35
2025-09-18T20:41:04+09:00,added,n5ba92d87b1fe,m0f6484462f7f
2025-09-18T20:41:04+09:00,added,n5ba92d87b1fe,m17f76b944423
2025-09-18T20:41:04+09:00,added,n5ba92d87b1fe,m0b66fe3b8224
2025-09-18T20:41:04+09:00,added,n5ba92d87b1fe,m5a628c3625e1
2025-09-17T19:29:39+09:00,added,nefdc1f139512,mae7d87e63b56
2025-09-17T19:29:39+09:00,added,nefdc1f139512,m3ff81c0d23db
2025-09-17T19:29:39+09:00,added,nefdc1f139512,mc3c452aad6f3
2025-09-17T19:29:39+09:00,added,nefdc1f139512,m0f6484462f7f
2025-09-17T19:29:39+09:00,added,nefdc1f139512,m7325f611df66
2025-09-17T19:29:39+09:00,added,nefdc1f139512,m26631bce74dd
2025-09-15T14:10:36+09:00,added,nb5da8a17e6de,m9b48174e163a
2025-09-15T14:10:36+09:00,added,nb5da8a17e6de,mae7d87e63b56
2025-09-15T14:10:36+09:00,added,nb5da8a17e6de,m0f6484462f7f
2025-09-15T14:10:36+09:00,added,nb5da8a17e6de,m3ff81c0d23db
2025-09-15T14:10:36+09:00,added,nb5da8a17e6de,m26631bce74dd
2025-09-15T14:10:36+09:00,added,nb5da8a17e6de,m7325f611df66
2025-09-10T23:31:46+09:00,added,n5699cadb5d5c,m8531e02a2f58
2025-09-10T23:31:46+09:00,added,n5699cadb5d5c,m23c1b65814a0
2025-09-10T23:31:46+09:00,added,n5699cadb5d5c,mc6b9890b3102
2025-09-10T23:31:46+09:00,added,n5699cadb5d5c,m17f76b944423
2025-09-10T23:31:46+09:00,added,n5699cadb5d5c,m0b66fe3b8224
2025-09-10T23:31:46+09:00,added,n5699cadb5d5c,m5a628c3625e1
2025-09-10T23:31:46+09:00,added,n5699cadb5d5c,m0988ee24cf93
2025-09-10T23:31:46+09:00,added,n5699cadb5d5c,mf9eb5baf8361
2025-09-08T20:18:37+09:00,added,n497b0cf1ec32,mae7d87e63b56
2025-09-08T20:18:37+09:00,added,n497b0cf1ec32,m7f2990ab5a61
2025-09-08T20:18:37+09:00,added,n497b0cf1ec32,m8f50c2311d35
2025-09-08T20:18:37+09:00,added,n497b0cf1ec32,m0f6484462f7f
2025-09-08T20:18:37+09:00,added,n497b0cf1ec32,m87f25c8ab4b1
2025-09-08T20:18:37+09:00,added,n497b0cf1ec32,mdfcf232ad3c5
2025-09-08T20:18:37+09:00,added,n497b0cf1ec32,m26631bce74dd
2025-09-08T20:18:37+09:00,added,n497b0cf1ec32,m7325f611df66
2025-09-08T20:18:37+09:00,added,n497b0cf1ec32,mafe9c4784c53
2025-09-08T20:18:37+09:00,added,n497b0cf1ec32,maa8108576a39
2025-09-08T20:18:37+09:00,added,n497b0cf1ec32,mdd702710eeb9
2025-09-05T13:38:12+09:00,added,n4960b0e988ed,m0f6484462f7f
2025-09-05T13:38:12+09:00,added,n4960b0e988ed,m7325f611df66
2025-09-05T13:38:12+09:00,added,n4960b0e988ed,m26631bce74dd
2025-09-02T22:06:48+09:00,added,n28c1574ec01f,mae7d87e63b56
2025-09-02T22:06:48+09:00,added,n28c1574ec01f,m3ff81c0d23db
2025-09-02T22:06:48+09:00,added,n28c1574ec01f,m0f6484462f7f
2025-09-02T22:06:48+09:00,added,n28c1574ec01f,m9d62c4a809ea
2025-09-02T22:06:48+09:00,added,n28c1574ec01f,m26631bce74dd
2025-09-02T22:06:48+09:00,added,n28c1574ec01f,m7325f611df66
2025-09-02T22:06:48+09:00,added,n28c1574ec01f,m7f2990ab5a61
2025-09-02T22:06:48+09:00,added,n28c1574ec01f,m0988ee24cf93
2025-09-01T11:33:10+09:00,added,nf61677b73123,mae7d87e63b56
2025-09-01T11:33:10+09:00,added,nf61677b73123,m3ff81c0d23db
2025-09-01T11:33:10+09:00,added,nf61677b73123,m0f6484462f7f
2025-09-01T11:33:10+09:00,added,nf61677b73123,m7325f611df66
2025-09-01T11:33:10+09:00,added,nf61677b73123,m7f2990ab5a61
2025-09-01T11:33:10+09:00,added,nf61677b73123,m8f50c2311d35
2025-09-01T11:33:10+09:00,added,nf61677b73123,m26631bce74dd
2025-09-01T11:33:10+09:00,added,nf61677b73123,m72ba40851c43
2025-09-01T11:33:10+09:00,added,nf61677b73123,m0988ee24cf93
2025-09-01T11:33:10+09:00,added,nf61677b73123,m2e845295178e
2025-08-29T17:22:02+09:00,added,n97746e7e5893,m2b8747d2fb88
2025-08-29T17:22:02+09:00,added,n97746e7e5893,m3ff81c0d23db
2025-08-29T17:22:02+09:00,added,n97746e7e5893,m0f6484462f7f
2025-08-29T17:22:02+09:00,added,n97746e7e5893,m8f50c2311d35
2025-08-29T17:22:02+09:00,added,n97746e7e5893,mdfcf232ad3c5
2025-08-29T17:22:02+09:00,added,n97746e7e5893,m7325f611df66
2025-08-29T17:22:02+09:00,added,n97746e7e5893,m26631bce74dd
2025-08-29T17:22:02+09:00,added,n97746e7e5893,m9b48174e163a
2025-08-29T17:22:02+09:00,added,n97746e7e5893,m0988ee24cf93
2025-08-28T20:07:15+09:00,added,n990df38aab54,m0f6484462f7f
2025-08-28T20:07:15+09:00,added,n990df38aab54,m3d9ca088d1fb
2025-08-28T20:07:15+09:00,added,n990df38aab54,m26631bce74dd
2025-08-28T20:07:15+09:00,added,n990df38aab54,m0988ee24cf93
2025-08-26T21:46:05+09:00,added,n33e3c3863799,m0f6484462f7f
2025-08-26T21:46:05+09:00,added,n33e3c3863799,m3ff81c0d23db
2025-08-26T21:46:05+09:00,added,n33e3c3863799,mfe68cbfb11da
2025-08-26T21:46:05+09:00,added,n33e3c3863799,m5e54fbcf6675
2025-08-26T21:46:05+09:00,added,n33e3c3863799,m4234ae309a43
2025-08-26T21:46:05+09:00,added,n33e3c3863799,m7325f611df66
2025-08-25T20:09:59+09:00,added,nbbc01ede8c5f,m8f50c2311d35
2025-08-25T20:09:59+09:00,added,nbbc01ede8c5f,m0f6484462f7f
2025-08-25T20:09:59+09:00,added,nbbc01ede8c5f,m7325f611df66
2025-08-25T20:09:59+09:00,added,nbbc01ede8c5f,m26631bce74dd
2025-08-22T22:41:19+09:00,added,n5338b03653c8,m7325f611df66
2025-08-22T22:41:19+09:00,added,n5338b03653c8,m0f6484462f7f
2025-08-22T22:41:19+09:00,added,n5338b03653c8,md5a7d5d7534c
2025-08-22T22:41:19+09:00,added,n5338b03653c8,m2b8747d2fb88
2025-08-22T22:41:19+09:00,added,n5338b03653c8,mcd9b664d59b6
2025-08-22T22:41:19+09:00,added,n5338b03653c8,m5e54fbcf6675
2025-08-22T22:41:19+09:00,added,n5338b03653c8,m3d538212a7f5
2025-08-22T12:30:56+09:00,added,n234a5c45f0a9,m5e54fbcf6675
2025-08-22T12:30:56+09:00,added,n234a5c45f0a9,m7325f611df66
2025-08-22T12:30:56+09:00,added,n234a5c45f0a9,m0f6484462f7f
2025-08-21T16:01:32+09:00,added,na701d82a6f74,m97203b1ad97c
2025-08-21T16:01:32+09:00,added,na701d82a6f74,m8f50c2311d35
2025-08-21T16:01:32+09:00,added,na701d82a6f74,ma7f0c5b5d76e
2025-08-21T16:01:32+09:00,added,na701d82a6f74,m7325f611df66
2025-08-21T16:01:32+09:00,added,na701d82a6f74,m26631bce74dd
2025-08-21T16:01:32+09:00,added,na701d82a6f74,m71579a6f4222
2025-08-21T16:01:32+09:00,added,na701d82a6f74,m5bdd94e01dac
2025-08-21T16:01:32+09:00,added,na701d82a6f74,m0f6484462f7f
2025-08-21T16:01:32+09:00,added,na701d82a6f74,m366756297795
2025-08-21T16:01:32+09:00,added,na701d82a6f74,m12d57af300cb
2025-08-21T16:01:32+09:00,added,na701d82a6f74,m1b3a3421c2e3
2025-08-21T16:01:32+09:00,added,na701d82a6f74,mdac3bfb67e3e
2025-08-21T16:01:32+09:00,added,na701d82a6f74,m5c5502053c08
2025-08-21T16:01:32+09:00,added,na701d82a6f74,m2aedf61ec5aa
2025-08-21T16:01:32+09:00,added,na701d82a6f74,mffc0479cbf81
2025-08-21T16:01:32+09:00,added,na701d82a6f74,m72ba40851c43
2025-08-21T16:01:32+09:00,added,na701d82a6f74,mf873a03abe79
2025-08-21T16:01:32+09:00,added,na701d82a6f74,me39940554e5a
2025-08-21T16:01:32+09:00,added,na701d82a6f74,mdd702710eeb9
2025-08-21T16:01:32+09:00,added,na701d82a6f74,m5e73b64286c2
2025-08-21T16:01:32+09:00,added,na701d82a6f74,m155f8fdb5ab9
2025-08-21T16:01:32+09:00,added,na701d82a6f74,mcbee9243254d
2025-08-21T16:01:32+09:00,added,na701d82a6f74,m0ae9e4d38d7d
2025-08-21T16:01:32+09:00,added,na701d82a6f74,mfc9d03c23504
2025-08-20T21:26:16+09:00,added,n2ce80e40cd84,m0f6484462f7f
2025-08-20T21:26:16+09:00,added,n2ce80e40cd84,m12d57af300cb
2025-08-20T21:26:16+09:00,added,n2ce80e40cd84,mc6b9890b3102
2025-08-20T21:26:16+09:00,added,n2ce80e40cd84,me39940554e5a
2025-08-20T21:26:16+09:00,added,n2ce80e40cd84,m17f76b944423
2025-08-20T21:26:16+09:00,added,n2ce80e40cd84,mf9eb5baf8361
2025-08-14T13:57:23+09:00,added,n74866ab7d974,mae7d87e63b56
2025-08-14T13:57:23+09:00,added,n74866ab7d974,m8f50c2311d35
2025-08-14T13:57:23+09:00,added,n74866ab7d974,mcd9b664d59b6
2025-08-14T13:57:23+09:00,added,n74866ab7d974,m26631bce74dd
2025-08-14T13:57:23+09:00,added,n74866ab7d974,m0f6484462f7f
2025-08-14T13:57:23+09:00,added,n74866ab7d974,m5bdd94e01dac
2025-08-14T13:57:23+09:00,added,n74866ab7d974,m7325f611df66
2025-08-14T13:57:23+09:00,added,n74866ab7d974,m7f2990ab5a61
2025-08-14T13:57:23+09:00,added,n74866ab7d974,me0a7e3361736
2025-08-14T13:57:23+09:00,added,n74866ab7d974,m12d57af300cb
2025-08-14T13:57:23+09:00,added,n74866ab7d974,mcbee9243254d
2025-08-14T13:57:23+09:00,added,n74866ab7d974,m0988ee24cf93
2025-08-10T19:18:22+09:00,added,na9f7c9d979a7,mae7d87e63b56
2025-08-10T19:18:22+09:00,added,na9f7c9d979a7,m0f6484462f7f
2025-08-10T19:18:22+09:00,added,na9f7c9d979a7,m3ff81c0d23db
2025-08-10T19:18:22+09:00,added,na9f7c9d979a7,m7325f611df66
2025-08-10T19:18:22+09:00,added,na9f7c9d979a7,m5e54fbcf6675
2025-08-10T19:18:22+09:00,added,na9f7c9d979a7,m26631bce74dd
2025-08-10T19:18:22+09:00,added,na9f7c9d979a7,m5f5757e710dc
2025-08-10T19:18:22+09:00,added,na9f7c9d979a7,m12d57af300cb
2025-08-10T19:18:22+09:00,added,na9f7c9d979a7,mc2432d21c5bb
2025-08-10T19:18:22+09:00,added,na9f7c9d979a7,m0988ee24cf93
2025-08-08T01:35:37+09:00,added,nde9807976547,mae7d87e63b56
2025-08-08T01:35:37+09:00,added,nde9807976547,m4870f440d18d
2025-08-08T01:35:37+09:00,added,nde9807976547,m1bcbd19c17af
2025-08-08T01:35:37+09:00,added,nde9807976547,m0f6484462f7f
2025-08-08T01:35:37+09:00,added,nde9807976547,m26631bce74dd
2025-08-08T01:35:37+09:00,added,nde9807976547,mcd9b664d59b6
2025-08-08T01:35:37+09:00,added,nde9807976547,mdfcf232ad3c5
2025-08-08T01:35:37+09:00,added,nde9807976547,m7325f611df66
2025-08-08T01:35:37+09:00,added,nde9807976547,m12d57af300cb
2025-08-02T11:38:02+09:00,added,nceb115a43e7a,m5bdd94e01dac
2025-08-02T11:38:02+09:00,added,nceb115a43e7a,m7325f611df66
2025-07-30T13:52:58+09:00,added,nc0965c1a5747,mae7d87e63b56
2025-07-30T13:52:58+09:00,added,nc0965c1a5747,m26631bce74dd
2025-07-30T13:52:58+09:00,added,nc0965c1a5747,m7325f611df66
2025-07-28T20:39:25+09:00,added,n62715c625cc8,mae7d87e63b56
2025-07-28T20:39:25+09:00,added,n62715c625cc8,m8f50c2311d35
2025-07-28T20:39:25+09:00,added,n62715c625cc8,me40727335eb0
2025-07-28T20:39:25+09:00,added,n62715c625cc8,ma7f0c5b5d76e
2025-07-28T20:39:25+09:00,added,n62715c625cc8,m0f6484462f7f
2025-07-28T20:39:25+09:00,added,n62715c625cc8,m26631bce74dd
2025-07-28T20:39:25+09:00,added,n62715c625cc8,mcbee9243254d
2025-07-28T20:39:25+09:00,added,n62715c625cc8,m5bdd94e01dac
2025-07-28T20:39:25+09:00,added,n62715c625cc8,m7325f611df66
2025-07-28T20:39:25+09:00,added,n62715c625cc8,m9b48174e163a
2025-07-23T13:56:09+09:00,added,n2b41d6fb0997,mae7d87e63b56
2025-07-23T13:56:09+09:00,added,n2b41d6fb0997,mebdd70aa07e1
2025-07-23T13:56:09+09:00,added,n2b41d6fb0997,m0f6484462f7f
2025-07-23T13:56:09+09:00,added,n2b41d6fb0997,m17f76b944423
2025-07-23T13:56:09+09:00,added,n2b41d6fb0997,m23c1b65814a0
2025-07-23T13:56:09+09:00,added,n2b41d6fb0997,mf9eb5baf8361
2025-07-19T15:09:13+09:00,added,n10f2027693f1,mae7d87e63b56
2025-07-19T15:09:13+09:00,added,n10f2027693f1,m7325f611df66
2025-07-17T05:14:50+09:00,added,nb22bfb5e3679,mae7d87e63b56
2025-07-17T05:14:50+09:00,added,nb22bfb5e3679,m0f6484462f7f
2025-07-17T05:14:50+09:00,added,nb22bfb5e3679,m87f25c8ab4b1
2025-07-17T05:14:50+09:00,added,nb22bfb5e3679,m7325f611df66
2025-07-17T05:14:50+09:00,added,nb22bfb5e3679,mf1f167486e80
2025-07-17T05:14:50+09:00,added,nb22bfb5e3679,m7db9e0989306
2025-07-13T21:18:06+09:00,added,nd9ef03594a3c,mae7d87e63b56
2025-07-13T21:18:06+09:00,added,nd9ef03594a3c,m8f50c2311d35
2025-07-13T21:18:06+09:00,added,nd9ef03594a3c,m7325f611df66
2025-07-13T21:18:06+09:00,added,nd9ef03594a3c,mcd9b664d59b6
2025-07-13T21:18:06+09:00,added,nd9ef03594a3c,m0f6484462f7f
2025-07-13T21:18:06+09:00,added,nd9ef03594a3c,m26631bce74dd
2025-07-13T21:18:06+09:00,added,nd9ef03594a3c,meaf86c17e1d8
2025-07-12T08:55:28+09:00,added,n2a16794027a5,m26631bce74dd
2025-07-12T08:55:28+09:00,added,n2a16794027a5,m7325f611df66
2025-07-08T16:16:08+09:00,added,n21ae8a21a1eb,m8f50c2311d35
2025-07-08T16:16:08+09:00,added,n21ae8a21a1eb,mae7d87e63b56
2025-07-08T16:16:08+09:00,added,n21ae8a21a1eb,m0f6484462f7f
2025-07-08T16:16:08+09:00,added,n21ae8a21a1eb,m3ff81c0d23db
2025-07-08T16:16:08+09:00,added,n21ae8a21a1eb,m279994ac37dd
2025-07-08T16:16:08+09:00,added,n21ae8a21a1eb,m26631bce74dd
2025-07-08T16:16:08+09:00,added,n21ae8a21a1eb,mc480f7fda23e
2025-07-08T16:16:08+09:00,added,n21ae8a21a1eb,mb2b0a6dbd93d
2025-07-08T16:16:08+09:00,added,n21ae8a21a1eb,mcbee9243254d
2025-07-08T16:16:08+09:00,added,n21ae8a21a1eb,m5bdd94e01dac
2025-07-08T16:16:08+09:00,added,n21ae8a21a1eb,m7325f611df66
2025-07-02T21:49:55+09:00,added,n6475948cc3ee,mae7d87e63b56
2025-07-02T21:49:55+09:00,added,n6475948cc3ee,m26631bce74dd
2025-07-02T21:49:55+09:00,added,n6475948cc3ee,m0f6484462f7f
2025-07-02T21:49:55+09:00,added,n6475948cc3ee,m87f25c8ab4b1
2025-07-02T21:49:55+09:00,added,n6475948cc3ee,m5bdd94e01dac
2025-07-02T21:49:55+09:00,added,n6475948cc3ee,m7325f611df66
2025-07-02T21:49:55+09:00,added,n6475948cc3ee,mcbee9243254d
2025-06-29T13:06:53+09:00,added,n4f0ed7cf90c3,m0f6484462f7f
2025-06-29T13:06:53+09:00,added,n4f0ed7cf90c3,m26631bce74dd
2025-06-29T13:06:53+09:00,added,n4f0ed7cf90c3,m7325f611df66
2025-06-25T21:55:59+09:00,added,n969732eca297,mae7d87e63b56
2025-06-25T21:55:59+09:00,added,n969732eca297,mc6b9890b3102
2025-06-25T21:55:59+09:00,added,n969732eca297,m0f6484462f7f
2025-06-25T21:55:59+09:00,added,n969732eca297,m8531e02a2f58
2025-06-25T21:55:59+09:00,added,n969732eca297,m26631bce74dd
2025-06-25T21:55:59+09:00,added,n969732eca297,mad0dcca8d03e
2025-06-25T21:55:59+09:00,added,n969732eca297,m5bdd94e01dac
2025-06-25T21:55:59+09:00,added,n969732eca297,m17f76b944423
2025-06-25T21:55:59+09:00,added,n969732eca297,m23c1b65814a0
2025-06-25T21:55:59+09:00,added,n969732eca297,mf9eb5baf8361
2025-06-24T12:53:46+09:00,added,n552d16f68de3,m8f50c2311d35
2025-06-24T12:53:46+09:00,added,n552d16f68de3,m2dcb848f8d08
2025-06-24T12:53:46+09:00,added,n552d16f68de3,m0f6484462f7f
2025-06-24T12:53:46+09:00,added,n552d16f68de3,m7325f611df66
2025-06-24T12:53:46+09:00,added,n552d16f68de3,m36e9f57e3df0
2025-06-24T12:53:46+09:00,added,n552d16f68de3,mcbee9243254d
2025-06-24T12:53:46+09:00,added,n552d16f68de3,m26631bce74dd
2025-06-24T12:53:46+09:00,added,n552d16f68de3,m5bdd94e01dac
2025-06-20T20:59:30+09:00,added,nac5bd332b70e,m3ff81c0d23db
2025-06-20T20:59:30+09:00,added,nac5bd332b70e,m7325f611df66
2025-06-20T20:59:30+09:00,added,nac5bd332b70e,m76b37a54b292
2025-06-09T23:10:14+09:00,added,nff0bea561a3e,m8f50c2311d35
2025-06-09T23:10:14+09:00,added,nff0bea561a3e,m87f25c8ab4b1
2025-06-09T23:10:14+09:00,added,nff0bea561a3e,mcb7b7009a6c2
2025-06-09T23:10:14+09:00,added,nff0bea561a3e,m7325f611df66
2025-06-09T23:10:14+09:00,added,nff0bea561a3e,m26631bce74dd
2025-06-09T23:10:14+09:00,added,nff0bea561a3e,m5bdd94e01dac
2025-05-26T21:50:16+09:00,added,n5bd1464f29f8,m0f6484462f7f
2025-05-26T21:50:16+09:00,added,n5bd1464f29f8,m7325f611df66
2025-05-26T21:50:16+09:00,added,n5bd1464f29f8,m2dcb848f8d08
2025-05-26T21:50:16+09:00,added,n5bd1464f29f8,m7671a45aa910
2025-05-24T17:33:06+09:00,added,n860455096fb3,m7325f611df66
2025-05-24T17:33:06+09:00,added,n860455096fb3,m3ff81c0d23db
2025-05-24T17:33:06+09:00,added,n860455096fb3,m2dcb848f8d08
2025-05-23T21:01:18+09:00,added,n1dc4fd00a11e,md5a7d5d7534c
2025-05-23T21:01:18+09:00,added,n1dc4fd00a11e,m8531e02a2f58
2025-05-23T21:01:18+09:00,added,n1dc4fd00a11e,m87f25c8ab4b1
2025-05-23T21:01:18+09:00,added,n1dc4fd00a11e,m2dcb848f8d08
2025-05-23T21:01:18+09:00,added,n1dc4fd00a11e,m7325f611df66
2025-05-20T22:57:26+09:00,added,nafc785c21e52,me0a7e3361736
2025-05-20T22:57:26+09:00,added,nafc785c21e52,m7325f611df66
2025-05-15T22:40:31+09:00,added,nd49024123fc1,m3ff81c0d23db
2025-05-15T22:40:31+09:00,added,nd49024123fc1,m7325f611df66
2025-05-15T22:40:31+09:00,added,nd49024123fc1,meaf86c17e1d8
2025-05-14T22:19:56+09:00,added,n0fe30ea53448,m7325f611df66
2025-05-14T22:19:56+09:00,added,n0fe30ea53448,mc3c452aad6f3
2025-05-13T22:00:52+09:00,added,nc119a2df65b1,m8f50c2311d35
2025-05-13T22:00:52+09:00,added,nc119a2df65b1,me40727335eb0
2025-05-13T22:00:52+09:00,added,nc119a2df65b1,m7325f611df66
2025-05-13T22:00:52+09:00,added,nc119a2df65b1,m0f6484462f7f
2025-05-13T22:00:52+09:00,added,nc119a2df65b1,m2dcb848f8d08
2025-05-13T22:00:52+09:00,added,nc119a2df65b1,me4a94f7fe10b
2025-05-13T22:00:52+09:00,added,nc119a2df65b1,mcbee9243254d
2025-05-13T22:00:52+09:00,added,nc119a2df65b1,meaf86c17e1d8
2025-05-13T22:00:52+09:00,added,nc119a2df65b1,m6f670db555cd
2025-05-13T22:00:52+09:00,added,nc119a2df65b1,m58e7c47f8088
2025-05-13T22:00:52+09:00,added,nc119a2df65b1,m5bdd94e01dac
2025-05-13T22:00:52+09:00,added,nc119a2df65b1,me33d81b9d64d
2025-05-13T22:00:52+09:00,added,nc119a2df65b1,m367178b3f457
2025-05-13T22:00:52+09:00,added,nc119a2df65b1,mdfcf232ad3c5
2025-05-13T22:00:52+09:00,added,nc119a2df65b1,m0b66fe3b8224
2025-05-13T22:00:52+09:00,added,nc119a2df65b1,m0988ee24cf93
2025-05-13T22:00:52+09:00,added,nc119a2df65b1,m775d9cc27c90
2025-05-13T22:00:52+09:00,added,nc119a2df65b1,mde4c96ef2f7a
2025-05-13T22:00:52+09:00,added,nc119a2df65b1,m90ac81cf803b
2025-05-13T22:00:52+09:00,added,nc119a2df65b1,m248ca3ee7087
2025-05-13T22:00:52+09:00,added,nc119a2df65b1,mdd702710eeb9
2025-05-13T22:00:52+09:00,added,nc119a2df65b1,m76b37a54b292
2025-05-13T22:00:52+09:00,added,nc119a2df65b1,m9b48174e163a
2025-05-13T22:00:52+09:00,added,nc119a2df65b1,m11f968fbad6d
2025-05-13T22:00:52+09:00,added,nc119a2df65b1,m04367e7cf8fa
2025-05-13T22:00:52+09:00,added,nc119a2df65b1,m067199919470
2025-05-13T22:00:52+09:00,added,nc119a2df65b1,m3032113cbb05
2025-05-13T21:23:12+09:00,added,n742a73bb580f,m7325f611df66
2025-05-13T21:23:12+09:00,added,n742a73bb580f,m26631bce74dd
2025-05-13T21:23:12+09:00,added,n742a73bb580f,meaf86c17e1d8
2025-05-13T21:23:12+09:00,added,n742a73bb580f,m5bdd94e01dac
2025-05-13T21:23:12+09:00,added,n742a73bb580f,mcbee9243254d
2025-05-12T23:11:25+09:00,added,n779c0520c2c6,m7325f611df66
2025-05-08T13:05:31+09:00,added,n37f8773ddd8e,m5e54fbcf6675
2025-05-08T13:05:31+09:00,added,n37f8773ddd8e,m2dcb848f8d08
2025-05-08T13:05:31+09:00,added,n37f8773ddd8e,m7325f611df66
2025-05-07T20:29:55+09:00,added,n1e72e4935c69,mc6b9890b3102
2025-05-07T20:29:55+09:00,added,n1e72e4935c69,md5a7d5d7534c
2025-05-07T20:29:55+09:00,added,n1e72e4935c69,mad0dcca8d03e
2025-05-07T20:29:55+09:00,added,n1e72e4935c69,m17f76b944423
2025-05-07T20:29:55+09:00,added,n1e72e4935c69,m23c1b65814a0
2025-05-05T15:10:48+09:00,added,nbfffc455fd21,m7325f611df66
2025-05-05T15:10:48+09:00,added,nbfffc455fd21,m5bdd94e01dac
2025-04-30T11:57:05+09:00,added,n732ab70be001,m7325f611df66
2025-04-28T20:54:33+09:00,added,n4c134546bce8,m7325f611df66
2025-04-28T20:54:33+09:00,added,n4c134546bce8,m2dcb848f8d08
2025-04-23T23:49:07+09:00,added,nd517b7f0cd2e,m26631bce74dd
2025-04-23T23:49:07+09:00,added,nd517b7f0cd2e,m87f25c8ab4b1
2025-04-23T23:49:07+09:00,added,nd517b7f0cd2e,m0f6484462f7f
2025-04-23T23:49:07+09:00,added,nd517b7f0cd2e,m5bdd94e01dac
2025-04-23T23:49:07+09:00,added,nd517b7f0cd2e,mcbee9243254d
2025-04-23T23:49:07+09:00,added,nd517b7f0cd2e,m7325f611df66
2025-04-23T23:49:07+09:00,added,nd517b7f0cd2e,m72ba40851c43
2025-04-22T20:07:07+09:00,added,n08adc720072e,m7325f611df66
2025-04-21T13:30:51+09:00,added,na4f712ebd8c3,m26631bce74dd
2025-04-21T13:30:51+09:00,added,na4f712ebd8c3,m279994ac37dd
2025-04-21T13:30:51+09:00,added,na4f712ebd8c3,m7325f611df66
2025-04-18T21:11:29+09:00,added,ne5db80d5a100,m26631bce74dd
2025-04-18T21:11:29+09:00,added,ne5db80d5a100,mcbee9243254d
2025-04-18T21:11:29+09:00,added,ne5db80d5a100,m8f50c2311d35
2025-04-18T21:11:29+09:00,added,ne5db80d5a100,m5bdd94e01dac
2025-04-18T21:11:29+09:00,added,ne5db80d5a100,m0f6484462f7f
2025-04-18T21:11:29+09:00,added,ne5db80d5a100,meaf86c17e1d8
2025-04-18T21:11:29+09:00,added,ne5db80d5a100,m72ba40851c43
2025-04-15T22:15:44+09:00,added,n707aa25e63ba,m7325f611df66
2025-04-07T20:45:03+09:00,added,n6e6ebeabe960,m8531e02a2f58
2025-04-07T20:45:03+09:00,added,n6e6ebeabe960,mcc8c36323777
2025-04-05T23:18:13+09:00,added,n1584dc171972,m5bdd94e01dac
2025-04-05T23:18:13+09:00,added,n1584dc171972,mcbee9243254d
2025-04-05T23:18:13+09:00,added,n1584dc171972,meaf86c17e1d8
2025-04-05T18:38:25+09:00,added,n82273af9a338,m5bdd94e01dac
2025-04-05T18:38:25+09:00,added,n82273af9a338,mcbee9243254d
2025-04-05T18:38:25+09:00,added,n82273af9a338,m5542e6bb2dac
2025-04-04T16:36:24+09:00,added,n452e9867f6a3,mcbee9243254d
2025-04-04T16:36:24+09:00,added,n452e9867f6a3,m26631bce74dd
2025-04-04T16:36:24+09:00,added,n452e9867f6a3,m7a211e791d81
2025-04-04T16:36:24+09:00,added,n452e9867f6a3,m0f6484462f7f
2025-04-04T16:36:24+09:00,added,n452e9867f6a3,mf5140383ad51
2025-04-04T16:36:24+09:00,added,n452e9867f6a3,m5bdd94e01dac
2025-04-04T16:36:24+09:00,added,n452e9867f6a3,m2dcb848f8d08
2025-04-04T16:36:24+09:00,added,n452e9867f6a3,m8531e02a2f58
2025-04-04T16:36:24+09:00,added,n452e9867f6a3,me4a94f7fe10b
2025-04-04T16:36:24+09:00,added,n452e9867f6a3,me0a7e3361736
2025-04-04T16:36:24+09:00,added,n452e9867f6a3,mae7d87e63b56
2025-04-04T16:36:24+09:00,added,n452e9867f6a3,mc3c452aad6f3
2025-04-04T16:36:24+09:00,added,n452e9867f6a3,m016668fc27da
2025-04-04T16:36:24+09:00,added,n452e9867f6a3,m3ab816915c88
2025-04-04T16:36:24+09:00,added,n452e9867f6a3,m7325f611df66
2025-04-04T16:36:24+09:00,added,n452e9867f6a3,m29570292c1bc
2025-04-04T16:36:24+09:00,added,n452e9867f6a3,m477950f031a4
2025-04-04T16:36:24+09:00,added,n452e9867f6a3,m0988ee24cf93
2025-04-04T16:36:24+09:00,added,n452e9867f6a3,m9577a282f0ed
2025-04-04T16:36:24+09:00,added,n452e9867f6a3,m796bff88d394
2025-04-03T16:28:18+09:00,added,n8afb3716f2d3,mdd702710eeb9
2025-04-03T12:55:14+09:00,added,n62f4c5a10c6a,m5bdd94e01dac
2025-04-03T12:55:14+09:00,added,n62f4c5a10c6a,mdd557951046e
2025-04-03T12:55:14+09:00,added,n62f4c5a10c6a,mb47b41afa0e2
2025-04-03T12:55:14+09:00,added,n62f4c5a10c6a,m0988ee24cf93
2025-04-03T12:55:14+09:00,added,n62f4c5a10c6a,mdd702710eeb9
2025-04-03T12:55:14+09:00,added,n62f4c5a10c6a,mdb1531090460
2025-04-03T12:55:14+09:00,added,n62f4c5a10c6a,m2e845295178e
2026-04-18T18:07:47+09:00,added,ndb4a5f6a29c1,m8531e02a2f58
2026-04-18T21:43:28+09:00,added,ndb4a5f6a29c1,mfc9d03c23504
2026-04-18T21:43:28+09:00,added,ndb4a5f6a29c1,m7325f611df66
2026-04-18T21:43:28+09:00,added,ndb4a5f6a29c1,m6463046852a4
2026-04-18T21:43:28+09:00,added,ndb4a5f6a29c1,m06237f367b09
2026-04-18T21:43:28+09:00,added,ndb4a5f6a29c1,mad8d2935fc54
2026-04-18T21:43:28+09:00,added,n5095a311e361,m6463046852a4
2026-04-18T21:43:28+09:00,added,nd90108990291,mfc9d03c23504
2026-04-19T01:53:37+09:00,added,ne0e7f7f6ae2e,m887df4adddb3
2026-04-19T01:53:37+09:00,added,ne0e7f7f6ae2e,m2788185b81a0
2026-04-19T05:39:29+09:00,added,n5095a311e361,md060aa7d8db7
2026-04-19T05:39:29+09:00,added,nd52537d77677,mb58a18ddc736
2026-04-19T10:34:31+09:00,added,ne0e7f7f6ae2e,m3ff81c0d23db
2026-04-19T10:34:31+09:00,added,ne0e7f7f6ae2e,mdd702710eeb9
2026-04-19T10:34:31+09:00,added,ne0e7f7f6ae2e,m6463046852a4
2026-04-19T15:04:18+09:00,added,ne0e7f7f6ae2e,mdf249d5f08ec
2026-04-19T15:04:18+09:00,added,nadee18c7356c,m26631bce74dd
2026-04-19T15:04:18+09:00,added,nadee18c7356c,m155f8fdb5ab9
2026-04-19T15:04:18+09:00,added,nfb2243c752a8,mfc9d03c23504
2026-04-19T21:41:43+09:00,added,ne0e7f7f6ae2e,md1868a762043
2026-04-19T21:41:43+09:00,added,ne0e7f7f6ae2e,mfc9d03c23504
2026-04-19T21:41:43+09:00,added,ne0e7f7f6ae2e,md87870710d29
2026-04-19T21:41:43+09:00,added,ndb4a5f6a29c1,me39940554e5a
2026-04-20T01:53:25+09:00,added,n0779afa66b79,me39940554e5a
2026-04-20T01:53:25+09:00,added,n0779afa66b79,mad8d2935fc54
2026-04-20T01:53:25+09:00,added,n0779afa66b79,mae7d87e63b56
2026-04-20T01:53:25+09:00,added,n0779afa66b79,m0988ee24cf93
2026-04-20T01:53:25+09:00,added,n0779afa66b79,m2788185b81a0
2026-04-20T10:34:05+09:00,added,n0779afa66b79,m3ff81c0d23db
2026-04-20T10:34:05+09:00,added,n0779afa66b79,mdd702710eeb9
2026-04-20T10:34:05+09:00,added,n0779afa66b79,m7e72b0b37154
2026-04-20T10:34:05+09:00,added,ne0e7f7f6ae2e,mad8d2935fc54
2026-04-20T10:34:05+09:00,added,ndb4a5f6a29c1,mc3c452aad6f3
2026-04-20T10:34:05+09:00,added,n2ffb06432f1f,m82991598c83f
2026-04-20T15:20:10+09:00,added,n0779afa66b79,mfc9d03c23504
2026-04-20T19:12:13+09:00,added,n143dee8f2f91,m366756297795
2026-04-20T19:12:13+09:00,added,n143dee8f2f91,m16095e384518
2026-04-20T19:12:13+09:00,added,n143dee8f2f91,me39940554e5a
2026-04-20T19:12:13+09:00,added,n143dee8f2f91,m26631bce74dd
2026-04-20T19:12:13+09:00,added,n143dee8f2f91,ma7f0c5b5d76e
2026-04-20T19:12:13+09:00,added,n143dee8f2f91,mad8d2935fc54
2026-04-20T19:12:13+09:00,added,n143dee8f2f91,m2788185b81a0
2026-04-20T19:12:13+09:00,added,n0779afa66b79,md1868a762043
2026-04-20T22:09:49+09:00,added,n143dee8f2f91,m0f6484462f7f
2026-04-20T22:09:49+09:00,added,n143dee8f2f91,m3ff81c0d23db
2026-04-20T22:09:49+09:00,added,n143dee8f2f91,m0102f820d986
2026-04-20T22:09:49+09:00,added,n143dee8f2f91,m18c09c59705e
2026-04-20T22:09:49+09:00,added,n143dee8f2f91,mae7d87e63b56
2026-04-20T22:09:49+09:00,added,n143dee8f2f91,m7325f611df66
2026-04-20T22:09:49+09:00,added,n143dee8f2f91,m6463046852a4
2026-04-20T22:09:49+09:00,added,n143dee8f2f91,m887df4adddb3
2026-04-20T22:09:49+09:00,added,n0779afa66b79,mdf249d5f08ec
2026-04-20T22:09:49+09:00,added,n0779afa66b79,m6463046852a4
2026-04-21T02:16:14+09:00,added,n143dee8f2f91,m0988ee24cf93
2026-04-21T05:49:27+09:00,added,n143dee8f2f91,mdd702710eeb9
2026-04-21T05:49:27+09:00,added,n143dee8f2f91,m248ca3ee7087
2026-04-21T10:32:08+09:00,added,n143dee8f2f91,m5165ac46c7d8
2026-04-21T10:32:08+09:00,added,n143dee8f2f91,m593fac34be51
2026-04-21T18:54:02+09:00,added,n4bbc964bfd47,m366756297795
2026-04-21T18:54:02+09:00,added,n4bbc964bfd47,m17f76b944423
2026-04-21T18:54:02+09:00,added,n4bbc964bfd47,m16095e384518
2026-04-21T18:54:02+09:00,added,n4bbc964bfd47,ma9ff6f94a575
2026-04-21T18:54:02+09:00,added,n4bbc964bfd47,m23c1b65814a0
2026-04-21T18:54:02+09:00,added,n143dee8f2f91,m6d3400fb7014
2026-04-21T22:04:51+09:00,added,n4bbc964bfd47,mae7d87e63b56
2026-04-21T22:04:51+09:00,added,n4bbc964bfd47,mad8d2935fc54
2026-04-21T22:04:51+09:00,added,n143dee8f2f91,m6ff3417d7d3c
2026-04-22T02:14:53+09:00,added,nc5ae30b85408,m0988ee24cf93
2026-04-22T15:06:19+09:00,added,nc5ae30b85408,me83c41145054
2026-04-22T18:35:04+09:00,added,n4ed8f68102f9,m366756297795
2026-04-22T18:35:04+09:00,added,n4ed8f68102f9,m16095e384518
2026-04-22T18:35:04+09:00,added,n4ed8f68102f9,mae7d87e63b56
2026-04-22T18:35:04+09:00,added,n4ed8f68102f9,mdd702710eeb9
2026-04-22T18:35:04+09:00,added,n4ed8f68102f9,m3ff81c0d23db
2026-04-22T18:35:04+09:00,added,n4ed8f68102f9,m2788185b81a0
2026-04-22T18:35:04+09:00,added,ndb4a5f6a29c1,m366756297795
2026-04-22T18:35:04+09:00,added,ndb4a5f6a29c1,m16095e384518
2026-04-22T22:05:37+09:00,added,n4ed8f68102f9,m6d3400fb7014
2026-04-22T22:05:37+09:00,added,n4ed8f68102f9,mad8d2935fc54
2026-04-22T22:05:37+09:00,added,n4ed8f68102f9,m6c21ad4983da
2026-04-22T22:05:37+09:00,added,n4ed8f68102f9,mf2abfea66ec7
2026-04-22T22:05:37+09:00,added,n4ed8f68102f9,m862869c2ff9e
2026-04-22T22:05:37+09:00,added,n4ed8f68102f9,m53a3c3b5d431
2026-04-22T22:05:37+09:00,added,n4ed8f68102f9,m349b3be90eb0
2026-04-22T22:05:37+09:00,added,n4ed8f68102f9,m11881a67a893
2026-04-22T22:05:37+09:00,added,n4ed8f68102f9,m3b898a691902
2026-04-22T22:05:37+09:00,added,n4ed8f68102f9,m3ed4b0ea704e
2026-04-22T22:05:37+09:00,added,n4ed8f68102f9,m7dfb2f05ab33
2026-04-22T22:05:37+09:00,added,n4ed8f68102f9,m887df4adddb3
2026-04-22T22:05:37+09:00,added,n4ed8f68102f9,m7325f611df66
2026-04-23T02:14:20+09:00,added,n4ed8f68102f9,m0988ee24cf93
2026-04-23T10:35:00+09:00,added,n4ed8f68102f9,m18c09c59705e
2026-04-23T10:35:00+09:00,added,n4ed8f68102f9,m0102f820d986
2026-04-23T10:35:00+09:00,added,n4bbc964bfd47,mad0dcca8d03e
2026-04-23T15:10:54+09:00,added,n0779afa66b79,m796bff88d394
2026-04-23T18:58:01+09:00,added,nc5ae30b85408,m768b3f4cf6e4
2026-04-23T22:04:28+09:00,added,n157f05a71488,mae7d87e63b56
2026-04-23T22:04:28+09:00,added,n157f05a71488,m2788185b81a0
2026-04-23T22:04:28+09:00,added,n157f05a71488,mad8d2935fc54
2026-04-23T22:04:28+09:00,added,n157f05a71488,m3ff81c0d23db
2026-04-23T22:04:28+09:00,added,n157f05a71488,m0f6484462f7f
2026-04-23T22:04:28+09:00,added,n157f05a71488,m7325f611df66
2026-04-24T00:59:04+09:00,added,n157f05a71488,m2524146bba39
2026-04-24T00:59:04+09:00,added,n157f05a71488,m0988ee24cf93
2026-04-24T00:59:04+09:00,added,n4ed8f68102f9,m26631bce74dd
2026-04-24T00:59:04+09:00,added,n4ed8f68102f9,m2aedf61ec5aa
2026-04-24T00:59:04+09:00,added,n4ed8f68102f9,m2524146bba39
2026-04-24T10:34:21+09:00,added,n157f05a71488,me39940554e5a
2026-04-24T15:14:28+09:00,added,n157f05a71488,mdd702710eeb9
2026-04-24T15:14:28+09:00,added,n157f05a71488,mb3e9f2d69860
2026-04-24T16:15:16+09:00,added,nef7b143bfe4b,m8531e02a2f58
2026-04-24T16:15:16+09:00,added,nef7b143bfe4b,m0f6484462f7f
2026-04-24T17:27:31+09:00,added,n4ed8f68102f9,m30a248399fe0
2026-04-24T18:57:35+09:00,added,n324bcff1dec7,m366756297795
2026-04-24T18:57:35+09:00,added,n324bcff1dec7,m17f76b944423
2026-04-24T18:57:35+09:00,added,n324bcff1dec7,m16095e384518
2026-04-24T22:02:58+09:00,added,n324bcff1dec7,mae7d87e63b56
2026-04-24T22:02:58+09:00,added,n324bcff1dec7,mad8d2935fc54
2026-04-25T02:10:20+09:00,removed,nc5ae30b85408,me83c41145054
2026-04-25T02:10:20+09:00,added,n324bcff1dec7,m0988ee24cf93
2026-04-25T02:10:20+09:00,added,n157f05a71488,mf7f9952d6e72
2026-04-25T14:55:15+09:00,added,n0779afa66b79,mf873a03abe79
2026-04-25T21:46:04+09:00,added,nc5ae30b85408,m6484622342c0
2026-04-25T21:46:04+09:00,added,n324bcff1dec7,m18c09c59705e
2026-04-25T21:46:04+09:00,added,n324bcff1dec7,m0102f820d986
2026-04-25T21:46:04+09:00,added,n157f05a71488,m30a248399fe0
2026-04-25T21:46:04+09:00,added,n157f05a71488,m768b3f4cf6e4
2026-04-25T21:46:04+09:00,added,n157f05a71488,m18c09c59705e
2026-04-25T21:46:04+09:00,added,n157f05a71488,m0102f820d986
2026-04-25T21:46:04+09:00,added,n1f0a26a7979c,m18c09c59705e
2026-04-25T21:46:04+09:00,added,n1f0a26a7979c,m0102f820d986
2026-04-26T01:55:28+09:00,added,n8237b72a4f5f,m2524146bba39
2026-04-26T01:55:28+09:00,added,n8237b72a4f5f,mae7d87e63b56
2026-04-26T01:55:28+09:00,added,n8237b72a4f5f,m2788185b81a0
2026-04-26T01:55:28+09:00,added,n8237b72a4f5f,m0988ee24cf93
2026-04-26T10:37:47+09:00,added,n8237b72a4f5f,m18c09c59705e
2026-04-26T10:37:47+09:00,added,n8237b72a4f5f,m0102f820d986
2026-04-26T10:37:47+09:00,added,n8237b72a4f5f,m3ff81c0d23db
2026-04-26T15:13:47+09:00,added,n8237b72a4f5f,me83c41145054
2026-04-26T15:13:47+09:00,added,n4bbc964bfd47,m18c09c59705e
2026-04-26T15:13:47+09:00,added,n4bbc964bfd47,m0102f820d986
2026-04-26T15:13:47+09:00,added,n82273af9a338,m6484622342c0
2026-04-26T18:16:01+09:00,added,n2c74eb025580,m366756297795
2026-04-26T18:16:01+09:00,added,n2c74eb025580,m16095e384518
2026-04-26T18:16:01+09:00,added,n2c74eb025580,m80a9f65c8f16
2026-04-26T18:16:01+09:00,added,n2c74eb025580,ma53088b6c588
2026-04-26T18:16:01+09:00,added,n2c74eb025580,mae7d87e63b56
2026-04-26T18:16:01+09:00,added,n157f05a71488,mfc9d03c23504
2026-04-26T21:49:42+09:00,added,n2c74eb025580,mcd9b664d59b6
2026-04-26T21:49:42+09:00,added,n2c74eb025580,me39940554e5a
2026-04-26T21:49:42+09:00,added,n2c74eb025580,m768b3f4cf6e4
2026-04-26T21:49:42+09:00,added,n2c74eb025580,m887df4adddb3
2026-04-26T21:49:42+09:00,added,n2c74eb025580,m2788185b81a0
2026-04-26T21:49:42+09:00,added,n2c74eb025580,md87870710d29
2026-04-27T02:01:50+09:00,added,n2c74eb025580,m0988ee24cf93
2026-04-27T05:43:13+09:00,added,n2c74eb025580,m26d93ca7080b
2026-04-27T10:38:30+09:00,added,ne0e7f7f6ae2e,me83c41145054
2026-04-27T10:38:30+09:00,added,n6d0edf9289fa,me83c41145054
2026-04-27T10:38:30+09:00,added,na701d82a6f74,m2f606beba19e
2026-04-27T15:33:40+09:00,added,n157f05a71488,ma53088b6c588
2026-04-27T22:22:55+09:00,added,nf7751d96727e,m75dba2f0793c
2026-04-27T22:22:55+09:00,added,nf7751d96727e,m0988ee24cf93
2026-04-27T22:22:55+09:00,added,nf7751d96727e,m0f6484462f7f
2026-04-27T22:22:55+09:00,added,nf7751d96727e,m11f968fbad6d
2026-04-27T22:22:55+09:00,added,nf7751d96727e,m7325f611df66
2026-04-27T22:22:55+09:00,added,nf7751d96727e,m3ff81c0d23db
2026-04-27T22:22:55+09:00,added,nf7751d96727e,mae7d87e63b56
2026-04-27T22:22:55+09:00,added,nf7751d96727e,mc6dad877a6d7
2026-04-28T02:35:12+09:00,added,nf7751d96727e,m768b3f4cf6e4
2026-04-28T10:58:18+09:00,added,nf7751d96727e,mfe68cbfb11da
2026-04-28T10:58:18+09:00,added,nf7751d96727e,mef3e6ed657c6
2026-04-28T10:58:18+09:00,added,nf7751d96727e,m796bff88d394
2026-04-28T10:58:18+09:00,added,n2c74eb025580,mef3e6ed657c6
2026-04-28T15:35:54+09:00,added,nf7751d96727e,mf2d7c09eeca9
2026-04-28T15:35:54+09:00,added,nf7751d96727e,mdd702710eeb9
2026-04-28T15:35:54+09:00,added,nf7751d96727e,me83c41145054
2026-04-28T15:35:54+09:00,added,n2c74eb025580,mdd702710eeb9
2026-04-28T15:35:54+09:00,added,n8237b72a4f5f,mdd702710eeb9
2026-04-28T15:35:54+09:00,added,n4ed8f68102f9,m2f606beba19e
2026-04-28T15:35:54+09:00,added,n0779afa66b79,m5072685e9cf7
2026-04-28T19:28:44+09:00,added,nc32ca997ea75,m366756297795
2026-04-28T19:28:44+09:00,added,nc32ca997ea75,m17f76b944423
2026-04-28T19:28:44+09:00,added,nc32ca997ea75,m16095e384518
2026-04-28T19:28:44+09:00,added,nc32ca997ea75,ma9ff6f94a575
2026-04-28T19:28:44+09:00,added,n8237b72a4f5f,m0f6484462f7f
2026-04-28T19:28:44+09:00,added,n4ed8f68102f9,m768b3f4cf6e4
2026-04-28T19:28:44+09:00,added,n4bbc964bfd47,m75dba2f0793c
2026-04-28T22:33:23+09:00,added,nc32ca997ea75,mfd182dd16323
2026-04-28T22:33:23+09:00,added,nc32ca997ea75,mae7d87e63b56
2026-04-29T02:59:08+09:00,added,nc32ca997ea75,m0988ee24cf93
2026-04-29T11:00:29+09:00,added,nc32ca997ea75,m1880e5c5ac5d
2026-04-29T11:00:29+09:00,added,nc32ca997ea75,m8eb046826032
2026-04-29T15:28:19+09:00,added,n4ed8f68102f9,m5072685e9cf7
2026-04-29T19:20:08+09:00,added,nf7751d96727e,m2f606beba19e
2026-04-29T19:20:08+09:00,added,nf7751d96727e,m6463046852a4
2026-04-29T19:20:08+09:00,added,n0779afa66b79,m768b3f4cf6e4
2026-04-29T22:27:45+09:00,added,n621f434e0819,m366756297795
2026-04-29T22:27:45+09:00,added,n621f434e0819,m16095e384518
2026-04-29T22:27:45+09:00,added,n621f434e0819,mdf249d5f08ec
2026-04-29T22:27:45+09:00,added,n324bcff1dec7,mfd182dd16323
2026-04-30T02:51:41+09:00,added,n621f434e0819,m2788185b81a0
2026-04-30T02:51:41+09:00,added,n621f434e0819,me39940554e5a
2026-04-30T02:51:41+09:00,added,n621f434e0819,mae7d87e63b56
2026-04-30T02:51:41+09:00,added,n621f434e0819,m0988ee24cf93
2026-04-30T02:51:41+09:00,added,n621f434e0819,mf7549c1ca230
2026-04-30T02:51:41+09:00,added,n2eb862ee53c9,m0b884fd64511
2026-04-30T11:00:16+09:00,added,n621f434e0819,m3ff81c0d23db
2026-04-30T11:00:16+09:00,added,n621f434e0819,m0f6484462f7f
2026-04-30T11:00:16+09:00,added,n621f434e0819,mdd702710eeb9
2026-04-30T11:00:16+09:00,added,n621f434e0819,m248ca3ee7087
2026-04-30T11:00:16+09:00,added,nc32ca997ea75,m23c1b65814a0
2026-04-30T15:33:21+09:00,added,n621f434e0819,m796bff88d394
2026-04-30T15:33:21+09:00,added,n0433743c1f38,m16384598a49a
2026-04-30T19:19:30+09:00,added,nc75b6eb4eafe,m2788185b81a0
2026-04-30T19:19:30+09:00,added,nc75b6eb4eafe,m16095e384518
2026-04-30T19:19:30+09:00,added,nc75b6eb4eafe,m366756297795
2026-04-30T19:19:30+09:00,added,nc75b6eb4eafe,mae7d87e63b56
2026-04-30T22:27:25+09:00,added,nc5ae30b85408,m34fbc48bcda0
2026-04-30T22:27:25+09:00,added,nc75b6eb4eafe,m3ff81c0d23db
2026-04-30T22:27:25+09:00,added,nc75b6eb4eafe,m05948736e17f
2026-04-30T22:27:25+09:00,added,nc75b6eb4eafe,m7325f611df66
2026-04-30T22:27:25+09:00,added,nc75b6eb4eafe,mfc9d03c23504
2026-04-30T22:27:25+09:00,added,n621f434e0819,m34fbc48bcda0
2026-04-30T22:27:25+09:00,added,n2c74eb025580,m34fbc48bcda0
2026-04-30T22:27:25+09:00,added,ndb4a5f6a29c1,maa3fc8353dd1
2026-04-30T22:27:25+09:00,added,n5699cadb5d5c,mfc9d03c23504
2026-05-01T02:34:23+09:00,added,nc75b6eb4eafe,m0988ee24cf93
2026-05-01T11:02:44+09:00,added,nc75b6eb4eafe,m82991598c83f
2026-05-01T11:02:44+09:00,added,n2c74eb025580,m2dbc23ccf397
2026-05-01T15:42:57+09:00,added,n81a51b30e0cc,m16095e384518
2026-05-01T15:42:57+09:00,added,n81a51b30e0cc,m366756297795
2026-05-01T15:42:57+09:00,added,n81a51b30e0cc,mae7d87e63b56
2026-05-01T15:42:57+09:00,added,n81a51b30e0cc,me40727335eb0
2026-05-01T15:42:57+09:00,added,n81a51b30e0cc,m2aedf61ec5aa
2026-05-01T15:42:57+09:00,added,n81a51b30e0cc,m26631bce74dd
2026-05-01T15:42:57+09:00,added,n81a51b30e0cc,m75dba2f0793c
2026-05-01T15:42:57+09:00,added,n81a51b30e0cc,me83c41145054
2026-05-01T15:42:57+09:00,added,n81a51b30e0cc,m2788185b81a0
2026-05-01T15:42:57+09:00,added,n157f05a71488,ma7f0c5b5d76e
2026-05-01T15:42:57+09:00,added,n157f05a71488,m155f8fdb5ab9
2026-05-01T15:42:57+09:00,removed,nac392eeadc12,m2e845295178e
2026-05-01T15:42:57+09:00,removed,n7f80a6aafb3c,m2e845295178e
2026-05-01T15:42:57+09:00,removed,nf61677b73123,m2e845295178e
2026-05-01T15:42:57+09:00,removed,n62f4c5a10c6a,m2e845295178e
2026-05-01T18:59:20+09:00,added,nc75b6eb4eafe,mdd702710eeb9
2026-05-01T18:59:20+09:00,added,n143dee8f2f91,mfc9d03c23504
2026-05-01T18:59:20+09:00,added,n1f0a26a7979c,mfc9d03c23504
2026-05-01T21:40:13+09:00,added,nc5ae30b85408,me491456dc440
2026-05-01T21:40:13+09:00,added,n81a51b30e0cc,m7325f611df66
2026-05-01T21:40:13+09:00,added,n81a51b30e0cc,mdf249d5f08ec
2026-05-01T21:40:13+09:00,added,n621f434e0819,m3032113cbb05
2026-05-01T21:40:13+09:00,added,n621f434e0819,m11881a67a893
2026-05-01T21:40:13+09:00,added,n621f434e0819,m349b3be90eb0
2026-05-01T21:40:13+09:00,added,n621f434e0819,m53a3c3b5d431
2026-05-01T21:40:13+09:00,added,n621f434e0819,m862869c2ff9e
2026-05-01T21:40:13+09:00,added,n621f434e0819,m3b898a691902
2026-05-01T21:40:13+09:00,added,n621f434e0819,m3ed4b0ea704e
2026-05-01T21:40:13+09:00,added,n621f434e0819,mf2abfea66ec7
2026-05-01T21:40:13+09:00,added,nf7751d96727e,m6ff3417d7d3c
2026-05-01T22:44:13+09:00,added,n324bcff1dec7,m0f6484462f7f
2026-05-02T02:11:01+09:00,added,n81a51b30e0cc,mfc9d03c23504
2026-05-02T02:11:01+09:00,added,n81a51b30e0cc,m0988ee24cf93
2026-05-02T05:53:21+09:00,removed,n2c74eb025580,m80a9f65c8f16
2026-05-02T05:53:21+09:00,removed,n8237b72a4f5f,m2524146bba39
2026-05-02T05:53:21+09:00,removed,n157f05a71488,m2524146bba39
2026-05-02T05:53:21+09:00,removed,n4ed8f68102f9,m2524146bba39
2026-05-02T15:12:16+09:00,added,nba126cd60af5,m3ff81c0d23db
2026-05-02T15:12:16+09:00,added,nba126cd60af5,mae7d87e63b56
2026-05-02T15:12:16+09:00,added,nba126cd60af5,m53a3c3b5d431
2026-05-02T15:12:16+09:00,added,nba126cd60af5,m862869c2ff9e
2026-05-02T15:12:16+09:00,added,nba126cd60af5,m11881a67a893
2026-05-02T15:12:16+09:00,added,nba126cd60af5,mf2abfea66ec7
2026-05-02T15:12:16+09:00,added,nba126cd60af5,mdd702710eeb9
2026-05-02T15:12:16+09:00,added,nba126cd60af5,m248ca3ee7087
2026-05-02T15:12:16+09:00,added,nba126cd60af5,m2788185b81a0
2026-05-02T15:12:16+09:00,added,n81a51b30e0cc,m05948736e17f
2026-05-02T15:12:16+09:00,added,n81a51b30e0cc,m768b3f4cf6e4
2026-05-02T15:12:16+09:00,added,n324bcff1dec7,mad0dcca8d03e
2026-05-02T18:20:54+09:00,added,nba126cd60af5,m6463046852a4
2026-05-02T21:51:43+09:00,added,nba126cd60af5,me83c41145054
2026-05-02T21:51:43+09:00,added,nba126cd60af5,m7325f611df66
2026-05-02T21:51:43+09:00,added,nba126cd60af5,mfc9d03c23504
2026-05-02T21:51:43+09:00,added,nba126cd60af5,m16095e384518
2026-05-02T21:51:43+09:00,added,nba126cd60af5,m366756297795
2026-05-02T21:51:43+09:00,added,n81a51b30e0cc,mfe68cbfb11da
2026-05-03T17:17:31+09:00,added,n1a3c02edc33e,mdd702710eeb9
2026-05-03T17:17:31+09:00,added,n1a3c02edc33e,mae7d87e63b56
2026-05-03T18:34:14+09:00,added,n1a3c02edc33e,mcd9b664d59b6
2026-05-03T21:49:20+09:00,added,n1a3c02edc33e,m2788185b81a0
2026-05-03T21:49:20+09:00,added,n1a3c02edc33e,m7325f611df66
2026-05-04T02:04:43+09:00,added,nba126cd60af5,m0988ee24cf93
2026-05-04T05:46:15+09:00,added,n1a3c02edc33e,m26d93ca7080b
2026-05-04T10:56:48+09:00,added,n81a51b30e0cc,m2dbc23ccf397
2026-05-04T15:44:26+09:00,added,n9c922f75c9b3,me83c41145054
2026-05-04T15:44:26+09:00,added,n9c922f75c9b3,mae7d87e63b56
2026-05-04T15:44:26+09:00,added,n9c922f75c9b3,m18c09c59705e
2026-05-04T15:44:26+09:00,added,n9c922f75c9b3,m0102f820d986
2026-05-04T19:27:25+09:00,added,n9c922f75c9b3,m3ff81c0d23db
2026-05-04T19:27:25+09:00,added,n9c922f75c9b3,m366756297795
2026-05-04T19:27:25+09:00,added,n9c922f75c9b3,m16095e384518
2026-05-04T22:27:46+09:00,added,n9c922f75c9b3,m7325f611df66
2026-05-04T22:27:46+09:00,added,n9c922f75c9b3,mc6dad877a6d7
2026-05-04T22:27:46+09:00,added,n9c922f75c9b3,mfe68cbfb11da
2026-05-04T22:27:46+09:00,added,n9c922f75c9b3,m768b3f4cf6e4
2026-05-05T02:52:53+09:00,added,n9c922f75c9b3,m2788185b81a0
2026-05-05T02:52:53+09:00,added,n9c922f75c9b3,m37d0f19c2434
2026-05-05T02:52:53+09:00,added,n1a3c02edc33e,m0988ee24cf93
2026-05-05T10:56:52+09:00,added,n9c922f75c9b3,ma44cf5d43db9
2026-05-05T15:21:32+09:00,added,na203a65edb82,m11f968fbad6d
2026-05-05T15:21:32+09:00,added,na203a65edb82,m3ff81c0d23db
2026-05-05T15:21:32+09:00,added,na203a65edb82,mdd702710eeb9
2026-05-05T15:21:32+09:00,added,na203a65edb82,m0f6484462f7f
2026-05-05T15:21:32+09:00,added,n9c922f75c9b3,mdd702710eeb9
2026-05-05T15:21:32+09:00,added,n81a51b30e0cc,mdd702710eeb9
2026-05-05T19:17:17+09:00,added,na203a65edb82,m05948736e17f
2026-05-05T22:14:03+09:00,added,na203a65edb82,m7325f611df66
2026-05-05T22:14:03+09:00,added,na203a65edb82,m6463046852a4
2026-05-05T22:14:03+09:00,added,n9c922f75c9b3,m6463046852a4
2026-05-05T22:14:03+09:00,added,n9c922f75c9b3,m0988ee24cf93
2026-05-05T22:14:03+09:00,added,n1a3c02edc33e,m6463046852a4
2026-05-06T02:37:10+09:00,added,na203a65edb82,mae7d87e63b56
2026-05-06T10:41:45+09:00,added,na203a65edb82,m768b3f4cf6e4
2026-05-06T15:35:24+09:00,added,n9c922f75c9b3,mdf249d5f08ec
2026-05-06T15:35:24+09:00,added,nf7751d96727e,m46a2519eae0a
2026-05-06T15:35:24+09:00,added,ncdcc3c2f415a,m72ba40851c43
2026-05-06T22:35:02+09:00,added,n1b1056d9277e,m366756297795
2026-05-06T22:35:02+09:00,added,n1b1056d9277e,m17f76b944423
2026-05-06T22:35:02+09:00,added,n1b1056d9277e,m16095e384518
2026-05-06T22:35:02+09:00,added,n1b1056d9277e,mae7d87e63b56
2026-05-07T02:59:13+09:00,added,n1b1056d9277e,ma9ff6f94a575
2026-05-07T02:59:13+09:00,added,na203a65edb82,m0988ee24cf93
2026-05-07T15:39:58+09:00,added,nf5fcdcfb8a24,m366756297795
2026-05-07T15:39:58+09:00,added,nf5fcdcfb8a24,m16095e384518
2026-05-07T15:39:58+09:00,added,nf5fcdcfb8a24,m7bda8a37a8a5
2026-05-07T15:39:58+09:00,added,nf5fcdcfb8a24,m3ff81c0d23db
2026-05-07T15:39:58+09:00,added,nf5fcdcfb8a24,mdd702710eeb9
2026-05-07T15:39:58+09:00,added,nf5fcdcfb8a24,m248ca3ee7087
2026-05-07T15:39:58+09:00,added,nf5fcdcfb8a24,m26631bce74dd
2026-05-07T15:39:58+09:00,added,nf5fcdcfb8a24,m9d62c4a809ea
2026-05-07T15:39:58+09:00,added,nf5fcdcfb8a24,ma7f0c5b5d76e
2026-05-07T15:39:58+09:00,added,nf5fcdcfb8a24,m155f8fdb5ab9
2026-05-07T15:39:58+09:00,added,nf5fcdcfb8a24,mae7d87e63b56
2026-05-07T15:39:58+09:00,added,nf5fcdcfb8a24,me83c41145054
2026-05-07T15:39:58+09:00,removed,n1f0a26a7979c,m16095e384518
2026-05-07T15:39:58+09:00,removed,na701d82a6f74,m366756297795
2026-05-07T19:37:23+09:00,added,nf5fcdcfb8a24,m06237f367b09
2026-05-07T19:37:23+09:00,added,nf5fcdcfb8a24,mcbee9243254d
2026-05-07T19:37:23+09:00,added,n1b1056d9277e,mfc9d03c23504
2026-05-07T19:37:23+09:00,added,na203a65edb82,mfc9d03c23504
2026-05-07T19:37:23+09:00,added,nf7751d96727e,m26631bce74dd
2026-05-07T19:37:23+09:00,added,nf7751d96727e,ma7f0c5b5d76e
2026-05-07T19:37:23+09:00,added,nf7751d96727e,m2aedf61ec5aa
2026-05-07T22:33:57+09:00,added,nf5fcdcfb8a24,m7325f611df66
2026-05-07T22:33:57+09:00,added,nf5fcdcfb8a24,m768b3f4cf6e4
2026-05-07T22:33:57+09:00,added,nf5fcdcfb8a24,m971707d1e3c9
2026-05-08T02:59:38+09:00,added,nf5fcdcfb8a24,m30a248399fe0
2026-05-08T15:02:12+09:00,added,nf5fcdcfb8a24,m75dba2f0793c
2026-05-08T15:02:12+09:00,added,nf5fcdcfb8a24,mfc9d03c23504
2026-05-08T15:02:12+09:00,added,nf5fcdcfb8a24,mf7f9952d6e72
2026-05-08T15:02:12+09:00,added,n37be7ce8e679,m366756297795
2026-05-08T15:02:12+09:00,added,n37be7ce8e679,m16095e384518
2026-05-08T15:02:12+09:00,added,n37be7ce8e679,mdd702710eeb9
2026-05-08T15:02:12+09:00,added,n37be7ce8e679,m0f6484462f7f
2026-05-08T15:02:12+09:00,added,n37be7ce8e679,mae7d87e63b56
2026-05-08T15:02:12+09:00,added,n9c922f75c9b3,m796bff88d394
2026-05-08T15:02:12+09:00,added,n143dee8f2f91,m796bff88d394
2026-05-08T18:36:44+09:00,added,n37be7ce8e679,me0a7e3361736
2026-05-08T18:36:44+09:00,added,nc5ae30b85408,m796bff88d394
2026-05-08T22:14:02+09:00,added,nf5fcdcfb8a24,me50627303786
2026-05-08T22:14:02+09:00,added,nf5fcdcfb8a24,m6463046852a4
2026-05-08T22:14:02+09:00,added,n37be7ce8e679,m6463046852a4
2026-05-08T22:14:02+09:00,added,n37be7ce8e679,m0988ee24cf93
2026-05-08T22:14:02+09:00,added,n37be7ce8e679,m7325f611df66
2026-05-08T22:14:02+09:00,added,n37be7ce8e679,mb14c27a56b5e
2026-05-09T02:30:18+09:00,added,nf5fcdcfb8a24,m0988ee24cf93
2026-05-09T02:30:18+09:00,added,nf5fcdcfb8a24,m26d93ca7080b
2026-05-09T02:30:18+09:00,added,n37be7ce8e679,m3ed4b0ea704e
2026-05-09T02:30:18+09:00,added,n37be7ce8e679,mf2abfea66ec7
2026-05-09T02:30:18+09:00,added,n37be7ce8e679,m11881a67a893
2026-05-09T02:30:18+09:00,added,n37be7ce8e679,m3b898a691902
2026-05-09T02:30:18+09:00,added,n37be7ce8e679,m53a3c3b5d431
2026-05-09T02:30:18+09:00,added,n37be7ce8e679,m862869c2ff9e
2026-05-09T02:30:18+09:00,added,n37be7ce8e679,m7dfb2f05ab33
2026-05-09T02:30:18+09:00,added,n37be7ce8e679,m6c21ad4983da
2026-05-09T02:30:18+09:00,added,n37be7ce8e679,me83c41145054
2026-05-09T02:30:18+09:00,added,n37be7ce8e679,m30a248399fe0
2026-05-09T02:30:18+09:00,added,n1b1056d9277e,m6c21ad4983da
2026-05-09T02:30:18+09:00,added,n1b1056d9277e,m7dfb2f05ab33
2026-05-09T02:30:18+09:00,added,n1b1056d9277e,m862869c2ff9e
2026-05-09T02:30:18+09:00,added,n1b1056d9277e,m53a3c3b5d431
2026-05-09T02:30:18+09:00,added,n1b1056d9277e,m3b898a691902
2026-05-09T02:30:18+09:00,added,n1b1056d9277e,m11881a67a893
2026-05-09T02:30:18+09:00,added,n1b1056d9277e,mf2abfea66ec7
2026-05-09T02:30:18+09:00,added,n1b1056d9277e,mdb362d43e1a9
2026-05-09T02:30:18+09:00,added,n1b1056d9277e,m3ed4b0ea704e
2026-05-09T10:58:03+09:00,added,nf5fcdcfb8a24,mcf500208b8d9
2026-05-09T15:21:08+09:00,added,n1b1056d9277e,mfd182dd16323
2026-05-09T18:33:20+09:00,added,nf5fcdcfb8a24,m7afa428d1412
2026-05-09T18:33:20+09:00,added,n37be7ce8e679,m7afa428d1412
2026-05-09T18:33:20+09:00,added,n37be7ce8e679,m279994ac37dd
2026-05-09T21:58:01+09:00,added,nf5fcdcfb8a24,me39940554e5a
2026-05-09T21:58:01+09:00,added,nf5fcdcfb8a24,m6ff3417d7d3c
2026-05-09T21:58:01+09:00,added,nf5fcdcfb8a24,m18c09c59705e
2026-05-09T21:58:01+09:00,added,nf5fcdcfb8a24,m0102f820d986
2026-05-09T21:58:01+09:00,added,n37be7ce8e679,m18c09c59705e
2026-05-09T21:58:01+09:00,added,n37be7ce8e679,m0102f820d986
2026-05-09T21:58:01+09:00,added,n1b1056d9277e,m0988ee24cf93
2026-05-09T21:58:01+09:00,added,n33e3c3863799,m0988ee24cf93
2026-05-10T02:08:33+09:00,added,nb7d7969c0393,m366756297795
2026-05-10T02:08:33+09:00,added,nb7d7969c0393,m16095e384518
2026-05-10T02:08:33+09:00,added,nb7d7969c0393,m7bda8a37a8a5
2026-05-10T02:08:33+09:00,added,nb7d7969c0393,mae7d87e63b56
2026-05-10T02:08:33+09:00,added,nb7d7969c0393,m2788185b81a0
2026-05-10T02:08:33+09:00,added,nb7d7969c0393,me83c41145054
2026-05-10T02:08:33+09:00,added,nb7d7969c0393,m11881a67a893
2026-05-10T02:08:33+09:00,added,nb7d7969c0393,m3ed4b0ea704e
2026-05-10T02:08:33+09:00,added,nb7d7969c0393,m862869c2ff9e
2026-05-10T02:08:33+09:00,added,nb7d7969c0393,m53a3c3b5d431
2026-05-10T02:08:33+09:00,added,nb7d7969c0393,mf2abfea66ec7
2026-05-10T02:08:33+09:00,added,nb7d7969c0393,m6c21ad4983da
2026-05-10T02:08:33+09:00,added,nb7d7969c0393,m30a248399fe0
2026-05-10T02:08:33+09:00,added,n37be7ce8e679,m86d6a605b363
2026-05-10T05:47:54+09:00,added,nb7d7969c0393,mf7549c1ca230
2026-05-10T10:59:18+09:00,added,nf5fcdcfb8a24,m63e33c10fcb1
2026-05-10T10:59:18+09:00,added,nb7d7969c0393,m3ff81c0d23db
2026-05-10T10:59:18+09:00,added,nb7d7969c0393,m1c302a1d8d31
2026-05-10T15:38:52+09:00,added,nf5fcdcfb8a24,m28654e6bea0e
2026-05-10T15:38:52+09:00,added,nf5fcdcfb8a24,m2788185b81a0
2026-05-10T15:38:52+09:00,added,nb7d7969c0393,mdf249d5f08ec
2026-05-10T15:38:52+09:00,added,nb7d7969c0393,mdd702710eeb9
2026-05-10T18:51:40+09:00,added,nf5fcdcfb8a24,m0f6484462f7f
2026-05-10T18:51:40+09:00,added,nb7d7969c0393,mcf500208b8d9
2026-05-10T18:51:40+09:00,added,nb7d7969c0393,m2dbc23ccf397
2026-05-10T18:51:40+09:00,added,nb7d7969c0393,md87870710d29
2026-05-10T21:59:24+09:00,added,nb7d7969c0393,m5ca58e6bf38b
2026-05-10T21:59:24+09:00,added,nb7d7969c0393,m6463046852a4
2026-05-10T21:59:24+09:00,added,nde9807976547,m0988ee24cf93
2026-05-11T02:09:02+09:00,added,ndff03029f964,m366756297795
2026-05-11T02:09:02+09:00,added,ndff03029f964,m16095e384518
2026-05-11T02:09:02+09:00,added,ndff03029f964,me50627303786
2026-05-11T02:09:02+09:00,added,ndff03029f964,me83c41145054
2026-05-11T02:09:02+09:00,added,ndff03029f964,mae7d87e63b56
2026-05-11T02:09:02+09:00,added,ndff03029f964,md929b2a701ae
2026-05-11T02:09:02+09:00,added,nb7d7969c0393,m2aedf61ec5aa
2026-05-11T02:09:02+09:00,added,nb7d7969c0393,ma7f0c5b5d76e
2026-05-11T11:06:54+09:00,added,ndff03029f964,m3ff81c0d23db
2026-05-11T11:06:54+09:00,added,ndff03029f964,mf7f9952d6e72
2026-05-11T11:06:54+09:00,added,ndff03029f964,mdd702710eeb9
2026-05-11T11:06:54+09:00,added,nb7d7969c0393,m6484622342c0
2026-05-11T16:10:26+09:00,added,ndff03029f964,mfae7dc588911
2026-05-11T16:10:26+09:00,added,ndff03029f964,m6463046852a4
2026-05-11T16:10:26+09:00,added,ndff03029f964,mcf500208b8d9
2026-05-11T16:10:26+09:00,added,nb7d7969c0393,m05948736e17f
2026-05-11T16:10:26+09:00,added,nb7d7969c0393,mfae7dc588911
2026-05-11T16:10:26+09:00,added,n37be7ce8e679,mfae7dc588911
2026-05-11T16:10:26+09:00,added,n9c922f75c9b3,m11881a67a893
2026-05-11T16:10:26+09:00,added,n9c922f75c9b3,mf2abfea66ec7
2026-05-11T16:10:26+09:00,added,n9c922f75c9b3,m53a3c3b5d431
2026-05-11T16:10:26+09:00,added,n9c922f75c9b3,m862869c2ff9e
2026-05-11T20:39:08+09:00,added,nf5fcdcfb8a24,md1868a762043
2026-05-11T20:39:08+09:00,added,nf5fcdcfb8a24,m5ca58e6bf38b
2026-05-11T20:39:08+09:00,added,nb7d7969c0393,me50627303786
2026-05-11T20:39:08+09:00,added,n37be7ce8e679,m278d9869816c
2026-05-11T20:39:08+09:00,added,n37be7ce8e679,m1c85d4931804
2026-05-11T23:25:44+09:00,added,n127a4a306cb8,m366756297795
2026-05-11T23:25:44+09:00,added,n127a4a306cb8,m16095e384518
2026-05-11T23:25:44+09:00,added,n127a4a306cb8,mfc9d03c23504
2026-05-11T23:25:44+09:00,added,n127a4a306cb8,mae7d87e63b56
2026-05-11T23:25:44+09:00,added,n127a4a306cb8,m7325f611df66
2026-05-12T03:06:58+09:00,added,n127a4a306cb8,me83c41145054
2026-05-12T03:06:58+09:00,added,n127a4a306cb8,m26d93ca7080b
2026-05-12T03:06:58+09:00,added,n8237b72a4f5f,mfae41043bb0b
2026-05-12T03:06:58+09:00,removed,n8237b72a4f5f,me83c41145054
2026-05-12T06:23:10+09:00,added,n127a4a306cb8,mdd702710eeb9
2026-05-12T06:23:10+09:00,added,n127a4a306cb8,m3ff81c0d23db
2026-05-12T06:23:10+09:00,added,ndff03029f964,m82991598c83f
2026-05-12T11:02:59+09:00,added,n127a4a306cb8,m6463046852a4
2026-05-12T15:43:10+09:00,added,n127a4a306cb8,mcf500208b8d9
2026-05-12T15:43:10+09:00,added,n127a4a306cb8,m0f6484462f7f
2026-05-12T15:43:10+09:00,added,n127a4a306cb8,m2788185b81a0
2026-05-12T19:46:13+09:00,added,n8d6dbe502128,m366756297795
2026-05-12T19:46:13+09:00,added,n8d6dbe502128,m17f76b944423
2026-05-12T19:46:13+09:00,added,n8d6dbe502128,m16095e384518
2026-05-12T19:46:13+09:00,added,n8d6dbe502128,m18c09c59705e
2026-05-12T22:41:36+09:00,added,n8d6dbe502128,mae7d87e63b56
2026-05-12T22:41:36+09:00,added,n8d6dbe502128,me83c41145054
2026-05-12T22:41:36+09:00,added,n127a4a306cb8,me3590cc8b7e1
2026-05-13T03:11:20+09:00,added,n8d6dbe502128,m0988ee24cf93
2026-05-13T03:11:20+09:00,added,n8d6dbe502128,me50627303786
2026-05-13T06:23:38+09:00,added,n8d6dbe502128,m23c1b65814a0
2026-05-13T11:08:22+09:00,added,n127a4a306cb8,m279994ac37dd
2026-05-13T11:08:22+09:00,added,n127a4a306cb8,m6ff3417d7d3c
2026-05-13T11:08:22+09:00,added,nc75b6eb4eafe,m796bff88d394
2026-05-13T15:53:23+09:00,added,n127a4a306cb8,m740ac248bb64
2026-05-13T19:42:19+09:00,added,nf7728ef376f2,m366756297795
2026-05-13T19:42:19+09:00,added,nf7728ef376f2,m16095e384518
2026-05-13T19:42:19+09:00,added,nf7728ef376f2,mdd702710eeb9
2026-05-13T19:42:19+09:00,added,nf7728ef376f2,m248ca3ee7087
2026-05-13T19:42:19+09:00,added,nf7728ef376f2,mae7d87e63b56
2026-05-13T19:42:19+09:00,added,nf7728ef376f2,m7325f611df66
2026-05-13T19:42:19+09:00,added,n8d6dbe502128,m28654e6bea0e
2026-05-13T19:42:19+09:00,added,n37be7ce8e679,mcf500208b8d9
2026-05-13T23:08:48+09:00,added,nf7728ef376f2,maf52f9829666
2026-05-13T23:08:48+09:00,added,nf7728ef376f2,m6463046852a4
2026-05-13T23:08:48+09:00,added,nf7728ef376f2,m3ff81c0d23db
2026-05-13T23:08:48+09:00,added,nf7728ef376f2,m2788185b81a0
2026-05-13T23:08:48+09:00,added,nf7728ef376f2,me83c41145054
2026-05-13T23:08:48+09:00,added,nb7d7969c0393,mf0085690f455
2026-05-14T15:51:56+09:00,added,nf7728ef376f2,me50627303786
2026-05-14T15:51:56+09:00,added,n1a3c02edc33e,ma53088b6c588
2026-05-14T19:32:24+09:00,added,n23c1a7fdea7f,m366756297795
2026-05-14T19:32:24+09:00,added,n23c1a7fdea7f,m16095e384518
2026-05-14T19:32:24+09:00,added,n23c1a7fdea7f,mcf500208b8d9
2026-05-14T19:32:24+09:00,added,n23c1a7fdea7f,m18c09c59705e
2026-05-14T19:32:24+09:00,added,n23c1a7fdea7f,m0102f820d986
2026-05-14T19:32:24+09:00,added,n23c1a7fdea7f,md929b2a701ae
2026-05-14T19:32:24+09:00,added,nf7728ef376f2,m0f6484462f7f
2026-05-14T19:32:24+09:00,added,nf7728ef376f2,md1868a762043
2026-05-14T19:32:24+09:00,added,nb7d7969c0393,maf52f9829666
2026-05-14T22:34:16+09:00,added,nf5fcdcfb8a24,m740ac248bb64
2026-05-14T22:34:16+09:00,added,n23c1a7fdea7f,m3ff81c0d23db
2026-05-14T22:34:16+09:00,added,n23c1a7fdea7f,m0f6484462f7f
2026-05-14T22:34:16+09:00,added,n23c1a7fdea7f,mdd702710eeb9
2026-05-14T22:34:16+09:00,added,n23c1a7fdea7f,m7325f611df66
2026-05-14T22:34:16+09:00,added,n23c1a7fdea7f,m2788185b81a0
2026-05-14T22:34:16+09:00,added,n23c1a7fdea7f,mae7d87e63b56
2026-05-14T22:34:16+09:00,added,n23c1a7fdea7f,m6463046852a4
2026-05-15T03:02:31+09:00,added,n23c1a7fdea7f,m0988ee24cf93
2026-05-15T03:02:31+09:00,added,nf7728ef376f2,m0988ee24cf93
2026-05-15T03:02:31+09:00,added,nc75b6eb4eafe,mefaa6cf57469
2026-05-15T11:09:06+09:00,added,n23c1a7fdea7f,m54b2ccd56b12
2026-05-15T16:02:18+09:00,added,nc7e45edb073a,mae7d87e63b56
2026-05-15T16:02:18+09:00,added,n23c1a7fdea7f,m796bff88d394
2026-05-15T16:02:18+09:00,added,ne97ea9c6de27,m11f968fbad6d
2026-05-15T16:02:18+09:00,added,ne97ea9c6de27,mc7579d059f4e
2026-05-15T19:38:20+09:00,added,nc7e45edb073a,m2788185b81a0
2026-05-15T19:38:20+09:00,added,nc7e45edb073a,mcf500208b8d9
2026-05-15T19:38:20+09:00,added,nc7e45edb073a,m16095e384518
2026-05-15T19:38:20+09:00,added,nc7e45edb073a,m366756297795
2026-05-15T19:38:20+09:00,added,n23c1a7fdea7f,m2aedf61ec5aa
2026-05-15T19:38:20+09:00,added,n23c1a7fdea7f,mbda81785b82c
2026-05-15T19:38:20+09:00,added,n23c1a7fdea7f,m3d538212a7f5
2026-05-15T19:38:20+09:00,added,n23c1a7fdea7f,ma7f0c5b5d76e
2026-05-15T19:38:20+09:00,added,n23c1a7fdea7f,m155f8fdb5ab9
2026-05-15T19:38:20+09:00,added,n23c1a7fdea7f,m26631bce74dd
2026-05-15T22:33:06+09:00,added,nc7e45edb073a,m6d3400fb7014
2026-05-15T22:33:06+09:00,added,nc7e45edb073a,m7325f611df66
2026-05-16T02:50:55+09:00,added,n76e728af4f95,me83c41145054
2026-05-16T02:50:55+09:00,added,nc7e45edb073a,m30a248399fe0
2026-05-16T02:50:55+09:00,added,nf7728ef376f2,m30a248399fe0
2026-05-16T06:05:48+09:00,added,n76e728af4f95,m46a2519eae0a
2026-05-16T11:01:40+09:00,added,n76e728af4f95,mdf249d5f08ec
2026-05-16T11:01:40+09:00,added,n76e728af4f95,mcd9b664d59b6
2026-05-16T11:01:40+09:00,added,n76e728af4f95,m4870f440d18d
2026-05-16T11:01:40+09:00,added,n76e728af4f95,m2788185b81a0
2026-05-16T18:53:48+09:00,added,n76e728af4f95,m0f6484462f7f
2026-05-16T18:53:48+09:00,added,n76e728af4f95,md1868a762043
2026-05-16T18:53:48+09:00,added,n76e728af4f95,mcf500208b8d9
2026-05-16T22:02:48+09:00,added,nf5fcdcfb8a24,mbe0b53f0ac52
2026-05-16T22:02:48+09:00,added,n76e728af4f95,m6463046852a4
2026-05-16T22:02:48+09:00,added,n76e728af4f95,md87870710d29
2026-05-16T22:02:48+09:00,added,n76e728af4f95,m8165251c0d76
2026-05-17T02:11:13+09:00,added,n76e728af4f95,mdaf375e22f17
2026-05-17T11:05:19+09:00,added,n331f4016f150,mdd702710eeb9
2026-05-17T11:05:19+09:00,added,n331f4016f150,m4870f440d18d
2026-05-17T11:05:19+09:00,added,n331f4016f150,mcd9b664d59b6
2026-05-17T11:05:19+09:00,added,n331f4016f150,m28654e6bea0e
2026-05-17T15:51:28+09:00,added,n331f4016f150,m6463046852a4
2026-05-17T15:51:28+09:00,added,n331f4016f150,m768b3f4cf6e4
2026-05-17T15:51:28+09:00,added,n331f4016f150,mcf500208b8d9
2026-05-17T15:51:28+09:00,added,n76e728af4f95,m768b3f4cf6e4
2026-05-17T15:51:28+09:00,added,nc7e45edb073a,m0988ee24cf93
2026-05-17T15:51:28+09:00,added,n23c1a7fdea7f,maf52f9829666
2026-05-17T19:00:27+09:00,added,nf5fcdcfb8a24,m5e0b116a568a
2026-05-17T19:00:27+09:00,added,nf5fcdcfb8a24,m34fbc48bcda0
2026-05-17T19:00:27+09:00,added,n331f4016f150,m7325f611df66
2026-05-17T19:00:27+09:00,added,n331f4016f150,md1868a762043
2026-05-17T21:58:37+09:00,added,ne97ea9c6de27,mca8fa02a545a
2026-05-18T02:10:01+09:00,added,n76e728af4f95,m824b5344ce5f
2026-05-18T02:10:01+09:00,added,n76e728af4f95,m0988ee24cf93
2026-05-18T02:10:01+09:00,added,nc7e45edb073a,m86d6a605b363
2026-05-18T02:10:01+09:00,added,nf7728ef376f2,m26631bce74dd
2026-05-18T02:10:01+09:00,added,nf7728ef376f2,m155f8fdb5ab9
2026-05-18T11:15:24+09:00,added,nf20463e6b5e5,m366756297795
2026-05-18T11:15:24+09:00,added,nf20463e6b5e5,m16095e384518
2026-05-18T11:15:24+09:00,added,nf20463e6b5e5,m7bda8a37a8a5
2026-05-18T11:15:24+09:00,added,nf20463e6b5e5,m75dba2f0793c
2026-05-18T11:15:24+09:00,added,nf20463e6b5e5,m6463046852a4
2026-05-18T11:15:24+09:00,added,nf20463e6b5e5,m2788185b81a0
2026-05-18T11:15:24+09:00,added,nf20463e6b5e5,m3ff81c0d23db
2026-05-18T11:15:24+09:00,added,nf20463e6b5e5,m28654e6bea0e
2026-05-18T17:05:49+09:00,added,nf20463e6b5e5,ma7f0c5b5d76e
2026-05-18T17:05:49+09:00,added,nf20463e6b5e5,m26631bce74dd
2026-05-18T17:05:49+09:00,added,nf20463e6b5e5,m46a2519eae0a
2026-05-18T17:05:49+09:00,added,nf20463e6b5e5,m3e02f69f0d66
2026-05-18T17:05:49+09:00,added,nf20463e6b5e5,mcf500208b8d9
2026-05-18T17:05:49+09:00,added,nf20463e6b5e5,md1868a762043
2026-05-18T17:05:49+09:00,added,nf20463e6b5e5,mdd702710eeb9
2026-05-18T17:05:49+09:00,added,n76e728af4f95,ma53088b6c588
2026-05-18T20:58:54+09:00,added,nf20463e6b5e5,mae7d87e63b56
2026-05-18T20:58:54+09:00,added,nf20463e6b5e5,m7325f611df66
2026-05-18T20:58:54+09:00,added,n331f4016f150,m8165251c0d76
2026-05-18T20:58:54+09:00,added,n331f4016f150,mdf249d5f08ec
2026-05-18T20:58:54+09:00,added,n331f4016f150,m0988ee24cf93
2026-05-18T20:58:54+09:00,added,n779c0520c2c6,m7325f611df66
2026-05-18T20:58:54+09:00,added,n37f8773ddd8e,m5e54fbcf6675
2026-05-18T20:58:54+09:00,added,n37f8773ddd8e,m2dcb848f8d08
2026-05-18T20:58:54+09:00,added,n37f8773ddd8e,m7325f611df66
2026-05-18T20:58:54+09:00,added,n1e72e4935c69,mc6b9890b3102
2026-05-18T20:58:54+09:00,added,n1e72e4935c69,md5a7d5d7534c
2026-05-18T20:58:54+09:00,added,n1e72e4935c69,mad0dcca8d03e
2026-05-18T20:58:54+09:00,added,n1e72e4935c69,m17f76b944423
2026-05-18T20:58:54+09:00,added,n1e72e4935c69,m23c1b65814a0
2026-05-18T20:58:54+09:00,added,nbfffc455fd21,m7325f611df66
2026-05-18T20:58:54+09:00,added,nbfffc455fd21,m5bdd94e01dac
2026-05-18T20:58:54+09:00,added,n732ab70be001,m7325f611df66
2026-05-18T20:58:54+09:00,added,n4c134546bce8,m7325f611df66
2026-05-18T20:58:54+09:00,added,n4c134546bce8,m2dcb848f8d08
2026-05-18T20:58:54+09:00,added,nd517b7f0cd2e,m26631bce74dd
2026-05-18T20:58:54+09:00,added,nd517b7f0cd2e,m87f25c8ab4b1
2026-05-18T20:58:54+09:00,added,nd517b7f0cd2e,m0f6484462f7f
2026-05-18T20:58:54+09:00,added,nd517b7f0cd2e,m5bdd94e01dac
2026-05-18T20:58:54+09:00,added,nd517b7f0cd2e,mcbee9243254d
2026-05-18T20:58:54+09:00,added,nd517b7f0cd2e,m7325f611df66
2026-05-18T20:58:54+09:00,added,nd517b7f0cd2e,m72ba40851c43
2026-05-18T20:58:54+09:00,added,n08adc720072e,m7325f611df66
2026-05-18T20:58:54+09:00,added,na4f712ebd8c3,m26631bce74dd
2026-05-18T20:58:54+09:00,added,na4f712ebd8c3,m279994ac37dd
2026-05-18T20:58:54+09:00,added,na4f712ebd8c3,m7325f611df66
2026-05-18T20:58:54+09:00,added,ne5db80d5a100,m26631bce74dd
2026-05-18T20:58:54+09:00,added,ne5db80d5a100,mcbee9243254d
2026-05-18T20:58:54+09:00,added,ne5db80d5a100,m8f50c2311d35
2026-05-18T20:58:54+09:00,added,ne5db80d5a100,m5bdd94e01dac
2026-05-18T20:58:54+09:00,added,ne5db80d5a100,m0f6484462f7f
2026-05-18T20:58:54+09:00,added,ne5db80d5a100,meaf86c17e1d8
2026-05-18T20:58:54+09:00,added,ne5db80d5a100,m72ba40851c43
2026-05-18T20:58:54+09:00,added,n707aa25e63ba,m7325f611df66
2026-05-18T20:58:54+09:00,added,n6e6ebeabe960,m8531e02a2f58
2026-05-18T20:58:54+09:00,added,n6e6ebeabe960,mcc8c36323777
2026-05-18T20:58:54+09:00,added,n1584dc171972,m5bdd94e01dac
2026-05-18T20:58:54+09:00,added,n1584dc171972,mcbee9243254d
2026-05-18T20:58:54+09:00,added,n1584dc171972,meaf86c17e1d8
2026-05-18T20:58:54+09:00,added,n82273af9a338,m5bdd94e01dac
2026-05-18T20:58:54+09:00,added,n82273af9a338,mcbee9243254d
2026-05-18T20:58:54+09:00,added,n82273af9a338,m5542e6bb2dac
2026-05-18T20:58:54+09:00,added,n82273af9a338,m6484622342c0
2026-05-18T20:58:54+09:00,added,n452e9867f6a3,mcbee9243254d
2026-05-18T20:58:54+09:00,added,n452e9867f6a3,m26631bce74dd
2026-05-18T20:58:54+09:00,added,n452e9867f6a3,m7a211e791d81
2026-05-18T20:58:54+09:00,added,n452e9867f6a3,m0f6484462f7f
2026-05-18T20:58:54+09:00,added,n452e9867f6a3,mf5140383ad51
2026-05-18T20:58:54+09:00,added,n452e9867f6a3,m5bdd94e01dac
2026-05-18T20:58:54+09:00,added,n452e9867f6a3,m2dcb848f8d08
2026-05-18T20:58:54+09:00,added,n452e9867f6a3,m8531e02a2f58
2026-05-18T20:58:54+09:00,added,n452e9867f6a3,me4a94f7fe10b
2026-05-18T20:58:54+09:00,added,n452e9867f6a3,me0a7e3361736
2026-05-18T20:58:54+09:00,added,n452e9867f6a3,mae7d87e63b56
2026-05-18T20:58:54+09:00,added,n452e9867f6a3,mc3c452aad6f3
2026-05-18T20:58:54+09:00,added,n452e9867f6a3,m016668fc27da
2026-05-18T20:58:54+09:00,added,n452e9867f6a3,m3ab816915c88
2026-05-18T20:58:54+09:00,added,n452e9867f6a3,m7325f611df66
2026-05-18T20:58:54+09:00,added,n452e9867f6a3,m29570292c1bc
2026-05-18T20:58:54+09:00,added,n452e9867f6a3,m477950f031a4
2026-05-18T20:58:54+09:00,added,n452e9867f6a3,m0988ee24cf93
2026-05-18T20:58:54+09:00,added,n452e9867f6a3,m9577a282f0ed
2026-05-18T20:58:54+09:00,added,n452e9867f6a3,m796bff88d394
2026-05-18T20:58:54+09:00,added,n8afb3716f2d3,mdd702710eeb9
2026-05-18T20:58:54+09:00,added,n62f4c5a10c6a,m5bdd94e01dac
2026-05-18T20:58:54+09:00,added,n62f4c5a10c6a,mdd557951046e
2026-05-18T20:58:54+09:00,added,n62f4c5a10c6a,mb47b41afa0e2
2026-05-18T20:58:54+09:00,added,n62f4c5a10c6a,m0988ee24cf93
2026-05-18T20:58:54+09:00,added,n62f4c5a10c6a,mdd702710eeb9
2026-05-18T20:58:54+09:00,added,n62f4c5a10c6a,mdb1531090460
2026-05-18T23:59:27+09:00,added,n331f4016f150,m26d93ca7080b
2026-05-18T23:59:27+09:00,added,nc7e45edb073a,mbe0b53f0ac52
2026-05-19T11:16:11+09:00,added,n2eb862ee53c9,mefaa6cf57469
2026-05-19T16:48:58+09:00,added,nf20463e6b5e5,mf7f9952d6e72
2026-05-19T16:48:58+09:00,added,n331f4016f150,ma53088b6c588
2026-05-19T20:34:15+09:00,added,n315ca6f819b3,m366756297795
2026-05-19T20:34:15+09:00,added,n315ca6f819b3,m17f76b944423
2026-05-19T20:34:15+09:00,added,n315ca6f819b3,m16095e384518
2026-05-19T20:34:15+09:00,added,n315ca6f819b3,m18c09c59705e
2026-05-19T20:34:15+09:00,added,n315ca6f819b3,m0102f820d986
2026-05-19T20:34:15+09:00,added,n315ca6f819b3,m28654e6bea0e
2026-05-19T20:34:15+09:00,added,n76e728af4f95,m5c87df568874
2026-05-19T20:34:15+09:00,added,ndff03029f964,m6f829c4b85b6
2026-05-19T20:34:15+09:00,added,ndff03029f964,m2aedf61ec5aa
2026-05-19T23:39:28+09:00,added,n315ca6f819b3,mae7d87e63b56
2026-05-20T11:14:07+09:00,added,n315ca6f819b3,m23c1b65814a0
2026-05-20T11:14:07+09:00,added,n315ca6f819b3,mdd702710eeb9
2026-05-20T11:14:07+09:00,added,n315ca6f819b3,m6295830f903e
2026-05-20T11:14:07+09:00,added,nf20463e6b5e5,mef3e6ed657c6
2026-05-20T11:14:07+09:00,added,nc7e45edb073a,ma53088b6c588
2026-05-20T20:04:01+09:00,added,nfead605fba9c,m366756297795
2026-05-20T20:04:01+09:00,added,nfead605fba9c,m75cf56291294
2026-05-20T20:04:01+09:00,added,nfead605fba9c,m16095e384518
2026-05-20T20:04:01+09:00,added,nfead605fba9c,m7bda8a37a8a5
2026-05-20T20:04:01+09:00,added,nfead605fba9c,mf2d7c09eeca9
2026-05-20T20:04:01+09:00,added,nfead605fba9c,m18c09c59705e
2026-05-20T20:04:01+09:00,added,nfead605fba9c,m745d6c32443a
2026-05-20T20:04:01+09:00,added,nfead605fba9c,m0102f820d986
2026-05-20T20:04:01+09:00,added,nfead605fba9c,m1be7ce2dd479
2026-05-20T20:04:01+09:00,added,nfead605fba9c,m717c5f77b79f
2026-05-20T20:04:01+09:00,added,nfead605fba9c,m500f8b17af7f
2026-05-20T20:04:01+09:00,added,nfead605fba9c,m18bbc62ac6eb
2026-05-20T20:04:01+09:00,added,nfead605fba9c,me50627303786
2026-05-20T20:04:01+09:00,added,nfead605fba9c,mae7d87e63b56
2026-05-20T20:04:01+09:00,added,n76e728af4f95,mf7bb06c04d02
2026-05-20T23:38:48+09:00,added,nfead605fba9c,m0860a4ddde2e
2026-05-20T23:38:48+09:00,added,nfead605fba9c,me39940554e5a
2026-05-20T23:38:48+09:00,added,nfead605fba9c,m2788185b81a0
2026-05-20T23:38:48+09:00,added,nfead605fba9c,mdd702710eeb9
2026-05-20T23:38:48+09:00,added,nfead605fba9c,me40727335eb0
2026-05-20T23:38:48+09:00,added,nfead605fba9c,m2b8747d2fb88
2026-05-20T23:38:48+09:00,added,nfead605fba9c,mf98aa7fee184
2026-05-20T23:38:48+09:00,added,nfead605fba9c,md5a7d5d7534c
2026-05-20T23:38:48+09:00,added,nfead605fba9c,m48b884abb9d9
2026-05-20T23:38:48+09:00,added,nfead605fba9c,m7325f611df66
2026-05-20T23:38:48+09:00,added,nfead605fba9c,mf7f9952d6e72
2026-05-20T23:38:48+09:00,added,nfead605fba9c,mfae41043bb0b
2026-05-20T23:38:48+09:00,added,nfead605fba9c,me83c41145054
2026-05-20T23:38:48+09:00,added,nfead605fba9c,m47ad56a9b500
2026-05-20T23:38:48+09:00,added,nfead605fba9c,mfdabb12c06bd
2026-05-20T23:38:48+09:00,added,nf20463e6b5e5,m0988ee24cf93
2026-05-21T06:58:15+09:00,added,nfead605fba9c,mb14c27a56b5e
2026-05-21T11:13:58+09:00,removed,nf5fcdcfb8a24,me83c41145054
2026-05-21T11:13:58+09:00,added,nfead605fba9c,m7afa428d1412
2026-05-21T11:13:58+09:00,removed,n8d6dbe502128,me83c41145054
2026-05-21T11:13:58+09:00,removed,n127a4a306cb8,me83c41145054
2026-05-21T11:13:58+09:00,removed,n81a51b30e0cc,me83c41145054
2026-05-21T16:53:17+09:00,added,nfead605fba9c,m6463046852a4
2026-05-21T16:53:17+09:00,removed,nfead605fba9c,m0860a4ddde2e
2026-05-21T16:53:17+09:00,added,ne8a1019d4c27,m366756297795
2026-05-21T16:53:17+09:00,added,ne8a1019d4c27,m75cf56291294
2026-05-21T16:53:17+09:00,added,ne8a1019d4c27,m16095e384518
2026-05-21T16:53:17+09:00,added,ne8a1019d4c27,m75dba2f0793c
2026-05-21T16:53:17+09:00,added,ne8a1019d4c27,mdd702710eeb9
2026-05-21T16:53:17+09:00,added,ne8a1019d4c27,m5c87df568874
2026-05-21T16:53:17+09:00,added,ne8a1019d4c27,m2788185b81a0
2026-05-21T20:40:49+09:00,added,ne8a1019d4c27,m28654e6bea0e
2026-05-21T20:40:49+09:00,added,ne8a1019d4c27,m0f6484462f7f
2026-05-21T20:40:49+09:00,added,ne8a1019d4c27,me39940554e5a
2026-05-21T20:40:49+09:00,added,ne8a1019d4c27,mae7d87e63b56
2026-05-21T20:40:49+09:00,added,ne8a1019d4c27,me40727335eb0
2026-05-21T20:40:49+09:00,added,ne8a1019d4c27,m7325f611df66
2026-05-21T23:46:59+09:00,added,nfead605fba9c,m6d69812caeed
2026-05-21T23:46:59+09:00,added,nfead605fba9c,m264cc95bf357
2026-05-21T23:46:59+09:00,added,ne8a1019d4c27,m768b3f4cf6e4
2026-05-21T23:46:59+09:00,added,ne8a1019d4c27,mef3e6ed657c6
2026-05-22T06:33:50+09:00,added,ne8a1019d4c27,m05948736e17f
2026-05-22T06:33:50+09:00,removed,n2eb862ee53c9,m0b884fd64511
2026-05-22T11:15:04+09:00,added,ne8a1019d4c27,mdf249d5f08ec
2026-05-22T11:15:04+09:00,added,ne8a1019d4c27,m46a2519eae0a
2026-05-22T11:15:04+09:00,added,ne8a1019d4c27,m0e5fd2793b26
2026-05-22T11:15:04+09:00,added,n315ca6f819b3,m278d9869816c
2026-05-22T11:15:04+09:00,added,n315ca6f819b3,m32528b24bba4
2026-05-22T11:15:04+09:00,added,n315ca6f819b3,m1c85d4931804
2026-05-22T16:48:51+09:00,added,n331f4016f150,m6b65ceacc285
2026-05-22T20:04:56+09:00,added,nfead605fba9c,m5fe3950e6855
2026-05-22T20:04:56+09:00,added,ne8a1019d4c27,m0988ee24cf93
2026-05-22T20:04:56+09:00,added,nc7e45edb073a,m5c87df568874
2026-05-22T23:19:19+09:00,added,nfe4c7d12b749,m0988ee24cf93
2026-05-22T23:19:19+09:00,added,nfe4c7d12b749,m366756297795
2026-05-22T23:19:19+09:00,added,nfe4c7d12b749,m16095e384518
2026-05-22T23:19:19+09:00,added,nfe4c7d12b749,mae7d87e63b56
2026-05-22T23:19:19+09:00,added,nfe4c7d12b749,m28654e6bea0e
2026-05-22T23:19:19+09:00,added,nfe4c7d12b749,m7325f611df66
2026-05-22T23:19:19+09:00,added,ne8a1019d4c27,m6463046852a4
2026-05-22T23:19:19+09:00,added,ne8a1019d4c27,me50627303786
2026-05-23T11:05:23+09:00,added,nfe4c7d12b749,m23c1b65814a0
2026-05-23T11:05:23+09:00,added,ne8a1019d4c27,m23c1b65814a0
2026-05-23T11:05:23+09:00,added,ne8a1019d4c27,m0068fe4e5ee5
2026-05-23T15:39:39+09:00,added,ne8a1019d4c27,m155f8fdb5ab9
2026-05-24T02:13:01+09:00,added,n2e66e82edf32,m28654e6bea0e
2026-05-24T02:13:01+09:00,added,n2e66e82edf32,mae7d87e63b56
2026-05-24T02:13:01+09:00,added,n2e66e82edf32,me39940554e5a
2026-05-24T02:13:01+09:00,added,n2e66e82edf32,me83c41145054
2026-05-24T02:13:01+09:00,added,n2e66e82edf32,mfae41043bb0b
2026-05-24T02:13:01+09:00,added,n2e66e82edf32,m16095e384518
2026-05-24T02:13:01+09:00,added,n2e66e82edf32,m366756297795
2026-05-24T02:13:01+09:00,added,n2e66e82edf32,m2788185b81a0
2026-05-24T02:13:01+09:00,added,n2e66e82edf32,m0988ee24cf93
2026-05-24T02:13:01+09:00,added,nc5ae30b85408,md89c318eb21b
2026-05-24T11:11:35+09:00,added,n2e66e82edf32,m3ff81c0d23db
2026-05-24T11:11:35+09:00,added,n2e66e82edf32,mdd702710eeb9
2026-05-24T11:11:35+09:00,added,n2e66e82edf32,m6463046852a4
2026-05-24T16:06:16+09:00,added,n2e66e82edf32,m18c09c59705e
2026-05-24T16:06:16+09:00,added,n2e66e82edf32,m0102f820d986
2026-05-24T16:06:16+09:00,added,ne8a1019d4c27,mfc9d03c23504
2026-05-24T19:08:24+09:00,added,nfead605fba9c,m441ca83d8993
2026-05-24T19:08:24+09:00,added,n2e66e82edf32,m441ca83d8993
2026-05-24T19:08:24+09:00,added,n2e66e82edf32,m7325f611df66
2026-05-24T22:08:07+09:00,added,n8fe53895441a,m366756297795
2026-05-24T22:08:07+09:00,added,n8fe53895441a,m16095e384518
2026-05-24T22:08:07+09:00,added,n8fe53895441a,m18c09c59705e
2026-05-24T22:08:07+09:00,added,n8fe53895441a,m0102f820d986
2026-05-24T22:08:07+09:00,added,n8fe53895441a,m8f50c2311d35
2026-05-24T22:08:07+09:00,added,n8fe53895441a,m1be7ce2dd479
2026-05-24T22:08:07+09:00,added,n8fe53895441a,m2788185b81a0
2026-05-24T22:08:07+09:00,added,n8fe53895441a,mfae41043bb0b
2026-05-24T22:08:07+09:00,added,n8fe53895441a,me83c41145054
2026-05-24T22:08:07+09:00,added,n8fe53895441a,m0f6484462f7f
2026-05-24T22:08:07+09:00,added,n8fe53895441a,m8531e02a2f58
2026-05-24T22:08:07+09:00,added,n8fe53895441a,me40727335eb0
2026-05-24T22:08:07+09:00,added,n8fe53895441a,mf7549c1ca230
2026-05-24T22:08:07+09:00,added,n8fe53895441a,m5fe3950e6855
2026-05-24T22:08:07+09:00,added,n8fe53895441a,m6463046852a4
2026-05-24T22:08:07+09:00,added,n8fe53895441a,mae7d87e63b56
2026-05-24T22:08:07+09:00,added,n8fe53895441a,m47ad56a9b500
2026-05-24T22:08:07+09:00,added,n315ca6f819b3,m8531e02a2f58
2026-05-24T22:08:07+09:00,added,n315ca6f819b3,m0f6484462f7f
2026-05-25T02:14:58+09:00,added,n8fe53895441a,m28654e6bea0e
2026-05-25T02:14:58+09:00,added,n8fe53895441a,m0988ee24cf93
2026-05-25T02:14:58+09:00,added,n8fe53895441a,m6484622342c0
2026-05-25T05:56:26+09:00,added,n8fe53895441a,mb14c27a56b5e
2026-05-25T05:56:26+09:00,added,n8fe53895441a,me39940554e5a
2026-05-25T11:20:06+09:00,added,n2e66e82edf32,m46a2519eae0a
2026-05-25T17:23:54+09:00,added,nfead605fba9c,m5ca58e6bf38b
2026-05-25T17:23:54+09:00,added,n8fe53895441a,m1c302a1d8d31
2026-05-25T17:23:54+09:00,added,n8fe53895441a,m75dba2f0793c
2026-05-25T17:23:54+09:00,added,n8fe53895441a,m89905205cf84
2026-05-25T17:23:54+09:00,added,n8fe53895441a,mdf249d5f08ec
2026-05-25T17:23:54+09:00,added,n8fe53895441a,m26631bce74dd
2026-05-25T17:23:54+09:00,added,n1b1056d9277e,mb607a414c367
2026-05-25T21:05:32+09:00,added,n2ec54f9e383b,me50627303786
2026-05-25T21:05:32+09:00,added,n2ec54f9e383b,m18c09c59705e
2026-05-25T21:05:32+09:00,added,n2ec54f9e383b,m0102f820d986
2026-05-25T21:05:32+09:00,added,n2ec54f9e383b,m2788185b81a0
2026-05-25T21:05:32+09:00,added,n2ec54f9e383b,m28654e6bea0e
2026-05-25T21:05:32+09:00,added,n2ec54f9e383b,m6463046852a4
2026-05-25T21:05:32+09:00,added,n2ec54f9e383b,m05948736e17f
2026-05-25T23:37:42+09:00,added,n2ec54f9e383b,m7325f611df66
2026-05-25T23:37:42+09:00,added,n2ec54f9e383b,m0988ee24cf93
2026-05-25T23:37:42+09:00,added,n2ec54f9e383b,mae7d87e63b56
2026-05-25T23:37:42+09:00,added,n8fe53895441a,m862869c2ff9e
2026-05-25T23:37:42+09:00,added,n8fe53895441a,m3ed4b0ea704e
2026-05-25T23:37:42+09:00,added,n8fe53895441a,mf2abfea66ec7
2026-05-25T23:37:42+09:00,added,n8fe53895441a,m53a3c3b5d431
2026-05-25T23:37:42+09:00,added,n8fe53895441a,m11881a67a893
2026-05-25T23:37:42+09:00,added,n8fe53895441a,m6c21ad4983da
2026-05-26T11:10:02+09:00,added,n2ec54f9e383b,mdd702710eeb9
2026-05-26T11:10:02+09:00,added,ndff03029f964,m441ca83d8993
2026-05-26T11:10:02+09:00,removed,ndff03029f964,mfae7dc588911
2026-05-26T11:10:02+09:00,added,nb7d7969c0393,m441ca83d8993
2026-05-26T11:10:02+09:00,removed,nb7d7969c0393,mfae7dc588911
2026-05-26T11:10:02+09:00,added,n37be7ce8e679,m441ca83d8993
2026-05-26T11:10:02+09:00,removed,n37be7ce8e679,mfae7dc588911
2026-05-26T16:47:26+09:00,added,n2ec54f9e383b,m46a2519eae0a
2026-05-26T16:47:26+09:00,added,n2ec54f9e383b,m5ca58e6bf38b
2026-05-26T23:42:52+09:00,added,n8e4af6cb1956,m366756297795
2026-05-26T23:42:52+09:00,added,n8e4af6cb1956,m17f76b944423
2026-05-26T23:42:52+09:00,added,n8e4af6cb1956,m16095e384518
2026-05-26T23:42:52+09:00,added,n8e4af6cb1956,ma9ff6f94a575
2026-05-26T23:42:52+09:00,added,n8e4af6cb1956,m23c1b65814a0
2026-05-26T23:42:52+09:00,added,n8e4af6cb1956,mdd702710eeb9
2026-05-26T23:42:52+09:00,added,n8e4af6cb1956,m28654e6bea0e
2026-05-26T23:42:52+09:00,added,n8e4af6cb1956,mae7d87e63b56
2026-05-26T23:42:52+09:00,added,n8e4af6cb1956,m0988ee24cf93
2026-05-26T23:42:52+09:00,added,n8fe53895441a,m824b5344ce5f
2026-05-27T06:48:45+09:00,added,n8fe53895441a,mfafaf487dd94
2026-05-27T17:06:52+09:00,added,nabce5cd731cb,m366756297795
2026-05-27T17:06:52+09:00,added,nabce5cd731cb,m16095e384518
2026-05-27T17:06:52+09:00,added,nabce5cd731cb,me50627303786
2026-05-27T17:06:52+09:00,added,nabce5cd731cb,m46a2519eae0a
2026-05-27T17:06:52+09:00,added,nabce5cd731cb,mf7549c1ca230
2026-05-27T17:06:52+09:00,added,nabce5cd731cb,m3ff81c0d23db
2026-05-27T17:06:52+09:00,added,nabce5cd731cb,m28654e6bea0e
2026-05-27T17:06:52+09:00,added,nabce5cd731cb,m6463046852a4
2026-05-27T17:06:52+09:00,added,nabce5cd731cb,m2788185b81a0
2026-05-27T17:06:52+09:00,added,nabce5cd731cb,m89905205cf84
2026-05-27T17:06:52+09:00,added,nf7728ef376f2,m0b80ca86da4b
2026-05-27T23:59:25+09:00,added,nabce5cd731cb,ma7f0c5b5d76e
2026-05-27T23:59:25+09:00,added,nabce5cd731cb,m0f6484462f7f
2026-05-27T23:59:25+09:00,added,nabce5cd731cb,mae7d87e63b56
2026-05-27T23:59:25+09:00,added,nabce5cd731cb,m7325f611df66
2026-05-28T11:02:05+09:00,added,nabce5cd731cb,mdf249d5f08ec
2026-05-28T11:02:05+09:00,added,n127a4a306cb8,m11881a67a893
2026-05-28T11:02:05+09:00,added,n127a4a306cb8,m862869c2ff9e
2026-05-28T11:02:05+09:00,added,n127a4a306cb8,m53a3c3b5d431
2026-05-28T11:02:05+09:00,added,n127a4a306cb8,m3ed4b0ea704e
2026-05-28T11:02:05+09:00,added,n127a4a306cb8,mf2abfea66ec7
2026-05-28T11:02:05+09:00,added,n127a4a306cb8,m6c21ad4983da
2026-05-28T17:01:17+09:00,added,n8e4af6cb1956,m7afa428d1412
2026-05-28T17:01:17+09:00,added,n8fe53895441a,m7afa428d1412
2026-05-28T17:01:17+09:00,added,n2eb862ee53c9,ma53088b6c588
2026-05-28T17:01:17+09:00,added,n8f85d90473a4,m796bff88d394
2026-05-28T20:52:54+09:00,added,n4f078c91071c,m366756297795
2026-05-28T20:52:54+09:00,added,n4f078c91071c,m16095e384518
2026-05-28T20:52:54+09:00,added,n4f078c91071c,m18c09c59705e
2026-05-28T20:52:54+09:00,added,n4f078c91071c,m05948736e17f
2026-05-28T20:52:54+09:00,added,n4f078c91071c,m28654e6bea0e
2026-05-28T20:52:54+09:00,added,n4f078c91071c,me50627303786
2026-05-28T20:52:54+09:00,added,n4f078c91071c,mae7d87e63b56
2026-05-28T20:52:54+09:00,added,nabce5cd731cb,m973ebf4a2ca1
2026-05-28T20:52:54+09:00,added,nabce5cd731cb,m30a248399fe0
2026-05-28T20:52:54+09:00,added,n8fe53895441a,m768b3f4cf6e4
2026-05-28T21:48:17+09:00,added,n4f078c91071c,m7325f611df66
2026-05-29T00:09:45+09:00,added,n4f078c91071c,m0988ee24cf93
2026-05-29T00:09:45+09:00,added,nceb115a43e7a,m0988ee24cf93
2026-05-29T11:12:01+09:00,added,nfead605fba9c,mb607a414c367
2026-05-29T11:12:01+09:00,added,nabce5cd731cb,mb607a414c367
2026-05-29T16:58:21+09:00,added,nabce5cd731cb,mcfb4fd7ba28a
2026-05-29T16:58:21+09:00,added,nabce5cd731cb,maf52f9829666
2026-05-29T16:58:21+09:00,added,n8fe53895441a,m46a2519eae0a
2026-05-29T16:58:21+09:00,added,na0f0ca6f31b5,m0b80ca86da4b
2026-05-29T20:43:42+09:00,added,n4b4207725b1c,m366756297795
2026-05-29T20:43:42+09:00,added,n4b4207725b1c,m17f76b944423
2026-05-29T20:43:42+09:00,added,n4b4207725b1c,m16095e384518
2026-05-29T20:43:42+09:00,added,n4b4207725b1c,m23c1b65814a0
2026-05-29T20:43:42+09:00,added,n4b4207725b1c,mae7d87e63b56
2026-05-29T20:43:42+09:00,added,n4b4207725b1c,m28654e6bea0e
2026-05-29T20:43:42+09:00,added,n4b4207725b1c,m18c09c59705e
2026-05-29T20:43:42+09:00,added,n4f078c91071c,mf9eb5baf8361
2026-05-29T20:43:42+09:00,added,n4f078c91071c,me39940554e5a
2026-05-29T23:42:52+09:00,added,nfead605fba9c,m30a248399fe0
2026-05-30T03:45:54+09:00,added,n4b4207725b1c,ma9ff6f94a575
2026-05-30T03:45:54+09:00,added,n4b4207725b1c,m0988ee24cf93
2026-05-30T11:06:36+09:00,added,n4b4207725b1c,mad0dcca8d03e
2026-05-30T19:13:47+09:00,added,n8e4af6cb1956,m53a3c3b5d431
2026-05-30T19:13:47+09:00,added,n8e4af6cb1956,m11881a67a893
2026-05-30T19:13:47+09:00,added,n8e4af6cb1956,m862869c2ff9e
2026-05-30T19:13:47+09:00,added,n8e4af6cb1956,mdb362d43e1a9
2026-05-30T19:13:47+09:00,added,n8fe53895441a,mf7f9952d6e72
2026-05-30T22:09:09+09:00,added,n2e66e82edf32,m0f6484462f7f
2026-05-31T02:19:15+09:00,added,nc0309d265392,m366756297795
2026-05-31T02:19:15+09:00,added,nc0309d265392,m16095e384518
2026-05-31T02:19:15+09:00,added,nc0309d265392,me50627303786
2026-05-31T02:19:15+09:00,added,nc0309d265392,mae7d87e63b56
2026-05-31T02:19:15+09:00,added,nc0309d265392,me83c41145054
2026-05-31T02:19:15+09:00,added,nabce5cd731cb,mfa4dbb02c352
2026-05-31T02:19:15+09:00,added,n8d6dbe502128,m0f6484462f7f
2026-05-31T11:21:15+09:00,added,nc0309d265392,m887df4adddb3
2026-05-31T11:21:15+09:00,added,nc0309d265392,m18c09c59705e
2026-05-31T11:21:15+09:00,added,nc0309d265392,m0102f820d986
2026-05-31T11:21:15+09:00,added,nc0309d265392,m3ff81c0d23db
2026-05-31T11:21:15+09:00,added,nc0309d265392,m2788185b81a0
2026-05-31T16:53:52+09:00,added,nc0309d265392,m7753941134da
2026-05-31T19:30:59+09:00,added,n9ec414b34ea5,m366756297795
2026-05-31T19:30:59+09:00,added,n9ec414b34ea5,m16095e384518
2026-05-31T19:30:59+09:00,added,n9ec414b34ea5,m7325f611df66
2026-05-31T19:30:59+09:00,added,n9ec414b34ea5,me39940554e5a
2026-05-31T19:30:59+09:00,added,n9ec414b34ea5,mf7549c1ca230
2026-05-31T19:30:59+09:00,added,nc0309d265392,m30a248399fe0
2026-05-31T22:19:30+09:00,added,n9ec414b34ea5,mae7d87e63b56
2026-05-31T22:19:30+09:00,added,n9ec414b34ea5,m2788185b81a0
2026-05-31T22:19:30+09:00,added,n9ec414b34ea5,m6463046852a4
2026-05-31T22:19:30+09:00,added,n9ec414b34ea5,m887df4adddb3
2026-05-31T22:19:30+09:00,added,n9ec414b34ea5,me83c41145054
2026-05-31T22:19:30+09:00,added,nc0309d265392,m6463046852a4
2026-06-01T02:19:20+09:00,added,n9ec414b34ea5,m0988ee24cf93
2026-06-01T02:19:20+09:00,added,nc0309d265392,mbda81785b82c
2026-06-01T06:02:44+09:00,added,nc0309d265392,mdf249d5f08ec
2026-06-01T11:42:16+09:00,added,n9ec414b34ea5,m862869c2ff9e
2026-06-01T11:42:16+09:00,added,n9ec414b34ea5,m349b3be90eb0
2026-06-01T11:42:16+09:00,added,n9ec414b34ea5,m53a3c3b5d431
2026-06-01T11:42:16+09:00,added,n9ec414b34ea5,mf2abfea66ec7
2026-06-01T11:42:16+09:00,added,n9ec414b34ea5,m11881a67a893
2026-06-01T11:42:16+09:00,added,n9ec414b34ea5,mfa485906206e
2026-06-01T11:42:16+09:00,added,nc0309d265392,m46a2519eae0a
2026-06-01T18:24:52+09:00,added,n9ec414b34ea5,m0f6484462f7f
2026-06-01T22:51:44+09:00,added,neaf9dd6c9259,m366756297795
2026-06-01T22:51:44+09:00,added,neaf9dd6c9259,m16095e384518
2026-06-01T22:51:44+09:00,added,neaf9dd6c9259,m3ff81c0d23db
2026-06-01T22:51:44+09:00,added,neaf9dd6c9259,mdf249d5f08ec
2026-06-01T22:51:44+09:00,added,neaf9dd6c9259,m887df4adddb3
2026-06-01T22:51:44+09:00,added,neaf9dd6c9259,m28654e6bea0e
2026-06-01T22:51:44+09:00,added,neaf9dd6c9259,mae7d87e63b56
2026-06-01T22:51:44+09:00,added,neaf9dd6c9259,m46a2519eae0a
2026-06-01T22:51:44+09:00,added,neaf9dd6c9259,me39940554e5a
2026-06-01T22:51:44+09:00,added,neaf9dd6c9259,mad52f4ec5055
2026-06-01T22:51:44+09:00,added,neaf9dd6c9259,m47ad56a9b500
2026-06-01T22:51:44+09:00,added,neaf9dd6c9259,m0988ee24cf93
2026-06-01T22:51:44+09:00,added,n9ec414b34ea5,m18c09c59705e
2026-06-01T22:51:44+09:00,added,n9ec414b34ea5,m30a248399fe0
2026-06-02T02:20:38+09:00,added,neaf9dd6c9259,m279994ac37dd
2026-06-02T05:29:02+09:00,added,neaf9dd6c9259,mcf500208b8d9
2026-06-02T05:29:02+09:00,added,neaf9dd6c9259,m6484622342c0
2026-06-02T07:41:22+09:00,added,neaf9dd6c9259,m05948736e17f
2026-06-02T10:13:37+09:00,added,neaf9dd6c9259,m5c87df568874
2026-06-02T17:32:04+09:00,added,neaf9dd6c9259,m30a248399fe0
2026-06-02T17:32:04+09:00,added,neaf9dd6c9259,m45252d3b847f
2026-06-02T17:32:04+09:00,added,neaf9dd6c9259,maf52f9829666
2026-06-02T17:32:04+09:00,added,neaf9dd6c9259,m8bc3253c78a8
2026-06-02T17:32:04+09:00,added,neaf9dd6c9259,m89905205cf84
2026-06-02T17:32:04+09:00,added,n9ec414b34ea5,m45252d3b847f
2026-06-02T17:32:04+09:00,added,nabce5cd731cb,m05948736e17f
2026-06-02T17:32:04+09:00,added,n81a51b30e0cc,m796bff88d394
2026-06-02T21:19:06+09:00,added,neaf9dd6c9259,m8eb046826032
2026-06-02T21:19:06+09:00,added,neaf9dd6c9259,m0e5fd2793b26
2026-06-02T21:19:06+09:00,added,neaf9dd6c9259,m86d6a605b363
2026-06-02T21:19:06+09:00,added,n33da077d6fb5,m366756297795
2026-06-02T21:19:06+09:00,added,n33da077d6fb5,m16095e384518
2026-06-02T21:19:06+09:00,added,n33da077d6fb5,mae7d87e63b56
2026-06-02T21:19:06+09:00,added,n33da077d6fb5,m2788185b81a0
2026-06-02T21:19:06+09:00,added,n33da077d6fb5,m18c09c59705e
2026-06-02T21:19:06+09:00,added,n33da077d6fb5,m0102f820d986
2026-06-02T21:19:06+09:00,added,n33da077d6fb5,m28654e6bea0e
2026-06-02T21:19:06+09:00,added,n33da077d6fb5,m7325f611df66
2026-06-03T01:02:30+09:00,added,neaf9dd6c9259,mb607a414c367
2026-06-03T01:02:30+09:00,added,n33da077d6fb5,m887df4adddb3
2026-06-03T01:02:30+09:00,added,n33da077d6fb5,m30a248399fe0
2026-06-03T01:02:30+09:00,added,n33da077d6fb5,m6463046852a4
2026-06-03T01:02:30+09:00,added,n33da077d6fb5,mb607a414c367
2026-06-03T01:02:30+09:00,added,n33da077d6fb5,m0988ee24cf93
2026-06-03T01:02:30+09:00,added,n9ec414b34ea5,mdf249d5f08ec
2026-06-03T01:02:30+09:00,added,n4b4207725b1c,mb607a414c367
2026-06-03T01:02:30+09:00,added,n4b4207725b1c,mdb362d43e1a9
2026-06-03T01:02:30+09:00,added,n4b4207725b1c,m3ed4b0ea704e
2026-06-03T01:02:30+09:00,added,n4b4207725b1c,mf2abfea66ec7
2026-06-03T01:02:30+09:00,added,n4b4207725b1c,m6c21ad4983da
2026-06-03T01:02:30+09:00,added,n4b4207725b1c,m11881a67a893
2026-06-03T01:02:30+09:00,added,n4b4207725b1c,m53a3c3b5d431
2026-06-03T01:02:30+09:00,added,n4f078c91071c,mb607a414c367
2026-06-03T11:47:11+09:00,added,n33da077d6fb5,mfc9d03c23504
2026-06-03T17:59:15+09:00,added,neaf9dd6c9259,m71753320fee0
2026-06-03T17:59:15+09:00,added,n33da077d6fb5,m279994ac37dd
2026-06-03T17:59:15+09:00,added,n33da077d6fb5,maf52f9829666
2026-06-03T21:55:27+09:00,added,n5048d60d71e4,m366756297795
2026-06-03T21:55:27+09:00,added,n5048d60d71e4,m16095e384518
2026-06-03T21:55:27+09:00,added,n5048d60d71e4,m2788185b81a0
2026-06-03T21:55:27+09:00,added,n5048d60d71e4,mf7549c1ca230
2026-06-03T21:55:27+09:00,added,n5048d60d71e4,mcf500208b8d9
2026-06-03T21:55:27+09:00,added,n5048d60d71e4,me83c41145054
2026-06-03T21:55:27+09:00,added,n5048d60d71e4,m887df4adddb3
2026-06-03T21:55:27+09:00,added,n5048d60d71e4,m6463046852a4
2026-06-03T21:55:27+09:00,added,n5048d60d71e4,m28654e6bea0e
2026-06-03T21:55:27+09:00,added,n5048d60d71e4,m9fadad39602c
2026-06-03T21:55:27+09:00,added,n5048d60d71e4,mae7d87e63b56
2026-06-03T21:55:27+09:00,added,n5048d60d71e4,m3ff81c0d23db
2026-06-03T21:55:27+09:00,added,n5048d60d71e4,m46a2519eae0a
2026-06-03T21:55:27+09:00,added,n5048d60d71e4,me39940554e5a
2026-06-03T21:55:27+09:00,added,n5048d60d71e4,m7325f611df66
2026-06-03T21:55:27+09:00,added,n5048d60d71e4,mbe0b53f0ac52
2026-06-04T05:02:49+09:00,added,neaf9dd6c9259,meceed644c480
2026-06-04T05:02:49+09:00,added,n5048d60d71e4,m30a248399fe0
2026-06-04T05:02:49+09:00,added,n5048d60d71e4,m6484622342c0
2026-06-04T05:02:49+09:00,added,n5048d60d71e4,m86d6a605b363
2026-06-04T05:02:49+09:00,added,nabce5cd731cb,meceed644c480
2026-06-04T05:02:49+09:00,added,n8d6dbe502128,meceed644c480
2026-06-04T07:36:03+09:00,added,n5048d60d71e4,mdd702710eeb9
2026-06-04T11:44:01+09:00,added,n5048d60d71e4,mb607a414c367
2026-06-04T17:24:19+09:00,added,neaf9dd6c9259,m37d0f19c2434
2026-06-04T17:24:19+09:00,added,n5048d60d71e4,m35af4e72190e
2026-06-04T20:28:43+09:00,added,neaf9dd6c9259,m8c953683e2a5
2026-06-04T20:28:43+09:00,added,n870f2983cde2,m366756297795
2026-06-04T20:28:43+09:00,added,n870f2983cde2,m16095e384518
2026-06-04T20:28:43+09:00,added,n870f2983cde2,me83c41145054
2026-06-04T20:28:43+09:00,added,n870f2983cde2,m1c302a1d8d31
2026-06-04T20:28:43+09:00,added,n870f2983cde2,m75dba2f0793c
2026-06-04T20:28:43+09:00,added,n870f2983cde2,m11881a67a893
2026-06-04T20:28:43+09:00,added,n870f2983cde2,m862869c2ff9e
2026-06-04T20:28:43+09:00,added,n870f2983cde2,m53a3c3b5d431
2026-06-04T20:28:43+09:00,added,n870f2983cde2,mf2abfea66ec7
2026-06-04T20:28:43+09:00,added,n870f2983cde2,m3ff81c0d23db
2026-06-04T20:28:43+09:00,added,n870f2983cde2,m28654e6bea0e
2026-06-04T20:28:43+09:00,added,n870f2983cde2,m2788185b81a0
2026-06-04T20:28:43+09:00,added,n870f2983cde2,mef3e6ed657c6
2026-06-04T20:28:43+09:00,added,n5048d60d71e4,m89905205cf84
2026-06-04T20:28:43+09:00,added,n5048d60d71e4,maf52f9829666
2026-06-04T20:28:43+09:00,added,n33da077d6fb5,mcf500208b8d9
2026-06-05T03:31:31+09:00,added,neaf9dd6c9259,m768b3f4cf6e4
2026-06-05T03:31:31+09:00,added,neaf9dd6c9259,mfc9d03c23504
2026-06-05T03:31:31+09:00,added,n870f2983cde2,mae7d87e63b56
2026-06-05T03:31:31+09:00,added,n870f2983cde2,mbe0b53f0ac52
2026-06-05T03:31:31+09:00,added,n870f2983cde2,m7325f611df66
2026-06-05T03:31:31+09:00,added,n870f2983cde2,m6463046852a4
2026-06-05T03:31:31+09:00,added,n870f2983cde2,m30a248399fe0
2026-06-05T03:31:31+09:00,added,n870f2983cde2,mb607a414c367
2026-06-05T03:31:31+09:00,added,n870f2983cde2,me39940554e5a
2026-06-05T03:31:31+09:00,added,n5048d60d71e4,m0988ee24cf93
2026-06-05T03:31:31+09:00,added,n62f4c5a10c6a,m53a3c3b5d431
2026-06-05T03:31:31+09:00,added,n62f4c5a10c6a,mf2abfea66ec7
2026-06-05T03:31:31+09:00,added,n62f4c5a10c6a,m862869c2ff9e
2026-06-05T03:31:31+09:00,added,n62f4c5a10c6a,m349b3be90eb0
2026-06-05T11:18:26+09:00,added,n9094cf5dc798,m796bff88d394
2026-06-05T20:42:38+09:00,added,neaf9dd6c9259,m278d9869816c
2026-06-05T20:42:38+09:00,added,neaf9dd6c9259,m1c85d4931804
2026-06-05T20:42:38+09:00,added,n870f2983cde2,mcf500208b8d9
2026-06-05T20:42:38+09:00,added,n870f2983cde2,maf52f9829666
2026-06-05T20:42:38+09:00,added,n5048d60d71e4,m067199919470
2026-06-05T23:27:57+09:00,added,n8e0435a1fad1,m366756297795
2026-06-05T23:27:57+09:00,added,n8e0435a1fad1,m17f76b944423
2026-06-05T23:27:57+09:00,added,n8e0435a1fad1,m16095e384518
2026-06-05T23:27:57+09:00,added,n8e0435a1fad1,m18c09c59705e
2026-06-05T23:27:57+09:00,added,n8e0435a1fad1,m28654e6bea0e
2026-06-05T23:27:57+09:00,added,n870f2983cde2,m768b3f4cf6e4
2026-06-05T23:27:57+09:00,added,n5048d60d71e4,m26631bce74dd
2026-06-05T23:27:57+09:00,added,n9ec414b34ea5,mcf500208b8d9
2026-06-06T03:08:20+09:00,added,n8e0435a1fad1,mae7d87e63b56
2026-06-06T03:08:20+09:00,added,n870f2983cde2,m0988ee24cf93
2026-06-06T06:30:41+09:00,added,nfead605fba9c,m1ff1fd18f93c
2026-06-06T15:58:21+09:00,added,n8e0435a1fad1,m23c1b65814a0
2026-06-06T15:58:21+09:00,added,n870f2983cde2,mc6dad877a6d7
2026-06-06T15:58:21+09:00,added,n870f2983cde2,mdf249d5f08ec
2026-06-06T15:58:21+09:00,added,n870f2983cde2,mf2d7c09eeca9
2026-06-06T22:12:07+09:00,added,n8e0435a1fad1,m0988ee24cf93
2026-06-07T06:08:45+09:00,added,ne195bfc171c8,m366756297795
2026-06-07T06:08:45+09:00,added,ne195bfc171c8,m16095e384518
2026-06-07T06:08:45+09:00,added,ne195bfc171c8,mae7d87e63b56
2026-06-07T06:08:45+09:00,added,ne195bfc171c8,me83c41145054
2026-06-07T06:08:45+09:00,added,ne195bfc171c8,m11881a67a893
2026-06-07T06:08:45+09:00,added,ne195bfc171c8,m53a3c3b5d431
2026-06-07T06:08:45+09:00,added,ne195bfc171c8,m3ed4b0ea704e
2026-06-07T06:08:45+09:00,added,ne195bfc171c8,mf2abfea66ec7
2026-06-07T06:08:45+09:00,added,ne195bfc171c8,m2788185b81a0
2026-06-07T06:08:45+09:00,added,ne195bfc171c8,m6463046852a4
2026-06-07T06:08:45+09:00,added,ne195bfc171c8,m887df4adddb3
2026-06-07T06:08:45+09:00,added,ne195bfc171c8,m30a248399fe0
2026-06-07T06:08:45+09:00,added,ne195bfc171c8,m0988ee24cf93
2026-06-07T11:25:45+09:00,added,ne195bfc171c8,m28654e6bea0e
2026-06-07T11:25:45+09:00,added,ne195bfc171c8,m3ff81c0d23db
2026-06-07T11:25:45+09:00,added,ne195bfc171c8,mdd702710eeb9
2026-06-07T11:25:45+09:00,added,ne195bfc171c8,maf52f9829666
2026-06-07T11:25:45+09:00,added,n870f2983cde2,mdd702710eeb9
2026-06-07T11:25:45+09:00,added,n33da077d6fb5,mdd702710eeb9
2026-06-07T11:25:45+09:00,added,n9ec414b34ea5,mdd702710eeb9
2026-06-07T11:25:45+09:00,added,nc0309d265392,mdd702710eeb9
2026-06-07T16:58:22+09:00,added,neaf9dd6c9259,m7e72b0b37154
2026-06-07T16:58:22+09:00,added,ne195bfc171c8,m6d69812caeed
2026-06-07T16:58:22+09:00,added,ne195bfc171c8,m05948736e17f
2026-06-07T19:42:36+09:00,added,ne195bfc171c8,me50627303786
2026-06-07T22:24:17+09:00,added,neaf9dd6c9259,m334fb05a2022
2026-06-07T22:24:17+09:00,added,ne195bfc171c8,m0f6484462f7f
2026-06-07T22:24:17+09:00,added,ne195bfc171c8,md87870710d29
2026-06-07T22:24:17+09:00,added,ne195bfc171c8,mdf249d5f08ec
2026-06-08T02:30:32+09:00,added,n5433a93e87dd,m366756297795
2026-06-08T02:30:32+09:00,added,n5433a93e87dd,m16095e384518
2026-06-08T02:30:32+09:00,added,n5433a93e87dd,m2788185b81a0
2026-06-08T02:30:32+09:00,added,n5433a93e87dd,m18c09c59705e
2026-06-08T02:30:32+09:00,added,n5433a93e87dd,m0102f820d986
2026-06-08T02:30:32+09:00,added,n5433a93e87dd,mae7d87e63b56
2026-06-08T02:30:32+09:00,added,ne195bfc171c8,m6ff3417d7d3c
2026-06-08T02:30:32+09:00,added,n33da077d6fb5,me50627303786
2026-06-08T11:42:23+09:00,added,n5433a93e87dd,me83c41145054
2026-06-08T11:42:23+09:00,added,n5433a93e87dd,m0f6484462f7f
2026-06-08T11:42:23+09:00,added,n5433a93e87dd,mdd702710eeb9
2026-06-08T11:42:23+09:00,added,n5433a93e87dd,me50627303786
2026-06-08T17:57:12+09:00,added,ncfe357ee7f33,m366756297795
2026-06-08T17:57:12+09:00,added,ncfe357ee7f33,m16095e384518
2026-06-08T17:57:12+09:00,added,ncfe357ee7f33,m2788185b81a0
2026-06-08T17:57:12+09:00,added,ncfe357ee7f33,m75dba2f0793c
2026-06-08T17:57:12+09:00,added,ncfe357ee7f33,me83c41145054
2026-06-08T17:57:12+09:00,added,ncfe357ee7f33,m3ff81c0d23db
2026-06-08T17:57:12+09:00,added,ncfe357ee7f33,m334fb05a2022
2026-06-08T17:57:12+09:00,added,ncfe357ee7f33,m46a2519eae0a
2026-06-08T17:57:12+09:00,added,ncfe357ee7f33,m887df4adddb3
2026-06-08T17:57:12+09:00,added,ncfe357ee7f33,mcff9b6cb3037
2026-06-08T17:57:12+09:00,added,ncfe357ee7f33,m6d69812caeed
2026-06-08T17:57:12+09:00,added,ncfe357ee7f33,m28654e6bea0e
2026-06-08T17:57:12+09:00,added,n5433a93e87dd,m6463046852a4
2026-06-08T17:57:12+09:00,added,n5433a93e87dd,m0988ee24cf93
2026-06-08T17:57:12+09:00,added,n5433a93e87dd,m30a248399fe0
2026-06-08T17:57:12+09:00,added,n5433a93e87dd,m6d69812caeed
2026-06-08T21:47:50+09:00,added,ncfe357ee7f33,m0988ee24cf93
2026-06-08T21:47:50+09:00,added,ncfe357ee7f33,mae7d87e63b56
2026-06-08T21:47:50+09:00,added,n5433a93e87dd,m7325f611df66
2026-06-08T21:47:50+09:00,added,n5048d60d71e4,m0f6484462f7f
2026-06-09T06:56:30+09:00,added,ncfe357ee7f33,mb14c27a56b5e
2026-06-09T11:05:51+09:00,added,ncfe357ee7f33,m8531e02a2f58
2026-06-09T16:49:24+09:00,added,ncfe357ee7f33,maf52f9829666
2026-06-09T16:49:24+09:00,added,ncfe357ee7f33,m89905205cf84
2026-06-09T16:49:24+09:00,added,ncfe357ee7f33,m74a9e669f193
2026-06-09T20:30:28+09:00,added,nfa06b3b7cfb4,m366756297795
2026-06-09T20:30:28+09:00,added,nfa06b3b7cfb4,m16095e384518
2026-06-09T20:30:28+09:00,added,nfa06b3b7cfb4,m2788185b81a0
2026-06-09T20:30:28+09:00,added,nfa06b3b7cfb4,m887df4adddb3
2026-06-09T20:30:28+09:00,added,nfa06b3b7cfb4,m1c302a1d8d31
2026-06-09T20:30:28+09:00,added,nfa06b3b7cfb4,m75dba2f0793c
2026-06-09T20:30:28+09:00,added,nfa06b3b7cfb4,m0f6484462f7f
2026-06-09T20:30:28+09:00,added,nfa06b3b7cfb4,mcf500208b8d9
2026-06-09T20:30:28+09:00,added,nfa06b3b7cfb4,m18c09c59705e
2026-06-09T20:30:28+09:00,added,nfa06b3b7cfb4,m1be7ce2dd479
2026-06-09T20:30:28+09:00,added,nfa06b3b7cfb4,m0102f820d986
2026-06-09T20:30:28+09:00,added,nfa06b3b7cfb4,mae7d87e63b56
2026-06-09T20:30:28+09:00,added,nfa06b3b7cfb4,mfae41043bb0b
2026-06-09T20:30:28+09:00,added,nfa06b3b7cfb4,m28654e6bea0e
2026-06-09T20:30:28+09:00,added,nfa06b3b7cfb4,m6463046852a4
2026-06-09T20:30:28+09:00,added,nfa06b3b7cfb4,m3ff81c0d23db
2026-06-09T20:30:28+09:00,added,nfa06b3b7cfb4,m7f2990ab5a61
2026-06-09T20:30:28+09:00,added,nfa06b3b7cfb4,m7325f611df66
2026-06-09T20:30:28+09:00,added,nfead605fba9c,m72ba40851c43
2026-06-09T23:25:18+09:00,added,nfa06b3b7cfb4,m6d69812caeed
2026-06-09T23:25:18+09:00,added,nfa06b3b7cfb4,m30a248399fe0
2026-06-10T03:19:14+09:00,added,ncfe357ee7f33,m6484622342c0
2026-06-10T03:19:14+09:00,added,nfa06b3b7cfb4,m26631bce74dd
2026-06-10T17:11:42+09:00,added,ncfe357ee7f33,mcf500208b8d9
2026-06-10T17:11:42+09:00,added,nfa06b3b7cfb4,mb14c27a56b5e
2026-06-10T17:11:42+09:00,added,nfa06b3b7cfb4,m89905205cf84
2026-06-10T17:11:42+09:00,added,nfa06b3b7cfb4,maf52f9829666
2026-06-10T17:11:42+09:00,added,nfa06b3b7cfb4,m0988ee24cf93
2026-06-10T17:11:42+09:00,added,neaf9dd6c9259,m5ca58e6bf38b
2026-06-10T20:52:22+09:00,added,n741da12f79d8,m366756297795
2026-06-10T20:52:22+09:00,added,n741da12f79d8,m16095e384518
2026-06-10T20:52:22+09:00,added,n741da12f79d8,me83c41145054
2026-06-10T20:52:22+09:00,added,n741da12f79d8,mdb362d43e1a9
2026-06-10T20:52:22+09:00,added,n741da12f79d8,m6c21ad4983da
2026-06-10T20:52:22+09:00,added,n741da12f79d8,m7dfb2f05ab33
2026-06-10T20:52:22+09:00,added,n741da12f79d8,m11881a67a893
2026-06-10T20:52:22+09:00,added,n741da12f79d8,m862869c2ff9e
2026-06-10T20:52:22+09:00,added,n741da12f79d8,m0f6484462f7f
2026-06-10T20:52:22+09:00,added,n741da12f79d8,m28654e6bea0e
2026-06-10T20:52:22+09:00,added,n741da12f79d8,mae7d87e63b56
2026-06-10T20:52:22+09:00,added,nfa06b3b7cfb4,mdd702710eeb9
2026-06-10T23:55:58+09:00,added,ncfe357ee7f33,mc6dad877a6d7
2026-06-10T23:55:58+09:00,added,n741da12f79d8,m7325f611df66
2026-06-10T23:55:58+09:00,added,n741da12f79d8,m45252d3b847f
2026-06-11T11:42:29+09:00,added,n741da12f79d8,mcff9b6cb3037
2026-06-11T11:42:29+09:00,added,n741da12f79d8,m6d69812caeed
2026-06-11T11:42:29+09:00,added,nfa06b3b7cfb4,mc6dad877a6d7
2026-06-11T17:40:18+09:00,added,ncfe357ee7f33,m768b3f4cf6e4
2026-06-11T17:40:18+09:00,added,n623710616831,m366756297795
2026-06-11T17:40:18+09:00,added,n623710616831,m16095e384518
2026-06-11T17:40:18+09:00,added,n623710616831,m47ad56a9b500
2026-06-11T17:40:18+09:00,added,n623710616831,mdf249d5f08ec
2026-06-11T17:40:18+09:00,added,n623710616831,m1c302a1d8d31
2026-06-11T17:40:18+09:00,added,n623710616831,m887df4adddb3
2026-06-11T17:40:18+09:00,added,n623710616831,m3ff81c0d23db
2026-06-11T17:40:18+09:00,added,n623710616831,mcf500208b8d9
2026-06-11T17:40:18+09:00,added,n623710616831,m89905205cf84
2026-06-11T17:40:18+09:00,added,n623710616831,m0f6484462f7f
2026-06-11T17:40:18+09:00,added,n623710616831,m28654e6bea0e
2026-06-11T17:40:18+09:00,added,n623710616831,m5ca58e6bf38b
2026-06-11T21:23:45+09:00,added,n623710616831,me83c41145054
2026-06-11T21:23:45+09:00,added,n623710616831,mae7d87e63b56
2026-06-11T21:23:45+09:00,added,n623710616831,m0988ee24cf93
2026-06-11T21:23:45+09:00,added,n623710616831,m2788185b81a0
2026-06-12T00:38:00+09:00,added,n623710616831,m7325f611df66
2026-06-12T00:38:00+09:00,added,n623710616831,m6484622342c0
2026-06-12T00:38:00+09:00,added,nfa06b3b7cfb4,mfc9d03c23504
2026-06-12T03:58:54+09:00,added,neaf9dd6c9259,m965e76ed1a02
2026-06-12T03:58:54+09:00,added,n82273af9a338,m9cb66ab6d266
2026-06-12T07:06:46+09:00,added,ncfe357ee7f33,m7753941134da
2026-06-12T07:06:46+09:00,added,ncfe357ee7f33,m9fadad39602c
2026-06-12T07:06:46+09:00,added,n623710616831,mdd702710eeb9
2026-06-12T07:06:46+09:00,added,n623710616831,mc6dad877a6d7
2026-06-12T07:06:46+09:00,added,n623710616831,mbe0b53f0ac52
2026-06-12T17:29:10+09:00,added,ncfe357ee7f33,mdd702710eeb9
2026-06-12T17:29:10+09:00,added,n4a2bedb961fa,m366756297795
2026-06-12T17:29:10+09:00,added,n4a2bedb961fa,m17f76b944423
2026-06-12T17:29:10+09:00,added,n4a2bedb961fa,m16095e384518
2026-06-12T17:29:10+09:00,added,n4a2bedb961fa,m334fb05a2022
2026-06-12T17:29:10+09:00,added,n4a2bedb961fa,me83c41145054
2026-06-12T17:29:10+09:00,added,n4a2bedb961fa,m28654e6bea0e
2026-06-12T17:29:10+09:00,added,n4a2bedb961fa,m23c1b65814a0
2026-06-12T17:29:10+09:00,added,n623710616831,mcff9b6cb3037
2026-06-12T17:29:10+09:00,added,n623710616831,m6d69812caeed
2026-06-12T17:29:10+09:00,added,n623710616831,m30a248399fe0
2026-06-12T17:29:10+09:00,added,n623710616831,m547e9622e50b
2026-06-12T17:29:10+09:00,added,n741da12f79d8,mdd702710eeb9
2026-06-12T17:29:10+09:00,added,n8fe53895441a,meceed644c480
2026-06-12T20:56:41+09:00,added,n4a2bedb961fa,mcff9b6cb3037
2026-06-12T20:56:41+09:00,added,n4a2bedb961fa,m6d69812caeed
2026-06-12T20:56:41+09:00,added,n4a2bedb961fa,mae7d87e63b56
2026-06-12T20:56:41+09:00,added,n4a2bedb961fa,m0988ee24cf93
2026-06-12T20:56:41+09:00,added,n623710616831,m6463046852a4
2026-06-12T20:56:41+09:00,added,n5433a93e87dd,mcf500208b8d9
2026-06-12T20:56:41+09:00,added,neaf9dd6c9259,mcff9b6cb3037
2026-06-12T20:56:41+09:00,added,neaf9dd6c9259,m6d69812caeed
2026-06-12T23:41:18+09:00,added,n623710616831,mb14c27a56b5e
2026-06-12T23:41:18+09:00,added,nfa06b3b7cfb4,m641a939fd1fd
2026-06-13T16:51:43+09:00,added,n4a2bedb961fa,maf52f9829666
2026-06-13T16:51:43+09:00,added,n623710616831,m768b3f4cf6e4
2026-06-13T22:29:53+09:00,added,ncfe357ee7f33,m7325f611df66
2026-06-13T22:29:53+09:00,added,nd86b84104f1e,m366756297795
2026-06-13T22:29:53+09:00,added,nd86b84104f1e,m16095e384518
2026-06-13T22:29:53+09:00,added,nd86b84104f1e,m28654e6bea0e
2026-06-13T22:29:53+09:00,added,nd86b84104f1e,m2788185b81a0
2026-06-13T22:29:53+09:00,added,nd86b84104f1e,mcff9b6cb3037
2026-06-13T22:29:53+09:00,added,nd86b84104f1e,m6d69812caeed
2026-06-13T22:29:53+09:00,added,nd86b84104f1e,mae7d87e63b56
2026-06-13T22:29:53+09:00,added,nd86b84104f1e,me83c41145054
2026-06-13T22:29:53+09:00,added,n623710616831,m46a2519eae0a
2026-06-13T22:29:53+09:00,added,ne195bfc171c8,mcf500208b8d9
2026-06-13T22:29:53+09:00,added,ne195bfc171c8,m5c87df568874
2026-06-14T02:36:28+09:00,added,nd86b84104f1e,m0988ee24cf93
2026-06-14T02:36:28+09:00,added,nd86b84104f1e,m11881a67a893
2026-06-14T02:36:28+09:00,added,nd86b84104f1e,m862869c2ff9e
2026-06-14T02:36:28+09:00,added,nd86b84104f1e,mf2abfea66ec7
2026-06-14T02:36:28+09:00,added,nd86b84104f1e,m53a3c3b5d431
2026-06-14T02:36:28+09:00,added,nd86b84104f1e,m3ed4b0ea704e
2026-06-14T02:36:28+09:00,added,nd86b84104f1e,m30a248399fe0
2026-06-14T02:36:28+09:00,added,n08adc720072e,m9cb66ab6d266
2026-06-14T11:40:53+09:00,added,nd86b84104f1e,m3ff81c0d23db
2026-06-14T11:40:53+09:00,added,nd86b84104f1e,mdf249d5f08ec
2026-06-14T11:40:53+09:00,added,nd86b84104f1e,mdd702710eeb9
2026-06-14T11:40:53+09:00,added,ne195bfc171c8,md20f2a7236e4
2026-06-14T17:20:37+09:00,added,ncfe357ee7f33,mfafaf487dd94
2026-06-14T17:20:37+09:00,added,nd86b84104f1e,m0f6484462f7f
2026-06-14T17:20:37+09:00,added,nd86b84104f1e,me50627303786
2026-06-14T17:20:37+09:00,added,nd86b84104f1e,m11f968fbad6d
2026-06-14T17:20:37+09:00,added,nd86b84104f1e,m334fb05a2022
2026-06-14T20:01:46+09:00,added,nd86b84104f1e,m46a2519eae0a
2026-06-14T22:33:37+09:00,added,ncfe357ee7f33,m78fe3ff241ce
2026-06-14T22:33:37+09:00,added,n8c3ae605b367,m87f25c8ab4b1
2026-06-14T22:33:37+09:00,added,n8c3ae605b367,m0f6484462f7f
2026-06-14T22:33:37+09:00,added,n8c3ae605b367,md87870710d29
2026-06-14T22:33:37+09:00,added,n8c3ae605b367,m28654e6bea0e
2026-06-14T22:33:37+09:00,added,n8c3ae605b367,me83c41145054
2026-06-14T22:33:37+09:00,added,n8c3ae605b367,m75dba2f0793c
2026-06-14T22:33:37+09:00,added,n8c3ae605b367,mcf500208b8d9
2026-06-14T22:33:37+09:00,added,n8c3ae605b367,m2788185b81a0
2026-06-14T22:33:37+09:00,added,n8c3ae605b367,m366756297795
2026-06-14T22:33:37+09:00,added,n8c3ae605b367,m16095e384518
2026-06-14T22:33:37+09:00,added,n8c3ae605b367,mcff9b6cb3037
2026-06-14T22:33:37+09:00,added,n8c3ae605b367,m6d69812caeed
2026-06-14T23:25:46+09:00,added,n8c3ae605b367,mae7d87e63b56
2026-06-14T23:25:46+09:00,added,n741da12f79d8,m389d15e5ca81
2026-06-15T00:54:56+09:00,added,n8c3ae605b367,m965e76ed1a02
2026-06-15T00:54:56+09:00,added,n5699cadb5d5c,m389d15e5ca81
2026-06-15T02:32:09+09:00,added,nd517b7f0cd2e,m4eb56c8bcbc2
2026-06-15T06:15:04+09:00,added,n8c3ae605b367,me39940554e5a
2026-06-15T11:45:09+09:00,added,n8c3ae605b367,m18c09c59705e
2026-06-15T11:45:09+09:00,added,n8c3ae605b367,m0102f820d986
2026-06-15T11:45:09+09:00,added,n8c3ae605b367,mdd702710eeb9
2026-06-15T11:45:09+09:00,added,n8c3ae605b367,m389d15e5ca81
2026-06-15T11:45:09+09:00,added,nd86b84104f1e,mcf500208b8d9
2026-06-15T11:45:09+09:00,added,n623710616831,ma7f0c5b5d76e
2026-06-15T19:04:28+09:00,added,n4d67bc4b6f0a,m366756297795
2026-06-15T19:04:28+09:00,added,n4d67bc4b6f0a,m16095e384518
2026-06-15T19:04:28+09:00,added,n4d67bc4b6f0a,mdd702710eeb9
2026-06-15T19:04:28+09:00,added,n4d67bc4b6f0a,m887df4adddb3
2026-06-15T19:04:28+09:00,added,n4d67bc4b6f0a,me83c41145054
2026-06-15T19:04:28+09:00,added,n4d67bc4b6f0a,m3ff81c0d23db
2026-06-15T19:04:28+09:00,added,n4d67bc4b6f0a,mf7549c1ca230
2026-06-15T19:04:28+09:00,added,n4d67bc4b6f0a,m2788185b81a0
2026-06-15T19:04:28+09:00,added,n4d67bc4b6f0a,m0f6484462f7f
2026-06-15T19:04:28+09:00,added,n4d67bc4b6f0a,m89905205cf84
2026-06-15T19:04:28+09:00,added,n4d67bc4b6f0a,m28654e6bea0e
2026-06-15T19:04:28+09:00,added,n4d67bc4b6f0a,mae7d87e63b56
2026-06-15T19:04:28+09:00,added,n4d67bc4b6f0a,mcf500208b8d9
2026-06-15T19:04:28+09:00,added,n8c3ae605b367,m89905205cf84
2026-06-15T19:04:28+09:00,added,neaf9dd6c9259,md20f2a7236e4
2026-06-15T23:10:29+09:00,added,n4d67bc4b6f0a,maf52f9829666
2026-06-15T23:10:29+09:00,added,n4d67bc4b6f0a,mdf249d5f08ec
2026-06-15T23:10:29+09:00,added,n4d67bc4b6f0a,mcff9b6cb3037
2026-06-15T23:10:29+09:00,added,n4d67bc4b6f0a,m6d69812caeed
2026-06-15T23:10:29+09:00,added,n8c3ae605b367,maf52f9829666
2026-06-15T23:10:29+09:00,added,n8c3ae605b367,m7325f611df66
2026-06-16T01:59:09+09:00,added,n4d67bc4b6f0a,m6463046852a4
2026-06-16T11:48:11+09:00,added,n4d67bc4b6f0a,mbe0b53f0ac52
2026-06-16T11:48:11+09:00,added,n4d67bc4b6f0a,mef3e6ed657c6
2026-06-16T11:48:11+09:00,added,n8c3ae605b367,m547e9622e50b
2026-06-16T11:48:11+09:00,added,n8c3ae605b367,m6862330b7742
2026-06-16T11:48:11+09:00,added,n4a2bedb961fa,mdb362d43e1a9
2026-06-16T11:48:11+09:00,added,n4a2bedb961fa,mf2abfea66ec7
2026-06-16T11:48:11+09:00,added,n4a2bedb961fa,m11881a67a893
2026-06-16T18:28:02+09:00,removed,n8c3ae605b367,me83c41145054
2026-06-16T18:28:02+09:00,added,n4a2bedb961fa,m3b898a691902
2026-06-16T18:28:02+09:00,added,n4a2bedb961fa,m6c21ad4983da
2026-06-16T18:28:02+09:00,added,n4a2bedb961fa,m53a3c3b5d431
2026-06-16T18:28:02+09:00,added,n4a2bedb961fa,mcf500208b8d9
2026-06-16T18:28:02+09:00,removed,n4a2bedb961fa,me83c41145054
2026-06-16T18:28:02+09:00,removed,n741da12f79d8,me83c41145054
2026-06-16T18:28:02+09:00,removed,n5433a93e87dd,me83c41145054
2026-06-16T18:28:02+09:00,removed,ne195bfc171c8,me83c41145054
2026-06-16T18:28:02+09:00,added,n870f2983cde2,mcff9b6cb3037
2026-06-16T18:28:02+09:00,added,n870f2983cde2,m6d69812caeed
2026-06-16T18:28:02+09:00,removed,n870f2983cde2,me83c41145054
2026-06-16T18:28:02+09:00,removed,n9ec414b34ea5,me83c41145054
2026-06-16T18:28:02+09:00,removed,n8fe53895441a,me83c41145054
2026-06-16T18:28:02+09:00,removed,n2e66e82edf32,me83c41145054
2026-06-16T18:28:02+09:00,removed,nfead605fba9c,me83c41145054
2026-06-16T18:28:02+09:00,removed,n76e728af4f95,me83c41145054
2026-06-16T18:28:02+09:00,removed,nf7728ef376f2,me83c41145054
2026-06-16T18:28:02+09:00,removed,nb7d7969c0393,me83c41145054
2026-06-16T18:28:02+09:00,removed,ne0e7f7f6ae2e,me83c41145054
2026-06-16T18:28:02+09:00,removed,n6d0edf9289fa,me83c41145054
2026-06-16T22:08:38+09:00,added,n4d67bc4b6f0a,m46a2519eae0a
2026-06-16T22:08:38+09:00,added,n84a0a67f020f,m366756297795
2026-06-16T22:08:38+09:00,added,n84a0a67f020f,m16095e384518
2026-06-16T22:08:38+09:00,added,n84a0a67f020f,m18c09c59705e
2026-06-16T22:08:38+09:00,added,n84a0a67f020f,m0102f820d986
2026-06-16T22:08:38+09:00,added,n84a0a67f020f,m334fb05a2022
2026-06-16T22:08:38+09:00,added,n8c3ae605b367,m5c87df568874
2026-06-16T22:08:38+09:00,added,n8fe53895441a,m92f1af23610d
2026-06-17T01:28:42+09:00,added,n84a0a67f020f,m28654e6bea0e
2026-06-17T01:28:42+09:00,added,n84a0a67f020f,m0988ee24cf93
2026-06-17T01:28:42+09:00,added,n84a0a67f020f,mae7d87e63b56
2026-06-17T01:28:42+09:00,added,n84a0a67f020f,m2788185b81a0
2026-06-17T01:28:42+09:00,added,nfead605fba9c,m389d15e5ca81
2026-06-17T07:17:24+09:00,added,n84a0a67f020f,mdf249d5f08ec
2026-06-17T07:17:24+09:00,added,n84a0a67f020f,m3ff81c0d23db
2026-06-17T07:17:24+09:00,added,n84a0a67f020f,mcf500208b8d9
2026-06-17T11:44:55+09:00,added,n4d67bc4b6f0a,m75dba2f0793c
2026-06-17T11:44:55+09:00,added,n4d67bc4b6f0a,m190f1a3c3e2e
2026-06-17T11:44:55+09:00,added,n4d67bc4b6f0a,m547e9622e50b
2026-06-17T11:44:55+09:00,added,n84a0a67f020f,m89905205cf84
2026-06-17T11:44:55+09:00,added,n8c3ae605b367,m190f1a3c3e2e
2026-06-17T11:44:55+09:00,added,neaf9dd6c9259,m190f1a3c3e2e
2026-06-17T11:44:55+09:00,added,n62f4c5a10c6a,m389d15e5ca81
2026-06-17T18:05:36+09:00,added,n4d67bc4b6f0a,m768b3f4cf6e4
2026-06-17T18:05:36+09:00,added,na6bb2410e2a0,m366756297795
2026-06-17T18:05:36+09:00,added,na6bb2410e2a0,m16095e384518
2026-06-17T18:05:36+09:00,added,na6bb2410e2a0,m8eb046826032
2026-06-17T18:05:36+09:00,added,na6bb2410e2a0,m75dba2f0793c
2026-06-17T18:05:36+09:00,added,na6bb2410e2a0,me83c41145054
2026-06-17T18:05:36+09:00,added,na6bb2410e2a0,m28654e6bea0e
2026-06-17T18:05:36+09:00,added,n84a0a67f020f,m6463046852a4
2026-06-17T18:05:36+09:00,added,n84a0a67f020f,mcff9b6cb3037
2026-06-17T18:05:36+09:00,added,n84a0a67f020f,m6d69812caeed
2026-06-17T18:05:36+09:00,added,n741da12f79d8,mcf500208b8d9
2026-06-17T21:30:36+09:00,added,n4d67bc4b6f0a,m0988ee24cf93
2026-06-17T21:30:36+09:00,added,na6bb2410e2a0,m18c09c59705e
2026-06-17T21:30:36+09:00,added,na6bb2410e2a0,mcff9b6cb3037
2026-06-17T21:30:36+09:00,added,na6bb2410e2a0,m6d69812caeed
2026-06-17T21:30:36+09:00,added,na6bb2410e2a0,mae7d87e63b56
2026-06-17T21:30:36+09:00,added,n84a0a67f020f,m0f6484462f7f
2026-06-17T23:55:08+09:00,added,n4d67bc4b6f0a,me50627303786
2026-06-17T23:55:08+09:00,added,na6bb2410e2a0,m7325f611df66
2026-06-18T03:31:43+09:00,added,n4c134546bce8,m4eb56c8bcbc2
2026-06-18T11:43:06+09:00,added,na6bb2410e2a0,mcf500208b8d9
2026-06-18T11:43:06+09:00,added,n9ec414b34ea5,ma53088b6c588
2026-06-18T17:42:25+09:00,added,n84a0a67f020f,m547e9622e50b
2026-06-18T21:04:22+09:00,added,nd7efc8e5b3e6,m366756297795
2026-06-18T21:04:22+09:00,added,nd7efc8e5b3e6,m16095e384518
2026-06-18T21:04:22+09:00,added,nd7efc8e5b3e6,m18c09c59705e
2026-06-18T21:04:22+09:00,added,nd7efc8e5b3e6,me83c41145054
2026-06-18T21:04:22+09:00,added,nd7efc8e5b3e6,m28654e6bea0e
2026-06-18T21:04:22+09:00,added,nd7efc8e5b3e6,m6463046852a4
2026-06-18T21:04:22+09:00,added,nd7efc8e5b3e6,m0f6484462f7f
2026-06-18T21:04:22+09:00,added,nd7efc8e5b3e6,m46a2519eae0a
2026-06-18T21:04:22+09:00,added,nd7efc8e5b3e6,mae7d87e63b56
2026-06-18T21:04:22+09:00,added,nd7efc8e5b3e6,m2788185b81a0
2026-06-18T21:04:22+09:00,added,n8e0435a1fad1,mcf500208b8d9
2026-06-18T23:49:29+09:00,added,nd7efc8e5b3e6,m3ff81c0d23db
2026-06-18T23:49:29+09:00,added,nd7efc8e5b3e6,m7325f611df66
2026-06-18T23:49:29+09:00,added,nd7efc8e5b3e6,m6b65ceacc285
2026-06-18T23:49:29+09:00,added,nd7efc8e5b3e6,m887df4adddb3
2026-06-18T23:49:29+09:00,added,nd7efc8e5b3e6,m190f1a3c3e2e
2026-06-19T07:12:29+09:00,added,nd7efc8e5b3e6,m389d15e5ca81
2026-06-19T07:12:29+09:00,added,nd7efc8e5b3e6,mcf500208b8d9
2026-06-19T11:58:49+09:00,added,na6bb2410e2a0,m190f1a3c3e2e
2026-06-19T11:58:49+09:00,added,neaf9dd6c9259,m796bff88d394
2026-06-19T18:09:49+09:00,added,n4d67bc4b6f0a,mad52f4ec5055
2026-06-19T21:21:10+09:00,added,n4d67bc4b6f0a,m51c22ff2596c
2026-06-19T21:21:10+09:00,added,nd7efc8e5b3e6,m768b3f4cf6e4
2026-06-19T21:21:10+09:00,added,nd7efc8e5b3e6,m51c22ff2596c
2026-06-19T21:21:10+09:00,added,na6bb2410e2a0,m0988ee24cf93
2026-06-19T21:21:10+09:00,added,n8c3ae605b367,m53a3c3b5d431
2026-06-19T21:21:10+09:00,added,n8c3ae605b367,mf2abfea66ec7
2026-06-19T21:21:10+09:00,added,n8c3ae605b367,m862869c2ff9e
2026-06-19T21:21:10+09:00,removed,neaf9dd6c9259,m16095e384518
2026-06-19T23:46:20+09:00,added,ned27ed471128,m366756297795
2026-06-19T23:46:20+09:00,added,ned27ed471128,m17f76b944423
2026-06-19T23:46:20+09:00,added,ned27ed471128,m16095e384518
2026-06-19T23:46:20+09:00,added,ned27ed471128,mae7d87e63b56
2026-06-19T23:46:20+09:00,added,ned27ed471128,m18c09c59705e
2026-06-19T23:46:20+09:00,added,nd7efc8e5b3e6,m0988ee24cf93
2026-06-20T03:12:10+09:00,added,ned27ed471128,ma9ff6f94a575
2026-06-20T03:12:10+09:00,added,n732ab70be001,m4eb56c8bcbc2
2026-06-20T06:15:08+09:00,added,ned27ed471128,mfd182dd16323
2026-06-20T11:20:10+09:00,added,ned27ed471128,m28654e6bea0e
2026-06-20T11:20:10+09:00,added,ned27ed471128,m7e46a705cb77
2026-06-20T11:20:10+09:00,added,ned27ed471128,mcf500208b8d9
2026-06-20T16:55:15+09:00,added,n4d67bc4b6f0a,me39940554e5a
2026-06-20T16:55:15+09:00,added,n4d67bc4b6f0a,mc6dad877a6d7
2026-06-20T16:55:15+09:00,added,nd7efc8e5b3e6,maf52f9829666
2026-06-20T16:55:15+09:00,added,nd7efc8e5b3e6,m05948736e17f
2026-06-20T19:47:27+09:00,added,n623710616831,m190f1a3c3e2e
2026-06-20T22:32:03+09:00,added,na6bb2410e2a0,m51c22ff2596c
2026-06-21T02:39:02+09:00,added,n265a0acb8b32,m366756297795
2026-06-21T02:39:02+09:00,added,n265a0acb8b32,m16095e384518
2026-06-21T02:39:02+09:00,added,n265a0acb8b32,me83c41145054
2026-06-21T11:43:23+09:00,added,n265a0acb8b32,m3ff81c0d23db
2026-06-21T11:43:23+09:00,added,n265a0acb8b32,maf52f9829666
2026-06-21T11:43:23+09:00,added,n265a0acb8b32,m28654e6bea0e
2026-06-21T11:43:23+09:00,added,n265a0acb8b32,mcff9b6cb3037
2026-06-21T11:43:23+09:00,added,n265a0acb8b32,m6d69812caeed
2026-06-21T11:43:23+09:00,added,n265a0acb8b32,m2788185b81a0
2026-06-21T11:43:23+09:00,added,n265a0acb8b32,mae7d87e63b56
2026-06-21T11:43:23+09:00,added,n265a0acb8b32,m05948736e17f
2026-06-21T11:43:23+09:00,added,n265a0acb8b32,m768b3f4cf6e4
2026-06-21T11:43:23+09:00,added,n265a0acb8b32,m7e46a705cb77
2026-06-21T17:33:07+09:00,added,n265a0acb8b32,mcf500208b8d9
2026-06-21T17:33:07+09:00,added,n265a0acb8b32,mdd702710eeb9
2026-06-21T17:33:07+09:00,added,n265a0acb8b32,m6463046852a4
2026-06-21T17:33:07+09:00,added,ned27ed471128,m8531e02a2f58
2026-06-21T17:33:07+09:00,added,nd7efc8e5b3e6,mdd702710eeb9
2026-06-21T20:30:54+09:00,added,n265a0acb8b32,mdaf375e22f17
2026-06-21T20:30:54+09:00,added,n265a0acb8b32,m5e0b116a568a
2026-06-21T20:30:54+09:00,added,n265a0acb8b32,m30a248399fe0
2026-06-21T20:30:54+09:00,added,n265a0acb8b32,m547e9622e50b
2026-06-21T20:30:54+09:00,added,n265a0acb8b32,md87870710d29
2026-06-22T02:52:26+09:00,added,nab43cc405584,m366756297795
2026-06-22T02:52:26+09:00,added,nab43cc405584,m16095e384518
2026-06-22T02:52:26+09:00,added,nab43cc405584,me83c41145054
2026-06-22T02:52:26+09:00,added,nab43cc405584,m2788185b81a0
2026-06-22T02:52:26+09:00,added,n84a0a67f020f,mdd702710eeb9
2026-06-22T06:19:09+09:00,added,nab43cc405584,m87f25c8ab4b1
2026-06-22T06:19:09+09:00,added,nab43cc405584,m28654e6bea0e
2026-06-22T11:46:59+09:00,added,nab43cc405584,mae7d87e63b56
2026-06-22T11:46:59+09:00,added,nab43cc405584,m7e46a705cb77
2026-06-22T11:46:59+09:00,added,nab43cc405584,mdd702710eeb9
2026-06-22T11:46:59+09:00,added,nab43cc405584,m6d69812caeed
2026-06-22T11:46:59+09:00,added,nab43cc405584,mcff9b6cb3037
2026-06-22T18:51:05+09:00,added,n48ce086ad8a4,m366756297795
2026-06-22T18:51:05+09:00,added,n48ce086ad8a4,m16095e384518
2026-06-22T18:51:05+09:00,added,n48ce086ad8a4,m28654e6bea0e
2026-06-22T18:51:05+09:00,added,n48ce086ad8a4,me83c41145054
2026-06-22T18:51:05+09:00,added,n48ce086ad8a4,m6484622342c0
2026-06-22T18:51:05+09:00,added,n48ce086ad8a4,m887df4adddb3
2026-06-22T18:51:05+09:00,added,n48ce086ad8a4,mcf500208b8d9
2026-06-22T18:51:05+09:00,added,n48ce086ad8a4,m89905205cf84
2026-06-22T18:51:05+09:00,added,n48ce086ad8a4,m389d15e5ca81
2026-06-22T18:51:05+09:00,added,n48ce086ad8a4,mae7d87e63b56
2026-06-22T18:51:05+09:00,added,n48ce086ad8a4,maf52f9829666
2026-06-22T18:51:05+09:00,added,n48ce086ad8a4,mdd702710eeb9
2026-06-22T18:51:05+09:00,added,nab43cc405584,m887df4adddb3
2026-06-22T18:51:05+09:00,added,nab43cc405584,m89905205cf84
2026-06-22T18:51:05+09:00,added,nab43cc405584,m7753941134da
2026-06-22T18:51:05+09:00,added,n265a0acb8b32,m887df4adddb3
2026-06-22T22:49:13+09:00,added,n48ce086ad8a4,m5ca58e6bf38b
2026-06-22T22:49:13+09:00,added,n48ce086ad8a4,m3ff81c0d23db
2026-06-22T22:49:13+09:00,added,n48ce086ad8a4,mdf249d5f08ec
2026-06-22T22:49:13+09:00,added,n48ce086ad8a4,m2788185b81a0
2026-06-22T22:49:13+09:00,added,n48ce086ad8a4,m7325f611df66
2026-06-22T22:49:13+09:00,added,nab43cc405584,m6463046852a4
2026-06-22T22:49:13+09:00,added,n265a0acb8b32,mfeee9b3dab39
2026-06-22T22:49:13+09:00,added,n265a0acb8b32,m78fe3ff241ce
2026-06-22T22:49:13+09:00,added,nd7efc8e5b3e6,mfeee9b3dab39
2026-06-22T22:49:13+09:00,added,nd7efc8e5b3e6,m78fe3ff241ce
2026-06-22T22:49:13+09:00,added,n84a0a67f020f,m78fe3ff241ce
2026-06-23T11:13:36+09:00,added,n82273af9a338,m3dae738ba1c1
2026-06-23T16:51:11+09:00,added,n48ce086ad8a4,mfc9d03c23504
2026-06-23T20:31:46+09:00,added,n48ce086ad8a4,m6862330b7742
2026-06-23T20:31:46+09:00,added,nab43cc405584,md1868a762043
2026-06-23T23:26:50+09:00,added,n48ce086ad8a4,m26631bce74dd
2026-06-23T23:26:50+09:00,added,nb00e0ec1e371,m366756297795
2026-06-23T23:26:50+09:00,added,nb00e0ec1e371,m16095e384518
2026-06-23T23:26:50+09:00,added,nb00e0ec1e371,me39940554e5a
2026-06-23T23:26:50+09:00,added,nb00e0ec1e371,m0f6484462f7f
2026-06-23T23:26:50+09:00,added,nb00e0ec1e371,mae7d87e63b56
2026-06-23T23:26:50+09:00,added,nb00e0ec1e371,m28654e6bea0e
2026-06-23T23:26:50+09:00,added,nab43cc405584,m7325f611df66
2026-06-23T23:26:50+09:00,added,nab43cc405584,mcf500208b8d9
2026-06-23T23:26:50+09:00,added,n265a0acb8b32,m0988ee24cf93
2026-06-23T23:26:50+09:00,added,n6e6ebeabe960,m3dae738ba1c1
2026-06-24T03:09:37+09:00,added,nb00e0ec1e371,me83c41145054
2026-06-24T06:37:57+09:00,added,nab43cc405584,m0988ee24cf93
2026-06-24T11:14:10+09:00,added,nb00e0ec1e371,m3ff81c0d23db
2026-06-24T11:14:10+09:00,added,nb00e0ec1e371,m37d340b019a6
2026-06-24T11:14:10+09:00,added,nb00e0ec1e371,mdd702710eeb9
2026-06-24T11:14:10+09:00,added,nff0bea561a3e,m7e46a705cb77
2026-06-24T16:45:02+09:00,added,nb00e0ec1e371,m334fb05a2022
2026-06-24T16:45:02+09:00,added,nb00e0ec1e371,m5c87df568874
2026-06-24T16:45:02+09:00,added,nb00e0ec1e371,mcf500208b8d9
2026-06-24T16:45:02+09:00,added,nb00e0ec1e371,mcff9b6cb3037
2026-06-24T16:45:02+09:00,added,nb00e0ec1e371,m6d69812caeed
2026-06-24T16:45:02+09:00,added,nab43cc405584,maf52f9829666
2026-06-24T20:04:17+09:00,added,nb00e0ec1e371,md1868a762043
2026-06-24T20:04:17+09:00,added,nb00e0ec1e371,m887df4adddb3
2026-06-24T20:04:17+09:00,added,nb00e0ec1e371,m18c09c59705e
2026-06-24T20:04:17+09:00,added,nb00e0ec1e371,m0102f820d986
2026-06-24T20:04:17+09:00,added,nab43cc405584,m6ff3417d7d3c
2026-06-24T20:04:17+09:00,added,nab43cc405584,m5e0b116a568a
2026-06-24T20:04:17+09:00,added,nc119a2df65b1,m4eb56c8bcbc2
2026-06-24T20:04:17+09:00,added,n742a73bb580f,m9cb66ab6d266
2026-06-24T23:11:13+09:00,added,naf1203f5c51e,m366756297795
2026-06-24T23:11:13+09:00,added,naf1203f5c51e,m16095e384518
2026-06-24T23:11:13+09:00,added,naf1203f5c51e,m28654e6bea0e
2026-06-24T23:11:13+09:00,added,naf1203f5c51e,m0f6484462f7f
2026-06-24T23:11:13+09:00,added,naf1203f5c51e,mae7d87e63b56
2026-06-24T23:11:13+09:00,added,naf1203f5c51e,m887df4adddb3
2026-06-24T23:11:13+09:00,added,nb00e0ec1e371,m05948736e17f
2026-06-24T23:11:13+09:00,added,nb00e0ec1e371,m26631bce74dd
2026-06-24T23:11:13+09:00,added,nb00e0ec1e371,m78fe3ff241ce
2026-06-24T23:11:13+09:00,added,nb00e0ec1e371,m7325f611df66
2026-06-24T23:11:13+09:00,added,n8e4af6cb1956,m48f2da6384f9
2026-06-24T23:11:13+09:00,added,n8fe53895441a,m48f2da6384f9
2026-06-24T23:11:13+09:00,added,nfead605fba9c,m48f2da6384f9
2026-06-24T23:11:13+09:00,added,n37be7ce8e679,m48f2da6384f9
2026-06-24T23:11:13+09:00,added,nf5fcdcfb8a24,m48f2da6384f9
2026-06-25T03:06:35+09:00,added,naf1203f5c51e,me83c41145054
2026-06-25T03:06:35+09:00,added,nc32ca997ea75,m85d2b56c723d
2026-06-25T06:29:38+09:00,added,naf1203f5c51e,me39940554e5a
2026-06-25T11:16:59+09:00,added,naf1203f5c51e,m18c09c59705e
2026-06-25T11:16:59+09:00,added,naf1203f5c51e,m0102f820d986
2026-06-25T11:16:59+09:00,added,naf1203f5c51e,m1be7ce2dd479
2026-06-25T11:16:59+09:00,added,naf1203f5c51e,m3ff81c0d23db
2026-06-25T11:16:59+09:00,added,naf1203f5c51e,m37d340b019a6
2026-06-25T11:16:59+09:00,added,nb00e0ec1e371,m0988ee24cf93
2026-06-25T11:16:59+09:00,added,nf2f659d72007,m3dae738ba1c1
2026-06-25T16:47:18+09:00,added,n48ce086ad8a4,m547e9622e50b
2026-06-25T16:47:18+09:00,added,naf1203f5c51e,m768b3f4cf6e4
2026-06-25T16:47:18+09:00,added,nd52537d77677,m796bff88d394
2026-06-25T19:57:01+09:00,added,naf1203f5c51e,maf52f9829666
2026-06-25T19:57:01+09:00,added,nd49024123fc1,me759d1c27fae
2026-06-25T23:07:26+09:00,added,n48ce086ad8a4,mad8d2935fc54
2026-06-25T23:07:26+09:00,added,naf1203f5c51e,mcf500208b8d9
2026-06-25T23:07:26+09:00,added,naf1203f5c51e,mcff9b6cb3037
2026-06-25T23:07:26+09:00,added,naf1203f5c51e,m6d69812caeed
2026-06-25T23:07:26+09:00,added,naf1203f5c51e,m78fe3ff241ce
2026-06-25T23:07:26+09:00,added,naf1203f5c51e,m7325f611df66
2026-06-25T23:07:26+09:00,added,naf1203f5c51e,mb607a414c367
2026-06-25T23:07:26+09:00,added,naf1203f5c51e,m6d3400fb7014
2026-06-26T03:23:41+09:00,added,n41ce53313e8d,m366756297795
2026-06-26T03:23:41+09:00,added,n41ce53313e8d,m16095e384518
2026-06-26T03:23:41+09:00,added,n41ce53313e8d,me83c41145054
2026-06-26T03:23:41+09:00,added,n41ce53313e8d,mfae41043bb0b
2026-06-26T03:23:41+09:00,added,n41ce53313e8d,m2788185b81a0
2026-06-26T03:23:41+09:00,added,n41ce53313e8d,mf7549c1ca230
2026-06-26T03:23:41+09:00,added,naf1203f5c51e,m0988ee24cf93
2026-06-26T06:37:41+09:00,removed,n76e728af4f95,mf7bb06c04d02
2026-06-26T23:37:08+09:00,added,n70d0371551aa,m366756297795
2026-06-26T23:37:08+09:00,added,n70d0371551aa,m17f76b944423
2026-06-26T23:37:08+09:00,added,n70d0371551aa,m16095e384518
2026-06-26T23:37:08+09:00,added,n70d0371551aa,m78fe3ff241ce
2026-06-26T23:37:08+09:00,added,n70d0371551aa,mae7d87e63b56
2026-06-26T23:37:08+09:00,added,n70d0371551aa,mdb362d43e1a9
2026-06-26T23:37:08+09:00,added,n70d0371551aa,m3b898a691902
2026-06-26T23:37:08+09:00,added,n70d0371551aa,m11881a67a893
2026-06-26T23:37:08+09:00,added,n70d0371551aa,m53a3c3b5d431
2026-06-26T23:37:08+09:00,added,n70d0371551aa,m28654e6bea0e
2026-06-26T23:37:08+09:00,added,n70d0371551aa,me83c41145054
2026-06-26T23:37:08+09:00,added,n41ce53313e8d,mae7d87e63b56
2026-06-26T23:37:08+09:00,added,n41ce53313e8d,m3ff81c0d23db
2026-06-26T23:37:08+09:00,added,n41ce53313e8d,m28654e6bea0e
2026-06-26T23:37:08+09:00,added,n41ce53313e8d,mcff9b6cb3037
2026-06-26T23:37:08+09:00,added,n41ce53313e8d,m6d69812caeed
2026-06-26T23:37:08+09:00,added,n41ce53313e8d,m37d340b019a6
2026-06-26T23:37:08+09:00,added,n41ce53313e8d,mdd702710eeb9
2026-06-26T23:37:08+09:00,added,n41ce53313e8d,m75dba2f0793c
2026-06-26T23:37:08+09:00,added,n41ce53313e8d,maf52f9829666
2026-06-26T23:37:08+09:00,added,n41ce53313e8d,m887df4adddb3
2026-06-26T23:37:08+09:00,added,n41ce53313e8d,mad8d2935fc54
2026-06-26T23:37:08+09:00,added,n41ce53313e8d,md1868a762043
2026-06-26T23:37:08+09:00,added,n41ce53313e8d,m37d0f19c2434
2026-06-26T23:37:08+09:00,added,n41ce53313e8d,m547e9622e50b
2026-06-26T23:37:08+09:00,added,n41ce53313e8d,m78fe3ff241ce
2026-06-26T23:37:08+09:00,added,n41ce53313e8d,m7325f611df66
2026-06-26T23:37:08+09:00,added,nd90108990291,m3b898a691902
2026-06-26T23:37:08+09:00,added,nd90108990291,m53a3c3b5d431
2026-06-26T23:37:08+09:00,added,nd90108990291,mdb362d43e1a9
2026-06-26T23:37:08+09:00,added,nd90108990291,m7dfb2f05ab33
2026-06-26T23:37:08+09:00,added,nd90108990291,m11881a67a893
2026-06-26T23:37:08+09:00,added,n995e162007af,m7e46a705cb77
2026-06-26T23:37:08+09:00,added,nafc785c21e52,m9cb66ab6d266
2026-06-27T03:06:18+09:00,added,n48ce086ad8a4,m6d69812caeed
2026-06-27T03:06:18+09:00,added,n48ce086ad8a4,mcff9b6cb3037
2026-06-27T03:06:18+09:00,added,n48ce086ad8a4,m768b3f4cf6e4
2026-06-27T03:06:18+09:00,added,nb00e0ec1e371,m2788185b81a0
2026-06-27T16:34:36+09:00,added,n70d0371551aa,mfd182dd16323
2026-06-27T16:34:36+09:00,added,n70d0371551aa,m887df4adddb3
2026-06-27T16:34:36+09:00,added,n41ce53313e8d,m18c09c59705e
2026-06-27T16:34:36+09:00,added,n41ce53313e8d,m0102f820d986
2026-06-27T16:34:36+09:00,added,n860455096fb3,me759d1c27fae
2026-06-27T19:06:18+09:00,added,n41ce53313e8d,m11f968fbad6d
2026-06-27T19:06:18+09:00,added,nb7d7969c0393,m7e46a705cb77
2026-06-27T22:15:44+09:00,added,n48ce086ad8a4,m54b2ccd56b12
2026-06-28T02:30:19+09:00,added,n0882fb815368,m366756297795
2026-06-28T02:30:19+09:00,added,n0882fb815368,m16095e384518
2026-06-28T02:30:19+09:00,added,n0882fb815368,mad8d2935fc54
2026-06-28T02:30:19+09:00,added,n0882fb815368,m2e9b901b1ba9
2026-06-28T02:30:19+09:00,added,n0882fb815368,mfc9d03c23504
2026-06-28T02:30:19+09:00,added,n0882fb815368,me83c41145054
2026-06-28T02:30:19+09:00,added,n0882fb815368,mfae41043bb0b
2026-06-28T02:30:19+09:00,added,n0882fb815368,m6463046852a4
2026-06-28T02:30:19+09:00,added,n0882fb815368,m28654e6bea0e
2026-06-28T02:30:19+09:00,added,n41ce53313e8d,m0988ee24cf93
2026-06-28T02:30:19+09:00,added,naf1203f5c51e,m30a248399fe0
2026-06-28T06:14:11+09:00,added,n0882fb815368,mcff9b6cb3037
2026-06-28T06:14:11+09:00,added,n0882fb815368,m6d69812caeed
2026-06-28T06:14:11+09:00,added,n0882fb815368,mf7549c1ca230
2026-06-28T13:34:58+09:00,added,n0882fb815368,m3ff81c0d23db
2026-06-28T13:34:58+09:00,added,n0882fb815368,m05948736e17f
2026-06-28T13:34:58+09:00,added,n0882fb815368,mcf500208b8d9
2026-06-28T13:34:58+09:00,added,n0882fb815368,mae7d87e63b56
2026-06-28T13:34:58+09:00,added,n0882fb815368,m2788185b81a0
2026-06-28T13:34:58+09:00,added,n0882fb815368,m0102f820d986
2026-06-28T13:34:58+09:00,added,n0882fb815368,m18c09c59705e
2026-06-28T13:34:58+09:00,added,n70d0371551aa,m69ffff5e162d
2026-06-28T19:30:35+09:00,added,n0882fb815368,m78fe3ff241ce
2026-06-28T19:30:35+09:00,added,n0882fb815368,mdd702710eeb9
2026-06-28T22:21:00+09:00,added,n48ce086ad8a4,md87870710d29
2026-06-28T22:21:00+09:00,added,n48ce086ad8a4,m8641cac79699
2026-06-28T22:21:00+09:00,added,n41ce53313e8d,m30a248399fe0
2026-06-28T22:21:00+09:00,added,n41ce53313e8d,mc6dad877a6d7
2026-06-28T22:21:00+09:00,added,nb00e0ec1e371,mad8d2935fc54
2026-06-29T02:30:35+09:00,added,n094f38ba275b,m366756297795
2026-06-29T02:30:35+09:00,added,n094f38ba275b,m17f76b944423
2026-06-29T02:30:35+09:00,added,n094f38ba275b,m16095e384518
2026-06-29T02:30:35+09:00,added,n094f38ba275b,m5c87df568874
2026-06-29T02:30:35+09:00,added,n094f38ba275b,mae7d87e63b56
2026-06-29T02:30:35+09:00,added,n094f38ba275b,ma9ff6f94a575
2026-06-29T02:30:35+09:00,added,n094f38ba275b,mcff9b6cb3037
2026-06-29T02:30:35+09:00,added,n094f38ba275b,m6d69812caeed
2026-06-29T02:30:35+09:00,added,n0882fb815368,m26631bce74dd
2026-06-29T02:30:35+09:00,added,n0882fb815368,meceed644c480
2026-06-29T02:30:35+09:00,added,n0882fb815368,m190f1a3c3e2e
2026-06-29T02:30:35+09:00,added,n70d0371551aa,m92f1af23610d
2026-06-29T02:30:35+09:00,added,naf1203f5c51e,m46a2519eae0a
2026-06-29T06:12:21+09:00,added,n094f38ba275b,m0d4f8c1fe1ac
2026-06-29T06:12:21+09:00,added,n094f38ba275b,m28654e6bea0e
2026-06-29T13:54:52+09:00,added,n08b4ec0178e0,m366756297795
2026-06-29T13:54:52+09:00,added,n08b4ec0178e0,m16095e384518
2026-06-29T13:54:52+09:00,added,n08b4ec0178e0,m2788185b81a0
2026-06-29T13:54:52+09:00,added,n08b4ec0178e0,m887df4adddb3
2026-06-29T13:54:52+09:00,added,n0882fb815368,mdf249d5f08ec
2026-06-29T13:54:52+09:00,added,n0882fb815368,m3dae738ba1c1
2026-06-29T13:54:52+09:00,added,n0882fb815368,m6d3400fb7014
2026-06-29T13:54:52+09:00,added,n41ce53313e8d,mcf500208b8d9
2026-06-29T13:54:52+09:00,removed,n48ce086ad8a4,m16095e384518
2026-06-29T13:54:52+09:00,added,n5bd1464f29f8,m965e76ed1a02
2026-06-29T18:15:54+09:00,added,n08b4ec0178e0,mf7549c1ca230
2026-06-29T18:15:54+09:00,added,n08b4ec0178e0,mae7d87e63b56
2026-06-29T18:15:54+09:00,added,n08b4ec0178e0,me83c41145054
2026-06-29T18:15:54+09:00,added,n08b4ec0178e0,m3ff81c0d23db
2026-06-29T18:15:54+09:00,added,n08b4ec0178e0,m28654e6bea0e
2026-06-29T18:15:54+09:00,added,n08b4ec0178e0,m0f6484462f7f
2026-06-29T21:33:43+09:00,added,n08b4ec0178e0,m78fe3ff241ce
2026-06-29T21:33:43+09:00,added,n08b4ec0178e0,m47ad56a9b500
2026-06-29T21:33:43+09:00,added,n094f38ba275b,m78fe3ff241ce
2026-06-30T00:36:54+09:00,added,n08b4ec0178e0,mad8d2935fc54
2026-06-30T00:36:54+09:00,added,n08b4ec0178e0,mcff9b6cb3037
2026-06-30T00:36:54+09:00,added,n08b4ec0178e0,m6d69812caeed
2026-06-30T00:36:54+09:00,added,n0882fb815368,m30a248399fe0
2026-06-30T00:36:54+09:00,added,n0882fb815368,m7325f611df66
2026-06-30T06:37:56+09:00,added,n08b4ec0178e0,mcf500208b8d9
2026-06-30T13:21:37+09:00,added,n08b4ec0178e0,m5ca58e6bf38b
2026-06-30T13:21:37+09:00,added,n08b4ec0178e0,m53a3c3b5d431
2026-06-30T13:21:37+09:00,added,n08b4ec0178e0,m3b898a691902
2026-06-30T13:21:37+09:00,added,n08b4ec0178e0,m862869c2ff9e
2026-06-30T13:21:37+09:00,added,n08b4ec0178e0,m11881a67a893
2026-06-30T13:21:37+09:00,added,n08b4ec0178e0,m3ed4b0ea704e
2026-06-30T13:21:37+09:00,added,n591b7ec37f46,m366756297795
2026-06-30T13:21:37+09:00,added,n591b7ec37f46,m16095e384518
2026-06-30T13:21:37+09:00,added,n41ce53313e8d,m796bff88d394
2026-06-30T13:21:37+09:00,added,n48ce086ad8a4,m796bff88d394
2026-06-30T17:10:41+09:00,added,n08b4ec0178e0,m6c90ed0fe464
2026-06-30T17:10:41+09:00,added,n08b4ec0178e0,md3c750a7650e
2026-06-30T17:10:41+09:00,added,n591b7ec37f46,mae7d87e63b56
2026-06-30T17:10:41+09:00,added,n591b7ec37f46,m28654e6bea0e
2026-06-30T17:10:41+09:00,added,n094f38ba275b,mfd182dd16323
2026-06-30T17:10:41+09:00,added,n094f38ba275b,m6862330b7742
2026-06-30T19:58:54+09:00,added,n08b4ec0178e0,mef3e6ed657c6
2026-06-30T19:58:54+09:00,added,n591b7ec37f46,m78fe3ff241ce
2026-06-30T19:58:54+09:00,added,n591b7ec37f46,mcff9b6cb3037
2026-06-30T19:58:54+09:00,added,n591b7ec37f46,m6d69812caeed
2026-06-30T23:03:02+09:00,added,n08b4ec0178e0,m6ff3417d7d3c
2026-06-30T23:03:02+09:00,added,n591b7ec37f46,m7325f611df66
2026-07-01T03:18:49+09:00,added,n08b4ec0178e0,m30a248399fe0
2026-07-01T03:18:49+09:00,added,n0882fb815368,m0988ee24cf93
2026-07-01T13:42:35+09:00,added,n08b4ec0178e0,m7e46a705cb77
2026-07-01T13:42:35+09:00,added,n094f38ba275b,m23c1b65814a0
2026-07-01T17:36:45+09:00,added,n08b4ec0178e0,maf52f9829666
2026-07-01T17:36:45+09:00,added,n0882fb815368,maf52f9829666
2026-07-01T17:36:45+09:00,added,ne8a1019d4c27,mcf500208b8d9
2026-07-01T20:17:59+09:00,added,n0ee8f90f4ac0,m366756297795
2026-07-01T20:17:59+09:00,added,n0ee8f90f4ac0,m16095e384518
2026-07-01T20:17:59+09:00,added,n0ee8f90f4ac0,mdd702710eeb9
2026-07-01T20:17:59+09:00,added,n0ee8f90f4ac0,me83c41145054
2026-07-01T20:17:59+09:00,added,n0ee8f90f4ac0,m2788185b81a0
2026-07-01T20:17:59+09:00,added,n0ee8f90f4ac0,m3ff81c0d23db
2026-07-01T20:17:59+09:00,added,n0ee8f90f4ac0,m7325f611df66
2026-07-01T20:17:59+09:00,added,n0ee8f90f4ac0,maf52f9829666
2026-07-01T20:17:59+09:00,added,n0ee8f90f4ac0,mae7d87e63b56
2026-07-01T20:17:59+09:00,added,n591b7ec37f46,mcf500208b8d9
2026-07-01T23:20:04+09:00,added,n0ee8f90f4ac0,m28654e6bea0e
2026-07-01T23:20:04+09:00,added,n0ee8f90f4ac0,mcf500208b8d9
2026-07-01T23:20:04+09:00,added,n0ee8f90f4ac0,mcff9b6cb3037
2026-07-01T23:20:04+09:00,added,n0ee8f90f4ac0,m6d69812caeed
2026-07-02T03:18:38+09:00,added,n0ee8f90f4ac0,m30a248399fe0
2026-07-02T13:20:41+09:00,added,n0ee8f90f4ac0,m796bff88d394
2026-07-02T16:54:19+09:00,added,n0ee8f90f4ac0,mf7f9952d6e72
2026-07-02T19:43:52+09:00,added,n08b4ec0178e0,m768b3f4cf6e4
2026-07-02T19:43:52+09:00,added,n9a8f9a4d60e9,m366756297795
2026-07-02T19:43:52+09:00,added,n9a8f9a4d60e9,m16095e384518
2026-07-02T19:43:52+09:00,added,n9a8f9a4d60e9,maf52f9829666
2026-07-02T19:43:52+09:00,added,n9a8f9a4d60e9,m28654e6bea0e
2026-07-02T19:43:52+09:00,added,n9a8f9a4d60e9,m887df4adddb3
2026-07-02T19:43:52+09:00,added,n9a8f9a4d60e9,me83c41145054
2026-07-02T19:43:52+09:00,added,n0ee8f90f4ac0,m0988ee24cf93
2026-07-02T22:41:37+09:00,added,n9a8f9a4d60e9,m2788185b81a0
2026-07-02T22:41:37+09:00,added,n9a8f9a4d60e9,m18c09c59705e
2026-07-02T22:41:37+09:00,added,n9a8f9a4d60e9,m0102f820d986
2026-07-02T22:41:37+09:00,added,n9a8f9a4d60e9,m3ff81c0d23db
2026-07-02T22:41:37+09:00,added,n9a8f9a4d60e9,m7325f611df66
2026-07-02T22:41:37+09:00,added,n9a8f9a4d60e9,m54b2ccd56b12
2026-07-02T22:41:37+09:00,added,n9a8f9a4d60e9,mae7d87e63b56
2026-07-02T22:41:37+09:00,added,n9a8f9a4d60e9,mcff9b6cb3037
2026-07-02T22:41:37+09:00,added,n9a8f9a4d60e9,m6d69812caeed
2026-07-02T22:41:37+09:00,added,n9a8f9a4d60e9,m6463046852a4
2026-07-03T03:12:01+09:00,added,n0ee8f90f4ac0,m46a2519eae0a
2026-07-03T06:21:00+09:00,added,n0ee8f90f4ac0,m7e46a705cb77
2026-07-03T06:21:00+09:00,added,n0ee8f90f4ac0,me39940554e5a
2026-07-03T13:06:57+09:00,added,n9a8f9a4d60e9,m92f1af23610d
2026-07-03T16:48:12+09:00,added,n08b4ec0178e0,m796bff88d394
2026-07-03T16:48:12+09:00,added,n9a8f9a4d60e9,m0f6484462f7f
2026-07-03T16:48:12+09:00,added,nfdf24424b29c,mbda81785b82c
2026-07-03T16:48:12+09:00,removed,nfdf24424b29c,m654c5e9aae2f
2026-07-03T16:48:12+09:00,added,n5c83acc474f1,mbda81785b82c
2026-07-03T16:48:12+09:00,removed,n5c83acc474f1,m654c5e9aae2f
2026-07-03T19:40:34+09:00,added,naed4060563b1,m366756297795
2026-07-03T19:40:34+09:00,added,naed4060563b1,m17f76b944423
2026-07-03T19:40:34+09:00,added,naed4060563b1,m16095e384518
2026-07-03T19:40:34+09:00,added,naed4060563b1,mae7d87e63b56
2026-07-03T19:40:34+09:00,added,naed4060563b1,m78fe3ff241ce
2026-07-03T22:47:01+09:00,added,naed4060563b1,mcf500208b8d9
2026-07-03T22:47:01+09:00,added,naed4060563b1,m92f1af23610d
2026-07-04T02:54:48+09:00,added,naed4060563b1,mcff9b6cb3037
2026-07-04T02:54:48+09:00,added,naed4060563b1,m6d69812caeed
2026-07-04T02:54:48+09:00,added,n9a8f9a4d60e9,m30a248399fe0
2026-07-04T12:59:12+09:00,added,naed4060563b1,m28654e6bea0e
2026-07-04T16:11:02+09:00,added,n9a8f9a4d60e9,ma7f0c5b5d76e
2026-07-04T16:11:02+09:00,added,n70d0371551aa,m0f6484462f7f
2026-07-04T16:11:02+09:00,added,n70d0371551aa,m8531e02a2f58
2026-07-04T19:14:27+09:00,added,n0ee8f90f4ac0,mbe0b53f0ac52
2026-07-04T22:11:40+09:00,added,naac30afeef21,m366756297795
2026-07-04T22:11:40+09:00,added,naac30afeef21,m16095e384518
2026-07-04T22:11:40+09:00,added,naac30afeef21,mcff9b6cb3037
2026-07-04T22:11:40+09:00,added,naac30afeef21,m6d69812caeed
2026-07-05T02:28:38+09:00,added,naac30afeef21,m2788185b81a0
2026-07-05T02:28:38+09:00,added,naac30afeef21,me83c41145054
2026-07-05T02:28:38+09:00,added,naac30afeef21,mae7d87e63b56
2026-07-05T06:13:25+09:00,added,naac30afeef21,m334fb05a2022
2026-07-05T13:18:32+09:00,added,n5f1f5ca696b9,m366756297795
2026-07-05T13:18:32+09:00,added,n5f1f5ca696b9,m16095e384518
2026-07-05T13:18:32+09:00,added,n5f1f5ca696b9,mf7549c1ca230
2026-07-05T13:18:32+09:00,added,n5f1f5ca696b9,mcd9b664d59b6
2026-07-05T13:18:32+09:00,added,n5f1f5ca696b9,mae7d87e63b56
2026-07-05T13:18:32+09:00,added,n5f1f5ca696b9,me83c41145054
2026-07-05T13:18:32+09:00,added,n5f1f5ca696b9,mdd702710eeb9
2026-07-05T13:18:32+09:00,added,n5f1f5ca696b9,m28654e6bea0e
2026-07-05T13:18:32+09:00,added,n5f1f5ca696b9,mcff9b6cb3037
2026-07-05T13:18:32+09:00,added,n5f1f5ca696b9,m6d69812caeed
2026-07-05T13:18:32+09:00,added,n5f1f5ca696b9,m2788185b81a0
2026-07-05T13:18:32+09:00,added,n5f1f5ca696b9,m768b3f4cf6e4
2026-07-05T13:18:32+09:00,added,n5f1f5ca696b9,md87870710d29
2026-07-05T13:18:32+09:00,added,naac30afeef21,mcd9b664d59b6
2026-07-05T13:18:32+09:00,added,naac30afeef21,m28654e6bea0e
2026-07-05T13:18:32+09:00,added,naac30afeef21,mdd702710eeb9
2026-07-05T13:18:32+09:00,added,naac30afeef21,m7e46a705cb77
2026-07-05T13:18:32+09:00,added,naed4060563b1,m23c1b65814a0
2026-07-05T16:51:25+09:00,added,n5f1f5ca696b9,m18c09c59705e
2026-07-05T16:51:25+09:00,added,n5f1f5ca696b9,m0102f820d986
2026-07-05T16:51:25+09:00,added,naac30afeef21,m05948736e17f
2026-07-05T22:20:01+09:00,added,n5f1f5ca696b9,m78fe3ff241ce
2026-07-06T02:33:20+09:00,added,naac30afeef21,m6463046852a4
2026-07-06T13:24:03+09:00,added,n08b4ec0178e0,m37d0f19c2434
2026-07-06T17:54:06+09:00,added,nc13524d5d80a,m366756297795
2026-07-06T17:54:06+09:00,added,nc13524d5d80a,m16095e384518
2026-07-06T17:54:06+09:00,added,nc13524d5d80a,mcff9b6cb3037
2026-07-06T17:54:06+09:00,added,nc13524d5d80a,m6d69812caeed
2026-07-06T17:54:06+09:00,added,nc13524d5d80a,me83c41145054
2026-07-06T17:54:06+09:00,added,nc13524d5d80a,mdd702710eeb9
2026-07-06T17:54:06+09:00,added,nc13524d5d80a,me50627303786
2026-07-06T17:54:06+09:00,added,nc13524d5d80a,ma44cf5d43db9
2026-07-06T17:54:06+09:00,added,nc13524d5d80a,m28654e6bea0e
2026-07-06T17:54:06+09:00,added,nc13524d5d80a,m2788185b81a0
2026-07-06T17:54:06+09:00,added,nc13524d5d80a,mf7549c1ca230
2026-07-06T17:54:06+09:00,added,nc13524d5d80a,m3ff81c0d23db
2026-07-06T17:54:06+09:00,added,nd9ef03594a3c,m4eb56c8bcbc2
2026-07-06T21:09:51+09:00,added,nc13524d5d80a,maf52f9829666
2026-07-06T21:09:51+09:00,added,nc13524d5d80a,m3b898a691902
2026-07-06T21:09:51+09:00,added,nc13524d5d80a,m11881a67a893
2026-07-06T21:09:51+09:00,added,nc13524d5d80a,m3ed4b0ea704e
2026-07-06T21:09:51+09:00,added,nc13524d5d80a,mf2abfea66ec7
2026-07-06T21:09:51+09:00,added,nc13524d5d80a,m0988ee24cf93
2026-07-06T21:09:51+09:00,added,nc13524d5d80a,m78fe3ff241ce
2026-07-06T21:09:51+09:00,added,nc13524d5d80a,mae7d87e63b56
2026-07-06T21:09:51+09:00,added,nc13524d5d80a,m7325f611df66
2026-07-07T00:08:57+09:00,added,nc13524d5d80a,mcf500208b8d9
2026-07-07T00:08:57+09:00,added,nc13524d5d80a,m7e46a705cb77
2026-07-07T00:08:57+09:00,added,n5f1f5ca696b9,me39940554e5a
2026-07-07T13:15:35+09:00,added,n13392fe2dc93,m366756297795
2026-07-07T13:15:35+09:00,added,n13392fe2dc93,m16095e384518
2026-07-07T13:15:35+09:00,added,n13392fe2dc93,mdd702710eeb9
2026-07-07T13:15:35+09:00,added,n13392fe2dc93,m3ff81c0d23db
2026-07-07T13:15:35+09:00,added,n13392fe2dc93,m75dba2f0793c
2026-07-07T13:15:35+09:00,added,n5f1f5ca696b9,m7e46a705cb77
2026-07-07T13:15:35+09:00,added,n9a8f9a4d60e9,mcf500208b8d9
2026-07-07T17:06:04+09:00,added,nc13524d5d80a,mf7f9952d6e72
2026-07-07T17:06:04+09:00,added,n13392fe2dc93,mae7d87e63b56
2026-07-07T17:06:04+09:00,added,n13392fe2dc93,m28654e6bea0e
2026-07-07T20:00:11+09:00,added,n13392fe2dc93,me83c41145054
2026-07-07T20:00:11+09:00,added,n13392fe2dc93,m4c7f1907bb74
2026-07-07T20:00:11+09:00,added,n13392fe2dc93,m78fe3ff241ce
2026-07-07T23:19:03+09:00,added,n13392fe2dc93,m7325f611df66
2026-07-07T23:19:03+09:00,added,n13392fe2dc93,m54b2ccd56b12
2026-07-07T23:19:03+09:00,added,n13392fe2dc93,mcff9b6cb3037
2026-07-07T23:19:03+09:00,added,n13392fe2dc93,m6d69812caeed
2026-07-08T06:40:23+09:00,added,nc13524d5d80a,mf70c1099fb1b
2026-07-08T12:42:01+09:00,added,nc13524d5d80a,meceed644c480
2026-07-08T12:42:01+09:00,added,n13392fe2dc93,mcf500208b8d9
2026-07-08T22:41:40+09:00,added,nc13524d5d80a,m768b3f4cf6e4
2026-07-08T22:41:40+09:00,added,nc13524d5d80a,m547e9622e50b
2026-07-08T22:41:40+09:00,added,nbc82fea4cedb,m366756297795
2026-07-08T22:41:40+09:00,added,nbc82fea4cedb,m16095e384518
2026-07-08T22:41:40+09:00,added,nbc82fea4cedb,mcf500208b8d9
2026-07-08T22:41:40+09:00,added,nbc82fea4cedb,mae7d87e63b56
2026-07-08T22:41:40+09:00,added,nbc82fea4cedb,mdd702710eeb9
2026-07-08T22:41:40+09:00,added,nbc82fea4cedb,m78fe3ff241ce
2026-07-08T22:41:40+09:00,added,nbc82fea4cedb,m7325f611df66
2026-07-08T22:41:40+09:00,added,n13392fe2dc93,m11881a67a893
2026-07-08T22:41:40+09:00,added,n13392fe2dc93,m53a3c3b5d431
2026-07-08T22:41:40+09:00,added,n13392fe2dc93,m862869c2ff9e
2026-07-08T22:41:40+09:00,added,n13392fe2dc93,mf2abfea66ec7
2026-07-09T06:23:38+09:00,added,nbc82fea4cedb,me83c41145054
2026-07-09T06:23:38+09:00,added,n13392fe2dc93,m0988ee24cf93
2026-07-09T06:23:38+09:00,added,n13392fe2dc93,m92f1af23610d
2026-07-09T06:23:38+09:00,added,n13392fe2dc93,m7e46a705cb77
2026-07-09T13:09:29+09:00,added,nbc82fea4cedb,m3dae738ba1c1
2026-07-09T13:09:29+09:00,added,n8fe53895441a,m7e46a705cb77
2026-07-09T17:04:00+09:00,added,n5f1f5ca696b9,ma53088b6c588
2026-07-09T17:04:00+09:00,added,n5f1f5ca696b9,m26631bce74dd
2026-07-09T17:04:00+09:00,added,n5f1f5ca696b9,mbda81785b82c
2026-07-09T17:04:00+09:00,added,naac30afeef21,mcf500208b8d9
2026-07-09T23:42:54+09:00,added,n7b09eb123851,m366756297795
2026-07-09T23:42:54+09:00,added,n7b09eb123851,m16095e384518
2026-07-09T23:42:54+09:00,added,n13392fe2dc93,m0f6484462f7f
2026-07-10T03:16:58+09:00,added,n7b09eb123851,m0988ee24cf93
2026-07-10T03:16:58+09:00,added,n7b09eb123851,m2788185b81a0
2026-07-10T06:38:55+09:00,added,n7b09eb123851,me39940554e5a
2026-07-10T06:38:55+09:00,added,nbc82fea4cedb,m54b2ccd56b12
2026-07-10T13:11:30+09:00,added,n7b09eb123851,mae7d87e63b56
2026-07-10T13:11:30+09:00,added,n7b09eb123851,me83c41145054
2026-07-10T13:11:30+09:00,added,n7b09eb123851,ma7f0c5b5d76e
2026-07-10T13:11:30+09:00,added,n7b09eb123851,m768b3f4cf6e4
2026-07-10T13:11:30+09:00,added,n7b09eb123851,mdd702710eeb9
2026-07-10T13:11:30+09:00,added,n7b09eb123851,me50627303786
2026-07-10T13:11:30+09:00,added,n7b09eb123851,mcf500208b8d9
2026-07-10T13:11:30+09:00,added,naed4060563b1,m0d4f8c1fe1ac
2026-07-10T13:11:30+09:00,added,nfa06b3b7cfb4,m796bff88d394
2026-07-10T17:01:05+09:00,added,n7b09eb123851,m0f6484462f7f
2026-07-10T19:59:28+09:00,added,nc3053a0a1ea8,m366756297795
2026-07-10T19:59:28+09:00,added,nc3053a0a1ea8,m17f76b944423
2026-07-10T19:59:28+09:00,added,nc3053a0a1ea8,m16095e384518
2026-07-10T19:59:28+09:00,added,nc3053a0a1ea8,m23c1b65814a0
2026-07-10T19:59:28+09:00,added,nbc82fea4cedb,m28654e6bea0e
2026-07-10T23:09:07+09:00,added,nc13524d5d80a,m92f1af23610d
2026-07-10T23:09:07+09:00,added,nc3053a0a1ea8,mae7d87e63b56
2026-07-11T03:08:15+09:00,added,nc3053a0a1ea8,m78fe3ff241ce
2026-07-11T03:08:15+09:00,added,nc3053a0a1ea8,mcff9b6cb3037
2026-07-11T03:08:15+09:00,added,nc3053a0a1ea8,m6d69812caeed
2026-07-11T03:08:15+09:00,added,n7b09eb123851,mb14c27a56b5e
2026-07-11T12:36:40+09:00,added,nc3053a0a1ea8,m28654e6bea0e
2026-07-11T12:36:40+09:00,added,n7b09eb123851,m28654e6bea0e
2026-07-11T15:38:30+09:00,added,n7b09eb123851,m7e46a705cb77
2026-07-11T15:38:30+09:00,added,n5f1f5ca696b9,mcf500208b8d9
2026-07-11T18:30:05+09:00,added,n7b09eb123851,m7325f611df66
2026-07-11T22:05:32+09:00,added,n8b3efa2448cd,m366756297795
2026-07-11T22:05:32+09:00,added,n8b3efa2448cd,m16095e384518
2026-07-11T22:05:32+09:00,added,n8b3efa2448cd,m0f6484462f7f
2026-07-11T22:05:32+09:00,added,n8b3efa2448cd,me50627303786
2026-07-11T22:05:32+09:00,added,n8b3efa2448cd,me83c41145054
2026-07-11T22:05:32+09:00,added,n8b3efa2448cd,mfae41043bb0b
2026-07-11T22:05:32+09:00,added,n8b3efa2448cd,m3ff81c0d23db
2026-07-11T22:05:32+09:00,added,n8b3efa2448cd,m78fe3ff241ce
2026-07-11T22:05:32+09:00,added,n8b3efa2448cd,mae7d87e63b56
2026-07-11T22:05:32+09:00,added,n8b3efa2448cd,m2788185b81a0
2026-07-11T22:05:32+09:00,added,n8b3efa2448cd,m6d69812caeed
2026-07-11T22:05:32+09:00,added,n8b3efa2448cd,mcff9b6cb3037
2026-07-11T22:05:32+09:00,added,n8b3efa2448cd,m1cf00bd3c4c4
2026-07-11T22:05:32+09:00,added,n8b3efa2448cd,mcf500208b8d9
2026-07-12T12:48:42+09:00,added,n8b3efa2448cd,mdf249d5f08ec
2026-07-12T12:48:42+09:00,added,n8b3efa2448cd,mb607a414c367
2026-07-12T12:48:42+09:00,added,n8b3efa2448cd,me759d1c27fae
2026-07-12T12:48:42+09:00,added,n8b3efa2448cd,m30a248399fe0
2026-07-12T12:48:42+09:00,added,n8b3efa2448cd,m5ca58e6bf38b
2026-07-12T15:59:38+09:00,added,n8b3efa2448cd,m6484622342c0
2026-07-12T15:59:38+09:00,added,nde9807976547,m4eb56c8bcbc2
2026-07-12T18:58:22+09:00,added,n8b3efa2448cd,md87870710d29
2026-07-12T22:07:06+09:00,added,n5b3193f481b4,m366756297795
2026-07-12T22:07:06+09:00,added,n5b3193f481b4,m16095e384518
2026-07-12T22:07:06+09:00,added,n5b3193f481b4,m0f6484462f7f
2026-07-12T22:07:06+09:00,added,n5b3193f481b4,m619527c861f3
2026-07-12T22:07:06+09:00,added,n5b3193f481b4,m75dba2f0793c
2026-07-12T22:07:06+09:00,added,n5b3193f481b4,m2788185b81a0
2026-07-12T22:07:06+09:00,added,n8b3efa2448cd,m0988ee24cf93
2026-07-12T22:07:06+09:00,added,n8b3efa2448cd,m28654e6bea0e
2026-07-13T02:21:14+09:00,added,nc13524d5d80a,m821d82fa5dce
2026-07-13T02:21:14+09:00,added,n5b3193f481b4,me83c41145054
2026-07-13T02:21:14+09:00,added,n5b3193f481b4,mae7d87e63b56
2026-07-13T12:51:28+09:00,added,nc13524d5d80a,m2ea72595cf8d
2026-07-13T12:51:28+09:00,added,nada4e15354bc,m366756297795
2026-07-13T12:51:28+09:00,added,nada4e15354bc,m16095e384518
2026-07-13T12:51:28+09:00,added,nada4e15354bc,me50627303786
2026-07-13T12:51:28+09:00,added,n5b3193f481b4,m28654e6bea0e
2026-07-13T12:51:28+09:00,added,n5b3193f481b4,md13f11c6c2c5
2026-07-13T12:51:28+09:00,added,n08b4ec0178e0,m2ea72595cf8d
2026-07-13T12:51:28+09:00,added,n41ce53313e8d,m2ea72595cf8d
2026-07-13T12:51:28+09:00,added,n480ba1f0f964,m3dae738ba1c1
2026-07-13T16:46:29+09:00,added,nada4e15354bc,me83c41145054
2026-07-13T16:46:29+09:00,added,nada4e15354bc,mcf500208b8d9
2026-07-13T16:46:29+09:00,added,nada4e15354bc,m2ea72595cf8d
2026-07-13T16:46:29+09:00,added,nada4e15354bc,mae7d87e63b56
2026-07-13T16:46:29+09:00,added,nada4e15354bc,m2788185b81a0
2026-07-13T16:46:29+09:00,added,nada4e15354bc,m3ff81c0d23db
2026-07-13T16:46:29+09:00,added,nada4e15354bc,maf52f9829666
2026-07-13T16:46:29+09:00,added,nada4e15354bc,m8f8cb1f85570
2026-07-13T16:46:29+09:00,added,nada4e15354bc,mdd702710eeb9
2026-07-13T20:04:36+09:00,added,nada4e15354bc,mdf249d5f08ec
2026-07-13T20:04:36+09:00,added,nada4e15354bc,m334fb05a2022
2026-07-13T20:04:36+09:00,added,nada4e15354bc,m28654e6bea0e
2026-07-13T20:04:36+09:00,added,n5b3193f481b4,m0988ee24cf93
2026-07-13T20:04:36+09:00,added,n5b3193f481b4,m2ea72595cf8d
2026-07-13T20:04:36+09:00,added,n5b3193f481b4,m05948736e17f
2026-07-13T20:04:36+09:00,added,n8b3efa2448cd,m47ad56a9b500
2026-07-13T23:13:56+09:00,added,nada4e15354bc,m78fe3ff241ce
2026-07-13T23:13:56+09:00,added,nada4e15354bc,m88515fdff431
2026-07-13T23:13:56+09:00,added,n5b3193f481b4,me50627303786
2026-07-13T23:13:56+09:00,added,n8b3efa2448cd,m5e0b116a568a
2026-07-13T23:13:56+09:00,added,n8b3efa2448cd,m6463046852a4
2026-07-14T12:11:50+09:00,added,nada4e15354bc,mef3e6ed657c6
2026-07-14T12:11:50+09:00,added,nada4e15354bc,m547e9622e50b
2026-07-14T12:11:50+09:00,added,n5b3193f481b4,mef3e6ed657c6
2026-07-14T12:11:50+09:00,added,n8b3efa2448cd,m69ffff5e162d
2026-07-14T12:11:50+09:00,added,nc13524d5d80a,m796bff88d394
2026-07-14T15:35:41+09:00,added,n5b3193f481b4,mcf500208b8d9
2026-07-14T15:35:41+09:00,added,n5b3193f481b4,maf52f9829666
2026-07-14T19:00:19+09:00,added,nada4e15354bc,m11881a67a893
2026-07-14T19:00:19+09:00,added,nada4e15354bc,m53a3c3b5d431
2026-07-14T19:00:19+09:00,added,nada4e15354bc,m862869c2ff9e
2026-07-14T19:00:19+09:00,added,nada4e15354bc,m349b3be90eb0
2026-07-14T19:00:19+09:00,added,nada4e15354bc,m6c21ad4983da
2026-07-14T19:00:19+09:00,added,n5b3193f481b4,m30a248399fe0
2026-07-14T19:00:19+09:00,added,n7b09eb123851,m2ea72595cf8d
2026-07-14T22:18:56+09:00,added,nada4e15354bc,m05948736e17f
2026-07-14T22:18:56+09:00,added,n4c8a8fdfa12f,m366756297795
2026-07-14T22:18:56+09:00,added,n4c8a8fdfa12f,m16095e384518
2026-07-14T22:18:56+09:00,added,n4c8a8fdfa12f,me83c41145054
2026-07-14T22:18:56+09:00,added,n4c8a8fdfa12f,m28654e6bea0e
2026-07-14T22:18:56+09:00,added,n4c8a8fdfa12f,m3ff81c0d23db
2026-07-14T22:18:56+09:00,added,n4c8a8fdfa12f,m5afc54cabf28
2026-07-14T22:18:56+09:00,added,n4c8a8fdfa12f,m18c09c59705e
2026-07-14T22:18:56+09:00,added,n4c8a8fdfa12f,m0102f820d986
2026-07-14T22:18:56+09:00,added,n4c8a8fdfa12f,ma7f0c5b5d76e
2026-07-14T22:18:56+09:00,added,n4c8a8fdfa12f,mdd702710eeb9
2026-07-14T22:18:56+09:00,added,n4c8a8fdfa12f,m78fe3ff241ce
2026-07-14T22:18:56+09:00,added,n4c8a8fdfa12f,mae7d87e63b56
2026-07-14T22:18:56+09:00,added,n4c8a8fdfa12f,me39940554e5a
2026-07-14T22:18:56+09:00,added,n4c8a8fdfa12f,m7325f611df66
2026-07-14T22:18:56+09:00,added,n5b3193f481b4,m26631bce74dd
2026-07-15T02:36:10+09:00,added,nada4e15354bc,m389d15e5ca81
2026-07-15T02:36:10+09:00,added,n4c8a8fdfa12f,me50627303786
2026-07-15T06:16:21+09:00,added,n4c8a8fdfa12f,m54b2ccd56b12
2026-07-15T12:10:56+09:00,added,nada4e15354bc,mf081f46370fb
2026-07-15T12:10:56+09:00,added,n4c8a8fdfa12f,m05948736e17f
2026-07-15T12:10:56+09:00,added,n4c8a8fdfa12f,m768b3f4cf6e4
2026-07-15T15:40:20+09:00,added,n4c8a8fdfa12f,mcf500208b8d9
2026-07-15T15:40:20+09:00,added,n4c8a8fdfa12f,mb607a414c367
2026-07-15T15:40:20+09:00,added,n4c8a8fdfa12f,maf52f9829666
2026-07-15T19:04:59+09:00,added,nbc02742fe317,m366756297795
2026-07-15T19:04:59+09:00,added,nbc02742fe317,m16095e384518
2026-07-15T19:04:59+09:00,added,nbc02742fe317,mf7549c1ca230
2026-07-15T19:04:59+09:00,added,nbc02742fe317,mcff9b6cb3037
2026-07-15T19:04:59+09:00,added,nbc02742fe317,m6d69812caeed
2026-07-15T19:04:59+09:00,added,nbc02742fe317,mdd702710eeb9
2026-07-15T19:04:59+09:00,added,nbc02742fe317,m4d96806092e1
2026-07-15T19:04:59+09:00,added,nbc02742fe317,m3dae738ba1c1
2026-07-15T22:22:32+09:00,added,nbc02742fe317,m28654e6bea0e
2026-07-15T22:22:32+09:00,added,nbc02742fe317,m2788185b81a0
2026-07-15T22:22:32+09:00,added,nbc02742fe317,m78fe3ff241ce
2026-07-15T22:22:32+09:00,added,nbc02742fe317,mae7d87e63b56
2026-07-15T22:22:32+09:00,added,nbc02742fe317,me83c41145054
2026-07-15T22:22:32+09:00,added,nbc02742fe317,m3ff81c0d23db
2026-07-16T02:39:06+09:00,added,nada4e15354bc,meceed644c480
2026-07-16T02:39:06+09:00,added,nada4e15354bc,m965e76ed1a02
2026-07-16T02:39:06+09:00,added,nbc02742fe317,meceed644c480
2026-07-16T02:39:06+09:00,added,nbc02742fe317,m7325f611df66
2026-07-16T02:39:06+09:00,added,n4c8a8fdfa12f,m4eb56c8bcbc2
2026-07-16T12:33:26+09:00,added,nbc02742fe317,m88515fdff431
2026-07-16T12:33:26+09:00,added,n4c8a8fdfa12f,m5e0b116a568a
2026-07-16T15:43:49+09:00,added,nbc02742fe317,mcf500208b8d9
2026-07-16T15:43:49+09:00,added,n4c8a8fdfa12f,m2ea72595cf8d
2026-07-16T15:43:49+09:00,added,n84a0a67f020f,meceed644c480
2026-07-16T19:10:19+09:00,added,nada4e15354bc,m0f6484462f7f
2026-07-16T19:10:19+09:00,added,nbc02742fe317,mc6dad877a6d7
2026-07-16T19:10:19+09:00,added,nbc02742fe317,m0988ee24cf93
2026-07-16T19:10:19+09:00,added,nbc02742fe317,m7f60f18975f3
2026-07-16T19:10:19+09:00,added,n4c8a8fdfa12f,m0988ee24cf93
2026-07-16T19:10:19+09:00,added,nc13524d5d80a,mc08cb4916e00
2026-07-16T22:31:05+09:00,added,n6488ce8c0862,m366756297795
2026-07-16T22:31:05+09:00,added,n6488ce8c0862,m16095e384518
2026-07-16T22:31:05+09:00,added,n6488ce8c0862,mae7d87e63b56
2026-07-16T22:31:05+09:00,added,n6488ce8c0862,me83c41145054
2026-07-16T22:31:05+09:00,added,n6488ce8c0862,m3ff81c0d23db
2026-07-16T22:31:05+09:00,added,n6488ce8c0862,m7325f611df66
2026-07-16T22:31:05+09:00,added,n6488ce8c0862,mcff9b6cb3037
2026-07-16T22:31:05+09:00,added,n6488ce8c0862,m6d69812caeed
2026-07-16T22:31:05+09:00,added,nbc02742fe317,m26631bce74dd
2026-07-17T02:41:43+09:00,added,n6488ce8c0862,mcf500208b8d9
2026-07-17T02:41:43+09:00,added,n6488ce8c0862,ma7f0c5b5d76e
2026-07-17T02:41:43+09:00,added,n6488ce8c0862,m2788185b81a0
2026-07-17T02:41:43+09:00,added,n4c8a8fdfa12f,m26d93ca7080b
2026-07-17T06:13:35+09:00,added,n6488ce8c0862,mf7549c1ca230
2026-07-17T12:36:41+09:00,added,n6488ce8c0862,m28654e6bea0e
2026-07-17T12:36:41+09:00,added,n6488ce8c0862,m88515fdff431
2026-07-17T12:36:41+09:00,added,n6488ce8c0862,m796bff88d394
2026-07-17T12:36:41+09:00,added,n4c8a8fdfa12f,m7e46a705cb77
2026-07-17T12:36:41+09:00,added,nc3053a0a1ea8,m11881a67a893
2026-07-17T12:36:41+09:00,added,nc3053a0a1ea8,m862869c2ff9e
2026-07-17T12:36:41+09:00,added,nc3053a0a1ea8,m53a3c3b5d431
2026-07-17T12:36:41+09:00,added,nc3053a0a1ea8,mdb362d43e1a9
2026-07-17T12:36:41+09:00,added,nc3053a0a1ea8,mf2abfea66ec7
2026-07-17T12:36:41+09:00,added,nc3053a0a1ea8,m3ed4b0ea704e
2026-07-17T12:36:41+09:00,added,nc3053a0a1ea8,m3b898a691902
2026-07-17T12:36:41+09:00,added,n4b4207725b1c,m389d15e5ca81
2026-07-17T12:36:41+09:00,added,n8d6dbe502128,mdb362d43e1a9
2026-07-17T12:36:41+09:00,added,n8d6dbe502128,mf2abfea66ec7
2026-07-17T12:36:41+09:00,added,n8d6dbe502128,m53a3c3b5d431
2026-07-17T12:36:41+09:00,added,n8d6dbe502128,m862869c2ff9e
2026-07-17T12:36:41+09:00,added,n8d6dbe502128,m11881a67a893
2026-07-17T15:40:32+09:00,added,n6488ce8c0862,m389d15e5ca81
2026-07-17T19:00:44+09:00,added,n1fbcfbf72726,m366756297795
2026-07-17T19:00:44+09:00,added,n1fbcfbf72726,m17f76b944423
2026-07-17T19:00:44+09:00,added,n1fbcfbf72726,m16095e384518
2026-07-17T19:00:44+09:00,added,n4c8a8fdfa12f,m0f6484462f7f
2026-07-17T22:15:32+09:00,added,nada4e15354bc,m92f1af23610d
2026-07-17T22:15:32+09:00,added,n1fbcfbf72726,m28654e6bea0e
2026-07-17T22:15:32+09:00,added,n1fbcfbf72726,ma9ff6f94a575
2026-07-17T22:15:32+09:00,added,n1fbcfbf72726,m78fe3ff241ce
2026-07-17T22:15:32+09:00,added,n1fbcfbf72726,mae7d87e63b56
2026-07-17T22:15:32+09:00,added,n1fbcfbf72726,mdb362d43e1a9
2026-07-17T22:15:32+09:00,added,n1fbcfbf72726,m11881a67a893
2026-07-17T22:15:32+09:00,added,n1fbcfbf72726,m53a3c3b5d431
2026-07-17T22:15:32+09:00,added,n1fbcfbf72726,m862869c2ff9e
2026-07-17T22:15:32+09:00,added,n1fbcfbf72726,mf2abfea66ec7
2026-07-17T22:15:32+09:00,added,n6488ce8c0862,m547e9622e50b
2026-07-18T02:34:32+09:00,added,n1fbcfbf72726,mcff9b6cb3037
2026-07-18T02:34:32+09:00,added,n1fbcfbf72726,m6d69812caeed
2026-07-18T02:34:32+09:00,added,n1fbcfbf72726,me83c41145054
2026-07-18T02:34:32+09:00,added,n6488ce8c0862,m2ea72595cf8d
2026-07-18T06:10:38+09:00,added,n6488ce8c0862,me39940554e5a
2026-07-18T12:13:47+09:00,added,n6488ce8c0862,m768b3f4cf6e4
2026-07-18T12:13:47+09:00,added,n4c8a8fdfa12f,m2788185b81a0
2026-07-18T15:28:23+09:00,added,n1fbcfbf72726,mcf500208b8d9
2026-07-18T22:02:31+09:00,added,n6488ce8c0862,m86d6a605b363
2026-07-19T02:18:27+09:00,added,n3d36d9cd408a,m366756297795
2026-07-19T02:18:27+09:00,added,n3d36d9cd408a,m16095e384518
2026-07-19T02:18:27+09:00,added,n3d36d9cd408a,mcff9b6cb3037
2026-07-19T02:18:27+09:00,added,n3d36d9cd408a,m6d69812caeed
2026-07-19T02:18:27+09:00,added,n3d36d9cd408a,me83c41145054
2026-07-19T02:18:27+09:00,added,n3d36d9cd408a,m6463046852a4
2026-07-19T02:18:27+09:00,added,n3d36d9cd408a,mae7d87e63b56
2026-07-19T02:18:27+09:00,added,n3d36d9cd408a,m2788185b81a0
2026-07-19T02:18:27+09:00,removed,n1fbcfbf72726,me83c41145054
2026-07-19T12:45:05+09:00,added,n74866ab7d974,m4eb56c8bcbc2
2026-07-19T15:54:55+09:00,added,n3d36d9cd408a,mcf500208b8d9
2026-07-19T18:59:25+09:00,added,n3d36d9cd408a,m0f6484462f7f
2026-07-19T18:59:25+09:00,added,n3d36d9cd408a,m7325f611df66
2026-07-19T18:59:25+09:00,added,n3d36d9cd408a,m88515fdff431
2026-07-19T18:59:25+09:00,added,n6488ce8c0862,m06237f367b09
2026-07-19T18:59:25+09:00,added,n6488ce8c0862,m0988ee24cf93
2026-07-19T22:03:39+09:00,added,n3d36d9cd408a,m28654e6bea0e
2026-07-19T22:03:39+09:00,added,n3d36d9cd408a,m5e0b116a568a
2026-07-20T02:20:23+09:00,added,nae6f9df1a278,m366756297795
2026-07-20T02:20:23+09:00,added,nae6f9df1a278,m16095e384518
2026-07-20T02:20:23+09:00,added,nae6f9df1a278,m26631bce74dd
2026-07-20T02:20:23+09:00,added,nae6f9df1a278,me39940554e5a
2026-07-20T02:20:23+09:00,added,nae6f9df1a278,m78fe3ff241ce
2026-07-20T02:20:23+09:00,added,nae6f9df1a278,mae7d87e63b56
2026-07-20T02:20:23+09:00,added,nae6f9df1a278,me83c41145054
2026-07-20T02:20:23+09:00,added,nae6f9df1a278,m2788185b81a0
2026-07-20T02:20:23+09:00,added,nae6f9df1a278,mcff9b6cb3037
2026-07-20T02:20:23+09:00,added,nae6f9df1a278,m6d69812caeed
2026-07-20T02:20:23+09:00,added,n3d36d9cd408a,ma7f0c5b5d76e
2026-07-20T02:20:23+09:00,added,n3d36d9cd408a,m46a2519eae0a
2026-07-20T02:20:23+09:00,added,n3d36d9cd408a,m30a248399fe0
2026-07-20T02:20:23+09:00,added,n234a5c45f0a9,me759d1c27fae
2026-07-20T06:03:09+09:00,added,nae6f9df1a278,maf52f9829666
2026-07-20T06:03:09+09:00,added,n3d36d9cd408a,maf52f9829666
2026-07-20T06:03:09+09:00,added,nbc82fea4cedb,m20c7ca608459
2026-07-20T12:58:34+09:00,added,nae6f9df1a278,m3ff81c0d23db
2026-07-20T12:58:34+09:00,added,nae6f9df1a278,m7e46a705cb77
2026-07-20T12:58:34+09:00,added,nae6f9df1a278,m88515fdff431
2026-07-20T16:12:19+09:00,added,n63b50566e631,m366756297795
2026-07-20T16:12:19+09:00,added,n63b50566e631,m16095e384518
2026-07-20T16:12:19+09:00,added,nae6f9df1a278,mc6dad877a6d7
2026-07-20T16:12:19+09:00,added,nae6f9df1a278,mcf500208b8d9
2026-07-20T16:12:19+09:00,added,nae6f9df1a278,m0f6484462f7f
2026-07-20T19:55:43+09:00,added,n63b50566e631,mbda81785b82c
2026-07-20T19:55:43+09:00,added,n63b50566e631,mae7d87e63b56
2026-07-20T19:55:43+09:00,added,n63b50566e631,me83c41145054
2026-07-20T19:55:43+09:00,added,n63b50566e631,m389d15e5ca81
2026-07-20T19:55:43+09:00,added,n63b50566e631,mcd9b664d59b6
2026-07-20T19:55:43+09:00,added,n63b50566e631,m28654e6bea0e
2026-07-20T19:55:43+09:00,added,n63b50566e631,m6463046852a4
2026-07-20T19:55:43+09:00,added,n63b50566e631,m7325f611df66
2026-07-20T19:55:43+09:00,added,nae6f9df1a278,m28654e6bea0e
2026-07-20T19:55:43+09:00,added,n1fbcfbf72726,mad0dcca8d03e
2026-07-20T23:01:18+09:00,added,n63b50566e631,m2788185b81a0
2026-07-20T23:01:18+09:00,added,n63b50566e631,m54b2ccd56b12
2026-07-20T23:01:18+09:00,added,n63b50566e631,m78fe3ff241ce
2026-07-20T23:01:18+09:00,added,n63b50566e631,m88515fdff431
2026-07-20T23:01:18+09:00,added,n63b50566e631,mcff9b6cb3037
2026-07-20T23:01:18+09:00,added,n63b50566e631,m6d69812caeed
2026-07-20T23:01:18+09:00,added,nc119a2df65b1,m47ad56a9b500
2026-07-21T12:38:57+09:00,added,n63b50566e631,mdf249d5f08ec
2026-07-21T12:38:57+09:00,added,n63b50566e631,m46a2519eae0a
2026-07-21T12:38:57+09:00,added,n63b50566e631,mba07f6638f58
2026-07-21T12:38:57+09:00,added,n440675b8046a,m366756297795
2026-07-21T12:38:57+09:00,added,n440675b8046a,m16095e384518
2026-07-21T12:38:57+09:00,added,n440675b8046a,mcff9b6cb3037
2026-07-21T12:38:57+09:00,added,n440675b8046a,m6d69812caeed
2026-07-21T12:38:57+09:00,added,nae6f9df1a278,me50627303786
2026-07-21T12:38:57+09:00,added,n3d36d9cd408a,meceed644c480
2026-07-21T12:38:57+09:00,added,n6488ce8c0862,m0675215a66e7
2026-07-21T12:38:57+09:00,added,n5967aa85fd75,m4eb56c8bcbc2
2026-07-21T15:53:23+09:00,added,n440675b8046a,m1c302a1d8d31
2026-07-21T15:53:23+09:00,added,n440675b8046a,maf52f9829666
2026-07-21T15:53:23+09:00,added,n440675b8046a,me83c41145054
2026-07-21T15:53:23+09:00,added,n440675b8046a,mfae41043bb0b
2026-07-21T15:53:23+09:00,added,n440675b8046a,m86d6a605b363
2026-07-21T15:53:23+09:00,added,n440675b8046a,m8f8cb1f85570
2026-07-21T15:53:23+09:00,added,n440675b8046a,m3ff81c0d23db
2026-07-21T15:53:23+09:00,added,n440675b8046a,m28654e6bea0e
2026-07-21T15:53:23+09:00,added,nbbc01ede8c5f,m9cb66ab6d266
2026-07-21T19:30:15+09:00,added,n440675b8046a,m0988ee24cf93
2026-07-21T19:30:15+09:00,added,n440675b8046a,m2788185b81a0
2026-07-21T19:30:15+09:00,added,n440675b8046a,mae7d87e63b56
2026-07-21T19:30:15+09:00,added,n440675b8046a,mcf500208b8d9
2026-07-21T22:27:25+09:00,added,n440675b8046a,m531dee90a84a
2026-07-21T22:27:25+09:00,added,n440675b8046a,m78fe3ff241ce
2026-07-21T22:27:25+09:00,added,n440675b8046a,m92f1af23610d
2026-07-21T22:27:25+09:00,added,n63b50566e631,m0f6484462f7f
2026-07-21T22:27:25+09:00,added,n63b50566e631,mcf500208b8d9
2026-07-22T02:44:00+09:00,added,n440675b8046a,m7325f611df66
2026-07-22T02:44:00+09:00,added,n440675b8046a,m3ed4b0ea704e
2026-07-22T02:44:00+09:00,added,n440675b8046a,mf2abfea66ec7
2026-07-22T02:44:00+09:00,added,n440675b8046a,m11881a67a893
2026-07-22T02:44:00+09:00,added,n440675b8046a,m862869c2ff9e
2026-07-22T02:44:00+09:00,added,n440675b8046a,m53a3c3b5d431
2026-07-22T02:44:00+09:00,added,n440675b8046a,m349b3be90eb0
2026-07-22T06:25:19+09:00,added,n440675b8046a,m54b2ccd56b12
2026-07-22T12:37:33+09:00,added,n63b50566e631,m531dee90a84a
2026-07-22T12:37:33+09:00,added,n63b50566e631,m5165ac46c7d8
2026-07-22T12:37:33+09:00,added,n63b50566e631,md30e00c54997
2026-07-22T12:37:33+09:00,added,nae6f9df1a278,m92f1af23610d
2026-07-22T12:37:33+09:00,added,n4c8a8fdfa12f,m108e1df31c78
2026-07-22T19:30:23+09:00,added,n440675b8046a,m768b3f4cf6e4
2026-07-22T19:30:23+09:00,added,n440675b8046a,m88515fdff431
2026-07-22T19:30:23+09:00,added,nb40bd34970c7,m366756297795
2026-07-22T19:30:23+09:00,added,nb40bd34970c7,m16095e384518
2026-07-22T19:30:23+09:00,added,nb40bd34970c7,me83c41145054
2026-07-22T19:30:23+09:00,added,nb40bd34970c7,mfae41043bb0b
2026-07-22T19:30:23+09:00,added,nb40bd34970c7,m75dba2f0793c
2026-07-22T19:30:23+09:00,added,nb40bd34970c7,m28654e6bea0e
2026-07-22T19:30:23+09:00,added,nb40bd34970c7,mcff9b6cb3037
2026-07-22T19:30:23+09:00,added,nb40bd34970c7,m6d69812caeed
2026-07-22T19:30:23+09:00,added,nb40bd34970c7,m84d53338b4cd
2026-07-22T19:30:23+09:00,added,nb40bd34970c7,mae7d87e63b56
2026-07-22T19:30:23+09:00,added,nb40bd34970c7,m3ff81c0d23db
2026-07-22T19:30:23+09:00,added,n63b50566e631,maf52f9829666
2026-07-22T19:30:23+09:00,added,n63b50566e631,m2ea72595cf8d
2026-07-22T22:34:52+09:00,added,n440675b8046a,mba07f6638f58
2026-07-22T22:34:52+09:00,added,nb40bd34970c7,m46a2519eae0a
2026-07-22T22:34:52+09:00,added,nb40bd34970c7,m2788185b81a0
2026-07-22T22:34:52+09:00,added,nb40bd34970c7,m78fe3ff241ce
2026-07-22T22:34:52+09:00,added,nae6f9df1a278,m531dee90a84a
2026-07-23T02:42:47+09:00,added,nb40bd34970c7,m7325f611df66
2026-07-23T12:44:13+09:00,added,nb40bd34970c7,m6c21ad4983da
2026-07-23T12:44:13+09:00,added,nb40bd34970c7,m53a3c3b5d431
2026-07-23T12:44:13+09:00,added,nb40bd34970c7,m862869c2ff9e
2026-07-23T12:44:13+09:00,added,nb40bd34970c7,m11881a67a893
2026-07-23T12:44:13+09:00,added,nb40bd34970c7,mf2abfea66ec7
2026-07-23T12:44:13+09:00,added,nb40bd34970c7,m88515fdff431
2026-07-23T15:53:58+09:00,added,n7c97726c9048,m366756297795
2026-07-23T15:53:58+09:00,added,n7c97726c9048,m16095e384518
2026-07-23T15:53:58+09:00,added,n7c97726c9048,m7325f611df66
2026-07-23T15:53:58+09:00,added,n7c97726c9048,m2ea72595cf8d
2026-07-23T15:53:58+09:00,added,n7c97726c9048,me83c41145054
2026-07-23T15:53:58+09:00,added,n7c97726c9048,mae7d87e63b56
2026-07-23T15:53:58+09:00,added,n990df38aab54,m4eb56c8bcbc2
2026-07-23T19:26:20+09:00,added,n440675b8046a,m2ea72595cf8d
2026-07-23T19:26:20+09:00,added,n7c97726c9048,m2788185b81a0
2026-07-23T19:26:20+09:00,added,n7c97726c9048,m3ff81c0d23db
2026-07-23T19:26:20+09:00,added,n7c97726c9048,m768b3f4cf6e4
2026-07-23T19:26:20+09:00,added,n7c97726c9048,m91249a22b368
2026-07-23T19:26:20+09:00,added,n7c97726c9048,me39940554e5a
2026-07-23T19:26:20+09:00,added,nae6f9df1a278,m796bff88d394
2026-07-23T22:37:15+09:00,added,n7c97726c9048,m28654e6bea0e
2026-07-23T22:37:15+09:00,added,n7c97726c9048,mcf500208b8d9
2026-07-23T22:37:15+09:00,added,n7c97726c9048,m78fe3ff241ce
2026-07-23T22:37:15+09:00,added,nb40bd34970c7,m0f6484462f7f
2026-07-24T02:45:42+09:00,added,n7c97726c9048,mcff9b6cb3037
2026-07-24T02:45:42+09:00,added,n7c97726c9048,m6d69812caeed
2026-07-24T02:45:42+09:00,added,n7c97726c9048,m86d6a605b363
2026-07-24T02:45:42+09:00,added,n7c97726c9048,m11b94f8cf911
2026-07-24T02:45:42+09:00,added,n7c97726c9048,m531dee90a84a
2026-07-24T02:45:42+09:00,added,nb40bd34970c7,m86d6a605b363
2026-07-24T12:37:49+09:00,added,n7c97726c9048,m88515fdff431
2026-07-24T12:37:49+09:00,added,n7c97726c9048,mdd702710eeb9
2026-07-24T12:37:49+09:00,added,nb40bd34970c7,maf52f9829666
2026-07-24T12:37:49+09:00,added,nb40bd34970c7,mcf500208b8d9
2026-07-24T15:51:37+09:00,added,n440675b8046a,m06237f367b09
2026-07-24T15:51:37+09:00,added,n7c97726c9048,m6862330b7742
2026-07-24T19:22:23+09:00,added,nf9a356b4c359,m366756297795
2026-07-24T19:22:23+09:00,added,nf9a356b4c359,m17f76b944423
2026-07-24T19:22:23+09:00,added,nf9a356b4c359,m16095e384518
2026-07-24T19:22:23+09:00,added,n7c97726c9048,m6463046852a4
2026-07-24T22:30:35+09:00,added,nf9a356b4c359,m28654e6bea0e
2026-07-24T22:30:35+09:00,added,nf9a356b4c359,m78fe3ff241ce
2026-07-24T22:30:35+09:00,added,nf9a356b4c359,mae7d87e63b56
2026-07-24T22:30:35+09:00,added,na701d82a6f74,m2ea72595cf8d
2026-07-25T12:36:44+09:00,added,nf9a356b4c359,mb607a414c367
2026-07-25T12:36:44+09:00,added,nf9a356b4c359,mcff9b6cb3037
2026-07-25T12:36:44+09:00,added,nf9a356b4c359,m6d69812caeed
2026-07-25T12:36:44+09:00,added,nf9a356b4c359,m0df685feb4e4
2026-07-25T22:12:20+09:00,added,nf9a356b4c359,m2ea72595cf8d
2026-07-25T22:12:20+09:00,added,n7c97726c9048,maf52f9829666
2026-07-26T02:23:59+09:00,added,nb59f72d3776b,m366756297795
2026-07-26T02:23:59+09:00,added,nb59f72d3776b,m16095e384518
2026-07-26T02:23:59+09:00,added,nb59f72d3776b,m7325f611df66
2026-07-26T02:23:59+09:00,added,nb59f72d3776b,me83c41145054
2026-07-26T02:23:59+09:00,added,nb59f72d3776b,m0988ee24cf93
2026-07-26T06:08:15+09:00,added,nb59f72d3776b,me39940554e5a
2026-07-26T12:50:06+09:00,added,nb59f72d3776b,mcd9b664d59b6
2026-07-26T12:50:06+09:00,added,nb59f72d3776b,mae7d87e63b56
2026-07-26T12:50:06+09:00,added,nb59f72d3776b,mcf500208b8d9
2026-07-26T12:50:06+09:00,added,nb59f72d3776b,mcff9b6cb3037
2026-07-26T12:50:06+09:00,added,nb59f72d3776b,m6d69812caeed
2026-07-26T12:50:06+09:00,added,nb59f72d3776b,me5c5502b97a5
2026-07-26T12:50:06+09:00,added,nb59f72d3776b,m349b3be90eb0
2026-07-26T12:50:06+09:00,added,nb59f72d3776b,m862869c2ff9e
2026-07-26T12:50:06+09:00,added,nb59f72d3776b,m3ed4b0ea704e
2026-07-26T12:50:06+09:00,added,nb59f72d3776b,m11881a67a893
2026-07-26T12:50:06+09:00,added,nb59f72d3776b,m53a3c3b5d431
2026-07-26T12:50:06+09:00,added,nb59f72d3776b,mf2abfea66ec7
2026-07-26T12:50:06+09:00,added,n3d36d9cd408a,m796bff88d394
2026-07-26T16:01:39+09:00,added,nb59f72d3776b,m28654e6bea0e
2026-07-26T16:01:39+09:00,added,nb59f72d3776b,m6463046852a4
2026-07-26T16:01:39+09:00,added,naac30afeef21,mba07f6638f58
2026-07-27T02:25:08+09:00,added,nce498f32a6d0,m366756297795
2026-07-27T02:25:08+09:00,added,nce498f32a6d0,m16095e384518
2026-07-27T06:13:55+09:00,added,nce498f32a6d0,m28654e6bea0e
2026-07-27T06:13:55+09:00,added,nce498f32a6d0,me39940554e5a
2026-07-27T12:58:08+09:00,added,nce498f32a6d0,mae7d87e63b56
2026-07-27T12:58:08+09:00,added,nce498f32a6d0,mcd9b664d59b6
2026-07-27T12:58:08+09:00,added,nce498f32a6d0,m46a2519eae0a
2026-07-27T12:58:08+09:00,added,nce498f32a6d0,maf52f9829666
2026-07-27T12:58:08+09:00,added,nce498f32a6d0,me83c41145054
2026-07-27T12:58:08+09:00,added,nce498f32a6d0,m78fe3ff241ce
2026-07-27T16:57:26+09:00,added,nce498f32a6d0,mcf500208b8d9
2026-07-27T16:57:26+09:00,added,nce498f32a6d0,m2ea72595cf8d
2026-07-27T16:57:26+09:00,added,nb59f72d3776b,m0f6484462f7f
2026-07-27T20:18:20+09:00,added,na7be7f919caf,m366756297795
2026-07-27T20:18:20+09:00,added,na7be7f919caf,m16095e384518
2026-07-27T20:18:20+09:00,added,na7be7f919caf,mae7d87e63b56
2026-07-27T20:18:20+09:00,added,na7be7f919caf,m8eb046826032
2026-07-27T20:18:20+09:00,added,na7be7f919caf,m1c302a1d8d31
2026-07-27T20:18:20+09:00,added,na7be7f919caf,me40727335eb0
2026-07-27T20:18:20+09:00,added,na7be7f919caf,m78fe3ff241ce
2026-07-27T20:18:20+09:00,added,nce498f32a6d0,m88515fdff431
2026-07-27T20:18:20+09:00,added,nb59f72d3776b,m88515fdff431
2026-07-27T23:24:21+09:00,added,nf9a356b4c359,m92f1af23610d
2026-07-27T23:24:21+09:00,added,na7be7f919caf,m28654e6bea0e
2026-07-27T23:24:21+09:00,added,na7be7f919caf,mef3e6ed657c6
2026-07-27T23:24:21+09:00,added,na7be7f919caf,m7325f611df66
2026-07-27T23:24:21+09:00,added,na7be7f919caf,mcf500208b8d9
2026-07-27T23:24:21+09:00,added,na7be7f919caf,m7f60f18975f3
2026-07-27T23:24:21+09:00,added,nce498f32a6d0,mef3e6ed657c6
2026-07-27T23:24:21+09:00,added,nb59f72d3776b,m531dee90a84a
2026-07-28T12:14:05+09:00,added,nf9a356b4c359,mcf500208b8d9
2026-07-28T12:14:05+09:00,added,na7be7f919caf,me39940554e5a
2026-07-28T12:14:05+09:00,added,na7be7f919caf,m2ea72595cf8d
2026-07-28T15:51:36+09:00,added,na7be7f919caf,m8f8cb1f85570
2026-07-28T19:39:02+09:00,added,n252d774383d8,m366756297795
2026-07-28T19:39:02+09:00,added,n252d774383d8,m16095e384518
2026-07-28T19:39:02+09:00,added,n252d774383d8,mcf500208b8d9
2026-07-28T19:39:02+09:00,added,n252d774383d8,mdb362d43e1a9
2026-07-28T19:39:02+09:00,added,n252d774383d8,m53a3c3b5d431
2026-07-28T19:39:02+09:00,added,n252d774383d8,m3ed4b0ea704e
2026-07-28T19:39:02+09:00,added,n252d774383d8,mf2abfea66ec7
2026-07-28T19:39:02+09:00,added,n252d774383d8,m11881a67a893
2026-07-28T19:39:02+09:00,added,n252d774383d8,mae7d87e63b56
2026-07-28T19:39:02+09:00,added,n252d774383d8,m531dee90a84a
2026-07-28T19:39:02+09:00,added,na7be7f919caf,maf52f9829666
2026-07-28T22:43:13+09:00,added,n252d774383d8,m28654e6bea0e
2026-07-28T22:43:13+09:00,added,n252d774383d8,mcff9b6cb3037
2026-07-28T22:43:13+09:00,added,n252d774383d8,m6d69812caeed
2026-07-28T22:43:13+09:00,added,n252d774383d8,m78fe3ff241ce
2026-07-28T22:43:13+09:00,added,n252d774383d8,m7325f611df66
2026-07-28T22:43:13+09:00,added,na7be7f919caf,m9d62c4a809ea
2026-07-28T22:43:13+09:00,added,nb59f72d3776b,m2788185b81a0
2026-07-28T22:43:13+09:00,added,nb40bd34970c7,m796bff88d394
2026-07-28T22:43:13+09:00,added,nb7d7969c0393,m47ad56a9b500
2026-07-29T02:56:00+09:00,added,n252d774383d8,mf9eb5baf8361
2026-07-29T02:56:00+09:00,added,nce498f32a6d0,mba07f6638f58
2026-07-29T06:24:44+09:00,added,n497b0cf1ec32,m965e76ed1a02
2026-07-29T12:34:24+09:00,added,n252d774383d8,m88515fdff431
2026-07-29T19:44:30+09:00,added,nf9a356b4c359,mdb362d43e1a9
2026-07-29T19:44:30+09:00,added,nf9a356b4c359,m11881a67a893
2026-07-29T19:44:30+09:00,added,nf9a356b4c359,m349b3be90eb0
2026-07-29T19:44:30+09:00,added,nf9a356b4c359,m53a3c3b5d431
2026-07-29T19:44:30+09:00,added,nf9a356b4c359,m862869c2ff9e
2026-07-29T19:44:30+09:00,added,nf9a356b4c359,m3ed4b0ea704e
2026-07-29T19:44:30+09:00,added,nf9a356b4c359,me50627303786
2026-07-29T19:44:30+09:00,added,nf9a356b4c359,m43692d4ce4da
2026-07-29T19:44:30+09:00,added,nb4c2e7f80e86,m366756297795
2026-07-29T19:44:30+09:00,added,nb4c2e7f80e86,m16095e384518
2026-07-29T19:44:30+09:00,added,nb4c2e7f80e86,m75dba2f0793c
2026-07-29T19:44:30+09:00,added,nb4c2e7f80e86,m0f6484462f7f
2026-07-29T19:44:30+09:00,added,nb4c2e7f80e86,m2788185b81a0
2026-07-29T19:44:30+09:00,added,nb4c2e7f80e86,mcf500208b8d9
2026-07-29T19:44:30+09:00,added,nb4c2e7f80e86,me50627303786
2026-07-29T19:44:30+09:00,added,nb4c2e7f80e86,m43692d4ce4da
2026-07-29T19:44:30+09:00,added,nb4c2e7f80e86,m53a3c3b5d431
2026-07-29T19:44:30+09:00,added,nb4c2e7f80e86,m11881a67a893
2026-07-29T19:44:30+09:00,added,nb4c2e7f80e86,m862869c2ff9e
2026-07-29T19:44:30+09:00,added,nb4c2e7f80e86,m3ed4b0ea704e
2026-07-29T19:44:30+09:00,added,nb4c2e7f80e86,mae7d87e63b56
2026-07-29T19:44:30+09:00,added,nb4c2e7f80e86,m28654e6bea0e
2026-07-29T19:44:30+09:00,added,nb4c2e7f80e86,m547e9622e50b
2026-07-29T19:44:30+09:00,added,nb4c2e7f80e86,mb3dc2cd9766e
2026-07-29T22:58:26+09:00,added,nb4c2e7f80e86,m3ff81c0d23db
2026-07-29T22:58:26+09:00,added,nce498f32a6d0,m6862330b7742
2026-07-30T02:36:55+09:00,added,nb4c2e7f80e86,m86d6a605b363
2026-07-30T02:36:55+09:00,added,na7be7f919caf,m86d6a605b363
2026-07-30T02:36:55+09:00,removed,n13392fe2dc93,me83c41145054
2026-07-30T02:36:55+09:00,removed,n5f1f5ca696b9,me83c41145054
2026-07-30T02:36:55+09:00,removed,naac30afeef21,me83c41145054
2026-07-30T02:36:55+09:00,removed,n9a8f9a4d60e9,me83c41145054
2026-07-30T02:36:55+09:00,removed,n0ee8f90f4ac0,me83c41145054
2026-07-30T02:36:55+09:00,removed,naf1203f5c51e,me83c41145054
2026-07-30T12:07:00+09:00,added,nb4c2e7f80e86,mdf249d5f08ec
2026-07-30T12:07:00+09:00,removed,nb40bd34970c7,me83c41145054
2026-07-30T12:07:00+09:00,removed,nb40bd34970c7,mfae41043bb0b
2026-07-30T12:07:00+09:00,removed,n440675b8046a,me83c41145054
2026-07-30T12:07:00+09:00,removed,n440675b8046a,mfae41043bb0b
2026-07-30T12:07:00+09:00,removed,n0882fb815368,me83c41145054
2026-07-30T12:07:00+09:00,removed,n0882fb815368,mfae41043bb0b
2026-07-30T12:07:00+09:00,removed,n41ce53313e8d,me83c41145054
2026-07-30T12:07:00+09:00,removed,n41ce53313e8d,mfae41043bb0b
2026-07-30T15:52:12+09:00,added,nf9a356b4c359,mfd182dd16323
2026-07-30T15:52:12+09:00,added,nb4c2e7f80e86,m2ea72595cf8d
2026-07-30T15:52:12+09:00,added,nb4c2e7f80e86,m92f1af23610d
2026-07-30T15:52:12+09:00,added,nce498f32a6d0,m2788185b81a0
2026-07-30T19:26:29+09:00,added,nb4c2e7f80e86,m0988ee24cf93
2026-07-30T19:26:29+09:00,added,na7be7f919caf,mdaf375e22f17
2026-07-30T22:40:25+09:00,added,na4490ac8883a,m366756297795
2026-07-30T22:40:25+09:00,added,na4490ac8883a,m17f76b944423
2026-07-30T22:40:25+09:00,added,na4490ac8883a,m16095e384518
2026-07-30T22:40:25+09:00,added,nce498f32a6d0,m0f6484462f7f
2026-07-31T02:57:49+09:00,added,nb4c2e7f80e86,m6463046852a4
2026-07-31T02:57:49+09:00,added,nb4c2e7f80e86,me83c41145054
2026-07-31T02:57:49+09:00,added,nb4c2e7f80e86,m7325f611df66
2026-07-31T02:57:49+09:00,added,na7be7f919caf,m0988ee24cf93
2026-07-31T02:57:49+09:00,removed,n33da077d6fb5,m279994ac37dd
2026-07-31T02:57:49+09:00,removed,neaf9dd6c9259,m279994ac37dd
2026-07-31T02:57:49+09:00,removed,n127a4a306cb8,m279994ac37dd
2026-07-31T02:57:49+09:00,removed,n37be7ce8e679,m279994ac37dd
2026-07-31T02:57:49+09:00,removed,nc00eab576551,m279994ac37dd
2026-07-31T02:57:49+09:00,removed,n4d31abd77dfb,m279994ac37dd
2026-07-31T02:57:49+09:00,removed,nac392eeadc12,m279994ac37dd
2026-07-31T02:57:49+09:00,removed,n2ba5304a1ef0,m279994ac37dd
2026-07-31T02:57:49+09:00,removed,nb7d26a011fc0,m279994ac37dd
2026-07-31T02:57:49+09:00,removed,nf9c58d62490d,m279994ac37dd
2026-07-31T02:57:49+09:00,removed,na19d431a2ba9,m279994ac37dd
2026-07-31T02:57:49+09:00,removed,n1f0a26a7979c,m279994ac37dd
2026-07-31T02:57:49+09:00,removed,n44cc8b3b1d2c,m279994ac37dd
2026-07-31T02:57:49+09:00,removed,n15071008147a,m279994ac37dd
2026-07-31T02:57:49+09:00,removed,n74754f456571,m279994ac37dd
2026-07-31T02:57:49+09:00,removed,n18afb0f0dd3e,m279994ac37dd
2026-07-31T02:57:49+09:00,removed,nd744a7ae2150,m279994ac37dd
2026-07-31T02:57:49+09:00,removed,n6334ef73b4ff,m279994ac37dd
2026-07-31T02:57:49+09:00,removed,n5558a4acf48b,m279994ac37dd
2026-07-31T02:57:49+09:00,removed,n21ae8a21a1eb,m279994ac37dd
2026-07-31T02:57:49+09:00,removed,na4f712ebd8c3,m279994ac37dd
2026-07-31T06:32:14+09:00,added,na4490ac8883a,mcf500208b8d9
2026-07-31T12:49:55+09:00,added,na4490ac8883a,ma9ff6f94a575
2026-07-31T12:49:55+09:00,added,na4490ac8883a,m28654e6bea0e
2026-07-31T12:49:55+09:00,added,na4490ac8883a,m92f1af23610d
2026-07-31T12:49:55+09:00,added,nb4c2e7f80e86,me39940554e5a
2026-07-31T19:43:48+09:00,added,nb4c2e7f80e86,maf52f9829666
2026-07-31T22:43:25+09:00,added,na4490ac8883a,m78fe3ff241ce
2026-08-01T03:03:09+09:00,added,nf892b8cb473b,m366756297795
2026-08-01T03:03:09+09:00,added,nf892b8cb473b,m17f76b944423
2026-08-01T03:03:09+09:00,added,nf892b8cb473b,m16095e384518
2026-08-01T03:03:09+09:00,added,nf892b8cb473b,mae7d87e63b56
2026-08-01T03:03:09+09:00,added,nb4c2e7f80e86,m2607ec702a74
2026-08-01T12:49:50+09:00,added,nf892b8cb473b,m2ea72595cf8d
2026-08-01T12:49:50+09:00,removed,n72b6bda8215c,m8c1d15e8e27f
2026-08-01T15:55:29+09:00,added,nf892b8cb473b,m88515fdff431
2026-08-01T15:55:29+09:00,added,nf892b8cb473b,mcf500208b8d9
2026-08-01T15:55:29+09:00,added,nf892b8cb473b,mcff9b6cb3037
2026-08-01T15:55:29+09:00,added,nf892b8cb473b,m6d69812caeed
2026-08-01T15:55:29+09:00,added,nf892b8cb473b,m91249a22b368
2026-08-01T19:06:41+09:00,added,n4797bc68be3e,m366756297795
2026-08-01T19:06:41+09:00,added,n4797bc68be3e,m75cf56291294
2026-08-01T19:06:41+09:00,added,n4797bc68be3e,m16095e384518
2026-08-01T19:06:41+09:00,added,n4797bc68be3e,me759d1c27fae
2026-08-01T19:06:41+09:00,added,n4797bc68be3e,m9cb66ab6d266
2026-08-01T19:06:41+09:00,added,n4797bc68be3e,mcf500208b8d9
2026-08-01T19:06:41+09:00,added,n4797bc68be3e,m531dee90a84a
2026-08-01T19:06:41+09:00,added,nf892b8cb473b,m28654e6bea0e
2026-08-01T19:06:41+09:00,added,nb4c2e7f80e86,md1ddaa59f278
2026-08-01T19:06:41+09:00,added,nb4c2e7f80e86,mc6dad877a6d7
2026-08-01T19:06:41+09:00,added,n9325060cd215,madddf22b81a3
2026-08-01T19:06:41+09:00,added,n06f6333e6afc,madddf22b81a3
2026-08-01T19:06:41+09:00,added,nea4fd8b0ca50,madddf22b81a3
2026-08-01T19:06:41+09:00,added,n2754d98572cf,madddf22b81a3
2026-08-01T19:06:41+09:00,added,na4aad198d7d2,madddf22b81a3
2026-08-01T19:06:41+09:00,added,n9450056f0e5c,madddf22b81a3
2026-08-01T19:06:41+09:00,added,nc25fbae234fc,madddf22b81a3
2026-08-01T19:06:41+09:00,added,n115e357b0886,madddf22b81a3
2026-08-01T19:06:41+09:00,added,ne61d9ae8e0ef,madddf22b81a3
2026-08-01T19:06:41+09:00,added,nd07747bcccb8,madddf22b81a3
2026-08-01T19:06:41+09:00,added,ndb83a7078b74,madddf22b81a3
2026-08-01T19:06:41+09:00,added,n1bbffee249d1,madddf22b81a3
2026-08-01T19:06:41+09:00,added,nffd2e23c0871,madddf22b81a3
2026-08-01T19:06:41+09:00,added,n5ba92d87b1fe,madddf22b81a3
2026-08-01T19:06:41+09:00,added,n5699cadb5d5c,madddf22b81a3
2026-08-01T19:06:41+09:00,added,n2ce80e40cd84,madddf22b81a3
2026-08-01T19:06:41+09:00,added,n969732eca297,madddf22b81a3
2026-08-01T19:06:41+09:00,added,n1e72e4935c69,madddf22b81a3
2026-08-01T22:07:43+09:00,added,n4797bc68be3e,m0f6484462f7f
2026-08-01T22:07:43+09:00,added,n4797bc68be3e,m3ff81c0d23db
2026-08-01T22:07:43+09:00,added,n4797bc68be3e,me83c41145054
2026-08-01T22:07:43+09:00,added,n4797bc68be3e,m78fe3ff241ce
2026-08-01T22:07:43+09:00,added,n4797bc68be3e,m28654e6bea0e
2026-08-01T22:07:43+09:00,added,n4797bc68be3e,mae7d87e63b56
2026-08-01T22:07:43+09:00,added,nb4c2e7f80e86,ma7f0c5b5d76e
2026-08-02T12:50:47+09:00,added,n4797bc68be3e,m1c302a1d8d31
2026-08-02T12:50:47+09:00,added,n4797bc68be3e,m2788185b81a0
2026-08-02T12:50:47+09:00,added,n4797bc68be3e,mf7f9952d6e72
2026-08-02T15:57:27+09:00,added,nef2090fd02dd,m366756297795
2026-08-02T15:57:27+09:00,added,nef2090fd02dd,m16095e384518
2026-08-02T15:57:27+09:00,added,nef2090fd02dd,me83c41145054
2026-08-02T15:57:27+09:00,added,n4797bc68be3e,m7325f611df66
2026-08-02T15:57:27+09:00,added,n4797bc68be3e,md1868a762043
2026-08-02T15:57:27+09:00,removed,nd7efc8e5b3e6,m51c22ff2596c
2026-08-02T15:57:27+09:00,removed,na6bb2410e2a0,m51c22ff2596c
2026-08-02T15:57:27+09:00,removed,n4d67bc4b6f0a,m51c22ff2596c
2026-08-02T19:05:14+09:00,added,nef2090fd02dd,m2788185b81a0
2026-08-02T19:05:14+09:00,added,nef2090fd02dd,m3ff81c0d23db
2026-08-02T19:05:14+09:00,added,nef2090fd02dd,mae7d87e63b56
2026-08-02T19:05:14+09:00,added,nef2090fd02dd,m28654e6bea0e
2026-08-02T19:05:14+09:00,added,nb4c2e7f80e86,m84b3ab7d847f
2026-08-02T22:10:54+09:00,added,n4797bc68be3e,maf52f9829666
2026-08-02T22:10:54+09:00,added,n4797bc68be3e,m2ea72595cf8d
2026-08-02T22:10:54+09:00,added,nef2090fd02dd,m0988ee24cf93
2026-08-02T22:10:54+09:00,added,nef2090fd02dd,maf52f9829666
2026-08-03T02:23:10+09:00,added,nef2090fd02dd,m88515fdff431
2026-08-03T02:23:10+09:00,added,nef2090fd02dd,mcf500208b8d9
2026-08-03T02:23:10+09:00,added,nef2090fd02dd,mcff9b6cb3037
2026-08-03T02:23:10+09:00,added,nef2090fd02dd,m6d69812caeed
2026-08-03T02:23:10+09:00,added,nef2090fd02dd,m531dee90a84a
2026-08-03T12:51:09+09:00,added,n4797bc68be3e,m796bff88d394
2026-08-03T12:51:09+09:00,added,ne06cf96c3e0d,m366756297795
2026-08-03T12:51:09+09:00,added,ne06cf96c3e0d,m17f76b944423
2026-08-03T12:51:09+09:00,added,ne06cf96c3e0d,m16095e384518
2026-08-03T12:51:09+09:00,added,nef2090fd02dd,m18c09c59705e
2026-08-03T16:54:55+09:00,added,ne06cf96c3e0d,mae7d87e63b56
2026-08-03T16:54:55+09:00,added,ne06cf96c3e0d,mebdd70aa07e1
2026-08-03T16:54:55+09:00,added,ne06cf96c3e0d,m28654e6bea0e
2026-08-03T20:28:32+09:00,removed,n5ed6ff60f100,mffc0479cbf81
2026-08-03T20:28:32+09:00,removed,na701d82a6f74,mffc0479cbf81
2026-08-04T03:14:36+09:00,added,n4797bc68be3e,m3dae738ba1c1
2026-08-04T03:14:36+09:00,added,ne06cf96c3e0d,me83c41145054
2026-08-04T03:14:36+09:00,added,ne06cf96c3e0d,mcff9b6cb3037
2026-08-04T03:14:36+09:00,added,ne06cf96c3e0d,m6d69812caeed
2026-08-04T03:14:36+09:00,added,nef2090fd02dd,m2ea72595cf8d
2026-08-04T03:14:36+09:00,added,nef2090fd02dd,m7325f611df66
2026-08-04T06:19:12+09:00,added,nef2090fd02dd,m05948736e17f
2026-08-04T12:34:04+09:00,added,n4797bc68be3e,m547e9622e50b
2026-08-04T12:34:04+09:00,added,n4797bc68be3e,mb3dc2cd9766e
2026-08-04T12:34:04+09:00,added,ne06cf96c3e0d,mad0dcca8d03e
2026-08-04T12:34:04+09:00,added,ne06cf96c3e0d,mcf500208b8d9
2026-08-04T12:34:04+09:00,added,nef2090fd02dd,mffdac2787553
2026-08-04T12:34:04+09:00,removed,n157f05a71488,mb3e9f2d69860
2026-08-04T12:34:04+09:00,removed,nd3372c44c95e,mb3e9f2d69860
2026-08-04T12:34:04+09:00,removed,n27c87bf7e554,mb3e9f2d69860
2026-08-04T12:34:04+09:00,removed,n082a7ff835c0,mb3e9f2d69860
2026-08-04T15:53:22+09:00,added,ne06cf96c3e0d,m2ea72595cf8d
2026-08-04T19:43:21+09:00,added,n555c1de5808f,m366756297795
2026-08-04T19:43:21+09:00,added,n555c1de5808f,m16095e384518
2026-08-04T19:43:21+09:00,added,n555c1de5808f,mcbee9243254d
2026-08-04T19:43:21+09:00,added,n555c1de5808f,m26631bce74dd
2026-08-04T19:43:21+09:00,added,n555c1de5808f,m28654e6bea0e
2026-08-04T19:43:21+09:00,added,n555c1de5808f,m2788185b81a0
2026-08-04T19:43:21+09:00,added,n555c1de5808f,mae7d87e63b56
2026-08-04T19:43:21+09:00,added,ne06cf96c3e0d,maf52f9829666
2026-08-04T19:43:21+09:00,added,nf9a356b4c359,m389d15e5ca81
2026-08-04T23:00:32+09:00,added,n4797bc68be3e,m92f1af23610d
2026-08-04T23:00:32+09:00,added,n555c1de5808f,m565b14636ad3
2026-08-04T23:00:32+09:00,added,n555c1de5808f,m3ff81c0d23db
2026-08-04T23:00:32+09:00,added,n555c1de5808f,m2ea72595cf8d
2026-08-04T23:00:32+09:00,added,n555c1de5808f,me83c41145054
2026-08-05T03:10:50+09:00,added,n555c1de5808f,m0988ee24cf93
2026-08-05T03:10:50+09:00,added,n555c1de5808f,m547e9622e50b
2026-08-05T03:10:50+09:00,added,n555c1de5808f,mb3dc2cd9766e
2026-08-05T03:10:50+09:00,added,n555c1de5808f,mef3e6ed657c6
2026-08-05T12:14:23+09:00,added,n4797bc68be3e,m8f8cb1f85570
2026-08-05T12:14:23+09:00,added,n555c1de5808f,me266a96c8893
2026-08-05T12:14:23+09:00,added,n555c1de5808f,mcf500208b8d9
2026-08-05T12:14:23+09:00,added,n555c1de5808f,mcff9b6cb3037
2026-08-05T12:14:23+09:00,added,n555c1de5808f,m6d69812caeed
2026-08-05T12:14:23+09:00,added,n555c1de5808f,m26b7851f96e9
2026-08-05T12:14:23+09:00,added,ne06cf96c3e0d,m723b7a89cb2f
2026-08-05T15:53:40+09:00,added,n9174c5d9fe63,m366756297795
2026-08-05T15:53:40+09:00,added,n9174c5d9fe63,m16095e384518
2026-08-05T15:53:40+09:00,added,n9174c5d9fe63,m2ea72595cf8d
2026-08-05T19:39:30+09:00,added,n9174c5d9fe63,m2788185b81a0
2026-08-05T19:39:30+09:00,added,n9174c5d9fe63,m0f6484462f7f
2026-08-05T19:39:30+09:00,added,n9174c5d9fe63,mcf500208b8d9
2026-08-05T19:39:30+09:00,added,n9174c5d9fe63,m3ff81c0d23db
2026-08-05T19:39:30+09:00,added,n9174c5d9fe63,mae7d87e63b56
2026-08-05T19:39:30+09:00,added,n9174c5d9fe63,m28654e6bea0e
2026-08-05T19:39:30+09:00,added,n555c1de5808f,m5ca58e6bf38b
2026-08-05T22:49:26+09:00,added,n9174c5d9fe63,m6463046852a4
2026-08-05T22:49:26+09:00,added,n9174c5d9fe63,m7325f611df66
2026-08-05T22:49:26+09:00,added,n9174c5d9fe63,m54b2ccd56b12
2026-08-05T22:49:26+09:00,added,ne06cf96c3e0d,mf2abfea66ec7
2026-08-05T22:49:26+09:00,added,ne06cf96c3e0d,m11881a67a893
2026-08-05T22:49:26+09:00,added,ne06cf96c3e0d,m349b3be90eb0
2026-08-05T22:49:26+09:00,added,ne06cf96c3e0d,m53a3c3b5d431
2026-08-05T22:49:26+09:00,added,ne06cf96c3e0d,m3ed4b0ea704e
2026-08-05T22:49:26+09:00,added,ne06cf96c3e0d,mdb362d43e1a9
2026-08-05T22:49:26+09:00,added,ne06cf96c3e0d,m862869c2ff9e
2026-08-05T22:49:26+09:00,added,ne06cf96c3e0d,m6c21ad4983da
2026-08-06T03:03:20+09:00,added,n4797bc68be3e,m768b3f4cf6e4
2026-08-06T03:03:20+09:00,added,n9174c5d9fe63,me83c41145054
2026-08-06T12:31:45+09:00,added,n9174c5d9fe63,maf52f9829666
2026-08-06T15:56:21+09:00,added,n4797bc68be3e,m5ca58e6bf38b
2026-08-06T15:56:21+09:00,added,nb325640c751b,m366756297795
2026-08-06T15:56:21+09:00,added,nb325640c751b,m16095e384518
2026-08-06T15:56:21+09:00,added,nb325640c751b,m75dba2f0793c
2026-08-06T15:56:21+09:00,added,nb325640c751b,m2ea72595cf8d
2026-08-06T15:56:21+09:00,added,nb325640c751b,mae7d87e63b56
2026-08-06T15:56:21+09:00,added,nb325640c751b,mdd702710eeb9
2026-08-06T15:56:21+09:00,added,nb325640c751b,m389d15e5ca81
2026-08-06T15:56:21+09:00,added,n9174c5d9fe63,mdf249d5f08ec
2026-08-06T19:41:42+09:00,added,nb325640c751b,m3ff81c0d23db
2026-08-06T19:41:42+09:00,added,nb325640c751b,m78fe3ff241ce
2026-08-06T19:41:42+09:00,added,nb325640c751b,m88515fdff431
2026-08-06T19:41:42+09:00,added,nb325640c751b,me39940554e5a
2026-08-06T19:41:42+09:00,added,ne06cf96c3e0d,m47ad56a9b500
2026-08-06T22:48:10+09:00,added,n4797bc68be3e,m5859f3e37b5f
2026-08-06T22:48:10+09:00,added,nb325640c751b,mcf500208b8d9
2026-08-06T22:48:10+09:00,added,nb325640c751b,mcff9b6cb3037
2026-08-06T22:48:10+09:00,added,nb325640c751b,m6d69812caeed
2026-08-06T22:48:10+09:00,added,nb325640c751b,m531dee90a84a
2026-08-06T22:48:10+09:00,added,nb325640c751b,m92f1af23610d
2026-08-06T22:48:10+09:00,added,nb325640c751b,me83c41145054
2026-08-06T22:48:10+09:00,added,n555c1de5808f,mc6dad877a6d7
2026-08-06T22:48:10+09:00,added,ne06cf96c3e0d,mfd182dd16323
2026-08-07T10:11:21+09:00,added,n4797bc68be3e,m11881a67a893
2026-08-07T10:11:21+09:00,added,n4797bc68be3e,m53a3c3b5d431
2026-08-07T10:11:21+09:00,added,n4797bc68be3e,m3ed4b0ea704e
2026-08-07T10:11:21+09:00,added,n4797bc68be3e,m862869c2ff9e
2026-08-07T10:11:21+09:00,added,n4797bc68be3e,m6c21ad4983da
2026-08-07T10:11:21+09:00,added,nb325640c751b,m28654e6bea0e
2026-08-07T10:11:21+09:00,added,n9174c5d9fe63,m30a248399fe0
2026-08-07T12:13:15+09:00,added,n9174c5d9fe63,m46a2519eae0a
2026-08-07T12:13:15+09:00,added,n555c1de5808f,m46a2519eae0a
2026-08-07T15:03:54+09:00,added,n4797bc68be3e,mc08cb4916e00
2026-08-07T18:02:15+09:00,added,nb325640c751b,m0f6484462f7f
2026-08-07T18:02:15+09:00,added,n9174c5d9fe63,m6404657ebb8f
2026-08-07T21:54:51+09:00,added,n8d2fd59e2996,m366756297795
2026-08-07T21:54:51+09:00,added,n8d2fd59e2996,m17f76b944423
2026-08-07T21:54:51+09:00,added,n8d2fd59e2996,m16095e384518
2026-08-07T21:54:51+09:00,added,n8d2fd59e2996,m1c302a1d8d31
2026-08-07T21:54:51+09:00,added,n8d2fd59e2996,m78fe3ff241ce
2026-08-07T21:54:51+09:00,added,n8d2fd59e2996,m92f1af23610d
2026-08-07T21:54:51+09:00,added,nb325640c751b,m6463046852a4
2026-08-07T21:54:51+09:00,added,nb325640c751b,m547e9622e50b
2026-08-07T21:54:51+09:00,added,nb325640c751b,mb3dc2cd9766e
2026-08-07T21:54:51+09:00,added,nb325640c751b,m7325f611df66
2026-08-07T21:54:51+09:00,added,n157f05a71488,mb3e9f2d69860
2026-08-07T21:54:51+09:00,added,nd3372c44c95e,mb3e9f2d69860
2026-08-07T21:54:51+09:00,added,n27c87bf7e554,mb3e9f2d69860
2026-08-07T21:54:51+09:00,added,n082a7ff835c0,mb3e9f2d69860
2026-08-08T02:15:42+09:00,added,n8d2fd59e2996,mcff9b6cb3037
2026-08-08T02:15:42+09:00,added,n8d2fd59e2996,m6d69812caeed
2026-08-08T02:15:42+09:00,added,n8d2fd59e2996,m2788185b81a0
2026-08-08T02:15:42+09:00,added,nabce5cd731cb,m0daf3d7b0159
2026-08-08T11:20:06+09:00,added,n4797bc68be3e,m7753941134da
2026-08-08T11:20:06+09:00,added,nb325640c751b,maf52f9829666
2026-08-08T14:22:32+09:00,added,n8d2fd59e2996,m28654e6bea0e
2026-08-08T17:43:41+09:00,added,n9174c5d9fe63,m91249a22b368
2026-08-08T21:39:48+09:00,added,n555c1de5808f,maf52f9829666
2026-08-08T21:39:48+09:00,added,n4f078c91071c,m2ea72595cf8d
2026-08-09T01:57:12+09:00,added,n94a03de9f4cc,m366756297795
2026-08-09T01:57:12+09:00,added,n94a03de9f4cc,m16095e384518
2026-08-09T01:57:12+09:00,added,n94a03de9f4cc,m0f6484462f7f
2026-08-09T01:57:12+09:00,added,n94a03de9f4cc,m248ca3ee7087
2026-08-09T01:57:12+09:00,added,n94a03de9f4cc,mae7d87e63b56
2026-08-09T01:57:12+09:00,added,n94a03de9f4cc,me83c41145054
2026-08-09T01:57:12+09:00,added,n94a03de9f4cc,m0988ee24cf93
2026-08-09T05:46:07+09:00,added,n94a03de9f4cc,maf52f9829666
2026-08-09T05:46:07+09:00,added,n94a03de9f4cc,me39940554e5a
2026-08-09T11:26:23+09:00,added,n94a03de9f4cc,m87f25c8ab4b1
2026-08-09T11:26:23+09:00,added,n94a03de9f4cc,m2788185b81a0
2026-08-09T11:26:23+09:00,added,n94a03de9f4cc,me19328390498
2026-08-09T11:26:23+09:00,added,n9174c5d9fe63,m5859f3e37b5f
2026-08-09T14:30:47+09:00,added,n4797bc68be3e,md9d910e9996c
2026-08-09T14:30:47+09:00,added,n4797bc68be3e,me6a9e04d3fed
2026-08-09T14:30:47+09:00,added,n94a03de9f4cc,m88515fdff431
2026-08-09T14:30:47+09:00,removed,n94a03de9f4cc,me83c41145054
2026-08-09T17:45:20+09:00,added,naed4060563b1,m565b865d0d06
2026-08-09T21:42:57+09:00,added,n64a37c01769d,m366756297795
2026-08-09T21:42:57+09:00,added,n64a37c01769d,m16095e384518
2026-08-09T21:42:57+09:00,added,n64a37c01769d,m26631bce74dd
2026-08-09T21:42:57+09:00,added,n64a37c01769d,m155f8fdb5ab9
2026-08-09T21:42:57+09:00,added,n64a37c01769d,mae7d87e63b56
2026-08-09T21:42:57+09:00,added,n64a37c01769d,m11881a67a893
2026-08-09T21:42:57+09:00,added,n64a37c01769d,m862869c2ff9e
2026-08-09T21:42:57+09:00,added,n64a37c01769d,m53a3c3b5d431
2026-08-09T21:42:57+09:00,added,n64a37c01769d,m3ed4b0ea704e
2026-08-09T21:42:57+09:00,added,n64a37c01769d,mf2abfea66ec7
2026-08-09T21:42:57+09:00,added,n64a37c01769d,m3ff81c0d23db
2026-08-09T21:42:57+09:00,added,n64a37c01769d,m0f6484462f7f
2026-08-09T21:42:57+09:00,added,n64a37c01769d,m4eb56c8bcbc2
2026-08-09T21:42:57+09:00,added,n64a37c01769d,m6463046852a4
2026-08-09T21:42:57+09:00,added,n64a37c01769d,m1c302a1d8d31
2026-08-09T21:42:57+09:00,added,n64a37c01769d,m05948736e17f
2026-08-09T21:42:57+09:00,added,n64a37c01769d,m7325f611df66
2026-08-09T21:42:57+09:00,added,n94a03de9f4cc,m28654e6bea0e
2026-08-09T21:42:57+09:00,added,n94a03de9f4cc,m05948736e17f
2026-08-10T01:59:53+09:00,added,n64a37c01769d,me83c41145054
2026-08-10T01:59:53+09:00,added,n64a37c01769d,m2788185b81a0
2026-08-10T01:59:53+09:00,added,n94a03de9f4cc,mfe68cbfb11da
2026-08-10T01:59:53+09:00,added,n94a03de9f4cc,m86d6a605b363
2026-08-10T01:59:53+09:00,added,n94a03de9f4cc,m11b94f8cf911
2026-08-10T01:59:53+09:00,added,n555c1de5808f,m86d6a605b363
2026-08-10T11:30:44+09:00,added,n64a37c01769d,m28654e6bea0e
2026-08-10T11:30:44+09:00,added,n64a37c01769d,mcff9b6cb3037
2026-08-10T11:30:44+09:00,added,n64a37c01769d,m6d69812caeed
2026-08-10T11:30:44+09:00,added,n64a37c01769d,m531dee90a84a
2026-08-10T11:30:44+09:00,added,n64a37c01769d,m7e46a705cb77
2026-08-10T11:30:44+09:00,added,n64a37c01769d,mece8eb005f09
2026-08-10T11:30:44+09:00,added,n94a03de9f4cc,m6862330b7742
2026-08-10T14:57:46+09:00,added,n64a37c01769d,m2ea72595cf8d
2026-08-10T14:57:46+09:00,added,n94a03de9f4cc,m7e46a705cb77
2026-08-10T14:57:46+09:00,removed,n8b3efa2448cd,mfae41043bb0b
2026-08-10T14:57:46+09:00,removed,nfa06b3b7cfb4,mfae41043bb0b
2026-08-10T14:57:46+09:00,removed,n2e66e82edf32,mfae41043bb0b
2026-08-10T14:57:46+09:00,removed,n8237b72a4f5f,mfae41043bb0b
2026-08-10T21:57:45+09:00,added,nc856ec89c42c,m366756297795
2026-08-10T21:57:45+09:00,added,nc856ec89c42c,m16095e384518
2026-08-10T21:57:45+09:00,added,nc856ec89c42c,maf52f9829666
2026-08-10T21:57:45+09:00,added,nc856ec89c42c,m78fe3ff241ce
2026-08-10T21:57:45+09:00,added,nc856ec89c42c,mae7d87e63b56
2026-08-10T21:57:45+09:00,added,nc856ec89c42c,m3ff81c0d23db
2026-08-10T21:57:45+09:00,added,nc856ec89c42c,m2ea72595cf8d
2026-08-10T21:57:45+09:00,added,nc856ec89c42c,m2788185b81a0
2026-08-10T21:57:45+09:00,added,nc856ec89c42c,me83c41145054
2026-08-11T02:16:09+09:00,added,n4797bc68be3e,m821d82fa5dce
2026-08-11T02:16:09+09:00,added,n4797bc68be3e,m1de95ffb4171
2026-08-11T02:16:09+09:00,added,nc856ec89c42c,m7325f611df66
2026-08-11T02:16:09+09:00,added,nc856ec89c42c,mcff9b6cb3037
2026-08-11T02:16:09+09:00,added,nc856ec89c42c,m6d69812caeed
2026-08-11T02:16:09+09:00,added,nc856ec89c42c,m531dee90a84a
2026-08-11T11:25:36+09:00,added,nc856ec89c42c,m28654e6bea0e
2026-08-11T11:25:36+09:00,added,nc856ec89c42c,m86d6a605b363
2026-08-11T11:25:36+09:00,added,n5699cadb5d5c,m92f1af23610d
2026-08-11T14:35:20+09:00,added,nc856ec89c42c,m547e9622e50b
2026-08-11T14:35:20+09:00,added,nc856ec89c42c,mb3dc2cd9766e
2026-08-11T14:35:20+09:00,added,nc856ec89c42c,m6463046852a4
2026-08-11T21:54:38+09:00,added,nc856ec89c42c,m88515fdff431
2026-08-11T21:54:38+09:00,added,n8d2fd59e2996,m8531e02a2f58
2026-08-12T02:20:02+09:00,added,n404381c73ca9,m366756297795
2026-08-12T02:20:02+09:00,added,n404381c73ca9,m16095e384518
2026-08-12T02:20:02+09:00,added,n404381c73ca9,mae7d87e63b56
2026-08-12T02:20:02+09:00,added,n404381c73ca9,me83c41145054
2026-08-12T02:20:02+09:00,added,n404381c73ca9,mdf249d5f08ec
2026-08-12T02:20:02+09:00,added,n404381c73ca9,m86d6a605b363
2026-08-12T02:20:02+09:00,added,n404381c73ca9,m2ea72595cf8d
2026-08-12T11:44:01+09:00,added,n404381c73ca9,m3ff81c0d23db
2026-08-12T11:44:01+09:00,added,n404381c73ca9,m28654e6bea0e
2026-08-12T11:44:01+09:00,added,n404381c73ca9,mcff9b6cb3037
2026-08-12T11:44:01+09:00,added,n404381c73ca9,m6d69812caeed
2026-08-12T11:44:01+09:00,added,n404381c73ca9,maf52f9829666
2026-08-12T15:01:06+09:00,added,n404381c73ca9,m92f1af23610d
2026-08-12T15:01:06+09:00,added,n404381c73ca9,m2788185b81a0
2026-08-12T18:15:57+09:00,added,n94a03de9f4cc,m26631bce74dd
2026-08-12T18:15:57+09:00,added,nb325640c751b,m26631bce74dd
2026-08-12T21:57:24+09:00,added,n4797bc68be3e,md33c43d62052
2026-08-12T21:57:24+09:00,added,n5d794ae0c21b,m366756297795
2026-08-12T21:57:24+09:00,added,n5d794ae0c21b,m16095e384518
2026-08-12T21:57:24+09:00,added,n5d794ae0c21b,mae7d87e63b56
2026-08-12T21:57:24+09:00,added,n5d794ae0c21b,m3ff81c0d23db
2026-08-12T21:57:24+09:00,added,n5d794ae0c21b,m78fe3ff241ce
2026-08-12T21:57:24+09:00,added,n5d794ae0c21b,m0988ee24cf93
2026-08-12T21:57:24+09:00,added,n5d794ae0c21b,m531dee90a84a
2026-08-12T21:57:24+09:00,added,n5d794ae0c21b,m7325f611df66
2026-08-12T21:57:24+09:00,added,n5d794ae0c21b,m28654e6bea0e
2026-08-13T02:28:44+09:00,added,n5d794ae0c21b,m2ea72595cf8d
2026-08-13T02:28:44+09:00,added,n5d794ae0c21b,m2788185b81a0
2026-08-13T02:28:44+09:00,added,n5d794ae0c21b,me83c41145054
2026-08-13T02:28:44+09:00,added,n404381c73ca9,m0988ee24cf93
2026-08-13T02:28:44+09:00,added,n64a37c01769d,m92f1af23610d
2026-08-13T11:46:17+09:00,added,n4797bc68be3e,m9b2d7dff1255
2026-08-13T22:00:34+09:00,added,na7d883601e59,m366756297795
2026-08-13T22:00:34+09:00,added,na7d883601e59,m16095e384518
2026-08-13T22:00:34+09:00,added,na7d883601e59,m28654e6bea0e
2026-08-13T22:00:34+09:00,added,na7d883601e59,m2788185b81a0
2026-08-13T22:00:34+09:00,added,na7d883601e59,m1c302a1d8d31
2026-08-13T22:00:34+09:00,added,na7d883601e59,mae7d87e63b56
2026-08-13T22:00:34+09:00,added,na7d883601e59,m3ff81c0d23db
2026-08-13T22:00:34+09:00,added,na7d883601e59,me83c41145054
2026-08-13T22:00:34+09:00,added,n5d794ae0c21b,m05948736e17f
2026-08-13T22:00:34+09:00,removed,n094f38ba275b,m5c87df568874
2026-08-13T22:00:34+09:00,removed,nb00e0ec1e371,m5c87df568874
2026-08-13T22:00:34+09:00,removed,n8c3ae605b367,m5c87df568874
2026-08-13T22:00:34+09:00,removed,ne195bfc171c8,m5c87df568874
2026-08-13T22:00:34+09:00,removed,neaf9dd6c9259,m5c87df568874
2026-08-13T22:00:34+09:00,removed,ne8a1019d4c27,m5c87df568874
2026-08-13T22:00:34+09:00,removed,n76e728af4f95,m5c87df568874
2026-08-13T22:00:34+09:00,removed,nc7e45edb073a,m5c87df568874
2026-08-14T11:42:50+09:00,added,na7d883601e59,m3dae738ba1c1
2026-08-14T11:42:50+09:00,added,n5d794ae0c21b,maf52f9829666
2026-08-14T15:00:40+09:00,added,na7d883601e59,m7325f611df66
2026-08-14T15:00:40+09:00,added,na7d883601e59,mcff9b6cb3037
2026-08-14T15:00:40+09:00,added,na7d883601e59,m6d69812caeed
2026-08-14T18:14:28+09:00,added,na7d883601e59,m5859f3e37b5f
2026-08-14T18:14:28+09:00,added,na7d883601e59,m2ea72595cf8d
2026-08-14T21:55:53+09:00,added,nf804ff6623e4,m366756297795
2026-08-14T21:55:53+09:00,added,nf804ff6623e4,m17f76b944423
2026-08-14T21:55:53+09:00,added,nf804ff6623e4,m16095e384518
2026-08-14T21:55:53+09:00,added,na7d883601e59,m78fe3ff241ce
2026-08-14T21:55:53+09:00,added,na7d883601e59,ma7f0c5b5d76e
2026-08-14T21:55:53+09:00,added,na7d883601e59,m86d6a605b363
2026-08-15T02:18:35+09:00,added,nf804ff6623e4,mad0dcca8d03e
2026-08-15T02:18:35+09:00,added,nf804ff6623e4,m28654e6bea0e
2026-08-15T02:18:35+09:00,added,nf804ff6623e4,mdb362d43e1a9
2026-08-15T02:18:35+09:00,added,nf804ff6623e4,m3ed4b0ea704e
2026-08-15T02:18:35+09:00,added,nf804ff6623e4,mf2abfea66ec7
2026-08-15T02:18:35+09:00,added,nf804ff6623e4,m862869c2ff9e
2026-08-15T02:18:35+09:00,added,nf804ff6623e4,m53a3c3b5d431
2026-08-15T02:18:35+09:00,added,nf804ff6623e4,m6c21ad4983da
2026-08-15T02:18:35+09:00,added,nf804ff6623e4,m11881a67a893
2026-08-15T05:50:25+09:00,added,n4797bc68be3e,m99ebd3a7fbf7
2026-08-15T05:50:25+09:00,added,na7d883601e59,m99ebd3a7fbf7
2026-08-15T10:55:13+09:00,added,nf804ff6623e4,m5859f3e37b5f
2026-08-15T13:57:28+09:00,added,nf804ff6623e4,mfd182dd16323
2026-08-15T13:57:28+09:00,added,n5d794ae0c21b,m6862330b7742
2026-08-15T21:32:40+09:00,added,n4797bc68be3e,m19628a116da8
2026-08-15T21:32:40+09:00,added,n4797bc68be3e,m6c90ed0fe464
2026-08-15T21:32:40+09:00,added,n9f2e567d4840,m366756297795
2026-08-15T21:32:40+09:00,added,n9f2e567d4840,m16095e384518
2026-08-15T21:32:40+09:00,added,n9f2e567d4840,m3ff81c0d23db
2026-08-15T21:32:40+09:00,added,n9f2e567d4840,m389d15e5ca81
2026-08-15T21:32:40+09:00,added,n9f2e567d4840,m78fe3ff241ce
2026-08-15T21:32:40+09:00,added,na7d883601e59,m91249a22b368
2026-08-15T21:32:40+09:00,added,na7d883601e59,m6c90ed0fe464
2026-08-15T21:32:40+09:00,added,na7d883601e59,m19628a116da8
2026-08-15T21:32:40+09:00,added,na7d883601e59,m69ffff5e162d
2026-08-16T01:48:35+09:00,added,n9f2e567d4840,mae7d87e63b56
2026-08-16T01:48:35+09:00,added,n9f2e567d4840,m28654e6bea0e
2026-08-16T01:48:35+09:00,added,n9f2e567d4840,me83c41145054
2026-08-16T01:48:35+09:00,added,n9f2e567d4840,mcff9b6cb3037
2026-08-16T01:48:35+09:00,added,n9f2e567d4840,m6d69812caeed
2026-08-16T01:48:35+09:00,added,na7d883601e59,m531dee90a84a
2026-08-16T11:02:22+09:00,added,n9f2e567d4840,m5859f3e37b5f
2026-08-16T11:02:22+09:00,added,n9f2e567d4840,m2ea72595cf8d
2026-08-16T11:02:22+09:00,added,nf804ff6623e4,m389d15e5ca81
2026-08-16T21:33:01+09:00,added,nc1b330f4d998,m366756297795
2026-08-16T21:33:01+09:00,added,nc1b330f4d998,m75cf56291294
2026-08-16T21:33:01+09:00,added,nc1b330f4d998,m16095e384518
2026-08-16T21:33:01+09:00,added,nc1b330f4d998,m28654e6bea0e
2026-08-16T21:33:01+09:00,added,nc1b330f4d998,m619527c861f3
2026-08-16T21:33:01+09:00,added,n9f2e567d4840,m0988ee24cf93
2026-08-16T21:33:01+09:00,added,n9f2e567d4840,m7325f611df66
2026-08-17T01:49:35+09:00,added,nc1b330f4d998,m1c302a1d8d31
2026-08-17T01:49:35+09:00,added,nc1b330f4d998,m0988ee24cf93
2026-08-17T01:49:35+09:00,added,nc1b330f4d998,mae7d87e63b56
2026-08-17T01:49:35+09:00,added,nc1b330f4d998,mcff9b6cb3037
2026-08-17T01:49:35+09:00,added,nc1b330f4d998,m6d69812caeed
2026-08-17T01:49:35+09:00,added,nc1b330f4d998,m88515fdff431
2026-08-17T01:49:35+09:00,added,n9f2e567d4840,m92f1af23610d
2026-08-17T05:38:45+09:00,added,nc1b330f4d998,me39940554e5a
2026-08-17T10:59:59+09:00,added,nc1b330f4d998,m2788185b81a0
2026-08-17T10:59:59+09:00,added,nc1b330f4d998,m05948736e17f
2026-08-17T10:59:59+09:00,added,nc1b330f4d998,mcf0262a87369
2026-08-17T17:47:00+09:00,added,nc1b330f4d998,me83c41145054
2026-08-17T17:47:00+09:00,added,nc1b330f4d998,m2ea72595cf8d
2026-08-17T17:47:00+09:00,added,n9f2e567d4840,m26631bce74dd
2026-08-17T21:36:43+09:00,added,n6e59106fbbd6,m366756297795
2026-08-17T21:36:43+09:00,added,n6e59106fbbd6,m16095e384518
2026-08-17T21:36:43+09:00,added,n6e59106fbbd6,m1c302a1d8d31
2026-08-17T21:36:43+09:00,added,n6e59106fbbd6,me83c41145054
2026-08-17T21:36:43+09:00,added,n6e59106fbbd6,mf70c1099fb1b
2026-08-17T21:36:43+09:00,added,n6e59106fbbd6,m4223218391a7
2026-08-17T21:36:43+09:00,added,n6e59106fbbd6,m28654e6bea0e
2026-08-17T21:36:43+09:00,added,n6e59106fbbd6,m3ff81c0d23db
2026-08-17T21:36:43+09:00,added,nc1b330f4d998,m6463046852a4
2026-08-17T21:36:43+09:00,added,nc1b330f4d998,m78fe3ff241ce
2026-08-18T01:51:24+09:00,added,n6e59106fbbd6,m86d6a605b363
2026-08-18T01:51:24+09:00,added,n6e59106fbbd6,mae7d87e63b56
2026-08-18T01:51:24+09:00,added,n6e59106fbbd6,m7325f611df66
2026-08-18T01:51:24+09:00,added,n6e59106fbbd6,mb3dc2cd9766e
2026-08-18T01:51:24+09:00,added,nc1b330f4d998,m11b94f8cf911
2026-08-18T01:51:24+09:00,added,nc1b330f4d998,m86d6a605b363
2026-08-18T01:51:24+09:00,added,nc1b330f4d998,meceed644c480
2026-08-18T01:51:24+09:00,added,nc1b330f4d998,m53a3c3b5d431
2026-08-18T01:51:24+09:00,added,nc1b330f4d998,m862869c2ff9e
2026-08-18T01:51:24+09:00,added,nc1b330f4d998,m3ed4b0ea704e
2026-08-18T01:51:24+09:00,added,nc1b330f4d998,m11881a67a893
2026-08-18T01:51:24+09:00,added,nc1b330f4d998,mf2abfea66ec7
2026-08-18T01:51:24+09:00,added,n7f80a6aafb3c,m4eb56c8bcbc2
2026-08-18T05:43:08+09:00,added,n6e59106fbbd6,m2788185b81a0
2026-08-18T05:43:08+09:00,added,n9f2e567d4840,m2788185b81a0
2026-08-18T10:55:37+09:00,added,n6e59106fbbd6,me39940554e5a
2026-08-18T10:55:37+09:00,removed,na7d883601e59,me83c41145054
2026-08-18T10:55:37+09:00,removed,nef2090fd02dd,me83c41145054
2026-08-18T14:02:11+09:00,added,nccaf91c85b05,m366756297795
2026-08-18T14:02:11+09:00,added,nccaf91c85b05,m16095e384518
2026-08-18T14:02:11+09:00,added,nccaf91c85b05,mae7d87e63b56
2026-08-18T14:02:11+09:00,added,nccaf91c85b05,m3ff81c0d23db
2026-08-18T14:02:11+09:00,added,nccaf91c85b05,maf52f9829666
2026-08-18T14:02:11+09:00,added,n6e59106fbbd6,maf52f9829666
2026-08-18T17:41:57+09:00,added,nccaf91c85b05,m0988ee24cf93
2026-08-18T17:41:57+09:00,added,nccaf91c85b05,m28654e6bea0e
2026-08-18T17:41:57+09:00,added,nccaf91c85b05,me83c41145054
2026-08-18T17:41:57+09:00,added,nccaf91c85b05,mcf500208b8d9
2026-08-18T17:41:57+09:00,added,n6e59106fbbd6,m46a2519eae0a
2026-08-18T17:41:57+09:00,removed,neaf9dd6c9259,m8bc3253c78a8
2026-08-18T21:41:38+09:00,added,nccaf91c85b05,m2788185b81a0
2026-08-18T21:41:38+09:00,added,nccaf91c85b05,m7325f611df66
2026-08-18T21:41:38+09:00,added,nccaf91c85b05,m78fe3ff241ce
2026-08-18T21:41:38+09:00,added,n6e59106fbbd6,m2ea72595cf8d
2026-08-18T21:41:38+09:00,added,nb325640c751b,m86d6a605b363
2026-08-19T02:04:47+09:00,added,nccaf91c85b05,me19328390498
2026-08-19T02:04:47+09:00,added,nccaf91c85b05,m26631bce74dd
2026-08-19T02:04:47+09:00,added,nccaf91c85b05,mcff9b6cb3037
2026-08-19T02:04:47+09:00,added,nccaf91c85b05,m6d69812caeed
2026-08-19T02:04:47+09:00,added,n6e59106fbbd6,m26631bce74dd
2026-08-19T10:57:43+09:00,added,nc1b330f4d998,mf35209769772
2026-08-19T14:03:27+09:00,added,nccaf91c85b05,mef3e6ed657c6
2026-08-19T14:03:27+09:00,added,nccaf91c85b05,md13f11c6c2c5
2026-08-19T14:03:27+09:00,added,n6e59106fbbd6,mef3e6ed657c6
2026-08-19T14:03:27+09:00,added,n6e59106fbbd6,mcf500208b8d9
2026-08-19T17:40:42+09:00,added,nccaf91c85b05,m88515fdff431
2026-08-19T17:40:42+09:00,added,n6e59106fbbd6,m8f8cb1f85570
2026-08-19T17:40:42+09:00,added,nc1b330f4d998,maf52f9829666
2026-08-19T21:37:39+09:00,added,n71a38fd13806,m366756297795
2026-08-19T21:37:39+09:00,added,n71a38fd13806,m16095e384518
2026-08-19T21:37:39+09:00,added,n71a38fd13806,m521b1f5e6d21
2026-08-19T21:37:39+09:00,added,n71a38fd13806,m1f715422f805
2026-08-19T21:37:39+09:00,added,n71a38fd13806,m75dba2f0793c
2026-08-19T21:37:39+09:00,added,n71a38fd13806,m3ff81c0d23db
2026-08-19T21:37:39+09:00,added,n71a38fd13806,mf49f389052a3
2026-08-19T21:37:39+09:00,added,n71a38fd13806,me83c41145054
2026-08-19T21:37:39+09:00,added,n71a38fd13806,m7325f611df66
2026-08-19T21:37:39+09:00,added,n71a38fd13806,m2ea72595cf8d
2026-08-19T21:37:39+09:00,added,n71a38fd13806,mcff9b6cb3037
2026-08-19T21:37:39+09:00,added,n71a38fd13806,m6d69812caeed
2026-08-20T01:55:29+09:00,added,n71a38fd13806,mae7d87e63b56
2026-08-20T01:55:29+09:00,added,n71a38fd13806,m86d6a605b363
2026-08-20T01:55:29+09:00,added,nccaf91c85b05,m86d6a605b363
2026-08-20T10:55:46+09:00,added,n71a38fd13806,m28654e6bea0e
2026-08-20T10:55:46+09:00,added,n71a38fd13806,me39940554e5a
2026-08-20T10:55:46+09:00,added,n71a38fd13806,m2788185b81a0
2026-08-20T14:02:45+09:00,added,nf804ff6623e4,m2ea72595cf8d
2026-08-20T17:36:26+09:00,added,n71a38fd13806,mcf500208b8d9
2026-08-20T17:36:26+09:00,added,n71a38fd13806,md13f11c6c2c5
2026-08-20T22:10:02+09:00,added,nde1f66baed88,m366756297795
2026-08-20T22:10:02+09:00,added,nde1f66baed88,m16095e384518
2026-08-20T22:10:02+09:00,added,nde1f66baed88,m7325f611df66
2026-08-20T22:10:02+09:00,added,nde1f66baed88,maf52f9829666
2026-08-20T22:10:02+09:00,added,nde1f66baed88,m3ff81c0d23db
2026-08-20T22:10:02+09:00,added,nde1f66baed88,mae7d87e63b56
2026-08-20T22:10:02+09:00,added,nde1f66baed88,m78fe3ff241ce
2026-08-20T22:10:02+09:00,added,n71a38fd13806,mf7f9952d6e72
2026-08-20T22:10:02+09:00,added,n71a38fd13806,maf52f9829666
2026-08-20T22:10:02+09:00,added,n71a38fd13806,m92f1af23610d
2026-08-20T22:10:02+09:00,added,nc1b330f4d998,mcf500208b8d9
2026-08-20T22:10:02+09:00,added,nd90108990291,m17f76b944423
2026-08-20T22:10:02+09:00,added,nd90108990291,m18c09c59705e
2026-08-20T22:10:02+09:00,added,nd90108990291,m0102f820d986
2026-08-20T22:10:02+09:00,added,nd90108990291,m23c1b65814a0
2026-08-20T22:10:02+09:00,added,nd90108990291,m366756297795
2026-08-20T22:10:02+09:00,added,nd90108990291,m16095e384518
2026-08-20T22:10:02+09:00,added,nd90108990291,mfc9d03c23504
2026-08-20T22:10:02+09:00,added,nd90108990291,m3b898a691902
2026-08-20T22:10:02+09:00,added,nd90108990291,m53a3c3b5d431
2026-08-20T22:10:02+09:00,added,nd90108990291,mdb362d43e1a9
2026-08-20T22:10:02+09:00,added,nd90108990291,m7dfb2f05ab33
2026-08-20T22:10:02+09:00,added,nd90108990291,m11881a67a893
2026-08-20T22:10:02+09:00,added,nadee18c7356c,m366756297795
2026-08-20T22:10:02+09:00,added,nadee18c7356c,m16095e384518
2026-08-20T22:10:02+09:00,added,nadee18c7356c,m05948736e17f
2026-08-20T22:10:02+09:00,added,nadee18c7356c,m2788185b81a0
2026-08-20T22:10:02+09:00,added,nadee18c7356c,mf7549c1ca230
2026-08-20T22:10:02+09:00,added,nadee18c7356c,m3ff81c0d23db
2026-08-20T22:10:02+09:00,added,nadee18c7356c,mdd702710eeb9
2026-08-20T22:10:02+09:00,added,nadee18c7356c,m6463046852a4
2026-08-20T22:10:02+09:00,added,nadee18c7356c,m7325f611df66
2026-08-20T22:10:02+09:00,added,nadee18c7356c,m37d0f19c2434
2026-08-20T22:10:02+09:00,added,nadee18c7356c,m0f6484462f7f
2026-08-20T22:10:02+09:00,added,nadee18c7356c,md1868a762043
2026-08-20T22:10:02+09:00,added,nadee18c7356c,mad8d2935fc54
2026-08-20T22:10:02+09:00,added,nadee18c7356c,m0988ee24cf93
2026-08-20T22:10:02+09:00,added,nadee18c7356c,m26631bce74dd
2026-08-20T22:10:02+09:00,added,nadee18c7356c,m155f8fdb5ab9
2026-08-20T22:10:02+09:00,added,nc5ae30b85408,m75cf56291294
2026-08-20T22:10:02+09:00,added,nc5ae30b85408,m8bf45fd1d793
2026-08-20T22:10:02+09:00,added,nc5ae30b85408,mdd702710eeb9
2026-08-20T22:10:02+09:00,added,nc5ae30b85408,m248ca3ee7087
2026-08-20T22:10:02+09:00,added,nc5ae30b85408,m76b37a54b292
2026-08-20T22:10:02+09:00,added,nc5ae30b85408,mc3c452aad6f3
2026-08-20T22:10:02+09:00,added,nc5ae30b85408,m3ff81c0d23db
2026-08-20T22:10:02+09:00,added,nc5ae30b85408,m2788185b81a0
2026-08-20T22:10:02+09:00,added,nc5ae30b85408,mf7549c1ca230
2026-08-20T22:10:02+09:00,added,nc5ae30b85408,m0102f820d986
2026-08-20T22:10:02+09:00,added,nc5ae30b85408,m18c09c59705e
2026-08-20T22:10:02+09:00,added,nc5ae30b85408,m0f6484462f7f
2026-08-20T22:10:02+09:00,added,nc5ae30b85408,m75dba2f0793c
2026-08-20T22:10:02+09:00,added,nc5ae30b85408,m8eb046826032
2026-08-20T22:10:02+09:00,added,nc5ae30b85408,me39940554e5a
2026-08-20T22:10:02+09:00,added,nc5ae30b85408,m54b2ccd56b12
2026-08-20T22:10:02+09:00,added,nc5ae30b85408,mb14c27a56b5e
2026-08-20T22:10:02+09:00,added,nc5ae30b85408,m6463046852a4
2026-08-20T22:10:02+09:00,added,nc5ae30b85408,m5b27002b62d9
2026-08-20T22:10:02+09:00,added,nc5ae30b85408,m26631bce74dd
2026-08-20T22:10:02+09:00,added,nc5ae30b85408,ma7f0c5b5d76e
2026-08-20T22:10:02+09:00,added,nc5ae30b85408,m06237f367b09
2026-08-20T22:10:02+09:00,added,nc5ae30b85408,m6862330b7742
2026-08-20T22:10:02+09:00,added,nc5ae30b85408,mdf249d5f08ec
2026-08-20T22:10:02+09:00,added,nc5ae30b85408,m592a8866a9d3
2026-08-20T22:10:02+09:00,added,nc5ae30b85408,m47ad56a9b500
2026-08-20T22:10:02+09:00,added,nc5ae30b85408,m7325f611df66
2026-08-20T22:10:02+09:00,added,nc5ae30b85408,m6ff3417d7d3c
2026-08-20T22:10:02+09:00,added,nc5ae30b85408,m2d247f7a06e6
2026-08-20T22:10:02+09:00,added,nc5ae30b85408,m3032113cbb05
2026-08-20T22:10:02+09:00,added,nc5ae30b85408,mad8d2935fc54
2026-08-20T22:10:02+09:00,added,nc5ae30b85408,mfc9d03c23504
2026-08-20T22:10:02+09:00,added,nc5ae30b85408,m2e9b901b1ba9
2026-08-20T22:10:02+09:00,added,nc5ae30b85408,m35682e83d625
2026-08-20T22:10:02+09:00,added,nc5ae30b85408,m0988ee24cf93
2026-08-20T22:10:02+09:00,added,nc5ae30b85408,m366756297795
2026-08-20T22:10:02+09:00,added,nc5ae30b85408,m16095e384518
2026-08-20T22:10:02+09:00,added,nc5ae30b85408,m768b3f4cf6e4
2026-08-20T22:10:02+09:00,added,nc5ae30b85408,m6484622342c0
2026-08-20T22:10:02+09:00,added,nc5ae30b85408,m34fbc48bcda0
2026-08-20T22:10:02+09:00,added,nc5ae30b85408,me491456dc440
2026-08-20T22:10:02+09:00,added,nc5ae30b85408,m796bff88d394
2026-08-20T22:10:02+09:00,added,nc5ae30b85408,md89c318eb21b
2026-08-20T22:10:02+09:00,added,n1e46ff49dc7a,mae7d87e63b56
2026-08-20T22:10:02+09:00,added,n1e46ff49dc7a,m18c09c59705e
2026-08-20T22:10:02+09:00,added,n1e46ff49dc7a,m0102f820d986
2026-08-20T22:10:02+09:00,added,n1e46ff49dc7a,m2788185b81a0
2026-08-20T22:10:02+09:00,added,n1e46ff49dc7a,mcd9b664d59b6
2026-08-20T22:10:02+09:00,added,n1e46ff49dc7a,mdd702710eeb9
2026-08-20T22:10:02+09:00,added,n1e46ff49dc7a,m0988ee24cf93
2026-08-20T22:10:02+09:00,added,nd3372c44c95e,m0f6484462f7f
2026-08-20T22:10:02+09:00,added,nd3372c44c95e,me39940554e5a
2026-08-20T22:10:02+09:00,added,nd3372c44c95e,m0921d4d120a8
2026-08-20T22:10:02+09:00,added,nd3372c44c95e,m7325f611df66
2026-08-20T22:10:02+09:00,added,nd3372c44c95e,m6463046852a4
2026-08-20T22:10:02+09:00,added,nd3372c44c95e,mdd702710eeb9
2026-08-20T22:10:02+09:00,added,nd3372c44c95e,mb3e9f2d69860
2026-08-20T22:10:02+09:00,added,nd3372c44c95e,m0988ee24cf93
2026-08-20T22:10:02+09:00,added,n3a6ee129232d,mf7549c1ca230
2026-08-20T22:10:02+09:00,added,n3a6ee129232d,m2788185b81a0
2026-08-20T22:10:02+09:00,added,n3a6ee129232d,me39940554e5a
2026-08-20T22:10:02+09:00,added,n3a6ee129232d,me40727335eb0
2026-08-20T22:10:02+09:00,added,n3a6ee129232d,m87f25c8ab4b1
2026-08-20T22:10:02+09:00,added,n3a6ee129232d,m18c09c59705e
2026-08-20T22:10:02+09:00,added,n3a6ee129232d,m0102f820d986
2026-08-20T22:10:02+09:00,added,n3a6ee129232d,m2aedf61ec5aa
2026-08-20T22:10:02+09:00,added,n3a6ee129232d,m9d62c4a809ea
2026-08-20T22:10:02+09:00,added,n3a6ee129232d,ma7f0c5b5d76e
2026-08-20T22:10:02+09:00,added,n3a6ee129232d,me19328390498
2026-08-20T22:10:02+09:00,added,n3a6ee129232d,m6463046852a4
2026-08-20T22:10:02+09:00,added,n3a6ee129232d,mc6dad877a6d7
2026-08-20T22:10:02+09:00,added,n3a6ee129232d,mdaf375e22f17
2026-08-20T22:10:02+09:00,added,n3a6ee129232d,ma44cf5d43db9
2026-08-20T22:10:02+09:00,added,n3a6ee129232d,m9577a282f0ed
2026-08-20T22:10:02+09:00,added,n3a6ee129232d,mdd702710eeb9
2026-08-20T22:10:02+09:00,added,ncdcc3c2f415a,m26631bce74dd
2026-08-20T22:10:02+09:00,added,ncdcc3c2f415a,mcbee9243254d
2026-08-20T22:10:02+09:00,added,ncdcc3c2f415a,mdf249d5f08ec
2026-08-20T22:10:02+09:00,added,ncdcc3c2f415a,mfdabb12c06bd
2026-08-20T22:10:02+09:00,added,ncdcc3c2f415a,m06237f367b09
2026-08-20T22:10:02+09:00,added,ncdcc3c2f415a,m2788185b81a0
2026-08-20T22:10:02+09:00,added,ncdcc3c2f415a,m3ff81c0d23db
2026-08-20T22:10:02+09:00,added,ncdcc3c2f415a,m6463046852a4
2026-08-20T22:10:02+09:00,added,ncdcc3c2f415a,m7325f611df66
2026-08-20T22:10:02+09:00,added,ncdcc3c2f415a,m2aedf61ec5aa
2026-08-20T22:10:02+09:00,added,ncdcc3c2f415a,mef3e6ed657c6
2026-08-20T22:10:02+09:00,added,ncdcc3c2f415a,mc6c13443e264
2026-08-20T22:10:02+09:00,added,ncdcc3c2f415a,m6c21ad4983da
2026-08-20T22:10:02+09:00,added,ncdcc3c2f415a,m11881a67a893
2026-08-20T22:10:02+09:00,added,ncdcc3c2f415a,m862869c2ff9e
2026-08-20T22:10:02+09:00,added,ncdcc3c2f415a,m53a3c3b5d431
2026-08-20T22:10:02+09:00,added,ncdcc3c2f415a,mf2abfea66ec7
2026-08-20T22:10:02+09:00,added,ncdcc3c2f415a,m3ed4b0ea704e
2026-08-20T22:10:02+09:00,added,ncdcc3c2f415a,m05948736e17f
2026-08-20T22:10:02+09:00,added,ncdcc3c2f415a,mdd702710eeb9
2026-08-20T22:10:02+09:00,added,ncdcc3c2f415a,m18485b3d7e40
2026-08-20T22:10:02+09:00,added,ncdcc3c2f415a,m7e72b0b37154
2026-08-20T22:10:02+09:00,added,ncdcc3c2f415a,m3e02f69f0d66
2026-08-20T22:10:02+09:00,added,ncdcc3c2f415a,mad8d2935fc54
2026-08-20T22:10:02+09:00,added,ncdcc3c2f415a,m72ba40851c43
2026-08-20T22:10:02+09:00,added,nef7b143bfe4b,m17f76b944423
2026-08-20T22:10:02+09:00,added,nef7b143bfe4b,m1c302a1d8d31
2026-08-20T22:10:02+09:00,added,nef7b143bfe4b,m6463046852a4
2026-08-20T22:10:02+09:00,added,nef7b143bfe4b,m11881a67a893
2026-08-20T22:10:02+09:00,added,nef7b143bfe4b,m862869c2ff9e
2026-08-20T22:10:02+09:00,added,nef7b143bfe4b,m53a3c3b5d431
2026-08-20T22:10:02+09:00,added,nef7b143bfe4b,mf2abfea66ec7
2026-08-20T22:10:02+09:00,added,nef7b143bfe4b,mdb362d43e1a9
2026-08-20T22:10:02+09:00,added,nef7b143bfe4b,m6c21ad4983da
2026-08-20T22:10:02+09:00,added,nef7b143bfe4b,m3ed4b0ea704e
2026-08-20T22:10:02+09:00,added,nef7b143bfe4b,m8531e02a2f58
2026-08-20T22:10:02+09:00,added,nef7b143bfe4b,m0f6484462f7f
2026-08-20T22:10:02+09:00,added,n9094cf5dc798,m2788185b81a0
2026-08-20T22:10:02+09:00,added,n9094cf5dc798,me39940554e5a
2026-08-20T22:10:02+09:00,added,n9094cf5dc798,m18c09c59705e
2026-08-20T22:10:02+09:00,added,n9094cf5dc798,m887df4adddb3
2026-08-20T22:10:02+09:00,added,n9094cf5dc798,m0102f820d986
2026-08-20T22:10:02+09:00,added,n9094cf5dc798,m1be7ce2dd479
2026-08-20T22:10:02+09:00,added,n9094cf5dc798,m3ff81c0d23db
2026-08-20T22:10:02+09:00,added,n9094cf5dc798,mdd702710eeb9
2026-08-20T22:10:02+09:00,added,n9094cf5dc798,mae7d87e63b56
2026-08-20T22:10:02+09:00,added,n9094cf5dc798,m6463046852a4
2026-08-20T22:10:02+09:00,added,n9094cf5dc798,mdf249d5f08ec
2026-08-20T22:10:02+09:00,added,n9094cf5dc798,m34fbc48bcda0
2026-08-20T22:10:02+09:00,added,n9094cf5dc798,ma44cf5d43db9
2026-08-20T22:10:02+09:00,added,n9094cf5dc798,mef3e6ed657c6
2026-08-20T22:10:02+09:00,added,n9094cf5dc798,m5e73b64286c2
2026-08-20T22:10:02+09:00,added,n9094cf5dc798,m6ff3417d7d3c
2026-08-20T22:10:02+09:00,added,n9094cf5dc798,m7325f611df66
2026-08-20T22:10:02+09:00,added,n9094cf5dc798,md20f2a7236e4
2026-08-20T22:10:02+09:00,added,n9094cf5dc798,m796bff88d394
2026-08-20T22:10:02+09:00,added,n2eb862ee53c9,m18c09c59705e
2026-08-20T22:10:02+09:00,added,n2eb862ee53c9,m0102f820d986
2026-08-20T22:10:02+09:00,added,n2eb862ee53c9,m1be7ce2dd479
2026-08-20T22:10:02+09:00,added,n2eb862ee53c9,m2788185b81a0
2026-08-20T22:10:02+09:00,added,n2eb862ee53c9,m3ff81c0d23db
2026-08-20T22:10:02+09:00,added,n2eb862ee53c9,mae7d87e63b56
2026-08-20T22:10:02+09:00,added,n2eb862ee53c9,m0f6484462f7f
2026-08-20T22:10:02+09:00,added,n2eb862ee53c9,mdf249d5f08ec
2026-08-20T22:10:02+09:00,added,n2eb862ee53c9,mdd702710eeb9
2026-08-20T22:10:02+09:00,added,n2eb862ee53c9,m06237f367b09
2026-08-20T22:10:02+09:00,added,n2eb862ee53c9,m7325f611df66
2026-08-20T22:10:02+09:00,added,n2eb862ee53c9,m887df4adddb3
2026-08-20T22:10:02+09:00,added,n2eb862ee53c9,m3ed4b0ea704e
2026-08-20T22:10:02+09:00,added,n2eb862ee53c9,m6c21ad4983da
2026-08-20T22:10:02+09:00,added,n2eb862ee53c9,mf2abfea66ec7
2026-08-20T22:10:02+09:00,added,n2eb862ee53c9,m53a3c3b5d431
2026-08-20T22:10:02+09:00,added,n2eb862ee53c9,m862869c2ff9e
2026-08-20T22:10:02+09:00,added,n2eb862ee53c9,m11881a67a893
2026-08-20T22:10:02+09:00,added,n2eb862ee53c9,m349b3be90eb0
2026-08-20T22:10:02+09:00,added,n2eb862ee53c9,m3b898a691902
2026-08-20T22:10:02+09:00,added,n2eb862ee53c9,m0988ee24cf93
2026-08-20T22:10:02+09:00,added,n2eb862ee53c9,m26631bce74dd
2026-08-20T22:10:02+09:00,added,n2eb862ee53c9,mefaa6cf57469
2026-08-20T22:10:02+09:00,added,n2eb862ee53c9,ma53088b6c588
2026-08-20T22:10:02+09:00,added,nc00eab576551,m0f6484462f7f
2026-08-20T22:10:02+09:00,added,nc00eab576551,m18c09c59705e
2026-08-20T22:10:02+09:00,added,nc00eab576551,m0102f820d986
2026-08-20T22:10:02+09:00,added,nc00eab576551,m1be7ce2dd479
2026-08-20T22:10:02+09:00,added,nc00eab576551,m6463046852a4
2026-08-20T22:10:02+09:00,added,nc00eab576551,m3ff81c0d23db
2026-08-20T22:10:02+09:00,added,nc00eab576551,m0988ee24cf93
2026-08-20T22:10:02+09:00,added,nc00eab576551,m26631bce74dd
2026-08-20T22:10:02+09:00,added,n4d31abd77dfb,mae7d87e63b56
2026-08-20T22:10:02+09:00,added,n4d31abd77dfb,m1dd1f46059de
2026-08-20T22:10:02+09:00,added,n4d31abd77dfb,m6463046852a4
2026-08-20T22:10:02+09:00,added,n4d31abd77dfb,m3ff81c0d23db
2026-08-20T22:10:02+09:00,added,n4d31abd77dfb,m18c09c59705e
2026-08-20T22:10:02+09:00,added,n4d31abd77dfb,m0102f820d986
2026-08-20T22:10:02+09:00,added,n4d31abd77dfb,mfc9d03c23504
2026-08-20T22:10:02+09:00,added,n4d31abd77dfb,m7325f611df66
2026-08-20T22:10:02+09:00,added,n4d31abd77dfb,mdd702710eeb9
2026-08-20T22:10:02+09:00,added,n4d31abd77dfb,m0988ee24cf93
2026-08-20T22:10:02+09:00,added,nac392eeadc12,mf7549c1ca230
2026-08-20T22:10:02+09:00,added,nac392eeadc12,m0f6484462f7f
2026-08-20T22:10:02+09:00,added,nac392eeadc12,mdd702710eeb9
2026-08-20T22:10:02+09:00,added,nac392eeadc12,m2788185b81a0
2026-08-20T22:10:02+09:00,added,nac392eeadc12,me40727335eb0
2026-08-20T22:10:02+09:00,added,nac392eeadc12,m18c09c59705e
2026-08-20T22:10:02+09:00,added,nac392eeadc12,m0102f820d986
2026-08-20T22:10:02+09:00,added,nac392eeadc12,m7325f611df66
2026-08-20T22:10:02+09:00,added,nac392eeadc12,mae7d87e63b56
2026-08-20T22:10:02+09:00,added,nac392eeadc12,m26631bce74dd
2026-08-20T22:10:02+09:00,added,nac392eeadc12,m34fbc48bcda0
2026-08-20T22:10:02+09:00,added,nac392eeadc12,m6463046852a4
2026-08-20T22:10:02+09:00,added,nac392eeadc12,mfc9d03c23504
2026-08-20T22:10:02+09:00,added,nac392eeadc12,m0988ee24cf93
2026-08-20T22:10:02+09:00,added,nc93b3230f5a2,m4870f440d18d
2026-08-20T22:10:02+09:00,added,nc93b3230f5a2,mcd9b664d59b6
2026-08-20T22:10:02+09:00,added,nc93b3230f5a2,m2788185b81a0
2026-08-20T22:10:02+09:00,added,nc93b3230f5a2,mdd702710eeb9
2026-08-20T22:10:02+09:00,added,nc93b3230f5a2,m6463046852a4
2026-08-20T22:10:02+09:00,added,nc93b3230f5a2,m0988ee24cf93
2026-08-20T22:10:02+09:00,added,nc93b3230f5a2,m0f6484462f7f
2026-08-20T22:10:02+09:00,added,nc93b3230f5a2,m26631bce74dd
2026-08-20T22:10:02+09:00,added,n0433743c1f38,mf7f9952d6e72
2026-08-20T22:10:02+09:00,added,n0433743c1f38,m18c09c59705e
2026-08-20T22:10:02+09:00,added,n0433743c1f38,m0102f820d986
2026-08-20T22:10:02+09:00,added,n0433743c1f38,m2788185b81a0
2026-08-20T22:10:02+09:00,added,n0433743c1f38,mdd702710eeb9
2026-08-20T22:10:02+09:00,added,n0433743c1f38,m4870f440d18d
2026-08-20T22:10:02+09:00,added,n0433743c1f38,m3ff81c0d23db
2026-08-20T22:10:02+09:00,added,n0433743c1f38,m7325f611df66
2026-08-20T22:10:02+09:00,added,n0433743c1f38,m0f6484462f7f
2026-08-20T22:10:02+09:00,added,n0433743c1f38,m6463046852a4
2026-08-20T22:10:02+09:00,added,n0433743c1f38,m0988ee24cf93
2026-08-20T22:10:02+09:00,added,n0433743c1f38,m3d538212a7f5
2026-08-20T22:10:02+09:00,added,n0433743c1f38,mbda81785b82c
2026-08-20T22:10:02+09:00,added,n0433743c1f38,m16384598a49a
2026-08-20T22:10:02+09:00,added,n7be657636025,mf7549c1ca230
2026-08-20T22:10:02+09:00,added,n7be657636025,m18c09c59705e
2026-08-20T22:10:02+09:00,added,n7be657636025,m0102f820d986
2026-08-20T22:10:02+09:00,added,n7be657636025,m4870f440d18d
2026-08-20T22:10:02+09:00,added,n7be657636025,m2788185b81a0
2026-08-20T22:10:02+09:00,added,n7be657636025,m3ff81c0d23db
2026-08-20T22:10:02+09:00,added,n7be657636025,mdd702710eeb9
2026-08-20T22:10:02+09:00,added,n7be657636025,m6463046852a4
2026-08-20T22:10:02+09:00,added,n7be657636025,m7325f611df66
2026-08-20T22:10:02+09:00,added,n7be657636025,m0f6484462f7f
2026-08-20T22:10:02+09:00,added,n7be657636025,m0988ee24cf93
2026-08-20T22:10:02+09:00,added,n7be657636025,m3d538212a7f5
2026-08-20T22:10:02+09:00,added,n7be657636025,m26631bce74dd
2026-08-20T22:10:02+09:00,added,n9ffd45a4777c,mdd702710eeb9
2026-08-20T22:10:02+09:00,added,n9ffd45a4777c,m4870f440d18d
2026-08-20T22:10:02+09:00,added,n9ffd45a4777c,m2788185b81a0
2026-08-20T22:10:02+09:00,added,n9ffd45a4777c,m7325f611df66
2026-08-20T22:10:02+09:00,added,n9ffd45a4777c,me40727335eb0
2026-08-20T22:10:02+09:00,added,n9ffd45a4777c,m46619b37427d
2026-08-20T22:10:02+09:00,added,n9ffd45a4777c,m0102f820d986
2026-08-20T22:10:02+09:00,added,n9ffd45a4777c,m18c09c59705e
2026-08-20T22:10:02+09:00,added,n9ffd45a4777c,m3e02f69f0d66
2026-08-20T22:10:02+09:00,added,n9ffd45a4777c,m0f6484462f7f
2026-08-20T22:10:02+09:00,added,n9ffd45a4777c,m6463046852a4
2026-08-20T22:10:02+09:00,added,n9ffd45a4777c,m0988ee24cf93
2026-08-20T22:10:02+09:00,added,n9ffd45a4777c,m3d538212a7f5
2026-08-20T22:10:02+09:00,added,n9ffd45a4777c,mbda81785b82c
2026-08-20T22:10:02+09:00,added,n7699591bc882,m4870f440d18d
2026-08-20T22:10:02+09:00,added,n7699591bc882,mcd9b664d59b6
2026-08-20T22:10:02+09:00,added,n7699591bc882,mdd702710eeb9
2026-08-20T22:10:02+09:00,added,n7699591bc882,m2e021e18e28a
2026-08-20T22:10:02+09:00,added,n7699591bc882,m6463046852a4
2026-08-20T22:10:02+09:00,added,n7699591bc882,m7325f611df66
2026-08-20T22:10:02+09:00,added,n7699591bc882,m0f6484462f7f
2026-08-20T22:10:02+09:00,added,n7699591bc882,m18c09c59705e
2026-08-20T22:10:02+09:00,added,n7699591bc882,m0102f820d986
2026-08-20T22:10:02+09:00,added,n7699591bc882,m26631bce74dd
2026-08-20T22:10:02+09:00,added,n7699591bc882,m3d538212a7f5
2026-08-20T22:10:02+09:00,added,n7699591bc882,mbda81785b82c
2026-08-20T22:10:02+09:00,added,n7699591bc882,m0988ee24cf93
2026-08-20T22:10:02+09:00,added,n2ffb06432f1f,m0f6484462f7f
2026-08-20T22:10:02+09:00,added,n2ffb06432f1f,m6463046852a4
2026-08-20T22:10:02+09:00,added,n2ffb06432f1f,m2788185b81a0
2026-08-20T22:10:02+09:00,added,n2ffb06432f1f,m3ff81c0d23db
2026-08-20T22:10:02+09:00,added,n2ffb06432f1f,mfe68cbfb11da
2026-08-20T22:10:02+09:00,added,n2ffb06432f1f,mae7d87e63b56
2026-08-20T22:10:02+09:00,added,n2ffb06432f1f,md87870710d29
2026-08-20T22:10:02+09:00,added,n2ffb06432f1f,mdd702710eeb9
2026-08-20T22:10:02+09:00,added,n2ffb06432f1f,m2e021e18e28a
2026-08-20T22:10:02+09:00,added,n2ffb06432f1f,m887df4adddb3
2026-08-20T22:10:02+09:00,added,n2ffb06432f1f,mbda81785b82c
2026-08-20T22:10:02+09:00,added,n2ffb06432f1f,m6f829c4b85b6
2026-08-20T22:10:02+09:00,added,n2ffb06432f1f,mf7f9952d6e72
2026-08-20T22:10:02+09:00,added,n2ffb06432f1f,m0988ee24cf93
2026-08-20T22:10:02+09:00,added,n2ffb06432f1f,m18c09c59705e
2026-08-20T22:10:02+09:00,added,n2ffb06432f1f,m0102f820d986
2026-08-20T22:10:02+09:00,added,n2ffb06432f1f,m3e02f69f0d66
2026-08-20T22:10:02+09:00,added,n2ffb06432f1f,m82991598c83f
2026-08-20T22:10:02+09:00,added,n6e2623320b07,mae7d87e63b56
2026-08-20T22:10:02+09:00,added,n6e2623320b07,m2788185b81a0
2026-08-20T22:10:02+09:00,added,n6e2623320b07,m3ff81c0d23db
2026-08-20T22:10:02+09:00,added,n6e2623320b07,m6463046852a4
2026-08-20T22:10:02+09:00,added,n6e2623320b07,m0988ee24cf93
2026-08-20T22:10:02+09:00,added,n6e2623320b07,m3e02f69f0d66
2026-08-20T22:10:02+09:00,added,nbc31061d5142,ma9ff6f94a575
2026-08-20T22:10:02+09:00,added,nbc31061d5142,m17f76b944423
2026-08-20T22:10:02+09:00,added,nbc31061d5142,m16095e384518
2026-08-20T22:10:02+09:00,added,nbc31061d5142,m366756297795
2026-08-20T22:10:02+09:00,added,nbc31061d5142,mae7d87e63b56
2026-08-20T22:10:02+09:00,added,nbc31061d5142,m18c09c59705e
2026-08-20T22:10:02+09:00,added,nbc31061d5142,m23c1b65814a0
2026-08-20T22:10:02+09:00,added,n8f85d90473a4,m2788185b81a0
2026-08-20T22:10:02+09:00,added,n8f85d90473a4,m18c09c59705e
2026-08-20T22:10:02+09:00,added,n8f85d90473a4,m0102f820d986
2026-08-20T22:10:02+09:00,added,n8f85d90473a4,me40727335eb0
2026-08-20T22:10:02+09:00,added,n8f85d90473a4,m0f6484462f7f
2026-08-20T22:10:02+09:00,added,n8f85d90473a4,m1be7ce2dd479
2026-08-20T22:10:02+09:00,added,n8f85d90473a4,mae7d87e63b56
2026-08-20T22:10:02+09:00,added,n8f85d90473a4,m6484622342c0
2026-08-20T22:10:02+09:00,added,n8f85d90473a4,m6463046852a4
2026-08-20T22:10:02+09:00,added,n8f85d90473a4,m6ff3417d7d3c
2026-08-20T22:10:02+09:00,added,n8f85d90473a4,m2aedf61ec5aa
2026-08-20T22:10:02+09:00,added,n8f85d90473a4,m155f8fdb5ab9
2026-08-20T22:10:02+09:00,added,n8f85d90473a4,m26631bce74dd
2026-08-20T22:10:02+09:00,added,n8f85d90473a4,ma44cf5d43db9
2026-08-20T22:10:02+09:00,added,n8f85d90473a4,m7325f611df66
2026-08-20T22:10:02+09:00,added,n8f85d90473a4,mfc9d03c23504
2026-08-20T22:10:02+09:00,added,n8f85d90473a4,m0988ee24cf93
2026-08-20T22:10:02+09:00,added,n8f85d90473a4,m3e02f69f0d66
2026-08-20T22:10:02+09:00,added,n8f85d90473a4,m796bff88d394
2026-08-20T22:10:02+09:00,added,n995e162007af,m1be7ce2dd479
2026-08-20T22:10:02+09:00,added,n995e162007af,m18c09c59705e
2026-08-20T22:10:02+09:00,added,n995e162007af,m2788185b81a0
2026-08-20T22:10:02+09:00,added,n995e162007af,mae7d87e63b56
2026-08-20T22:10:02+09:00,added,n995e162007af,m0988ee24cf93
2026-08-20T22:10:02+09:00,added,n995e162007af,m6463046852a4
2026-08-20T22:10:02+09:00,added,n995e162007af,mcd9b664d59b6
2026-08-20T22:10:02+09:00,added,n995e162007af,m7e46a705cb77
2026-08-20T22:10:02+09:00,added,na0f0ca6f31b5,m18c09c59705e
2026-08-20T22:10:02+09:00,added,na0f0ca6f31b5,m0102f820d986
2026-08-20T22:10:02+09:00,added,na0f0ca6f31b5,mdd702710eeb9
2026-08-20T22:10:02+09:00,added,na0f0ca6f31b5,mfe68cbfb11da
2026-08-20T22:10:02+09:00,added,na0f0ca6f31b5,m7e72b0b37154
2026-08-20T22:10:02+09:00,added,na0f0ca6f31b5,m0988ee24cf93
2026-08-20T22:10:02+09:00,added,na0f0ca6f31b5,m6463046852a4
2026-08-20T22:10:02+09:00,added,na0f0ca6f31b5,m9577a282f0ed
2026-08-20T22:10:02+09:00,added,na0f0ca6f31b5,m2f17d6f9867a
2026-08-20T22:10:02+09:00,added,na0f0ca6f31b5,mef3e6ed657c6
2026-08-20T22:10:02+09:00,added,na0f0ca6f31b5,m7325f611df66
2026-08-20T22:10:02+09:00,added,na0f0ca6f31b5,m366756297795
2026-08-20T22:10:02+09:00,added,na0f0ca6f31b5,m16095e384518
2026-08-20T22:10:02+09:00,added,na0f0ca6f31b5,m6862330b7742
2026-08-20T22:10:02+09:00,added,na0f0ca6f31b5,m0b80ca86da4b
2026-08-20T22:10:02+09:00,added,n09c5721b8bae,m17f76b944423
2026-08-20T22:10:02+09:00,added,n09c5721b8bae,m18c09c59705e
2026-08-20T22:10:02+09:00,added,n09c5721b8bae,m0102f820d986
2026-08-20T22:10:02+09:00,added,n09c5721b8bae,mae7d87e63b56
2026-08-20T22:10:02+09:00,added,n09c5721b8bae,ma9ff6f94a575
2026-08-20T22:10:02+09:00,added,n09c5721b8bae,m366756297795
2026-08-20T22:10:02+09:00,added,n09c5721b8bae,m16095e384518
2026-08-20T22:10:02+09:00,added,n5126b24b9a3e,m2788185b81a0
2026-08-20T22:10:02+09:00,added,n5126b24b9a3e,me40727335eb0
2026-08-20T22:10:02+09:00,added,n5126b24b9a3e,m6463046852a4
2026-08-20T22:10:02+09:00,added,n5126b24b9a3e,mae7d87e63b56
2026-08-20T22:10:02+09:00,added,n5126b24b9a3e,ma44cf5d43db9
2026-08-20T22:10:02+09:00,added,n5126b24b9a3e,m18c09c59705e
2026-08-20T22:10:02+09:00,added,n5126b24b9a3e,m0102f820d986
2026-08-20T22:10:02+09:00,added,n5126b24b9a3e,m7325f611df66
2026-08-20T22:10:02+09:00,added,n5126b24b9a3e,m0988ee24cf93
2026-08-20T22:10:02+09:00,added,n5126b24b9a3e,m5165ac46c7d8
2026-08-20T22:10:02+09:00,added,n5126b24b9a3e,m3b898a691902
2026-08-20T22:10:02+09:00,added,n5126b24b9a3e,m3ed4b0ea704e
2026-08-20T22:10:02+09:00,added,n5126b24b9a3e,mf2abfea66ec7
2026-08-20T22:10:02+09:00,added,n5126b24b9a3e,m53a3c3b5d431
2026-08-20T22:10:02+09:00,added,n5126b24b9a3e,m11881a67a893
2026-08-20T22:10:02+09:00,added,n5126b24b9a3e,m862869c2ff9e
2026-08-20T22:10:02+09:00,added,n5126b24b9a3e,ma53088b6c588
2026-08-20T22:10:02+09:00,added,nd747b5b68600,m18c09c59705e
2026-08-20T22:10:02+09:00,added,nd747b5b68600,m0102f820d986
2026-08-20T22:10:02+09:00,added,nd747b5b68600,m1be7ce2dd479
2026-08-20T22:10:02+09:00,added,nd747b5b68600,mefb73227c372
2026-08-20T22:10:02+09:00,added,nd747b5b68600,m6c21ad4983da
2026-08-20T22:10:02+09:00,added,nd747b5b68600,mf2abfea66ec7
2026-08-20T22:10:02+09:00,added,nd747b5b68600,m53a3c3b5d431
2026-08-20T22:10:02+09:00,added,nd747b5b68600,m862869c2ff9e
2026-08-20T22:10:02+09:00,added,nd747b5b68600,m3ed4b0ea704e
2026-08-20T22:10:02+09:00,added,nd747b5b68600,m349b3be90eb0
2026-08-20T22:10:02+09:00,added,nd747b5b68600,md87870710d29
2026-08-20T22:10:02+09:00,added,nd747b5b68600,m26631bce74dd
2026-08-20T22:10:02+09:00,added,nd747b5b68600,ma7f0c5b5d76e
2026-08-20T22:10:02+09:00,added,nd747b5b68600,mbda81785b82c
2026-08-20T22:10:02+09:00,added,nd747b5b68600,m3d538212a7f5
2026-08-20T22:10:02+09:00,added,nd747b5b68600,m6463046852a4
2026-08-20T22:10:02+09:00,added,nd747b5b68600,mcd9b664d59b6
2026-08-20T22:10:02+09:00,added,nd747b5b68600,mae7d87e63b56
2026-08-20T22:10:02+09:00,added,nd747b5b68600,m0988ee24cf93
2026-08-20T22:10:02+09:00,added,nd747b5b68600,m2788185b81a0
2026-08-20T22:10:02+09:00,added,nd747b5b68600,m7325f611df66
2026-08-20T22:10:02+09:00,added,nd747b5b68600,m06237f367b09
2026-08-20T22:10:02+09:00,added,nd747b5b68600,m72ba40851c43
2026-08-20T22:10:02+09:00,added,neb0a176fb7de,m17f76b944423
2026-08-20T22:10:02+09:00,added,neb0a176fb7de,mae7d87e63b56
2026-08-20T22:10:02+09:00,added,neb0a176fb7de,mebdd70aa07e1
2026-08-20T22:10:02+09:00,added,neb0a176fb7de,mad0dcca8d03e
2026-08-20T22:10:02+09:00,added,neb0a176fb7de,ma9ff6f94a575
2026-08-20T22:10:02+09:00,added,neb0a176fb7de,m723b7a89cb2f
2026-08-20T22:10:02+09:00,added,neb0a176fb7de,m366756297795
2026-08-20T22:10:02+09:00,added,neb0a176fb7de,m16095e384518
2026-08-20T22:10:02+09:00,added,neb0a176fb7de,md05949edc977
2026-08-20T22:10:02+09:00,added,n27c87bf7e554,mdd702710eeb9
2026-08-20T22:10:02+09:00,added,n27c87bf7e554,m338e3cc74a65
2026-08-20T22:10:02+09:00,added,n27c87bf7e554,mb3e9f2d69860
2026-08-20T22:10:02+09:00,added,n27c87bf7e554,me40727335eb0
2026-08-20T22:10:02+09:00,added,n27c87bf7e554,m0f6484462f7f
2026-08-20T22:10:02+09:00,added,n27c87bf7e554,mae7d87e63b56
2026-08-20T22:10:02+09:00,added,n27c87bf7e554,mdfcf232ad3c5
2026-08-20T22:10:02+09:00,added,n27c87bf7e554,me39940554e5a
2026-08-20T22:10:02+09:00,added,n27c87bf7e554,m7325f611df66
2026-08-20T22:10:02+09:00,added,n856e6804b35c,m17f76b944423
2026-08-20T22:10:02+09:00,added,n856e6804b35c,mdd702710eeb9
2026-08-20T22:10:02+09:00,added,n856e6804b35c,m23c1b65814a0
2026-08-20T22:10:02+09:00,added,n856e6804b35c,mdb362d43e1a9
2026-08-20T22:10:02+09:00,added,n856e6804b35c,m53a3c3b5d431
2026-08-20T22:10:02+09:00,added,n856e6804b35c,m3ed4b0ea704e
2026-08-20T22:10:02+09:00,added,n856e6804b35c,m11881a67a893
2026-08-20T22:10:02+09:00,added,n856e6804b35c,m349b3be90eb0
2026-08-20T22:10:02+09:00,added,n856e6804b35c,mf2abfea66ec7
2026-08-20T22:10:02+09:00,added,n856e6804b35c,m862869c2ff9e
2026-08-20T22:10:02+09:00,added,n856e6804b35c,mfc9d03c23504
2026-08-20T22:10:02+09:00,added,n856e6804b35c,m0f6484462f7f
2026-08-20T22:10:02+09:00,added,nb093117cfcf0,mae7d87e63b56
2026-08-20T22:10:02+09:00,added,nb093117cfcf0,m0f6484462f7f
2026-08-20T22:10:02+09:00,added,nb093117cfcf0,m2788185b81a0
2026-08-20T22:10:02+09:00,added,nb093117cfcf0,m3ff81c0d23db
2026-08-20T22:10:02+09:00,added,nb093117cfcf0,m11881a67a893
2026-08-20T22:10:02+09:00,added,nb093117cfcf0,mf2abfea66ec7
2026-08-20T22:10:02+09:00,added,nb093117cfcf0,m862869c2ff9e
2026-08-20T22:10:02+09:00,added,nb093117cfcf0,m53a3c3b5d431
2026-08-20T22:10:02+09:00,added,nb093117cfcf0,m6c21ad4983da
2026-08-20T22:10:02+09:00,added,nb093117cfcf0,m0988ee24cf93
2026-08-20T22:10:02+09:00,added,nb093117cfcf0,m7325f611df66
2026-08-20T22:10:02+09:00,added,nb093117cfcf0,m26631bce74dd
2026-08-20T22:10:02+09:00,added,nb093117cfcf0,m11f968fbad6d
2026-08-20T22:10:02+09:00,added,nb093117cfcf0,m18c09c59705e
2026-08-20T22:10:02+09:00,added,nb093117cfcf0,m0102f820d986
2026-08-20T22:10:02+09:00,added,nb093117cfcf0,m1be7ce2dd479
2026-08-20T22:10:02+09:00,added,nb093117cfcf0,mdd702710eeb9
2026-08-20T22:10:02+09:00,added,nb093117cfcf0,m067199919470
2026-08-20T22:10:02+09:00,added,nd52537d77677,mae7d87e63b56
2026-08-20T22:10:02+09:00,added,nd52537d77677,m87f25c8ab4b1
2026-08-20T22:10:02+09:00,added,nd52537d77677,m6463046852a4
2026-08-20T22:10:02+09:00,added,nd52537d77677,m2788185b81a0
2026-08-20T22:10:02+09:00,added,nd52537d77677,m6ff3417d7d3c
2026-08-20T22:10:02+09:00,added,nd52537d77677,m7325f611df66
2026-08-20T22:10:02+09:00,added,nd52537d77677,mb58a18ddc736
2026-08-20T22:10:02+09:00,added,nd52537d77677,m796bff88d394
2026-08-20T22:10:02+09:00,added,n2284120a9a33,m2788185b81a0
2026-08-20T22:10:02+09:00,added,n2284120a9a33,m6463046852a4
2026-08-20T22:10:02+09:00,added,n2284120a9a33,mae7d87e63b56
2026-08-20T22:10:02+09:00,added,n2284120a9a33,me39940554e5a
2026-08-20T22:10:02+09:00,added,n2284120a9a33,mdf249d5f08ec
2026-08-20T22:10:02+09:00,added,n2284120a9a33,m18c09c59705e
2026-08-20T22:10:02+09:00,added,n2284120a9a33,m0102f820d986
2026-08-20T22:10:02+09:00,added,n2284120a9a33,m259a56a78333
2026-08-20T22:10:02+09:00,added,n520fc2b2cf5e,me1d0833b0ff7
2026-08-20T22:10:02+09:00,added,n520fc2b2cf5e,m2788185b81a0
2026-08-20T22:10:02+09:00,added,n520fc2b2cf5e,m0988ee24cf93
2026-08-20T22:10:02+09:00,added,n520fc2b2cf5e,mcd9b664d59b6
2026-08-20T22:10:02+09:00,added,n520fc2b2cf5e,mae7d87e63b56
2026-08-20T22:10:02+09:00,added,n520fc2b2cf5e,m18c09c59705e
2026-08-20T22:10:02+09:00,added,n520fc2b2cf5e,m0102f820d986
2026-08-20T22:10:02+09:00,added,n520fc2b2cf5e,m9536cd0407b0
2026-08-20T22:10:02+09:00,added,n520fc2b2cf5e,m6463046852a4
2026-08-20T22:10:02+09:00,added,n520fc2b2cf5e,m7325f611df66
2026-08-20T22:10:02+09:00,added,n520fc2b2cf5e,mfc9d03c23504
2026-08-20T22:10:02+09:00,added,nc24ac8843c77,m53a3c3b5d431
2026-08-20T22:10:02+09:00,added,nc24ac8843c77,mf2abfea66ec7
2026-08-20T22:10:02+09:00,added,nc24ac8843c77,m862869c2ff9e
2026-08-20T22:10:02+09:00,added,nc24ac8843c77,m3ed4b0ea704e
2026-08-20T22:10:02+09:00,added,nc24ac8843c77,m3b898a691902
2026-08-20T22:10:02+09:00,added,nc24ac8843c77,me39940554e5a
2026-08-20T22:10:02+09:00,added,nc24ac8843c77,m2788185b81a0
2026-08-20T22:10:02+09:00,added,nc24ac8843c77,mf7549c1ca230
2026-08-20T22:10:02+09:00,added,nc24ac8843c77,m5072685e9cf7
2026-08-20T22:10:02+09:00,added,nc24ac8843c77,m87f25c8ab4b1
2026-08-20T22:10:02+09:00,added,nc24ac8843c77,me40727335eb0
2026-08-20T22:10:02+09:00,added,nc24ac8843c77,m18c09c59705e
2026-08-20T22:10:02+09:00,added,nc24ac8843c77,m0102f820d986
2026-08-20T22:10:02+09:00,added,nc24ac8843c77,mae7d87e63b56
2026-08-20T22:10:02+09:00,added,nc24ac8843c77,mdd702710eeb9
2026-08-20T22:10:02+09:00,added,nc24ac8843c77,m9536cd0407b0
2026-08-20T22:10:02+09:00,added,nc24ac8843c77,m6ff3417d7d3c
2026-08-20T22:10:02+09:00,added,nc24ac8843c77,m0988ee24cf93
2026-08-20T22:10:02+09:00,added,nc24ac8843c77,m26631bce74dd
2026-08-20T22:10:02+09:00,added,nc24ac8843c77,ma7f0c5b5d76e
2026-08-20T22:10:02+09:00,added,nc24ac8843c77,m75dba2f0793c
2026-08-20T22:10:02+09:00,added,nc24ac8843c77,m6463046852a4
2026-08-20T22:10:02+09:00,added,nc24ac8843c77,m0f6484462f7f
2026-08-20T22:10:02+09:00,added,n870c3b1043b8,mae7d87e63b56
2026-08-20T22:10:02+09:00,added,n870c3b1043b8,m3ff81c0d23db
2026-08-20T22:10:02+09:00,added,n870c3b1043b8,m6d3400fb7014
2026-08-20T22:10:02+09:00,added,n870c3b1043b8,mfe68cbfb11da
2026-08-20T22:10:02+09:00,added,n870c3b1043b8,m0988ee24cf93
2026-08-20T22:10:02+09:00,added,n870c3b1043b8,m7325f611df66
2026-08-20T22:10:02+09:00,added,n870c3b1043b8,me39940554e5a
2026-08-20T22:10:02+09:00,added,n870c3b1043b8,mdf249d5f08ec
2026-08-20T22:10:02+09:00,added,n870c3b1043b8,ma7f0c5b5d76e
2026-08-20T22:10:02+09:00,added,n870c3b1043b8,m796bff88d394
2026-08-20T22:10:02+09:00,added,n326c0c4fb634,m7325f611df66
2026-08-20T22:10:02+09:00,added,n326c0c4fb634,m2788185b81a0
2026-08-20T22:10:02+09:00,added,n326c0c4fb634,me39940554e5a
2026-08-20T22:10:02+09:00,added,n326c0c4fb634,mae7d87e63b56
2026-08-20T22:10:02+09:00,added,n326c0c4fb634,m0988ee24cf93
2026-08-20T22:10:02+09:00,added,n326c0c4fb634,mc6dad877a6d7
2026-08-20T22:10:02+09:00,added,n326c0c4fb634,mdd702710eeb9
2026-08-20T22:10:02+09:00,added,n326c0c4fb634,m9577a282f0ed
2026-08-20T22:10:02+09:00,added,n6d0edf9289fa,mae7d87e63b56
2026-08-20T22:10:02+09:00,added,n6d0edf9289fa,m3ff81c0d23db
2026-08-20T22:10:02+09:00,added,n6d0edf9289fa,m2788185b81a0
2026-08-20T22:10:02+09:00,added,n6d0edf9289fa,m6463046852a4
2026-08-20T22:10:02+09:00,added,n6d0edf9289fa,me39940554e5a
2026-08-20T22:10:02+09:00,added,n6d0edf9289fa,m18c09c59705e
2026-08-20T22:10:02+09:00,added,n6d0edf9289fa,m7325f611df66
2026-08-20T22:10:02+09:00,added,n6d0edf9289fa,m0988ee24cf93
2026-08-20T22:10:02+09:00,added,n6d0edf9289fa,mdd702710eeb9
2026-08-20T22:10:02+09:00,added,n6d0edf9289fa,m0f6484462f7f
2026-08-20T22:10:02+09:00,added,n6d0edf9289fa,mdf249d5f08ec
2026-08-20T22:10:02+09:00,added,ne97ea9c6de27,m17f76b944423
2026-08-20T22:10:02+09:00,added,ne97ea9c6de27,mae7d87e63b56
2026-08-20T22:10:02+09:00,added,ne97ea9c6de27,ma9ff6f94a575
2026-08-20T22:10:02+09:00,added,ne97ea9c6de27,m0f6484462f7f
2026-08-20T22:10:02+09:00,added,ne97ea9c6de27,m23c1b65814a0
2026-08-20T22:10:02+09:00,added,ne97ea9c6de27,mdd702710eeb9
2026-08-20T22:10:02+09:00,added,ne97ea9c6de27,mdbf1f88c8d0d
2026-08-20T22:10:02+09:00,added,ne97ea9c6de27,m11881a67a893
2026-08-20T22:10:02+09:00,added,ne97ea9c6de27,m862869c2ff9e
2026-08-20T22:10:02+09:00,added,ne97ea9c6de27,mf2abfea66ec7
2026-08-20T22:10:02+09:00,added,ne97ea9c6de27,m3ed4b0ea704e
2026-08-20T22:10:02+09:00,added,ne97ea9c6de27,m53a3c3b5d431
2026-08-20T22:10:02+09:00,added,ne97ea9c6de27,mdb362d43e1a9
2026-08-20T22:10:02+09:00,added,ne97ea9c6de27,m3b898a691902
2026-08-20T22:10:02+09:00,added,ne97ea9c6de27,m7dfb2f05ab33
2026-08-20T22:10:02+09:00,added,ne97ea9c6de27,m366756297795
2026-08-20T22:10:02+09:00,added,ne97ea9c6de27,m16095e384518
2026-08-20T22:10:02+09:00,added,ne97ea9c6de27,m3e02f69f0d66
2026-08-20T22:10:02+09:00,added,ne97ea9c6de27,m11f968fbad6d
2026-08-20T22:10:02+09:00,added,ne97ea9c6de27,mc7579d059f4e
2026-08-20T22:10:02+09:00,added,ne97ea9c6de27,mca8fa02a545a
2026-08-20T22:10:02+09:00,added,n77e936b44bf4,mae7d87e63b56
2026-08-20T22:10:02+09:00,added,n77e936b44bf4,m3ff81c0d23db
2026-08-20T22:10:02+09:00,added,n77e936b44bf4,mdd702710eeb9
2026-08-20T22:10:02+09:00,added,n77e936b44bf4,mef3e6ed657c6
2026-08-20T22:10:02+09:00,added,n77e936b44bf4,m7325f611df66
2026-08-20T22:10:02+09:00,added,n77e936b44bf4,m0988ee24cf93
2026-08-20T22:10:02+09:00,added,n77e936b44bf4,m6463046852a4
2026-08-20T22:10:02+09:00,added,n77e936b44bf4,mfc9d03c23504
2026-08-20T22:10:02+09:00,added,n77e936b44bf4,m26631bce74dd
2026-08-20T22:10:02+09:00,added,n812bf7aba601,mae7d87e63b56
2026-08-20T22:10:02+09:00,added,n812bf7aba601,me39940554e5a
2026-08-20T22:10:02+09:00,added,n812bf7aba601,mcd9b664d59b6
2026-08-20T22:10:02+09:00,added,n812bf7aba601,mdd702710eeb9
2026-08-20T22:10:02+09:00,added,n812bf7aba601,m2788185b81a0
2026-08-20T22:10:02+09:00,added,n812bf7aba601,md87870710d29
2026-08-20T22:10:02+09:00,added,n812bf7aba601,m6463046852a4
2026-08-20T22:10:02+09:00,added,n812bf7aba601,m53a3c3b5d431
2026-08-20T22:10:02+09:00,added,n812bf7aba601,mf2abfea66ec7
2026-08-20T22:10:02+09:00,added,n812bf7aba601,m11881a67a893
2026-08-20T22:10:02+09:00,added,n812bf7aba601,m862869c2ff9e
2026-08-20T22:10:02+09:00,added,n812bf7aba601,m3b898a691902
2026-08-20T22:10:02+09:00,added,n812bf7aba601,m7325f611df66
2026-08-20T22:10:02+09:00,added,n812bf7aba601,m0988ee24cf93
2026-08-20T22:10:02+09:00,added,nd2bf00154364,m17f76b944423
2026-08-20T22:10:02+09:00,added,nd2bf00154364,ma9ff6f94a575
2026-08-20T22:10:02+09:00,added,nd2bf00154364,m23c1b65814a0
2026-08-20T22:10:02+09:00,added,nd2bf00154364,m18c09c59705e
2026-08-20T22:10:02+09:00,added,nd2bf00154364,m0102f820d986
2026-08-20T22:10:02+09:00,added,n3fdf34a3d4a0,me39940554e5a
2026-08-20T22:10:02+09:00,added,n3fdf34a3d4a0,me1d0833b0ff7
2026-08-20T22:10:02+09:00,added,n3fdf34a3d4a0,m2788185b81a0
2026-08-20T22:10:02+09:00,added,n3fdf34a3d4a0,m3ff81c0d23db
2026-08-20T22:10:02+09:00,added,n3fdf34a3d4a0,mae7d87e63b56
2026-08-20T22:10:02+09:00,added,n3fdf34a3d4a0,m0102f820d986
2026-08-20T22:10:02+09:00,added,n3fdf34a3d4a0,m18c09c59705e
2026-08-20T22:10:02+09:00,added,n3fdf34a3d4a0,m7325f611df66
2026-08-20T22:10:02+09:00,added,n3fdf34a3d4a0,m6463046852a4
2026-08-20T22:10:02+09:00,added,n3fdf34a3d4a0,mdd702710eeb9
2026-08-20T22:10:02+09:00,added,n3fdf34a3d4a0,mef3e6ed657c6
2026-08-20T22:10:02+09:00,added,n3fdf34a3d4a0,m0f6484462f7f
2026-08-20T22:10:02+09:00,added,n7d2823ed5523,m264cc95bf357
2026-08-20T22:10:02+09:00,added,n7d2823ed5523,m18c09c59705e
2026-08-20T22:10:02+09:00,added,n7d2823ed5523,m0102f820d986
2026-08-20T22:10:02+09:00,added,n7d2823ed5523,m2788185b81a0
2026-08-20T22:10:02+09:00,added,n7d2823ed5523,m7325f611df66
2026-08-20T22:10:02+09:00,added,n7d2823ed5523,me39940554e5a
2026-08-20T22:10:02+09:00,added,n7d2823ed5523,m53a3c3b5d431
2026-08-20T22:10:02+09:00,added,n7d2823ed5523,m862869c2ff9e
2026-08-20T22:10:02+09:00,added,n7d2823ed5523,m349b3be90eb0
2026-08-20T22:10:02+09:00,added,n7d2823ed5523,m11881a67a893
2026-08-20T22:10:02+09:00,added,n7d2823ed5523,m3b898a691902
2026-08-20T22:10:02+09:00,added,n7d2823ed5523,mf2abfea66ec7
2026-08-20T22:10:02+09:00,added,n7d2823ed5523,m0988ee24cf93
2026-08-20T22:10:02+09:00,added,n8cab03e50b52,m3ff81c0d23db
2026-08-20T22:10:02+09:00,added,n8cab03e50b52,mdd702710eeb9
2026-08-20T22:10:02+09:00,added,n8cab03e50b52,me39940554e5a
2026-08-20T22:10:02+09:00,added,n8cab03e50b52,mae7d87e63b56
2026-08-20T22:10:02+09:00,added,n8cab03e50b52,m9577a282f0ed
2026-08-20T22:10:02+09:00,added,n8cab03e50b52,ma7f0c5b5d76e
2026-08-20T22:10:02+09:00,added,n8cab03e50b52,m26631bce74dd
2026-08-20T22:10:02+09:00,added,n8cab03e50b52,m7325f611df66
2026-08-20T22:10:02+09:00,added,n8cab03e50b52,m2788185b81a0
2026-08-20T22:10:02+09:00,added,n8cab03e50b52,m11881a67a893
2026-08-20T22:10:02+09:00,added,n8cab03e50b52,m862869c2ff9e
2026-08-20T22:10:02+09:00,added,n8cab03e50b52,m53a3c3b5d431
2026-08-20T22:10:02+09:00,added,n8cab03e50b52,m3b898a691902
2026-08-20T22:10:02+09:00,added,n8cab03e50b52,m3ed4b0ea704e
2026-08-20T22:10:02+09:00,added,n8cab03e50b52,mf2abfea66ec7
2026-08-20T22:10:02+09:00,added,n8cab03e50b52,m481dbe27501a
2026-08-20T22:10:02+09:00,added,n8cab03e50b52,m0988ee24cf93
2026-08-20T22:10:02+09:00,added,n8cab03e50b52,me6fb115c3127
2026-08-20T22:10:02+09:00,added,n2ba5304a1ef0,m18c09c59705e
2026-08-20T22:10:02+09:00,added,n2ba5304a1ef0,m0102f820d986
2026-08-20T22:10:02+09:00,added,n2ba5304a1ef0,mae7d87e63b56
2026-08-20T22:10:02+09:00,added,n2ba5304a1ef0,m2788185b81a0
2026-08-20T22:10:02+09:00,added,n2ba5304a1ef0,m796bff88d394
2026-08-20T22:10:02+09:00,added,n2ba5304a1ef0,m0f6484462f7f
2026-08-20T22:10:02+09:00,added,n2ba5304a1ef0,m6463046852a4
2026-08-20T22:10:02+09:00,added,n2ba5304a1ef0,mdd702710eeb9
2026-08-20T22:10:02+09:00,added,n2ba5304a1ef0,m0988ee24cf93
2026-08-20T22:10:02+09:00,added,n2ba5304a1ef0,mfc9d03c23504
2026-08-20T22:10:02+09:00,added,n932f674eaa2c,m2788185b81a0
2026-08-20T22:10:02+09:00,added,n932f674eaa2c,mae7d87e63b56
2026-08-20T22:10:02+09:00,added,n932f674eaa2c,mdd702710eeb9
2026-08-20T22:10:02+09:00,added,n932f674eaa2c,m7325f611df66
2026-08-20T22:10:02+09:00,added,n932f674eaa2c,m0988ee24cf93
2026-08-20T22:10:02+09:00,added,n932f674eaa2c,m193d0b844ba5
2026-08-20T22:10:02+09:00,added,nfe318589c010,m2788185b81a0
2026-08-20T22:10:02+09:00,added,nfe318589c010,me39940554e5a
2026-08-20T22:10:02+09:00,added,nfe318589c010,md87870710d29
2026-08-20T22:10:02+09:00,added,nfe318589c010,m6463046852a4
2026-08-20T22:10:02+09:00,added,nfe318589c010,mdd702710eeb9
2026-08-20T22:10:02+09:00,added,nfe318589c010,m0988ee24cf93
2026-08-20T22:10:02+09:00,added,n3ad22c5385a3,m17f76b944423
2026-08-20T22:10:02+09:00,added,n3ad22c5385a3,ma9ff6f94a575
2026-08-20T22:10:02+09:00,added,n3ad22c5385a3,mc6b9890b3102
2026-08-20T22:10:02+09:00,added,n3ad22c5385a3,m23c1b65814a0
2026-08-20T22:10:02+09:00,added,n3ad22c5385a3,mdd702710eeb9
2026-08-20T22:10:02+09:00,added,n3ad22c5385a3,m76b37a54b292
2026-08-20T22:10:02+09:00,added,n3ad22c5385a3,m338e3cc74a65
2026-08-20T22:10:02+09:00,added,n3ad22c5385a3,m18c09c59705e
2026-08-20T22:10:02+09:00,added,n3ad22c5385a3,m0102f820d986
2026-08-20T22:10:02+09:00,added,n3ad22c5385a3,mad0dcca8d03e
2026-08-20T22:10:02+09:00,added,n0b1862bcb8a3,me39940554e5a
2026-08-20T22:10:02+09:00,added,n0b1862bcb8a3,m2788185b81a0
2026-08-20T22:10:02+09:00,added,n0b1862bcb8a3,m8f50c2311d35
2026-08-20T22:10:02+09:00,added,n0b1862bcb8a3,m5b27002b62d9
2026-08-20T22:10:02+09:00,added,n0b1862bcb8a3,m9d62c4a809ea
2026-08-20T22:10:02+09:00,added,n0b1862bcb8a3,mef3e6ed657c6
2026-08-20T22:10:02+09:00,added,n0b1862bcb8a3,m2b8747d2fb88
2026-08-20T22:10:02+09:00,added,n0b1862bcb8a3,m87f25c8ab4b1
2026-08-20T22:10:02+09:00,added,n0b1862bcb8a3,m75dba2f0793c
2026-08-20T22:10:02+09:00,added,n0b1862bcb8a3,m7325f611df66
2026-08-20T22:10:02+09:00,added,n0b1862bcb8a3,m796bff88d394
2026-08-20T22:10:02+09:00,added,n0b1862bcb8a3,m0f6484462f7f
2026-08-20T22:10:02+09:00,added,n0b1862bcb8a3,m8531e02a2f58
2026-08-20T22:10:02+09:00,added,n8e21318150a1,m6463046852a4
2026-08-20T22:10:02+09:00,added,n8e21318150a1,mae7d87e63b56
2026-08-20T22:10:02+09:00,added,n8e21318150a1,me39940554e5a
2026-08-20T22:10:02+09:00,added,n8e21318150a1,mdd702710eeb9
2026-08-20T22:10:02+09:00,added,n8e21318150a1,m7325f611df66
2026-08-20T22:10:02+09:00,added,n8e21318150a1,mef3e6ed657c6
2026-08-20T22:10:02+09:00,added,n8e21318150a1,m26631bce74dd
2026-08-20T22:10:02+09:00,added,n8e21318150a1,m2aedf61ec5aa
2026-08-20T22:10:02+09:00,added,n8e21318150a1,m6f829c4b85b6
2026-08-20T22:10:02+09:00,added,n8e21318150a1,m155f8fdb5ab9
2026-08-20T22:10:02+09:00,added,n8e21318150a1,m18c09c59705e
2026-08-20T22:10:02+09:00,added,n8e21318150a1,m0102f820d986
2026-08-20T22:10:02+09:00,added,n8e21318150a1,m0988ee24cf93
2026-08-20T22:10:02+09:00,added,n930b738655d5,mdd702710eeb9
2026-08-20T22:10:02+09:00,added,n930b738655d5,mae7d87e63b56
2026-08-20T22:10:02+09:00,added,n930b738655d5,m2788185b81a0
2026-08-20T22:10:02+09:00,added,n930b738655d5,m3ff81c0d23db
2026-08-20T22:10:02+09:00,added,n930b738655d5,m18c09c59705e
2026-08-20T22:10:02+09:00,added,n930b738655d5,m0102f820d986
2026-08-20T22:10:02+09:00,added,n930b738655d5,m7f2990ab5a61
2026-08-20T22:10:02+09:00,added,n930b738655d5,m796bff88d394
2026-08-20T22:10:02+09:00,added,n930b738655d5,m7325f611df66
2026-08-20T22:10:02+09:00,added,n930b738655d5,m6ff3417d7d3c
2026-08-20T22:10:02+09:00,added,n930b738655d5,m0f6484462f7f
2026-08-20T22:10:02+09:00,added,n37d23c36f475,m4870f440d18d
2026-08-20T22:10:02+09:00,added,n37d23c36f475,ma2d4b6625a56
2026-08-20T22:10:02+09:00,added,n37d23c36f475,mdd702710eeb9
2026-08-20T22:10:02+09:00,added,n37d23c36f475,m2e021e18e28a
2026-08-20T22:10:02+09:00,added,n37d23c36f475,m2788185b81a0
2026-08-20T22:10:02+09:00,added,n37d23c36f475,m9577a282f0ed
2026-08-20T22:10:02+09:00,added,n37d23c36f475,mcd9b664d59b6
2026-08-20T22:10:02+09:00,added,n37d23c36f475,m7325f611df66
2026-08-20T22:10:02+09:00,added,n37d23c36f475,m66f88f0e5afe
2026-08-20T22:10:02+09:00,added,n37d23c36f475,m6463046852a4
2026-08-20T22:10:02+09:00,added,n37d23c36f475,mfc9d03c23504
2026-08-20T22:10:02+09:00,added,n37d23c36f475,m8f50c2311d35
2026-08-20T22:10:02+09:00,added,n37d23c36f475,m3d538212a7f5
2026-08-20T22:10:02+09:00,added,n37d23c36f475,m26631bce74dd
2026-08-20T22:10:02+09:00,added,n37d23c36f475,m0f6484462f7f
2026-08-20T22:10:02+09:00,added,ndeb9bb18adb9,mdd702710eeb9
2026-08-20T22:10:02+09:00,added,ndeb9bb18adb9,m2e021e18e28a
2026-08-20T22:10:02+09:00,added,ndeb9bb18adb9,m66f88f0e5afe
2026-08-20T22:10:02+09:00,added,ndeb9bb18adb9,mae7d87e63b56
2026-08-20T22:10:02+09:00,added,ndeb9bb18adb9,mcd9b664d59b6
2026-08-20T22:10:02+09:00,added,ndeb9bb18adb9,m2788185b81a0
2026-08-20T22:10:02+09:00,added,ndeb9bb18adb9,md87870710d29
2026-08-20T22:10:02+09:00,added,ndeb9bb18adb9,m18c09c59705e
2026-08-20T22:10:02+09:00,added,ndeb9bb18adb9,m0102f820d986
2026-08-20T22:10:02+09:00,added,ndeb9bb18adb9,m7f2990ab5a61
2026-08-20T22:10:02+09:00,added,ndeb9bb18adb9,mbda81785b82c
2026-08-20T22:10:02+09:00,added,ndeb9bb18adb9,m3d538212a7f5
2026-08-20T22:10:02+09:00,added,ndeb9bb18adb9,me39940554e5a
2026-08-20T22:10:02+09:00,added,ndeb9bb18adb9,m6463046852a4
2026-08-20T22:10:02+09:00,added,ndeb9bb18adb9,m0988ee24cf93
2026-08-20T22:10:02+09:00,added,ndeb9bb18adb9,m0f6484462f7f
2026-08-20T22:10:02+09:00,added,n1851bf82838c,m18c09c59705e
2026-08-20T22:10:02+09:00,added,n1851bf82838c,m0102f820d986
2026-08-20T22:10:02+09:00,added,n1851bf82838c,mae7d87e63b56
2026-08-20T22:10:02+09:00,added,n1851bf82838c,mdd702710eeb9
2026-08-20T22:10:02+09:00,added,n1851bf82838c,m248ca3ee7087
2026-08-20T22:10:02+09:00,added,n1851bf82838c,m2788185b81a0
2026-08-20T22:10:02+09:00,added,n1851bf82838c,mef3e6ed657c6
2026-08-20T22:10:02+09:00,added,n1851bf82838c,m7f2990ab5a61
2026-08-20T22:10:02+09:00,added,n1851bf82838c,m0988ee24cf93
2026-08-20T22:10:02+09:00,added,n1851bf82838c,m0f6484462f7f
2026-08-20T22:10:02+09:00,added,n36f537a9bbe6,m18c09c59705e
2026-08-20T22:10:02+09:00,added,n36f537a9bbe6,m0102f820d986
2026-08-20T22:10:02+09:00,added,n36f537a9bbe6,mdd702710eeb9
2026-08-20T22:10:02+09:00,added,n36f537a9bbe6,m248ca3ee7087
2026-08-20T22:10:02+09:00,added,n36f537a9bbe6,m87f25c8ab4b1
2026-08-20T22:10:02+09:00,added,n36f537a9bbe6,mae7d87e63b56
2026-08-20T22:10:02+09:00,added,n36f537a9bbe6,m7f2990ab5a61
2026-08-20T22:10:02+09:00,added,n36f537a9bbe6,m6ff3417d7d3c
2026-08-20T22:10:02+09:00,added,n36f537a9bbe6,m7325f611df66
2026-08-20T22:10:02+09:00,added,n36f537a9bbe6,m26d93ca7080b
2026-08-20T22:10:02+09:00,added,n36f537a9bbe6,mef3e6ed657c6
2026-08-20T22:10:02+09:00,added,n36f537a9bbe6,m0988ee24cf93
2026-08-20T22:10:02+09:00,added,n36f537a9bbe6,m26631bce74dd
2026-08-20T22:10:02+09:00,added,n36f537a9bbe6,m6463046852a4
2026-08-20T22:10:02+09:00,added,n36f537a9bbe6,mfc9d03c23504
2026-08-20T22:10:02+09:00,added,n2e3576417bc0,m7f2990ab5a61
2026-08-20T22:10:02+09:00,added,n2e3576417bc0,m3ff81c0d23db
2026-08-20T22:10:02+09:00,added,n2e3576417bc0,mae7d87e63b56
2026-08-20T22:10:02+09:00,added,n2e3576417bc0,mdd702710eeb9
2026-08-20T22:10:02+09:00,added,n2e3576417bc0,m2788185b81a0
2026-08-20T22:10:02+09:00,added,n2e3576417bc0,m7325f611df66
2026-08-20T22:10:02+09:00,added,n2e3576417bc0,m18c09c59705e
2026-08-20T22:10:02+09:00,added,n2e3576417bc0,m0102f820d986
2026-08-20T22:10:02+09:00,added,n2e3576417bc0,m1be7ce2dd479
2026-08-20T22:10:02+09:00,added,n2e3576417bc0,m6463046852a4
2026-08-20T22:10:02+09:00,added,n2e3576417bc0,m0f6484462f7f
2026-08-20T22:10:02+09:00,added,n2e3576417bc0,m0988ee24cf93
2026-08-20T22:10:02+09:00,added,n082a7ff835c0,mdd702710eeb9
2026-08-20T22:10:02+09:00,added,n082a7ff835c0,mb3e9f2d69860
2026-08-20T22:10:02+09:00,added,n082a7ff835c0,m2156088b87ff
2026-08-20T22:10:02+09:00,added,n082a7ff835c0,m3ff81c0d23db
2026-08-20T22:10:02+09:00,added,n082a7ff835c0,mdf249d5f08ec
2026-08-20T22:10:02+09:00,added,n082a7ff835c0,m6463046852a4
2026-08-20T22:10:02+09:00,added,n082a7ff835c0,m2788185b81a0
2026-08-20T22:10:02+09:00,added,n082a7ff835c0,m0f6484462f7f
2026-08-20T22:10:02+09:00,added,n082a7ff835c0,mae7d87e63b56
2026-08-20T22:10:02+09:00,added,n082a7ff835c0,m7325f611df66
2026-08-20T22:10:02+09:00,added,n082a7ff835c0,m067199919470
2026-08-20T22:10:02+09:00,added,n082a7ff835c0,m7f2990ab5a61
2026-08-20T22:10:02+09:00,added,n082a7ff835c0,m18c09c59705e
2026-08-20T22:10:02+09:00,added,n082a7ff835c0,m0102f820d986
2026-08-20T22:10:02+09:00,added,n082a7ff835c0,m86d6a605b363
2026-08-20T22:10:02+09:00,added,n082a7ff835c0,m0988ee24cf93
2026-08-20T22:10:02+09:00,added,n082a7ff835c0,m26cee8f993dd
2026-08-20T22:10:02+09:00,added,n9dd277555df7,m17f76b944423
2026-08-20T22:10:02+09:00,added,n9dd277555df7,m23c1b65814a0
2026-08-20T22:10:02+09:00,added,n9dd277555df7,mdd702710eeb9
2026-08-20T22:10:02+09:00,added,n9dd277555df7,mae7d87e63b56
2026-08-20T22:10:02+09:00,added,n9dd277555df7,ma9ff6f94a575
2026-08-20T22:10:02+09:00,added,n9dd277555df7,m0988ee24cf93
2026-08-20T22:10:02+09:00,added,n9dd277555df7,m5a628c3625e1
2026-08-20T22:10:02+09:00,added,n9dd277555df7,m0b66fe3b8224
2026-08-20T22:10:02+09:00,added,n9dd277555df7,mad8d2935fc54
2026-08-20T22:10:02+09:00,added,n9dd277555df7,mad0dcca8d03e
2026-08-20T22:10:02+09:00,added,n9dd277555df7,m0f6484462f7f
2026-08-20T22:10:02+09:00,added,n65bf0415b8f1,mae7d87e63b56
2026-08-20T22:10:02+09:00,added,n65bf0415b8f1,m3ff81c0d23db
2026-08-20T22:10:02+09:00,added,n65bf0415b8f1,m8f50c2311d35
2026-08-20T22:10:02+09:00,added,n65bf0415b8f1,mad8d2935fc54
2026-08-20T22:10:02+09:00,added,n65bf0415b8f1,m2788185b81a0
2026-08-20T22:10:02+09:00,added,n65bf0415b8f1,m0b884fd64511
2026-08-20T22:10:02+09:00,added,n65bf0415b8f1,m0988ee24cf93
2026-08-20T22:10:02+09:00,added,n65bf0415b8f1,me39940554e5a
2026-08-20T22:10:02+09:00,added,n65bf0415b8f1,mdd702710eeb9
2026-08-20T22:10:02+09:00,added,n65bf0415b8f1,m76b37a54b292
2026-08-20T22:10:02+09:00,added,n65bf0415b8f1,m66f88f0e5afe
2026-08-20T22:10:02+09:00,added,n65bf0415b8f1,mfc9d03c23504
2026-08-20T22:10:02+09:00,added,n65bf0415b8f1,m6463046852a4
2026-08-20T22:10:02+09:00,added,n65bf0415b8f1,m7325f611df66
2026-08-20T22:10:02+09:00,added,n65bf0415b8f1,m5e73b64286c2
2026-08-20T22:10:02+09:00,added,n65bf0415b8f1,m364f88b04186
2026-08-20T22:10:02+09:00,added,ne79e22b8e5f7,me1d0833b0ff7
2026-08-20T22:10:02+09:00,added,ne79e22b8e5f7,m0f6484462f7f
2026-08-20T22:10:02+09:00,added,ne79e22b8e5f7,m6463046852a4
2026-08-20T22:10:02+09:00,added,ne79e22b8e5f7,m7f2990ab5a61
2026-08-20T22:10:02+09:00,added,ne79e22b8e5f7,mdd702710eeb9
2026-08-20T22:10:02+09:00,added,ne79e22b8e5f7,m0988ee24cf93
2026-08-20T22:10:02+09:00,added,ne79e22b8e5f7,m7325f611df66
2026-08-20T22:10:02+09:00,added,ne79e22b8e5f7,mad8d2935fc54
2026-08-20T22:10:02+09:00,added,ne79e22b8e5f7,mef3e6ed657c6
2026-08-20T22:10:02+09:00,added,n7a522d2ac4cd,me39940554e5a
2026-08-20T22:10:02+09:00,added,n7a522d2ac4cd,m18c09c59705e
2026-08-20T22:10:02+09:00,added,n7a522d2ac4cd,m0102f820d986
2026-08-20T22:10:02+09:00,added,n7a522d2ac4cd,mae7d87e63b56
2026-08-20T22:10:02+09:00,added,n7a522d2ac4cd,m6463046852a4
2026-08-20T22:10:02+09:00,added,n7a522d2ac4cd,m7f2990ab5a61
2026-08-20T22:10:02+09:00,added,n7a522d2ac4cd,mdfcf232ad3c5
2026-08-20T22:10:02+09:00,added,n7a522d2ac4cd,m0988ee24cf93
2026-08-20T22:10:02+09:00,added,n7a522d2ac4cd,m5072685e9cf7
2026-08-20T22:10:02+09:00,added,n7a522d2ac4cd,mcd9b664d59b6
2026-08-20T22:10:02+09:00,added,n7a522d2ac4cd,m26631bce74dd
2026-08-20T22:10:02+09:00,added,n7a522d2ac4cd,m3d538212a7f5
2026-08-20T22:10:02+09:00,added,n7a522d2ac4cd,mdd702710eeb9
2026-08-20T22:10:02+09:00,added,n7a522d2ac4cd,m53a3c3b5d431
2026-08-20T22:10:02+09:00,added,n7a522d2ac4cd,mf2abfea66ec7
2026-08-20T22:10:02+09:00,added,n7a522d2ac4cd,m11881a67a893
2026-08-20T22:10:02+09:00,added,n7a522d2ac4cd,mef3e6ed657c6
2026-08-20T22:10:02+09:00,added,n1b64d95adbd8,m7f2990ab5a61
2026-08-20T22:10:02+09:00,added,n1b64d95adbd8,me39940554e5a
2026-08-20T22:10:02+09:00,added,n1b64d95adbd8,mad8d2935fc54
2026-08-20T22:10:02+09:00,added,n1b64d95adbd8,m86d6a605b363
2026-08-20T22:10:02+09:00,added,n1b64d95adbd8,mcd9b664d59b6
2026-08-20T22:10:02+09:00,added,n1b64d95adbd8,m6463046852a4
2026-08-20T22:10:02+09:00,added,n1b64d95adbd8,md87870710d29
2026-08-20T22:10:02+09:00,added,n1b64d95adbd8,m0f6484462f7f
2026-08-20T22:10:02+09:00,added,n1b64d95adbd8,m7325f611df66
2026-08-20T22:10:02+09:00,added,n1b64d95adbd8,m0988ee24cf93
2026-08-20T22:10:02+09:00,added,n1b64d95adbd8,m18c09c59705e
2026-08-20T22:10:02+09:00,added,n1b64d95adbd8,m0102f820d986
2026-08-20T22:10:02+09:00,added,n1b64d95adbd8,m1be7ce2dd479
2026-08-20T22:10:02+09:00,added,n1b64d95adbd8,mdd702710eeb9
2026-08-20T22:10:02+09:00,added,n1b64d95adbd8,m3d538212a7f5
2026-08-20T22:10:02+09:00,added,n1b64d95adbd8,m796bff88d394
2026-08-20T22:10:02+09:00,added,n1b64d95adbd8,mef3e6ed657c6
2026-08-20T22:10:02+09:00,added,n08c59d5fe01f,m5e73b64286c2
2026-08-20T22:10:02+09:00,added,n08c59d5fe01f,m2788185b81a0
2026-08-20T22:10:02+09:00,added,n08c59d5fe01f,mdd702710eeb9
2026-08-20T22:10:02+09:00,added,n08c59d5fe01f,m7f2990ab5a61
2026-08-20T22:10:02+09:00,added,n08c59d5fe01f,mae7d87e63b56
2026-08-20T22:10:02+09:00,added,n08c59d5fe01f,m796bff88d394
2026-08-20T22:10:02+09:00,added,n08c59d5fe01f,m0f6484462f7f
2026-08-20T22:10:02+09:00,added,n08c59d5fe01f,mf7549c1ca230
2026-08-20T22:10:02+09:00,added,n08c59d5fe01f,ma7f0c5b5d76e
2026-08-20T22:10:02+09:00,added,n08c59d5fe01f,m2aedf61ec5aa
2026-08-20T22:10:02+09:00,added,n08c59d5fe01f,m7325f611df66
2026-08-20T22:10:02+09:00,added,n08c59d5fe01f,mfc9d03c23504
2026-08-20T22:10:02+09:00,added,nfc0b833a4999,m17f76b944423
2026-08-20T22:10:02+09:00,added,nfc0b833a4999,mad8d2935fc54
2026-08-20T22:10:02+09:00,added,nfc0b833a4999,mae7d87e63b56
2026-08-20T22:10:02+09:00,added,nfc0b833a4999,mfc9d03c23504
2026-08-20T22:10:02+09:00,added,nfc0b833a4999,mdd702710eeb9
2026-08-20T22:10:02+09:00,added,nfc0b833a4999,m23c1b65814a0
2026-08-20T22:10:02+09:00,added,nfc0b833a4999,mad0dcca8d03e
2026-08-20T22:10:02+09:00,added,nb7d26a011fc0,mdd702710eeb9
2026-08-20T22:10:02+09:00,added,nb7d26a011fc0,m7325f611df66
2026-08-20T22:10:02+09:00,added,nb7d26a011fc0,m7f2990ab5a61
2026-08-20T22:10:02+09:00,added,nb7d26a011fc0,m0988ee24cf93
2026-08-20T22:10:02+09:00,added,nb7d26a011fc0,me39940554e5a
2026-08-20T22:10:02+09:00,added,nb7d26a011fc0,m6463046852a4
2026-08-20T22:10:02+09:00,added,nb7d26a011fc0,mae7d87e63b56
2026-08-20T22:10:02+09:00,added,nb7d26a011fc0,meb3435d7c1c8
2026-08-20T22:10:02+09:00,added,nb7d26a011fc0,mad8d2935fc54
2026-08-20T22:10:02+09:00,added,nb7d26a011fc0,m3ff81c0d23db
2026-08-20T22:10:02+09:00,added,nb7d26a011fc0,m26631bce74dd
2026-08-20T22:10:02+09:00,added,nb7d26a011fc0,m0f6484462f7f
2026-08-20T22:10:02+09:00,added,nb7d26a011fc0,m26cee8f993dd
2026-08-20T22:10:02+09:00,added,n8d0a2a1ed3f9,mdd702710eeb9
2026-08-20T22:10:02+09:00,added,n8d0a2a1ed3f9,mae7d87e63b56
2026-08-20T22:10:02+09:00,added,n8d0a2a1ed3f9,m2788185b81a0
2026-08-20T22:10:02+09:00,added,n8d0a2a1ed3f9,m26631bce74dd
2026-08-20T22:10:02+09:00,added,n8d0a2a1ed3f9,m155f8fdb5ab9
2026-08-20T22:10:02+09:00,added,n8d0a2a1ed3f9,m6463046852a4
2026-08-20T22:10:02+09:00,added,n8d0a2a1ed3f9,mad8d2935fc54
2026-08-20T22:10:02+09:00,added,n8d0a2a1ed3f9,m0988ee24cf93
2026-08-20T22:10:02+09:00,added,n8d0a2a1ed3f9,m0f6484462f7f
2026-08-20T22:10:02+09:00,added,n8d0a2a1ed3f9,m7325f611df66
2026-08-20T22:10:02+09:00,added,n8d0a2a1ed3f9,mfc9d03c23504
2026-08-20T22:10:02+09:00,added,n8d0a2a1ed3f9,m53a3c3b5d431
2026-08-20T22:10:02+09:00,added,n8d0a2a1ed3f9,mf2abfea66ec7
2026-08-20T22:10:02+09:00,added,n8d0a2a1ed3f9,m3ed4b0ea704e
2026-08-20T22:10:02+09:00,added,n8d0a2a1ed3f9,m862869c2ff9e
2026-08-20T22:10:02+09:00,added,n8d0a2a1ed3f9,m3b898a691902
2026-08-20T22:10:02+09:00,added,n8d0a2a1ed3f9,m11f968fbad6d
2026-08-20T22:10:02+09:00,added,n84126d079255,m18c09c59705e
2026-08-20T22:10:02+09:00,added,n84126d079255,m0102f820d986
2026-08-20T22:10:02+09:00,added,n84126d079255,m53a3c3b5d431
2026-08-20T22:10:02+09:00,added,n84126d079255,m11881a67a893
2026-08-20T22:10:02+09:00,added,n84126d079255,mf2abfea66ec7
2026-08-20T22:10:02+09:00,added,n84126d079255,mdbf1f88c8d0d
2026-08-20T22:10:02+09:00,added,n84126d079255,mdd702710eeb9
2026-08-20T22:10:02+09:00,added,n84126d079255,m37c9e29c3646
2026-08-20T22:10:02+09:00,added,n84126d079255,m4870f440d18d
2026-08-20T22:10:02+09:00,added,n84126d079255,mcd9b664d59b6
2026-08-20T22:10:02+09:00,added,n84126d079255,md87870710d29
2026-08-20T22:10:02+09:00,added,n84126d079255,mad8d2935fc54
2026-08-20T22:10:02+09:00,added,n84126d079255,m0988ee24cf93
2026-08-20T22:10:02+09:00,added,n84126d079255,m86d6a605b363
2026-08-20T22:10:02+09:00,added,n84126d079255,m26cee8f993dd
2026-08-20T22:10:02+09:00,added,n84126d079255,m30dbf61cf194
2026-08-20T22:10:02+09:00,added,n84126d079255,m2aedf61ec5aa
2026-08-20T22:10:02+09:00,added,n84126d079255,mbda81785b82c
2026-08-20T22:10:02+09:00,added,n84126d079255,m3d538212a7f5
2026-08-20T22:10:02+09:00,added,n84126d079255,m7f2990ab5a61
2026-08-20T22:10:02+09:00,added,n84126d079255,m6ff3417d7d3c
2026-08-20T22:10:02+09:00,added,n84126d079255,mfc9d03c23504
2026-08-20T22:10:02+09:00,added,na32900da757d,mae7d87e63b56
2026-08-20T22:10:02+09:00,added,na32900da757d,m2788185b81a0
2026-08-20T22:10:02+09:00,added,na32900da757d,me39940554e5a
2026-08-20T22:10:02+09:00,added,na32900da757d,mdd702710eeb9
2026-08-20T22:10:02+09:00,added,na32900da757d,m18c09c59705e
2026-08-20T22:10:02+09:00,added,na32900da757d,m0102f820d986
2026-08-20T22:10:02+09:00,added,na32900da757d,m6463046852a4
2026-08-20T22:10:02+09:00,added,na32900da757d,m11881a67a893
2026-08-20T22:10:02+09:00,added,na32900da757d,m349b3be90eb0
2026-08-20T22:10:02+09:00,added,na32900da757d,mf2abfea66ec7
2026-08-20T22:10:02+09:00,added,na32900da757d,m53a3c3b5d431
2026-08-20T22:10:02+09:00,added,na32900da757d,m7f2990ab5a61
2026-08-20T22:10:02+09:00,added,na32900da757d,m0f6484462f7f
2026-08-20T22:10:02+09:00,added,nf9c58d62490d,mdd702710eeb9
2026-08-20T22:10:02+09:00,added,nf9c58d62490d,m3ff81c0d23db
2026-08-20T22:10:02+09:00,added,nf9c58d62490d,mad8d2935fc54
2026-08-20T22:10:02+09:00,added,nf9c58d62490d,m7f2990ab5a61
2026-08-20T22:10:02+09:00,added,nf9c58d62490d,m0988ee24cf93
2026-08-20T22:10:02+09:00,added,nf9c58d62490d,m6463046852a4
2026-08-20T22:10:02+09:00,added,nf9c58d62490d,m7325f611df66
2026-08-20T22:10:02+09:00,added,nf9c58d62490d,m2788185b81a0
2026-08-20T22:10:02+09:00,added,n793735f4b51c,m18c09c59705e
2026-08-20T22:10:02+09:00,added,n793735f4b51c,m0102f820d986
2026-08-20T22:10:02+09:00,added,n793735f4b51c,m3ff81c0d23db
2026-08-20T22:10:02+09:00,added,n793735f4b51c,mdd702710eeb9
2026-08-20T22:10:02+09:00,added,n793735f4b51c,mae7d87e63b56
2026-08-20T22:10:02+09:00,added,n793735f4b51c,m0988ee24cf93
2026-08-20T22:10:02+09:00,added,n793735f4b51c,m6463046852a4
2026-08-20T22:10:02+09:00,added,n793735f4b51c,mad8d2935fc54
2026-08-20T22:10:02+09:00,added,n793735f4b51c,me39940554e5a
2026-08-20T22:10:02+09:00,added,n793735f4b51c,m7325f611df66
2026-08-20T22:10:02+09:00,added,n793735f4b51c,m9577a282f0ed
2026-08-20T22:10:02+09:00,added,n793735f4b51c,m86d6a605b363
2026-08-20T22:10:02+09:00,added,n793735f4b51c,m2788185b81a0
2026-08-20T22:10:02+09:00,added,n80903c3908b4,mdd702710eeb9
2026-08-20T22:10:02+09:00,added,n80903c3908b4,mae7d87e63b56
2026-08-20T22:10:02+09:00,added,n80903c3908b4,m6463046852a4
2026-08-20T22:10:02+09:00,added,n80903c3908b4,m0988ee24cf93
2026-08-20T22:10:02+09:00,added,n80903c3908b4,m2788185b81a0
2026-08-20T22:10:02+09:00,added,n80903c3908b4,mad8d2935fc54
2026-08-20T22:10:02+09:00,added,n80903c3908b4,m87f25c8ab4b1
2026-08-20T22:10:02+09:00,added,n80903c3908b4,m7325f611df66
2026-08-20T22:10:02+09:00,added,n80903c3908b4,m86d6a605b363
2026-08-20T22:10:02+09:00,added,n80903c3908b4,m5e0b116a568a
2026-08-20T22:10:02+09:00,added,n80903c3908b4,mfc9d03c23504
2026-08-20T22:10:02+09:00,added,nc561c249ce56,mae7d87e63b56
2026-08-20T22:10:02+09:00,added,nc561c249ce56,m18c09c59705e
2026-08-20T22:10:02+09:00,added,nc561c249ce56,m0102f820d986
2026-08-20T22:10:02+09:00,added,nc561c249ce56,m23c1b65814a0
2026-08-20T22:10:02+09:00,added,nc561c249ce56,m17f76b944423
2026-08-20T22:10:02+09:00,added,nc561c249ce56,m9577a282f0ed
2026-08-20T22:10:02+09:00,added,nc561c249ce56,m7dfb2f05ab33
2026-08-20T22:10:02+09:00,added,nc561c249ce56,m6c21ad4983da
2026-08-20T22:10:02+09:00,added,nc561c249ce56,mf2abfea66ec7
2026-08-20T22:10:02+09:00,added,nc561c249ce56,m53a3c3b5d431
2026-08-20T22:10:02+09:00,added,nc561c249ce56,m862869c2ff9e
2026-08-20T22:10:02+09:00,added,nc561c249ce56,m3ed4b0ea704e
2026-08-20T22:10:02+09:00,added,nc561c249ce56,m11881a67a893
2026-08-20T22:10:02+09:00,added,nc561c249ce56,mdb362d43e1a9
2026-08-20T22:10:02+09:00,added,nc561c249ce56,m3b898a691902
2026-08-20T22:10:02+09:00,added,na2fcec7acebd,me39940554e5a
2026-08-20T22:10:02+09:00,added,na2fcec7acebd,m18c09c59705e
2026-08-20T22:10:02+09:00,added,na2fcec7acebd,m0102f820d986
2026-08-20T22:10:02+09:00,added,na2fcec7acebd,mae7d87e63b56
2026-08-20T22:10:02+09:00,added,na2fcec7acebd,m2788185b81a0
2026-08-20T22:10:02+09:00,added,na2fcec7acebd,m6463046852a4
2026-08-20T22:10:02+09:00,added,na2fcec7acebd,m0988ee24cf93
2026-08-20T22:10:02+09:00,added,na2fcec7acebd,mf6e0f6313d36
2026-08-20T22:10:02+09:00,added,na2fcec7acebd,mdf249d5f08ec
2026-08-20T22:10:02+09:00,added,na2fcec7acebd,mdd702710eeb9
2026-08-20T22:10:02+09:00,added,na2fcec7acebd,mf7f9952d6e72
2026-08-20T22:10:02+09:00,added,na2fcec7acebd,mef3e6ed657c6
2026-08-20T22:10:02+09:00,added,na2fcec7acebd,md87870710d29
2026-08-20T22:10:02+09:00,added,na2fcec7acebd,m7325f611df66
2026-08-20T22:10:02+09:00,added,na2fcec7acebd,m5e73b64286c2
2026-08-20T22:10:02+09:00,added,na2fcec7acebd,m8f50c2311d35
2026-08-20T22:10:02+09:00,added,na2fcec7acebd,mfc9d03c23504
2026-08-20T22:10:02+09:00,added,n22b3398eb365,m775d9cc27c90
2026-08-20T22:10:02+09:00,added,n22b3398eb365,m18c09c59705e
2026-08-20T22:10:02+09:00,added,n22b3398eb365,m0102f820d986
2026-08-20T22:10:02+09:00,added,n22b3398eb365,m2788185b81a0
2026-08-20T22:10:02+09:00,added,n22b3398eb365,me39940554e5a
2026-08-20T22:10:02+09:00,added,n22b3398eb365,mae7d87e63b56
2026-08-20T22:10:02+09:00,added,n22b3398eb365,mf7f9952d6e72
2026-08-20T22:10:02+09:00,added,n22b3398eb365,mcd9b664d59b6
2026-08-20T22:10:02+09:00,added,n22b3398eb365,m3d538212a7f5
2026-08-20T22:10:02+09:00,added,n22b3398eb365,m6463046852a4
2026-08-20T22:10:02+09:00,added,n22b3398eb365,m0988ee24cf93
2026-08-20T22:10:02+09:00,added,n22b3398eb365,mdd702710eeb9
2026-08-20T22:10:02+09:00,added,n22b3398eb365,m66f88f0e5afe
2026-08-20T22:10:02+09:00,added,n22b3398eb365,md87870710d29
2026-08-20T22:10:02+09:00,added,n22b3398eb365,mdf249d5f08ec
2026-08-20T22:10:02+09:00,added,nb7d0a78baa69,mae7d87e63b56
2026-08-20T22:10:02+09:00,added,nb7d0a78baa69,m0988ee24cf93
2026-08-20T22:10:02+09:00,added,nb7d0a78baa69,m2788185b81a0
2026-08-20T22:10:02+09:00,added,nb7d0a78baa69,me39940554e5a
2026-08-20T22:10:02+09:00,added,nb7d0a78baa69,m6463046852a4
2026-08-20T22:10:02+09:00,added,n5fd7c492446d,m18c09c59705e
2026-08-20T22:10:02+09:00,added,n5fd7c492446d,m0102f820d986
2026-08-20T22:10:02+09:00,added,n5fd7c492446d,m7f2990ab5a61
2026-08-20T22:10:02+09:00,added,n5fd7c492446d,m0988ee24cf93
2026-08-20T22:10:02+09:00,added,n5fd7c492446d,me39940554e5a
2026-08-20T22:10:02+09:00,added,n5fd7c492446d,mcd9b664d59b6
2026-08-20T22:10:02+09:00,added,n5fd7c492446d,mae7d87e63b56
2026-08-20T22:10:02+09:00,added,n5fd7c492446d,m6463046852a4
2026-08-20T22:10:02+09:00,added,n5fd7c492446d,m7325f611df66
2026-08-20T22:10:02+09:00,added,n5fd7c492446d,mdd702710eeb9
2026-08-20T22:10:02+09:00,added,n5fd7c492446d,m66f88f0e5afe
2026-08-20T22:10:02+09:00,added,n5fd7c492446d,mf7f9952d6e72
2026-08-20T22:10:02+09:00,added,na19d431a2ba9,m2788185b81a0
2026-08-20T22:10:02+09:00,added,na19d431a2ba9,m7f2990ab5a61
2026-08-20T22:10:02+09:00,added,na19d431a2ba9,mae7d87e63b56
2026-08-20T22:10:02+09:00,added,na19d431a2ba9,md87870710d29
2026-08-20T22:10:02+09:00,added,na19d431a2ba9,m7325f611df66
2026-08-20T22:10:02+09:00,added,na19d431a2ba9,m0988ee24cf93
2026-08-20T22:10:02+09:00,added,na19d431a2ba9,m3032113cbb05
2026-08-20T22:10:02+09:00,added,na19d431a2ba9,m18c09c59705e
2026-08-20T22:10:02+09:00,added,na19d431a2ba9,m0102f820d986
2026-08-20T22:10:02+09:00,added,na19d431a2ba9,mdd702710eeb9
2026-08-20T22:10:02+09:00,added,n72b6bda8215c,m17f76b944423
2026-08-20T22:10:02+09:00,added,n72b6bda8215c,mae7d87e63b56
2026-08-20T22:10:02+09:00,added,n72b6bda8215c,m23c1b65814a0
2026-08-20T22:10:02+09:00,added,n72b6bda8215c,m6463046852a4
2026-08-20T22:10:02+09:00,added,n72b6bda8215c,m5afc54cabf28
2026-08-20T22:10:02+09:00,added,n72b6bda8215c,m278d9869816c
2026-08-20T22:10:02+09:00,added,n72b6bda8215c,ma44cf5d43db9
2026-08-20T22:10:02+09:00,added,n72b6bda8215c,m723b7a89cb2f
2026-08-20T22:10:02+09:00,added,n72b6bda8215c,m862869c2ff9e
2026-08-20T22:10:02+09:00,added,n72b6bda8215c,mf2abfea66ec7
2026-08-20T22:10:02+09:00,added,n72b6bda8215c,m53a3c3b5d431
2026-08-20T22:10:02+09:00,added,n72b6bda8215c,m6c21ad4983da
2026-08-20T22:10:02+09:00,added,n72b6bda8215c,m7dfb2f05ab33
2026-08-20T22:10:02+09:00,added,n72b6bda8215c,m11881a67a893
2026-08-20T22:10:02+09:00,added,n72b6bda8215c,m3ed4b0ea704e
2026-08-20T22:10:02+09:00,added,n72b6bda8215c,m0f6484462f7f
2026-08-20T22:10:02+09:00,added,n72b6bda8215c,m8531e02a2f58
2026-08-20T22:10:02+09:00,added,n422a5d387662,mdd702710eeb9
2026-08-20T22:10:02+09:00,added,n422a5d387662,m2788185b81a0
2026-08-20T22:10:02+09:00,added,n422a5d387662,med9542fcf355
2026-08-20T22:10:02+09:00,added,n422a5d387662,m3ff81c0d23db
2026-08-20T22:10:02+09:00,added,n422a5d387662,mae7d87e63b56
2026-08-20T22:10:02+09:00,added,n422a5d387662,m0988ee24cf93
2026-08-20T22:10:02+09:00,added,n422a5d387662,m067199919470
2026-08-20T22:10:02+09:00,added,n422a5d387662,m6463046852a4
2026-08-20T22:10:02+09:00,added,n422a5d387662,mef3e6ed657c6
2026-08-20T22:10:02+09:00,added,n422a5d387662,md87870710d29
2026-08-20T22:10:02+09:00,added,n422a5d387662,m7325f611df66
2026-08-20T22:10:02+09:00,added,n422a5d387662,m18c09c59705e
2026-08-20T22:10:02+09:00,added,n422a5d387662,m0102f820d986
2026-08-20T22:10:02+09:00,added,n077b519809ce,mc3c452aad6f3
2026-08-20T22:10:02+09:00,added,n077b519809ce,m18c09c59705e
2026-08-20T22:10:02+09:00,added,n077b519809ce,m0102f820d986
2026-08-20T22:10:02+09:00,added,n077b519809ce,m7f2990ab5a61
2026-08-20T22:10:02+09:00,added,n077b519809ce,mae7d87e63b56
2026-08-20T22:10:02+09:00,added,n077b519809ce,m067199919470
2026-08-20T22:10:02+09:00,added,n077b519809ce,m86d6a605b363
2026-08-20T22:10:02+09:00,added,n077b519809ce,m2788185b81a0
2026-08-20T22:10:02+09:00,added,n077b519809ce,me40727335eb0
2026-08-20T22:10:02+09:00,added,n077b519809ce,m6463046852a4
2026-08-20T22:10:02+09:00,added,n077b519809ce,mdd702710eeb9
2026-08-20T22:10:02+09:00,added,n077b519809ce,mef3e6ed657c6
2026-08-20T22:10:02+09:00,added,n077b519809ce,mfe68cbfb11da
2026-08-20T22:10:02+09:00,added,n077b519809ce,ma44cf5d43db9
2026-08-20T22:10:02+09:00,added,na5c225edf77f,me39940554e5a
2026-08-20T22:10:02+09:00,added,na5c225edf77f,mf7f9952d6e72
2026-08-20T22:10:02+09:00,added,na5c225edf77f,m2788185b81a0
2026-08-20T22:10:02+09:00,added,na5c225edf77f,m18c09c59705e
2026-08-20T22:10:02+09:00,added,na5c225edf77f,mae7d87e63b56
2026-08-20T22:10:02+09:00,added,na5c225edf77f,mdfcf232ad3c5
2026-08-20T22:10:02+09:00,added,na5c225edf77f,m74c88f0a7bb5
2026-08-20T22:10:02+09:00,added,na5c225edf77f,mdd702710eeb9
2026-08-20T22:10:02+09:00,added,na5c225edf77f,md87870710d29
2026-08-20T22:10:02+09:00,added,na5c225edf77f,m5afc54cabf28
2026-08-20T22:10:02+09:00,added,na5c225edf77f,m7325f611df66
2026-08-20T22:10:02+09:00,added,na5c225edf77f,m0988ee24cf93
2026-08-20T22:10:02+09:00,added,na5c225edf77f,mef3e6ed657c6
2026-08-20T22:10:02+09:00,added,na5c225edf77f,m0f6484462f7f
2026-08-20T22:10:02+09:00,added,n0c6d55a8b448,m2788185b81a0
2026-08-20T22:10:02+09:00,added,n0c6d55a8b448,mae7d87e63b56
2026-08-20T22:10:02+09:00,added,n0c6d55a8b448,m7f2990ab5a61
2026-08-20T22:10:02+09:00,added,n0c6d55a8b448,m862869c2ff9e
2026-08-20T22:10:02+09:00,added,n0c6d55a8b448,m53a3c3b5d431
2026-08-20T22:10:02+09:00,added,n0c6d55a8b448,mf2abfea66ec7
2026-08-20T22:10:02+09:00,added,n0c6d55a8b448,m11881a67a893
2026-08-20T22:10:02+09:00,added,n0c6d55a8b448,m349b3be90eb0
2026-08-20T22:10:02+09:00,added,n0c6d55a8b448,md3a54e5874c6
2026-08-20T22:10:02+09:00,added,n0c6d55a8b448,md87870710d29
2026-08-20T22:10:02+09:00,added,n0c6d55a8b448,mdd702710eeb9
2026-08-20T22:10:02+09:00,added,n0c6d55a8b448,m26631bce74dd
2026-08-20T22:10:02+09:00,added,nfd098158931a,m18c09c59705e
2026-08-20T22:10:02+09:00,added,nfd098158931a,m0102f820d986
2026-08-20T22:10:02+09:00,added,nfd098158931a,m2788185b81a0
2026-08-20T22:10:02+09:00,added,nfd098158931a,mdd702710eeb9
2026-08-20T22:10:02+09:00,added,nfd098158931a,mae7d87e63b56
2026-08-20T22:10:02+09:00,added,nfd098158931a,m7f2990ab5a61
2026-08-20T22:10:02+09:00,added,nfd098158931a,me39940554e5a
2026-08-20T22:10:02+09:00,added,nfd098158931a,m5afc54cabf28
2026-08-20T22:10:02+09:00,added,nfd098158931a,m862869c2ff9e
2026-08-20T22:10:02+09:00,added,nfd098158931a,m11881a67a893
2026-08-20T22:10:02+09:00,added,nfd098158931a,mf2abfea66ec7
2026-08-20T22:10:02+09:00,added,nfd098158931a,m3ed4b0ea704e
2026-08-20T22:10:02+09:00,added,nfd098158931a,m53a3c3b5d431
2026-08-20T22:10:02+09:00,added,nfd098158931a,m6c21ad4983da
2026-08-20T22:10:02+09:00,added,nfd098158931a,md87870710d29
2026-08-20T22:10:02+09:00,added,nfd098158931a,m7325f611df66
2026-08-20T22:10:02+09:00,added,nfd098158931a,me22006eb4593
2026-08-20T22:10:02+09:00,added,nfd098158931a,m155f8fdb5ab9
2026-08-20T22:10:02+09:00,added,nfd098158931a,m5e73b64286c2
2026-08-20T22:10:02+09:00,added,nfd098158931a,mdf249d5f08ec
2026-08-20T22:10:02+09:00,added,nfd098158931a,m6463046852a4
2026-08-20T22:10:02+09:00,added,nfd098158931a,m6ff3417d7d3c
2026-08-20T22:10:02+09:00,added,n2e22bf6de0cc,mae7d87e63b56
2026-08-20T22:10:02+09:00,added,n2e22bf6de0cc,m2788185b81a0
2026-08-20T22:10:02+09:00,added,n2e22bf6de0cc,m47ad56a9b500
2026-08-20T22:10:02+09:00,added,n2e22bf6de0cc,m5afc54cabf28
2026-08-20T22:10:02+09:00,added,n2e22bf6de0cc,m3ff81c0d23db
2026-08-20T22:10:02+09:00,added,n2e22bf6de0cc,m7f2990ab5a61
2026-08-20T22:10:02+09:00,added,n2e22bf6de0cc,me39940554e5a
2026-08-20T22:10:02+09:00,added,n2e22bf6de0cc,m05948736e17f
2026-08-20T22:10:02+09:00,added,n2e22bf6de0cc,m5e73b64286c2
2026-08-20T22:10:02+09:00,added,n2e22bf6de0cc,md87870710d29
2026-08-20T22:10:02+09:00,added,n2e22bf6de0cc,mdf249d5f08ec
2026-08-20T22:10:02+09:00,added,n2e22bf6de0cc,m7325f611df66
2026-08-20T22:10:02+09:00,added,n2e22bf6de0cc,m6463046852a4
2026-08-20T22:10:02+09:00,added,n2e22bf6de0cc,m1a8d1bce47c2
2026-08-20T22:10:02+09:00,added,n2e22bf6de0cc,m2d430bfd346b
2026-08-20T22:10:02+09:00,added,n2e22bf6de0cc,m26631bce74dd
2026-08-20T22:10:02+09:00,added,n2e22bf6de0cc,m6c21ad4983da
2026-08-20T22:10:02+09:00,added,n2e22bf6de0cc,mf2abfea66ec7
2026-08-20T22:10:02+09:00,added,n2e22bf6de0cc,m862869c2ff9e
2026-08-20T22:10:02+09:00,added,n2e22bf6de0cc,m53a3c3b5d431
2026-08-20T22:10:02+09:00,added,n2e22bf6de0cc,m3ed4b0ea704e
2026-08-20T22:10:02+09:00,added,n2e22bf6de0cc,m768b3f4cf6e4
2026-08-20T22:10:02+09:00,added,n2e22bf6de0cc,m36e9f57e3df0
2026-08-20T22:10:02+09:00,added,n2e22bf6de0cc,m86d6a605b363
2026-08-20T22:10:02+09:00,added,n2e22bf6de0cc,m11b94f8cf911
2026-08-20T22:10:02+09:00,added,n2e22bf6de0cc,mef3e6ed657c6
2026-08-20T22:10:02+09:00,added,n2e22bf6de0cc,m7f9015f7a6ac
2026-08-20T22:10:02+09:00,added,nd384b730d452,m74c88f0a7bb5
2026-08-20T22:10:02+09:00,added,nd384b730d452,m26631bce74dd
2026-08-20T22:10:02+09:00,added,nd384b730d452,m9d62c4a809ea
2026-08-20T22:10:02+09:00,added,nd384b730d452,m3ff81c0d23db
2026-08-20T22:10:02+09:00,added,nd384b730d452,m7f2990ab5a61
2026-08-20T22:10:02+09:00,added,nd384b730d452,mef3e6ed657c6
2026-08-20T22:10:02+09:00,added,nd384b730d452,m7325f611df66
2026-08-20T22:10:02+09:00,added,nd384b730d452,mae7d87e63b56
2026-08-20T22:10:02+09:00,added,nd384b730d452,md87870710d29
2026-08-20T22:10:02+09:00,added,nd384b730d452,mdd702710eeb9
2026-08-20T22:10:02+09:00,added,nd384b730d452,m5e73b64286c2
2026-08-20T22:10:02+09:00,added,nd384b730d452,m0988ee24cf93
2026-08-20T22:10:02+09:00,added,n86ce1844e164,m17f76b944423
2026-08-20T22:10:02+09:00,added,n86ce1844e164,m5afc54cabf28
2026-08-20T22:10:02+09:00,added,n86ce1844e164,mae7d87e63b56
2026-08-20T22:10:02+09:00,added,n86ce1844e164,m6463046852a4
2026-08-20T22:10:02+09:00,added,nb834651fa513,mef3e6ed657c6
2026-08-20T22:10:02+09:00,added,nb834651fa513,m18c09c59705e
2026-08-20T22:10:02+09:00,added,nb834651fa513,m0102f820d986
2026-08-20T22:10:02+09:00,added,nb834651fa513,m1be7ce2dd479
2026-08-20T22:10:02+09:00,added,nb834651fa513,m5afc54cabf28
2026-08-20T22:10:02+09:00,added,nb834651fa513,me39940554e5a
2026-08-20T22:10:02+09:00,added,nb834651fa513,mae7d87e63b56
2026-08-20T22:10:02+09:00,added,nb834651fa513,m7f2990ab5a61
2026-08-20T22:10:02+09:00,added,nb834651fa513,mdd702710eeb9
2026-08-20T22:10:02+09:00,added,nb834651fa513,m248ca3ee7087
2026-08-20T22:10:02+09:00,added,nb834651fa513,m6463046852a4
2026-08-20T22:10:02+09:00,added,nb834651fa513,m7325f611df66
2026-08-20T22:10:02+09:00,added,nb834651fa513,m3d538212a7f5
2026-08-20T22:10:02+09:00,added,nb834651fa513,md87870710d29
2026-08-20T22:10:02+09:00,added,nb834651fa513,m0988ee24cf93
2026-08-20T22:10:02+09:00,added,ne4258b766488,m18c09c59705e
2026-08-20T22:10:02+09:00,added,ne4258b766488,m0102f820d986
2026-08-20T22:10:02+09:00,added,ne4258b766488,m1be7ce2dd479
2026-08-20T22:10:02+09:00,added,ne4258b766488,mae7d87e63b56
2026-08-20T22:10:02+09:00,added,ne4258b766488,m7f2990ab5a61
2026-08-20T22:10:02+09:00,added,ne4258b766488,mcd9b664d59b6
2026-08-20T22:10:02+09:00,added,ne4258b766488,m5afc54cabf28
2026-08-20T22:10:02+09:00,added,ne4258b766488,md1868a762043
2026-08-20T22:10:02+09:00,added,ne4258b766488,m7325f611df66
2026-08-20T22:10:02+09:00,added,ne4258b766488,mef3e6ed657c6
2026-08-20T22:10:02+09:00,added,ne4258b766488,m0988ee24cf93
2026-08-20T22:10:02+09:00,added,ne4258b766488,m3d538212a7f5
2026-08-20T22:10:02+09:00,added,ne4258b766488,m11f968fbad6d
2026-08-20T22:10:02+09:00,added,ne80ff9986bc5,m2788185b81a0
2026-08-20T22:10:02+09:00,added,ne80ff9986bc5,me39940554e5a
2026-08-20T22:10:02+09:00,added,ne80ff9986bc5,m7f2990ab5a61
2026-08-20T22:10:02+09:00,added,ne80ff9986bc5,mae7d87e63b56
2026-08-20T22:10:02+09:00,added,ne80ff9986bc5,mdd702710eeb9
2026-08-20T22:10:02+09:00,added,ne80ff9986bc5,md87870710d29
2026-08-20T22:10:02+09:00,added,ne80ff9986bc5,m7325f611df66
2026-08-20T22:10:02+09:00,added,ne80ff9986bc5,m0988ee24cf93
2026-08-20T22:10:02+09:00,added,n572b8edec5b8,mdd702710eeb9
2026-08-20T22:10:02+09:00,added,n572b8edec5b8,m7f2990ab5a61
2026-08-20T22:10:02+09:00,added,n572b8edec5b8,m5afc54cabf28
2026-08-20T22:10:02+09:00,added,n572b8edec5b8,mae7d87e63b56
2026-08-20T22:10:02+09:00,added,n572b8edec5b8,md87870710d29
2026-08-20T22:10:02+09:00,added,n572b8edec5b8,m7325f611df66
2026-08-20T22:10:02+09:00,added,n572b8edec5b8,m11b94f8cf911
2026-08-20T22:10:02+09:00,added,n572b8edec5b8,m86d6a605b363
2026-08-20T22:10:02+09:00,added,n572b8edec5b8,mdbf1f88c8d0d
2026-08-20T22:10:02+09:00,added,n572b8edec5b8,m53a3c3b5d431
2026-08-20T22:10:02+09:00,added,n572b8edec5b8,m862869c2ff9e
2026-08-20T22:10:02+09:00,added,n572b8edec5b8,m5bdd94e01dac
2026-08-20T22:10:02+09:00,added,n572b8edec5b8,m6f829c4b85b6
2026-08-20T22:10:02+09:00,added,n572b8edec5b8,m26631bce74dd
2026-08-20T22:10:02+09:00,added,n572b8edec5b8,m2aedf61ec5aa
2026-08-20T22:10:02+09:00,added,ncf11a691acf8,m18c09c59705e
2026-08-20T22:10:02+09:00,added,ncf11a691acf8,m0102f820d986
2026-08-20T22:10:02+09:00,added,ncf11a691acf8,me39940554e5a
2026-08-20T22:10:02+09:00,added,ncf11a691acf8,me1d0833b0ff7
2026-08-20T22:10:02+09:00,added,ncf11a691acf8,mae7d87e63b56
2026-08-20T22:10:02+09:00,added,ncf11a691acf8,m3ff81c0d23db
2026-08-20T22:10:02+09:00,added,ncf11a691acf8,mdd702710eeb9
2026-08-20T22:10:02+09:00,added,ncf11a691acf8,m9b48174e163a
2026-08-20T22:10:02+09:00,added,ncf11a691acf8,m76b37a54b292
2026-08-20T22:10:02+09:00,added,ncf11a691acf8,md87870710d29
2026-08-20T22:10:02+09:00,added,ncf11a691acf8,mef3e6ed657c6
2026-08-20T22:10:02+09:00,added,ncf11a691acf8,m7f2990ab5a61
2026-08-20T22:10:02+09:00,added,ncf11a691acf8,m0988ee24cf93
2026-08-20T22:10:02+09:00,added,ncf11a691acf8,m067199919470
2026-08-20T22:10:02+09:00,added,ncf11a691acf8,m86d6a605b363
2026-08-20T22:10:02+09:00,added,ncf11a691acf8,m26631bce74dd
2026-08-20T22:10:02+09:00,added,ncf11a691acf8,m592a8866a9d3
2026-08-20T22:10:02+09:00,added,n82165a03194a,ma9ff6f94a575
2026-08-20T22:10:02+09:00,added,n82165a03194a,m17f76b944423
2026-08-20T22:10:02+09:00,added,n82165a03194a,m74c88f0a7bb5
2026-08-20T22:10:02+09:00,added,n82165a03194a,mc3c452aad6f3
2026-08-20T22:10:02+09:00,added,n48eaf9fde1b8,m18c09c59705e
2026-08-20T22:10:02+09:00,added,n48eaf9fde1b8,m0102f820d986
2026-08-20T22:10:02+09:00,added,n48eaf9fde1b8,mdd702710eeb9
2026-08-20T22:10:02+09:00,added,n48eaf9fde1b8,m248ca3ee7087
2026-08-20T22:10:02+09:00,added,n48eaf9fde1b8,mc3c452aad6f3
2026-08-20T22:10:02+09:00,added,n48eaf9fde1b8,m3ff81c0d23db
2026-08-20T22:10:02+09:00,added,n48eaf9fde1b8,mae7d87e63b56
2026-08-20T22:10:02+09:00,added,n48eaf9fde1b8,mb4adf009b45c
2026-08-20T22:10:02+09:00,added,n48eaf9fde1b8,m2788185b81a0
2026-08-20T22:10:02+09:00,added,n48eaf9fde1b8,m067199919470
2026-08-20T22:10:02+09:00,added,n48eaf9fde1b8,md87870710d29
2026-08-20T22:10:02+09:00,added,n48eaf9fde1b8,m0988ee24cf93
2026-08-20T22:10:02+09:00,added,n48eaf9fde1b8,m7325f611df66
2026-08-20T22:10:02+09:00,added,n48eaf9fde1b8,mef3e6ed657c6
2026-08-20T22:10:02+09:00,added,n48eaf9fde1b8,m7f2990ab5a61
2026-08-20T22:10:02+09:00,added,n48eaf9fde1b8,m5b27002b62d9
2026-08-20T22:10:02+09:00,added,n55900074f9f1,ma2d4b6625a56
2026-08-20T22:10:02+09:00,added,n55900074f9f1,m4870f440d18d
2026-08-20T22:10:02+09:00,added,n55900074f9f1,m7f2990ab5a61
2026-08-20T22:10:02+09:00,added,n55900074f9f1,m9b48174e163a
2026-08-20T22:10:02+09:00,added,n55900074f9f1,mdd702710eeb9
2026-08-20T22:10:02+09:00,added,n55900074f9f1,me39940554e5a
2026-08-20T22:10:02+09:00,added,n55900074f9f1,md87870710d29
2026-08-20T22:10:02+09:00,added,n55900074f9f1,mcd9b664d59b6
2026-08-20T22:10:02+09:00,added,n55900074f9f1,m0f6484462f7f
2026-08-20T22:10:02+09:00,added,n55900074f9f1,m067199919470
2026-08-20T22:10:02+09:00,added,n55900074f9f1,mdfcf232ad3c5
2026-08-20T22:10:02+09:00,added,n55900074f9f1,m7325f611df66
2026-08-20T22:10:02+09:00,added,n55900074f9f1,mef3e6ed657c6
2026-08-20T22:10:02+09:00,added,n55900074f9f1,m0988ee24cf93
2026-08-20T22:10:02+09:00,added,n55900074f9f1,m18c09c59705e
2026-08-20T22:10:02+09:00,added,n55900074f9f1,m1be7ce2dd479
2026-08-20T22:10:02+09:00,added,n55900074f9f1,m0102f820d986
2026-08-20T22:10:02+09:00,added,n268b7c196d39,m7f2990ab5a61
2026-08-20T22:10:02+09:00,added,n268b7c196d39,m0f6484462f7f
2026-08-20T22:10:02+09:00,added,n268b7c196d39,m3ff81c0d23db
2026-08-20T22:10:02+09:00,added,n268b7c196d39,mae7d87e63b56
2026-08-20T22:10:02+09:00,added,n268b7c196d39,me39940554e5a
2026-08-20T22:10:02+09:00,added,n268b7c196d39,m0988ee24cf93
2026-08-20T22:10:02+09:00,added,n268b7c196d39,m18c09c59705e
2026-08-20T22:10:02+09:00,added,n268b7c196d39,m0102f820d986
2026-08-20T22:10:02+09:00,added,n268b7c196d39,mef3e6ed657c6
2026-08-20T22:10:02+09:00,added,n268b7c196d39,mdd702710eeb9
2026-08-20T22:10:02+09:00,added,n9395dae3d66d,md87870710d29
2026-08-20T22:10:02+09:00,added,n9395dae3d66d,m7f2990ab5a61
2026-08-20T22:10:02+09:00,added,n9395dae3d66d,mdd702710eeb9
2026-08-20T22:10:02+09:00,added,n9395dae3d66d,m0988ee24cf93
2026-08-20T22:10:02+09:00,added,n9395dae3d66d,mae7d87e63b56
2026-08-20T22:10:02+09:00,added,n9395dae3d66d,m53a3c3b5d431
2026-08-20T22:10:02+09:00,added,n9395dae3d66d,m862869c2ff9e
2026-08-20T22:10:02+09:00,added,n9395dae3d66d,m7325f611df66
2026-08-20T22:10:02+09:00,added,n9395dae3d66d,mef3e6ed657c6
2026-08-20T22:10:02+09:00,added,nd308899ee44e,mae7d87e63b56
2026-08-20T22:10:02+09:00,added,nd308899ee44e,m18c09c59705e
2026-08-20T22:10:02+09:00,added,nd308899ee44e,med9542fcf355
2026-08-20T22:10:02+09:00,added,nd308899ee44e,m0f6484462f7f
2026-08-20T22:10:02+09:00,added,nd308899ee44e,mef3e6ed657c6
2026-08-20T22:10:02+09:00,added,nd308899ee44e,m0988ee24cf93
2026-08-20T22:10:02+09:00,added,nd308899ee44e,me39940554e5a
2026-08-20T22:10:02+09:00,added,nd308899ee44e,m7f2990ab5a61
2026-08-20T22:10:02+09:00,added,nd308899ee44e,mdfcf232ad3c5
2026-08-20T22:10:02+09:00,added,nd308899ee44e,m2788185b81a0
2026-08-20T22:10:02+09:00,added,nd308899ee44e,mdd702710eeb9
2026-08-20T22:10:02+09:00,added,n4eb456f477c9,m18c09c59705e
2026-08-20T22:10:02+09:00,added,n4eb456f477c9,m7325f611df66
2026-08-20T22:10:02+09:00,added,n4eb456f477c9,mef3e6ed657c6
2026-08-20T22:10:02+09:00,added,n4eb456f477c9,m2788185b81a0
2026-08-20T22:10:02+09:00,added,n4eb456f477c9,m3ff81c0d23db
2026-08-20T22:10:02+09:00,added,n4eb456f477c9,m248ca3ee7087
2026-08-20T22:10:02+09:00,added,n4eb456f477c9,m76b37a54b292
2026-08-20T22:10:02+09:00,added,n4eb456f477c9,m9b48174e163a
2026-08-20T22:10:02+09:00,added,n4eb456f477c9,m47ad56a9b500
2026-08-20T22:10:02+09:00,added,n4eb456f477c9,mae7d87e63b56
2026-08-20T22:10:02+09:00,added,n4eb456f477c9,m8f50c2311d35
2026-08-20T22:10:02+09:00,added,n4eb456f477c9,m0988ee24cf93
2026-08-20T22:10:02+09:00,added,n4eb456f477c9,mfe68cbfb11da
2026-08-20T22:10:02+09:00,added,n4eb456f477c9,mdd702710eeb9
2026-08-20T22:10:02+09:00,added,n4eb456f477c9,me39940554e5a
2026-08-20T22:10:02+09:00,added,n4eb456f477c9,m16095e384518
2026-08-20T22:10:02+09:00,added,n4eb456f477c9,m74c88f0a7bb5
2026-08-20T22:10:02+09:00,added,n4eb456f477c9,m5e0b116a568a
2026-08-20T22:10:02+09:00,added,n1a1f36a05ba6,m2788185b81a0
2026-08-20T22:10:02+09:00,added,n1a1f36a05ba6,m18c09c59705e
2026-08-20T22:10:02+09:00,added,n1a1f36a05ba6,m0102f820d986
2026-08-20T22:10:02+09:00,added,n1a1f36a05ba6,mdd702710eeb9
2026-08-20T22:10:02+09:00,added,n1a1f36a05ba6,m3ff81c0d23db
2026-08-20T22:10:02+09:00,added,n1a1f36a05ba6,ma2d4b6625a56
2026-08-20T22:10:02+09:00,added,n1a1f36a05ba6,mb4adf009b45c
2026-08-20T22:10:02+09:00,added,n1a1f36a05ba6,m0988ee24cf93
2026-08-20T22:10:02+09:00,added,n1a1f36a05ba6,m7f2990ab5a61
2026-08-20T22:10:02+09:00,added,n1a1f36a05ba6,m0f6484462f7f
2026-08-20T22:10:02+09:00,added,n1a1f36a05ba6,m7325f611df66
2026-08-20T22:10:02+09:00,added,n1a1f36a05ba6,mef3e6ed657c6
2026-08-20T22:10:02+09:00,added,n1a1f36a05ba6,mdfcf232ad3c5
2026-08-20T22:10:02+09:00,added,n5db4904b17b9,m17f76b944423
2026-08-20T22:10:02+09:00,added,n5db4904b17b9,mae7d87e63b56
2026-08-20T22:10:02+09:00,added,n5db4904b17b9,m1be7ce2dd479
2026-08-20T22:10:02+09:00,added,n5db4904b17b9,m18c09c59705e
2026-08-20T22:10:02+09:00,added,n5db4904b17b9,m09b16643c1cf
2026-08-20T22:10:02+09:00,added,n5db4904b17b9,m0102f820d986
2026-08-20T22:10:02+09:00,added,n5db4904b17b9,mc6b9890b3102
2026-08-20T22:10:02+09:00,added,n5db4904b17b9,m0988ee24cf93
2026-08-20T22:10:02+09:00,added,n5db4904b17b9,m23c1b65814a0
2026-08-20T22:10:02+09:00,added,n5db4904b17b9,mdd702710eeb9
2026-08-20T22:10:02+09:00,added,n5db4904b17b9,m4d61d56ec539
2026-08-20T22:10:02+09:00,added,n1f0a26a7979c,mc3c452aad6f3
2026-08-20T22:10:02+09:00,added,n1f0a26a7979c,m87f25c8ab4b1
2026-08-20T22:10:02+09:00,added,n1f0a26a7979c,m067199919470
2026-08-20T22:10:02+09:00,added,n1f0a26a7979c,mae7d87e63b56
2026-08-20T22:10:02+09:00,added,n1f0a26a7979c,me39940554e5a
2026-08-20T22:10:02+09:00,added,n1f0a26a7979c,m2788185b81a0
2026-08-20T22:10:02+09:00,added,n1f0a26a7979c,mdfcf232ad3c5
2026-08-20T22:10:02+09:00,added,n1f0a26a7979c,m592a8866a9d3
2026-08-20T22:10:02+09:00,added,n1f0a26a7979c,md87870710d29
2026-08-20T22:10:02+09:00,added,n1f0a26a7979c,m7325f611df66
2026-08-20T22:10:02+09:00,added,n1f0a26a7979c,m7f2990ab5a61
2026-08-20T22:10:02+09:00,added,n1f0a26a7979c,mdd702710eeb9
2026-08-20T22:10:02+09:00,added,n1f0a26a7979c,m768b3f4cf6e4
2026-08-20T22:10:02+09:00,added,n1f0a26a7979c,m0988ee24cf93
2026-08-20T22:10:02+09:00,added,n1f0a26a7979c,m2f606beba19e
2026-08-20T22:10:02+09:00,added,n1f0a26a7979c,m3e02f69f0d66
2026-08-20T22:10:02+09:00,added,n1f0a26a7979c,ma8d107d9475f
2026-08-20T22:10:02+09:00,added,n1f0a26a7979c,m54b2ccd56b12
2026-08-20T22:10:02+09:00,added,n1f0a26a7979c,m971707d1e3c9
2026-08-20T22:10:02+09:00,added,n1f0a26a7979c,m18c09c59705e
2026-08-20T22:10:02+09:00,added,n1f0a26a7979c,m0102f820d986
2026-08-20T22:10:02+09:00,added,n1f0a26a7979c,mfc9d03c23504
2026-08-20T22:10:02+09:00,added,nfdf24424b29c,me39940554e5a
2026-08-20T22:10:02+09:00,added,nfdf24424b29c,m4870f440d18d
2026-08-20T22:10:02+09:00,added,nfdf24424b29c,ma2d4b6625a56
2026-08-20T22:10:02+09:00,added,nfdf24424b29c,m37c9e29c3646
2026-08-20T22:10:02+09:00,added,nfdf24424b29c,m7f2990ab5a61
2026-08-20T22:10:02+09:00,added,nfdf24424b29c,m0988ee24cf93
2026-08-20T22:10:02+09:00,added,nfdf24424b29c,mdd702710eeb9
2026-08-20T22:10:02+09:00,added,nfdf24424b29c,mcd9b664d59b6
2026-08-20T22:10:02+09:00,added,nfdf24424b29c,m7325f611df66
2026-08-20T22:10:02+09:00,added,nfdf24424b29c,md87870710d29
2026-08-20T22:10:02+09:00,added,nfdf24424b29c,m51610c3e10a4
2026-08-20T22:10:02+09:00,added,nfdf24424b29c,m334fb05a2022
2026-08-20T22:10:02+09:00,added,nfdf24424b29c,m3d538212a7f5
2026-08-20T22:10:02+09:00,added,nfdf24424b29c,mbda81785b82c
2026-08-20T22:10:02+09:00,added,nb63f770629cc,m18c09c59705e
2026-08-20T22:10:02+09:00,added,nb63f770629cc,m2788185b81a0
2026-08-20T22:10:02+09:00,added,nb63f770629cc,mef3e6ed657c6
2026-08-20T22:10:02+09:00,added,nb63f770629cc,mdd702710eeb9
2026-08-20T22:10:02+09:00,added,nb63f770629cc,mae7d87e63b56
2026-08-20T22:10:02+09:00,added,nb63f770629cc,m7f2990ab5a61
2026-08-20T22:10:02+09:00,added,nb63f770629cc,m7325f611df66
2026-08-20T22:10:02+09:00,added,nb63f770629cc,md87870710d29
2026-08-20T22:10:02+09:00,added,nb63f770629cc,m0f6484462f7f
2026-08-20T22:10:02+09:00,added,n5c83acc474f1,mae7d87e63b56
2026-08-20T22:10:02+09:00,added,n5c83acc474f1,ma2d4b6625a56
2026-08-20T22:10:02+09:00,added,n5c83acc474f1,mbd248b3bf927
2026-08-20T22:10:02+09:00,added,n5c83acc474f1,mdd702710eeb9
2026-08-20T22:10:02+09:00,added,n5c83acc474f1,m9b48174e163a
2026-08-20T22:10:02+09:00,added,n5c83acc474f1,mcd9b664d59b6
2026-08-20T22:10:02+09:00,added,n5c83acc474f1,md87870710d29
2026-08-20T22:10:02+09:00,added,n5c83acc474f1,m18c09c59705e
2026-08-20T22:10:02+09:00,added,n5c83acc474f1,m0988ee24cf93
2026-08-20T22:10:02+09:00,added,n5c83acc474f1,m7325f611df66
2026-08-20T22:10:02+09:00,added,n5c83acc474f1,m2156088b87ff
2026-08-20T22:10:02+09:00,added,n5c83acc474f1,m7f2990ab5a61
2026-08-20T22:10:02+09:00,added,n5c83acc474f1,mbda81785b82c
2026-08-20T22:10:02+09:00,added,n21ef23240488,mae7d87e63b56
2026-08-20T22:10:02+09:00,added,n21ef23240488,mdd702710eeb9
2026-08-20T22:10:02+09:00,added,n21ef23240488,m0988ee24cf93
2026-08-20T22:10:02+09:00,added,n21ef23240488,m7f2990ab5a61
2026-08-20T22:10:02+09:00,added,n21ef23240488,md87870710d29
2026-08-20T22:10:02+09:00,added,n21ef23240488,m7325f611df66
2026-08-20T22:10:02+09:00,added,n21ef23240488,m6eed1276274c
2026-08-20T22:10:02+09:00,added,n21ef23240488,m0f6484462f7f
2026-08-20T22:10:02+09:00,added,n9325060cd215,m17f76b944423
2026-08-20T22:10:02+09:00,added,n9325060cd215,mae7d87e63b56
2026-08-20T22:10:02+09:00,added,n9325060cd215,mc6b9890b3102
2026-08-20T22:10:02+09:00,added,n9325060cd215,m0b66fe3b8224
2026-08-20T22:10:02+09:00,added,n9325060cd215,m5a628c3625e1
2026-08-20T22:10:02+09:00,added,n9325060cd215,m7f2990ab5a61
2026-08-20T22:10:02+09:00,added,n9325060cd215,m4d61d56ec539
2026-08-20T22:10:02+09:00,added,n9325060cd215,m6eed1276274c
2026-08-20T22:10:02+09:00,added,n9325060cd215,madddf22b81a3
2026-08-20T22:10:02+09:00,added,nefdbde37a98b,mae7d87e63b56
2026-08-20T22:10:02+09:00,added,nefdbde37a98b,m2b8747d2fb88
2026-08-20T22:10:02+09:00,added,nefdbde37a98b,m3ff81c0d23db
2026-08-20T22:10:02+09:00,added,nefdbde37a98b,m18c09c59705e
2026-08-20T22:10:02+09:00,added,nefdbde37a98b,mdd702710eeb9
2026-08-20T22:10:02+09:00,added,nefdbde37a98b,m2788185b81a0
2026-08-20T22:10:02+09:00,added,nefdbde37a98b,m0f6484462f7f
2026-08-20T22:10:02+09:00,added,nefdbde37a98b,m7325f611df66
2026-08-20T22:10:02+09:00,added,nefdbde37a98b,m0988ee24cf93
2026-08-20T22:10:02+09:00,added,nefdbde37a98b,m6eed1276274c
2026-08-20T22:10:02+09:00,added,nefdbde37a98b,m7f2990ab5a61
2026-08-20T22:10:02+09:00,added,n92e17c56fcc7,me39940554e5a
2026-08-20T22:10:02+09:00,added,n92e17c56fcc7,m26631bce74dd
2026-08-20T22:10:02+09:00,added,n92e17c56fcc7,ma7f0c5b5d76e
2026-08-20T22:10:02+09:00,added,n92e17c56fcc7,m155f8fdb5ab9
2026-08-20T22:10:02+09:00,added,n92e17c56fcc7,m18c09c59705e
2026-08-20T22:10:02+09:00,added,n92e17c56fcc7,m0102f820d986
2026-08-20T22:10:02+09:00,added,n92e17c56fcc7,m2788185b81a0
2026-08-20T22:10:02+09:00,added,n92e17c56fcc7,mdd702710eeb9
2026-08-20T22:10:02+09:00,added,n92e17c56fcc7,m9b48174e163a
2026-08-20T22:10:02+09:00,added,n92e17c56fcc7,mc3c452aad6f3
2026-08-20T22:10:02+09:00,added,n92e17c56fcc7,mae7d87e63b56
2026-08-20T22:10:02+09:00,added,n92e17c56fcc7,m3ff81c0d23db
2026-08-20T22:10:02+09:00,added,n92e17c56fcc7,mb3a3026796cc
2026-08-20T22:10:02+09:00,added,n92e17c56fcc7,mf98aa7fee184
2026-08-20T22:10:02+09:00,added,n92e17c56fcc7,m8f50c2311d35
2026-08-20T22:10:02+09:00,added,n92e17c56fcc7,m0988ee24cf93
2026-08-20T22:10:02+09:00,added,n92e17c56fcc7,mef3e6ed657c6
2026-08-20T22:10:02+09:00,added,n92e17c56fcc7,m7325f611df66
2026-08-20T22:10:02+09:00,added,n238a19a33753,mae7d87e63b56
2026-08-20T22:10:02+09:00,added,n238a19a33753,m0988ee24cf93
2026-08-20T22:10:02+09:00,added,n238a19a33753,me39940554e5a
2026-08-20T22:10:02+09:00,added,n238a19a33753,mdd702710eeb9
2026-08-20T22:10:02+09:00,added,n238a19a33753,m18c09c59705e
2026-08-20T22:10:02+09:00,added,n238a19a33753,m1be7ce2dd479
2026-08-20T22:10:02+09:00,added,n238a19a33753,m0102f820d986
2026-08-20T22:10:02+09:00,added,n238a19a33753,m0f6484462f7f
2026-08-20T22:10:02+09:00,added,n238a19a33753,mb3a3026796cc
2026-08-20T22:10:02+09:00,added,n3ebb1d510b17,mae7d87e63b56
2026-08-20T22:10:02+09:00,added,n3ebb1d510b17,m9b48174e163a
2026-08-20T22:10:02+09:00,added,n3ebb1d510b17,mdd702710eeb9
2026-08-20T22:10:02+09:00,added,n3ebb1d510b17,m2788185b81a0
2026-08-20T22:10:02+09:00,added,n3ebb1d510b17,m7325f611df66
2026-08-20T22:10:02+09:00,added,n3ebb1d510b17,m0988ee24cf93
2026-08-20T22:10:02+09:00,added,n3ebb1d510b17,m7f2990ab5a61
2026-08-20T22:10:02+09:00,added,n7119577c4339,m0f6484462f7f
2026-08-20T22:10:02+09:00,added,n7119577c4339,m3ff81c0d23db
2026-08-20T22:10:02+09:00,added,n7119577c4339,m2788185b81a0
2026-08-20T22:10:02+09:00,added,n7119577c4339,mae7d87e63b56
2026-08-20T22:10:02+09:00,added,n7119577c4339,m0988ee24cf93
2026-08-20T22:10:02+09:00,added,n7119577c4339,m7325f611df66
2026-08-20T22:10:02+09:00,added,n7119577c4339,me39940554e5a
2026-08-20T22:10:02+09:00,added,n7119577c4339,m7f2990ab5a61
2026-08-20T22:10:02+09:00,added,naed510b5f918,m18c09c59705e
2026-08-20T22:10:02+09:00,added,naed510b5f918,m0102f820d986
2026-08-20T22:10:02+09:00,added,naed510b5f918,m1be7ce2dd479
2026-08-20T22:10:02+09:00,added,naed510b5f918,m2788185b81a0
2026-08-20T22:10:02+09:00,added,naed510b5f918,m3ff81c0d23db
2026-08-20T22:10:02+09:00,added,naed510b5f918,mae7d87e63b56
2026-08-20T22:10:02+09:00,added,naed510b5f918,m0f6484462f7f
2026-08-20T22:10:02+09:00,added,naed510b5f918,m46ec48ce52a9
2026-08-20T22:10:02+09:00,added,naed510b5f918,m7325f611df66
2026-08-20T22:10:02+09:00,added,naed510b5f918,m7f2990ab5a61
2026-08-20T22:10:02+09:00,added,naed510b5f918,m0988ee24cf93
2026-08-20T22:10:02+09:00,added,naed510b5f918,m26631bce74dd
2026-08-20T22:10:02+09:00,added,naed510b5f918,m2aedf61ec5aa
2026-08-20T22:10:02+09:00,added,naed510b5f918,m155f8fdb5ab9
2026-08-20T22:10:02+09:00,added,naed510b5f918,mdd702710eeb9
2026-08-20T22:10:02+09:00,added,nf6363798293c,m0f6484462f7f
2026-08-20T22:10:02+09:00,added,nf6363798293c,mae7d87e63b56
2026-08-20T22:10:02+09:00,added,nf6363798293c,m3ff81c0d23db
2026-08-20T22:10:02+09:00,added,nf6363798293c,m2788185b81a0
2026-08-20T22:10:02+09:00,added,nf6363798293c,m18c09c59705e
2026-08-20T22:10:02+09:00,added,nf6363798293c,m7325f611df66
2026-08-20T22:10:02+09:00,added,nf6363798293c,m0988ee24cf93
2026-08-20T22:10:02+09:00,added,nf6363798293c,m592a8866a9d3
2026-08-20T22:10:02+09:00,added,n06f6333e6afc,m17f76b944423
2026-08-20T22:10:02+09:00,added,n06f6333e6afc,ma9ff6f94a575
2026-08-20T22:10:02+09:00,added,n06f6333e6afc,mae7d87e63b56
2026-08-20T22:10:02+09:00,added,n06f6333e6afc,m23c1b65814a0
2026-08-20T22:10:02+09:00,added,n06f6333e6afc,mf9eb5baf8361
2026-08-20T22:10:02+09:00,added,n06f6333e6afc,madddf22b81a3
2026-08-20T22:10:02+09:00,added,na1d52ba4f997,mdd702710eeb9
2026-08-20T22:10:02+09:00,added,na1d52ba4f997,mae7d87e63b56
2026-08-20T22:10:02+09:00,added,na1d52ba4f997,m2788185b81a0
2026-08-20T22:10:02+09:00,added,na1d52ba4f997,m18c09c59705e
2026-08-20T22:10:02+09:00,added,na1d52ba4f997,m1be7ce2dd479
2026-08-20T22:10:02+09:00,added,na1d52ba4f997,m0102f820d986
2026-08-20T22:10:02+09:00,added,na1d52ba4f997,m7f2990ab5a61
2026-08-20T22:10:02+09:00,added,na1d52ba4f997,mef3e6ed657c6
2026-08-20T22:10:02+09:00,added,na1d52ba4f997,m6463046852a4
2026-08-20T22:10:02+09:00,added,na1d52ba4f997,m0988ee24cf93
2026-08-20T22:10:02+09:00,added,na1d52ba4f997,m7325f611df66
2026-08-20T22:10:02+09:00,added,n3561811ddaf1,ma7f0c5b5d76e
2026-08-20T22:10:02+09:00,added,n3561811ddaf1,m3d538212a7f5
2026-08-20T22:10:02+09:00,added,n3561811ddaf1,mef3e6ed657c6
2026-08-20T22:10:02+09:00,added,n3561811ddaf1,mcd9b664d59b6
2026-08-20T22:10:02+09:00,added,n3561811ddaf1,m2788185b81a0
2026-08-20T22:10:02+09:00,added,n3561811ddaf1,m0988ee24cf93
2026-08-20T22:10:02+09:00,added,n3561811ddaf1,mae7d87e63b56
2026-08-20T22:10:02+09:00,added,n3561811ddaf1,mdfcf232ad3c5
2026-08-20T22:10:02+09:00,added,n3561811ddaf1,m9b48174e163a
2026-08-20T22:10:02+09:00,added,n3561811ddaf1,mdd702710eeb9
2026-08-20T22:10:02+09:00,added,n3561811ddaf1,m7f2990ab5a61
2026-08-20T22:10:02+09:00,added,n3561811ddaf1,m18c09c59705e
2026-08-20T22:10:02+09:00,added,n3561811ddaf1,m0102f820d986
2026-08-20T22:10:02+09:00,added,n3561811ddaf1,m1be7ce2dd479
2026-08-20T22:10:02+09:00,added,n3561811ddaf1,me39940554e5a
2026-08-20T22:10:02+09:00,added,nc1c47b9dbe06,me39940554e5a
2026-08-20T22:10:02+09:00,added,nc1c47b9dbe06,mae7d87e63b56
2026-08-20T22:10:02+09:00,added,nc1c47b9dbe06,m0988ee24cf93
2026-08-20T22:10:02+09:00,added,nc1c47b9dbe06,mdd702710eeb9
2026-08-20T22:10:02+09:00,added,nc1c47b9dbe06,m9b48174e163a
2026-08-20T22:10:02+09:00,added,nc1c47b9dbe06,m6463046852a4
2026-08-20T22:10:02+09:00,added,nc1c47b9dbe06,m7325f611df66
2026-08-20T22:10:02+09:00,added,nc1c47b9dbe06,mef3e6ed657c6
2026-08-20T22:10:02+09:00,added,nc40f6118aa66,mae7d87e63b56
2026-08-20T22:10:02+09:00,added,nc40f6118aa66,m26631bce74dd
2026-08-20T22:10:02+09:00,added,nc40f6118aa66,mef3e6ed657c6
2026-08-20T22:10:02+09:00,added,nc40f6118aa66,m2788185b81a0
2026-08-20T22:10:02+09:00,added,nc40f6118aa66,mf98aa7fee184
2026-08-20T22:10:02+09:00,added,nc40f6118aa66,m8f50c2311d35
2026-08-20T22:10:02+09:00,added,nc40f6118aa66,m0f6484462f7f
2026-08-20T22:10:02+09:00,added,nc40f6118aa66,m0988ee24cf93
2026-08-20T22:10:02+09:00,added,nc40f6118aa66,m7325f611df66
2026-08-20T22:10:02+09:00,added,nc40f6118aa66,m18c09c59705e
2026-08-20T22:10:02+09:00,added,nc40f6118aa66,m1be7ce2dd479
2026-08-20T22:10:02+09:00,added,nc40f6118aa66,m0102f820d986
2026-08-20T22:10:02+09:00,added,n44cc8b3b1d2c,mdd702710eeb9
2026-08-20T22:10:02+09:00,added,n44cc8b3b1d2c,m2788185b81a0
2026-08-20T22:10:02+09:00,added,n44cc8b3b1d2c,m0f6484462f7f
2026-08-20T22:10:02+09:00,added,n44cc8b3b1d2c,mae7d87e63b56
2026-08-20T22:10:02+09:00,added,n44cc8b3b1d2c,m7325f611df66
2026-08-20T22:10:02+09:00,added,n44cc8b3b1d2c,m0988ee24cf93
2026-08-20T22:10:02+09:00,added,n44cc8b3b1d2c,m7f2990ab5a61
2026-08-20T22:10:02+09:00,added,n44cc8b3b1d2c,m049a49e6ad37
2026-08-20T22:10:02+09:00,added,n44cc8b3b1d2c,mafe9c4784c53
2026-08-20T22:10:02+09:00,added,nea4fd8b0ca50,m17f76b944423
2026-08-20T22:10:02+09:00,added,nea4fd8b0ca50,mae7d87e63b56
2026-08-20T22:10:02+09:00,added,nea4fd8b0ca50,ma9ff6f94a575
2026-08-20T22:10:02+09:00,added,nea4fd8b0ca50,m47ad56a9b500
2026-08-20T22:10:02+09:00,added,nea4fd8b0ca50,m23c1b65814a0
2026-08-20T22:10:02+09:00,added,nea4fd8b0ca50,madddf22b81a3
2026-08-20T22:10:02+09:00,added,n29c70a4dbb74,m8f50c2311d35
2026-08-20T22:10:02+09:00,added,n29c70a4dbb74,me39940554e5a
2026-08-20T22:10:02+09:00,added,n29c70a4dbb74,mae7d87e63b56
2026-08-20T22:10:02+09:00,added,n29c70a4dbb74,m9b48174e163a
2026-08-20T22:10:02+09:00,added,n29c70a4dbb74,mef3e6ed657c6
2026-08-20T22:10:02+09:00,added,n29c70a4dbb74,m0f6484462f7f
2026-08-20T22:10:02+09:00,added,n29c70a4dbb74,mbc6437030dd2
2026-08-20T22:10:02+09:00,added,n29c70a4dbb74,m7325f611df66
2026-08-20T22:10:02+09:00,added,n29c70a4dbb74,m2aedf61ec5aa
2026-08-20T22:10:02+09:00,added,n29c70a4dbb74,m26631bce74dd
2026-08-20T22:10:02+09:00,added,n29c70a4dbb74,m5072685e9cf7
2026-08-20T22:10:02+09:00,added,n29c70a4dbb74,m18c09c59705e
2026-08-20T22:10:02+09:00,added,n29c70a4dbb74,m0102f820d986
2026-08-20T22:10:02+09:00,added,n7f58199b29ae,m1c302a1d8d31
2026-08-20T22:10:02+09:00,added,n7f58199b29ae,m2788185b81a0
2026-08-20T22:10:02+09:00,added,n7f58199b29ae,m0f6484462f7f
2026-08-20T22:10:02+09:00,added,n7f58199b29ae,m26cee8f993dd
2026-08-20T22:10:02+09:00,added,n7f58199b29ae,mdc355ba744fd
2026-08-20T22:10:02+09:00,added,n7f58199b29ae,m7325f611df66
2026-08-20T22:10:02+09:00,added,n7f58199b29ae,mef3e6ed657c6
2026-08-20T22:10:02+09:00,added,n7f58199b29ae,m7f2990ab5a61
2026-08-20T22:10:02+09:00,added,n7f58199b29ae,m0988ee24cf93
2026-08-20T22:10:02+09:00,added,n7f58199b29ae,m26631bce74dd
2026-08-20T22:10:02+09:00,added,nc0d6cef418bf,m2788185b81a0
2026-08-20T22:10:02+09:00,added,nc0d6cef418bf,me39940554e5a
2026-08-20T22:10:02+09:00,added,nc0d6cef418bf,mae7d87e63b56
2026-08-20T22:10:02+09:00,added,nc0d6cef418bf,m8f50c2311d35
2026-08-20T22:10:02+09:00,added,nc0d6cef418bf,mdd702710eeb9
2026-08-20T22:10:02+09:00,added,nc0d6cef418bf,m0988ee24cf93
2026-08-20T22:10:02+09:00,added,nc0d6cef418bf,mef3e6ed657c6
2026-08-20T22:10:02+09:00,added,na7d1c9916f9a,mae7d87e63b56
2026-08-20T22:10:02+09:00,added,na7d1c9916f9a,mef3e6ed657c6
2026-08-20T22:10:02+09:00,added,na7d1c9916f9a,mdd702710eeb9
2026-08-20T22:10:02+09:00,added,na7d1c9916f9a,m3ff81c0d23db
2026-08-20T22:10:02+09:00,added,na7d1c9916f9a,m0f6484462f7f
2026-08-20T22:10:02+09:00,added,na7d1c9916f9a,m7f2990ab5a61
2026-08-20T22:10:02+09:00,added,na7d1c9916f9a,m7325f611df66
2026-08-20T22:10:02+09:00,added,na7d1c9916f9a,m18c09c59705e
2026-08-20T22:10:02+09:00,added,na7d1c9916f9a,m0988ee24cf93
2026-08-20T22:10:02+09:00,added,n2754d98572cf,m23c1b65814a0
2026-08-20T22:10:02+09:00,added,n2754d98572cf,m17f76b944423
2026-08-20T22:10:02+09:00,added,n2754d98572cf,mc6b9890b3102
2026-08-20T22:10:02+09:00,added,n2754d98572cf,mae7d87e63b56
2026-08-20T22:10:02+09:00,added,n2754d98572cf,m0f6484462f7f
2026-08-20T22:10:02+09:00,added,n2754d98572cf,mad0dcca8d03e
2026-08-20T22:10:02+09:00,added,n2754d98572cf,madddf22b81a3
2026-08-20T22:10:02+09:00,added,n378bdbd1deec,mdd702710eeb9
2026-08-20T22:10:02+09:00,added,n378bdbd1deec,m2788185b81a0
2026-08-20T22:10:02+09:00,added,n378bdbd1deec,m7f2990ab5a61
2026-08-20T22:10:02+09:00,added,n378bdbd1deec,me40727335eb0
2026-08-20T22:10:02+09:00,added,n378bdbd1deec,mc7747de91f73
2026-08-20T22:10:02+09:00,added,n378bdbd1deec,m26631bce74dd
2026-08-20T22:10:02+09:00,added,n378bdbd1deec,m2aedf61ec5aa
2026-08-20T22:10:02+09:00,added,n378bdbd1deec,m0988ee24cf93
2026-08-20T22:10:02+09:00,added,n378bdbd1deec,mef3e6ed657c6
2026-08-20T22:10:02+09:00,added,n378bdbd1deec,m7325f611df66
2026-08-20T22:10:02+09:00,added,na4aad198d7d2,m23c1b65814a0
2026-08-20T22:10:02+09:00,added,na4aad198d7d2,m76b37a54b292
2026-08-20T22:10:02+09:00,added,na4aad198d7d2,mae7d87e63b56
2026-08-20T22:10:02+09:00,added,na4aad198d7d2,ma9ff6f94a575
2026-08-20T22:10:02+09:00,added,na4aad198d7d2,m17f76b944423
2026-08-20T22:10:02+09:00,added,na4aad198d7d2,m5a628c3625e1
2026-08-20T22:10:02+09:00,added,na4aad198d7d2,m0b66fe3b8224
2026-08-20T22:10:02+09:00,added,na4aad198d7d2,m09b16643c1cf
2026-08-20T22:10:02+09:00,added,na4aad198d7d2,m0102f820d986
2026-08-20T22:10:02+09:00,added,na4aad198d7d2,m18c09c59705e
2026-08-20T22:10:02+09:00,added,na4aad198d7d2,m1be7ce2dd479
2026-08-20T22:10:02+09:00,added,na4aad198d7d2,m8f50c2311d35
2026-08-20T22:10:02+09:00,added,na4aad198d7d2,madddf22b81a3
2026-08-20T22:10:02+09:00,added,n1f1bfbffcbb1,m2788185b81a0
2026-08-20T22:10:02+09:00,added,n1f1bfbffcbb1,mae7d87e63b56
2026-08-20T22:10:02+09:00,added,n1f1bfbffcbb1,m18c09c59705e
2026-08-20T22:10:02+09:00,added,n1f1bfbffcbb1,m0102f820d986
2026-08-20T22:10:02+09:00,added,n1f1bfbffcbb1,m3ff81c0d23db
2026-08-20T22:10:02+09:00,added,n1f1bfbffcbb1,mdd702710eeb9
2026-08-20T22:10:02+09:00,added,n1f1bfbffcbb1,m0f6484462f7f
2026-08-20T22:10:02+09:00,added,n1f1bfbffcbb1,m0988ee24cf93
2026-08-20T22:10:02+09:00,added,n1f1bfbffcbb1,m7f2990ab5a61
2026-08-20T22:10:02+09:00,added,n1f1bfbffcbb1,m7325f611df66
2026-08-20T22:10:02+09:00,added,n1f1bfbffcbb1,mef3e6ed657c6
2026-08-20T22:10:02+09:00,added,n1f1bfbffcbb1,m26631bce74dd
2026-08-20T22:10:02+09:00,added,n8e9396dc6638,m18c09c59705e
2026-08-20T22:10:02+09:00,added,n8e9396dc6638,mae7d87e63b56
2026-08-20T22:10:02+09:00,added,n8e9396dc6638,mef3e6ed657c6
2026-08-20T22:10:02+09:00,added,n8e9396dc6638,me3590cc8b7e1
2026-08-20T22:10:02+09:00,added,n8e9396dc6638,m0988ee24cf93
2026-08-20T22:10:02+09:00,added,n8e9396dc6638,m0f6484462f7f
2026-08-20T22:10:02+09:00,added,n8e9396dc6638,m7325f611df66
2026-08-20T22:10:02+09:00,added,n8e9396dc6638,m2aedf61ec5aa
2026-08-20T22:10:02+09:00,added,n8e9396dc6638,ma7f0c5b5d76e
2026-08-20T22:10:02+09:00,added,n8e9396dc6638,m26631bce74dd
2026-08-20T22:10:02+09:00,added,n54c73603277f,mae7d87e63b56
2026-08-20T22:10:02+09:00,added,n54c73603277f,m2788185b81a0
2026-08-20T22:10:02+09:00,added,n54c73603277f,m8f50c2311d35
2026-08-20T22:10:02+09:00,added,n54c73603277f,m0f6484462f7f
2026-08-20T22:10:02+09:00,added,n54c73603277f,m7325f611df66
2026-08-20T22:10:02+09:00,added,n54c73603277f,m1be7ce2dd479
2026-08-20T22:10:02+09:00,added,n54c73603277f,m18c09c59705e
2026-08-20T22:10:02+09:00,added,n54c73603277f,m0102f820d986
2026-08-20T22:10:02+09:00,added,n54c73603277f,mef3e6ed657c6
2026-08-20T22:10:02+09:00,added,n54c73603277f,m4e7e6971acee
2026-08-20T22:10:02+09:00,added,n54c73603277f,m0988ee24cf93
2026-08-20T22:10:02+09:00,added,n54c73603277f,mdd702710eeb9
2026-08-20T22:10:02+09:00,added,ndb97f2ed69a9,mae7d87e63b56
2026-08-20T22:10:02+09:00,added,ndb97f2ed69a9,m7f2990ab5a61
2026-08-20T22:10:02+09:00,added,ndb97f2ed69a9,m2788185b81a0
2026-08-20T22:10:02+09:00,added,ndb97f2ed69a9,m18c09c59705e
2026-08-20T22:10:02+09:00,added,ndb97f2ed69a9,m7325f611df66
2026-08-20T22:10:02+09:00,added,ndb97f2ed69a9,m0f6484462f7f
2026-08-20T22:10:02+09:00,added,ndb97f2ed69a9,m2aedf61ec5aa
2026-08-20T22:10:02+09:00,added,ndb97f2ed69a9,m26631bce74dd
2026-08-20T22:10:02+09:00,added,ndb97f2ed69a9,mef3e6ed657c6
2026-08-20T22:10:02+09:00,added,nf2d88aaac3bf,m2788185b81a0
2026-08-20T22:10:02+09:00,added,nf2d88aaac3bf,mae7d87e63b56
2026-08-20T22:10:02+09:00,added,nf2d88aaac3bf,m18c09c59705e
2026-08-20T22:10:02+09:00,added,nf2d88aaac3bf,m87f25c8ab4b1
2026-08-20T22:10:02+09:00,added,nf2d88aaac3bf,mdd702710eeb9
2026-08-20T22:10:02+09:00,added,nf2d88aaac3bf,m7325f611df66
2026-08-20T22:10:02+09:00,added,nf2d88aaac3bf,mef3e6ed657c6
2026-08-20T22:10:02+09:00,added,nf2d88aaac3bf,m0f6484462f7f
2026-08-20T22:10:02+09:00,added,n95ec47f5c4e3,m2788185b81a0
2026-08-20T22:10:02+09:00,added,n95ec47f5c4e3,mae7d87e63b56
2026-08-20T22:10:02+09:00,added,n95ec47f5c4e3,m18c09c59705e
2026-08-20T22:10:02+09:00,added,n95ec47f5c4e3,m1be7ce2dd479
2026-08-20T22:10:02+09:00,added,n95ec47f5c4e3,m0102f820d986
2026-08-20T22:10:02+09:00,added,n95ec47f5c4e3,m745d6c32443a
2026-08-20T22:10:02+09:00,added,n95ec47f5c4e3,m7325f611df66
2026-08-20T22:10:02+09:00,added,n95ec47f5c4e3,mef3e6ed657c6
2026-08-20T22:10:02+09:00,added,nc83054467672,mae7d87e63b56
2026-08-20T22:10:02+09:00,added,nc83054467672,m18c09c59705e
2026-08-20T22:10:02+09:00,added,nc83054467672,m1be7ce2dd479
2026-08-20T22:10:02+09:00,added,nc83054467672,m2788185b81a0
2026-08-20T22:10:02+09:00,added,nc83054467672,me39940554e5a
2026-08-20T22:10:02+09:00,added,nc83054467672,m87f25c8ab4b1
2026-08-20T22:10:02+09:00,added,nc83054467672,m7325f611df66
2026-08-20T22:10:02+09:00,added,nc83054467672,m26631bce74dd
2026-08-20T22:10:02+09:00,added,nc83054467672,m964508d0b1ad
2026-08-20T22:10:02+09:00,added,nc83054467672,m2d430bfd346b
2026-08-20T22:10:02+09:00,added,nc83054467672,mdfcf232ad3c5
2026-08-20T22:10:02+09:00,added,n9bae0632faf8,mae7d87e63b56
2026-08-20T22:10:02+09:00,added,n9bae0632faf8,m7325f611df66
2026-08-20T22:10:02+09:00,added,n9bae0632faf8,m7f2990ab5a61
2026-08-20T22:10:02+09:00,added,n9bae0632faf8,m2788185b81a0
2026-08-20T22:10:02+09:00,added,n9bae0632faf8,m18c09c59705e
2026-08-20T22:10:02+09:00,added,n9bae0632faf8,m3ff81c0d23db
2026-08-20T22:10:02+09:00,added,n9bae0632faf8,mdd702710eeb9
2026-08-20T22:10:02+09:00,added,n9bae0632faf8,m0f6484462f7f
2026-08-20T22:10:02+09:00,added,ne3ca1c46824b,m2788185b81a0
2026-08-20T22:10:02+09:00,added,ne3ca1c46824b,me39940554e5a
2026-08-20T22:10:02+09:00,added,ne3ca1c46824b,m7325f611df66
2026-08-20T22:10:02+09:00,added,ne3ca1c46824b,m1be7ce2dd479
2026-08-20T22:10:02+09:00,added,ne3ca1c46824b,m18c09c59705e
2026-08-20T22:10:02+09:00,added,ne3ca1c46824b,m0102f820d986
2026-08-20T22:10:02+09:00,added,ne3ca1c46824b,m7f2990ab5a61
2026-08-20T22:10:02+09:00,added,ne3ca1c46824b,m8eb046826032
2026-08-20T22:10:02+09:00,added,ne3ca1c46824b,m76b37a54b292
2026-08-20T22:10:02+09:00,added,nf8dd471a00b1,mae7d87e63b56
2026-08-20T22:10:02+09:00,added,nf8dd471a00b1,m2788185b81a0
2026-08-20T22:10:02+09:00,added,nf8dd471a00b1,m18c09c59705e
2026-08-20T22:10:02+09:00,added,nf8dd471a00b1,m3ff81c0d23db
2026-08-20T22:10:02+09:00,added,nf8dd471a00b1,m7325f611df66
2026-08-20T22:10:02+09:00,added,nf8dd471a00b1,m0f6484462f7f
2026-08-20T22:10:02+09:00,added,nf8dd471a00b1,mf98aa7fee184
2026-08-20T22:10:02+09:00,added,nf8dd471a00b1,m8f50c2311d35
2026-08-20T22:10:02+09:00,added,nf8dd471a00b1,mdd702710eeb9
2026-08-20T22:10:02+09:00,added,nf8dd471a00b1,mbda81785b82c
2026-08-20T22:10:02+09:00,added,n11a9ed18d56d,m5e54fbcf6675
2026-08-20T22:10:02+09:00,added,n11a9ed18d56d,mae7d87e63b56
2026-08-20T22:10:02+09:00,added,n11a9ed18d56d,m18c09c59705e
2026-08-20T22:10:02+09:00,added,n11a9ed18d56d,m0f6484462f7f
2026-08-20T22:10:02+09:00,added,n11a9ed18d56d,m7325f611df66
2026-08-20T22:10:02+09:00,added,n11a9ed18d56d,m8f50c2311d35
2026-08-20T22:10:02+09:00,added,nead01d0f3026,m17f76b944423
2026-08-20T22:10:02+09:00,added,nead01d0f3026,m23c1b65814a0
2026-08-20T22:10:02+09:00,added,nead01d0f3026,m4d61d56ec539
2026-08-20T22:10:02+09:00,added,n69b39903becf,mae7d87e63b56
2026-08-20T22:10:02+09:00,added,n69b39903becf,mf98aa7fee184
2026-08-20T22:10:02+09:00,added,n69b39903becf,m8f50c2311d35
2026-08-20T22:10:02+09:00,added,n69b39903becf,m3ff81c0d23db
2026-08-20T22:10:02+09:00,added,n69b39903becf,mc3c452aad6f3
2026-08-20T22:10:02+09:00,added,n69b39903becf,m7325f611df66
2026-08-20T22:10:02+09:00,added,n69b39903becf,m2aedf61ec5aa
2026-08-20T22:10:02+09:00,added,n69b39903becf,m26631bce74dd
2026-08-20T22:10:02+09:00,added,n69b39903becf,mef3e6ed657c6
2026-08-20T22:10:02+09:00,added,n69b39903becf,m75dba2f0793c
2026-08-20T22:10:02+09:00,added,n69b39903becf,mdd702710eeb9
2026-08-20T22:10:02+09:00,added,n21dd471f9048,m2b8747d2fb88
2026-08-20T22:10:02+09:00,added,n21dd471f9048,m2788185b81a0
2026-08-20T22:10:02+09:00,added,n21dd471f9048,mdd702710eeb9
2026-08-20T22:10:02+09:00,added,n21dd471f9048,m7f2990ab5a61
2026-08-20T22:10:02+09:00,added,n21dd471f9048,m7325f611df66
2026-08-20T22:10:02+09:00,added,n21dd471f9048,m34fbc48bcda0
2026-08-20T22:10:02+09:00,added,n21dd471f9048,m9e2c5278a057
2026-08-20T22:10:02+09:00,added,nd04ec566e0fa,mae7d87e63b56
2026-08-20T22:10:02+09:00,added,nd04ec566e0fa,m76b37a54b292
2026-08-20T22:10:02+09:00,added,nd04ec566e0fa,mdd702710eeb9
2026-08-20T22:10:02+09:00,added,nd04ec566e0fa,m2788185b81a0
2026-08-20T22:10:02+09:00,added,nd04ec566e0fa,m7325f611df66
2026-08-20T22:10:02+09:00,added,nd04ec566e0fa,mef3e6ed657c6
2026-08-20T22:10:02+09:00,added,n469099432bdd,m7325f611df66
2026-08-20T22:10:02+09:00,added,n469099432bdd,m3ff81c0d23db
2026-08-20T22:10:02+09:00,added,n469099432bdd,m2788185b81a0
2026-08-20T22:10:02+09:00,added,n469099432bdd,mdd702710eeb9
2026-08-20T22:10:02+09:00,added,n469099432bdd,m9b48174e163a
2026-08-20T22:10:02+09:00,added,n469099432bdd,mae7d87e63b56
2026-08-20T22:10:02+09:00,added,n469099432bdd,m7f2990ab5a61
2026-08-20T22:10:02+09:00,added,n469099432bdd,m0f6484462f7f
2026-08-20T22:10:02+09:00,added,n9450056f0e5c,mad0dcca8d03e
2026-08-20T22:10:02+09:00,added,n9450056f0e5c,m23c1b65814a0
2026-08-20T22:10:02+09:00,added,n9450056f0e5c,m17f76b944423
2026-08-20T22:10:02+09:00,added,n9450056f0e5c,m72ba40851c43
2026-08-20T22:10:02+09:00,added,n9450056f0e5c,madddf22b81a3
2026-08-20T22:10:02+09:00,added,n2c3e26df3ddb,m2788185b81a0
2026-08-20T22:10:02+09:00,added,n2c3e26df3ddb,mcd9b664d59b6
2026-08-20T22:10:02+09:00,added,n2c3e26df3ddb,m4870f440d18d
2026-08-20T22:10:02+09:00,added,n2c3e26df3ddb,m7325f611df66
2026-08-20T22:10:02+09:00,added,n2c3e26df3ddb,me39940554e5a
2026-08-20T22:10:02+09:00,added,n2c3e26df3ddb,m0f6484462f7f
2026-08-20T22:10:02+09:00,added,n685667fec2f0,mae7d87e63b56
2026-08-20T22:10:02+09:00,added,n685667fec2f0,m2788185b81a0
2026-08-20T22:10:02+09:00,added,n685667fec2f0,m7325f611df66
2026-08-20T22:10:02+09:00,added,n685667fec2f0,mbda81785b82c
2026-08-20T22:10:02+09:00,added,n685667fec2f0,m26631bce74dd
2026-08-20T22:10:02+09:00,added,n685667fec2f0,m0f6484462f7f
2026-08-20T22:10:02+09:00,added,n85c5e77da5fe,mcd9b664d59b6
2026-08-20T22:10:02+09:00,added,n85c5e77da5fe,m7325f611df66
2026-08-20T22:10:02+09:00,added,n85c5e77da5fe,m0f6484462f7f
2026-08-20T22:10:02+09:00,added,n85c5e77da5fe,mc3c452aad6f3
2026-08-20T22:10:02+09:00,added,nc25fbae234fc,m17f76b944423
2026-08-20T22:10:02+09:00,added,nc25fbae234fc,ma9ff6f94a575
2026-08-20T22:10:02+09:00,added,nc25fbae234fc,mc6b9890b3102
2026-08-20T22:10:02+09:00,added,nc25fbae234fc,m4d61d56ec539
2026-08-20T22:10:02+09:00,added,nc25fbae234fc,m0f6484462f7f
2026-08-20T22:10:02+09:00,added,nc25fbae234fc,mc3c452aad6f3
2026-08-20T22:10:02+09:00,added,nc25fbae234fc,madddf22b81a3
2026-08-20T22:10:02+09:00,added,n15071008147a,m2788185b81a0
2026-08-20T22:10:02+09:00,added,n15071008147a,m26631bce74dd
2026-08-20T22:10:02+09:00,added,n15071008147a,ma7f0c5b5d76e
2026-08-20T22:10:02+09:00,added,n15071008147a,m7f2990ab5a61
2026-08-20T22:10:02+09:00,added,n15071008147a,mcbee9243254d
2026-08-20T22:10:02+09:00,added,n15071008147a,mef3e6ed657c6
2026-08-20T22:10:02+09:00,added,n15071008147a,m72ba40851c43
2026-08-20T22:10:02+09:00,added,nd62c186ee481,me39940554e5a
2026-08-20T22:10:02+09:00,added,nd62c186ee481,m3ff81c0d23db
2026-08-20T22:10:02+09:00,added,nd62c186ee481,m2788185b81a0
2026-08-20T22:10:02+09:00,added,nd62c186ee481,m76b37a54b292
2026-08-20T22:10:02+09:00,added,nd62c186ee481,mae7d87e63b56
2026-08-20T22:10:02+09:00,added,nd62c186ee481,m7325f611df66
2026-08-20T22:10:02+09:00,added,nd62c186ee481,mfe68cbfb11da
2026-08-20T22:10:02+09:00,added,nd62c186ee481,m6d3400fb7014
2026-08-20T22:10:02+09:00,added,nd62c186ee481,m7f2990ab5a61
2026-08-20T22:10:02+09:00,added,n705a2a75ee22,mae7d87e63b56
2026-08-20T22:10:02+09:00,added,n705a2a75ee22,mdd702710eeb9
2026-08-20T22:10:02+09:00,added,n705a2a75ee22,m964508d0b1ad
2026-08-20T22:10:02+09:00,added,n705a2a75ee22,m7f2990ab5a61
2026-08-20T22:10:02+09:00,added,n705a2a75ee22,me39940554e5a
2026-08-20T22:10:02+09:00,added,n705a2a75ee22,m0f6484462f7f
2026-08-20T22:10:02+09:00,added,n5f2ff345950e,mae7d87e63b56
2026-08-20T22:10:02+09:00,added,n5f2ff345950e,m2788185b81a0
2026-08-20T22:10:02+09:00,added,n5f2ff345950e,m3ff81c0d23db
2026-08-20T22:10:02+09:00,added,n5f2ff345950e,m7325f611df66
2026-08-20T22:10:02+09:00,added,n5f2ff345950e,m5b27002b62d9
2026-08-20T22:10:02+09:00,added,n74754f456571,mcd9b664d59b6
2026-08-20T22:10:02+09:00,added,n74754f456571,mbda81785b82c
2026-08-20T22:10:02+09:00,added,n74754f456571,m26631bce74dd
2026-08-20T22:10:02+09:00,added,n74754f456571,m4870f440d18d
2026-08-20T22:10:02+09:00,added,n74754f456571,m7f2990ab5a61
2026-08-20T22:10:02+09:00,added,n74754f456571,m7325f611df66
2026-08-20T22:10:02+09:00,added,n115e357b0886,m17f76b944423
2026-08-20T22:10:02+09:00,added,n115e357b0886,m23c1b65814a0
2026-08-20T22:10:02+09:00,added,n115e357b0886,m4d61d56ec539
2026-08-20T22:10:02+09:00,added,n115e357b0886,med9542fcf355
2026-08-20T22:10:02+09:00,added,n115e357b0886,madddf22b81a3
2026-08-20T22:10:02+09:00,added,n9a8d2d3cb01a,m2788185b81a0
2026-08-20T22:10:02+09:00,added,n9a8d2d3cb01a,mdd702710eeb9
2026-08-20T22:10:02+09:00,added,n9a8d2d3cb01a,m76b37a54b292
2026-08-20T22:10:02+09:00,added,n9a8d2d3cb01a,me39940554e5a
2026-08-20T22:10:02+09:00,added,n9a8d2d3cb01a,m2b8747d2fb88
2026-08-20T22:10:02+09:00,added,n9a8d2d3cb01a,m7325f611df66
2026-08-20T22:10:02+09:00,added,n9a8d2d3cb01a,m7f2990ab5a61
2026-08-20T22:10:02+09:00,added,n9a8d2d3cb01a,m2aedf61ec5aa
2026-08-20T22:10:02+09:00,added,n9a8d2d3cb01a,m26631bce74dd
2026-08-20T22:10:02+09:00,added,ne61d9ae8e0ef,m17f76b944423
2026-08-20T22:10:02+09:00,added,ne61d9ae8e0ef,mae7d87e63b56
2026-08-20T22:10:02+09:00,added,ne61d9ae8e0ef,m23c1b65814a0
2026-08-20T22:10:02+09:00,added,ne61d9ae8e0ef,ma9ff6f94a575
2026-08-20T22:10:02+09:00,added,ne61d9ae8e0ef,m4d61d56ec539
2026-08-20T22:10:02+09:00,added,ne61d9ae8e0ef,madddf22b81a3
2026-08-20T22:10:02+09:00,added,n13b2cbf7ee8d,mae7d87e63b56
2026-08-20T22:10:02+09:00,added,n13b2cbf7ee8d,me39940554e5a
2026-08-20T22:10:02+09:00,added,n13b2cbf7ee8d,m3ff81c0d23db
2026-08-20T22:10:02+09:00,added,n13b2cbf7ee8d,m2788185b81a0
2026-08-20T22:10:02+09:00,added,n13b2cbf7ee8d,m2aedf61ec5aa
2026-08-20T22:10:02+09:00,added,n13b2cbf7ee8d,m26631bce74dd
2026-08-20T22:10:02+09:00,added,n13b2cbf7ee8d,m7325f611df66
2026-08-20T22:10:02+09:00,added,n13b2cbf7ee8d,m6e1826bba0d2
2026-08-20T22:10:02+09:00,added,n13b2cbf7ee8d,m8ef7277620f6
2026-08-20T22:10:02+09:00,added,n13b2cbf7ee8d,m8f50c2311d35
2026-08-20T22:10:02+09:00,added,n13b2cbf7ee8d,m7671a45aa910
2026-08-20T22:10:02+09:00,added,nc6fc72fb472a,me39940554e5a
2026-08-20T22:10:02+09:00,added,nc6fc72fb472a,m3ff81c0d23db
2026-08-20T22:10:02+09:00,added,nc6fc72fb472a,m2788185b81a0
2026-08-20T22:10:02+09:00,added,nc6fc72fb472a,mdd702710eeb9
2026-08-20T22:10:02+09:00,added,nc6fc72fb472a,m7325f611df66
2026-08-20T22:10:02+09:00,added,nc6fc72fb472a,m2aedf61ec5aa
2026-08-20T22:10:02+09:00,added,nc6fc72fb472a,m26631bce74dd
2026-08-20T22:10:02+09:00,added,nc6fc72fb472a,ma7f0c5b5d76e
2026-08-20T22:10:02+09:00,added,nc6fc72fb472a,m8f50c2311d35
2026-08-20T22:10:02+09:00,added,nc6fc72fb472a,m0f6484462f7f
2026-08-20T22:10:02+09:00,added,n0c55a12b67ea,m7f2990ab5a61
2026-08-20T22:10:02+09:00,added,ne4e3d9047fac,mae7d87e63b56
2026-08-20T22:10:02+09:00,added,ne4e3d9047fac,mcd9b664d59b6
2026-08-20T22:10:02+09:00,added,ne4e3d9047fac,m2aedf61ec5aa
2026-08-20T22:10:02+09:00,added,ne4e3d9047fac,m3d538212a7f5
2026-08-20T22:10:02+09:00,added,ne4e3d9047fac,m2788185b81a0
2026-08-20T22:10:02+09:00,added,ne4e3d9047fac,m89f139d9526d
2026-08-20T22:10:02+09:00,added,ne4e3d9047fac,m7325f611df66
2026-08-20T22:10:02+09:00,added,ne4e3d9047fac,m477950f031a4
2026-08-20T22:10:02+09:00,added,ne4e3d9047fac,m7f2990ab5a61
2026-08-20T22:10:02+09:00,added,n30e22adee7c1,m17f76b944423
2026-08-20T22:10:02+09:00,added,n30e22adee7c1,m23c1b65814a0
2026-08-20T22:10:02+09:00,added,n30e22adee7c1,me39940554e5a
2026-08-20T22:10:02+09:00,added,n30e22adee7c1,mae7d87e63b56
2026-08-20T22:10:02+09:00,added,n30e22adee7c1,m0f6484462f7f
2026-08-20T22:10:02+09:00,added,n30e22adee7c1,mf9eb5baf8361
2026-08-20T22:10:02+09:00,added,n8c4193b9a83b,m2788185b81a0
2026-08-20T22:10:02+09:00,added,n8c4193b9a83b,me40727335eb0
2026-08-20T22:10:02+09:00,added,n8c4193b9a83b,mae7d87e63b56
2026-08-20T22:10:02+09:00,added,n8c4193b9a83b,mdd702710eeb9
2026-08-20T22:10:02+09:00,added,n8c4193b9a83b,m2aedf61ec5aa
2026-08-20T22:10:02+09:00,added,n8c4193b9a83b,m26631bce74dd
2026-08-20T22:10:02+09:00,added,n8c4193b9a83b,m7325f611df66
2026-08-20T22:10:02+09:00,added,n958b2a19abe7,mae7d87e63b56
2026-08-20T22:10:02+09:00,added,n958b2a19abe7,m7325f611df66
2026-08-20T22:10:02+09:00,added,n958b2a19abe7,me39940554e5a
2026-08-20T22:10:02+09:00,added,n958b2a19abe7,m2aedf61ec5aa
2026-08-20T22:10:02+09:00,added,n958b2a19abe7,m26631bce74dd
2026-08-20T22:10:02+09:00,added,n958b2a19abe7,ma7f0c5b5d76e
2026-08-20T22:10:02+09:00,added,n958b2a19abe7,mdd702710eeb9
2026-08-20T22:10:02+09:00,added,n958b2a19abe7,mb33de64ba0f8
2026-08-20T22:10:02+09:00,added,n958b2a19abe7,m8f50c2311d35
2026-08-20T22:10:02+09:00,added,n958b2a19abe7,m7a21f46f35fa
2026-08-20T22:10:02+09:00,added,n958b2a19abe7,m0f6484462f7f
2026-08-20T22:10:02+09:00,added,n9ce0e412752b,m8eb046826032
2026-08-20T22:10:02+09:00,added,n9ce0e412752b,mae7d87e63b56
2026-08-20T22:10:02+09:00,added,n9ce0e412752b,m3ff81c0d23db
2026-08-20T22:10:02+09:00,added,n9ce0e412752b,m7325f611df66
2026-08-20T22:10:02+09:00,added,n9ce0e412752b,mdfcf232ad3c5
2026-08-20T22:10:02+09:00,added,n9ce0e412752b,m34fbc48bcda0
2026-08-20T22:10:02+09:00,added,n9ce0e412752b,mc3c452aad6f3
2026-08-20T22:10:02+09:00,added,n3c5a222bbdc0,m2aedf61ec5aa
2026-08-20T22:10:02+09:00,added,n3c5a222bbdc0,ma7f0c5b5d76e
2026-08-20T22:10:02+09:00,added,n3c5a222bbdc0,m26631bce74dd
2026-08-20T22:10:02+09:00,added,n3c5a222bbdc0,m3ff81c0d23db
2026-08-20T22:10:02+09:00,added,n3c5a222bbdc0,mae7d87e63b56
2026-08-20T22:10:02+09:00,added,n3c5a222bbdc0,m7325f611df66
2026-08-20T22:10:02+09:00,added,n3c5a222bbdc0,m0f6484462f7f
2026-08-20T22:10:02+09:00,added,n4c0b641a9ca7,m8f50c2311d35
2026-08-20T22:10:02+09:00,added,n4c0b641a9ca7,mae7d87e63b56
2026-08-20T22:10:02+09:00,added,n4c0b641a9ca7,mdd702710eeb9
2026-08-20T22:10:02+09:00,added,n4c0b641a9ca7,m2788185b81a0
2026-08-20T22:10:02+09:00,added,n4c0b641a9ca7,mc3c452aad6f3
2026-08-20T22:10:02+09:00,added,n4c0b641a9ca7,m7325f611df66
2026-08-20T22:10:02+09:00,added,n4c0b641a9ca7,m0f6484462f7f
2026-08-20T22:10:02+09:00,added,n5967aa85fd75,m2788185b81a0
2026-08-20T22:10:02+09:00,added,n5967aa85fd75,mae7d87e63b56
2026-08-20T22:10:02+09:00,added,n5967aa85fd75,mcd9b664d59b6
2026-08-20T22:10:02+09:00,added,n5967aa85fd75,mdfcf232ad3c5
2026-08-20T22:10:02+09:00,added,n5967aa85fd75,m7325f611df66
2026-08-20T22:10:02+09:00,added,n5967aa85fd75,m8f50c2311d35
2026-08-20T22:10:02+09:00,added,n5967aa85fd75,mc3c452aad6f3
2026-08-20T22:10:02+09:00,added,n5967aa85fd75,m2aedf61ec5aa
2026-08-20T22:10:02+09:00,added,n5967aa85fd75,m3d538212a7f5
2026-08-20T22:10:02+09:00,added,n5967aa85fd75,m26631bce74dd
2026-08-20T22:10:02+09:00,added,n5967aa85fd75,m4eb56c8bcbc2
2026-08-20T22:10:02+09:00,added,ned10d1f212f2,m23c1b65814a0
2026-08-20T22:10:02+09:00,added,ned10d1f212f2,mebdd70aa07e1
2026-08-20T22:10:02+09:00,added,ned10d1f212f2,mad0dcca8d03e
2026-08-20T22:10:02+09:00,added,ned10d1f212f2,mae7d87e63b56
2026-08-20T22:10:02+09:00,added,ned10d1f212f2,m17f76b944423
2026-08-20T22:10:02+09:00,added,ned10d1f212f2,m18c09c59705e
2026-08-20T22:10:02+09:00,added,ned10d1f212f2,m1be7ce2dd479
2026-08-20T22:10:02+09:00,added,ned10d1f212f2,m09b16643c1cf
2026-08-20T22:10:02+09:00,added,ned10d1f212f2,m0102f820d986
2026-08-20T22:10:02+09:00,added,ned10d1f212f2,mf9eb5baf8361
2026-08-20T22:10:02+09:00,added,ned10d1f212f2,m723b7a89cb2f
2026-08-20T22:10:02+09:00,added,n825d5d8e444b,mae7d87e63b56
2026-08-20T22:10:02+09:00,added,n825d5d8e444b,m8f50c2311d35
2026-08-20T22:10:02+09:00,added,n825d5d8e444b,mc3c452aad6f3
2026-08-20T22:10:02+09:00,added,n825d5d8e444b,mdd702710eeb9
2026-08-20T22:10:02+09:00,added,n825d5d8e444b,m9b48174e163a
2026-08-20T22:10:02+09:00,added,n825d5d8e444b,m2aedf61ec5aa
2026-08-20T22:10:02+09:00,added,n825d5d8e444b,m6f829c4b85b6
2026-08-20T22:10:02+09:00,added,n825d5d8e444b,m26631bce74dd
2026-08-20T22:10:02+09:00,added,n825d5d8e444b,m7325f611df66
2026-08-20T22:10:02+09:00,added,n825d5d8e444b,m8eb046826032
2026-08-20T22:10:02+09:00,added,n825d5d8e444b,mb14c27a56b5e
2026-08-20T22:10:02+09:00,added,n0f6a0f063c59,mae7d87e63b56
2026-08-20T22:10:02+09:00,added,n0f6a0f063c59,me39940554e5a
2026-08-20T22:10:02+09:00,added,n0f6a0f063c59,m2b8747d2fb88
2026-08-20T22:10:02+09:00,added,n0f6a0f063c59,m87f25c8ab4b1
2026-08-20T22:10:02+09:00,added,n0f6a0f063c59,m9b48174e163a
2026-08-20T22:10:02+09:00,added,n0f6a0f063c59,mc3c452aad6f3
2026-08-20T22:10:02+09:00,added,n0f6a0f063c59,m7f2990ab5a61
2026-08-20T22:10:02+09:00,added,n0f6a0f063c59,m26631bce74dd
2026-08-20T22:10:02+09:00,added,n0f6a0f063c59,mdd702710eeb9
2026-08-20T22:10:02+09:00,added,n1bacdd612743,mae7d87e63b56
2026-08-20T22:10:02+09:00,added,n1bacdd612743,m0f6484462f7f
2026-08-20T22:10:02+09:00,added,n1bacdd612743,m3ff81c0d23db
2026-08-20T22:10:02+09:00,added,n1bacdd612743,m7f2990ab5a61
2026-08-20T22:10:02+09:00,added,n1bacdd612743,m7325f611df66
2026-08-20T22:10:02+09:00,added,n18afb0f0dd3e,mdd702710eeb9
2026-08-20T22:10:02+09:00,added,n18afb0f0dd3e,mae7d87e63b56
2026-08-20T22:10:02+09:00,added,n18afb0f0dd3e,m7325f611df66
2026-08-20T22:10:02+09:00,added,n18afb0f0dd3e,m2aedf61ec5aa
2026-08-20T22:10:02+09:00,added,n18afb0f0dd3e,m6f829c4b85b6
2026-08-20T22:10:02+09:00,added,nd07747bcccb8,m17f76b944423
2026-08-20T22:10:02+09:00,added,nd07747bcccb8,m8f50c2311d35
2026-08-20T22:10:02+09:00,added,nd07747bcccb8,mae7d87e63b56
2026-08-20T22:10:02+09:00,added,nd07747bcccb8,m23c1b65814a0
2026-08-20T22:10:02+09:00,added,nd07747bcccb8,madddf22b81a3
2026-08-20T22:10:02+09:00,added,n42e2a55ca087,mae7d87e63b56
2026-08-20T22:10:02+09:00,added,n42e2a55ca087,m2788185b81a0
2026-08-20T22:10:02+09:00,added,n42e2a55ca087,m7325f611df66
2026-08-20T22:10:02+09:00,added,n375c3759c00d,m8f50c2311d35
2026-08-20T22:10:02+09:00,added,n375c3759c00d,m37c9e29c3646
2026-08-20T22:10:02+09:00,added,n375c3759c00d,m76ca3b4f2264
2026-08-20T22:10:02+09:00,added,n375c3759c00d,m0f6484462f7f
2026-08-20T22:10:02+09:00,added,n375c3759c00d,m7325f611df66
2026-08-20T22:10:02+09:00,added,n375c3759c00d,mcd9b664d59b6
2026-08-20T22:10:02+09:00,added,n375c3759c00d,ma2915e23456d
2026-08-20T22:10:02+09:00,added,n375c3759c00d,m3d538212a7f5
2026-08-20T22:10:02+09:00,added,n375c3759c00d,m2aedf61ec5aa
2026-08-20T22:10:02+09:00,added,n214255c6ab42,mae7d87e63b56
2026-08-20T22:10:02+09:00,added,n214255c6ab42,m2b8747d2fb88
2026-08-20T22:10:02+09:00,added,n214255c6ab42,m7f2990ab5a61
2026-08-20T22:10:02+09:00,added,n214255c6ab42,m7325f611df66
2026-08-20T22:10:02+09:00,added,n214255c6ab42,m53a3c3b5d431
2026-08-20T22:10:02+09:00,added,n214255c6ab42,m0f6484462f7f
2026-08-20T22:10:02+09:00,added,n3af08324bf26,m9b48174e163a
2026-08-20T22:10:02+09:00,added,n3af08324bf26,m248ca3ee7087
2026-08-20T22:10:02+09:00,added,n3af08324bf26,mae7d87e63b56
2026-08-20T22:10:02+09:00,added,n3af08324bf26,m0f6484462f7f
2026-08-20T22:10:02+09:00,added,n3af08324bf26,m7325f611df66
2026-08-20T22:10:02+09:00,added,n3af08324bf26,m2788185b81a0
2026-08-20T22:10:02+09:00,added,n3af08324bf26,m8f50c2311d35
2026-08-20T22:10:02+09:00,added,n3af08324bf26,mdd702710eeb9
2026-08-20T22:10:02+09:00,added,ndb83a7078b74,mae7d87e63b56
2026-08-20T22:10:02+09:00,added,ndb83a7078b74,m17f76b944423
2026-08-20T22:10:02+09:00,added,ndb83a7078b74,m0b66fe3b8224
2026-08-20T22:10:02+09:00,added,ndb83a7078b74,m5a628c3625e1
2026-08-20T22:10:02+09:00,added,ndb83a7078b74,madddf22b81a3
2026-08-20T22:10:02+09:00,added,n1bbffee249d1,mae7d87e63b56
2026-08-20T22:10:02+09:00,added,n1bbffee249d1,m23c1b65814a0
2026-08-20T22:10:02+09:00,added,n1bbffee249d1,m17f76b944423
2026-08-20T22:10:02+09:00,added,n1bbffee249d1,m0f6484462f7f
2026-08-20T22:10:02+09:00,added,n1bbffee249d1,m5a628c3625e1
2026-08-20T22:10:02+09:00,added,n1bbffee249d1,m0b66fe3b8224
2026-08-20T22:10:02+09:00,added,n1bbffee249d1,mf9eb5baf8361
2026-08-20T22:10:02+09:00,added,n1bbffee249d1,madddf22b81a3
2026-08-20T22:10:02+09:00,added,n0f142362d071,m248ca3ee7087
2026-08-20T22:10:02+09:00,added,n0f142362d071,mdd702710eeb9
2026-08-20T22:10:02+09:00,added,n0f142362d071,m2788185b81a0
2026-08-20T22:10:02+09:00,added,n0f142362d071,ma7f0c5b5d76e
2026-08-20T22:10:02+09:00,added,n0f142362d071,m2aedf61ec5aa
2026-08-20T22:10:02+09:00,added,n0f142362d071,m7f2990ab5a61
2026-08-20T22:10:02+09:00,added,n0f142362d071,m8f50c2311d35
2026-08-20T22:10:02+09:00,added,n0f142362d071,m7325f611df66
2026-08-20T22:10:02+09:00,added,n0f142362d071,m0f6484462f7f
2026-08-20T22:10:02+09:00,added,n0f142362d071,m0b66fe3b8224
2026-08-20T22:10:02+09:00,added,n5ed6ff60f100,mc3c452aad6f3
2026-08-20T22:10:02+09:00,added,n5ed6ff60f100,m12bca60df35e
2026-08-20T22:10:02+09:00,added,n5ed6ff60f100,m66f88f0e5afe
2026-08-20T22:10:02+09:00,added,n5ed6ff60f100,mcd9b664d59b6
2026-08-20T22:10:02+09:00,added,n5ed6ff60f100,m8f50c2311d35
2026-08-20T22:10:02+09:00,added,n5ed6ff60f100,m7325f611df66
2026-08-20T22:10:02+09:00,added,n5ed6ff60f100,m0f6484462f7f
2026-08-20T22:10:02+09:00,added,nd3297a3cf083,mf98aa7fee184
2026-08-20T22:10:02+09:00,added,nd3297a3cf083,mae7d87e63b56
2026-08-20T22:10:02+09:00,added,nd3297a3cf083,mbda81785b82c
2026-08-20T22:10:02+09:00,added,nd3297a3cf083,ma7f0c5b5d76e
2026-08-20T22:10:02+09:00,added,nd3297a3cf083,m2788185b81a0
2026-08-20T22:10:02+09:00,added,nd3297a3cf083,m7325f611df66
2026-08-20T22:10:02+09:00,added,nd3297a3cf083,m26631bce74dd
2026-08-20T22:10:02+09:00,added,nd3297a3cf083,m0f6484462f7f
2026-08-20T22:10:02+09:00,added,n6ac327ffa14c,m248ca3ee7087
2026-08-20T22:10:02+09:00,added,n6ac327ffa14c,mae7d87e63b56
2026-08-20T22:10:02+09:00,added,n6ac327ffa14c,ma7f0c5b5d76e
2026-08-20T22:10:02+09:00,added,n6ac327ffa14c,m2aedf61ec5aa
2026-08-20T22:10:02+09:00,added,n6ac327ffa14c,m26631bce74dd
2026-08-20T22:10:02+09:00,added,n6ac327ffa14c,m2788185b81a0
2026-08-20T22:10:02+09:00,added,n6ac327ffa14c,m7325f611df66
2026-08-20T22:10:02+09:00,added,n6ac327ffa14c,m0f6484462f7f
2026-08-20T22:10:02+09:00,added,n6ac327ffa14c,m705da111376e
2026-08-20T22:10:02+09:00,added,nd744a7ae2150,m2788185b81a0
2026-08-20T22:10:02+09:00,added,nd744a7ae2150,mae7d87e63b56
2026-08-20T22:10:02+09:00,added,nd744a7ae2150,me39940554e5a
2026-08-20T22:10:02+09:00,added,nd744a7ae2150,m7325f611df66
2026-08-20T22:10:02+09:00,added,nd744a7ae2150,m2aedf61ec5aa
2026-08-20T22:10:02+09:00,added,nd744a7ae2150,m26631bce74dd
2026-08-20T22:10:02+09:00,added,nd744a7ae2150,md5a7d5d7534c
2026-08-20T22:10:02+09:00,added,nd744a7ae2150,m7f2990ab5a61
2026-08-20T22:10:02+09:00,added,nd744a7ae2150,m8f50c2311d35
2026-08-20T22:10:02+09:00,added,ne9d32b5585f7,m0f6484462f7f
2026-08-20T22:10:02+09:00,added,ne9d32b5585f7,mae7d87e63b56
2026-08-20T22:10:02+09:00,added,ne9d32b5585f7,m248ca3ee7087
2026-08-20T22:10:02+09:00,added,ne9d32b5585f7,m2788185b81a0
2026-08-20T22:10:02+09:00,added,n9ba164e1dd62,mae7d87e63b56
2026-08-20T22:10:02+09:00,added,n9ba164e1dd62,m61f125c2bd91
2026-08-20T22:10:02+09:00,added,n9ba164e1dd62,m3ff81c0d23db
2026-08-20T22:10:02+09:00,added,n9ba164e1dd62,m5bdd94e01dac
2026-08-20T22:10:02+09:00,added,n9ba164e1dd62,m7325f611df66
2026-08-20T22:10:02+09:00,added,n9ba164e1dd62,mfe68cbfb11da
2026-08-20T22:10:02+09:00,added,n9ba164e1dd62,mdd702710eeb9
2026-08-20T22:10:02+09:00,added,nc11e174c4b40,me39940554e5a
2026-08-20T22:10:02+09:00,added,nc11e174c4b40,mae7d87e63b56
2026-08-20T22:10:02+09:00,added,nc11e174c4b40,m7325f611df66
2026-08-20T22:10:02+09:00,added,nde49264b9b6f,m23c1b65814a0
2026-08-20T22:10:02+09:00,added,nde49264b9b6f,mad0dcca8d03e
2026-08-20T22:10:02+09:00,added,nde49264b9b6f,m17f76b944423
2026-08-20T22:10:02+09:00,added,nde49264b9b6f,m0f6484462f7f
2026-08-20T22:10:02+09:00,added,nde49264b9b6f,mf9eb5baf8361
2026-08-20T22:10:02+09:00,added,nec571fa98694,mae7d87e63b56
2026-08-20T22:10:02+09:00,added,nec571fa98694,m26631bce74dd
2026-08-20T22:10:02+09:00,added,nec571fa98694,m6ac6eb7349a2
2026-08-20T22:10:02+09:00,added,nec571fa98694,m7325f611df66
2026-08-20T22:10:02+09:00,added,n134601b57dbd,mae7d87e63b56
2026-08-20T22:10:02+09:00,added,n134601b57dbd,m7325f611df66
2026-08-20T22:10:02+09:00,added,n2bb80e7a56c1,mae7d87e63b56
2026-08-20T22:10:02+09:00,added,n2bb80e7a56c1,m7325f611df66
2026-08-20T22:10:02+09:00,added,n2bb80e7a56c1,m3ff81c0d23db
2026-08-20T22:10:02+09:00,added,n2bb80e7a56c1,m26631bce74dd
2026-08-20T22:10:02+09:00,added,n2bb80e7a56c1,mdfcf232ad3c5
2026-08-20T22:10:02+09:00,added,nf828cc1f10fc,mae7d87e63b56
2026-08-20T22:10:02+09:00,added,nf828cc1f10fc,m7325f611df66
2026-08-20T22:10:02+09:00,added,nf828cc1f10fc,m26631bce74dd
2026-08-20T22:10:02+09:00,added,nf828cc1f10fc,m6ac6eb7349a2
2026-08-20T22:10:02+09:00,added,nf828cc1f10fc,m7f2990ab5a61
2026-08-20T22:10:02+09:00,added,nf828cc1f10fc,m8f50c2311d35
2026-08-20T22:10:02+09:00,added,nf828cc1f10fc,m6c5cdd58c0b9
2026-08-20T22:10:02+09:00,added,nf828cc1f10fc,m5bdd94e01dac
2026-08-20T22:10:02+09:00,added,nc7d631313d66,m7325f611df66
2026-08-20T22:10:02+09:00,added,nc7d631313d66,mae7d87e63b56
2026-08-20T22:10:02+09:00,added,nffd2e23c0871,mc6b9890b3102
2026-08-20T22:10:02+09:00,added,nffd2e23c0871,m17f76b944423
2026-08-20T22:10:02+09:00,added,nffd2e23c0871,mf9eb5baf8361
2026-08-20T22:10:02+09:00,added,nffd2e23c0871,madddf22b81a3
2026-08-20T22:10:02+09:00,added,nb1425482f6a3,mae7d87e63b56
2026-08-20T22:10:02+09:00,added,nb1425482f6a3,m6ac6eb7349a2
2026-08-20T22:10:02+09:00,added,nb1425482f6a3,m7325f611df66
2026-08-20T22:10:02+09:00,added,nb1425482f6a3,mf98aa7fee184
2026-08-20T22:10:02+09:00,added,nb1425482f6a3,m8f50c2311d35
2026-08-20T22:10:02+09:00,added,n6334ef73b4ff,mae7d87e63b56
2026-08-20T22:10:02+09:00,added,n6334ef73b4ff,m8f50c2311d35
2026-08-20T22:10:02+09:00,added,n6334ef73b4ff,md5a7d5d7534c
2026-08-20T22:10:02+09:00,added,n6334ef73b4ff,m0f6484462f7f
2026-08-20T22:10:02+09:00,added,n6334ef73b4ff,mfa83d1c86676
2026-08-20T22:10:02+09:00,added,n6334ef73b4ff,m5bdd94e01dac
2026-08-20T22:10:02+09:00,added,n6334ef73b4ff,ma7f0c5b5d76e
2026-08-20T22:10:02+09:00,added,n6334ef73b4ff,m26631bce74dd
2026-08-20T22:10:02+09:00,added,n70721ec459db,m5bdd94e01dac
2026-08-20T22:10:02+09:00,added,n70721ec459db,m0f6484462f7f
2026-08-20T22:10:02+09:00,added,n70721ec459db,med9542fcf355
2026-08-20T22:10:02+09:00,added,n70721ec459db,m26631bce74dd
2026-08-20T22:10:02+09:00,added,n70721ec459db,m7325f611df66
2026-08-20T22:10:02+09:00,added,n45e8c92df922,m26631bce74dd
2026-08-20T22:10:02+09:00,added,n45e8c92df922,m5bdd94e01dac
2026-08-20T22:10:02+09:00,added,n45e8c92df922,m0f6484462f7f
2026-08-20T22:10:02+09:00,added,n45e8c92df922,m7325f611df66
2026-08-20T22:10:02+09:00,added,n45e8c92df922,m72ba40851c43
2026-08-20T22:10:02+09:00,added,ncaf80b6400f1,mae7d87e63b56
2026-08-20T22:10:02+09:00,added,ncaf80b6400f1,m7325f611df66
2026-08-20T22:10:02+09:00,added,ne5314e17103f,mae7d87e63b56
2026-08-20T22:10:02+09:00,added,ne5314e17103f,m37c9e29c3646
2026-08-20T22:10:02+09:00,added,ne5314e17103f,m26631bce74dd
2026-08-20T22:10:02+09:00,added,ne5314e17103f,mcbee9243254d
2026-08-20T22:10:02+09:00,added,ne5314e17103f,m0f6484462f7f
2026-08-20T22:10:02+09:00,added,ne5314e17103f,m7325f611df66
2026-08-20T22:10:02+09:00,added,n4c105591898e,m3ff81c0d23db
2026-08-20T22:10:02+09:00,added,n4c105591898e,m7325f611df66
2026-08-20T22:10:02+09:00,added,n4c105591898e,m5bdd94e01dac
2026-08-20T22:10:02+09:00,added,n4c105591898e,m477950f031a4
2026-08-20T22:10:02+09:00,added,n4c105591898e,mcbee9243254d
2026-08-20T22:10:02+09:00,added,nfb2243c752a8,mf98aa7fee184
2026-08-20T22:10:02+09:00,added,nfb2243c752a8,m8f50c2311d35
2026-08-20T22:10:02+09:00,added,nfb2243c752a8,mae7d87e63b56
2026-08-20T22:10:02+09:00,added,nfb2243c752a8,m23c1b65814a0
2026-08-20T22:10:02+09:00,added,nfb2243c752a8,mad0dcca8d03e
2026-08-20T22:10:02+09:00,added,nfb2243c752a8,mc6b9890b3102
2026-08-20T22:10:02+09:00,added,nfb2243c752a8,m0f6484462f7f
2026-08-20T22:10:02+09:00,added,nfb2243c752a8,m17f76b944423
2026-08-20T22:10:02+09:00,added,nfb2243c752a8,mdb362d43e1a9
2026-08-20T22:10:02+09:00,added,nfb2243c752a8,m09b16643c1cf
2026-08-20T22:10:02+09:00,added,nfb2243c752a8,m18c09c59705e
2026-08-20T22:10:02+09:00,added,nfb2243c752a8,m1be7ce2dd479
2026-08-20T22:10:02+09:00,added,nfb2243c752a8,m0102f820d986
2026-08-20T22:10:02+09:00,added,nfb2243c752a8,mf9eb5baf8361
2026-08-20T22:10:02+09:00,added,nfb2243c752a8,mfc9d03c23504
2026-08-20T22:10:02+09:00,added,n19010751eec0,mae7d87e63b56
2026-08-20T22:10:02+09:00,added,n19010751eec0,m3ff81c0d23db
2026-08-20T22:10:02+09:00,added,n19010751eec0,m0f6484462f7f
2026-08-20T22:10:02+09:00,added,n19010751eec0,m7325f611df66
2026-08-20T22:10:02+09:00,added,n5558a4acf48b,m3ff81c0d23db
2026-08-20T22:10:02+09:00,added,n5558a4acf48b,mae7d87e63b56
2026-08-20T22:10:02+09:00,added,n5558a4acf48b,m0f6484462f7f
2026-08-20T22:10:02+09:00,added,n5558a4acf48b,m7325f611df66
2026-08-20T22:10:02+09:00,added,n7f80a6aafb3c,m0f6484462f7f
2026-08-20T22:10:02+09:00,added,n7f80a6aafb3c,mae7d87e63b56
2026-08-20T22:10:02+09:00,added,n7f80a6aafb3c,m75cf56291294
2026-08-20T22:10:02+09:00,added,n7f80a6aafb3c,m7325f611df66
2026-08-20T22:10:02+09:00,added,n7f80a6aafb3c,ma7f0c5b5d76e
2026-08-20T22:10:02+09:00,added,n7f80a6aafb3c,m26631bce74dd
2026-08-20T22:10:02+09:00,added,n7f80a6aafb3c,mcbee9243254d
2026-08-20T22:10:02+09:00,added,n7f80a6aafb3c,m238247043515
2026-08-20T22:10:02+09:00,added,n7f80a6aafb3c,m4eb56c8bcbc2
2026-08-20T22:10:02+09:00,added,n39e0e0e51002,mae7d87e63b56
2026-08-20T22:10:02+09:00,added,n39e0e0e51002,m26631bce74dd
2026-08-20T22:10:02+09:00,added,n39e0e0e51002,m7325f611df66
2026-08-20T22:10:02+09:00,added,n39e0e0e51002,me39940554e5a
2026-08-20T22:10:02+09:00,added,n5ba92d87b1fe,mae7d87e63b56
2026-08-20T22:10:02+09:00,added,n5ba92d87b1fe,mc3c452aad6f3
2026-08-20T22:10:02+09:00,added,n5ba92d87b1fe,mc6b9890b3102
2026-08-20T22:10:02+09:00,added,n5ba92d87b1fe,m8f50c2311d35
2026-08-20T22:10:02+09:00,added,n5ba92d87b1fe,m0f6484462f7f
2026-08-20T22:10:02+09:00,added,n5ba92d87b1fe,m17f76b944423
2026-08-20T22:10:02+09:00,added,n5ba92d87b1fe,m0b66fe3b8224
2026-08-20T22:10:02+09:00,added,n5ba92d87b1fe,m5a628c3625e1
2026-08-20T22:10:02+09:00,added,n5ba92d87b1fe,madddf22b81a3
2026-08-20T22:10:02+09:00,added,nefdc1f139512,mae7d87e63b56
2026-08-20T22:10:02+09:00,added,nefdc1f139512,m3ff81c0d23db
2026-08-20T22:10:02+09:00,added,nefdc1f139512,mc3c452aad6f3
2026-08-20T22:10:02+09:00,added,nefdc1f139512,m0f6484462f7f
2026-08-20T22:10:02+09:00,added,nefdc1f139512,m7325f611df66
2026-08-20T22:10:02+09:00,added,nefdc1f139512,m26631bce74dd
2026-08-20T22:10:02+09:00,added,nb5da8a17e6de,m9b48174e163a
2026-08-20T22:10:02+09:00,added,nb5da8a17e6de,mae7d87e63b56
2026-08-20T22:10:02+09:00,added,nb5da8a17e6de,m0f6484462f7f
2026-08-20T22:10:02+09:00,added,nb5da8a17e6de,m3ff81c0d23db
2026-08-20T22:10:02+09:00,added,nb5da8a17e6de,m26631bce74dd
2026-08-20T22:10:02+09:00,added,nb5da8a17e6de,m7325f611df66
2026-08-20T22:10:02+09:00,added,n5699cadb5d5c,m8531e02a2f58
2026-08-20T22:10:02+09:00,added,n5699cadb5d5c,m23c1b65814a0
2026-08-20T22:10:02+09:00,added,n5699cadb5d5c,mc6b9890b3102
2026-08-20T22:10:02+09:00,added,n5699cadb5d5c,m17f76b944423
2026-08-20T22:10:02+09:00,added,n5699cadb5d5c,m0b66fe3b8224
2026-08-20T22:10:02+09:00,added,n5699cadb5d5c,m5a628c3625e1
2026-08-20T22:10:02+09:00,added,n5699cadb5d5c,m0988ee24cf93
2026-08-20T22:10:02+09:00,added,n5699cadb5d5c,mf9eb5baf8361
2026-08-20T22:10:02+09:00,added,n5699cadb5d5c,mfc9d03c23504
2026-08-20T22:10:02+09:00,added,n5699cadb5d5c,m389d15e5ca81
2026-08-20T22:10:02+09:00,added,n5699cadb5d5c,madddf22b81a3
2026-08-20T22:10:02+09:00,added,n5699cadb5d5c,m92f1af23610d
2026-08-20T22:10:02+09:00,added,n497b0cf1ec32,mae7d87e63b56
2026-08-20T22:10:02+09:00,added,n497b0cf1ec32,m7f2990ab5a61
2026-08-20T22:10:02+09:00,added,n497b0cf1ec32,m8f50c2311d35
2026-08-20T22:10:02+09:00,added,n497b0cf1ec32,m0f6484462f7f
2026-08-20T22:10:02+09:00,added,n497b0cf1ec32,m87f25c8ab4b1
2026-08-20T22:10:02+09:00,added,n497b0cf1ec32,mdfcf232ad3c5
2026-08-20T22:10:02+09:00,added,n497b0cf1ec32,m26631bce74dd
2026-08-20T22:10:02+09:00,added,n497b0cf1ec32,m7325f611df66
2026-08-20T22:10:02+09:00,added,n497b0cf1ec32,mafe9c4784c53
2026-08-20T22:10:02+09:00,added,n497b0cf1ec32,maa8108576a39
2026-08-20T22:10:02+09:00,added,n497b0cf1ec32,mdd702710eeb9
2026-08-20T22:10:02+09:00,added,n497b0cf1ec32,m965e76ed1a02
2026-08-20T22:10:02+09:00,added,n4960b0e988ed,m0f6484462f7f
2026-08-20T22:10:02+09:00,added,n4960b0e988ed,m7325f611df66
2026-08-20T22:10:02+09:00,added,n4960b0e988ed,m26631bce74dd
2026-08-20T22:10:02+09:00,added,n28c1574ec01f,mae7d87e63b56
2026-08-20T22:10:02+09:00,added,n28c1574ec01f,m3ff81c0d23db
2026-08-20T22:10:02+09:00,added,n28c1574ec01f,m0f6484462f7f
2026-08-20T22:10:02+09:00,added,n28c1574ec01f,m9d62c4a809ea
2026-08-20T22:10:02+09:00,added,n28c1574ec01f,m26631bce74dd
2026-08-20T22:10:02+09:00,added,n28c1574ec01f,m7325f611df66
2026-08-20T22:10:02+09:00,added,n28c1574ec01f,m7f2990ab5a61
2026-08-20T22:10:02+09:00,added,n28c1574ec01f,m0988ee24cf93
2026-08-20T22:10:02+09:00,added,nf61677b73123,mae7d87e63b56
2026-08-20T22:10:02+09:00,added,nf61677b73123,m3ff81c0d23db
2026-08-20T22:10:02+09:00,added,nf61677b73123,m0f6484462f7f
2026-08-20T22:10:02+09:00,added,nf61677b73123,m7325f611df66
2026-08-20T22:10:02+09:00,added,nf61677b73123,m7f2990ab5a61
2026-08-20T22:10:02+09:00,added,nf61677b73123,m8f50c2311d35
2026-08-20T22:10:02+09:00,added,nf61677b73123,m26631bce74dd
2026-08-20T22:10:02+09:00,added,nf61677b73123,m72ba40851c43
2026-08-20T22:10:02+09:00,added,nf61677b73123,m0988ee24cf93
2026-08-20T22:10:02+09:00,added,n97746e7e5893,m2b8747d2fb88
2026-08-20T22:10:02+09:00,added,n97746e7e5893,m3ff81c0d23db
2026-08-20T22:10:02+09:00,added,n97746e7e5893,m0f6484462f7f
2026-08-20T22:10:02+09:00,added,n97746e7e5893,m8f50c2311d35
2026-08-20T22:10:02+09:00,added,n97746e7e5893,mdfcf232ad3c5
2026-08-20T22:10:02+09:00,added,n97746e7e5893,m7325f611df66
2026-08-20T22:10:02+09:00,added,n97746e7e5893,m26631bce74dd
2026-08-20T22:10:02+09:00,added,n97746e7e5893,m9b48174e163a
2026-08-20T22:10:02+09:00,added,n97746e7e5893,m0988ee24cf93
2026-08-20T22:10:02+09:00,added,n990df38aab54,m0f6484462f7f
2026-08-20T22:10:02+09:00,added,n990df38aab54,m3d9ca088d1fb
2026-08-20T22:10:02+09:00,added,n990df38aab54,m26631bce74dd
2026-08-20T22:10:02+09:00,added,n990df38aab54,m0988ee24cf93
2026-08-20T22:10:02+09:00,added,n990df38aab54,m4eb56c8bcbc2
2026-08-20T22:10:02+09:00,added,n33e3c3863799,m0f6484462f7f
2026-08-20T22:10:02+09:00,added,n33e3c3863799,m3ff81c0d23db
2026-08-20T22:10:02+09:00,added,n33e3c3863799,mfe68cbfb11da
2026-08-20T22:10:02+09:00,added,n33e3c3863799,m5e54fbcf6675
2026-08-20T22:10:02+09:00,added,n33e3c3863799,m4234ae309a43
2026-08-20T22:10:02+09:00,added,n33e3c3863799,m7325f611df66
2026-08-20T22:10:02+09:00,added,n33e3c3863799,m0988ee24cf93
2026-08-20T22:10:02+09:00,added,nbbc01ede8c5f,m8f50c2311d35
2026-08-20T22:10:02+09:00,added,nbbc01ede8c5f,m0f6484462f7f
2026-08-20T22:10:02+09:00,added,nbbc01ede8c5f,m7325f611df66
2026-08-20T22:10:02+09:00,added,nbbc01ede8c5f,m26631bce74dd
2026-08-20T22:10:02+09:00,added,nbbc01ede8c5f,m9cb66ab6d266
2026-08-20T22:10:02+09:00,added,n5338b03653c8,m7325f611df66
2026-08-20T22:10:02+09:00,added,n5338b03653c8,m0f6484462f7f
2026-08-20T22:10:02+09:00,added,n5338b03653c8,md5a7d5d7534c
2026-08-20T22:10:02+09:00,added,n5338b03653c8,m2b8747d2fb88
2026-08-20T22:10:02+09:00,added,n5338b03653c8,mcd9b664d59b6
2026-08-20T22:10:02+09:00,added,n5338b03653c8,m5e54fbcf6675
2026-08-20T22:10:02+09:00,added,n5338b03653c8,m3d538212a7f5
2026-08-20T22:10:02+09:00,added,n234a5c45f0a9,m5e54fbcf6675
2026-08-20T22:10:02+09:00,added,n234a5c45f0a9,m7325f611df66
2026-08-20T22:10:02+09:00,added,n234a5c45f0a9,m0f6484462f7f
2026-08-20T22:10:02+09:00,added,n234a5c45f0a9,me759d1c27fae
2026-08-20T22:10:02+09:00,added,na701d82a6f74,m97203b1ad97c
2026-08-20T22:10:02+09:00,added,na701d82a6f74,m8f50c2311d35
2026-08-20T22:10:02+09:00,added,na701d82a6f74,ma7f0c5b5d76e
2026-08-20T22:10:02+09:00,added,na701d82a6f74,m7325f611df66
2026-08-20T22:10:02+09:00,added,na701d82a6f74,m26631bce74dd
2026-08-20T22:10:02+09:00,added,na701d82a6f74,m71579a6f4222
2026-08-20T22:10:02+09:00,added,na701d82a6f74,m5bdd94e01dac
2026-08-20T22:10:02+09:00,added,na701d82a6f74,m0f6484462f7f
2026-08-20T22:10:02+09:00,added,na701d82a6f74,m12d57af300cb
2026-08-20T22:10:02+09:00,added,na701d82a6f74,m1b3a3421c2e3
2026-08-20T22:10:02+09:00,added,na701d82a6f74,mdac3bfb67e3e
2026-08-20T22:10:02+09:00,added,na701d82a6f74,m5c5502053c08
2026-08-20T22:10:02+09:00,added,na701d82a6f74,m2aedf61ec5aa
2026-08-20T22:10:02+09:00,added,na701d82a6f74,m72ba40851c43
2026-08-20T22:10:02+09:00,added,na701d82a6f74,mf873a03abe79
2026-08-20T22:10:02+09:00,added,na701d82a6f74,me39940554e5a
2026-08-20T22:10:02+09:00,added,na701d82a6f74,mdd702710eeb9
2026-08-20T22:10:02+09:00,added,na701d82a6f74,m5e73b64286c2
2026-08-20T22:10:02+09:00,added,na701d82a6f74,m155f8fdb5ab9
2026-08-20T22:10:02+09:00,added,na701d82a6f74,mcbee9243254d
2026-08-20T22:10:02+09:00,added,na701d82a6f74,m0ae9e4d38d7d
2026-08-20T22:10:02+09:00,added,na701d82a6f74,mfc9d03c23504
2026-08-20T22:10:02+09:00,added,na701d82a6f74,m2f606beba19e
2026-08-20T22:10:02+09:00,added,na701d82a6f74,m2ea72595cf8d
2026-08-20T22:10:02+09:00,added,n2ce80e40cd84,m0f6484462f7f
2026-08-20T22:10:02+09:00,added,n2ce80e40cd84,m12d57af300cb
2026-08-20T22:10:02+09:00,added,n2ce80e40cd84,mc6b9890b3102
2026-08-20T22:10:02+09:00,added,n2ce80e40cd84,me39940554e5a
2026-08-20T22:10:02+09:00,added,n2ce80e40cd84,m17f76b944423
2026-08-20T22:10:02+09:00,added,n2ce80e40cd84,mf9eb5baf8361
2026-08-20T22:10:02+09:00,added,n2ce80e40cd84,madddf22b81a3
2026-08-20T22:10:02+09:00,added,n74866ab7d974,mae7d87e63b56
2026-08-20T22:10:02+09:00,added,n74866ab7d974,m8f50c2311d35
2026-08-20T22:10:02+09:00,added,n74866ab7d974,mcd9b664d59b6
2026-08-20T22:10:02+09:00,added,n74866ab7d974,m26631bce74dd
2026-08-20T22:10:02+09:00,added,n74866ab7d974,m0f6484462f7f
2026-08-20T22:10:02+09:00,added,n74866ab7d974,m5bdd94e01dac
2026-08-20T22:10:02+09:00,added,n74866ab7d974,m7325f611df66
2026-08-20T22:10:02+09:00,added,n74866ab7d974,m7f2990ab5a61
2026-08-20T22:10:02+09:00,added,n74866ab7d974,me0a7e3361736
2026-08-20T22:10:02+09:00,added,n74866ab7d974,m12d57af300cb
2026-08-20T22:10:02+09:00,added,n74866ab7d974,mcbee9243254d
2026-08-20T22:10:02+09:00,added,n74866ab7d974,m0988ee24cf93
2026-08-20T22:10:02+09:00,added,n74866ab7d974,m4eb56c8bcbc2
2026-08-20T22:10:02+09:00,added,na9f7c9d979a7,mae7d87e63b56
2026-08-20T22:10:02+09:00,added,na9f7c9d979a7,m0f6484462f7f
2026-08-20T22:10:02+09:00,added,na9f7c9d979a7,m3ff81c0d23db
2026-08-20T22:10:02+09:00,added,na9f7c9d979a7,m7325f611df66
2026-08-20T22:10:02+09:00,added,na9f7c9d979a7,m5e54fbcf6675
2026-08-20T22:10:02+09:00,added,na9f7c9d979a7,m26631bce74dd
2026-08-20T22:10:02+09:00,added,na9f7c9d979a7,m5f5757e710dc
2026-08-20T22:10:02+09:00,added,na9f7c9d979a7,m12d57af300cb
2026-08-20T22:10:02+09:00,added,na9f7c9d979a7,mc2432d21c5bb
2026-08-20T22:10:02+09:00,added,na9f7c9d979a7,m0988ee24cf93
2026-08-20T22:10:02+09:00,added,nde9807976547,mae7d87e63b56
2026-08-20T22:10:02+09:00,added,nde9807976547,m4870f440d18d
2026-08-20T22:10:02+09:00,added,nde9807976547,m1bcbd19c17af
2026-08-20T22:10:02+09:00,added,nde9807976547,m0f6484462f7f
2026-08-20T22:10:02+09:00,added,nde9807976547,m26631bce74dd
2026-08-20T22:10:02+09:00,added,nde9807976547,mcd9b664d59b6
2026-08-20T22:10:02+09:00,added,nde9807976547,mdfcf232ad3c5
2026-08-20T22:10:02+09:00,added,nde9807976547,m7325f611df66
2026-08-20T22:10:02+09:00,added,nde9807976547,m12d57af300cb
2026-08-20T22:10:02+09:00,added,nde9807976547,m0988ee24cf93
2026-08-20T22:10:02+09:00,added,nde9807976547,m4eb56c8bcbc2
2026-08-20T22:10:02+09:00,added,nceb115a43e7a,m5bdd94e01dac
2026-08-20T22:10:02+09:00,added,nceb115a43e7a,m7325f611df66
2026-08-20T22:10:02+09:00,added,nceb115a43e7a,m0988ee24cf93
2026-08-20T22:10:02+09:00,added,nc0965c1a5747,mae7d87e63b56
2026-08-20T22:10:02+09:00,added,nc0965c1a5747,m26631bce74dd
2026-08-20T22:10:02+09:00,added,nc0965c1a5747,m7325f611df66
2026-08-20T22:10:02+09:00,added,n62715c625cc8,mae7d87e63b56
2026-08-20T22:10:02+09:00,added,n62715c625cc8,m8f50c2311d35
2026-08-20T22:10:02+09:00,added,n62715c625cc8,me40727335eb0
2026-08-20T22:10:02+09:00,added,n62715c625cc8,ma7f0c5b5d76e
2026-08-20T22:10:02+09:00,added,n62715c625cc8,m0f6484462f7f
2026-08-20T22:10:02+09:00,added,n62715c625cc8,m26631bce74dd
2026-08-20T22:10:02+09:00,added,n62715c625cc8,mcbee9243254d
2026-08-20T22:10:02+09:00,added,n62715c625cc8,m5bdd94e01dac
2026-08-20T22:10:02+09:00,added,n62715c625cc8,m7325f611df66
2026-08-20T22:10:02+09:00,added,n62715c625cc8,m9b48174e163a
2026-08-20T22:10:02+09:00,added,n2b41d6fb0997,mae7d87e63b56
2026-08-20T22:10:02+09:00,added,n2b41d6fb0997,mebdd70aa07e1
2026-08-20T22:10:02+09:00,added,n2b41d6fb0997,m0f6484462f7f
2026-08-20T22:10:02+09:00,added,n2b41d6fb0997,m17f76b944423
2026-08-20T22:10:02+09:00,added,n2b41d6fb0997,m23c1b65814a0
2026-08-20T22:10:02+09:00,added,n2b41d6fb0997,mf9eb5baf8361
2026-08-20T22:10:02+09:00,added,n10f2027693f1,mae7d87e63b56
2026-08-20T22:10:02+09:00,added,n10f2027693f1,m7325f611df66
2026-08-20T22:10:02+09:00,added,nb22bfb5e3679,mae7d87e63b56
2026-08-20T22:10:02+09:00,added,nb22bfb5e3679,m0f6484462f7f
2026-08-20T22:10:02+09:00,added,nb22bfb5e3679,m87f25c8ab4b1
2026-08-20T22:10:02+09:00,added,nb22bfb5e3679,m7325f611df66
2026-08-20T22:10:02+09:00,added,nb22bfb5e3679,mf1f167486e80
2026-08-20T22:10:02+09:00,added,nb22bfb5e3679,m7db9e0989306
2026-08-20T22:10:02+09:00,added,nd9ef03594a3c,mae7d87e63b56
2026-08-20T22:10:02+09:00,added,nd9ef03594a3c,m8f50c2311d35
2026-08-20T22:10:02+09:00,added,nd9ef03594a3c,m7325f611df66
2026-08-20T22:10:02+09:00,added,nd9ef03594a3c,mcd9b664d59b6
2026-08-20T22:10:02+09:00,added,nd9ef03594a3c,m0f6484462f7f
2026-08-20T22:10:02+09:00,added,nd9ef03594a3c,m26631bce74dd
2026-08-20T22:10:02+09:00,added,nd9ef03594a3c,meaf86c17e1d8
2026-08-20T22:10:02+09:00,added,nd9ef03594a3c,m4eb56c8bcbc2
2026-08-20T22:10:02+09:00,added,n2a16794027a5,m26631bce74dd
2026-08-20T22:10:02+09:00,added,n2a16794027a5,m7325f611df66
2026-08-20T22:10:02+09:00,added,n21ae8a21a1eb,m8f50c2311d35
2026-08-20T22:10:02+09:00,added,n21ae8a21a1eb,mae7d87e63b56
2026-08-20T22:10:02+09:00,added,n21ae8a21a1eb,m0f6484462f7f
2026-08-20T22:10:02+09:00,added,n21ae8a21a1eb,m3ff81c0d23db
2026-08-20T22:10:02+09:00,added,n21ae8a21a1eb,m26631bce74dd
2026-08-20T22:10:02+09:00,added,n21ae8a21a1eb,mc480f7fda23e
2026-08-20T22:10:02+09:00,added,n21ae8a21a1eb,mb2b0a6dbd93d
2026-08-20T22:10:02+09:00,added,n21ae8a21a1eb,mcbee9243254d
2026-08-20T22:10:02+09:00,added,n21ae8a21a1eb,m5bdd94e01dac
2026-08-20T22:10:02+09:00,added,n21ae8a21a1eb,m7325f611df66
2026-08-20T22:10:02+09:00,added,n6475948cc3ee,mae7d87e63b56
2026-08-20T22:10:02+09:00,added,n6475948cc3ee,m26631bce74dd
2026-08-20T22:10:02+09:00,added,n6475948cc3ee,m0f6484462f7f
2026-08-20T22:10:02+09:00,added,n6475948cc3ee,m87f25c8ab4b1
2026-08-20T22:10:02+09:00,added,n6475948cc3ee,m5bdd94e01dac
2026-08-20T22:10:02+09:00,added,n6475948cc3ee,m7325f611df66
2026-08-20T22:10:02+09:00,added,n6475948cc3ee,mcbee9243254d
2026-08-20T22:10:02+09:00,added,n4f0ed7cf90c3,m0f6484462f7f
2026-08-20T22:10:02+09:00,added,n4f0ed7cf90c3,m26631bce74dd
2026-08-20T22:10:02+09:00,added,n4f0ed7cf90c3,m7325f611df66
2026-08-20T22:10:02+09:00,added,n969732eca297,mae7d87e63b56
2026-08-20T22:10:02+09:00,added,n969732eca297,mc6b9890b3102
2026-08-20T22:10:02+09:00,added,n969732eca297,m0f6484462f7f
2026-08-20T22:10:02+09:00,added,n969732eca297,m8531e02a2f58
2026-08-20T22:10:02+09:00,added,n969732eca297,m26631bce74dd
2026-08-20T22:10:02+09:00,added,n969732eca297,mad0dcca8d03e
2026-08-20T22:10:02+09:00,added,n969732eca297,m5bdd94e01dac
2026-08-20T22:10:02+09:00,added,n969732eca297,m17f76b944423
2026-08-20T22:10:02+09:00,added,n969732eca297,m23c1b65814a0
2026-08-20T22:10:02+09:00,added,n969732eca297,mf9eb5baf8361
2026-08-20T22:10:02+09:00,added,n969732eca297,madddf22b81a3
2026-08-20T22:10:02+09:00,added,n552d16f68de3,m8f50c2311d35
2026-08-20T22:10:02+09:00,added,n552d16f68de3,m2dcb848f8d08
2026-08-20T22:10:02+09:00,added,n552d16f68de3,m0f6484462f7f
2026-08-20T22:10:02+09:00,added,n552d16f68de3,m7325f611df66
2026-08-20T22:10:02+09:00,added,n552d16f68de3,m36e9f57e3df0
2026-08-20T22:10:02+09:00,added,n552d16f68de3,mcbee9243254d
2026-08-20T22:10:02+09:00,added,n552d16f68de3,m26631bce74dd
2026-08-20T22:10:02+09:00,added,n552d16f68de3,m5bdd94e01dac
2026-08-20T22:10:02+09:00,added,nac5bd332b70e,m3ff81c0d23db
2026-08-20T22:10:02+09:00,added,nac5bd332b70e,m7325f611df66
2026-08-20T22:10:02+09:00,added,nac5bd332b70e,m76b37a54b292
2026-08-20T22:10:02+09:00,added,nff0bea561a3e,m8f50c2311d35
2026-08-20T22:10:02+09:00,added,nff0bea561a3e,m87f25c8ab4b1
2026-08-20T22:10:02+09:00,added,nff0bea561a3e,mcb7b7009a6c2
2026-08-20T22:10:02+09:00,added,nff0bea561a3e,m7325f611df66
2026-08-20T22:10:02+09:00,added,nff0bea561a3e,m26631bce74dd
2026-08-20T22:10:02+09:00,added,nff0bea561a3e,m5bdd94e01dac
2026-08-20T22:10:02+09:00,added,nff0bea561a3e,m7e46a705cb77
2026-08-20T22:10:02+09:00,added,n5bd1464f29f8,m0f6484462f7f
2026-08-20T22:10:02+09:00,added,n5bd1464f29f8,m7325f611df66
2026-08-20T22:10:02+09:00,added,n5bd1464f29f8,m2dcb848f8d08
2026-08-20T22:10:02+09:00,added,n5bd1464f29f8,m7671a45aa910
2026-08-20T22:10:02+09:00,added,n5bd1464f29f8,m965e76ed1a02
2026-08-20T22:10:02+09:00,added,n860455096fb3,m7325f611df66
2026-08-20T22:10:02+09:00,added,n860455096fb3,m3ff81c0d23db
2026-08-20T22:10:02+09:00,added,n860455096fb3,m2dcb848f8d08
2026-08-20T22:10:02+09:00,added,n860455096fb3,me759d1c27fae
2026-08-20T22:10:02+09:00,added,n1dc4fd00a11e,md5a7d5d7534c
2026-08-20T22:10:02+09:00,added,n1dc4fd00a11e,m8531e02a2f58
2026-08-20T22:10:02+09:00,added,n1dc4fd00a11e,m87f25c8ab4b1
2026-08-20T22:10:02+09:00,added,n1dc4fd00a11e,m2dcb848f8d08
2026-08-20T22:10:02+09:00,added,n1dc4fd00a11e,m7325f611df66
2026-08-20T22:10:02+09:00,added,nafc785c21e52,me0a7e3361736
2026-08-20T22:10:02+09:00,added,nafc785c21e52,m7325f611df66
2026-08-20T22:10:02+09:00,added,nafc785c21e52,m9cb66ab6d266
2026-08-20T22:10:02+09:00,added,nd49024123fc1,m3ff81c0d23db
2026-08-20T22:10:02+09:00,added,nd49024123fc1,m7325f611df66
2026-08-20T22:10:02+09:00,added,nd49024123fc1,meaf86c17e1d8
2026-08-20T22:10:02+09:00,added,nd49024123fc1,me759d1c27fae
2026-08-20T22:10:02+09:00,added,n0fe30ea53448,m7325f611df66
2026-08-20T22:10:02+09:00,added,n0fe30ea53448,mc3c452aad6f3
2026-08-20T22:10:02+09:00,added,nc119a2df65b1,m8f50c2311d35
2026-08-20T22:10:02+09:00,added,nc119a2df65b1,me40727335eb0
2026-08-20T22:10:02+09:00,added,nc119a2df65b1,m7325f611df66
2026-08-20T22:10:02+09:00,added,nc119a2df65b1,m0f6484462f7f
2026-08-20T22:10:02+09:00,added,nc119a2df65b1,m2dcb848f8d08
2026-08-20T22:10:02+09:00,added,nc119a2df65b1,me4a94f7fe10b
2026-08-20T22:10:02+09:00,added,nc119a2df65b1,mcbee9243254d
2026-08-20T22:10:02+09:00,added,nc119a2df65b1,meaf86c17e1d8
2026-08-20T22:10:02+09:00,added,nc119a2df65b1,m6f670db555cd
2026-08-20T22:10:02+09:00,added,nc119a2df65b1,m58e7c47f8088
2026-08-20T22:10:02+09:00,added,nc119a2df65b1,m5bdd94e01dac
2026-08-20T22:10:02+09:00,added,nc119a2df65b1,me33d81b9d64d
2026-08-20T22:10:02+09:00,added,nc119a2df65b1,m367178b3f457
2026-08-20T22:10:02+09:00,added,nc119a2df65b1,mdfcf232ad3c5
2026-08-20T22:10:02+09:00,added,nc119a2df65b1,m0b66fe3b8224
2026-08-20T22:10:02+09:00,added,nc119a2df65b1,m0988ee24cf93
2026-08-20T22:10:02+09:00,added,nc119a2df65b1,m775d9cc27c90
2026-08-20T22:10:02+09:00,added,nc119a2df65b1,mde4c96ef2f7a
2026-08-20T22:10:02+09:00,added,nc119a2df65b1,m90ac81cf803b
2026-08-20T22:10:02+09:00,added,nc119a2df65b1,m248ca3ee7087
2026-08-20T22:10:02+09:00,added,nc119a2df65b1,mdd702710eeb9
2026-08-20T22:10:02+09:00,added,nc119a2df65b1,m76b37a54b292
2026-08-20T22:10:02+09:00,added,nc119a2df65b1,m9b48174e163a
2026-08-20T22:10:02+09:00,added,nc119a2df65b1,m11f968fbad6d
2026-08-20T22:10:02+09:00,added,nc119a2df65b1,m04367e7cf8fa
2026-08-20T22:10:02+09:00,added,nc119a2df65b1,m067199919470
2026-08-20T22:10:02+09:00,added,nc119a2df65b1,m3032113cbb05
2026-08-20T22:10:02+09:00,added,nc119a2df65b1,m4eb56c8bcbc2
2026-08-20T22:10:02+09:00,added,nc119a2df65b1,m47ad56a9b500
2026-08-20T22:10:02+09:00,added,n742a73bb580f,m7325f611df66
2026-08-20T22:10:02+09:00,added,n742a73bb580f,m26631bce74dd
2026-08-20T22:10:02+09:00,added,n742a73bb580f,meaf86c17e1d8
2026-08-20T22:10:02+09:00,added,n742a73bb580f,m5bdd94e01dac
2026-08-20T22:10:02+09:00,added,n742a73bb580f,mcbee9243254d
2026-08-20T22:10:02+09:00,added,n742a73bb580f,m9cb66ab6d266
2026-08-20T22:10:02+09:00,added,n779c0520c2c6,m7325f611df66
2026-08-20T22:10:02+09:00,added,n37f8773ddd8e,m5e54fbcf6675
2026-08-20T22:10:02+09:00,added,n37f8773ddd8e,m2dcb848f8d08
2026-08-20T22:10:02+09:00,added,n37f8773ddd8e,m7325f611df66
2026-08-20T22:10:02+09:00,added,n1e72e4935c69,mc6b9890b3102
2026-08-20T22:10:02+09:00,added,n1e72e4935c69,md5a7d5d7534c
2026-08-20T22:10:02+09:00,added,n1e72e4935c69,mad0dcca8d03e
2026-08-20T22:10:02+09:00,added,n1e72e4935c69,m17f76b944423
2026-08-20T22:10:02+09:00,added,n1e72e4935c69,m23c1b65814a0
2026-08-20T22:10:02+09:00,added,n1e72e4935c69,madddf22b81a3
2026-08-20T22:10:02+09:00,added,nbfffc455fd21,m7325f611df66
2026-08-20T22:10:02+09:00,added,nbfffc455fd21,m5bdd94e01dac
2026-08-20T22:10:02+09:00,added,n732ab70be001,m7325f611df66
2026-08-20T22:10:02+09:00,added,n732ab70be001,m4eb56c8bcbc2
2026-08-20T22:10:02+09:00,added,n4c134546bce8,m7325f611df66
2026-08-20T22:10:02+09:00,added,n4c134546bce8,m2dcb848f8d08
2026-08-20T22:10:02+09:00,added,n4c134546bce8,m4eb56c8bcbc2
2026-08-20T22:10:02+09:00,added,nd517b7f0cd2e,m26631bce74dd
2026-08-20T22:10:02+09:00,added,nd517b7f0cd2e,m87f25c8ab4b1
2026-08-20T22:10:02+09:00,added,nd517b7f0cd2e,m0f6484462f7f
2026-08-20T22:10:02+09:00,added,nd517b7f0cd2e,m5bdd94e01dac
2026-08-20T22:10:02+09:00,added,nd517b7f0cd2e,mcbee9243254d
2026-08-20T22:10:02+09:00,added,nd517b7f0cd2e,m7325f611df66
2026-08-20T22:10:02+09:00,added,nd517b7f0cd2e,m72ba40851c43
2026-08-20T22:10:02+09:00,added,nd517b7f0cd2e,m4eb56c8bcbc2
2026-08-20T22:10:02+09:00,added,n08adc720072e,m7325f611df66
2026-08-20T22:10:02+09:00,added,n08adc720072e,m9cb66ab6d266
2026-08-20T22:10:02+09:00,added,na4f712ebd8c3,m26631bce74dd
2026-08-20T22:10:02+09:00,added,na4f712ebd8c3,m7325f611df66
2026-08-20T22:10:02+09:00,added,ne5db80d5a100,m26631bce74dd
2026-08-20T22:10:02+09:00,added,ne5db80d5a100,mcbee9243254d
2026-08-20T22:10:02+09:00,added,ne5db80d5a100,m8f50c2311d35
2026-08-20T22:10:02+09:00,added,ne5db80d5a100,m5bdd94e01dac
2026-08-20T22:10:02+09:00,added,ne5db80d5a100,m0f6484462f7f
2026-08-20T22:10:02+09:00,added,ne5db80d5a100,meaf86c17e1d8
2026-08-20T22:10:02+09:00,added,ne5db80d5a100,m72ba40851c43
2026-08-20T22:10:02+09:00,added,n707aa25e63ba,m7325f611df66
2026-08-20T22:10:02+09:00,added,n480ba1f0f964,m3dae738ba1c1
2026-08-20T22:10:02+09:00,added,nf2f659d72007,m3dae738ba1c1
2026-08-20T22:10:02+09:00,added,n6e6ebeabe960,m8531e02a2f58
2026-08-20T22:10:02+09:00,added,n6e6ebeabe960,mcc8c36323777
2026-08-20T22:10:02+09:00,added,n6e6ebeabe960,m3dae738ba1c1
2026-08-20T22:10:02+09:00,added,n1584dc171972,m5bdd94e01dac
2026-08-20T22:10:02+09:00,added,n1584dc171972,mcbee9243254d
2026-08-20T22:10:02+09:00,added,n1584dc171972,meaf86c17e1d8
2026-08-20T22:10:02+09:00,added,n82273af9a338,m5bdd94e01dac
2026-08-20T22:10:02+09:00,added,n82273af9a338,mcbee9243254d
2026-08-20T22:10:02+09:00,added,n82273af9a338,m5542e6bb2dac
2026-08-20T22:10:02+09:00,added,n82273af9a338,m6484622342c0
2026-08-20T22:10:02+09:00,added,n82273af9a338,m9cb66ab6d266
2026-08-20T22:10:02+09:00,added,n82273af9a338,m3dae738ba1c1
2026-08-20T22:10:02+09:00,added,n452e9867f6a3,mcbee9243254d
2026-08-20T22:10:02+09:00,added,n452e9867f6a3,m26631bce74dd
2026-08-20T22:10:02+09:00,added,n452e9867f6a3,m7a211e791d81
2026-08-20T22:10:02+09:00,added,n452e9867f6a3,m0f6484462f7f
2026-08-20T22:10:02+09:00,added,n452e9867f6a3,mf5140383ad51
2026-08-20T22:10:02+09:00,added,n452e9867f6a3,m5bdd94e01dac
2026-08-20T22:10:02+09:00,added,n452e9867f6a3,m2dcb848f8d08
2026-08-20T22:10:02+09:00,added,n452e9867f6a3,m8531e02a2f58
2026-08-20T22:10:02+09:00,added,n452e9867f6a3,me4a94f7fe10b
2026-08-20T22:10:02+09:00,added,n452e9867f6a3,me0a7e3361736
2026-08-20T22:10:02+09:00,added,n452e9867f6a3,mae7d87e63b56
2026-08-20T22:10:02+09:00,added,n452e9867f6a3,mc3c452aad6f3
2026-08-20T22:10:02+09:00,added,n452e9867f6a3,m016668fc27da
2026-08-20T22:10:02+09:00,added,n452e9867f6a3,m3ab816915c88
2026-08-20T22:10:02+09:00,added,n452e9867f6a3,m7325f611df66
2026-08-20T22:10:02+09:00,added,n452e9867f6a3,m29570292c1bc
2026-08-20T22:10:02+09:00,added,n452e9867f6a3,m477950f031a4
2026-08-20T22:10:02+09:00,added,n452e9867f6a3,m0988ee24cf93
2026-08-20T22:10:02+09:00,added,n452e9867f6a3,m9577a282f0ed
2026-08-20T22:10:02+09:00,added,n452e9867f6a3,m796bff88d394
2026-08-20T22:10:02+09:00,added,n8afb3716f2d3,mdd702710eeb9
2026-08-20T22:10:02+09:00,added,n62f4c5a10c6a,m5bdd94e01dac
2026-08-20T22:10:02+09:00,added,n62f4c5a10c6a,mdd557951046e
2026-08-20T22:10:02+09:00,added,n62f4c5a10c6a,mb47b41afa0e2
2026-08-20T22:10:02+09:00,added,n62f4c5a10c6a,m0988ee24cf93
2026-08-20T22:10:02+09:00,added,n62f4c5a10c6a,mdd702710eeb9
2026-08-20T22:10:02+09:00,added,n62f4c5a10c6a,mdb1531090460
2026-08-20T22:10:02+09:00,added,n62f4c5a10c6a,m53a3c3b5d431
2026-08-20T22:10:02+09:00,added,n62f4c5a10c6a,mf2abfea66ec7
2026-08-20T22:10:02+09:00,added,n62f4c5a10c6a,m862869c2ff9e
2026-08-20T22:10:02+09:00,added,n62f4c5a10c6a,m349b3be90eb0
2026-08-20T22:10:02+09:00,added,n62f4c5a10c6a,m389d15e5ca81
2026-08-21T05:44:46+09:00,added,nde1f66baed88,me39940554e5a
2026-08-21T11:01:18+09:00,added,n71a38fd13806,m26631bce74dd
2026-08-21T14:05:33+09:00,added,nde1f66baed88,m2ea72595cf8d
2026-08-21T14:05:33+09:00,added,nde1f66baed88,mcf500208b8d9
2026-08-21T14:05:33+09:00,added,nf804ff6623e4,mb79a1488c282
2026-08-21T14:05:33+09:00,added,nc856ec89c42c,m5f0053fd9a0e
2026-08-21T17:43:26+09:00,added,n41a08219edfb,m366756297795
2026-08-21T17:43:26+09:00,added,n41a08219edfb,m17f76b944423
2026-08-21T17:43:26+09:00,added,n41a08219edfb,m16095e384518
2026-08-21T17:43:26+09:00,added,n41a08219edfb,me83c41145054
2026-08-21T17:43:26+09:00,added,nde1f66baed88,mbe0b53f0ac52
2026-08-21T17:43:26+09:00,added,nde1f66baed88,m28654e6bea0e
2026-08-21T17:43:26+09:00,added,nde1f66baed88,m8f8cb1f85570
2026-08-21T17:43:26+09:00,added,n71a38fd13806,m547e9622e50b
2026-08-21T17:43:26+09:00,added,n71a38fd13806,mb3dc2cd9766e
2026-08-21T17:43:26+09:00,added,n71a38fd13806,m63b6a77b3908
2026-08-21T17:43:26+09:00,added,n71a38fd13806,m30a248399fe0
2026-08-21T21:39:37+09:00,added,n41a08219edfb,m28654e6bea0e
2026-08-21T21:39:37+09:00,added,n41a08219edfb,mae7d87e63b56
2026-08-21T21:39:37+09:00,added,n41a08219edfb,m389d15e5ca81
2026-08-21T21:39:37+09:00,added,nde1f66baed88,m75dba2f0793c
2026-08-21T21:39:37+09:00,added,nde1f66baed88,ma7f0c5b5d76e
2026-08-21T21:39:37+09:00,added,nde1f66baed88,m46a2519eae0a
2026-08-21T21:39:37+09:00,added,n71a38fd13806,mc08cb4916e00
2026-08-22T01:57:49+09:00,added,nde1f66baed88,mef3e6ed657c6
2026-08-22T10:53:59+09:00,added,nc1b330f4d998,m24cf9cd46e85
2026-08-22T13:58:44+09:00,added,nde1f66baed88,m547e9622e50b
2026-08-22T13:58:44+09:00,added,nde1f66baed88,mb3dc2cd9766e
2026-08-22T17:33:44+09:00,added,n71a38fd13806,mef3e6ed657c6
2026-08-22T21:33:58+09:00,added,n41a08219edfb,mcf500208b8d9
2026-08-22T21:33:58+09:00,added,n71a38fd13806,m0988ee24cf93
2026-08-22T21:33:58+09:00,added,nc1b330f4d998,ma7f0c5b5d76e
2026-08-22T21:33:58+09:00,added,n9f2e567d4840,mcf500208b8d9
2026-08-23T01:50:02+09:00,added,n5bb0e1bf8fa0,m366756297795
2026-08-23T01:50:02+09:00,added,n5bb0e1bf8fa0,m16095e384518
2026-08-23T01:50:02+09:00,added,n5bb0e1bf8fa0,me83c41145054
2026-08-23T01:50:02+09:00,added,n5bb0e1bf8fa0,mae7d87e63b56
2026-08-23T01:50:02+09:00,added,n5bb0e1bf8fa0,m2788185b81a0
2026-08-23T01:50:02+09:00,added,n5bb0e1bf8fa0,me39940554e5a
2026-08-23T11:03:44+09:00,added,n5bb0e1bf8fa0,m3ff81c0d23db
2026-08-23T14:04:17+09:00,added,n5bb0e1bf8fa0,m547e9622e50b
2026-08-23T14:04:17+09:00,added,n5bb0e1bf8fa0,mb3dc2cd9766e
2026-08-23T14:04:17+09:00,added,n5bb0e1bf8fa0,m2ea72595cf8d
2026-08-23T17:34:49+09:00,added,n5bb0e1bf8fa0,m78fe3ff241ce
2026-08-23T17:34:49+09:00,added,n5bb0e1bf8fa0,mcf500208b8d9
2026-08-23T21:35:25+09:00,added,nd3993d2d0017,m366756297795
2026-08-23T21:35:25+09:00,added,nd3993d2d0017,m16095e384518
2026-08-23T21:35:25+09:00,added,n5bb0e1bf8fa0,m28654e6bea0e
2026-08-23T21:35:25+09:00,added,n5bb0e1bf8fa0,me266a96c8893
2026-08-23T21:35:25+09:00,added,n5bb0e1bf8fa0,m05948736e17f
2026-08-23T21:35:25+09:00,added,n5bb0e1bf8fa0,mcff9b6cb3037
2026-08-23T21:35:25+09:00,added,n5bb0e1bf8fa0,m6d69812caeed
2026-08-23T21:35:25+09:00,added,n5bb0e1bf8fa0,m7325f611df66
2026-08-23T21:35:25+09:00,added,n5bb0e1bf8fa0,m54b2ccd56b12
2026-08-23T21:35:25+09:00,added,n5bb0e1bf8fa0,m92f1af23610d
2026-08-23T21:35:25+09:00,added,n41a08219edfb,ma8a6403571bc
2026-08-23T21:35:25+09:00,added,nde1f66baed88,m91249a22b368
2026-08-24T01:52:24+09:00,added,nd3993d2d0017,me83c41145054
2026-08-24T01:52:24+09:00,added,nd3993d2d0017,mad8d2935fc54
2026-08-24T01:52:24+09:00,added,nd3993d2d0017,m28654e6bea0e
2026-08-24T01:52:24+09:00,added,nd3993d2d0017,m2ea72595cf8d
2026-08-24T01:52:24+09:00,added,nd3993d2d0017,mae7d87e63b56
2026-08-24T01:52:24+09:00,added,nd3993d2d0017,m630b8dbd716f
2026-08-24T01:52:24+09:00,added,nd3993d2d0017,ma7f0c5b5d76e
2026-08-24T01:52:24+09:00,added,n5bb0e1bf8fa0,m26631bce74dd
2026-08-24T01:52:24+09:00,added,n71a38fd13806,m630b8dbd716f
