note_key,like_user_id,like_username,like_user_urlname,liked_at,follower_count
n34d6c85656ad,14297021,櫛名田なすか｜女王様の育て方,nasuka_queen,2026-06-02T11:14:41.000+09:00,1359
n34d6c85656ad,14567785,1歳♡あそびとそだち,baby_ouchiasobi,2026-06-02T01:40:19.000+09:00,65
n34d6c85656ad,14629363,てんてん｜ガチnoteでわくわく人生＠フォロバ100,ten10note,2026-06-02T01:05:37.000+09:00,367
n34d6c85656ad,12917744,商い学び【アリエくん】,arie_akinai,2026-06-01T23:05:22.000+09:00,338
n34d6c85656ad,13312115,りぼんぼん,sankasei,2026-06-01T22:42:03.000+09:00,53
n34d6c85656ad,10020917,クリプト運用ログ,nifty_gibbon7349,2026-06-01T20:24:53.000+09:00,175
n34d6c85656ad,14466458,ミナト｜男が一生手放せなくなる女性に,jazzy_weasel6671,2026-06-01T20:16:07.000+09:00,53
n34d6c85656ad,11416616,影武者コピーライター宮本真愿,5starcopy,2026-06-01T15:37:29.000+09:00,16047
n34d6c85656ad,8911867,ルルトアヤコ,lovely_coyote546,2026-06-01T06:37:17.000+09:00,2648
n34d6c85656ad,13927059,はる,haru_growth,2026-06-01T01:26:44.000+09:00,243
n34d6c85656ad,8554985,​へなちょこPM｜板挟みリーダーの処方箋,henachoko_pm,2026-05-31T19:58:22.000+09:00,623
n34d6c85656ad,12411966,ルー＝シャーナ（ルーシャーナ）｜感覚をことばにする往復便,jolly_lupine2962,2026-05-31T06:52:46.000+09:00,2299
n34d6c85656ad,13273619,Ryo,eager_ruff939,2026-05-31T06:07:33.000+09:00,459
n34d6c85656ad,2490558,だんだんありがと@めじゅ,dandan_arigato19,2026-05-30T21:49:02.000+09:00,335
n34d6c85656ad,2755847,小山 睦男　書籍コーディネータ,koyamamutsuo2020,2026-05-30T16:02:49.000+09:00,277
n34d6c85656ad,9474730,uchutune,uchutune3131,2026-05-30T12:56:37.000+09:00,68
n34d6c85656ad,4859491,スイッチくん🐻😊 │ 自作LLMを趣味で、開発🌈,switchkun_2103,2026-05-30T11:54:49.000+09:00,678
n34d6c85656ad,14604612,ひで｜忙しい40代管理職が、仕事と人生を再設計する話,hide_saisekkei,2026-05-30T09:29:15.000+09:00,176
n34d6c85656ad,11851846,マチ87 狂い咲きトレーダー,alert_twilight30,2026-05-30T09:04:19.000+09:00,22
n34d6c85656ad,10954862,もえ⌇自己嫌ウォンナの爆美女計画♡,moe_wellness,2026-05-30T08:49:21.000+09:00,182
n34d6c85656ad,12497228,がんばってネコ,light_whale8787,2026-05-29T20:42:39.000+09:00,5392
n34d6c85656ad,14184793,さや｜30代2児のワーママ🐱,aya_mikomiko,2026-05-28T19:03:52.000+09:00,50
n34d6c85656ad,14509001,うまみ博士の競馬予想noteの育て方｜収益化攻略,um_mi3108,2026-05-28T15:02:23.000+09:00,199
n34d6c85656ad,13655668,寄藤　淳,brave_ixora6196,2026-05-28T11:52:23.000+09:00,1407
n34d6c85656ad,1218500,さくら,sakura_wellness,2026-05-28T05:23:14.000+09:00,1314
n34d6c85656ad,1823248,白亜紀子のOL調査書,astroattack,2026-05-27T17:17:33.000+09:00,860
n34d6c85656ad,14594555,TERUPAN,firm_stilt1606,2026-05-26T22:31:08.000+09:00,54
n34d6c85656ad,14539857,千代おばぁ｜魂の音を聴く人,chiyo_ryukyu,2026-05-26T18:56:52.000+09:00,41
n34d6c85656ad,8988429,チェーンナー（繋げ家）,chainer2024,2026-05-26T18:45:29.000+09:00,793
n34d6c85656ad,12003168,神谷 まこと,mako_kamiya,2026-05-26T14:46:15.000+09:00,668
n34d6c85656ad,13531896,ゆい｜noteで副業,yui_works,2026-05-25T12:47:05.000+09:00,91
n34d6c85656ad,14330754,ふみ,fumix48,2026-05-25T12:19:27.000+09:00,115
n34d6c85656ad,12099053,福本 達生｜キャリアコーチ｜消耗する40代管理職のキャリアを再設計｜フォロバ100,porta921,2026-05-25T10:54:48.000+09:00,524
n34d6c85656ad,13133778,【無名 S note】18日でフォロワー1000名🚨連続収益中！！⚠40強・6共マガ運営 参加40🙆,ss_yr,2026-05-25T06:32:42.000+09:00,1746
n34d6c85656ad,14035080,nice,nice_bison6036,2026-05-25T01:41:42.000+09:00,327
n34d6c85656ad,14370158,そらのはな｜エッセイ集『Daily  Happiness』〜人生2周目ワーママの幸福感の高め方〜,hanahana_19,2026-05-24T21:14:31.000+09:00,324
n34d6c85656ad,13669840,kani ＠元接骨院院長が教える「技術で稼ぐ」現役物販プレーヤー戦略,brisk_vole3305,2026-05-24T15:54:21.000+09:00,1561
n34d6c85656ad,12465066,Shoji ｜未来小説,anomie1,2026-05-24T15:37:23.000+09:00,1208
n34d6c85656ad,14507504,mimi 🕊️✨🇫🇷,deep_willet7155,2026-05-24T05:18:52.000+09:00,123
n34d6c85656ad,8608633,ひこ｜大人女性の心を整える,hiko31,2026-05-23T20:40:28.000+09:00,177
n34d6c85656ad,12417301,すみれ,genial_wren230,2026-05-23T16:36:04.000+09:00,296
n34d6c85656ad,14126621,フリーマン,just_serval6544,2026-05-23T06:36:13.000+09:00,220
n34d6c85656ad,13930432,KeNsHi,honest_wolf4335,2026-05-23T01:00:31.000+09:00,311
n34d6c85656ad,10616245,賢者の羅針盤：こぐまパパが大切な人に伝えておきたいこと,fast_python9301,2026-05-23T00:03:39.000+09:00,2161
n34d6c85656ad,3843763,KEN@DX/AI布教したい,ken_hakodate,2026-05-22T17:46:35.000+09:00,432
n34d6c85656ad,11688108,Toy | note戦略家,toy_webwriting,2026-05-22T17:02:45.000+09:00,2687
n34d6c85656ad,14141396,ヒロミ｜note × AIで ”伝わる言葉”に,note_hiromi,2026-05-22T10:34:56.000+09:00,107
n34d6c85656ad,10405029,    榎本民夫　Tokyo Walks,tamio7,2026-05-21T16:07:52.000+09:00,104
n34d6c85656ad,14330717,rei_8ma,rei_8ma,2026-05-21T10:47:52.000+09:00,176
n34d6c85656ad,14557536,育休復帰ママ｜副収入の記録,haru108649,2026-05-21T10:47:02.000+09:00,50
n34d6c85656ad,13142916,不動産売却の相談窓口｜グリーンエステート,clean_shark3833,2026-05-20T09:59:36.000+09:00,67
n34d6c85656ad,11319112,じん,jin_sasagawa3939,2026-05-20T07:44:31.000+09:00,500
n34d6c85656ad,11001252,ぺぺ│note 分析狂い📝,pe_pe_72729,2026-05-19T22:38:13.000+09:00,294
n34d6c85656ad,11202311,きよ,just_holly304,2026-05-19T18:51:18.000+09:00,3372
n34d6c85656ad,14401723,Cardio AI Dr.,cardio_ai_dr,2026-05-19T12:58:36.000+09:00,467
n34d6c85656ad,9124907,朱鷺田 凜（ときた りん）,tokita_rin,2026-05-19T11:10:04.000+09:00,257
n34d6c85656ad,13943042,charm_agapan3424,charm_agapan3424,2026-05-19T01:10:10.000+09:00,25
n34d6c85656ad,11915247,SweatySwan,natty_dahlia1809,2026-05-18T23:28:59.000+09:00,64
n34d6c85656ad,10522112,花村 のの香,royal_color1204,2026-05-18T22:11:43.000+09:00,1120
n34d6c85656ad,9933409,誠実に、ひたむきに,real_hare9943,2026-05-18T20:22:47.000+09:00,2870
n34d6c85656ad,12668215,天馬｜学んでも変わらない人生が動き出すnote,tenma_black,2026-05-18T18:59:38.000+09:00,3544
n34d6c85656ad,9649692,60代から人生を変える人を増やす人｜NY駐在×成功法則×数字思考｜灘口悟,nadaguchi,2026-05-18T17:30:27.000+09:00,171
n34d6c85656ad,11485571,一木ピーエスエス,katumasa1ki,2026-05-18T13:32:36.000+09:00,689
n34d6c85656ad,10260114,九星気学   ひかり,cheeky_eider9622,2026-05-18T07:14:43.000+09:00,271
n34d6c85656ad,4468524,エム・健康オタク～ヘルスマスターになっちゃいました,m2cjackey,2026-05-18T06:31:44.000+09:00,168
n34d6c85656ad,3790291,金庫頭（キンコズ）｜肥満症×睡眠×副業,rough_ox,2026-05-18T01:51:18.000+09:00,124
n34d6c85656ad,6511512,酢ぅ￤引き寄せ体質研究家,mi0501_,2026-05-17T22:47:50.000+09:00,501
n34d6c85656ad,13699341,黒瀬リヒト｜彼の本音を読み解く人,kuroserihito,2026-05-17T22:26:12.000+09:00,340
n34d6c85656ad,14151019,AKI3,space_extra01,2026-05-17T22:03:15.000+09:00,104
n34d6c85656ad,14420564,あしたのソラ|AIエージェントで輝くマンガの未来を！,skatto_manga,2026-05-17T20:16:19.000+09:00,90
n34d6c85656ad,11905841,顔のない問い,sasoib_ehtal,2026-05-17T17:21:32.000+09:00,728
n34d6c85656ad,2829930,いず,ikuza_,2026-05-17T15:05:00.000+09:00,39
n34d6c85656ad,12184556,空波DX100%,happy_echium7563,2026-05-17T11:46:49.000+09:00,6864
n34d6c85656ad,14149890,夕凪しん,alert_walrus2857,2026-05-17T09:57:05.000+09:00,183
n34d6c85656ad,12512611,Kazu｜AI・IT熱狂中,eager_whale5073,2026-05-17T07:16:06.000+09:00,169
n34d6c85656ad,11807021,へろん,nifty_sheep7386,2026-05-16T10:33:06.000+09:00,910
n34d6c85656ad,1476854,ふじやま | 体力仕事×副業,fujiyama676,2026-05-16T00:53:53.000+09:00,367
n34d6c85656ad,13363750,人生の脚本家｜陽,aoki41mizuki,2026-05-15T17:26:29.000+09:00,1393
n34d6c85656ad,13107123,ランマッスル,runmuscle_m,2026-05-15T17:00:22.000+09:00,4000
n34d6c85656ad,9032239,ハマちゃん,juicy_raven6206,2026-05-15T10:49:18.000+09:00,970
n34d6c85656ad,12918347,Shinji,shin0108,2026-05-15T07:35:50.000+09:00,1406
n34d6c85656ad,636869,結／優しい営業と本音,noble_liger2902,2026-05-14T23:25:11.000+09:00,444
n34d6c85656ad,12618078,ひーちゃん｜奇跡の編集室,luminous_story,2026-05-13T20:48:13.000+09:00,188
n34d6c85656ad,11574500,ふらつき母ちゃん 〜今日も全力空回り！〜,dear_viper3924,2026-05-12T22:44:40.000+09:00,806
n34d6c85656ad,12380860,パタコ,auwa_44,2026-05-12T21:10:41.000+09:00,2290
n34d6c85656ad,5916716,ma ko,ma_ko_622,2026-05-12T20:28:29.000+09:00,1030
n34d6c85656ad,11543403,さとりのさとり,kopailog,2026-05-12T20:14:29.000+09:00,359
n34d6c85656ad,7453183,hatuankaikaku,hatuankaikaku,2026-05-12T09:35:46.000+09:00,177
n34d6c85656ad,12503829,gentlereads |.naru,vivid_panda7082,2026-05-11T20:24:14.000+09:00,1273
n34d6c85656ad,6194056,なるさん｜壊れた人生の立て直し方（60歳から）,narusan60,2026-05-11T15:01:51.000+09:00,255
n34d6c85656ad,13637621,月見草へらさん🌙🌼｜Smiling Soul,herarin_create,2026-05-11T14:18:08.000+09:00,11
n34d6c85656ad,5330022,Marie | まりーの小さな⚙️歯車⚙️ラボ🔬,marie_222,2026-05-11T13:34:08.000+09:00,23
n34d6c85656ad,6087017,きいぴくみん｜3児の父,kiipik,2026-05-11T13:09:28.000+09:00,229
n34d6c85656ad,13342286,とことこ（とこ）,vivid_cobra7942,2026-05-10T12:56:08.000+09:00,100
n34d6c85656ad,14418566,定年公務員“平 和彦”、極道に再就職,teinen_yakuza,2026-05-10T10:32:13.000+09:00,126
n34d6c85656ad,5929754,ごんべえななし,lovely_broom339,2026-05-10T01:20:52.000+09:00,559
n34d6c85656ad,13697162,Tammy｜国際交流大好きママ,sakura_tammy,2026-05-09T22:24:25.000+09:00,477
n34d6c85656ad,7564785,Legacy2AI,legacy2ai,2026-05-09T21:47:02.000+09:00,192
n34d6c85656ad,12400017,あんころ｜3児ママ×元看護師のリアルAI副業記録,naayu_tayu5,2026-05-09T20:52:07.000+09:00,453
n34d6c85656ad,13875756,ゴールデン,limber_lily8605,2026-05-09T13:44:27.000+09:00,19
n34d6c85656ad,13465300,koma29,koma29,2026-05-09T11:28:01.000+09:00,404
n34d6c85656ad,12149394,あめ｜AIとのくらし,ame_to_ai,2026-05-09T09:09:44.000+09:00,405
n34d6c85656ad,14103814,AI社会学と構造化の人,ai_structures,2026-05-08T05:57:42.000+09:00,237
n34d6c85656ad,4875168,北ノ,kitaoid,2026-05-08T01:25:42.000+09:00,322
n34d6c85656ad,13701406,腑に落ちるまで(ぼっちゃん改め),major_weasel1456,2026-05-07T21:50:15.000+09:00,92
n34d6c85656ad,13848029,のぶパパ｜療育日記,like_seal3854,2026-05-07T21:47:07.000+09:00,482
n34d6c85656ad,14129600,Yappy,natty_squid2349,2026-05-07T19:58:04.000+09:00,161
n34d6c85656ad,1273554,"MIURA,masami",science_miura,2026-05-07T19:11:59.000+09:00,180
n34d6c85656ad,10390902,ちかよりみち@🇩🇪ドイツ生活攻略家,chikayorimichi_5,2026-05-07T12:24:28.000+09:00,1092
n34d6c85656ad,12887126,風香@一級建築士,fuka_architect,2026-05-07T10:41:41.000+09:00,359
n34d6c85656ad,14294435,赤字から抜け出したいエリ,eri_kurashi,2026-05-07T10:06:47.000+09:00,18
n34d6c85656ad,8857122,うるるん,nice_daisy957,2026-05-06T09:36:33.000+09:00,995
n34d6c85656ad,13453279,あだかつ | ワインバー経営,quirky_acacia992,2026-05-05T14:27:55.000+09:00,825
n34d6c85656ad,13366653,ぱぴさん,papi_san,2026-05-05T08:39:01.000+09:00,291
n34d6c85656ad,13859029,まい｜やさしいnote収益化,latte0105,2026-05-05T07:16:49.000+09:00,1733
n34d6c85656ad,13715870,Misakiyajp,humble_python600,2026-05-04T15:02:54.000+09:00,389
n34d6c85656ad,11348845,デブおじさん　かがよし,good_weasel3616,2026-05-03T16:37:48.000+09:00,1119
n34d6c85656ad,13219393,蛍,nifty_tucan8721,2026-05-03T08:32:48.000+09:00,607
n34d6c85656ad,14152569,医師｜ストレスなくー10kgをかなえた。,clinic_sidework,2026-05-02T23:21:05.000+09:00,347
n34d6c85656ad,527544,mikisan18,mikisan18,2026-05-02T21:39:05.000+09:00,62
n34d6c85656ad,14106279,やす@自分を責める。。。心を軽くする思考回路の作り方,fit_hosta4015,2026-05-02T16:44:18.000+09:00,219
n34d6c85656ad,5246623,±%,nk688787,2026-05-02T15:40:02.000+09:00,149
n34d6c85656ad,3913824,yayo,yayo_0102,2026-05-02T08:20:17.000+09:00,60
n34d6c85656ad,9525271,ゴキタマサミチ｜よく考え、よく書き、よく笑い、よく学び直す,gokitamasamichi,2026-05-02T06:44:09.000+09:00,807
n34d6c85656ad,10750843,Takanashi（たかなし）,takanashi_note01,2026-05-01T21:52:29.000+09:00,1187
n34d6c85656ad,12377105,まるよか,yokayoka5103,2026-05-01T16:47:12.000+09:00,1361
n34d6c85656ad,14096244,けいさん【児童心理治療施設の施設長】,just_newt2661,2026-05-01T16:10:14.000+09:00,1026
n34d6c85656ad,13486213,PickUP!Freak's｜まったくモノを売る気がない、概念という名のセレクトショップ,pickupfreaks,2026-05-01T12:58:17.000+09:00,1577
n34d6c85656ad,11962066,ナオ🕊️,nao_nishiyama,2026-04-30T22:06:38.000+09:00,169
n34d6c85656ad,13327314,心理士ゆみこ｜支援者こそ、世界一幸せでいい。,innosense,2026-04-30T21:18:16.000+09:00,90
n34d6c85656ad,10999098,Tanuko,ol_tanuko_life,2026-04-30T18:52:22.000+09:00,828
n34d6c85656ad,13686487,凪｜言葉の避難所,nagi_nagi_0203,2026-04-30T18:39:29.000+09:00,214
n34d6c85656ad,7920122,からくからく,super_deer749,2026-04-30T08:21:54.000+09:00,304
n34d6c85656ad,14088963,保育園ごはんと食育｜あやころ先生🍽️,apt_ruff7986,2026-04-30T07:15:21.000+09:00,259
n34d6c85656ad,9054847,getgettk,getgetnew,2026-04-30T05:58:31.000+09:00,134
n34d6c85656ad,13468423,質感LoRA研究所(Floyo Creator)｜Floyo上位無料プロモコード配布中↓。,texture_lora_lab,2026-04-30T00:35:22.000+09:00,481
n34d6c85656ad,12737385,バーフ,berf,2026-04-29T14:37:01.000+09:00,275
n34d6c85656ad,8036190,福田裕,innervoice358,2026-04-29T13:38:00.000+09:00,1638
n34d6c85656ad,7423694,ヤス＠レス中の40代パパ,yasuyasu_02,2026-04-28T22:11:06.000+09:00,165
n34d6c85656ad,13987774,心羅みき｜感情の翻訳家/AIライフナビゲーター,kokora_miki,2026-04-28T21:46:52.000+09:00,127
n34d6c85656ad,12649413,だいち｜建築士の視点から,daichi_architect,2026-04-28T18:43:03.000+09:00,1175
n34d6c85656ad,13505095,いちごもん🍓,ichigo_mon,2026-04-28T09:42:31.000+09:00,605
n34d6c85656ad,14065526,みんなの筋トレ雑学【筋肉チャンネル】,kinnikutuu_yabai,2026-04-27T20:21:34.000+09:00,69
n34d6c85656ad,10452537,ごろう,goro_131241d,2026-04-27T19:12:05.000+09:00,1002
n34d6c85656ad,11464942,愛されマインド講師☆みずき,aisaremind,2026-04-27T15:41:38.000+09:00,400
n34d6c85656ad,11734084,Hiromi@在宅起業家さん・副業・フリーランスさんを全力で応援するマガジン,ramu_yuuki,2026-04-27T15:41:14.000+09:00,970
n34d6c85656ad,3330412,やまと　たける,0011naporeonn,2026-04-27T12:31:42.000+09:00,4485
n34d6c85656ad,12093791,🌸おはな＆🐕まめしばさん公式,eager_phlox2461,2026-04-27T10:07:02.000+09:00,1078
n34d6c85656ad,11877070,アルフレッド,game_system_alex,2026-04-27T07:23:22.000+09:00,2642
n34d6c85656ad,1909619,シゲク@note初心者全力応援,shigekumasaku,2026-04-26T21:14:40.000+09:00,6169
n34d6c85656ad,13925060,ダボハゼ　ごみ太郎,famous_wren6977,2026-04-26T17:20:25.000+09:00,271
n34d6c85656ad,11926236,長尾和,nagao_yawara,2026-04-25T19:47:49.000+09:00,367
n34d6c85656ad,13374670,爆速パイン🍍|  0→1応援,joyful_okapi9357,2026-04-25T19:30:55.000+09:00,6366
n34d6c85656ad,13564398,ことばの余白,ready_hornet3417,2026-04-25T15:11:07.000+09:00,263
n34d6c85656ad,11363994,Myung@みょんの好き推しnote🎯,sakura_buncho,2026-04-25T14:24:39.000+09:00,930
n34d6c85656ad,13189854,まりも,joyous_canna6109,2026-04-25T11:12:11.000+09:00,238
n34d6c85656ad,12271427,鳩麦 ヒナコ,hibi_ikiyo_0828,2026-04-25T09:40:48.000+09:00,34
n34d6c85656ad,12385127,超育休志向｜りさ ＆ ゆういち,comfamily_lab,2026-04-25T08:59:46.000+09:00,501
n34d6c85656ad,1491034,ぽけご｜AIを自分だけの記事クリエイターに育てる,pokego_ai,2026-04-25T07:33:30.000+09:00,1924
n34d6c85656ad,1044769,ひまひま,hima_hima_999,2026-04-24T18:42:18.000+09:00,10
n34d6c85656ad,3942218,きのこみや@週1投稿目標,blackqueen1978,2026-04-24T08:31:44.000+09:00,2174
n34d6c85656ad,13828484,そらとうみ｜そらぴぃ,leal_tapir945,2026-04-24T07:33:35.000+09:00,131
n34d6c85656ad,12366217,see2,chic_badger5419,2026-04-23T23:04:56.000+09:00,207
n34d6c85656ad,14218916,凛（りん）｜尽くして3年→設計を変えたら彼が動いた,rin_koidesign,2026-04-23T20:06:14.000+09:00,236
n34d6c85656ad,12609599,若々しさとはなんぞや？,wakawkashisa,2026-04-23T19:23:39.000+09:00,297
n34d6c85656ad,13586714,月あかり,risnomiekata,2026-04-22T21:18:37.000+09:00,102
n34d6c85656ad,11359513,安達｢チーム🦁｣｜AIと共闘し600を必達する者,takayukiadachi,2026-04-22T00:29:03.000+09:00,944
n34d6c85656ad,11837112,もぐら,mogurabooks,2026-04-21T20:42:09.000+09:00,214
n34d6c85656ad,11840255,鈴森よいほ｜AIコンテンツ／思想型クリエイター,yoiho25june,2026-04-21T19:38:19.000+09:00,961
n34d6c85656ad,13161722,おあつ,keen_pipit1182,2026-04-21T17:07:02.000+09:00,1514
n34d6c85656ad,13573046,ゆるテク,yurutech_lab,2026-04-21T07:40:37.000+09:00,76
n34d6c85656ad,6326357,棚島 香帆汰（たなしま かほた）,brave_bee548,2026-04-21T07:28:24.000+09:00,505
n34d6c85656ad,4472775,あまね〘ฅ՞•ﻌ•՞ฅฅ^•ﻌ•^ฅ〙,almabrillante,2026-04-21T00:22:07.000+09:00,842
n34d6c85656ad,11561590,かえるこ | Kaeruko,serene_pansy617,2026-04-20T19:28:51.000+09:00,4177
n34d6c85656ad,12668465,紅茶🫖｜ことばの庭,usagi_no_mimi_,2026-04-20T19:08:21.000+09:00,169
n34d6c85656ad,13066168,はるねずみ｜note副業０→１応援,kasegu5haru,2026-04-20T12:13:35.000+09:00,1551
n34d6c85656ad,5828006,まなつ/突出マイノリティ列伝,tosshutsu_m,2026-04-20T10:54:49.000+09:00,6133
n34d6c85656ad,13574007,🍀ベンジャミン🍀,noble_spirea7217,2026-04-20T10:00:07.000+09:00,767
n34d6c85656ad,8166572,ひゅー｜AI×分析｜考察と思考整理を楽しむ。note,hyu_nisworks,2026-04-20T09:58:04.000+09:00,398
n34d6c85656ad,13373261,coto&runa ,clean_hebe2268,2026-04-20T07:56:15.000+09:00,1
n34d6c85656ad,13236272,ZAKKY −営業サポート,mild_stoat3315,2026-04-20T06:59:43.000+09:00,273
n34d6c85656ad,6905415,豹子頭 林冲,hyousitou,2026-04-20T06:29:24.000+09:00,269
n34d6c85656ad,2869414,埼玉の裏仕事人,kiitto1968,2026-04-20T05:54:00.000+09:00,126
n34d6c85656ad,4887086,はんく・シュンタナ🐤『塩化ビニール系女子』AIクリエイター兼プロデューサー,hunk_shuntana,2026-04-20T02:02:57.000+09:00,618
n34d6c85656ad,11474190,断罪と慈愛の歌詠み師 UTAKO,bold_slug9390,2026-04-20T02:02:17.000+09:00,500
n34d6c85656ad,12516832,和田雄三｜AI×心理ブランディングデザイナー,glad_dill2129,2026-04-20T00:30:26.000+09:00,812
n34d6c85656ad,13405464,木漏れ日亭,komorebi_tei,2026-04-19T23:23:31.000+09:00,584
n34d6c85656ad,10175064,雪綴ゆき,wise_rat6355,2026-04-19T23:21:38.000+09:00,6352
n34d6c85656ad,13613385,羅生門SKY,codex_strategy,2026-04-19T23:01:17.000+09:00,418
n34d6c85656ad,5117192,石川厚,atsuut4,2026-04-19T22:51:08.000+09:00,98
n34d6c85656ad,12624691,あん｜noteと遊ぶ,aging_gracefully,2026-04-19T22:50:53.000+09:00,1218
n34d6c85656ad,4877017,須川元介/情報翻訳家,skagenavi,2026-04-19T22:03:26.000+09:00,2312
n34d6c85656ad,12602815,みじゅくパパ,mijuku_father,2026-04-19T21:54:40.000+09:00,437
n34d6c85656ad,13813515,もりあおな,mori_hikaru,2026-04-19T21:38:13.000+09:00,670
n34d6c85656ad,13163455,KOTAYA | 今日はこれで合格,kotaya_log,2026-04-19T21:36:27.000+09:00,2785
n34d6c85656ad,10517876,向日葵じまにゃん🌻,jimanyan,2026-04-19T21:29:11.000+09:00,1881
n34d6c85656ad,13900618,sophie,scribble_1000,2026-04-19T21:23:24.000+09:00,792
n34d6c85656ad,5738970,営業fafa | note業界No.1営業マン,kohana1112,2026-04-19T21:18:28.000+09:00,1394
n34d6c85656ad,13989576,アールグレイ,jolly_garlic5361,2026-04-19T21:18:23.000+09:00,469
n34d6c85656ad,13007950,弐恩(NION)｜HSP×AC×エンパス×不安障害×うつ病,keen_poppy9848,2026-04-19T21:12:24.000+09:00,568
n34d6c85656ad,13842118,益史(ますふみ)｜自動化ゴリラ🦍,fair_newt8487,2026-04-19T21:11:07.000+09:00,14
n34d6c85656ad,1397534,もとさん｜HSP / 元うつ病 / AIで『引き算の暮らし』,motom3,2026-04-19T21:02:50.000+09:00,30
n34d6c85656ad,11634537,ナオユキ｜物語と知識のコンシェルジュ,ai_naoyuki,2026-04-19T21:01:46.000+09:00,2968
naa1d601c361d,10996536,りーまむ,ri_mam,2026-06-02T09:08:50.000+09:00,873
naa1d601c361d,8127886,青い空日和,aoisora374,2026-06-02T07:29:07.000+09:00,498
naa1d601c361d,12599459,ひろ爺,noted_racoon6629,2026-06-02T05:33:46.000+09:00,799
naa1d601c361d,13405464,木漏れ日亭,komorebi_tei,2026-06-02T05:06:08.000+09:00,584
naa1d601c361d,13443416,なつきコイン,natsuki_coin,2026-06-02T04:25:27.000+09:00,914
naa1d601c361d,13274258,やどんちゅ,yadon8,2026-06-02T03:26:04.000+09:00,772
naa1d601c361d,14363101,ゆ,yuuwa1046,2026-06-01T23:54:11.000+09:00,94
naa1d601c361d,12366217,see2,chic_badger5419,2026-06-01T23:06:12.000+09:00,207
naa1d601c361d,12917744,商い学び【アリエくん】,arie_akinai,2026-06-01T23:05:24.000+09:00,338
naa1d601c361d,13066168,はるねずみ｜note副業０→１応援,kasegu5haru,2026-06-01T22:57:25.000+09:00,1551
naa1d601c361d,11359513,安達｢チーム🦁｣｜AIと共闘し600を必達する者,takayukiadachi,2026-06-01T21:29:30.000+09:00,944
naa1d601c361d,13291519,ひろき🐻クマさん体型介護福祉士/痩せ活,otoko_meshi_life,2026-06-01T21:06:17.000+09:00,440
naa1d601c361d,13941803,あぼがー,abo_gado_ga,2026-06-01T20:48:42.000+09:00,248
naa1d601c361d,14466458,ミナト｜男が一生手放せなくなる女性に,jazzy_weasel6671,2026-06-01T20:16:06.000+09:00,53
naa1d601c361d,8321162,サイボーグMSX,cyborgmsx,2026-06-01T20:04:13.000+09:00,2141
naa1d601c361d,14576170,わにお｜英語と生活を立て直す30代,wanio_life,2026-06-01T19:57:43.000+09:00,99
naa1d601c361d,12202653,りょう　パニック狐🦊は旅をする,note_ryo_,2026-06-01T18:53:51.000+09:00,282
naa1d601c361d,1694437,ゆりしま みつき（連載小説「clum!」毎日更新中）,clum1,2026-06-01T15:47:12.000+09:00,90
naa1d601c361d,12800869,ひまわりP　J-Pop クリエイター,iteco14,2026-06-01T14:42:45.000+09:00,445
naa1d601c361d,13777980,しげちーSS,shjgechy,2026-06-01T14:14:43.000+09:00,433
naa1d601c361d,8749696,夏の日の少年,ao_issyoku_de_ii,2026-06-01T12:05:12.000+09:00,294
naa1d601c361d,14438905,タイピング無双,typingmusou_0412,2026-06-01T10:55:00.000+09:00,39
naa1d601c361d,8911867,ルルトアヤコ,lovely_coyote546,2026-06-01T10:19:10.000+09:00,2648
naa1d601c361d,6853782,うみか えお,gentle_broom451,2026-06-01T09:46:01.000+09:00,314
naa1d601c361d,5330022,Marie | まりーの小さな⚙️歯車⚙️ラボ🔬,marie_222,2026-06-01T09:04:03.000+09:00,23
naa1d601c361d,11178899,KEN 田舎で介護,fit_lion6308,2026-06-01T08:42:11.000+09:00,480
naa1d601c361d,11561590,かえるこ | Kaeruko,serene_pansy617,2026-06-01T07:40:58.000+09:00,4177
naa1d601c361d,13133778,【無名 S note】18日でフォロワー1000名🚨連続収益中！！⚠40強・6共マガ運営 参加40🙆,ss_yr,2026-06-01T07:22:31.000+09:00,1746
naa1d601c361d,13518877,大文字のダイ,long_rose3976,2026-06-01T07:22:29.000+09:00,130
naa1d601c361d,12591374,ケンタロウ/gr.minpaku,merry_robin6845,2026-06-01T07:01:03.000+09:00,471
naa1d601c361d,12539487,よしこ｜続けたい人の横にいる,noted_beetle1302,2026-06-01T06:48:20.000+09:00,522
naa1d601c361d,6781246,全力限界駅員👩🏻‍✈️100日連続投稿達成した人,lovely_ixora10,2026-06-01T06:45:13.000+09:00,686
naa1d601c361d,6905415,豹子頭 林冲,hyousitou,2026-06-01T06:39:27.000+09:00,269
naa1d601c361d,13037359,丁寧な暮らし/生きやすさ探求家,gentle_gecko1078,2026-06-01T06:06:08.000+09:00,283
naa1d601c361d,12285454,Yeahlph_GZ（イェルフ_ジーゼット）,lofty_myrtle1167,2026-06-01T05:57:05.000+09:00,561
naa1d601c361d,4229873,こうすけ　【楽しく生きるために必要なこと】 フォロバ100,kokokosukekeke,2026-06-01T05:54:32.000+09:00,3894
naa1d601c361d,1218500,さくら,sakura_wellness,2026-06-01T04:53:43.000+09:00,1314
naa1d601c361d,13726944,はるき　たかお,ready_cedum5383,2026-06-01T02:16:12.000+09:00,312
naa1d601c361d,13927059,はる,haru_growth,2026-06-01T01:19:18.000+09:00,243
naa1d601c361d,12521570,しろのある,shirono_aru,2026-06-01T00:40:23.000+09:00,3719
naa1d601c361d,14257928,ありふれた,equinox_of_agi,2026-06-01T00:22:53.000+09:00,235
naa1d601c361d,10091607,🔔Bell note,bellshacho,2026-05-31T23:56:56.000+09:00,2045
naa1d601c361d,12906286,Minori,open_tulip9172,2026-05-31T23:29:12.000+09:00,18
naa1d601c361d,10517876,向日葵じまにゃん🌻,jimanyan,2026-05-31T23:16:18.000+09:00,1881
naa1d601c361d,8857122,うるるん,nice_daisy957,2026-05-31T23:15:52.000+09:00,995
naa1d601c361d,11659119,カミさん外人さん,shiny_spirea1573,2026-05-31T23:11:37.000+09:00,653
naa1d601c361d,12516832,和田雄三｜AI×心理ブランディングデザイナー,glad_dill2129,2026-05-31T23:10:10.000+09:00,812
naa1d601c361d,12157269,ken ｜ 完全無課金AI戦略 × note運営,noted_sheep3883,2026-05-31T23:02:46.000+09:00,3213
naa1d601c361d,12448707,hanauta,kotono_hanauta,2026-05-31T22:55:38.000+09:00,129
naa1d601c361d,4877017,須川元介/情報翻訳家,skagenavi,2026-05-31T22:49:51.000+09:00,2312
naa1d601c361d,4472775,あまね〘ฅ՞•ﻌ•՞ฅฅ^•ﻌ•^ฅ〙,almabrillante,2026-05-31T22:48:42.000+09:00,842
naa1d601c361d,12848229,そら,flux_water,2026-05-31T22:47:53.000+09:00,125
naa1d601c361d,2490558,だんだんありがと@めじゅ,dandan_arigato19,2026-05-31T22:47:18.000+09:00,335
naa1d601c361d,7042335,ととのえびと,kind_pansy197,2026-05-31T22:24:55.000+09:00,311
naa1d601c361d,12184556,空波DX100%,happy_echium7563,2026-05-31T22:23:32.000+09:00,6864
naa1d601c361d,13655668,寄藤　淳,brave_ixora6196,2026-05-31T22:19:32.000+09:00,1407
naa1d601c361d,14497284,Yokaze｜Canva × AI × Etsy,yokaze_studio,2026-05-31T22:18:22.000+09:00,4
naa1d601c361d,11877070,アルフレッド,game_system_alex,2026-05-31T22:17:18.000+09:00,2642
naa1d601c361d,13723950,ししまる@あなたの資産形成を手助けする人,sisimaru_note,2026-05-31T22:12:49.000+09:00,204
naa1d601c361d,13613385,羅生門SKY,codex_strategy,2026-05-31T22:12:03.000+09:00,418
naa1d601c361d,13273911,斉川ニア ｜ AI漫画,vast_lily4547,2026-05-31T22:04:00.000+09:00,448
naa1d601c361d,13852441,アリゼロ🐜氷河期世代の働きアリ@自身が会社で経験してきた問題点や気づきを発信しています。,hataraku_ari999,2026-05-31T21:56:33.000+09:00,141
naa1d601c361d,11870206,椿みきこ🌸季節の花ごよみ,hirata_mikiko60,2026-05-31T21:44:25.000+09:00,757
naa1d601c361d,14272811,るる | Fラン文系卒から単価80万円フリーランスエンジニア,0kara_freelance,2026-05-31T21:43:37.000+09:00,202
naa1d601c361d,3009631,AI猫モフ助のひとり作戦会議,aicat_mofusuke,2026-05-31T21:34:38.000+09:00,137
naa1d601c361d,4887086,はんく・シュンタナ🐤『塩化ビニール系女子』AIクリエイター兼プロデューサー,hunk_shuntana,2026-05-31T21:34:02.000+09:00,618
naa1d601c361d,13163455,KOTAYA | 今日はこれで合格,kotaya_log,2026-05-31T21:28:42.000+09:00,2785
naa1d601c361d,4509042,猫の父さん@トトとチー,cat48_1010,2026-05-31T21:27:13.000+09:00,398
naa1d601c361d,14384851,ことのは日和,kotonoha_biyor1,2026-05-31T21:21:48.000+09:00,66
naa1d601c361d,14257282,ドイル,dandy_snake880,2026-05-31T21:19:12.000+09:00,408
naa1d601c361d,12158291,考える赤柴,eager_thyme9842,2026-05-31T21:18:25.000+09:00,300
naa1d601c361d,3608968,KITAcore｜キタコレ＠ログプレイヤー,ktcrs1107,2026-05-31T21:16:54.000+09:00,1332
naa1d601c361d,11634537,ナオユキ｜物語と知識のコンシェルジュ,ai_naoyuki,2026-05-31T21:15:23.000+09:00,2968
naa1d601c361d,14132723,せな｜無理しない低燃費生活,senamainiti,2026-05-31T21:12:59.000+09:00,459
naa1d601c361d,13107123,ランマッスル,runmuscle_m,2026-05-31T21:11:42.000+09:00,4000
naa1d601c361d,13900618,sophie,scribble_1000,2026-05-31T21:10:46.000+09:00,792
naa1d601c361d,12197172,緑どんぐり,green_donguri,2026-05-31T21:10:14.000+09:00,1465
naa1d601c361d,12624691,あん｜noteと遊ぶ,aging_gracefully,2026-05-31T21:08:37.000+09:00,1218
naa1d601c361d,10134004,京都のごんちゃん,kyoto_gonchan,2026-05-31T21:08:35.000+09:00,607
naa1d601c361d,5738970,営業fafa | note業界No.1営業マン,kohana1112,2026-05-31T21:08:33.000+09:00,1394
naa1d601c361d,14308724,Satsuki,satsuki_60,2026-05-31T21:03:07.000+09:00,282
naa1d601c361d,5828006,まなつ/突出マイノリティ列伝,tosshutsu_m,2026-05-31T21:01:33.000+09:00,6133
n297a23e9790f,13444713,サンチ |  アラフィフ × チューバで人生再起動,placeoforigin26,2026-06-01T22:59:11.000+09:00,315
n297a23e9790f,6326027,おしん/フリー経済ライター,shin863,2026-06-01T21:37:12.000+09:00,486
n297a23e9790f,14052044,レイ＊育児と育自のn=1,rei_n1_log,2026-06-01T21:34:28.000+09:00,620
n297a23e9790f,13941803,あぼがー,abo_gado_ga,2026-06-01T20:49:25.000+09:00,248
n297a23e9790f,10379277,donchan1962,donchan_13,2026-06-01T20:05:43.000+09:00,3873
n297a23e9790f,12800869,ひまわりP　J-Pop クリエイター,iteco14,2026-06-01T15:02:42.000+09:00,445
n297a23e9790f,13792780,営業パパ,eigyopapa,2026-06-01T13:19:51.000+09:00,1560
n297a23e9790f,13613385,羅生門SKY,codex_strategy,2026-05-31T22:12:59.000+09:00,418
n297a23e9790f,11474190,断罪と慈愛の歌詠み師 UTAKO,bold_slug9390,2026-05-31T19:36:34.000+09:00,500
n297a23e9790f,11624969,タカジロー,takajiro0912,2026-05-31T19:36:08.000+09:00,7824
n297a23e9790f,13644707,あき｜脳トレピアノ講師｜３児の母,super_murre3123,2026-05-31T19:02:31.000+09:00,669
n297a23e9790f,12521570,しろのある,shirono_aru,2026-05-31T11:37:57.000+09:00,3719
n297a23e9790f,2490558,だんだんありがと@めじゅ,dandan_arigato19,2026-05-31T08:14:37.000+09:00,335
n297a23e9790f,14428717,りこ｜40代工場勤務リーダーママの日常と英語学習,loyal_carp9354,2026-05-31T08:04:02.000+09:00,167
n297a23e9790f,13359068,haremithu,haremithu,2026-05-31T07:21:55.000+09:00,762
n297a23e9790f,4509042,猫の父さん@トトとチー,cat48_1010,2026-05-31T06:58:22.000+09:00,398
n297a23e9790f,10750843,Takanashi（たかなし）,takanashi_note01,2026-05-30T23:10:42.000+09:00,1187
n297a23e9790f,12465066,Shoji ｜未来小説,anomie1,2026-05-30T22:23:12.000+09:00,1208
n297a23e9790f,14261841,ちょっぴり不器用な アナウンサー夫婦 🎤あっきー & けいこ,calm_yucca4882,2026-05-30T22:19:48.000+09:00,193
n297a23e9790f,5255659,ピタゴラス・カナロア,yotox,2026-05-30T21:45:28.000+09:00,224
n297a23e9790f,1080775,もか,hiruhiru,2026-05-30T21:05:43.000+09:00,2
n297a23e9790f,7314314,Mine_notes,nice_orchid447,2026-05-30T20:46:09.000+09:00,534
n297a23e9790f,3608968,KITAcore｜キタコレ＠ログプレイヤー,ktcrs1107,2026-05-30T20:33:16.000+09:00,1332
n297a23e9790f,12706597,スピリズ｜AI×ハンドメイド,ai_handmade,2026-05-30T20:25:39.000+09:00,610
n297a23e9790f,14202359,豊田周平,greentone,2026-05-30T19:51:18.000+09:00,289
n297a23e9790f,13655668,寄藤　淳,brave_ixora6196,2026-05-30T19:41:12.000+09:00,1407
n297a23e9790f,11121667,"あいさん💗Iカウンセリングルーム セラピスト／ 臨床心理士×公認心理師｜支援歴16年・2,000名超",joyful_zebra1701,2026-05-30T19:33:12.000+09:00,5634
n297a23e9790f,10999098,Tanuko,ol_tanuko_life,2026-05-30T18:18:52.000+09:00,828
n297a23e9790f,2755847,小山 睦男　書籍コーディネータ,koyamamutsuo2020,2026-05-30T16:02:56.000+09:00,277
n297a23e9790f,10318591,ランラン日記,famous_swift6442,2026-05-30T13:53:17.000+09:00,956
n297a23e9790f,14073305,ゆるり製作所,light_donkey4298,2026-05-30T11:21:16.000+09:00,126
n297a23e9790f,14299879,脳×心理の“ビジネスハック”,brainxpsychhack,2026-05-30T09:53:20.000+09:00,234
n297a23e9790f,13221090,林田宗之｜教育業界25年 × 父 × 家庭から整える大学受験（親子の自立）,nori_hayashida,2026-05-30T09:36:23.000+09:00,1840
n297a23e9790f,14604612,ひで｜忙しい40代管理職が、仕事と人生を再設計する話,hide_saisekkei,2026-05-30T09:29:23.000+09:00,176
n297a23e9790f,12197172,緑どんぐり,green_donguri,2026-05-30T09:16:36.000+09:00,1465
n297a23e9790f,13578673,ピアノレッスンを考える時間,bold_donkey3565,2026-05-30T06:06:29.000+09:00,44
n297a23e9790f,1218500,さくら,sakura_wellness,2026-05-30T05:50:45.000+09:00,1314
n297a23e9790f,12079479,ともや,alive_murre2813,2026-05-30T04:57:42.000+09:00,156
n297a23e9790f,4472775,あまね〘ฅ՞•ﻌ•՞ฅฅ^•ﻌ•^ฅ〙,almabrillante,2026-05-30T01:44:51.000+09:00,842
n297a23e9790f,13140757,雪詠｜ゆきよみ,yukiyomi,2026-05-29T23:22:34.000+09:00,808
n297a23e9790f,14648860,まるる,dreamy_sweet,2026-05-29T22:02:50.000+09:00,7
n297a23e9790f,14073338,kazoku.｜家族のこれからを、家族で描く。ー 家族を “家族” で経営するアプリ ー,long_aster2673,2026-05-29T20:27:22.000+09:00,70
n297a23e9790f,11633271,きよしなごむ,royal_ixia7554,2026-05-29T19:45:54.000+09:00,1665
n297a23e9790f,5828006,まなつ/突出マイノリティ列伝,tosshutsu_m,2026-05-29T19:31:30.000+09:00,6133
n297a23e9790f,8166572,ひゅー｜AI×分析｜考察と思考整理を楽しむ。note,hyu_nisworks,2026-05-29T18:18:13.000+09:00,398
n297a23e9790f,14054860,ともや｜ズボラでも500万貯めた話,tomoya_zubora,2026-05-29T18:05:12.000+09:00,69
n297a23e9790f,12157269,ken ｜ 完全無課金AI戦略 × note運営,noted_sheep3883,2026-05-29T16:03:31.000+09:00,3213
n297a23e9790f,13325978,森田敏宏,dr_morita,2026-05-29T15:50:59.000+09:00,493
n297a23e9790f,3009631,AI猫モフ助のひとり作戦会議,aicat_mofusuke,2026-05-29T15:17:37.000+09:00,137
n297a23e9790f,7142358,ムギュっと魅力発信,brave_auk111,2026-05-29T15:16:11.000+09:00,934
n297a23e9790f,12700853,おこめの細客,hosokyaku,2026-05-29T14:00:58.000+09:00,19
n297a23e9790f,1431807,ぱっしー@人生を変えるスイーツ,passhi_sweets,2026-05-29T13:27:20.000+09:00,154
n297a23e9790f,13066168,はるねずみ｜note副業０→１応援,kasegu5haru,2026-05-29T12:02:54.000+09:00,1551
n297a23e9790f,12301998,タンバリン♬,bestjoy_k,2026-05-29T11:43:38.000+09:00,605
n297a23e9790f,13656679,美咲サヤ,crisp_gecko6337,2026-05-29T10:19:25.000+09:00,781
n297a23e9790f,8004096,"和田大貴｜""PhoenixFlame""",daiki_wada50453,2026-05-29T10:15:33.000+09:00,4703
n297a23e9790f,13739662,『GOOD NATURE MARKET』公式note,goodnaturemarket,2026-05-29T10:05:58.000+09:00,30
n297a23e9790f,13037359,丁寧な暮らし/生きやすさ探求家,gentle_gecko1078,2026-05-29T09:28:24.000+09:00,283
n297a23e9790f,14453232,WASHI工房｜地獄を踏み台にしてやる。,washi_workspace,2026-05-29T09:06:23.000+09:00,12
n297a23e9790f,7547534,メイシン,mei_shin,2026-05-29T08:36:31.000+09:00,4073
n297a23e9790f,13809017,Tsuki｜曖昧な恋の境界線,light_turtle5815,2026-05-29T08:15:00.000+09:00,1204
n297a23e9790f,14021128,田之上優一,tano0503,2026-05-29T08:06:50.000+09:00,161
n297a23e9790f,12385127,超育休志向｜りさ ＆ ゆういち,comfamily_lab,2026-05-29T07:50:38.000+09:00,501
n297a23e9790f,11561590,かえるこ | Kaeruko,serene_pansy617,2026-05-29T07:44:44.000+09:00,4177
n297a23e9790f,13267016,Torisugari_ortho,just_viper6821,2026-05-29T07:34:26.000+09:00,122
n297a23e9790f,12320536,キタイダイ,clear_knot1605,2026-05-29T07:25:14.000+09:00,995
n297a23e9790f,10091607,🔔Bell note,bellshacho,2026-05-29T07:12:32.000+09:00,2045
n297a23e9790f,6905415,豹子頭 林冲,hyousitou,2026-05-29T06:18:58.000+09:00,269
n297a23e9790f,13161722,おあつ,keen_pipit1182,2026-05-29T06:09:08.000+09:00,1514
n297a23e9790f,12763140,幼児教室イクウェル川崎,eqwel_kawasaki,2026-05-29T05:38:26.000+09:00,1343
n297a23e9790f,13762921,SAMO,major_flea6323,2026-05-29T03:50:32.000+09:00,1122
n297a23e9790f,13405464,木漏れ日亭,komorebi_tei,2026-05-29T03:47:33.000+09:00,584
n297a23e9790f,11877070,アルフレッド,game_system_alex,2026-05-29T03:00:30.000+09:00,2642
n297a23e9790f,12184556,空波DX100%,happy_echium7563,2026-05-29T01:14:45.000+09:00,6864
n297a23e9790f,12516832,和田雄三｜AI×心理ブランディングデザイナー,glad_dill2129,2026-05-29T01:13:19.000+09:00,812
n297a23e9790f,14257928,ありふれた,equinox_of_agi,2026-05-29T01:05:51.000+09:00,235
n297a23e9790f,13927059,はる,haru_growth,2026-05-29T00:15:30.000+09:00,243
n297a23e9790f,10517876,向日葵じまにゃん🌻,jimanyan,2026-05-28T23:40:45.000+09:00,1881
n297a23e9790f,11574500,ふらつき母ちゃん 〜今日も全力空回り！〜,dear_viper3924,2026-05-28T23:21:43.000+09:00,806
n297a23e9790f,14132723,せな｜無理しない低燃費生活,senamainiti,2026-05-28T23:00:00.000+09:00,459
n297a23e9790f,13163455,KOTAYA | 今日はこれで合格,kotaya_log,2026-05-28T22:43:24.000+09:00,2785
n297a23e9790f,13852441,アリゼロ🐜氷河期世代の働きアリ@自身が会社で経験してきた問題点や気づきを発信しています。,hataraku_ari999,2026-05-28T22:37:44.000+09:00,141
n297a23e9790f,4877017,須川元介/情報翻訳家,skagenavi,2026-05-28T22:14:41.000+09:00,2312
n297a23e9790f,2935387,ののの,gentle_arnica469,2026-05-28T22:01:24.000+09:00,123
n297a23e9790f,13965785,ことのは｜心の整理ノート　,cute_parrot8784,2026-05-28T21:53:14.000+09:00,49
n297a23e9790f,5330022,Marie | まりーの小さな⚙️歯車⚙️ラボ🔬,marie_222,2026-05-28T21:52:38.000+09:00,23
n297a23e9790f,14236429,もち子｜リアル体験記,mochiko_real,2026-05-28T21:51:55.000+09:00,153
n297a23e9790f,11359513,安達｢チーム🦁｣｜AIと共闘し600を必達する者,takayukiadachi,2026-05-28T21:47:45.000+09:00,944
n297a23e9790f,13574007,🍀ベンジャミン🍀,noble_spirea7217,2026-05-28T21:38:21.000+09:00,767
n297a23e9790f,13936971,ヒロト ｜ PC・ガジェット・秘密基地を作ろう,notepcdesk,2026-05-28T21:37:07.000+09:00,245
n297a23e9790f,8857122,うるるん,nice_daisy957,2026-05-28T21:24:38.000+09:00,995
n297a23e9790f,12417301,すみれ,genial_wren230,2026-05-28T21:17:47.000+09:00,296
n297a23e9790f,13281186,さくさく|そっと寄り添う日々,jidoukan_judge,2026-05-28T20:54:52.000+09:00,1661
n297a23e9790f,14557536,育休復帰ママ｜副収入の記録,haru108649,2026-05-28T20:48:05.000+09:00,50
n297a23e9790f,13107123,ランマッスル,runmuscle_m,2026-05-28T20:43:44.000+09:00,4000
n297a23e9790f,13900618,sophie,scribble_1000,2026-05-28T20:38:59.000+09:00,792
n297a23e9790f,12949168,不真面目小児科医　しうまい,misasyu5,2026-05-28T20:36:06.000+09:00,540
n297a23e9790f,10175064,雪綴ゆき,wise_rat6355,2026-05-28T20:32:59.000+09:00,6352
n00640192fdd7,13637621,月見草へらさん🌙🌼｜Smiling Soul,herarin_create,2026-06-02T15:10:06.000+09:00,11
n00640192fdd7,11837112,もぐら,mogurabooks,2026-06-02T06:02:59.000+09:00,214
n00640192fdd7,14104782,佐々木小次郎,kojiro_sasaki,2026-06-01T12:54:29.000+09:00,120
n00640192fdd7,13613385,羅生門SKY,codex_strategy,2026-05-31T22:13:10.000+09:00,418
n00640192fdd7,11474190,断罪と慈愛の歌詠み師 UTAKO,bold_slug9390,2026-05-31T19:36:30.000+09:00,500
n00640192fdd7,11973177,るこのみらい,ruco3,2026-05-31T10:56:59.000+09:00,2014
n00640192fdd7,7149960,水越なつめ,natsume996,2026-05-31T02:26:21.000+09:00,751
n00640192fdd7,5255659,ピタゴラス・カナロア,yotox,2026-05-31T01:16:14.000+09:00,224
n00640192fdd7,13140757,雪詠｜ゆきよみ,yukiyomi,2026-05-30T23:35:36.000+09:00,808
n00640192fdd7,14431810,ひかるみなす,3710_luminous,2026-05-30T23:26:20.000+09:00,10
n00640192fdd7,3397149,turumon【ツルモンの一声】,turumon,2026-05-30T22:24:20.000+09:00,1884
n00640192fdd7,11361941,AI財務コンサル　まるみ,limber_nerine843,2026-05-30T22:02:10.000+09:00,1140
n00640192fdd7,10069756,うどあり│キャリア逆転の美学,udoari_imagine,2026-05-30T20:45:26.000+09:00,461
n00640192fdd7,2755847,小山 睦男　書籍コーディネータ,koyamamutsuo2020,2026-05-30T16:02:55.000+09:00,277
n00640192fdd7,14213442,Web集客の案内人｜戦略から実行まで伴走するマーケター｜@web_marketer_tops,marketer_cmo,2026-05-30T08:53:05.000+09:00,230
n00640192fdd7,13644901,ズボラ主婦ゆず 🍀 子供3人のママ,yuzunokosodate,2026-05-30T08:31:08.000+09:00,768
n00640192fdd7,10091607,🔔Bell note,bellshacho,2026-05-30T06:44:55.000+09:00,2045
n00640192fdd7,13726107,施設基準管理士、カジハヤトです。,kaji_hayato,2026-05-30T05:13:49.000+09:00,17
n00640192fdd7,13066168,はるねずみ｜note副業０→１応援,kasegu5haru,2026-05-29T23:33:37.000+09:00,1551
n00640192fdd7,12184556,空波DX100%,happy_echium7563,2026-05-29T19:35:56.000+09:00,6864
n00640192fdd7,10852819,ゆーたろ | 現役相談員×ケアマネ,aohina4312,2026-05-29T19:24:22.000+09:00,797
n00640192fdd7,4885642,へいしろう💖レターバーテンダー 🌹こころに元気を注ごう！希望のカクテルレシピ🌹,mudagawa,2026-05-29T18:25:20.000+09:00,583
n00640192fdd7,8166572,ひゅー｜AI×分析｜考察と思考整理を楽しむ。note,hyu_nisworks,2026-05-29T18:17:03.000+09:00,398
n00640192fdd7,13163455,KOTAYA | 今日はこれで合格,kotaya_log,2026-05-29T16:39:02.000+09:00,2785
n00640192fdd7,13430194,あきまむ,fond_shark9221,2026-05-29T09:13:27.000+09:00,213
n00640192fdd7,11118567,アヒル隊長,ahirutaichou6,2026-05-29T08:45:26.000+09:00,124
n00640192fdd7,14487452,深夜ラテ｜AI×クリエイト,shinya_latte,2026-05-29T00:51:35.000+09:00,16
n00640192fdd7,12949168,不真面目小児科医　しうまい,misasyu5,2026-05-28T22:16:55.000+09:00,540
n00640192fdd7,14557536,育休復帰ママ｜副収入の記録,haru108649,2026-05-28T20:48:06.000+09:00,50
n00640192fdd7,12885894,taka,agile_heron3163,2026-05-28T20:40:35.000+09:00,629
n00640192fdd7,11807623,Anna,modern_lion2880,2026-05-28T20:37:53.000+09:00,519
n00640192fdd7,13300660,ひろ|大手製造業エンジニア,genial_lupine215,2026-05-28T20:31:30.000+09:00,869
n00640192fdd7,2667446,Taka｜AIを使い倒すエンジニアの『ゼロ円ひとり起業』奮闘記,takah_note,2026-05-28T20:31:29.000+09:00,768
n00640192fdd7,13731906,世界をリファクタリングする | システムエンジニア,fullcommit_se,2026-05-28T20:30:12.000+09:00,473
n00640192fdd7,11148816,tsutuji|40代からの体と肌の整え方,hearty_fox690,2026-05-28T20:26:22.000+09:00,1929
n00640192fdd7,13975014,dosei-no-wa,dosei_no_wa_,2026-05-28T20:22:59.000+09:00,270
n00640192fdd7,7836265,ジロウモン＠内向型HSPの人生戦略,jiroumon0630,2026-05-28T20:08:14.000+09:00,489
n00640192fdd7,10966918,魔技者,modern_crane4184,2026-05-28T19:17:59.000+09:00,2265
n00640192fdd7,5286275,白ぬこ,bottinuko,2026-05-28T17:39:43.000+09:00,17
n00640192fdd7,13852441,アリゼロ🐜氷河期世代の働きアリ@自身が会社で経験してきた問題点や気づきを発信しています。,hataraku_ari999,2026-05-28T17:36:26.000+09:00,141
n00640192fdd7,10920681,REAL,wise_hawk3427,2026-05-28T17:24:27.000+09:00,209
n00640192fdd7,3009631,AI猫モフ助のひとり作戦会議,aicat_mofusuke,2026-05-28T13:53:26.000+09:00,137
n00640192fdd7,13973478,たちばな,novel_chimp7497,2026-05-28T13:46:49.000+09:00,727
n00640192fdd7,4956068,Mr.T@薬剤師,mr_t0303p,2026-05-28T13:36:35.000+09:00,108
n00640192fdd7,10750843,Takanashi（たかなし）,takanashi_note01,2026-05-28T12:33:41.000+09:00,1187
n00640192fdd7,11515290,MAO,mao_pm_,2026-05-28T10:11:20.000+09:00,49
n00640192fdd7,5865251,ワクワクタック．COM,wakuwakutak,2026-05-28T09:58:35.000+09:00,102
n00640192fdd7,14042519,くるみ｜初心者でもDX推進したい,plazacreate_dxg,2026-05-28T08:59:37.000+09:00,70
n00640192fdd7,12539487,よしこ｜続けたい人の横にいる,noted_beetle1302,2026-05-28T08:52:11.000+09:00,522
n00640192fdd7,9745926,竹中えりな｜AI×在宅事務で単価を上げる,takenakaerina,2026-05-28T08:38:39.000+09:00,137
n00640192fdd7,10552794,俄平,mild_swift4319,2026-05-28T08:35:45.000+09:00,8
n00640192fdd7,13815192,鷹月(たかつき)｜個人開発者,growth_lab710,2026-05-28T08:26:27.000+09:00,91
n00640192fdd7,2772541,あや｜会社員のAI副業術,aya_0101,2026-05-28T08:20:06.000+09:00,625
n00640192fdd7,5330022,Marie | まりーの小さな⚙️歯車⚙️ラボ🔬,marie_222,2026-05-28T07:42:37.000+09:00,23
n00640192fdd7,3608968,KITAcore｜キタコレ＠ログプレイヤー,ktcrs1107,2026-05-28T07:41:39.000+09:00,1332
n00640192fdd7,13037359,丁寧な暮らし/生きやすさ探求家,gentle_gecko1078,2026-05-28T07:05:39.000+09:00,283
n00640192fdd7,13236272,ZAKKY −営業サポート,mild_stoat3315,2026-05-28T06:53:32.000+09:00,273
n00640192fdd7,4509042,猫の父さん@トトとチー,cat48_1010,2026-05-28T05:56:21.000+09:00,398
n00640192fdd7,2869414,埼玉の裏仕事人,kiitto1968,2026-05-28T05:55:54.000+09:00,126
n00640192fdd7,12641046,リクスケ,fair_llama3800,2026-05-28T02:49:45.000+09:00,7220
n00640192fdd7,4472775,あまね〘ฅ՞•ﻌ•՞ฅฅ^•ﻌ•^ฅ〙,almabrillante,2026-05-28T02:41:17.000+09:00,842
n00640192fdd7,12157269,ken ｜ 完全無課金AI戦略 × note運営,noted_sheep3883,2026-05-28T01:29:39.000+09:00,3213
n00640192fdd7,14056939,だらだらけ,darak_official,2026-05-28T00:39:08.000+09:00,164
n00640192fdd7,13405464,木漏れ日亭,komorebi_tei,2026-05-28T00:07:56.000+09:00,584
n00640192fdd7,5828006,まなつ/突出マイノリティ列伝,tosshutsu_m,2026-05-27T23:52:39.000+09:00,6133
n00640192fdd7,11359513,安達｢チーム🦁｣｜AIと共闘し600を必達する者,takayukiadachi,2026-05-27T23:29:19.000+09:00,944
n00640192fdd7,10517876,向日葵じまにゃん🌻,jimanyan,2026-05-27T23:23:27.000+09:00,1881
n00640192fdd7,5161656,M.K,m_kondoh,2026-05-27T23:21:39.000+09:00,4895
n00640192fdd7,13927059,はる,haru_growth,2026-05-27T23:17:34.000+09:00,243
n00640192fdd7,6781246,全力限界駅員👩🏻‍✈️100日連続投稿達成した人,lovely_ixora10,2026-05-27T23:05:47.000+09:00,686
n00640192fdd7,7547534,メイシン,mei_shin,2026-05-27T23:03:29.000+09:00,4073
n00640192fdd7,14132723,せな｜無理しない低燃費生活,senamainiti,2026-05-27T22:38:32.000+09:00,459
n00640192fdd7,12589889,なかやん✖️ありのままを整えるライフコーチ,nakayan1117,2026-05-27T22:33:32.000+09:00,751
n00640192fdd7,12516832,和田雄三｜AI×心理ブランディングデザイナー,glad_dill2129,2026-05-27T22:29:17.000+09:00,812
n00640192fdd7,14519074,ゆゆ|自己理解の途中,yuyu_yuyujos1,2026-05-27T21:38:27.000+09:00,105
n00640192fdd7,12417301,すみれ,genial_wren230,2026-05-27T21:32:29.000+09:00,296
n00640192fdd7,11561590,かえるこ | Kaeruko,serene_pansy617,2026-05-27T21:21:29.000+09:00,4177
n00640192fdd7,5738970,営業fafa | note業界No.1営業マン,kohana1112,2026-05-27T21:09:05.000+09:00,1394
n00640192fdd7,4877017,須川元介/情報翻訳家,skagenavi,2026-05-27T21:08:34.000+09:00,2312
n00640192fdd7,12465066,Shoji ｜未来小説,anomie1,2026-05-27T21:02:02.000+09:00,1208
n00640192fdd7,13107123,ランマッスル,runmuscle_m,2026-05-27T20:59:50.000+09:00,4000
n00640192fdd7,14330754,ふみ,fumix48,2026-05-27T20:57:06.000+09:00,115
n00640192fdd7,13995342,monjya,cider_0mon,2026-05-27T20:52:26.000+09:00,348
n00640192fdd7,13281186,さくさく|そっと寄り添う日々,jidoukan_judge,2026-05-27T20:50:55.000+09:00,1661
n00640192fdd7,6905415,豹子頭 林冲,hyousitou,2026-05-27T20:45:23.000+09:00,269
n00640192fdd7,13639574,さとる＠40歳無職の資産形成,novel_zinnia2293,2026-05-27T20:42:39.000+09:00,273
n00640192fdd7,13900618,sophie,scribble_1000,2026-05-27T20:39:37.000+09:00,792
n00640192fdd7,14579848,いもたんさん,fine_carp7462,2026-05-27T20:37:27.000+09:00,258
n00640192fdd7,13536495,節税先生,setsuzei_sensei,2026-05-27T20:35:32.000+09:00,529
n00640192fdd7,11634537,ナオユキ｜物語と知識のコンシェルジュ,ai_naoyuki,2026-05-27T20:34:24.000+09:00,2968
n00640192fdd7,8857122,うるるん,nice_daisy957,2026-05-27T20:33:32.000+09:00,995
n00640192fdd7,1909619,シゲク@note初心者全力応援,shigekumasaku,2026-05-27T20:32:36.000+09:00,6169
n00640192fdd7,13688693,sato/高圧ガス資格研究所,mild_nerine4683,2026-05-27T20:32:03.000+09:00,1047
n9fdb67cbc454,13274258,やどんちゅ,yadon8,2026-06-02T03:26:02.000+09:00,772
n9fdb67cbc454,12428977,くまっ子ママ🐻️年子男子に振り回されながら、歯科衛生士としても奮闘するママのnote,dreamy_wolf3957,2026-05-31T23:28:28.000+09:00,867
n9fdb67cbc454,13500210,nagi｜ 副業・ダイエット・資格。欲張りなパパの奮闘記,nagi_2026,2026-05-31T22:21:05.000+09:00,306
n9fdb67cbc454,13133778,【無名 S note】18日でフォロワー1000名🚨連続収益中！！⚠40強・6共マガ運営 参加40🙆,ss_yr,2026-05-31T22:17:43.000+09:00,1746
n9fdb67cbc454,13613385,羅生門SKY,codex_strategy,2026-05-31T22:13:33.000+09:00,418
n9fdb67cbc454,13163455,KOTAYA | 今日はこれで合格,kotaya_log,2026-05-30T19:29:56.000+09:00,2785
n9fdb67cbc454,2755847,小山 睦男　書籍コーディネータ,koyamamutsuo2020,2026-05-30T16:02:51.000+09:00,277
n9fdb67cbc454,12448707,hanauta,kotono_hanauta,2026-05-30T11:51:50.000+09:00,129
n9fdb67cbc454,12025079,けー虎のゆるっとページ,solo_diary,2026-05-30T10:53:23.000+09:00,335
n9fdb67cbc454,13273619,Ryo,eager_ruff939,2026-05-30T07:15:11.000+09:00,459
n9fdb67cbc454,13792780,営業パパ,eigyopapa,2026-05-29T21:40:48.000+09:00,1560
n9fdb67cbc454,5905486,えかき,axiz_architects,2026-05-29T06:11:58.000+09:00,604
n9fdb67cbc454,14603346,だいだい_副業サラリー挑戦記録,wise_gecko5402,2026-05-28T19:58:38.000+09:00,228
n9fdb67cbc454,13623901,あずなぶ〜る｜SNS弱者のnote戦略術,alive_here3686,2026-05-28T19:17:13.000+09:00,814
n9fdb67cbc454,3009631,AI猫モフ助のひとり作戦会議,aicat_mofusuke,2026-05-28T13:53:27.000+09:00,137
n9fdb67cbc454,14453232,WASHI工房｜地獄を踏み台にしてやる。,washi_workspace,2026-05-28T11:34:49.000+09:00,12
n9fdb67cbc454,8911867,ルルトアヤコ,lovely_coyote546,2026-05-28T09:42:13.000+09:00,2648
n9fdb67cbc454,1218500,さくら,sakura_wellness,2026-05-28T05:23:18.000+09:00,1314
n9fdb67cbc454,3925106,ENA (スマイリーナ　光のメッセージ),wakuwakugroup,2026-05-28T00:17:45.000+09:00,818
n9fdb67cbc454,13637621,月見草へらさん🌙🌼｜Smiling Soul,herarin_create,2026-05-27T23:30:14.000+09:00,11
n9fdb67cbc454,13536495,節税先生,setsuzei_sensei,2026-05-27T21:33:01.000+09:00,529
n9fdb67cbc454,8166572,ひゅー｜AI×分析｜考察と思考整理を楽しむ。note,hyu_nisworks,2026-05-27T20:16:59.000+09:00,398
n9fdb67cbc454,13644707,あき｜脳トレピアノ講師｜３児の母,super_murre3123,2026-05-27T15:48:54.000+09:00,669
n9fdb67cbc454,13641996,Ririty,ririty,2026-05-27T15:37:02.000+09:00,187
n9fdb67cbc454,11574500,ふらつき母ちゃん 〜今日も全力空回り！〜,dear_viper3924,2026-05-27T15:25:54.000+09:00,806
n9fdb67cbc454,13405464,木漏れ日亭,komorebi_tei,2026-05-27T14:15:33.000+09:00,584
n9fdb67cbc454,14257363,Cumin,cumin930,2026-05-27T13:03:08.000+09:00,5
n9fdb67cbc454,12270489,ちいさな手,chiisana_tete,2026-05-27T10:52:54.000+09:00,195
n9fdb67cbc454,14420742,Concorde1969,quick_emu9544,2026-05-27T10:46:20.000+09:00,38
n9fdb67cbc454,1287373,はなえ𖠚ᐝ,shima_hana,2026-05-27T09:34:30.000+09:00,462
n9fdb67cbc454,13118292,福田の文芸倉庫　For True Art Lovers Only,honest_hawk2889,2026-05-27T08:47:49.000+09:00,1452
n9fdb67cbc454,10668752,アラサー化学工学系サラリーマンの読書＆化学工学日記,apt_mango5105,2026-05-26T23:12:20.000+09:00,282
n9fdb67cbc454,3608968,KITAcore｜キタコレ＠ログプレイヤー,ktcrs1107,2026-05-26T21:06:45.000+09:00,1332
n9fdb67cbc454,14539857,千代おばぁ｜魂の音を聴く人,chiyo_ryukyu,2026-05-26T18:56:53.000+09:00,41
n9fdb67cbc454,8504921,HiRO｜稜線を歩く,wakux2com,2026-05-26T18:28:02.000+09:00,1125
n9fdb67cbc454,7896891,ポンタ,pontanohaha,2026-05-26T18:21:58.000+09:00,1164
n9fdb67cbc454,12847647,黒野,kuro_yuki2025,2026-05-26T17:10:35.000+09:00,301
n9fdb67cbc454,14516949,ゆるスター,yurusuta_5533,2026-05-26T12:47:57.000+09:00,365
n9fdb67cbc454,14235673,cotoco,charm_bear2775,2026-05-26T12:47:14.000+09:00,47
n9fdb67cbc454,12301998,タンバリン♬,bestjoy_k,2026-05-26T12:30:37.000+09:00,605
n9fdb67cbc454,7157194,地方の鷹 / chihonotaka,chihonotaka,2026-05-26T11:28:10.000+09:00,717
n9fdb67cbc454,7547534,メイシン,mei_shin,2026-05-26T08:37:05.000+09:00,4073
n9fdb67cbc454,6852226,斉藤あや,happy_oxalis781,2026-05-26T08:21:38.000+09:00,938
n9fdb67cbc454,4887086,はんく・シュンタナ🐤『塩化ビニール系女子』AIクリエイター兼プロデューサー,hunk_shuntana,2026-05-26T01:28:49.000+09:00,618
n9fdb67cbc454,11474190,断罪と慈愛の歌詠み師 UTAKO,bold_slug9390,2026-05-26T01:21:19.000+09:00,500
n9fdb67cbc454,4472775,あまね〘ฅ՞•ﻌ•՞ฅฅ^•ﻌ•^ฅ〙,almabrillante,2026-05-26T01:10:03.000+09:00,842
n9fdb67cbc454,13117181,ioRe⊹ ーいおりー｜身体・心・魂を三位一体として整えて“調律”するスピリチュアルセラピスト,iore888,2026-05-25T22:27:21.000+09:00,892
n9fdb67cbc454,11630336,AIUU,realme_note,2026-05-25T21:44:07.000+09:00,1075
n9fdb67cbc454,3564202,みかりん💐,amasamika,2026-05-25T21:38:09.000+09:00,1641
n9fdb67cbc454,14126621,フリーマン,just_serval6544,2026-05-25T20:35:52.000+09:00,220
n9fdb67cbc454,14132723,せな｜無理しない低燃費生活,senamainiti,2026-05-25T20:21:39.000+09:00,459
n9fdb67cbc454,11840255,鈴森よいほ｜AIコンテンツ／思想型クリエイター,yoiho25june,2026-05-25T19:49:07.000+09:00,961
n9fdb67cbc454,10175064,雪綴ゆき,wise_rat6355,2026-05-25T19:37:02.000+09:00,6352
n9fdb67cbc454,14050578,ともる｜社会人経験ゼロ×AI収益化,tomoru_ai,2026-05-25T16:46:41.000+09:00,406
n9fdb67cbc454,13654256,花鳥風月(花ちゃん)｜心を動かすメンタリスト,firm_bee7297,2026-05-25T16:23:18.000+09:00,1939
n9fdb67cbc454,12539487,よしこ｜続けたい人の横にいる,noted_beetle1302,2026-05-25T16:11:43.000+09:00,522
n9fdb67cbc454,4563629,櫻井えみこ  / 40代からの大人のひとり起業 専門パートナー,sakura55happy,2026-05-25T15:23:03.000+09:00,1399
n9fdb67cbc454,14376917,大学5年生｜AIで稼ぐ留年生,ryunen_ai,2026-05-25T15:22:31.000+09:00,24
n9fdb67cbc454,11807623,Anna,modern_lion2880,2026-05-25T15:18:57.000+09:00,519
n9fdb67cbc454,11634537,ナオユキ｜物語と知識のコンシェルジュ,ai_naoyuki,2026-05-25T14:46:32.000+09:00,2968
n9fdb67cbc454,13079732,ＣＯＯＬ,vast_tulip7937,2026-05-25T14:45:20.000+09:00,1135
n9fdb67cbc454,14239507,ミュリン♪,star246,2026-05-25T13:46:49.000+09:00,443
n9fdb67cbc454,11484828,JAU |  臨床検査技師×医療副業,jau_jau1001,2026-05-25T13:29:05.000+09:00,1149
n9fdb67cbc454,13979812,メガネル｜30代興味持ったらなんでもやる,nankayattemiyo,2026-05-25T12:59:04.000+09:00,38
n9fdb67cbc454,4509042,猫の父さん@トトとチー,cat48_1010,2026-05-25T10:59:39.000+09:00,398
n9fdb67cbc454,13066168,はるねずみ｜note副業０→１応援,kasegu5haru,2026-05-25T10:58:03.000+09:00,1551
n9fdb67cbc454,4628024,伊藤円,itomadoca,2026-05-25T09:35:16.000+09:00,842
n9fdb67cbc454,12380860,パタコ,auwa_44,2026-05-25T08:50:35.000+09:00,2290
n9fdb67cbc454,14236429,もち子｜リアル体験記,mochiko_real,2026-05-25T08:34:59.000+09:00,153
n9fdb67cbc454,12708065,ひがし,grand_poppy5280,2026-05-25T08:01:26.000+09:00,230
n9fdb67cbc454,12297006,みなてぃ,minaty_chronicle,2026-05-25T07:56:15.000+09:00,467
n9fdb67cbc454,13281186,さくさく|そっと寄り添う日々,jidoukan_judge,2026-05-25T07:54:19.000+09:00,1661
n9fdb67cbc454,11561590,かえるこ | Kaeruko,serene_pansy617,2026-05-25T07:50:05.000+09:00,4177
n9fdb67cbc454,12385127,超育休志向｜りさ ＆ ゆういち,comfamily_lab,2026-05-25T07:06:29.000+09:00,501
n9fdb67cbc454,11465514,Makari｜AIイラストと副業,makari_5108010,2026-05-25T07:03:44.000+09:00,5676
n9fdb67cbc454,12591374,ケンタロウ/gr.minpaku,merry_robin6845,2026-05-25T06:46:03.000+09:00,471
n9fdb67cbc454,13236272,ZAKKY −営業サポート,mild_stoat3315,2026-05-25T06:45:13.000+09:00,273
n9fdb67cbc454,13037359,丁寧な暮らし/生きやすさ探求家,gentle_gecko1078,2026-05-25T06:07:46.000+09:00,283
n9fdb67cbc454,12885021,ただのかくひと。,tadanokakuhito,2026-05-25T06:02:00.000+09:00,70
n9fdb67cbc454,4091932,visage スゲノヨシノリ＠hybrid photographer mikiの未来会議,yoshinori1528,2026-05-25T05:56:22.000+09:00,1034
n9fdb67cbc454,4877017,須川元介/情報翻訳家,skagenavi,2026-05-25T01:44:38.000+09:00,2312
n9fdb67cbc454,14035080,nice,nice_bison6036,2026-05-25T01:41:43.000+09:00,327
n9fdb67cbc454,13852441,アリゼロ🐜氷河期世代の働きアリ@自身が会社で経験してきた問題点や気づきを発信しています。,hataraku_ari999,2026-05-25T00:37:30.000+09:00,141
n9fdb67cbc454,13862213,黒瀬,ai_botman0309,2026-05-25T00:25:37.000+09:00,710
n9fdb67cbc454,13181849,ワイン放浪記,wine_horoki,2026-05-24T23:32:02.000+09:00,615
n9fdb67cbc454,13430194,あきまむ,fond_shark9221,2026-05-24T23:16:56.000+09:00,213
n9fdb67cbc454,14124940,mariko ,crisp_bear6729,2026-05-24T23:13:10.000+09:00,91
n9fdb67cbc454,6321029,つーつー,ms_tsu_tsu,2026-05-24T22:59:51.000+09:00,1273
n9fdb67cbc454,14423599,ムフフ,ample_willet9504,2026-05-24T22:57:04.000+09:00,58
n9fdb67cbc454,8244666,くらげ,kurage_moa,2026-05-24T22:49:48.000+09:00,610
n9fdb67cbc454,5664709,地域を明るくするリハビリテーション専門職の会大和,y24a101010,2026-05-24T22:35:07.000+09:00,1283
n9fdb67cbc454,13945309,ぱぱぱ,papapa_t3docs,2026-05-24T22:16:26.000+09:00,213
n9fdb67cbc454,11543403,さとりのさとり,kopailog,2026-05-24T22:15:44.000+09:00,359
n9fdb67cbc454,12516832,和田雄三｜AI×心理ブランディングデザイナー,glad_dill2129,2026-05-24T22:04:54.000+09:00,812
n9fdb67cbc454,10091607,🔔Bell note,bellshacho,2026-05-24T22:02:48.000+09:00,2045
n9fdb67cbc454,12184556,空波DX100%,happy_echium7563,2026-05-24T22:02:42.000+09:00,6864
n9fdb67cbc454,1909619,シゲク@note初心者全力応援,shigekumasaku,2026-05-24T22:01:49.000+09:00,6169
n9fdb67cbc454,13370930,もょもと,brainy_ibis8113,2026-05-24T21:59:38.000+09:00,152
n9fdb67cbc454,5828006,まなつ/突出マイノリティ列伝,tosshutsu_m,2026-05-24T21:57:58.000+09:00,6133
n9fdb67cbc454,10750843,Takanashi（たかなし）,takanashi_note01,2026-05-24T21:56:44.000+09:00,1187
n9fdb67cbc454,6712973,ふかだもとみ,outofivorytower,2026-05-24T21:45:37.000+09:00,306
n9fdb67cbc454,13793195,ふくろう先生｜お金の神様の教えを伝えるnote講師,rosy_clam4908,2026-05-24T21:41:09.000+09:00,4392
n9fdb67cbc454,13965785,ことのは｜心の整理ノート　,cute_parrot8784,2026-05-24T21:41:07.000+09:00,49
n9fdb67cbc454,13374670,爆速パイン🍍|  0→1応援,joyful_okapi9357,2026-05-24T21:39:59.000+09:00,6366
n9fdb67cbc454,13252983,まったん@X×noteで月10万稼ぐ64歳！,gifted_fish1640,2026-05-24T21:39:12.000+09:00,7328
n9fdb67cbc454,14557536,育休復帰ママ｜副収入の記録,haru108649,2026-05-24T21:31:15.000+09:00,50
n9fdb67cbc454,13790780,タイワンオオカミ,mazinger0528,2026-05-24T21:21:46.000+09:00,577
n9fdb67cbc454,5738970,営業fafa | note業界No.1営業マン,kohana1112,2026-05-24T21:16:38.000+09:00,1394
n9fdb67cbc454,12465066,Shoji ｜未来小説,anomie1,2026-05-24T21:10:45.000+09:00,1208
n9fdb67cbc454,10517876,向日葵じまにゃん🌻,jimanyan,2026-05-24T21:10:06.000+09:00,1881
n9fdb67cbc454,11877070,アルフレッド,game_system_alex,2026-05-24T21:03:28.000+09:00,2642
n9fdb67cbc454,5330022,Marie | まりーの小さな⚙️歯車⚙️ラボ🔬,marie_222,2026-05-24T20:52:36.000+09:00,23
n9fdb67cbc454,1722571,ねこ,dannnachann,2026-05-24T20:48:37.000+09:00,35
n9fdb67cbc454,13900618,sophie,scribble_1000,2026-05-24T20:48:09.000+09:00,792
n9fdb67cbc454,12232616,デジさしみ | IT現場の効率家,digital_sashimi,2026-05-24T20:47:50.000+09:00,564
n9fdb67cbc454,14396943,田舎のくたびれおっちゃん,rich_rail5945,2026-05-24T20:44:56.000+09:00,9
n9fdb67cbc454,13574007,🍀ベンジャミン🍀,noble_spirea7217,2026-05-24T20:43:17.000+09:00,767
n9fdb67cbc454,13927059,はる,haru_growth,2026-05-24T20:39:40.000+09:00,243
n9fdb67cbc454,6781246,全力限界駅員👩🏻‍✈️100日連続投稿達成した人,lovely_ixora10,2026-05-24T20:35:25.000+09:00,686
n9fdb67cbc454,11837112,もぐら,mogurabooks,2026-05-24T20:33:04.000+09:00,214
n9fdb67cbc454,12949168,不真面目小児科医　しうまい,misasyu5,2026-05-24T20:31:19.000+09:00,540
n9fdb67cbc454,13546760,あおい｜仕事と本音のあいだ,charm_loris2565,2026-05-24T20:31:11.000+09:00,635
n9fdb67cbc454,6905415,豹子頭 林冲,hyousitou,2026-05-24T20:29:55.000+09:00,269
n9fdb67cbc454,8857122,うるるん,nice_daisy957,2026-05-24T20:26:01.000+09:00,995
n9fdb67cbc454,9525271,ゴキタマサミチ｜よく考え、よく書き、よく笑い、よく学び直す,gokitamasamichi,2026-05-24T20:25:57.000+09:00,807
n9fdb67cbc454,14127190,hinode kazuishi,novel_myrtle4523,2026-05-24T20:25:27.000+09:00,415
n9fdb67cbc454,13107123,ランマッスル,runmuscle_m,2026-05-24T20:25:27.000+09:00,4000
n968647e16cb9,14098863,たらちゃんぺ,zzzneko222,2026-06-01T18:03:20.000+09:00,56
n968647e16cb9,2755847,小山 睦男　書籍コーディネータ,koyamamutsuo2020,2026-05-30T16:03:00.000+09:00,277
n968647e16cb9,7547534,メイシン,mei_shin,2026-05-29T08:36:35.000+09:00,4073
n968647e16cb9,12949168,不真面目小児科医　しうまい,misasyu5,2026-05-28T22:19:19.000+09:00,540
n968647e16cb9,3009631,AI猫モフ助のひとり作戦会議,aicat_mofusuke,2026-05-28T13:53:34.000+09:00,137
n968647e16cb9,1218500,さくら,sakura_wellness,2026-05-28T05:23:25.000+09:00,1314
n968647e16cb9,7451105,minoooru,minoooru,2026-05-27T20:06:44.000+09:00,49
n968647e16cb9,14539857,千代おばぁ｜魂の音を聴く人,chiyo_ryukyu,2026-05-26T18:57:04.000+09:00,41
n968647e16cb9,8504921,HiRO｜稜線を歩く,wakux2com,2026-05-26T13:08:11.000+09:00,1125
n968647e16cb9,13079732,ＣＯＯＬ,vast_tulip7937,2026-05-25T14:46:42.000+09:00,1135
n968647e16cb9,12553034,HIROMI@,grand_fowl1887,2026-05-25T05:45:40.000+09:00,1121
n968647e16cb9,4472775,あまね〘ฅ՞•ﻌ•՞ฅฅ^•ﻌ•^ฅ〙,almabrillante,2026-05-25T00:10:25.000+09:00,842
n968647e16cb9,14124940,mariko ,crisp_bear6729,2026-05-24T23:15:42.000+09:00,91
n968647e16cb9,14060433,Bluebell diary🌿,modern_llama1047,2026-05-24T21:46:43.000+09:00,175
n968647e16cb9,12199541,有限夢想家,humble_dahlia350,2026-05-24T20:58:46.000+09:00,165
n968647e16cb9,8557824,余白ちゃん｜感情【生きづらさ】の翻訳家,yohaku_work,2026-05-24T20:28:59.000+09:00,1014
n968647e16cb9,12465066,Shoji ｜未来小説,anomie1,2026-05-24T19:56:34.000+09:00,1208
n968647e16cb9,13669840,kani ＠元接骨院院長が教える「技術で稼ぐ」現役物販プレーヤー戦略,brisk_vole3305,2026-05-24T19:28:10.000+09:00,1561
n968647e16cb9,1215602,北の小さな教室から,jukuchodao,2026-05-24T18:41:27.000+09:00,223
n968647e16cb9,11148816,tsutuji|40代からの体と肌の整え方,hearty_fox690,2026-05-24T15:19:33.000+09:00,1929
n968647e16cb9,8608633,ひこ｜大人女性の心を整える,hiko31,2026-05-24T07:53:35.000+09:00,177
n968647e16cb9,636559,SUP445 | 50代からでもできるSUP,gentle_dog424,2026-05-24T06:10:44.000+09:00,221
n968647e16cb9,14507504,mimi 🕊️✨🇫🇷,deep_willet7155,2026-05-24T05:19:00.000+09:00,123
n968647e16cb9,11474190,断罪と慈愛の歌詠み師 UTAKO,bold_slug9390,2026-05-24T00:30:48.000+09:00,500
n968647e16cb9,12060242,凪叶 | 私の人生ストーリー,imperf,2026-05-23T21:41:45.000+09:00,215
n968647e16cb9,7829401,らいあん,lucky_clover269,2026-05-23T20:31:27.000+09:00,2100
n968647e16cb9,13187388,Crocodile Harbor Press　｜天音さいか,juicy_whale7536,2026-05-23T14:31:15.000+09:00,194
n968647e16cb9,13359068,haremithu,haremithu,2026-05-23T11:48:03.000+09:00,762
n968647e16cb9,13723950,ししまる@あなたの資産形成を手助けする人,sisimaru_note,2026-05-23T06:38:55.000+09:00,204
n968647e16cb9,4091932,visage スゲノヨシノリ＠hybrid photographer mikiの未来会議,yoshinori1528,2026-05-23T06:22:27.000+09:00,1034
n968647e16cb9,14126621,フリーマン,just_serval6544,2026-05-23T06:20:21.000+09:00,220
n968647e16cb9,1287373,はなえ𖠚ᐝ,shima_hana,2026-05-23T06:05:40.000+09:00,462
n968647e16cb9,13930432,KeNsHi,honest_wolf4335,2026-05-23T01:00:32.000+09:00,311
n968647e16cb9,13628596,あちゃぴん,ready_toucan740,2026-05-23T00:02:26.000+09:00,167
n968647e16cb9,8911867,ルルトアヤコ,lovely_coyote546,2026-05-22T22:31:16.000+09:00,2648
n968647e16cb9,14144184,しおり,joyous_lily2842,2026-05-22T22:17:24.000+09:00,8
n968647e16cb9,10175064,雪綴ゆき,wise_rat6355,2026-05-22T22:01:46.000+09:00,6352
n968647e16cb9,9032133,北原　30代後半　東京都２３区　【フォロバ１００】,leal_falcon160,2026-05-22T21:50:47.000+09:00,1199
n968647e16cb9,5828006,まなつ/突出マイノリティ列伝,tosshutsu_m,2026-05-22T21:08:46.000+09:00,6133
n968647e16cb9,4678684,にーな🎈,niina27,2026-05-22T19:36:29.000+09:00,1867
n968647e16cb9,11837112,もぐら,mogurabooks,2026-05-22T17:57:59.000+09:00,214
n968647e16cb9,11832213,小鳥(Kotori),proper_auk7572,2026-05-22T15:54:45.000+09:00,733
n968647e16cb9,10134004,京都のごんちゃん,kyoto_gonchan,2026-05-22T15:38:26.000+09:00,607
n968647e16cb9,10621369,そっとねこ,sottoneko,2026-05-22T14:56:17.000+09:00,409
n968647e16cb9,11574500,ふらつき母ちゃん 〜今日も全力空回り！〜,dear_viper3924,2026-05-22T14:24:13.000+09:00,806
n968647e16cb9,13280536,人生幸福委員会｜自分らしい生き方を考える,firm_quince3596,2026-05-22T14:23:27.000+09:00,617
n968647e16cb9,13654256,花鳥風月(花ちゃん)｜心を動かすメンタリスト,firm_bee7297,2026-05-22T13:58:16.000+09:00,1939
n968647e16cb9,13405464,木漏れ日亭,komorebi_tei,2026-05-22T13:21:27.000+09:00,584
n968647e16cb9,13163455,KOTAYA | 今日はこれで合格,kotaya_log,2026-05-22T13:16:08.000+09:00,2785
n968647e16cb9,9367976,真夏　純,jun_manatsu,2026-05-22T10:50:29.000+09:00,1162
n968647e16cb9,8857122,うるるん,nice_daisy957,2026-05-22T10:40:35.000+09:00,995
n968647e16cb9,13066168,はるねずみ｜note副業０→１応援,kasegu5haru,2026-05-22T09:32:24.000+09:00,1551
n968647e16cb9,13037359,丁寧な暮らし/生きやすさ探求家,gentle_gecko1078,2026-05-22T09:21:40.000+09:00,283
n968647e16cb9,11359513,安達｢チーム🦁｣｜AIと共闘し600を必達する者,takayukiadachi,2026-05-22T09:15:03.000+09:00,944
n968647e16cb9,11572948,うばきち｜社労士×診断士×AI,pacific_creator1,2026-05-22T08:56:25.000+09:00,59
n968647e16cb9,5738970,営業fafa | note業界No.1営業マン,kohana1112,2026-05-22T08:39:57.000+09:00,1394
n968647e16cb9,14154824,ねむねこうさぎ｜創る人。Suno音楽・イラスト・小説,nem_artstory,2026-05-22T08:16:43.000+09:00,91
n968647e16cb9,12591374,ケンタロウ/gr.minpaku,merry_robin6845,2026-05-22T07:18:36.000+09:00,471
n968647e16cb9,13591791,Logical Money,logical_money,2026-05-22T07:14:57.000+09:00,296
n968647e16cb9,6905415,豹子頭 林冲,hyousitou,2026-05-22T07:02:14.000+09:00,269
n968647e16cb9,7703704,清宮ゆうか｜年子兄妹のママ・薬剤師,yuka_k_mom,2026-05-22T06:47:16.000+09:00,1295
n968647e16cb9,8166572,ひゅー｜AI×分析｜考察と思考整理を楽しむ。note,hyu_nisworks,2026-05-22T06:01:12.000+09:00,398
n968647e16cb9,4887086,はんく・シュンタナ🐤『塩化ビニール系女子』AIクリエイター兼プロデューサー,hunk_shuntana,2026-05-22T05:32:21.000+09:00,618
n968647e16cb9,13852441,アリゼロ🐜氷河期世代の働きアリ@自身が会社で経験してきた問題点や気づきを発信しています。,hataraku_ari999,2026-05-22T01:21:03.000+09:00,141
n968647e16cb9,11561590,かえるこ | Kaeruko,serene_pansy617,2026-05-22T01:03:19.000+09:00,4177
n968647e16cb9,12675061,とも,famous_skink8709,2026-05-21T23:21:44.000+09:00,712
n968647e16cb9,13613385,羅生門SKY,codex_strategy,2026-05-21T23:11:37.000+09:00,418
n968647e16cb9,13281186,さくさく|そっと寄り添う日々,jidoukan_judge,2026-05-21T22:56:41.000+09:00,1661
n968647e16cb9,10091607,🔔Bell note,bellshacho,2026-05-21T22:52:13.000+09:00,2045
n968647e16cb9,10517876,向日葵じまにゃん🌻,jimanyan,2026-05-21T22:45:24.000+09:00,1881
n968647e16cb9,11878886,きゅう｜暮らしととのえLabo,dear_duck9350,2026-05-21T22:28:12.000+09:00,1924
n968647e16cb9,13965785,ことのは｜心の整理ノート　,cute_parrot8784,2026-05-21T22:26:54.000+09:00,49
n968647e16cb9,4877017,須川元介/情報翻訳家,skagenavi,2026-05-21T22:26:48.000+09:00,2312
n968647e16cb9,13813515,もりあおな,mori_hikaru,2026-05-21T22:13:54.000+09:00,670
n968647e16cb9,12516832,和田雄三｜AI×心理ブランディングデザイナー,glad_dill2129,2026-05-21T21:57:59.000+09:00,812
n968647e16cb9,13815192,鷹月(たかつき)｜個人開発者,growth_lab710,2026-05-21T21:36:15.000+09:00,91
n968647e16cb9,11634537,ナオユキ｜物語と知識のコンシェルジュ,ai_naoyuki,2026-05-21T21:34:15.000+09:00,2968
n968647e16cb9,13927059,はる,haru_growth,2026-05-21T21:33:08.000+09:00,243
n968647e16cb9,12157269,ken ｜ 完全無課金AI戦略 × note運営,noted_sheep3883,2026-05-21T21:27:43.000+09:00,3213
n968647e16cb9,11877070,アルフレッド,game_system_alex,2026-05-21T21:20:23.000+09:00,2642
n968647e16cb9,1909619,シゲク@note初心者全力応援,shigekumasaku,2026-05-21T21:10:45.000+09:00,6169
n968647e16cb9,12184556,空波DX100%,happy_echium7563,2026-05-21T21:09:42.000+09:00,6864
n968647e16cb9,13312115,りぼんぼん,sankasei,2026-05-21T20:55:48.000+09:00,53
n968647e16cb9,13574007,🍀ベンジャミン🍀,noble_spirea7217,2026-05-21T20:42:32.000+09:00,767
n968647e16cb9,13900618,sophie,scribble_1000,2026-05-21T20:41:57.000+09:00,792
n968647e16cb9,10750843,Takanashi（たかなし）,takanashi_note01,2026-05-21T20:40:23.000+09:00,1187
n968647e16cb9,14236429,もち子｜リアル体験記,mochiko_real,2026-05-21T20:38:09.000+09:00,153
n968647e16cb9,14557536,育休復帰ママ｜副収入の記録,haru108649,2026-05-21T20:36:37.000+09:00,50
n968647e16cb9,13107123,ランマッスル,runmuscle_m,2026-05-21T20:34:00.000+09:00,4000
n968647e16cb9,5330022,Marie | まりーの小さな⚙️歯車⚙️ラボ🔬,marie_222,2026-05-21T20:31:25.000+09:00,23
n2a071f3201b2,13155212,れもな / Remona 🍋,lemonade_remona,2026-06-01T11:50:39.000+09:00,588
n2a071f3201b2,8911867,ルルトアヤコ,lovely_coyote546,2026-06-01T10:38:55.000+09:00,2648
n2a071f3201b2,13163455,KOTAYA | 今日はこれで合格,kotaya_log,2026-05-31T13:24:55.000+09:00,2785
n2a071f3201b2,2755847,小山 睦男　書籍コーディネータ,koyamamutsuo2020,2026-05-30T16:03:05.000+09:00,277
n2a071f3201b2,3009631,AI猫モフ助のひとり作戦会議,aicat_mofusuke,2026-05-28T13:53:35.000+09:00,137
n2a071f3201b2,13079732,ＣＯＯＬ,vast_tulip7937,2026-05-25T14:46:54.000+09:00,1135
n2a071f3201b2,14124940,mariko ,crisp_bear6729,2026-05-25T11:02:11.000+09:00,91
n2a071f3201b2,12465066,Shoji ｜未来小説,anomie1,2026-05-25T06:43:06.000+09:00,1208
n2a071f3201b2,11877070,アルフレッド,game_system_alex,2026-05-24T17:29:26.000+09:00,2642
n2a071f3201b2,13574007,🍀ベンジャミン🍀,noble_spirea7217,2026-05-23T17:29:10.000+09:00,767
n2a071f3201b2,13777980,しげちーSS,shjgechy,2026-05-23T17:09:43.000+09:00,433
n2a071f3201b2,13723950,ししまる@あなたの資産形成を手助けする人,sisimaru_note,2026-05-23T06:39:02.000+09:00,204
n2a071f3201b2,7896891,ポンタ,pontanohaha,2026-05-23T04:15:20.000+09:00,1164
n2a071f3201b2,13930432,KeNsHi,honest_wolf4335,2026-05-23T01:00:34.000+09:00,311
n2a071f3201b2,14513760,三浦千夏,chika_fukugyo,2026-05-22T23:09:02.000+09:00,94
n2a071f3201b2,4472775,あまね〘ฅ՞•ﻌ•՞ฅฅ^•ﻌ•^ฅ〙,almabrillante,2026-05-22T21:37:01.000+09:00,842
n2a071f3201b2,12175333,りんりんママ｜お金×学び×キャリアの実践note,lin2mama_nisa,2026-05-22T21:15:24.000+09:00,532
n2a071f3201b2,10091607,🔔Bell note,bellshacho,2026-05-22T12:57:47.000+09:00,2045
n2a071f3201b2,12184556,空波DX100%,happy_echium7563,2026-05-22T12:57:22.000+09:00,6864
n2a071f3201b2,8857122,うるるん,nice_daisy957,2026-05-22T10:42:24.000+09:00,995
n2a071f3201b2,13066168,はるねずみ｜note副業０→１応援,kasegu5haru,2026-05-22T09:42:23.000+09:00,1551
n2a071f3201b2,13202536,ゆーとん｜中間管理職の答え合わせ,yuton_freelife,2026-05-22T06:23:03.000+09:00,715
n2a071f3201b2,13613385,羅生門SKY,codex_strategy,2026-05-21T23:11:19.000+09:00,418
n2a071f3201b2,1909619,シゲク@note初心者全力応援,shigekumasaku,2026-05-21T21:10:46.000+09:00,6169
n2a071f3201b2,12039240,LUNA JAPAN 358,lunajapan358,2026-05-21T17:15:06.000+09:00,556
n2a071f3201b2,9245043,一般財団法人 木村潤 記念財団,jkmf,2026-05-21T16:40:04.000+09:00,194
n2a071f3201b2,10405029,    榎本民夫　Tokyo Walks,tamio7,2026-05-21T16:07:53.000+09:00,104
n2a071f3201b2,11474190,断罪と慈愛の歌詠み師 UTAKO,bold_slug9390,2026-05-21T15:37:41.000+09:00,500
n2a071f3201b2,14557536,育休復帰ママ｜副収入の記録,haru108649,2026-05-21T10:47:10.000+09:00,50
n2a071f3201b2,8701555,Echo of Moss｜AI〈NORI〉,fit_cougar9763,2026-05-21T10:46:23.000+09:00,265
n2a071f3201b2,11639783,小鳥遊ワシ |takanashi WASHI🦅,takanashi_washi,2026-05-21T07:47:30.000+09:00,1443
n2a071f3201b2,13118292,福田の文芸倉庫　For True Art Lovers Only,honest_hawk2889,2026-05-21T06:15:07.000+09:00,1452
n2a071f3201b2,14333175,なな｜疲れた心の休憩所,nanaaaa777,2026-05-21T06:14:16.000+09:00,1101
n2a071f3201b2,6187447,ぽてと｜文章で生き方を変える毎日寝落ちワーママ,potatonokokoro,2026-05-21T06:14:04.000+09:00,1890
n2a071f3201b2,13871022,工場の庭師,tender_otter2888,2026-05-21T05:31:00.000+09:00,106
n2a071f3201b2,14132723,せな｜無理しない低燃費生活,senamainiti,2026-05-20T22:55:23.000+09:00,459
n2a071f3201b2,11861558,秋本マミ,vivid_cougar9852,2026-05-20T21:07:02.000+09:00,703
n2a071f3201b2,7703704,清宮ゆうか｜年子兄妹のママ・薬剤師,yuka_k_mom,2026-05-20T19:28:59.000+09:00,1295
n2a071f3201b2,13852441,アリゼロ🐜氷河期世代の働きアリ@自身が会社で経験してきた問題点や気づきを発信しています。,hataraku_ari999,2026-05-20T15:26:59.000+09:00,141
n2a071f3201b2,10750843,Takanashi（たかなし）,takanashi_note01,2026-05-20T14:53:02.000+09:00,1187
n2a071f3201b2,5828006,まなつ/突出マイノリティ列伝,tosshutsu_m,2026-05-20T13:34:01.000+09:00,6133
n2a071f3201b2,11574500,ふらつき母ちゃん 〜今日も全力空回り！〜,dear_viper3924,2026-05-20T12:54:08.000+09:00,806
n2a071f3201b2,14310738,ひろたこのアップデート,fast_gerbil9301,2026-05-20T12:11:26.000+09:00,65
n2a071f3201b2,12539487,よしこ｜続けたい人の横にいる,noted_beetle1302,2026-05-20T08:19:49.000+09:00,522
n2a071f3201b2,11148816,tsutuji|40代からの体と肌の整え方,hearty_fox690,2026-05-20T07:54:53.000+09:00,1929
n2a071f3201b2,13909954,Shin,natty_frog4835,2026-05-20T07:50:37.000+09:00,250
n2a071f3201b2,4509042,猫の父さん@トトとチー,cat48_1010,2026-05-20T07:08:30.000+09:00,398
n2a071f3201b2,13236272,ZAKKY −営業サポート,mild_stoat3315,2026-05-20T06:46:55.000+09:00,273
n2a071f3201b2,12591374,ケンタロウ/gr.minpaku,merry_robin6845,2026-05-20T06:36:30.000+09:00,471
n2a071f3201b2,11359513,安達｢チーム🦁｣｜AIと共闘し600を必達する者,takayukiadachi,2026-05-20T01:03:18.000+09:00,944
n2a071f3201b2,13927059,はる,haru_growth,2026-05-20T00:17:00.000+09:00,243
n2a071f3201b2,14060433,Bluebell diary🌿,modern_llama1047,2026-05-19T23:08:55.000+09:00,175
n2a071f3201b2,8166572,ひゅー｜AI×分析｜考察と思考整理を楽しむ。note,hyu_nisworks,2026-05-19T22:44:08.000+09:00,398
n2a071f3201b2,13107123,ランマッスル,runmuscle_m,2026-05-19T22:31:40.000+09:00,4000
n2a071f3201b2,11201342,れいぽん,rainponcho_mama,2026-05-19T22:10:20.000+09:00,3255
n2a071f3201b2,4877017,須川元介/情報翻訳家,skagenavi,2026-05-19T22:10:14.000+09:00,2312
n2a071f3201b2,12417301,すみれ,genial_wren230,2026-05-19T22:00:24.000+09:00,296
n2a071f3201b2,10517876,向日葵じまにゃん🌻,jimanyan,2026-05-19T21:54:46.000+09:00,1881
n2a071f3201b2,13281186,さくさく|そっと寄り添う日々,jidoukan_judge,2026-05-19T21:42:51.000+09:00,1661
n2a071f3201b2,12624691,あん｜noteと遊ぶ,aging_gracefully,2026-05-19T21:29:35.000+09:00,1218
n2a071f3201b2,12516832,和田雄三｜AI×心理ブランディングデザイナー,glad_dill2129,2026-05-19T21:16:04.000+09:00,812
n2a071f3201b2,1391551,ニジイロクワガタ,phalacrognathus,2026-05-19T21:15:30.000+09:00,115
n2a071f3201b2,5330022,Marie | まりーの小さな⚙️歯車⚙️ラボ🔬,marie_222,2026-05-19T21:06:31.000+09:00,23
n2a071f3201b2,13405464,木漏れ日亭,komorebi_tei,2026-05-19T21:03:32.000+09:00,584
n2a071f3201b2,5738970,営業fafa | note業界No.1営業マン,kohana1112,2026-05-19T20:51:30.000+09:00,1394
n2a071f3201b2,13815192,鷹月(たかつき)｜個人開発者,growth_lab710,2026-05-19T20:51:10.000+09:00,91
n2a071f3201b2,12949707,愛のnote,aicocoro,2026-05-19T20:49:42.000+09:00,245
n2a071f3201b2,6905415,豹子頭 林冲,hyousitou,2026-05-19T20:46:12.000+09:00,269
n2a071f3201b2,13623901,あずなぶ〜る｜SNS弱者のnote戦略術,alive_here3686,2026-05-19T20:45:08.000+09:00,814
n2a071f3201b2,13813515,もりあおな,mori_hikaru,2026-05-19T20:43:39.000+09:00,670
n2a071f3201b2,11561590,かえるこ | Kaeruko,serene_pansy617,2026-05-19T20:43:13.000+09:00,4177
n2a071f3201b2,12568539,satoyu｜ゆるガチおうち英語,yurugachienglish,2026-05-19T20:42:41.000+09:00,558
n2a071f3201b2,12271575,おれ｜26歳・月収18万から「余裕と自信のある人生」を作る途中（お金×健康×自己投資×恋愛）,yubou__,2026-05-19T20:40:21.000+09:00,397
n2a071f3201b2,12377105,まるよか,yokayoka5103,2026-05-19T20:40:06.000+09:00,1361
n2a071f3201b2,13688693,sato/高圧ガス資格研究所,mild_nerine4683,2026-05-19T20:38:47.000+09:00,1047
n2a071f3201b2,11558833,癒療師（ゆりょうし）びっくる,right_hyena9739,2026-05-19T20:36:19.000+09:00,89
n2a071f3201b2,11837112,もぐら,mogurabooks,2026-05-19T20:35:16.000+09:00,214
n2a071f3201b2,10175064,雪綴ゆき,wise_rat6355,2026-05-19T20:34:14.000+09:00,6352
n2a071f3201b2,13900618,sophie,scribble_1000,2026-05-19T20:34:02.000+09:00,792
n2a071f3201b2,12885894,taka,agile_heron3163,2026-05-19T20:32:04.000+09:00,629
n44290178be17,13163455,KOTAYA | 今日はこれで合格,kotaya_log,2026-05-31T13:25:08.000+09:00,2785
n44290178be17,12531318,いっちゃん,love_shioazuki,2026-05-31T00:43:18.000+09:00,294
n44290178be17,2755847,小山 睦男　書籍コーディネータ,koyamamutsuo2020,2026-05-30T16:02:58.000+09:00,277
n44290178be17,3524343,せいや@インスタ副業で独立して車事業やってる24歳,ugoke_imasugu,2026-05-27T15:50:14.000+09:00,287
n44290178be17,10552794,俄平,mild_swift4319,2026-05-26T12:29:30.000+09:00,8
n44290178be17,2957592,スポイチ＠AI副業フォロバ100,hspoithi,2026-05-24T12:02:06.000+09:00,718
n44290178be17,7547534,メイシン,mei_shin,2026-05-24T09:41:36.000+09:00,4073
n44290178be17,9817493,トート|コミュ力が上がるnote,sculpture4630,2026-05-23T06:15:30.000+09:00,250
n44290178be17,13930432,KeNsHi,honest_wolf4335,2026-05-23T01:00:35.000+09:00,311
n44290178be17,14441091,食べやせAsami / 相談者がみるみる痩せる敏腕痩せトレーナー,asami_nutrition,2026-05-22T19:56:06.000+09:00,9
n44290178be17,13613385,羅生門SKY,codex_strategy,2026-05-21T22:57:27.000+09:00,418
n44290178be17,1909619,シゲク@note初心者全力応援,shigekumasaku,2026-05-21T21:10:47.000+09:00,6169
n44290178be17,10405029,    榎本民夫　Tokyo Walks,tamio7,2026-05-21T16:07:56.000+09:00,104
n44290178be17,14557536,育休復帰ママ｜副収入の記録,haru108649,2026-05-21T10:47:12.000+09:00,50
n44290178be17,5528334,ヒトタラヲ,5959life,2026-05-21T02:11:56.000+09:00,4029
n44290178be17,14132723,せな｜無理しない低燃費生活,senamainiti,2026-05-20T22:56:37.000+09:00,459
n44290178be17,14236429,もち子｜リアル体験記,mochiko_real,2026-05-20T20:00:41.000+09:00,153
n44290178be17,5738970,営業fafa | note業界No.1営業マン,kohana1112,2026-05-20T17:34:08.000+09:00,1394
n44290178be17,13425378,あぴ | 音大の学費は回収できたのか,api_music,2026-05-20T17:29:28.000+09:00,18
n44290178be17,10827166,コンパス みき,compass_m360,2026-05-20T12:45:48.000+09:00,1205
n44290178be17,13995342,monjya,cider_0mon,2026-05-20T12:35:53.000+09:00,348
n44290178be17,11137768,Jinsei,major_eel3138,2026-05-20T08:54:58.000+09:00,1307
n44290178be17,11543403,さとりのさとり,kopailog,2026-05-20T07:53:55.000+09:00,359
n44290178be17,8166572,ひゅー｜AI×分析｜考察と思考整理を楽しむ。note,hyu_nisworks,2026-05-20T07:46:21.000+09:00,398
n44290178be17,12928086,高年式・中古外装部品の仕入れと価値づくりならLucentへ,lucentautoparts,2026-05-20T01:35:20.000+09:00,73
n44290178be17,11121667,"あいさん💗Iカウンセリングルーム セラピスト／ 臨床心理士×公認心理師｜支援歴16年・2,000名超",joyful_zebra1701,2026-05-20T00:06:30.000+09:00,5634
n44290178be17,13356135,黒い黒パグ,ideal_slug1407,2026-05-19T23:03:38.000+09:00,1245
n44290178be17,13037359,丁寧な暮らし/生きやすさ探求家,gentle_gecko1078,2026-05-19T21:57:30.000+09:00,283
n44290178be17,12810507,かずみ｜思考を変える専門家,shinayaka_career,2026-05-19T21:43:42.000+09:00,70
n44290178be17,11558833,癒療師（ゆりょうし）びっくる,right_hyena9739,2026-05-19T20:42:00.000+09:00,89
n44290178be17,11202311,きよ,just_holly304,2026-05-19T19:34:26.000+09:00,3372
n44290178be17,2296620,SMILE,smile_smile_2020,2026-05-19T18:20:27.000+09:00,95
n44290178be17,10511593,しれネコ🐾｜迷子の気持ち、 ちょっと軽く,large_hosta3387,2026-05-19T17:55:06.000+09:00,613
n44290178be17,12496994,さいとうクリーニング　布団洗いが得意　齊藤師義,mitsuyoshisaitou,2026-05-19T17:40:43.000+09:00,643
n44290178be17,13491640,虹の森,rainbow_7yhk,2026-05-19T15:40:26.000+09:00,102
n44290178be17,1287373,はなえ𖠚ᐝ,shima_hana,2026-05-19T15:22:04.000+09:00,462
n44290178be17,14445465,さくら,light_quail6120,2026-05-19T13:25:53.000+09:00,300
n44290178be17,14401723,Cardio AI Dr.,cardio_ai_dr,2026-05-19T12:57:55.000+09:00,467
n44290178be17,6599346,ひらりママ,hirarimama_0717,2026-05-19T12:37:30.000+09:00,192
n44290178be17,3014459,retronica,retronica,2026-05-19T11:58:31.000+09:00,15
n44290178be17,13496085,sayyesclinic,sayyesclinic,2026-05-19T11:13:34.000+09:00,365
n44290178be17,12259374,みいた｜リケジョがゼロから副業設計,miita_kusuri,2026-05-19T11:13:28.000+09:00,100
n44290178be17,7815036,"ソーダ│Threads×継続で4,800人",cute_kalmia194,2026-05-19T11:12:36.000+09:00,2008
n44290178be17,11877961,ハッタリ,toichi_101,2026-05-19T10:31:21.000+09:00,13868
n44290178be17,13079732,ＣＯＯＬ,vast_tulip7937,2026-05-19T08:57:21.000+09:00,1135
n44290178be17,6283869,magorinq,gomarin_q,2026-05-19T08:20:54.000+09:00,321
n44290178be17,13792780,営業パパ,eigyopapa,2026-05-19T06:38:34.000+09:00,1560
n44290178be17,12411966,ルー＝シャーナ（ルーシャーナ）｜感覚をことばにする往復便,jolly_lupine2962,2026-05-19T04:50:45.000+09:00,2299
n44290178be17,13066168,はるねずみ｜note副業０→１応援,kasegu5haru,2026-05-19T00:04:56.000+09:00,1551
n44290178be17,12434514,Show ｜ 判断疲れを構造で軽くする思考設計ラボ,show_lifelab,2026-05-18T23:26:38.000+09:00,77
n44290178be17,11915247,SweatySwan,natty_dahlia1809,2026-05-18T23:26:15.000+09:00,64
n44290178be17,11877070,アルフレッド,game_system_alex,2026-05-18T23:23:11.000+09:00,2642
n44290178be17,12105655,miyako 〜毒親育ちママの「負の連鎖」を断ち切る子育て,miyako_kosodate,2026-05-18T23:03:16.000+09:00,85
n44290178be17,12184556,空波DX100%,happy_echium7563,2026-05-18T23:01:27.000+09:00,6864
n44290178be17,14124940,mariko ,crisp_bear6729,2026-05-18T22:29:44.000+09:00,91
n44290178be17,10522112,花村 のの香,royal_color1204,2026-05-18T22:11:38.000+09:00,1120
n44290178be17,10460304,ちんぱん🐒AI×note実録,ojisan_chinpan,2026-05-18T20:56:46.000+09:00,789
n44290178be17,14545480,NachiLizzy,cool_turkey9552,2026-05-18T20:55:12.000+09:00,11
n44290178be17,13623901,あずなぶ〜る｜SNS弱者のnote戦略術,alive_here3686,2026-05-18T20:53:52.000+09:00,814
n44290178be17,13929293,時さん,easy_takin6175,2026-05-18T20:53:01.000+09:00,304
n44290178be17,10175064,雪綴ゆき,wise_rat6355,2026-05-18T20:33:48.000+09:00,6352
n44290178be17,13444713,サンチ |  アラフィフ × チューバで人生再起動,placeoforigin26,2026-05-18T19:55:20.000+09:00,315
n44290178be17,12668215,天馬｜学んでも変わらない人生が動き出すnote,tenma_black,2026-05-18T18:59:39.000+09:00,3544
n44290178be17,14068945,SC17 _DOTENBEAR_,koji_sc17,2026-05-18T18:49:36.000+09:00,124
n44290178be17,3899470,梅丘ぬこ＠文章×起業 愛媛在住,nucomaru,2026-05-18T18:34:42.000+09:00,1744
n44290178be17,11837112,もぐら,mogurabooks,2026-05-18T18:33:23.000+09:00,214
n44290178be17,1964893,うっとりーな,uttori_nadesu,2026-05-18T18:21:07.000+09:00,76
n44290178be17,9649692,60代から人生を変える人を増やす人｜NY駐在×成功法則×数字思考｜灘口悟,nadaguchi,2026-05-18T17:30:28.000+09:00,171
n44290178be17,13654256,花鳥風月(花ちゃん)｜心を動かすメンタリスト,firm_bee7297,2026-05-18T15:23:56.000+09:00,1939
n44290178be17,13697162,Tammy｜国際交流大好きママ,sakura_tammy,2026-05-18T13:50:13.000+09:00,477
n44290178be17,12397395,ひつじレモン,fine_dog6917,2026-05-18T11:56:44.000+09:00,1190
n44290178be17,13612774,Kichijin,fit_bee6279,2026-05-18T11:17:07.000+09:00,199
n44290178be17,14450054,ほみ,homitokagisippo,2026-05-18T10:13:56.000+09:00,99
n44290178be17,6781246,全力限界駅員👩🏻‍✈️100日連続投稿達成した人,lovely_ixora10,2026-05-18T09:26:24.000+09:00,686
n44290178be17,13978118,かおこ,supreme_choix,2026-05-18T09:19:22.000+09:00,493
n44290178be17,5828006,まなつ/突出マイノリティ列伝,tosshutsu_m,2026-05-18T09:01:47.000+09:00,6133
n44290178be17,11561590,かえるこ | Kaeruko,serene_pansy617,2026-05-18T08:52:40.000+09:00,4177
n44290178be17,11973177,るこのみらい,ruco3,2026-05-18T08:33:41.000+09:00,2014
n44290178be17,13900618,sophie,scribble_1000,2026-05-18T08:23:34.000+09:00,792
n44290178be17,12568552,Mami／3ヶ月連続5桁達成中,rich_eel1557,2026-05-18T08:09:10.000+09:00,157
n44290178be17,12539487,よしこ｜続けたい人の横にいる,noted_beetle1302,2026-05-18T08:00:14.000+09:00,522
n44290178be17,5330022,Marie | まりーの小さな⚙️歯車⚙️ラボ🔬,marie_222,2026-05-18T07:30:33.000+09:00,23
n44290178be17,4887086,はんく・シュンタナ🐤『塩化ビニール系女子』AIクリエイター兼プロデューサー,hunk_shuntana,2026-05-18T07:26:33.000+09:00,618
n44290178be17,5176781,じゅんこ｜馬が私を育てた,smilejunko_id,2026-05-18T07:14:39.000+09:00,1090
n44290178be17,12591374,ケンタロウ/gr.minpaku,merry_robin6845,2026-05-18T06:59:01.000+09:00,471
n44290178be17,14058663,white　心のコンシェルジュ,10010918c,2026-05-18T06:51:10.000+09:00,530
n44290178be17,4509042,猫の父さん@トトとチー,cat48_1010,2026-05-18T06:47:17.000+09:00,398
n44290178be17,13236272,ZAKKY −営業サポート,mild_stoat3315,2026-05-18T06:42:50.000+09:00,273
n44290178be17,896276,Bebop練習中！,jy2112,2026-05-18T06:34:06.000+09:00,645
n44290178be17,5780223,のぶこ,nice_viola969,2026-05-18T06:33:13.000+09:00,394
n44290178be17,4468524,エム・健康オタク～ヘルスマスターになっちゃいました,m2cjackey,2026-05-18T06:31:45.000+09:00,168
n44290178be17,10750843,Takanashi（たかなし）,takanashi_note01,2026-05-18T06:28:01.000+09:00,1187
n44290178be17,12885021,ただのかくひと。,tadanokakuhito,2026-05-18T06:03:48.000+09:00,70
n44290178be17,10456186,脳ない鷹は爪出しっぱなし,dreamy_shrew6350,2026-05-18T05:57:44.000+09:00,664
n44290178be17,3358934,けせら,kesera_,2026-05-18T05:35:49.000+09:00,1377
n44290178be17,13607215,現場に立つ飲食店リアル経営者,agile_oxalis2060,2026-05-18T05:23:40.000+09:00,75
n44290178be17,13405464,木漏れ日亭,komorebi_tei,2026-05-18T05:06:58.000+09:00,584
n44290178be17,6905415,豹子頭 林冲,hyousitou,2026-05-18T04:30:21.000+09:00,269
n44290178be17,14341594,軽天屋さん,fair_clam8022,2026-05-18T04:02:43.000+09:00,242
n44290178be17,12553034,HIROMI@,grand_fowl1887,2026-05-18T02:40:43.000+09:00,1121
n44290178be17,14104132,sia.|シアの静かな本音 (韓国生活),lithe_python5347,2026-05-18T02:01:24.000+09:00,5
n44290178be17,11807021,へろん,nifty_sheep7386,2026-05-18T01:06:24.000+09:00,910
n44290178be17,13788471,Biisa|美沙,biisa_ccw,2026-05-18T00:48:00.000+09:00,400
n44290178be17,13545462,beyondの旦那の方｜Cozy Cafe & Bar beyond店主,nizi_no_mukouhe,2026-05-18T00:23:13.000+09:00,146
n44290178be17,4472775,あまね〘ฅ՞•ﻌ•՞ฅฅ^•ﻌ•^ฅ〙,almabrillante,2026-05-18T00:21:31.000+09:00,842
n44290178be17,13813515,もりあおな,mori_hikaru,2026-05-17T23:51:25.000+09:00,670
n44290178be17,12006974,AIツール活用ラボ ｜ 毎日5分で仕事が10倍速くなる,fancy_hosta7564,2026-05-17T23:49:28.000+09:00,13
n44290178be17,12505332,たつ｜挑戦を習慣にする人,tatsu_challenge,2026-05-17T23:47:36.000+09:00,448
n44290178be17,10091607,🔔Bell note,bellshacho,2026-05-17T23:45:54.000+09:00,2045
n44290178be17,13628596,あちゃぴん,ready_toucan740,2026-05-17T23:13:12.000+09:00,167
n44290178be17,11474190,断罪と慈愛の歌詠み師 UTAKO,bold_slug9390,2026-05-17T23:07:00.000+09:00,500
n44290178be17,4877017,須川元介/情報翻訳家,skagenavi,2026-05-17T23:01:34.000+09:00,2312
n44290178be17,8857122,うるるん,nice_daisy957,2026-05-17T23:00:24.000+09:00,995
n44290178be17,12157269,ken ｜ 完全無課金AI戦略 × note運営,noted_sheep3883,2026-05-17T22:57:48.000+09:00,3213
n44290178be17,13637621,月見草へらさん🌙🌼｜Smiling Soul,herarin_create,2026-05-17T22:49:47.000+09:00,11
n44290178be17,11634537,ナオユキ｜物語と知識のコンシェルジュ,ai_naoyuki,2026-05-17T22:41:23.000+09:00,2968
n44290178be17,13430194,あきまむ,fond_shark9221,2026-05-17T22:39:29.000+09:00,213
n44290178be17,14060433,Bluebell diary🌿,modern_llama1047,2026-05-17T22:30:09.000+09:00,175
n44290178be17,13269889,hiroyuki,oxalis8466,2026-05-17T22:29:36.000+09:00,121
n44290178be17,12516832,和田雄三｜AI×心理ブランディングデザイナー,glad_dill2129,2026-05-17T22:27:56.000+09:00,812
n44290178be17,13965785,ことのは｜心の整理ノート　,cute_parrot8784,2026-05-17T22:26:42.000+09:00,49
n44290178be17,14433723,Yufu｜朝日と花と、これからの人生,brisk_pansy5528,2026-05-17T22:20:06.000+09:00,353
n44290178be17,10517876,向日葵じまにゃん🌻,jimanyan,2026-05-17T22:17:58.000+09:00,1881
n44290178be17,13852441,アリゼロ🐜氷河期世代の働きアリ@自身が会社で経験してきた問題点や気づきを発信しています。,hataraku_ari999,2026-05-17T22:08:39.000+09:00,141
n44290178be17,12391716,もぐたんママ🎈|皆の笑顔を増やすnote@タラヲガールズ006,mogu0321_mam,2026-05-17T22:08:21.000+09:00,1666
n44290178be17,13913383,紅鮭の幻影：湘南の片隅で,totoryo1976,2026-05-17T21:52:38.000+09:00,272
n44290178be17,13107123,ランマッスル,runmuscle_m,2026-05-17T21:49:56.000+09:00,4000
n44290178be17,12568539,satoyu｜ゆるガチおうち英語,yurugachienglish,2026-05-17T21:48:38.000+09:00,558
n44290178be17,12624691,あん｜noteと遊ぶ,aging_gracefully,2026-05-17T21:47:39.000+09:00,1218
n44290178be17,12537999,junsan.briller,junsan_briller,2026-05-17T21:47:21.000+09:00,32
n44290178be17,13496439,製造業のお局未満,otsubonejyanai,2026-05-17T21:39:29.000+09:00,1282
n44290178be17,13927059,はる,haru_growth,2026-05-17T21:35:40.000+09:00,243
n44290178be17,13574007,🍀ベンジャミン🍀,noble_spirea7217,2026-05-17T21:29:04.000+09:00,767
n4fb7eb7c3827,12625724,AIMERIA｜観察ログ,hip_stilt9913,2026-05-29T16:55:50.000+09:00,602
n4fb7eb7c3827,13941190,K. 🌙 秘密の夜note,k_yorunote,2026-05-26T12:59:05.000+09:00,25
n4fb7eb7c3827,13187388,Crocodile Harbor Press　｜天音さいか,juicy_whale7536,2026-05-23T14:31:20.000+09:00,194
n4fb7eb7c3827,13792780,営業パパ,eigyopapa,2026-05-22T07:46:48.000+09:00,1560
n4fb7eb7c3827,13613385,羅生門SKY,codex_strategy,2026-05-21T22:40:32.000+09:00,418
n4fb7eb7c3827,10405029,    榎本民夫　Tokyo Walks,tamio7,2026-05-21T16:07:57.000+09:00,104
n4fb7eb7c3827,14398677,月草🌱｜noteのパワースポットになりたい,tsukikusa1111,2026-05-20T21:36:22.000+09:00,212
n4fb7eb7c3827,11861558,秋本マミ,vivid_cougar9852,2026-05-20T21:07:03.000+09:00,703
n4fb7eb7c3827,6231851,普通の研究太郎,megane1420,2026-05-19T17:42:27.000+09:00,277
n4fb7eb7c3827,12434514,Show ｜ 判断疲れを構造で軽くする思考設計ラボ,show_lifelab,2026-05-18T23:26:33.000+09:00,77
n4fb7eb7c3827,14124940,mariko ,crisp_bear6729,2026-05-18T22:29:46.000+09:00,91
n4fb7eb7c3827,13953003,ユースケ|激務店長の自立戦略,aikaigai_project,2026-05-18T21:10:06.000+09:00,14
n4fb7eb7c3827,13574007,🍀ベンジャミン🍀,noble_spirea7217,2026-05-18T20:53:10.000+09:00,767
n4fb7eb7c3827,9933409,誠実に、ひたむきに,real_hare9943,2026-05-18T20:24:43.000+09:00,2870
n4fb7eb7c3827,14068945,SC17 _DOTENBEAR_,koji_sc17,2026-05-18T18:49:37.000+09:00,124
n4fb7eb7c3827,9649692,60代から人生を変える人を増やす人｜NY駐在×成功法則×数字思考｜灘口悟,nadaguchi,2026-05-18T17:32:00.000+09:00,171
n4fb7eb7c3827,11485571,一木ピーエスエス,katumasa1ki,2026-05-18T13:32:38.000+09:00,689
n4fb7eb7c3827,11807021,へろん,nifty_sheep7386,2026-05-18T12:26:34.000+09:00,910
n4fb7eb7c3827,4468524,エム・健康オタク～ヘルスマスターになっちゃいました,m2cjackey,2026-05-18T06:31:46.000+09:00,168
n4fb7eb7c3827,10091607,🔔Bell note,bellshacho,2026-05-17T23:52:13.000+09:00,2045
n4fb7eb7c3827,8857122,うるるん,nice_daisy957,2026-05-17T22:58:36.000+09:00,995
n4fb7eb7c3827,10517876,向日葵じまにゃん🌻,jimanyan,2026-05-17T22:18:31.000+09:00,1881
n4fb7eb7c3827,9238222,まきまき【ペットと飼い主の通訳者】,maki2_anicomi,2026-05-17T22:05:43.000+09:00,157
n4fb7eb7c3827,13612774,Kichijin,fit_bee6279,2026-05-17T20:24:04.000+09:00,199
n4fb7eb7c3827,10845513,有栖ゆう｜初心者ママのnote副業,arisuyuu,2026-05-17T19:41:45.000+09:00,3825
n4fb7eb7c3827,9574985,Torori（とろり）🌱 毒親育ちへ「心穏やかな恋」を届ける人【フォロバ100】,torori_20260101,2026-05-17T16:43:29.000+09:00,6206
n4fb7eb7c3827,8714456,シンパクト和先生,simple_tatudora5,2026-05-17T16:36:32.000+09:00,737
n4fb7eb7c3827,12380860,パタコ,auwa_44,2026-05-17T15:31:49.000+09:00,2290
n4fb7eb7c3827,13544420,つよポン,mild_wolf5613,2026-05-17T14:55:26.000+09:00,198
n4fb7eb7c3827,8852982,わかりのぽん（Egg_bird）,eggbird_bear325,2026-05-17T12:45:54.000+09:00,604
n4fb7eb7c3827,13555174,kikurage_diary,kikurage_diary,2026-05-17T12:02:59.000+09:00,487
n4fb7eb7c3827,12649413,だいち｜建築士の視点から,daichi_architect,2026-05-17T11:08:01.000+09:00,1175
n4fb7eb7c3827,11877070,アルフレッド,game_system_alex,2026-05-17T10:55:33.000+09:00,2642
n4fb7eb7c3827,13542450,じゅん(永遠の少年),junjun358358,2026-05-17T09:41:40.000+09:00,205
n4fb7eb7c3827,14450054,ほみ,homitokagisippo,2026-05-17T09:16:36.000+09:00,99
n4fb7eb7c3827,2178381,あすぱら先生｜自閉症4歳児のパパ教員,aspara_teacher,2026-05-17T05:50:00.000+09:00,878
n4fb7eb7c3827,11178988,＃ヒキダシ,hikidashi_,2026-05-17T00:35:29.000+09:00,1226
n4fb7eb7c3827,13654256,花鳥風月(花ちゃん)｜心を動かすメンタリスト,firm_bee7297,2026-05-17T00:22:06.000+09:00,1939
n4fb7eb7c3827,4887086,はんく・シュンタナ🐤『塩化ビニール系女子』AIクリエイター兼プロデューサー,hunk_shuntana,2026-05-16T23:10:40.000+09:00,618
n4fb7eb7c3827,12475299,かりの。,rrkkm_mkkrr,2026-05-16T23:05:48.000+09:00,597
n4fb7eb7c3827,14360211,コタロー,lively_viper5745,2026-05-16T22:55:12.000+09:00,612
n4fb7eb7c3827,9142982,脱サラ農家|福島|外資IT人事,prime_agapan7467,2026-05-16T22:54:54.000+09:00,1811
n4fb7eb7c3827,11339673,VOID_404 | AI実践コラムライター@note収益化戦略📈🔥 | フォロバ100,void_404,2026-05-16T17:14:33.000+09:00,4069
n4fb7eb7c3827,4877017,須川元介/情報翻訳家,skagenavi,2026-05-16T14:22:28.000+09:00,2312
n4fb7eb7c3827,14065526,みんなの筋トレ雑学【筋肉チャンネル】,kinnikutuu_yabai,2026-05-16T14:21:09.000+09:00,69
n4fb7eb7c3827,12855699,龍_山陽 | 歴史×ビジネス,legal_fox7544,2026-05-16T13:43:05.000+09:00,374
n4fb7eb7c3827,6239802,マイラ「言葉を超えて🌷心を繋ぐ💕あなたの想いと新しい景色,momosuma1345,2026-05-16T12:51:54.000+09:00,1209
n4fb7eb7c3827,11574500,ふらつき母ちゃん 〜今日も全力空回り！〜,dear_viper3924,2026-05-16T12:48:48.000+09:00,806
n4fb7eb7c3827,12848229,そら,flux_water,2026-05-16T10:24:02.000+09:00,125
n4fb7eb7c3827,1909619,シゲク@note初心者全力応援,shigekumasaku,2026-05-16T08:53:11.000+09:00,6169
n4fb7eb7c3827,12589889,なかやん✖️ありのままを整えるライフコーチ,nakayan1117,2026-05-16T06:35:06.000+09:00,751
n4fb7eb7c3827,13405464,木漏れ日亭,komorebi_tei,2026-05-16T06:32:03.000+09:00,584
n4fb7eb7c3827,12184556,空波DX100%,happy_echium7563,2026-05-16T06:22:20.000+09:00,6864
n4fb7eb7c3827,11474190,断罪と慈愛の歌詠み師 UTAKO,bold_slug9390,2026-05-15T19:27:43.000+09:00,500
n4fb7eb7c3827,11782948,天野 雫 ✿ 占い日記,proper_bonobo536,2026-05-15T19:25:05.000+09:00,1812
n4fb7eb7c3827,8271900,主人公先生@元教師が教える「親子で楽になる心理学」,tomorrowchild,2026-05-15T19:04:58.000+09:00,371
n4fb7eb7c3827,13954401,福助,mute_ruff1546,2026-05-15T18:11:13.000+09:00,579
n4fb7eb7c3827,10800800,ヨシツネ＠沼らせ恋愛心理学,ystnpsy,2026-05-15T17:23:14.000+09:00,2830
n4fb7eb7c3827,13037359,丁寧な暮らし/生きやすさ探求家,gentle_gecko1078,2026-05-15T16:03:57.000+09:00,283
n4fb7eb7c3827,14362112,零（レイ）| Kiznara開発者,rei_logic_kizna,2026-05-15T14:27:47.000+09:00,291
n4fb7eb7c3827,12918347,Shinji,shin0108,2026-05-15T11:50:03.000+09:00,1406
n4fb7eb7c3827,11561590,かえるこ | Kaeruko,serene_pansy617,2026-05-15T11:09:02.000+09:00,4177
n4fb7eb7c3827,10750843,Takanashi（たかなし）,takanashi_note01,2026-05-15T09:56:11.000+09:00,1187
n4fb7eb7c3827,9281462,N氏,nakaikikaku,2026-05-15T09:15:56.000+09:00,1332
n4fb7eb7c3827,7703704,清宮ゆうか｜年子兄妹のママ・薬剤師,yuka_k_mom,2026-05-15T08:56:46.000+09:00,1295
n4fb7eb7c3827,14356038,Straight  Light,legal_quince8252,2026-05-15T08:46:35.000+09:00,615
n4fb7eb7c3827,13505095,いちごもん🍓,ichigo_mon,2026-05-15T07:56:17.000+09:00,605
n4fb7eb7c3827,12591374,ケンタロウ/gr.minpaku,merry_robin6845,2026-05-15T06:48:03.000+09:00,471
n4fb7eb7c3827,14472522,Hi.Sato,humble_crab8687,2026-05-15T06:24:59.000+09:00,5
n4fb7eb7c3827,14333175,なな｜疲れた心の休憩所,nanaaaa777,2026-05-15T06:17:03.000+09:00,1101
n4fb7eb7c3827,4509042,猫の父さん@トトとチー,cat48_1010,2026-05-15T03:29:16.000+09:00,398
n4fb7eb7c3827,12624691,あん｜noteと遊ぶ,aging_gracefully,2026-05-15T01:17:47.000+09:00,1218
n4fb7eb7c3827,13927059,はる,haru_growth,2026-05-15T00:46:00.000+09:00,243
n4fb7eb7c3827,10294694,上藤あきを,kamifuji_akiwo,2026-05-15T00:04:07.000+09:00,537
n4fb7eb7c3827,11543403,さとりのさとり,kopailog,2026-05-14T23:25:19.000+09:00,359
n4fb7eb7c3827,14058663,white　心のコンシェルジュ,10010918c,2026-05-14T23:16:46.000+09:00,530
n4fb7eb7c3827,4472775,あまね〘ฅ՞•ﻌ•՞ฅฅ^•ﻌ•^ฅ〙,almabrillante,2026-05-14T23:12:12.000+09:00,842
n4fb7eb7c3827,1287373,はなえ𖠚ᐝ,shima_hana,2026-05-14T23:08:35.000+09:00,462
n4fb7eb7c3827,12391716,もぐたんママ🎈|皆の笑顔を増やすnote@タラヲガールズ006,mogu0321_mam,2026-05-14T22:56:33.000+09:00,1666
n4fb7eb7c3827,13723950,ししまる@あなたの資産形成を手助けする人,sisimaru_note,2026-05-14T22:44:15.000+09:00,204
n4fb7eb7c3827,10175064,雪綴ゆき,wise_rat6355,2026-05-14T22:42:46.000+09:00,6352
n4fb7eb7c3827,12864758,真木 聡子（まき さとこ）【ゴルフ脳科学】,makisatoko,2026-05-14T22:24:07.000+09:00,7202
n4fb7eb7c3827,5828006,まなつ/突出マイノリティ列伝,tosshutsu_m,2026-05-14T22:17:33.000+09:00,6133
n4fb7eb7c3827,3518896,村松慎一 / 日々のやりくりから、未来の成長まで。あなたの会社の名脇役。,shinichi0820,2026-05-14T22:13:00.000+09:00,660
n4fb7eb7c3827,12949168,不真面目小児科医　しうまい,misasyu5,2026-05-14T22:02:58.000+09:00,540
n4fb7eb7c3827,13161722,おあつ,keen_pipit1182,2026-05-14T21:57:15.000+09:00,1514
n4fb7eb7c3827,13852441,アリゼロ🐜氷河期世代の働きアリ@自身が会社で経験してきた問題点や気づきを発信しています。,hataraku_ari999,2026-05-14T21:56:46.000+09:00,141
n4fb7eb7c3827,13163455,KOTAYA | 今日はこれで合格,kotaya_log,2026-05-14T21:47:24.000+09:00,2785
n4fb7eb7c3827,13965785,ことのは｜心の整理ノート　,cute_parrot8784,2026-05-14T21:46:16.000+09:00,49
n4fb7eb7c3827,13813515,もりあおな,mori_hikaru,2026-05-14T21:46:13.000+09:00,670
n4fb7eb7c3827,13900618,sophie,scribble_1000,2026-05-14T21:39:39.000+09:00,792
n4fb7eb7c3827,13107123,ランマッスル,runmuscle_m,2026-05-14T21:34:13.000+09:00,4000
n4fb7eb7c3827,13079732,ＣＯＯＬ,vast_tulip7937,2026-05-14T21:30:19.000+09:00,1135
n4fb7eb7c3827,11634537,ナオユキ｜物語と知識のコンシェルジュ,ai_naoyuki,2026-05-14T21:26:46.000+09:00,2968
n4fb7eb7c3827,13236272,ZAKKY −営業サポート,mild_stoat3315,2026-05-14T21:12:21.000+09:00,273
n4fb7eb7c3827,12516832,和田雄三｜AI×心理ブランディングデザイナー,glad_dill2129,2026-05-14T21:03:03.000+09:00,812
n4fb7eb7c3827,13546760,あおい｜仕事と本音のあいだ,charm_loris2565,2026-05-14T21:00:32.000+09:00,635
n4fb7eb7c3827,12668465,紅茶🫖｜ことばの庭,usagi_no_mimi_,2026-05-14T20:58:43.000+09:00,169
n4fb7eb7c3827,14213442,Web集客の案内人｜戦略から実行まで伴走するマーケター｜@web_marketer_tops,marketer_cmo,2026-05-14T20:58:29.000+09:00,230
n4fb7eb7c3827,14060433,Bluebell diary🌿,modern_llama1047,2026-05-14T20:52:45.000+09:00,175
n4fb7eb7c3827,5738970,営業fafa | note業界No.1営業マン,kohana1112,2026-05-14T20:51:28.000+09:00,1394
n4fb7eb7c3827,5374089,みっちょ,mitcho0625,2026-05-14T20:50:50.000+09:00,357
n4fb7eb7c3827,6781246,全力限界駅員👩🏻‍✈️100日連続投稿達成した人,lovely_ixora10,2026-05-14T20:43:43.000+09:00,686
n4fb7eb7c3827,11837112,もぐら,mogurabooks,2026-05-14T20:43:40.000+09:00,214
n4fb7eb7c3827,12568539,satoyu｜ゆるガチおうち英語,yurugachienglish,2026-05-14T20:35:09.000+09:00,558
n4fb7eb7c3827,13455991,道鬼,hip_zinnia5057,2026-05-14T20:34:21.000+09:00,8
ne111366585e1,13163455,KOTAYA | 今日はこれで合格,kotaya_log,2026-05-31T13:25:22.000+09:00,2785
ne111366585e1,12641046,リクスケ,fair_llama3800,2026-05-28T00:14:44.000+09:00,7220
ne111366585e1,12184556,空波DX100%,happy_echium7563,2026-05-26T22:28:52.000+09:00,6864
ne111366585e1,10390902,ちかよりみち@🇩🇪ドイツ生活攻略家,chikayorimichi_5,2026-05-26T12:38:00.000+09:00,1092
ne111366585e1,13079732,ＣＯＯＬ,vast_tulip7937,2026-05-25T17:55:39.000+09:00,1135
ne111366585e1,14124940,mariko ,crisp_bear6729,2026-05-25T11:03:16.000+09:00,91
ne111366585e1,11905841,顔のない問い,sasoib_ehtal,2026-05-22T10:38:26.000+09:00,728
ne111366585e1,10405029,    榎本民夫　Tokyo Walks,tamio7,2026-05-21T16:07:58.000+09:00,104
ne111366585e1,13927059,はる,haru_growth,2026-05-20T14:58:45.000+09:00,243
ne111366585e1,13953003,ユースケ|激務店長の自立戦略,aikaigai_project,2026-05-18T21:10:17.000+09:00,14
ne111366585e1,14151019,AKI3,space_extra01,2026-05-17T22:03:16.000+09:00,104
ne111366585e1,14262125,坂田幸司教育研究所,sakata_edulabo,2026-05-17T14:53:44.000+09:00,687
ne111366585e1,14119174,ひだまり暮らしラボ,hidamari_kurashi,2026-05-17T10:12:03.000+09:00,425
ne111366585e1,11178988,＃ヒキダシ,hikidashi_,2026-05-17T00:40:27.000+09:00,1226
ne111366585e1,11574500,ふらつき母ちゃん 〜今日も全力空回り！〜,dear_viper3924,2026-05-16T12:29:19.000+09:00,806
ne111366585e1,1909619,シゲク@note初心者全力応援,shigekumasaku,2026-05-16T08:53:09.000+09:00,6169
ne111366585e1,13066168,はるねずみ｜note副業０→１応援,kasegu5haru,2026-05-15T00:41:37.000+09:00,1551
ne111366585e1,13813515,もりあおな,mori_hikaru,2026-05-14T21:32:49.000+09:00,670
ne111366585e1,8857122,うるるん,nice_daisy957,2026-05-14T17:56:16.000+09:00,995
ne111366585e1,10750843,Takanashi（たかなし）,takanashi_note01,2026-05-14T13:41:50.000+09:00,1187
ne111366585e1,13574007,🍀ベンジャミン🍀,noble_spirea7217,2026-05-14T04:52:04.000+09:00,767
ne111366585e1,8553407,三毛猫モカ@SFファンタジー作家,marine_rose75,2026-05-13T19:16:32.000+09:00,1059
ne111366585e1,7453183,hatuankaikaku,hatuankaikaku,2026-05-13T17:59:09.000+09:00,177
ne111366585e1,12539487,よしこ｜続けたい人の横にいる,noted_beetle1302,2026-05-13T15:56:08.000+09:00,522
ne111366585e1,13613385,羅生門SKY,codex_strategy,2026-05-13T14:49:18.000+09:00,418
ne111366585e1,12624691,あん｜noteと遊ぶ,aging_gracefully,2026-05-13T12:52:17.000+09:00,1218
ne111366585e1,14299654,ゆき🌷安心の在宅ワーク案内,fukufukusiawase,2026-05-13T11:09:25.000+09:00,122
ne111366585e1,12157269,ken ｜ 完全無課金AI戦略 × note運営,noted_sheep3883,2026-05-13T01:49:36.000+09:00,3213
ne111366585e1,11837112,もぐら,mogurabooks,2026-05-12T22:59:08.000+09:00,214
ne111366585e1,12377105,まるよか,yokayoka5103,2026-05-12T22:57:42.000+09:00,1361
ne111366585e1,11703146,かの｜職場で消耗しないコツ,just_yucca6221,2026-05-12T22:56:03.000+09:00,466
ne111366585e1,11561590,かえるこ | Kaeruko,serene_pansy617,2026-05-12T22:52:06.000+09:00,4177
ne111366585e1,8166572,ひゅー｜AI×分析｜考察と思考整理を楽しむ。note,hyu_nisworks,2026-05-12T22:45:06.000+09:00,398
ne111366585e1,12450693,Kiki｜言葉と日記｜50/50 Change of Life ,right_crow3714,2026-05-12T21:59:47.000+09:00,196
ne111366585e1,5828006,まなつ/突出マイノリティ列伝,tosshutsu_m,2026-05-12T21:45:02.000+09:00,6133
ne111366585e1,9981649,みこと,toku_ya0907,2026-05-12T21:26:45.000+09:00,66
ne111366585e1,4877017,須川元介/情報翻訳家,skagenavi,2026-05-12T21:16:37.000+09:00,2312
ne111366585e1,6905415,豹子頭 林冲,hyousitou,2026-05-12T21:09:19.000+09:00,269
ne111366585e1,10517876,向日葵じまにゃん🌻,jimanyan,2026-05-12T21:03:54.000+09:00,1881
ne111366585e1,13900618,sophie,scribble_1000,2026-05-12T21:03:05.000+09:00,792
ne111366585e1,13236272,ZAKKY −営業サポート,mild_stoat3315,2026-05-12T20:59:25.000+09:00,273
ne111366585e1,12516832,和田雄三｜AI×心理ブランディングデザイナー,glad_dill2129,2026-05-12T20:56:05.000+09:00,812
ne111366585e1,13161722,おあつ,keen_pipit1182,2026-05-12T20:53:06.000+09:00,1514
ne111366585e1,13107123,ランマッスル,runmuscle_m,2026-05-12T20:53:01.000+09:00,4000
ne111366585e1,5330301,かみん,mi_0716,2026-05-12T20:50:41.000+09:00,237
ne111366585e1,5330022,Marie | まりーの小さな⚙️歯車⚙️ラボ🔬,marie_222,2026-05-12T20:42:57.000+09:00,23
ne111366585e1,13405464,木漏れ日亭,komorebi_tei,2026-05-12T20:41:21.000+09:00,584
ne111366585e1,10175064,雪綴ゆき,wise_rat6355,2026-05-12T20:39:53.000+09:00,6352
ne111366585e1,12704347,飯田一生｜感情カウンセラー × 焙煎士,slow_coffee_lab,2026-05-12T20:38:34.000+09:00,398
ne111366585e1,5738970,営業fafa | note業界No.1営業マン,kohana1112,2026-05-12T20:31:26.000+09:00,1394
nc00b2e50b2da,13163455,KOTAYA | 今日はこれで合格,kotaya_log,2026-05-31T13:25:28.000+09:00,2785
nc00b2e50b2da,7823822,はぐれパパ＠詩人失格,papa411477,2026-05-28T19:58:21.000+09:00,71
nc00b2e50b2da,12184556,空波DX100%,happy_echium7563,2026-05-24T05:38:26.000+09:00,6864
nc00b2e50b2da,4678684,にーな🎈,niina27,2026-05-22T19:36:04.000+09:00,1867
nc00b2e50b2da,1287373,はなえ𖠚ᐝ,shima_hana,2026-05-22T06:15:16.000+09:00,462
nc00b2e50b2da,11596274,春乃ひかり,phi_dd,2026-05-20T20:09:37.000+09:00,422
nc00b2e50b2da,13927059,はる,haru_growth,2026-05-20T01:50:12.000+09:00,243
nc00b2e50b2da,5330022,Marie | まりーの小さな⚙️歯車⚙️ラボ🔬,marie_222,2026-05-20T00:13:24.000+09:00,23
nc00b2e50b2da,12434514,Show ｜ 判断疲れを構造で軽くする思考設計ラボ,show_lifelab,2026-05-18T23:26:25.000+09:00,77
nc00b2e50b2da,12855699,龍_山陽 | 歴史×ビジネス,legal_fox7544,2026-05-16T13:43:09.000+09:00,374
nc00b2e50b2da,13863540,エムゼロ,prime_laelia9209,2026-05-16T11:47:32.000+09:00,389
nc00b2e50b2da,14252159,リクト｜noteでつくる副収入,_25rikuto,2026-05-14T15:34:16.000+09:00,409
nc00b2e50b2da,13792780,営業パパ,eigyopapa,2026-05-14T15:21:02.000+09:00,1560
nc00b2e50b2da,14050117,コシヒカリ｜出世も消耗も経験済み。女の人生戦略,koshihikari0324,2026-05-14T08:54:46.000+09:00,1146
nc00b2e50b2da,12377105,まるよか,yokayoka5103,2026-05-14T00:23:42.000+09:00,1361
nc00b2e50b2da,13366653,ぱぴさん,papi_san,2026-05-13T12:27:59.000+09:00,291
nc00b2e50b2da,5528334,ヒトタラヲ,5959life,2026-05-13T10:28:59.000+09:00,4029
nc00b2e50b2da,12032174,yayachico,open_magpie7814,2026-05-13T09:50:40.000+09:00,101
nc00b2e50b2da,13762921,SAMO,major_flea6323,2026-05-13T08:14:52.000+09:00,1122
nc00b2e50b2da,13924772,FUNABAT,funabat,2026-05-13T01:47:17.000+09:00,115
nc00b2e50b2da,8857122,うるるん,nice_daisy957,2026-05-13T00:49:01.000+09:00,995
nc00b2e50b2da,13066168,はるねずみ｜note副業０→１応援,kasegu5haru,2026-05-12T23:50:24.000+09:00,1551
nc00b2e50b2da,11905841,顔のない問い,sasoib_ehtal,2026-05-12T22:42:53.000+09:00,728
nc00b2e50b2da,12885894,taka,agile_heron3163,2026-05-12T22:06:47.000+09:00,629
nc00b2e50b2da,14103814,AI社会学と構造化の人,ai_structures,2026-05-12T22:02:57.000+09:00,237
nc00b2e50b2da,14356038,Straight  Light,legal_quince8252,2026-05-12T21:42:34.000+09:00,615
nc00b2e50b2da,14455713,アイリス｜AIで眠る物語を形にする,real_hyena9474,2026-05-12T21:31:49.000+09:00,162
nc00b2e50b2da,14132723,せな｜無理しない低燃費生活,senamainiti,2026-05-12T21:25:01.000+09:00,459
nc00b2e50b2da,12505332,たつ｜挑戦を習慣にする人,tatsu_challenge,2026-05-12T21:01:45.000+09:00,448
nc00b2e50b2da,13405464,木漏れ日亭,komorebi_tei,2026-05-12T20:44:45.000+09:00,584
nc00b2e50b2da,14333175,なな｜疲れた心の休憩所,nanaaaa777,2026-05-12T20:19:53.000+09:00,1101
nc00b2e50b2da,12025079,けー虎のゆるっとページ,solo_diary,2026-05-12T19:52:01.000+09:00,335
nc00b2e50b2da,5933379,けーすけ/副業初心者を支援する人,light_dill102,2026-05-12T19:35:40.000+09:00,482
nc00b2e50b2da,13079732,ＣＯＯＬ,vast_tulip7937,2026-05-12T19:35:05.000+09:00,1135
nc00b2e50b2da,11574500,ふらつき母ちゃん 〜今日も全力空回り！〜,dear_viper3924,2026-05-12T17:12:56.000+09:00,806
nc00b2e50b2da,13133778,【無名 S note】18日でフォロワー1000名🚨連続収益中！！⚠40強・6共マガ運営 参加40🙆,ss_yr,2026-05-12T16:26:28.000+09:00,1746
nc00b2e50b2da,12539487,よしこ｜続けたい人の横にいる,noted_beetle1302,2026-05-12T15:34:35.000+09:00,522
nc00b2e50b2da,1909619,シゲク@note初心者全力応援,shigekumasaku,2026-05-12T15:20:39.000+09:00,6169
nc00b2e50b2da,11877070,アルフレッド,game_system_alex,2026-05-12T14:55:58.000+09:00,2642
nc00b2e50b2da,13623901,あずなぶ〜る｜SNS弱者のnote戦略術,alive_here3686,2026-05-12T12:20:19.000+09:00,814
nc00b2e50b2da,7453183,hatuankaikaku,hatuankaikaku,2026-05-12T09:35:52.000+09:00,177
nc00b2e50b2da,2869414,埼玉の裏仕事人,kiitto1968,2026-05-12T09:08:46.000+09:00,126
nc00b2e50b2da,8557824,余白ちゃん｜感情【生きづらさ】の翻訳家,yohaku_work,2026-05-12T08:12:20.000+09:00,1014
nc00b2e50b2da,12352770,もりりん@コンテンツ起業コーチ,moririnnote,2026-05-12T08:06:26.000+09:00,1575
nc00b2e50b2da,11561590,かえるこ | Kaeruko,serene_pansy617,2026-05-12T08:06:19.000+09:00,4177
nc00b2e50b2da,12297006,みなてぃ,minaty_chronicle,2026-05-12T08:05:02.000+09:00,467
nc00b2e50b2da,12675061,とも,famous_skink8709,2026-05-12T08:00:40.000+09:00,712
nc00b2e50b2da,13813515,もりあおな,mori_hikaru,2026-05-12T07:57:40.000+09:00,670
nc00b2e50b2da,10284403,みち,michi_15,2026-05-12T07:26:21.000+09:00,1080
nc00b2e50b2da,14444356,がじぇちゃん　AI×ガジェットラボ,ai_gadget_labo,2026-05-12T07:16:26.000+09:00,110
nc00b2e50b2da,10069756,うどあり│キャリア逆転の美学,udoari_imagine,2026-05-12T07:08:04.000+09:00,461
nc00b2e50b2da,12591374,ケンタロウ/gr.minpaku,merry_robin6845,2026-05-12T06:58:33.000+09:00,471
nc00b2e50b2da,14383317,yuri,naomi_0088,2026-05-12T06:55:10.000+09:00,379
nc00b2e50b2da,4509042,猫の父さん@トトとチー,cat48_1010,2026-05-12T06:50:21.000+09:00,398
nc00b2e50b2da,10390902,ちかよりみち@🇩🇪ドイツ生活攻略家,chikayorimichi_5,2026-05-12T06:15:52.000+09:00,1092
nc00b2e50b2da,10091607,🔔Bell note,bellshacho,2026-05-12T04:35:12.000+09:00,2045
nc00b2e50b2da,527544,mikisan18,mikisan18,2026-05-12T02:48:05.000+09:00,62
nc00b2e50b2da,13037359,丁寧な暮らし/生きやすさ探求家,gentle_gecko1078,2026-05-12T01:45:58.000+09:00,283
nc00b2e50b2da,12624691,あん｜noteと遊ぶ,aging_gracefully,2026-05-12T01:36:39.000+09:00,1218
nc00b2e50b2da,10517876,向日葵じまにゃん🌻,jimanyan,2026-05-11T22:17:49.000+09:00,1881
nc00b2e50b2da,11954787,【Re:ME】設計する会社員,re_me2025,2026-05-11T22:08:23.000+09:00,363
nc00b2e50b2da,13546760,あおい｜仕事と本音のあいだ,charm_loris2565,2026-05-11T21:51:37.000+09:00,635
nc00b2e50b2da,12949168,不真面目小児科医　しうまい,misasyu5,2026-05-11T21:20:39.000+09:00,540
nc00b2e50b2da,13236272,ZAKKY −営業サポート,mild_stoat3315,2026-05-11T21:00:39.000+09:00,273
nc00b2e50b2da,11634537,ナオユキ｜物語と知識のコンシェルジュ,ai_naoyuki,2026-05-11T20:41:57.000+09:00,2968
nc00b2e50b2da,10175064,雪綴ゆき,wise_rat6355,2026-05-11T20:41:18.000+09:00,6352
nc00b2e50b2da,6905415,豹子頭 林冲,hyousitou,2026-05-11T20:37:00.000+09:00,269
nc00b2e50b2da,13574007,🍀ベンジャミン🍀,noble_spirea7217,2026-05-11T20:33:00.000+09:00,767
nc00b2e50b2da,13107123,ランマッスル,runmuscle_m,2026-05-11T20:23:35.000+09:00,4000
nc00b2e50b2da,11837112,もぐら,mogurabooks,2026-05-11T20:20:21.000+09:00,214
nc00b2e50b2da,13900618,sophie,scribble_1000,2026-05-11T20:18:12.000+09:00,792
nc00b2e50b2da,4877017,須川元介/情報翻訳家,skagenavi,2026-05-11T20:17:29.000+09:00,2312
nc00b2e50b2da,5738970,営業fafa | note業界No.1営業マン,kohana1112,2026-05-11T20:12:32.000+09:00,1394
nc00b2e50b2da,13455991,道鬼,hip_zinnia5057,2026-05-11T20:10:01.000+09:00,8
nc00b2e50b2da,6781246,全力限界駅員👩🏻‍✈️100日連続投稿達成した人,lovely_ixora10,2026-05-11T20:07:29.000+09:00,686
nc00b2e50b2da,5828006,まなつ/突出マイノリティ列伝,tosshutsu_m,2026-05-11T19:43:33.000+09:00,6133
nc00b2e50b2da,12516832,和田雄三｜AI×心理ブランディングデザイナー,glad_dill2129,2026-05-11T19:37:58.000+09:00,812
nc00b2e50b2da,14060433,Bluebell diary🌿,modern_llama1047,2026-05-11T19:32:46.000+09:00,175
nc00b2e50b2da,14127190,hinode kazuishi,novel_myrtle4523,2026-05-11T19:29:09.000+09:00,415
nc00b2e50b2da,13613385,羅生門SKY,codex_strategy,2026-05-11T19:28:07.000+09:00,418
nc00b2e50b2da,14186501,リリ,riri_4649,2026-05-11T19:25:27.000+09:00,922
nc00b2e50b2da,10750843,Takanashi（たかなし）,takanashi_note01,2026-05-11T19:20:19.000+09:00,1187
nc00b2e50b2da,13793912,アンダルシア,jazzy_serval4030,2026-05-11T19:18:39.000+09:00,135
n4ba2addd21ff,1218500,さくら,sakura_wellness,2026-05-27T07:54:32.000+09:00,1314
n4ba2addd21ff,12162472,調停中（看護親）|とよまる,toyomaru08_drone,2026-05-26T21:52:28.000+09:00,18
n4ba2addd21ff,636559,SUP445 | 50代からでもできるSUP,gentle_dog424,2026-05-24T06:07:34.000+09:00,221
n4ba2addd21ff,12417301,すみれ,genial_wren230,2026-05-23T16:38:54.000+09:00,296
n4ba2addd21ff,14126621,フリーマン,just_serval6544,2026-05-23T06:27:18.000+09:00,220
n4ba2addd21ff,11905841,顔のない問い,sasoib_ehtal,2026-05-22T10:41:47.000+09:00,728
n4ba2addd21ff,12032174,yayachico,open_magpie7814,2026-05-21T23:31:53.000+09:00,101
n4ba2addd21ff,14330717,rei_8ma,rei_8ma,2026-05-21T10:48:35.000+09:00,176
n4ba2addd21ff,13520850,さえ｜自分責め卒業マインドコーチ,soulspa_sae,2026-05-21T01:07:37.000+09:00,267
n4ba2addd21ff,12501553,ラブリー＊子育て24年| 家庭教育× 親子旅 ×受験× AO入試 × 才能開花,kateikyoiku,2026-05-19T23:12:30.000+09:00,602
n4ba2addd21ff,11433103,田中かな｜シナリオライター,chokomama_note,2026-05-19T18:28:45.000+09:00,76
n4ba2addd21ff,12434514,Show ｜ 判断疲れを構造で軽くする思考設計ラボ,show_lifelab,2026-05-18T23:26:26.000+09:00,77
n4ba2addd21ff,11485571,一木ピーエスエス,katumasa1ki,2026-05-18T13:32:40.000+09:00,689
n4ba2addd21ff,13729419,Mee,mee_1212,2026-05-18T12:11:17.000+09:00,452
n4ba2addd21ff,12553034,HIROMI@,grand_fowl1887,2026-05-18T02:38:26.000+09:00,1121
n4ba2addd21ff,2722300,70歳からの人生黄金期を軽やかに生きる、BA美'Sクリエイター,aromapafe,2026-05-17T22:22:36.000+09:00,35
n4ba2addd21ff,6742540,MeiMei,happy_bibi88,2026-05-17T12:10:26.000+09:00,1642
n4ba2addd21ff,10999098,Tanuko,ol_tanuko_life,2026-05-17T11:09:47.000+09:00,828
n4ba2addd21ff,14429452,Jeny,pure_wren2787,2026-05-16T11:56:12.000+09:00,407
n4ba2addd21ff,13863540,エムゼロ,prime_laelia9209,2026-05-16T11:47:33.000+09:00,389
n4ba2addd21ff,14361527,いちか,fancy_lilac2396,2026-05-15T22:49:08.000+09:00,8
n4ba2addd21ff,7591697,さなだ　まゆ,mayu_adhdmama_,2026-05-14T20:28:09.000+09:00,512
n4ba2addd21ff,13623901,あずなぶ〜る｜SNS弱者のnote戦略術,alive_here3686,2026-05-13T20:30:36.000+09:00,814
n4ba2addd21ff,13366653,ぱぴさん,papi_san,2026-05-13T12:51:17.000+09:00,291
n4ba2addd21ff,13704028,Nori0714,tasty_ixia5436,2026-05-13T10:57:20.000+09:00,26
n4ba2addd21ff,8277919,なおこ@関西50代女子のゆる山歩,naoko120451,2026-05-13T09:02:42.000+09:00,98
n4ba2addd21ff,12377105,まるよか,yokayoka5103,2026-05-13T08:34:39.000+09:00,1361
n4ba2addd21ff,12352770,もりりん@コンテンツ起業コーチ,moririnnote,2026-05-13T08:03:15.000+09:00,1575
n4ba2addd21ff,13110456,夕凪あかり,yuunagi_akari,2026-05-13T06:59:22.000+09:00,624
n4ba2addd21ff,9378985,ゆう,happy_you_xxxx,2026-05-13T06:31:18.000+09:00,412
n4ba2addd21ff,7355921,かずエモン（潜在意識と人生設計の専門家）,kzo195921,2026-05-13T06:30:50.000+09:00,122
n4ba2addd21ff,13029728,いのちゃん＠60代、AIを部下にした60代。独学で見えた「技術は年齢を裏切らない」,krnm_0714,2026-05-13T06:07:07.000+09:00,1242
n4ba2addd21ff,11975219,ぽんす＠不動産営業,house_pon1134,2026-05-13T01:10:45.000+09:00,111
n4ba2addd21ff,13079732,ＣＯＯＬ,vast_tulip7937,2026-05-12T19:45:04.000+09:00,1135
n4ba2addd21ff,14382679,きりんちゃん123,kirinkirin88,2026-05-12T19:25:01.000+09:00,100
n4ba2addd21ff,8271900,主人公先生@元教師が教える「親子で楽になる心理学」,tomorrowchild,2026-05-12T18:45:26.000+09:00,371
n4ba2addd21ff,10621369,そっとねこ,sottoneko,2026-05-12T18:08:22.000+09:00,409
n4ba2addd21ff,10377070,姫子,brave_clam3798,2026-05-12T16:09:39.000+09:00,1411
n4ba2addd21ff,12312896,令和　舞,karisuma_mai,2026-05-12T13:59:38.000+09:00,2037
n4ba2addd21ff,7453183,hatuankaikaku,hatuankaikaku,2026-05-12T13:38:29.000+09:00,177
n4ba2addd21ff,8557824,余白ちゃん｜感情【生きづらさ】の翻訳家,yohaku_work,2026-05-12T08:12:15.000+09:00,1014
n4ba2addd21ff,6270696,こう,lovely_tern18,2026-05-12T08:07:16.000+09:00,194
n4ba2addd21ff,13792780,営業パパ,eigyopapa,2026-05-12T07:48:57.000+09:00,1560
n4ba2addd21ff,10284403,みち,michi_15,2026-05-12T07:26:22.000+09:00,1080
n4ba2addd21ff,12675061,とも,famous_skink8709,2026-05-12T06:57:19.000+09:00,712
n4ba2addd21ff,10426082,もっちゃん｜心のつぶやき,mocchanyasashisa,2026-05-12T01:15:41.000+09:00,150
n4ba2addd21ff,12450693,Kiki｜言葉と日記｜50/50 Change of Life ,right_crow3714,2026-05-11T22:46:03.000+09:00,196
n4ba2addd21ff,4042337,こころのかあちゃん l ゆんママ☀（旧：幸せなしろくまさん）,yun_mama2025,2026-05-11T22:28:32.000+09:00,967
n4ba2addd21ff,11574500,ふらつき母ちゃん 〜今日も全力空回り！〜,dear_viper3924,2026-05-11T22:18:30.000+09:00,806
n4ba2addd21ff,7896891,ポンタ,pontanohaha,2026-05-11T19:27:12.000+09:00,1164
n4ba2addd21ff,7703704,清宮ゆうか｜年子兄妹のママ・薬剤師,yuka_k_mom,2026-05-11T18:43:41.000+09:00,1295
n4ba2addd21ff,13613385,羅生門SKY,codex_strategy,2026-05-11T17:58:16.000+09:00,418
n4ba2addd21ff,13107123,ランマッスル,runmuscle_m,2026-05-11T17:31:35.000+09:00,4000
n4ba2addd21ff,10069756,うどあり│キャリア逆転の美学,udoari_imagine,2026-05-11T16:28:01.000+09:00,461
n4ba2addd21ff,11359513,安達｢チーム🦁｣｜AIと共闘し600を必達する者,takayukiadachi,2026-05-11T15:22:45.000+09:00,944
n4ba2addd21ff,8402055,メンタルツヨシ別室｜小さな商売の発信を整える読書と実務ノート,mentaltuyoshi3,2026-05-11T15:14:34.000+09:00,1011
n4ba2addd21ff,6194056,なるさん｜壊れた人生の立て直し方（60歳から）,narusan60,2026-05-11T15:01:53.000+09:00,255
n4ba2addd21ff,14124940,mariko ,crisp_bear6729,2026-05-11T13:21:40.000+09:00,91
n4ba2addd21ff,13900618,sophie,scribble_1000,2026-05-11T12:55:20.000+09:00,792
n4ba2addd21ff,12624691,あん｜noteと遊ぶ,aging_gracefully,2026-05-11T12:48:21.000+09:00,1218
n4ba2addd21ff,13762921,SAMO,major_flea6323,2026-05-11T12:09:47.000+09:00,1122
n4ba2addd21ff,3795337,rokuzou｜64歳からのAI挑戦者,isokiti2020,2026-05-11T11:29:47.000+09:00,1783
n4ba2addd21ff,3268387,千住まいか🐇｜AIイラスト＆マーケティング,maika59,2026-05-11T10:40:59.000+09:00,3159
n4ba2addd21ff,13927059,はる,haru_growth,2026-05-11T10:36:11.000+09:00,243
n4ba2addd21ff,5828006,まなつ/突出マイノリティ列伝,tosshutsu_m,2026-05-11T10:16:25.000+09:00,6133
n4ba2addd21ff,13037359,丁寧な暮らし/生きやすさ探求家,gentle_gecko1078,2026-05-11T09:31:46.000+09:00,283
n4ba2addd21ff,12618078,ひーちゃん｜奇跡の編集室,luminous_story,2026-05-11T09:14:19.000+09:00,188
n4ba2addd21ff,11634537,ナオユキ｜物語と知識のコンシェルジュ,ai_naoyuki,2026-05-11T08:38:03.000+09:00,2968
n4ba2addd21ff,13351077,やも,yamo_note,2026-05-11T08:25:47.000+09:00,628
n4ba2addd21ff,10943800,さ助(さすけ)｜ウェブ解析士,c_b_analytics,2026-05-11T08:23:16.000+09:00,412
n4ba2addd21ff,6853782,うみか えお,gentle_broom451,2026-05-11T07:33:54.000+09:00,314
n4ba2addd21ff,13264760,情シス石田,limber_elk8518,2026-05-11T07:08:24.000+09:00,1563
n4ba2addd21ff,12184556,空波DX100%,happy_echium7563,2026-05-11T07:04:56.000+09:00,6864
n4ba2addd21ff,6905415,豹子頭 林冲,hyousitou,2026-05-11T06:07:48.000+09:00,269
n4ba2addd21ff,10517876,向日葵じまにゃん🌻,jimanyan,2026-05-11T05:14:31.000+09:00,1881
n4ba2addd21ff,11561590,かえるこ | Kaeruko,serene_pansy617,2026-05-11T00:36:07.000+09:00,4177
n4ba2addd21ff,10390902,ちかよりみち@🇩🇪ドイツ生活攻略家,chikayorimichi_5,2026-05-11T00:33:03.000+09:00,1092
n4ba2addd21ff,12157269,ken ｜ 完全無課金AI戦略 × note運営,noted_sheep3883,2026-05-11T00:18:54.000+09:00,3213
n4ba2addd21ff,10654528,🇳🇿Shiori | 高校3年17歳 | ニュージーランド留学から帰国したよ | そして世界へ狂言を,joyous_crow3886,2026-05-10T23:32:31.000+09:00,7865
n4ba2addd21ff,13163455,KOTAYA | 今日はこれで合格,kotaya_log,2026-05-10T23:25:52.000+09:00,2785
n4ba2addd21ff,13684651,きらきら,kirakira365diary,2026-05-10T23:20:53.000+09:00,505
n4ba2addd21ff,12539487,よしこ｜続けたい人の横にいる,noted_beetle1302,2026-05-10T23:08:33.000+09:00,522
n4ba2addd21ff,4877017,須川元介/情報翻訳家,skagenavi,2026-05-10T22:59:57.000+09:00,2312
n4ba2addd21ff,12602815,みじゅくパパ,mijuku_father,2026-05-10T22:52:33.000+09:00,437
n4ba2addd21ff,13813515,もりあおな,mori_hikaru,2026-05-10T22:51:22.000+09:00,670
n4ba2addd21ff,12391716,もぐたんママ🎈|皆の笑顔を増やすnote@タラヲガールズ006,mogu0321_mam,2026-05-10T22:47:17.000+09:00,1666
n4ba2addd21ff,13788471,Biisa|美沙,biisa_ccw,2026-05-10T22:42:22.000+09:00,400
n4ba2addd21ff,12815585,Dr.礼次郎の論文読み解きノート,dr_reijirou,2026-05-10T22:37:34.000+09:00,329
n4ba2addd21ff,12505332,たつ｜挑戦を習慣にする人,tatsu_challenge,2026-05-10T22:21:44.000+09:00,448
n4ba2addd21ff,11474190,断罪と慈愛の歌詠み師 UTAKO,bold_slug9390,2026-05-10T22:21:12.000+09:00,500
n4ba2addd21ff,6781246,全力限界駅員👩🏻‍✈️100日連続投稿達成した人,lovely_ixora10,2026-05-10T22:20:55.000+09:00,686
n4ba2addd21ff,13350541,aya_tea929,aya_tea929,2026-05-10T22:19:39.000+09:00,74
n4ba2addd21ff,11837112,もぐら,mogurabooks,2026-05-10T22:09:12.000+09:00,214
n4ba2addd21ff,13066168,はるねずみ｜note副業０→１応援,kasegu5haru,2026-05-10T22:02:37.000+09:00,1551
n4ba2addd21ff,13161722,おあつ,keen_pipit1182,2026-05-10T22:02:15.000+09:00,1514
n4ba2addd21ff,10750843,Takanashi（たかなし）,takanashi_note01,2026-05-10T21:59:44.000+09:00,1187
n4ba2addd21ff,13574007,🍀ベンジャミン🍀,noble_spirea7217,2026-05-10T21:59:24.000+09:00,767
n4ba2addd21ff,12516832,和田雄三｜AI×心理ブランディングデザイナー,glad_dill2129,2026-05-10T21:59:08.000+09:00,812
n4ba2addd21ff,13382450,take_chin,vivid_borage3113,2026-05-10T21:42:45.000+09:00,1429
n4ba2addd21ff,4472775,あまね〘ฅ՞•ﻌ•՞ฅฅ^•ﻌ•^ฅ〙,almabrillante,2026-05-10T21:41:47.000+09:00,842
n4ba2addd21ff,13815192,鷹月(たかつき)｜個人開発者,growth_lab710,2026-05-10T21:35:26.000+09:00,91
n4ba2addd21ff,14060433,Bluebell diary🌿,modern_llama1047,2026-05-10T21:34:08.000+09:00,175
n4ba2addd21ff,5738970,営業fafa | note業界No.1営業マン,kohana1112,2026-05-10T21:25:38.000+09:00,1394
n4ba2addd21ff,8857122,うるるん,nice_daisy957,2026-05-10T21:09:17.000+09:00,995
n4ba2addd21ff,13655668,寄藤　淳,brave_ixora6196,2026-05-10T20:47:07.000+09:00,1407
n4ba2addd21ff,12984412,タロさん,tarosanzatsugaku,2026-05-10T20:46:50.000+09:00,355
n4ba2addd21ff,14445921,瑠華,fancy_dove3571,2026-05-10T20:45:49.000+09:00,43
n4ba2addd21ff,12928598,トラオ,abidmuya,2026-05-10T20:45:24.000+09:00,1935
n4ba2addd21ff,12568539,satoyu｜ゆるガチおうち英語,yurugachienglish,2026-05-10T20:45:04.000+09:00,558
n4ba2addd21ff,10091607,🔔Bell note,bellshacho,2026-05-10T20:40:27.000+09:00,2045
n4ba2addd21ff,14171372,ねころび。,ripe_shrew4857,2026-05-10T20:39:42.000+09:00,374
n4ba2addd21ff,13405464,木漏れ日亭,komorebi_tei,2026-05-10T20:38:42.000+09:00,584
n4ba2addd21ff,11871913,JOWRAKU,jowraku,2026-05-10T20:36:57.000+09:00,518
n4ba2addd21ff,1909619,シゲク@note初心者全力応援,shigekumasaku,2026-05-10T20:32:01.000+09:00,6169
n01b5fd12d369,10827166,コンパス みき,compass_m360,2026-06-01T20:26:21.000+09:00,1205
n01b5fd12d369,13163455,KOTAYA | 今日はこれで合格,kotaya_log,2026-05-31T13:26:28.000+09:00,2785
n01b5fd12d369,8166572,ひゅー｜AI×分析｜考察と思考整理を楽しむ。note,hyu_nisworks,2026-05-29T18:17:18.000+09:00,398
n01b5fd12d369,7883923,N Toshio,nisis,2026-05-28T12:41:08.000+09:00,96
n01b5fd12d369,12417301,すみれ,genial_wren230,2026-05-27T21:31:06.000+09:00,296
n01b5fd12d369,12184556,空波DX100%,happy_echium7563,2026-05-27T13:06:29.000+09:00,6864
n01b5fd12d369,10558749,168,note_note_note_3,2026-05-23T02:04:47.000+09:00,19
n01b5fd12d369,14059601,画像のポーズを精密変換できるAIを開発　新城トウマ,touma_shinjo,2026-05-21T01:04:30.000+09:00,29
n01b5fd12d369,13623901,あずなぶ〜る｜SNS弱者のnote戦略術,alive_here3686,2026-05-19T00:47:41.000+09:00,814
n01b5fd12d369,13953003,ユースケ|激務店長の自立戦略,aikaigai_project,2026-05-18T21:10:19.000+09:00,14
n01b5fd12d369,14151019,AKI3,space_extra01,2026-05-17T22:03:18.000+09:00,104
n01b5fd12d369,11600625,チア,cococotono,2026-05-17T15:41:06.000+09:00,223
n01b5fd12d369,7453183,hatuankaikaku,hatuankaikaku,2026-05-13T17:59:21.000+09:00,177
n01b5fd12d369,12377105,まるよか,yokayoka5103,2026-05-13T08:03:10.000+09:00,1361
n01b5fd12d369,12380860,パタコ,auwa_44,2026-05-12T21:13:56.000+09:00,2290
n01b5fd12d369,851367,にあん考,nian3,2026-05-12T19:23:03.000+09:00,243
n01b5fd12d369,12301144,ゆぴか ☀︎在宅で働きたい主婦（ちょっとワケあり）,tasty_quoll5392,2026-05-12T10:07:28.000+09:00,679
n01b5fd12d369,8857122,うるるん,nice_daisy957,2026-05-11T22:15:56.000+09:00,995
n01b5fd12d369,7896891,ポンタ,pontanohaha,2026-05-11T19:26:49.000+09:00,1164
n01b5fd12d369,11837112,もぐら,mogurabooks,2026-05-11T18:43:45.000+09:00,214
n01b5fd12d369,3913824,yayo,yayo_0102,2026-05-11T13:25:43.000+09:00,60
n01b5fd12d369,11359513,安達｢チーム🦁｣｜AIと共闘し600を必達する者,takayukiadachi,2026-05-11T04:28:08.000+09:00,944
n01b5fd12d369,11474190,断罪と慈愛の歌詠み師 UTAKO,bold_slug9390,2026-05-10T22:21:11.000+09:00,500
n01b5fd12d369,11574500,ふらつき母ちゃん 〜今日も全力空回り！〜,dear_viper3924,2026-05-10T21:51:46.000+09:00,806
n01b5fd12d369,14330369,RYO,loyal_squid3156,2026-05-10T21:42:34.000+09:00,317
n01b5fd12d369,12366217,see2,chic_badger5419,2026-05-10T21:33:56.000+09:00,207
n01b5fd12d369,14360624,AIおじ@生活全部AI化中,ai_oji_301991,2026-05-10T20:37:07.000+09:00,240
n01b5fd12d369,13107123,ランマッスル,runmuscle_m,2026-05-10T20:02:53.000+09:00,4000
n01b5fd12d369,12664827,俊也,just_seal6867,2026-05-10T19:01:40.000+09:00,352
n01b5fd12d369,13405464,木漏れ日亭,komorebi_tei,2026-05-10T18:24:33.000+09:00,584
n01b5fd12d369,10750843,Takanashi（たかなし）,takanashi_note01,2026-05-10T17:18:00.000+09:00,1187
n01b5fd12d369,13455991,道鬼,hip_zinnia5057,2026-05-10T16:17:30.000+09:00,8
n01b5fd12d369,4509042,猫の父さん@トトとチー,cat48_1010,2026-05-10T10:08:32.000+09:00,398
n01b5fd12d369,5828006,まなつ/突出マイノリティ列伝,tosshutsu_m,2026-05-10T07:41:30.000+09:00,6133
n01b5fd12d369,10943800,さ助(さすけ)｜ウェブ解析士,c_b_analytics,2026-05-10T07:38:47.000+09:00,412
n01b5fd12d369,6905415,豹子頭 林冲,hyousitou,2026-05-10T06:02:31.000+09:00,269
n01b5fd12d369,2205320,kazu10000,kazu10000,2026-05-10T03:38:27.000+09:00,598
n01b5fd12d369,10517876,向日葵じまにゃん🌻,jimanyan,2026-05-10T00:51:42.000+09:00,1881
n01b5fd12d369,13965785,ことのは｜心の整理ノート　,cute_parrot8784,2026-05-10T00:05:50.000+09:00,49
n01b5fd12d369,12949168,不真面目小児科医　しうまい,misasyu5,2026-05-09T23:54:07.000+09:00,540
n01b5fd12d369,13813515,もりあおな,mori_hikaru,2026-05-09T23:34:56.000+09:00,670
n01b5fd12d369,10175064,雪綴ゆき,wise_rat6355,2026-05-09T23:08:01.000+09:00,6352
n01b5fd12d369,12624691,あん｜noteと遊ぶ,aging_gracefully,2026-05-09T23:05:43.000+09:00,1218
n01b5fd12d369,13927059,はる,haru_growth,2026-05-09T22:47:12.000+09:00,243
n01b5fd12d369,4877017,須川元介/情報翻訳家,skagenavi,2026-05-09T22:10:53.000+09:00,2312
n01b5fd12d369,13613385,羅生門SKY,codex_strategy,2026-05-09T22:07:51.000+09:00,418
n01b5fd12d369,13161722,おあつ,keen_pipit1182,2026-05-09T22:00:32.000+09:00,1514
n01b5fd12d369,12391716,もぐたんママ🎈|皆の笑顔を増やすnote@タラヲガールズ006,mogu0321_mam,2026-05-09T21:57:20.000+09:00,1666
n01b5fd12d369,12385127,超育休志向｜りさ ＆ ゆういち,comfamily_lab,2026-05-09T21:33:33.000+09:00,501
n01b5fd12d369,10646763,雪国ゆり⛄️逃げられない場所で戦う人へ,yuriri_love202,2026-05-09T21:30:58.000+09:00,446
n01b5fd12d369,13900618,sophie,scribble_1000,2026-05-09T21:27:16.000+09:00,792
n01b5fd12d369,13574007,🍀ベンジャミン🍀,noble_spirea7217,2026-05-09T21:19:31.000+09:00,767
n01b5fd12d369,1549396,yuyu,wazze,2026-05-09T20:55:22.000+09:00,135
n01b5fd12d369,12516832,和田雄三｜AI×心理ブランディングデザイナー,glad_dill2129,2026-05-09T20:54:49.000+09:00,812
n01b5fd12d369,12400017,あんころ｜3児ママ×元看護師のリアルAI副業記録,naayu_tayu5,2026-05-09T20:52:54.000+09:00,453
n01b5fd12d369,11634537,ナオユキ｜物語と知識のコンシェルジュ,ai_naoyuki,2026-05-09T20:50:29.000+09:00,2968
n01b5fd12d369,9548309,もも｜ Etsy/note販売,sakura_memo3,2026-05-09T20:33:57.000+09:00,545
n01b5fd12d369,11703146,かの｜職場で消耗しないコツ,just_yucca6221,2026-05-09T20:33:51.000+09:00,466
n2574b6773bc0,12735924,杉田健吾｜毎朝メルマガ1通で年収1000万円を稼ぐ専門家,sugita_kengo,2026-06-02T01:42:50.000+09:00,2178
n2574b6773bc0,11639783,小鳥遊ワシ |takanashi WASHI🦅,takanashi_washi,2026-05-31T22:29:40.000+09:00,1443
n2574b6773bc0,14320627,hanatoshiki,hanatoshiki,2026-05-31T14:02:57.000+09:00,415
n2574b6773bc0,14289395,森下ゆうじ｜企画と日々,yuji_log,2026-05-31T11:24:25.000+09:00,37
n2574b6773bc0,6498839,野生のジョニー,jonny666,2026-05-31T01:18:34.000+09:00,105
n2574b6773bc0,8212600,なおみ｜育児をしながら在宅で起業家アシスタント,makoto_yy,2026-05-30T20:25:22.000+09:00,1094
n2574b6773bc0,14560072,ハイボルト炉端焼き,tyokobanana_bar,2026-05-30T16:41:37.000+09:00,4
n2574b6773bc0,14292931,あやか｜起業準備中の会社員｜AIライティング実践中,ayaka0419,2026-05-30T10:37:13.000+09:00,960
n2574b6773bc0,10269432,えり｜元看護師｜育児しながら起業準備中,aipjby,2026-05-30T10:08:37.000+09:00,1074
n2574b6773bc0,11947684,ゲスト,super_sable7678,2026-05-30T09:10:07.000+09:00,1
n2574b6773bc0,7823822,はぐれパパ＠詩人失格,papa411477,2026-05-28T19:57:43.000+09:00,71
n2574b6773bc0,4110237,13twostep,twostep13,2026-05-28T18:23:25.000+09:00,96
n2574b6773bc0,7108819,はなうたや｜ふなこ,light_panda2525,2026-05-25T13:55:33.000+09:00,43
n2574b6773bc0,13312115,りぼんぼん,sankasei,2026-05-25T07:28:49.000+09:00,53
n2574b6773bc0,14562823,アオ,ready_stilt3691,2026-05-24T16:16:43.000+09:00,0
n2574b6773bc0,3608968,KITAcore｜キタコレ＠ログプレイヤー,ktcrs1107,2026-05-23T22:13:04.000+09:00,1332
n2574b6773bc0,13655668,寄藤　淳,brave_ixora6196,2026-05-23T09:55:49.000+09:00,1407
n2574b6773bc0,14126621,フリーマン,just_serval6544,2026-05-23T06:06:03.000+09:00,220
n2574b6773bc0,11061741,小田康夫,art_of_oda,2026-05-22T00:45:13.000+09:00,1013
n2574b6773bc0,13475918,ゆるり大人のひとり旅　,solotabilove,2026-05-21T18:03:43.000+09:00,246
n2574b6773bc0,14368789,しらたま,shiratama_neko,2026-05-19T13:46:18.000+09:00,4
n2574b6773bc0,11268889,coco_31c,cocoroyorimichi,2026-05-18T23:55:00.000+09:00,819
n2574b6773bc0,14124940,mariko ,crisp_bear6729,2026-05-18T22:35:14.000+09:00,91
n2574b6773bc0,13795654,magic_lynxkhap6,magic_lynxkhap6,2026-05-18T18:17:29.000+09:00,7
n2574b6773bc0,14251893,15kgやせた私の食事設計 | 食べ方を変えただけで、体型が激変した記,diet_minus15,2026-05-18T09:22:27.000+09:00,1599
n2574b6773bc0,13654256,花鳥風月(花ちゃん)｜心を動かすメンタリスト,firm_bee7297,2026-05-17T00:22:26.000+09:00,1939
n2574b6773bc0,14360211,コタロー,lively_viper5745,2026-05-16T21:20:11.000+09:00,612
n2574b6773bc0,14306848,働く人のAI実務ノート | AIで成果を増やして、評価と収入を上げる,ai_income_work,2026-05-15T10:58:33.000+09:00,1434
n2574b6773bc0,10294694,上藤あきを,kamifuji_akiwo,2026-05-14T23:54:15.000+09:00,537
n2574b6773bc0,12202441,競艇予想屋WING40🦅┊︎競艇コロガシ分析チーム【公式】,kyotei_wing40,2026-05-13T23:04:38.000+09:00,2841
n2574b6773bc0,13564398,ことばの余白,ready_hornet3417,2026-05-13T15:45:38.000+09:00,263
n2574b6773bc0,14494293,メスマニア@初デートで100回は惚れさす,mesu_mania00,2026-05-13T14:05:15.000+09:00,172
n2574b6773bc0,14433723,Yufu｜朝日と花と、これからの人生,brisk_pansy5528,2026-05-13T07:33:24.000+09:00,353
n2574b6773bc0,11558833,癒療師（ゆりょうし）びっくる,right_hyena9739,2026-05-13T00:31:16.000+09:00,89
n2574b6773bc0,11905841,顔のない問い,sasoib_ehtal,2026-05-12T22:45:31.000+09:00,728
n2574b6773bc0,13279555,ミケさん,legit_pansy9571,2026-05-12T22:03:10.000+09:00,186
n2574b6773bc0,14446201,rika_soudanshitsu,rika_soudan,2026-05-12T21:00:45.000+09:00,22
n2574b6773bc0,12675061,とも,famous_skink8709,2026-05-12T13:35:00.000+09:00,712
n2574b6773bc0,527544,mikisan18,mikisan18,2026-05-12T02:51:29.000+09:00,62
n2574b6773bc0,6468528,AKIHIRO｜虹色の地球,wakuwakugroup3,2026-05-11T14:02:02.000+09:00,1153
n2574b6773bc0,10283393,宿泊ビジネス研究所,hoteldigitalexp,2026-05-11T11:12:42.000+09:00,186
n2574b6773bc0,14330369,RYO,loyal_squid3156,2026-05-10T21:41:50.000+09:00,317
n2574b6773bc0,9306800,【WEBライター】シマエナガ,noted_koala6659,2026-05-10T07:12:29.000+09:00,123
n2574b6773bc0,8911867,ルルトアヤコ,lovely_coyote546,2026-05-10T03:49:21.000+09:00,2648
n2574b6773bc0,12301144,ゆぴか ☀︎在宅で働きたい主婦（ちょっとワケあり）,tasty_quoll5392,2026-05-10T01:14:07.000+09:00,679
n2574b6773bc0,14112512,AIが苦手でも始める副業ノート,ai_nigate_fuku,2026-05-10T00:23:15.000+09:00,212
n2574b6773bc0,13628596,あちゃぴん,ready_toucan740,2026-05-10T00:11:18.000+09:00,167
n2574b6773bc0,14084697,アイリGD,lovely_gnu3060,2026-05-09T23:35:59.000+09:00,462
n2574b6773bc0,12919204,yama-san｜もと現場おやじ、AI始めました,firm_gecko5057,2026-05-09T23:17:41.000+09:00,388
n2574b6773bc0,8244666,くらげ,kurage_moa,2026-05-09T22:10:04.000+09:00,610
n2574b6773bc0,13161722,おあつ,keen_pipit1182,2026-05-09T22:02:59.000+09:00,1514
n2574b6773bc0,12158291,考える赤柴,eager_thyme9842,2026-05-09T21:35:19.000+09:00,300
n2574b6773bc0,12400017,あんころ｜3児ママ×元看護師のリアルAI副業記録,naayu_tayu5,2026-05-09T20:52:56.000+09:00,453
n2574b6773bc0,9032133,北原　30代後半　東京都２３区　【フォロバ１００】,leal_falcon160,2026-05-09T20:30:36.000+09:00,1199
n2574b6773bc0,8857122,うるるん,nice_daisy957,2026-05-09T07:57:10.000+09:00,995
n2574b6773bc0,12594813,競艇予想🚬艇道のマサル,ripe_heron5746,2026-05-09T05:24:15.000+09:00,1515
n2574b6773bc0,10175064,雪綴ゆき,wise_rat6355,2026-05-08T22:21:06.000+09:00,6352
n2574b6773bc0,12200349,ARRIVED FROM SHOWA,a_from_showa,2026-05-08T21:54:49.000+09:00,790
n2574b6773bc0,10943800,さ助(さすけ)｜ウェブ解析士,c_b_analytics,2026-05-08T21:36:15.000+09:00,412
n2574b6773bc0,4472775,あまね〘ฅ՞•ﻌ•՞ฅฅ^•ﻌ•^ฅ〙,almabrillante,2026-05-08T21:18:39.000+09:00,842
n2574b6773bc0,13264183,Koze Li,kind_zephyr9440,2026-05-08T21:08:59.000+09:00,197
n2574b6773bc0,12503829,gentlereads |.naru,vivid_panda7082,2026-05-08T19:18:04.000+09:00,1273
n2574b6773bc0,14198765,元住宅営業→独立現役大工｜タカ,takaaaa_429319,2026-05-08T19:12:42.000+09:00,80
n2574b6773bc0,14142197,ボンちゃん,ideal_vole718,2026-05-08T18:39:38.000+09:00,380
n2574b6773bc0,6977181,マサキ｜副業迷子の先生,masaki19860628,2026-05-08T17:12:49.000+09:00,4557
n2574b6773bc0,12601255,IQロジック心理士いろぉー,iqlogic,2026-05-08T16:42:57.000+09:00,422
n2574b6773bc0,12377105,まるよか,yokayoka5103,2026-05-08T15:56:24.000+09:00,1361
n2574b6773bc0,11574500,ふらつき母ちゃん 〜今日も全力空回り！〜,dear_viper3924,2026-05-08T14:09:37.000+09:00,806
n2574b6773bc0,13071716,コスモス🌸 │ ３人と一緒に考えるnote,cosmos_invest,2026-05-08T12:40:00.000+09:00,599
n2574b6773bc0,7157194,地方の鷹 / chihonotaka,chihonotaka,2026-05-08T12:33:36.000+09:00,717
n2574b6773bc0,13066168,はるねずみ｜note副業０→１応援,kasegu5haru,2026-05-08T12:13:09.000+09:00,1551
n2574b6773bc0,14174796,もとむらたいき,hauptdorf,2026-05-08T09:57:20.000+09:00,370
n2574b6773bc0,12607946,てぼっこ,tebocco_bocchi,2026-05-08T09:12:45.000+09:00,251
n2574b6773bc0,14228624,ao_uki,aosora_ukigumo,2026-05-08T09:09:46.000+09:00,257
n2574b6773bc0,13813515,もりあおな,mori_hikaru,2026-05-08T08:55:23.000+09:00,670
n2574b6773bc0,4860419,risu@旅好きブロガー🐿️,tachi0761,2026-05-08T07:32:12.000+09:00,955
n2574b6773bc0,12668465,紅茶🫖｜ことばの庭,usagi_no_mimi_,2026-05-08T07:01:06.000+09:00,169
n2574b6773bc0,10511593,しれネコ🐾｜迷子の気持ち、 ちょっと軽く,large_hosta3387,2026-05-08T05:08:35.000+09:00,613
n2574b6773bc0,13374498,ぽん,ree0109,2026-05-08T02:31:36.000+09:00,156
n2574b6773bc0,13791463,カケル｜現役営業マネージャー（営業を科学する）,kakeru_eigyou,2026-05-07T23:15:53.000+09:00,345
n2574b6773bc0,13723950,ししまる@あなたの資産形成を手助けする人,sisimaru_note,2026-05-07T22:37:20.000+09:00,204
n2574b6773bc0,9489656,MeGood,megood_1028,2026-05-07T22:10:13.000+09:00,61
n2574b6773bc0,10593292,りり|生きるの下手くそな回避型女,yuri070102,2026-05-07T21:37:43.000+09:00,120
n2574b6773bc0,13366653,ぱぴさん,papi_san,2026-05-07T21:01:12.000+09:00,291
n2574b6773bc0,11474190,断罪と慈愛の歌詠み師 UTAKO,bold_slug9390,2026-05-07T20:40:52.000+09:00,500
n2574b6773bc0,13757607,ゼン,happy_kudu6851,2026-05-07T20:34:28.000+09:00,255
n2574b6773bc0,10750843,Takanashi（たかなし）,takanashi_note01,2026-05-07T20:01:44.000+09:00,1187
n2574b6773bc0,13316377,たいち｜𝔸𝕀-ℕ𝔸𝕍𝕀｜投資家,gey_chevis6981,2026-05-07T19:55:33.000+09:00,2011
n2574b6773bc0,14395293,統計力学・ナンバーズ４解析室,kaiseki_8641,2026-05-07T18:47:21.000+09:00,240
n2574b6773bc0,13216635,静かな設計者,bright_eagle7288,2026-05-07T18:31:09.000+09:00,815
n2574b6773bc0,13924772,FUNABAT,funabat,2026-05-07T18:06:22.000+09:00,115
n2574b6773bc0,13799307,スロバキア在住8年目のママ,slovakia_mama8,2026-05-07T17:01:54.000+09:00,197
n2574b6773bc0,14322608,陸｜センスではない設計で勝つ営業,seshu_kouryaku,2026-05-07T16:45:44.000+09:00,263
n2574b6773bc0,14170552,ことのは,kotonoha_kikaku,2026-05-07T15:14:29.000+09:00,466
n2574b6773bc0,7896891,ポンタ,pontanohaha,2026-05-07T13:57:51.000+09:00,1164
n2574b6773bc0,6422796,松永隆志,lovely_bear262,2026-05-07T13:30:17.000+09:00,5273
n2574b6773bc0,13140757,雪詠｜ゆきよみ,yukiyomi,2026-05-07T13:14:41.000+09:00,808
n2574b6773bc0,10390902,ちかよりみち@🇩🇪ドイツ生活攻略家,chikayorimichi_5,2026-05-07T12:28:24.000+09:00,1092
n2574b6773bc0,14071134,shirushiru,maru_maru_33,2026-05-07T12:20:09.000+09:00,0
n2574b6773bc0,7873428,あじゅまる📚,dcomic_labo,2026-05-07T12:03:17.000+09:00,3868
n2574b6773bc0,4509042,猫の父さん@トトとチー,cat48_1010,2026-05-07T12:02:42.000+09:00,398
n2574b6773bc0,13500210,nagi｜ 副業・ダイエット・資格。欲張りなパパの奮闘記,nagi_2026,2026-05-07T11:24:53.000+09:00,306
n2574b6773bc0,13037359,丁寧な暮らし/生きやすさ探求家,gentle_gecko1078,2026-05-07T10:51:50.000+09:00,283
n2574b6773bc0,13209224,和恵,clear_broom7878,2026-05-07T10:47:11.000+09:00,1322
n2574b6773bc0,13693346,anzu,quick_stoat6197,2026-05-07T10:40:01.000+09:00,453
n2574b6773bc0,5330022,Marie | まりーの小さな⚙️歯車⚙️ラボ🔬,marie_222,2026-05-07T10:30:55.000+09:00,23
n2574b6773bc0,11636789,トド子｜元保育士３児ママ,konkon0606,2026-05-07T10:01:19.000+09:00,1159
n2574b6773bc0,5828006,まなつ/突出マイノリティ列伝,tosshutsu_m,2026-05-07T09:50:36.000+09:00,6133
n2574b6773bc0,13185774,るー/ハレノイト,anexkanikitai,2026-05-07T09:40:41.000+09:00,902
n2574b6773bc0,12853411,みるぷり｜夢見るフリーランス,mirupuri7,2026-05-07T08:44:08.000+09:00,371
n2574b6773bc0,13405464,木漏れ日亭,komorebi_tei,2026-05-07T08:43:47.000+09:00,584
n2574b6773bc0,13263301,yukidaruma×仕事note｜フォロバ100,yukidaruma226,2026-05-07T08:28:11.000+09:00,946
n2574b6773bc0,11561590,かえるこ | Kaeruko,serene_pansy617,2026-05-07T07:50:34.000+09:00,4177
n2574b6773bc0,12708065,ひがし,grand_poppy5280,2026-05-07T07:46:59.000+09:00,230
n2574b6773bc0,9839316,50代、大器晩成の気配あり。,taiki50,2026-05-07T07:39:04.000+09:00,1172
n2574b6773bc0,12385127,超育休志向｜りさ ＆ ゆういち,comfamily_lab,2026-05-07T07:38:03.000+09:00,501
n2574b6773bc0,13219393,蛍,nifty_tucan8721,2026-05-07T07:17:09.000+09:00,607
n2574b6773bc0,13079732,ＣＯＯＬ,vast_tulip7937,2026-05-07T07:13:21.000+09:00,1135
n2574b6773bc0,13793195,ふくろう先生｜お金の神様の教えを伝えるnote講師,rosy_clam4908,2026-05-07T06:53:50.000+09:00,4392
n2574b6773bc0,13374670,爆速パイン🍍|  0→1応援,joyful_okapi9357,2026-05-07T06:52:59.000+09:00,6366
n2574b6773bc0,5616047,日本初の男性パーソナルスタイリストのファッション記事：武藤和也,ps_takumi,2026-05-07T06:52:16.000+09:00,3100
n2574b6773bc0,13252983,まったん@X×noteで月10万稼ぐ64歳！,gifted_fish1640,2026-05-07T06:52:04.000+09:00,7328
n2574b6773bc0,11526270,チャチャ丸,katsukatsu0811,2026-05-07T06:48:41.000+09:00,1190
n2574b6773bc0,12591374,ケンタロウ/gr.minpaku,merry_robin6845,2026-05-07T06:44:03.000+09:00,471
n2574b6773bc0,2946456,酔いどれBowzRunner 我流迷走！＜弘中義雄＞,garyumeiso,2026-05-07T06:42:09.000+09:00,494
n2574b6773bc0,13927059,はる,haru_growth,2026-05-07T05:49:02.000+09:00,243
n2574b6773bc0,1926590,ひろぴ@SF小説,ginsilver69,2026-05-07T04:46:39.000+09:00,135
n2574b6773bc0,5528334,ヒトタラヲ,5959life,2026-05-07T02:04:06.000+09:00,4029
n2574b6773bc0,12157269,ken ｜ 完全無課金AI戦略 × note運営,noted_sheep3883,2026-05-07T00:33:22.000+09:00,3213
n2574b6773bc0,3093673,Ryo @会社員→ヘルニア無職→起業へ,jinjikaigai,2026-05-07T00:31:34.000+09:00,146
n2574b6773bc0,3527294,はゆえまま,hayuemama_1005,2026-05-07T00:26:23.000+09:00,1754
n2574b6773bc0,39399,菊池良,kossetsu,2026-05-07T00:11:12.000+09:00,1277
n2574b6773bc0,12232616,デジさしみ | IT現場の効率家,digital_sashimi,2026-05-07T00:03:52.000+09:00,564
n2574b6773bc0,10517876,向日葵じまにゃん🌻,jimanyan,2026-05-06T23:36:09.000+09:00,1881
n2574b6773bc0,6321029,つーつー,ms_tsu_tsu,2026-05-06T23:33:12.000+09:00,1273
n2574b6773bc0,13613385,羅生門SKY,codex_strategy,2026-05-06T23:13:29.000+09:00,418
n2574b6773bc0,3913824,yayo,yayo_0102,2026-05-06T22:58:43.000+09:00,60
n2574b6773bc0,12516832,和田雄三｜AI×心理ブランディングデザイナー,glad_dill2129,2026-05-06T22:50:08.000+09:00,812
n2574b6773bc0,13163455,KOTAYA | 今日はこれで合格,kotaya_log,2026-05-06T22:41:40.000+09:00,2785
n2574b6773bc0,12885021,ただのかくひと。,tadanokakuhito,2026-05-06T22:39:32.000+09:00,70
n2574b6773bc0,3518896,村松慎一 / 日々のやりくりから、未来の成長まで。あなたの会社の名脇役。,shinichi0820,2026-05-06T22:38:14.000+09:00,660
n2574b6773bc0,10558749,168,note_note_note_3,2026-05-06T22:25:58.000+09:00,19
n2574b6773bc0,8166572,ひゅー｜AI×分析｜考察と思考整理を楽しむ。note,hyu_nisworks,2026-05-06T22:25:05.000+09:00,398
n2574b6773bc0,4877017,須川元介/情報翻訳家,skagenavi,2026-05-06T22:22:51.000+09:00,2312
n2574b6773bc0,12417301,すみれ,genial_wren230,2026-05-06T22:15:28.000+09:00,296
n2574b6773bc0,13269889,hiroyuki,oxalis8466,2026-05-06T21:43:43.000+09:00,121
n2574b6773bc0,5738970,営業fafa | note業界No.1営業マン,kohana1112,2026-05-06T21:37:05.000+09:00,1394
n2574b6773bc0,14410944,躁鬱と日常のあいだ,bipolardiary,2026-05-06T21:36:50.000+09:00,140
n2574b6773bc0,13608947,しろくま｜AI勉強中。,shirokuma_mint,2026-05-06T21:35:08.000+09:00,590
n2574b6773bc0,11703146,かの｜職場で消耗しないコツ,just_yucca6221,2026-05-06T21:21:45.000+09:00,466
n2574b6773bc0,13107123,ランマッスル,runmuscle_m,2026-05-06T21:21:06.000+09:00,4000
n2574b6773bc0,11634537,ナオユキ｜物語と知識のコンシェルジュ,ai_naoyuki,2026-05-06T21:08:58.000+09:00,2968
n2574b6773bc0,13574007,🍀ベンジャミン🍀,noble_spirea7217,2026-05-06T21:06:17.000+09:00,767
n2574b6773bc0,12624691,あん｜noteと遊ぶ,aging_gracefully,2026-05-06T21:04:57.000+09:00,1218
n2574b6773bc0,12568539,satoyu｜ゆるガチおうち英語,yurugachienglish,2026-05-06T20:57:46.000+09:00,558
n2574b6773bc0,11561576,聾黎-Rourei | 聞こえない家族の賑やかな日々を、あるいはいろんなことを徒然なるままに,deaf_zakki,2026-05-06T20:52:50.000+09:00,545
n2574b6773bc0,6905415,豹子頭 林冲,hyousitou,2026-05-06T20:48:52.000+09:00,269
n2574b6773bc0,13573046,ゆるテク,yurutech_lab,2026-05-06T20:48:05.000+09:00,76
n2574b6773bc0,13900618,sophie,scribble_1000,2026-05-06T20:46:20.000+09:00,792
n2574b6773bc0,11837112,もぐら,mogurabooks,2026-05-06T20:43:03.000+09:00,214
n2574b6773bc0,14208042,りゅう｜経理から経営へ｜バックオフィス構築,calm_alpaca5205,2026-05-06T20:39:44.000+09:00,769
n2574b6773bc0,10091607,🔔Bell note,bellshacho,2026-05-06T20:37:08.000+09:00,2045
n2574b6773bc0,9535277,採用ナビゲーターのべびすた,jolly_bonobo4869,2026-05-06T20:37:03.000+09:00,630
n2574b6773bc0,14437333,noteプロフィール・自己紹介作成｜AIブランディング・パートナー,prof_branding_ai,2026-05-06T20:36:32.000+09:00,114
n2574b6773bc0,11359513,安達｢チーム🦁｣｜AIと共闘し600を必達する者,takayukiadachi,2026-05-06T20:36:16.000+09:00,944
n2574b6773bc0,14111142,Ena,macaw34,2026-05-06T20:36:09.000+09:00,3275
n2574b6773bc0,1909619,シゲク@note初心者全力応援,shigekumasaku,2026-05-06T20:36:02.000+09:00,6169
n2574b6773bc0,14280498,のんびり研究員,deep_shark2057,2026-05-06T20:35:30.000+09:00,180
n2574b6773bc0,12589889,なかやん✖️ありのままを整えるライフコーチ,nakayan1117,2026-05-06T20:34:10.000+09:00,751
n2574b6773bc0,14060433,Bluebell diary🌿,modern_llama1047,2026-05-06T20:32:46.000+09:00,175
n045e9c61347c,13927059,はる,haru_growth,2026-06-01T01:27:01.000+09:00,243
n045e9c61347c,8857122,うるるん,nice_daisy957,2026-05-23T10:24:35.000+09:00,995
n045e9c61347c,12599459,ひろ爺,noted_racoon6629,2026-05-20T17:27:00.000+09:00,799
n045e9c61347c,7453183,hatuankaikaku,hatuankaikaku,2026-05-13T17:59:28.000+09:00,177
n045e9c61347c,1589488,20代🅿︎活戦士マナ🐈 @発券型アカウント,neko_ne_kone_ko,2026-05-11T01:07:36.000+09:00,11
n045e9c61347c,5780223,のぶこ,nice_viola969,2026-05-10T20:09:03.000+09:00,394
n045e9c61347c,10175064,雪綴ゆき,wise_rat6355,2026-05-09T23:08:00.000+09:00,6352
n045e9c61347c,14142197,ボンちゃん,ideal_vole718,2026-05-08T19:57:29.000+09:00,380
n045e9c61347c,4877017,須川元介/情報翻訳家,skagenavi,2026-05-08T09:00:23.000+09:00,2312
n045e9c61347c,9473741,お瀧 / 歌舞伎の町亀戸の魅力を発信する人　,otamesan,2026-05-07T09:17:19.000+09:00,1834
n045e9c61347c,601088,Kusabue／現代語俳句,kusabue,2026-05-07T07:06:05.000+09:00,21485
n045e9c61347c,13437247,Nagi / Story Music,nagi_storymusic,2026-05-06T23:49:30.000+09:00,209
n045e9c61347c,14304688,NPO法人健康みらいステーション,kenko_ms,2026-05-06T21:04:53.000+09:00,338
n045e9c61347c,12301144,ゆぴか ☀︎在宅で働きたい主婦（ちょっとワケあり）,tasty_quoll5392,2026-05-06T19:24:13.000+09:00,679
n045e9c61347c,11144327,Cafe Moment,cafe_moment,2026-05-06T04:27:10.000+09:00,1155
n045e9c61347c,5425659,桐矢ミキ,634821jo_,2026-05-05T21:15:12.000+09:00,414
n045e9c61347c,8578949,AYU,ayu760,2026-05-05T20:25:59.000+09:00,915
n045e9c61347c,14096244,けいさん【児童心理治療施設の施設長】,just_newt2661,2026-05-05T18:20:07.000+09:00,1026
n045e9c61347c,13066168,はるねずみ｜note副業０→１応援,kasegu5haru,2026-05-05T17:16:14.000+09:00,1551
n045e9c61347c,13177416,harashiの日記 ,harashi_nikki,2026-05-05T16:00:11.000+09:00,359
n045e9c61347c,13978833,ヤンさん 　（フォロバ100）,yangsan55,2026-05-05T10:07:11.000+09:00,2108
n045e9c61347c,10511593,しれネコ🐾｜迷子の気持ち、 ちょっと軽く,large_hosta3387,2026-05-05T09:43:35.000+09:00,613
n045e9c61347c,10827282,案内人,serene_hebe1710,2026-05-05T09:05:50.000+09:00,2132
n045e9c61347c,13859029,まい｜やさしいnote収益化,latte0105,2026-05-05T07:16:52.000+09:00,1733
n045e9c61347c,12377105,まるよか,yokayoka5103,2026-05-04T23:26:17.000+09:00,1361
n045e9c61347c,12624691,あん｜noteと遊ぶ,aging_gracefully,2026-05-04T23:03:59.000+09:00,1218
n045e9c61347c,12934960,涼鈴suzu,suzu_story,2026-05-04T20:57:49.000+09:00,266
n045e9c61347c,11734470,CrimsonNote,crimsonnotez,2026-05-04T20:01:19.000+09:00,109
n045e9c61347c,9032133,北原　30代後半　東京都２３区　【フォロバ１００】,leal_falcon160,2026-05-04T17:42:47.000+09:00,1199
n045e9c61347c,12268663,Rokuzyu | 戦略✖︎クリエイティブ,rokuzyu,2026-05-04T17:28:18.000+09:00,172
n045e9c61347c,3477990,本屋を始めたい夫婦,toto_books,2026-05-04T16:59:43.000+09:00,612
n045e9c61347c,12102021,おます,light_yucca416,2026-05-04T16:54:38.000+09:00,425
n045e9c61347c,13219393,蛍,nifty_tucan8721,2026-05-04T13:53:15.000+09:00,607
n045e9c61347c,4472775,あまね〘ฅ՞•ﻌ•՞ฅฅ^•ﻌ•^ฅ〙,almabrillante,2026-05-04T12:59:09.000+09:00,842
n045e9c61347c,12505332,たつ｜挑戦を習慣にする人,tatsu_challenge,2026-05-04T12:43:48.000+09:00,448
n045e9c61347c,10750843,Takanashi（たかなし）,takanashi_note01,2026-05-04T12:37:45.000+09:00,1187
n045e9c61347c,11474190,断罪と慈愛の歌詠み師 UTAKO,bold_slug9390,2026-05-04T12:13:35.000+09:00,500
n045e9c61347c,12290795,しーそー  ｜ 人生後半戦を豊かに生きる,shiisou,2026-05-04T12:01:13.000+09:00,792
n045e9c61347c,11574500,ふらつき母ちゃん 〜今日も全力空回り！〜,dear_viper3924,2026-05-04T11:31:03.000+09:00,806
n045e9c61347c,14280341,ゴリラ介護士,human_hornet4207,2026-05-04T11:27:19.000+09:00,507
n045e9c61347c,14358632,崖っぷちパパ｜家族を守り抜く成功への生存記録,nariagari_story,2026-05-04T10:18:18.000+09:00,251
n045e9c61347c,13732707,（よく当たる予想家ではなく、よく当たる競馬予想家でもない、安田記念予想稍得意）エビフライドリームさん,ebifurai_dream,2026-05-04T09:52:03.000+09:00,864
n045e9c61347c,13351077,やも,yamo_note,2026-05-04T09:34:08.000+09:00,628
n045e9c61347c,12740131,塩こんぶ,shio_konbu2525,2026-05-04T09:32:39.000+09:00,157
n045e9c61347c,8166572,ひゅー｜AI×分析｜考察と思考整理を楽しむ。note,hyu_nisworks,2026-05-04T09:21:33.000+09:00,398
n045e9c61347c,4509042,猫の父さん@トトとチー,cat48_1010,2026-05-04T08:57:22.000+09:00,398
n045e9c61347c,14161626,ジュウ | 130→86→96 リバウンドからの再挑戦,right_hebe1052,2026-05-04T08:27:18.000+09:00,263
n045e9c61347c,2145968,言うことないですって言えばいい,ukotonaidesu,2026-05-04T08:06:32.000+09:00,173
n045e9c61347c,13163455,KOTAYA | 今日はこれで合格,kotaya_log,2026-05-04T07:55:28.000+09:00,2785
n045e9c61347c,12591374,ケンタロウ/gr.minpaku,merry_robin6845,2026-05-04T07:30:59.000+09:00,471
n045e9c61347c,10943800,さ助(さすけ)｜ウェブ解析士,c_b_analytics,2026-05-04T06:29:37.000+09:00,412
n045e9c61347c,12800869,ひまわりP　J-Pop クリエイター,iteco14,2026-05-04T05:21:21.000+09:00,445
n045e9c61347c,13037359,丁寧な暮らし/生きやすさ探求家,gentle_gecko1078,2026-05-04T02:59:32.000+09:00,283
n045e9c61347c,12516832,和田雄三｜AI×心理ブランディングデザイナー,glad_dill2129,2026-05-04T01:48:37.000+09:00,812
n045e9c61347c,13818109,はるまき,harumaki_haru_,2026-05-04T00:15:03.000+09:00,1293
n045e9c61347c,5828006,まなつ/突出マイノリティ列伝,tosshutsu_m,2026-05-04T00:12:34.000+09:00,6133
n045e9c61347c,14104477,心の空に描く飛行日記ー心をほどく、小さな記録,miistyle_211118,2026-05-03T23:50:54.000+09:00,261
n045e9c61347c,14257841,寝てる太郎,ready_tucan8503,2026-05-03T23:47:54.000+09:00,183
n045e9c61347c,12602815,みじゅくパパ,mijuku_father,2026-05-03T23:35:40.000+09:00,437
n045e9c61347c,11561590,かえるこ | Kaeruko,serene_pansy617,2026-05-03T23:30:20.000+09:00,4177
n045e9c61347c,14060433,Bluebell diary🌿,modern_llama1047,2026-05-03T23:28:37.000+09:00,175
n045e9c61347c,11359513,安達｢チーム🦁｣｜AIと共闘し600を必達する者,takayukiadachi,2026-05-03T23:12:51.000+09:00,944
n045e9c61347c,10091607,🔔Bell note,bellshacho,2026-05-03T23:07:59.000+09:00,2045
n045e9c61347c,10517876,向日葵じまにゃん🌻,jimanyan,2026-05-03T22:39:54.000+09:00,1881
n045e9c61347c,13813515,もりあおな,mori_hikaru,2026-05-03T22:32:22.000+09:00,670
n045e9c61347c,11703146,かの｜職場で消耗しないコツ,just_yucca6221,2026-05-03T22:23:29.000+09:00,466
n045e9c61347c,12157269,ken ｜ 完全無課金AI戦略 × note運営,noted_sheep3883,2026-05-03T22:18:57.000+09:00,3213
n045e9c61347c,13574007,🍀ベンジャミン🍀,noble_spirea7217,2026-05-03T21:55:27.000+09:00,767
n045e9c61347c,13922422,ちょこまろ,long_llama3193,2026-05-03T21:45:43.000+09:00,800
n045e9c61347c,13796209,おぢぇふ(めっちゃフォロバします),toyonakaojf,2026-05-03T21:45:34.000+09:00,646
n045e9c61347c,11643938,てるてるぼうず,novel_tern1621,2026-05-03T21:33:14.000+09:00,1998
n045e9c61347c,4008041,ひと,harudaisuki1,2026-05-03T21:32:25.000+09:00,240
n045e9c61347c,13613385,羅生門SKY,codex_strategy,2026-05-03T21:31:28.000+09:00,418
n045e9c61347c,13788471,Biisa|美沙,biisa_ccw,2026-05-03T21:28:35.000+09:00,400
n045e9c61347c,13405464,木漏れ日亭,komorebi_tei,2026-05-03T21:28:31.000+09:00,584
n045e9c61347c,10616725,tane,tane8082,2026-05-03T21:28:23.000+09:00,865
n045e9c61347c,13432023,hirodon,hirodon_noter,2026-05-03T21:22:22.000+09:00,142
n045e9c61347c,5738970,営業fafa | note業界No.1営業マン,kohana1112,2026-05-03T21:21:47.000+09:00,1394
n045e9c61347c,11837112,もぐら,mogurabooks,2026-05-03T21:18:16.000+09:00,214
n045e9c61347c,11634537,ナオユキ｜物語と知識のコンシェルジュ,ai_naoyuki,2026-05-03T21:13:03.000+09:00,2968
n045e9c61347c,1995252,無名人インタビュー,unknowninterview,2026-05-03T21:10:44.000+09:00,11745
n045e9c61347c,13688693,sato/高圧ガス資格研究所,mild_nerine4683,2026-05-03T21:09:08.000+09:00,1047
n045e9c61347c,6905415,豹子頭 林冲,hyousitou,2026-05-03T21:08:20.000+09:00,269
ne1a87d5b28a6,5330022,Marie | まりーの小さな⚙️歯車⚙️ラボ🔬,marie_222,2026-05-28T11:11:51.000+09:00,23
ne1a87d5b28a6,13847631,ずぼらおうち英語でも子供達４人は高い英語力♪ anahataai,tkmktm,2026-05-25T20:01:40.000+09:00,136
ne1a87d5b28a6,13574007,🍀ベンジャミン🍀,noble_spirea7217,2026-05-25T19:46:24.000+09:00,767
ne1a87d5b28a6,32224,Takeshi Nakayama,selgey,2026-05-23T07:59:14.000+09:00,296
ne1a87d5b28a6,1287373,はなえ𖠚ᐝ,shima_hana,2026-05-22T10:15:16.000+09:00,462
ne1a87d5b28a6,4124657,御隠居曼荼羅,taka_mandara,2026-05-11T06:45:23.000+09:00,525
ne1a87d5b28a6,13511444,陸奥八雲,shiny_arnica6244,2026-05-09T12:16:57.000+09:00,144
ne1a87d5b28a6,14142197,ボンちゃん,ideal_vole718,2026-05-08T21:16:46.000+09:00,380
ne1a87d5b28a6,14314325,たか☆60歳お一人様の暮らしと思考,suzuki_23,2026-05-07T23:26:20.000+09:00,95
ne1a87d5b28a6,3913824,yayo,yayo_0102,2026-05-06T21:23:39.000+09:00,60
ne1a87d5b28a6,11578887,おその｜シニアの保健室,wise_salvia5433,2026-05-05T21:25:32.000+09:00,727
ne1a87d5b28a6,10827282,案内人,serene_hebe1710,2026-05-05T11:33:28.000+09:00,2132
ne1a87d5b28a6,12047382,ユーキ｜天命×AIで人生を再設計する人,resoul,2026-05-05T10:10:35.000+09:00,4790
ne1a87d5b28a6,13523117,ゆうまるす｜視能訓練士,note_yongmars,2026-05-05T09:12:47.000+09:00,257
ne1a87d5b28a6,11643938,てるてるぼうず,novel_tern1621,2026-05-05T08:40:34.000+09:00,1998
ne1a87d5b28a6,7601756,田中和子｜安心の中で本音を聴く人,gifted_dahlia750,2026-05-05T03:33:57.000+09:00,3272
ne1a87d5b28a6,12301144,ゆぴか ☀︎在宅で働きたい主婦（ちょっとワケあり）,tasty_quoll5392,2026-05-05T01:06:09.000+09:00,679
ne1a87d5b28a6,12345826,BOWDOCK,bowdock,2026-05-04T17:59:01.000+09:00,263
ne1a87d5b28a6,9032133,北原　30代後半　東京都２３区　【フォロバ１００】,leal_falcon160,2026-05-04T17:42:48.000+09:00,1199
ne1a87d5b28a6,14291818,キンドル出版研究所｜投資,kdp_invest,2026-05-04T17:03:35.000+09:00,245
ne1a87d5b28a6,10314701,バンコク🇹🇭の縁側おじさん,jolly_ibis7421,2026-05-04T16:39:04.000+09:00,1080
ne1a87d5b28a6,14124940,mariko ,crisp_bear6729,2026-05-04T14:24:50.000+09:00,91
ne1a87d5b28a6,6781246,全力限界駅員👩🏻‍✈️100日連続投稿達成した人,lovely_ixora10,2026-05-04T13:39:20.000+09:00,686
ne1a87d5b28a6,13892799,メロウ@投資×AI×エンタメ,muchmoney_mellow,2026-05-04T13:08:30.000+09:00,361
ne1a87d5b28a6,7823822,はぐれパパ＠詩人失格,papa411477,2026-05-03T22:52:35.000+09:00,71
ne1a87d5b28a6,13613385,羅生門SKY,codex_strategy,2026-05-03T21:25:43.000+09:00,418
ne1a87d5b28a6,13163455,KOTAYA | 今日はこれで合格,kotaya_log,2026-05-03T20:14:30.000+09:00,2785
ne1a87d5b28a6,13135990,マスオ｜月3万スワップ挑戦中,maatonbg,2026-05-03T17:35:55.000+09:00,341
ne1a87d5b28a6,8857122,うるるん,nice_daisy957,2026-05-03T17:34:30.000+09:00,995
ne1a87d5b28a6,9839316,50代、大器晩成の気配あり。,taiki50,2026-05-03T16:45:54.000+09:00,1172
ne1a87d5b28a6,13813515,もりあおな,mori_hikaru,2026-05-03T15:47:16.000+09:00,670
ne1a87d5b28a6,10750843,Takanashi（たかなし）,takanashi_note01,2026-05-03T14:18:39.000+09:00,1187
ne1a87d5b28a6,12516832,和田雄三｜AI×心理ブランディングデザイナー,glad_dill2129,2026-05-03T11:24:46.000+09:00,812
ne1a87d5b28a6,13897562,飛鳥荘｜奈良の料亭旅館,asukasou_1938,2026-05-03T07:24:25.000+09:00,16
ne1a87d5b28a6,12192368,安村明史,quiet_gnu5848,2026-05-03T06:49:34.000+09:00,990
ne1a87d5b28a6,13649597,K｜病院事務出身×シンギュラリティに備える人,witty_myrtle4328,2026-05-03T06:09:16.000+09:00,839
ne1a87d5b28a6,13817589,AKIRA,gentle_shrew2482,2026-05-02T23:22:19.000+09:00,165
ne1a87d5b28a6,1135589,だまこもち＠note芸人,thaifood_umai,2026-05-02T23:12:29.000+09:00,4040
ne1a87d5b28a6,4509042,猫の父さん@トトとチー,cat48_1010,2026-05-02T22:00:20.000+09:00,398
ne1a87d5b28a6,13796791,木っ端トレーダー,daihyou_shain,2026-05-02T20:45:18.000+09:00,393
ne1a87d5b28a6,13937586,Re:flec｜ひとり起業のWeb集客相談所,reflec_ota,2026-05-02T20:14:12.000+09:00,401
ne1a87d5b28a6,12601255,IQロジック心理士いろぉー,iqlogic,2026-05-02T18:22:10.000+09:00,422
ne1a87d5b28a6,11474190,断罪と慈愛の歌詠み師 UTAKO,bold_slug9390,2026-05-02T17:52:29.000+09:00,500
ne1a87d5b28a6,12093791,🌸おはな＆🐕まめしばさん公式,eager_phlox2461,2026-05-02T16:52:24.000+09:00,1078
ne1a87d5b28a6,9401327,インド進出の専門家,indiabiz_mirai,2026-05-02T16:36:49.000+09:00,201
ne1a87d5b28a6,8166572,ひゅー｜AI×分析｜考察と思考整理を楽しむ。note,hyu_nisworks,2026-05-02T15:58:57.000+09:00,398
ne1a87d5b28a6,12539487,よしこ｜続けたい人の横にいる,noted_beetle1302,2026-05-02T15:40:54.000+09:00,522
ne1a87d5b28a6,3046821,セイパパ | AI副業で0→1挑戦中,noble_prawn596,2026-05-02T13:26:24.000+09:00,50
ne1a87d5b28a6,11574500,ふらつき母ちゃん 〜今日も全力空回り！〜,dear_viper3924,2026-05-02T13:04:44.000+09:00,806
ne1a87d5b28a6,4472775,あまね〘ฅ՞•ﻌ•՞ฅฅ^•ﻌ•^ฅ〙,almabrillante,2026-05-02T11:20:48.000+09:00,842
ne1a87d5b28a6,14235496,すい,nanairo_1616,2026-05-02T10:57:01.000+09:00,93
ne1a87d5b28a6,7703704,清宮ゆうか｜年子兄妹のママ・薬剤師,yuka_k_mom,2026-05-02T09:58:37.000+09:00,1295
ne1a87d5b28a6,13533051,すけさん,around40_yousuke,2026-05-02T05:26:08.000+09:00,265
ne1a87d5b28a6,13900618,sophie,scribble_1000,2026-05-02T03:56:48.000+09:00,792
ne1a87d5b28a6,13927059,はる,haru_growth,2026-05-02T03:40:24.000+09:00,243
ne1a87d5b28a6,12157269,ken ｜ 完全無課金AI戦略 × note運営,noted_sheep3883,2026-05-02T02:13:54.000+09:00,3213
ne1a87d5b28a6,4887086,はんく・シュンタナ🐤『塩化ビニール系女子』AIクリエイター兼プロデューサー,hunk_shuntana,2026-05-02T01:15:11.000+09:00,618
ne1a87d5b28a6,14208042,りゅう｜経理から経営へ｜バックオフィス構築,calm_alpaca5205,2026-05-02T00:42:05.000+09:00,769
ne1a87d5b28a6,14060433,Bluebell diary🌿,modern_llama1047,2026-05-01T23:27:31.000+09:00,175
ne1a87d5b28a6,13430194,あきまむ,fond_shark9221,2026-05-01T23:26:13.000+09:00,213
ne1a87d5b28a6,12377105,まるよか,yokayoka5103,2026-05-01T23:23:38.000+09:00,1361
ne1a87d5b28a6,11561590,かえるこ | Kaeruko,serene_pansy617,2026-05-01T23:22:26.000+09:00,4177
ne1a87d5b28a6,13107123,ランマッスル,runmuscle_m,2026-05-01T23:05:53.000+09:00,4000
ne1a87d5b28a6,11703146,かの｜職場で消耗しないコツ,just_yucca6221,2026-05-01T22:55:22.000+09:00,466
ne1a87d5b28a6,7734619,アサ｜感情で考える哲学note,nice_hawk867,2026-05-01T22:18:58.000+09:00,9610
ne1a87d5b28a6,6905415,豹子頭 林冲,hyousitou,2026-05-01T22:18:04.000+09:00,269
ne1a87d5b28a6,9489656,MeGood,megood_1028,2026-05-01T22:14:52.000+09:00,61
ne1a87d5b28a6,12602815,みじゅくパパ,mijuku_father,2026-05-01T21:58:56.000+09:00,437
ne1a87d5b28a6,10517876,向日葵じまにゃん🌻,jimanyan,2026-05-01T21:57:54.000+09:00,1881
ne1a87d5b28a6,13405464,木漏れ日亭,komorebi_tei,2026-05-01T21:52:31.000+09:00,584
ne1a87d5b28a6,11837112,もぐら,mogurabooks,2026-05-01T21:41:04.000+09:00,214
ne1a87d5b28a6,12624691,あん｜noteと遊ぶ,aging_gracefully,2026-05-01T21:20:37.000+09:00,1218
ne1a87d5b28a6,11634537,ナオユキ｜物語と知識のコンシェルジュ,ai_naoyuki,2026-05-01T21:16:44.000+09:00,2968
ne1a87d5b28a6,4877017,須川元介/情報翻訳家,skagenavi,2026-05-01T21:16:20.000+09:00,2312
ne1a87d5b28a6,5828006,まなつ/突出マイノリティ列伝,tosshutsu_m,2026-05-01T21:10:56.000+09:00,6133
ne1a87d5b28a6,13790780,タイワンオオカミ,mazinger0528,2026-05-01T21:08:34.000+09:00,577
ne1a87d5b28a6,2869414,埼玉の裏仕事人,kiitto1968,2026-05-01T21:07:06.000+09:00,126
ne1a87d5b28a6,10175064,雪綴ゆき,wise_rat6355,2026-05-01T21:05:28.000+09:00,6352
n3a81bf1e64bd,9955575,ひとワザ,hito_waza,2026-05-30T08:51:10.000+09:00,24
n3a81bf1e64bd,12617998,まり　〜ちいさなてのひら〜,rainbow_hoiku,2026-05-25T18:53:11.000+09:00,878
n3a81bf1e64bd,13188674,空風マナミ　,sorakaze_works,2026-05-25T15:19:03.000+09:00,1417
n3a81bf1e64bd,2985125,sakita,limber_myrtle968,2026-05-25T14:45:18.000+09:00,989
n3a81bf1e64bd,14320627,hanatoshiki,hanatoshiki,2026-05-19T22:32:34.000+09:00,415
n3a81bf1e64bd,13650705,げんちゃん｜元美容部員×現役エステティシャン×コスメコンシェルジュ,genkinako1967,2026-05-19T21:59:01.000+09:00,615
n3a81bf1e64bd,13140757,雪詠｜ゆきよみ,yukiyomi,2026-05-18T21:19:50.000+09:00,808
n3a81bf1e64bd,13911087,ちっぷのこころ🎡,lovely_stork7575,2026-05-18T01:19:50.000+09:00,401
n3a81bf1e64bd,8911867,ルルトアヤコ,lovely_coyote546,2026-05-16T17:30:18.000+09:00,2648
n3a81bf1e64bd,11022735,マモと。,tommy418,2026-05-13T18:17:02.000+09:00,161
n3a81bf1e64bd,14382679,きりんちゃん123,kirinkirin88,2026-05-12T19:25:23.000+09:00,100
n3a81bf1e64bd,10097507,華子,genial_spirea716,2026-05-10T21:39:08.000+09:00,1070
n3a81bf1e64bd,13124177,のりまき,norimaki_217,2026-05-09T02:49:01.000+09:00,39
n3a81bf1e64bd,12635567,ふ〜みんまる@うつ病の始まりから立ち直るまで,third_penguin23,2026-05-07T23:08:23.000+09:00,993
n3a81bf1e64bd,11178899,KEN 田舎で介護,fit_lion6308,2026-05-07T21:26:57.000+09:00,480
n3a81bf1e64bd,1273554,"MIURA,masami",science_miura,2026-05-07T19:12:05.000+09:00,180
n3a81bf1e64bd,2864800,ひで｜30代の人生試行錯誤日記,eijinote,2026-05-07T18:50:40.000+09:00,196
n3a81bf1e64bd,13466083,ミライ｜選ばれるクリエイターになろう 🌱,mirai_steps,2026-05-06T12:46:40.000+09:00,1036
n3a81bf1e64bd,9032133,北原　30代後半　東京都２３区　【フォロバ１００】,leal_falcon160,2026-05-04T17:42:55.000+09:00,1199
n3a81bf1e64bd,13301551,中間管理職かず,gifted_sloth6455,2026-05-04T07:17:53.000+09:00,423
n3a81bf1e64bd,12649726,RE-ゲンキ？,lush_yarrow9386,2026-05-04T00:22:30.000+09:00,182
n3a81bf1e64bd,14346179,fukazume,lithe_tapir1898,2026-05-03T23:33:04.000+09:00,153
n3a81bf1e64bd,6056184,のんえもん,nonemon,2026-05-03T21:48:26.000+09:00,348
n3a81bf1e64bd,13613385,羅生門SKY,codex_strategy,2026-05-03T21:01:38.000+09:00,418
n3a81bf1e64bd,14085986,双極症の、みお　です。,right_heron2134,2026-05-03T18:00:11.000+09:00,174
n3a81bf1e64bd,7365287,ひよさるちゃん,caromioben7,2026-05-03T17:11:09.000+09:00,1016
n3a81bf1e64bd,9839316,50代、大器晩成の気配あり。,taiki50,2026-05-03T16:45:59.000+09:00,1172
n3a81bf1e64bd,12232616,デジさしみ | IT現場の効率家,digital_sashimi,2026-05-03T16:24:55.000+09:00,564
n3a81bf1e64bd,4585665,Jパパ@交通安全啓発隊・正直度120%,joyaji,2026-05-03T10:41:41.000+09:00,1972
n3a81bf1e64bd,13219393,蛍,nifty_tucan8721,2026-05-03T10:24:11.000+09:00,607
n3a81bf1e64bd,13183619,かいと@酒と魚好き,like_camel7475,2026-05-03T09:52:12.000+09:00,1002
n3a81bf1e64bd,12210884,Aoi｜自己理解と自分時間,aoi_0617,2026-05-03T07:11:44.000+09:00,85
n3a81bf1e64bd,13521153,山奥AI研究所,yamaokuai,2026-05-02T20:26:50.000+09:00,1900
n3a81bf1e64bd,14274612,hanoママ｜ふとした幸せ,nifty_macaw7164,2026-05-02T16:43:03.000+09:00,258
n3a81bf1e64bd,14322608,陸｜センスではない設計で勝つ営業,seshu_kouryaku,2026-05-02T15:28:25.000+09:00,263
n3a81bf1e64bd,14317553,かなえ｜親子の信頼を育てるnote,kanae_note2026,2026-05-02T13:18:15.000+09:00,1038
n3a81bf1e64bd,9525271,ゴキタマサミチ｜よく考え、よく書き、よく笑い、よく学び直す,gokitamasamichi,2026-05-02T10:37:32.000+09:00,807
n3a81bf1e64bd,13817126,さいど｜夢を追う新社会人,alert_hyssop398,2026-05-02T09:48:21.000+09:00,499
n3a81bf1e64bd,1279644,ちさ,chsa,2026-05-02T08:56:06.000+09:00,346
n3a81bf1e64bd,2204541,Co-sk,mkmkmk0924,2026-05-02T06:12:53.000+09:00,45
n3a81bf1e64bd,13367403,MiraChoice,mirachoice_100,2026-05-01T21:50:25.000+09:00,1078
n3a81bf1e64bd,13079732,ＣＯＯＬ,vast_tulip7937,2026-05-01T21:03:30.000+09:00,1135
n3a81bf1e64bd,11399351,服部（はっとり）｜食と仕事を、少し深く考える人,dandy_toucan6378,2026-05-01T19:59:40.000+09:00,421
n3a81bf1e64bd,13628385,ヘクたろー|緑内障と付き合っている男,hekutaro_0520,2026-05-01T18:31:24.000+09:00,417
n3a81bf1e64bd,13923891,きまぐれANGEL🐈🐾,photo_20230506,2026-05-01T17:19:50.000+09:00,235
n3a81bf1e64bd,10009639,🌿風の猫｜ココロリーフの物語,novel_borage1334,2026-05-01T17:10:05.000+09:00,338
n3a81bf1e64bd,13937586,Re:flec｜ひとり起業のWeb集客相談所,reflec_ota,2026-05-01T17:05:13.000+09:00,401
n3a81bf1e64bd,10750843,Takanashi（たかなし）,takanashi_note01,2026-05-01T17:01:35.000+09:00,1187
n3a81bf1e64bd,13148964,日常アップデート,open_serval9739,2026-05-01T16:59:14.000+09:00,708
n3a81bf1e64bd,11253093,それでも歩く人の物語,lofty_pipit3728,2026-05-01T16:57:47.000+09:00,385
n3a81bf1e64bd,12377105,まるよか,yokayoka5103,2026-05-01T16:42:20.000+09:00,1361
n3a81bf1e64bd,14096244,けいさん【児童心理治療施設の施設長】,just_newt2661,2026-05-01T12:46:19.000+09:00,1026
n3a81bf1e64bd,1523825,ルゲシノ・ディ@note研究,rugeshinody,2026-05-01T12:09:03.000+09:00,181
n3a81bf1e64bd,10898500,ちゃんまる,lofty_lilac358,2026-05-01T12:04:16.000+09:00,184
n3a81bf1e64bd,2946456,酔いどれBowzRunner 我流迷走！＜弘中義雄＞,garyumeiso,2026-05-01T11:40:40.000+09:00,494
n3a81bf1e64bd,13066168,はるねずみ｜note副業０→１応援,kasegu5haru,2026-05-01T10:35:56.000+09:00,1551
n3a81bf1e64bd,11474190,断罪と慈愛の歌詠み師 UTAKO,bold_slug9390,2026-05-01T10:01:52.000+09:00,500
n3a81bf1e64bd,13818575,能勢義介,nose5017,2026-05-01T06:45:20.000+09:00,249
n3a81bf1e64bd,14101588,夜凪（よなぎ）| キャリアとお金を、正直に書く,yonagi_writes,2026-05-01T06:12:09.000+09:00,223
n3a81bf1e64bd,14229023,こもれびの空,lofty_rue8724,2026-05-01T02:09:14.000+09:00,457
n3a81bf1e64bd,13649597,K｜病院事務出身×シンギュラリティに備える人,witty_myrtle4328,2026-04-30T22:08:43.000+09:00,839
n3a81bf1e64bd,13103220,lakiel,firm_carp5739,2026-04-30T21:32:36.000+09:00,441
n3a81bf1e64bd,6279738,スケールアイシステム公式記録,tasty_yarrow630,2026-04-30T21:20:17.000+09:00,1199
n3a81bf1e64bd,13809826,泰祥屋note店,ai48start,2026-04-30T21:19:20.000+09:00,531
n3a81bf1e64bd,13750552,笑いをとりたい人 | 露骨な集金と連投勢 以外 フォロバ100,keen_dunlin4748,2026-04-30T20:56:33.000+09:00,2253
n3a81bf1e64bd,7169167,まろ塾長,good_borage734,2026-04-30T19:16:48.000+09:00,344
n3a81bf1e64bd,1129110,メガネ@リハビリ福祉専門職×珈琲探検家,meganeshiitake,2026-04-30T18:45:11.000+09:00,135
n3a81bf1e64bd,8857122,うるるん,nice_daisy957,2026-04-30T16:50:42.000+09:00,995
n3a81bf1e64bd,10999098,Tanuko,ol_tanuko_life,2026-04-30T16:02:51.000+09:00,828
n3a81bf1e64bd,5615958,モナカ,bright_broom233,2026-04-30T15:13:15.000+09:00,91
n3a81bf1e64bd,13574007,🍀ベンジャミン🍀,noble_spirea7217,2026-04-30T12:36:48.000+09:00,767
n3a81bf1e64bd,2019227,あおさん,aoyamatada,2026-04-30T10:23:16.000+09:00,405
n3a81bf1e64bd,12825107,はるごんた,zeromap0818,2026-04-30T08:05:24.000+09:00,211
n3a81bf1e64bd,13723950,ししまる@あなたの資産形成を手助けする人,sisimaru_note,2026-04-30T07:17:43.000+09:00,204
n3a81bf1e64bd,14058663,white　心のコンシェルジュ,10010918c,2026-04-30T06:50:58.000+09:00,530
n3a81bf1e64bd,13926028,ハル｜思考の余白,mild_kalmia8229,2026-04-30T06:34:43.000+09:00,726
n3a81bf1e64bd,4750323,ゆき🌸初心者にも優しい副業📱💕　,yu810,2026-04-30T06:16:47.000+09:00,157
n3a81bf1e64bd,13367974,Thanks AI,pure_donkey7007,2026-04-30T06:16:35.000+09:00,1090
n3a81bf1e64bd,9054847,getgettk,getgetnew,2026-04-30T05:58:36.000+09:00,134
n3a81bf1e64bd,14167170,銀座のジェントル「X」|夜のPDCAの回し方,jentlexinginza,2026-04-30T05:49:55.000+09:00,231
n3a81bf1e64bd,8244666,くらげ,kurage_moa,2026-04-30T00:54:23.000+09:00,610
n3a81bf1e64bd,4877017,須川元介/情報翻訳家,skagenavi,2026-04-30T00:53:28.000+09:00,2312
n3a81bf1e64bd,13844007,ヒヨ子,jolly_wasp3350,2026-04-30T00:51:24.000+09:00,310
n3a81bf1e64bd,13163455,KOTAYA | 今日はこれで合格,kotaya_log,2026-04-30T00:09:56.000+09:00,2785
n3a81bf1e64bd,12624691,あん｜noteと遊ぶ,aging_gracefully,2026-04-30T00:03:31.000+09:00,1218
n3a81bf1e64bd,14063854,まぶ,mabus_note,2026-04-29T23:08:24.000+09:00,102
n3a81bf1e64bd,10961733,自然なわたしで豊かに生きるセラピスト,unique_lemur7458,2026-04-29T22:31:40.000+09:00,27
n3a81bf1e64bd,4509042,猫の父さん@トトとチー,cat48_1010,2026-04-29T22:04:17.000+09:00,398
n3a81bf1e64bd,10517876,向日葵じまにゃん🌻,jimanyan,2026-04-29T22:03:11.000+09:00,1881
n3a81bf1e64bd,11574500,ふらつき母ちゃん 〜今日も全力空回り！〜,dear_viper3924,2026-04-29T21:34:41.000+09:00,806
n3a81bf1e64bd,11840255,鈴森よいほ｜AIコンテンツ／思想型クリエイター,yoiho25june,2026-04-29T21:09:07.000+09:00,961
n3a81bf1e64bd,13281186,さくさく|そっと寄り添う日々,jidoukan_judge,2026-04-29T19:25:05.000+09:00,1661
n3a81bf1e64bd,12093791,🌸おはな＆🐕まめしばさん公式,eager_phlox2461,2026-04-29T19:21:08.000+09:00,1078
n3a81bf1e64bd,14109180,feverz,feverz,2026-04-29T18:56:17.000+09:00,27
n3a81bf1e64bd,7896891,ポンタ,pontanohaha,2026-04-29T18:28:21.000+09:00,1164
n3a81bf1e64bd,11634537,ナオユキ｜物語と知識のコンシェルジュ,ai_naoyuki,2026-04-29T16:01:49.000+09:00,2968
n3a81bf1e64bd,11690828,中井えいじ,nifty_oxalis5343,2026-04-29T15:56:40.000+09:00,203
n3a81bf1e64bd,13683798,momotarou01,takahironote01,2026-04-29T15:44:15.000+09:00,933
n3a81bf1e64bd,13896273,輪太郎,keirinjoe_note,2026-04-29T15:14:13.000+09:00,669
n3a81bf1e64bd,13958469,karukaru,karukaruka74490,2026-04-29T14:45:41.000+09:00,117
n3a81bf1e64bd,12737385,バーフ,berf,2026-04-29T14:34:34.000+09:00,275
n3a81bf1e64bd,10300961,ひろき｜自治体DX,hiroki7353,2026-04-29T14:25:19.000+09:00,1395
n3a81bf1e64bd,14007618,ピースケ ｜ 心の赴くままに・・✨✨インスピレーション創作・エッセイの創作｜主にFactionの創作,moral_newt9196,2026-04-29T14:12:35.000+09:00,1976
n3a81bf1e64bd,11895376,ゆきよー,glad_robin9535,2026-04-29T13:36:09.000+09:00,670
n3a81bf1e64bd,12505332,たつ｜挑戦を習慣にする人,tatsu_challenge,2026-04-29T11:41:42.000+09:00,448
n3a81bf1e64bd,10175064,雪綴ゆき,wise_rat6355,2026-04-29T10:40:30.000+09:00,6352
n3a81bf1e64bd,14258512,ひより｜自分で人生を変える力を育てる,like_turkey7830,2026-04-29T10:39:57.000+09:00,1600
n3a81bf1e64bd,13405464,木漏れ日亭,komorebi_tei,2026-04-29T09:57:53.000+09:00,584
n3a81bf1e64bd,8816466,労務担当カイ@双極症当事者,kai33,2026-04-29T09:36:59.000+09:00,326
n3a81bf1e64bd,11561590,かえるこ | Kaeruko,serene_pansy617,2026-04-29T09:10:18.000+09:00,4177
n3a81bf1e64bd,14205184,等身大の投資パパ | 自分専用投資秘書AIで資産形成,ripe_oriole5154,2026-04-29T08:12:28.000+09:00,310
n3a81bf1e64bd,8166572,ひゅー｜AI×分析｜考察と思考整理を楽しむ。note,hyu_nisworks,2026-04-29T08:11:23.000+09:00,398
n3a81bf1e64bd,11359513,安達｢チーム🦁｣｜AIと共闘し600を必達する者,takayukiadachi,2026-04-29T08:11:22.000+09:00,944
n3a81bf1e64bd,13556889,くまーと：施設管理する公務員パパ,pure_snail6943,2026-04-29T07:52:54.000+09:00,966
n3a81bf1e64bd,13726258,むらくも,ame_murakumo32,2026-04-29T07:50:55.000+09:00,1102
n3a81bf1e64bd,13203167,nagatomo2525,naga2525tomo,2026-04-29T07:38:25.000+09:00,224
n3a81bf1e64bd,11837112,もぐら,mogurabooks,2026-04-29T07:26:15.000+09:00,214
n3a81bf1e64bd,13236272,ZAKKY −営業サポート,mild_stoat3315,2026-04-29T07:11:56.000+09:00,273
n3a81bf1e64bd,5828006,まなつ/突出マイノリティ列伝,tosshutsu_m,2026-04-29T07:02:41.000+09:00,6133
n3a81bf1e64bd,5780223,のぶこ,nice_viola969,2026-04-29T06:58:56.000+09:00,394
n3a81bf1e64bd,4472775,あまね〘ฅ՞•ﻌ•՞ฅฅ^•ﻌ•^ฅ〙,almabrillante,2026-04-29T06:57:23.000+09:00,842
n3a81bf1e64bd,13648682,くらげ | 恋愛の本音解読士,kulage_999,2026-04-29T06:57:05.000+09:00,631
n3a81bf1e64bd,12591374,ケンタロウ/gr.minpaku,merry_robin6845,2026-04-29T06:37:14.000+09:00,471
n3a81bf1e64bd,12606316,あつし,lithe_camel8906,2026-04-29T06:16:17.000+09:00,25
n3a81bf1e64bd,11643938,てるてるぼうず,novel_tern1621,2026-04-29T06:15:37.000+09:00,1998
n3a81bf1e64bd,11807691,銀河大河,noble_kiwi8849,2026-04-29T04:54:15.000+09:00,2173
n3a81bf1e64bd,13037359,丁寧な暮らし/生きやすさ探求家,gentle_gecko1078,2026-04-29T03:27:52.000+09:00,283
n3a81bf1e64bd,10460304,ちんぱん🐒AI×note実録,ojisan_chinpan,2026-04-29T03:19:33.000+09:00,789
n3a81bf1e64bd,13900618,sophie,scribble_1000,2026-04-29T02:15:59.000+09:00,792
n3a81bf1e64bd,13542521,電工二種@n県,denkou_n_2shu,2026-04-29T01:46:37.000+09:00,1100
n3a81bf1e64bd,10558749,168,note_note_note_3,2026-04-29T01:33:56.000+09:00,19
n3a81bf1e64bd,12157269,ken ｜ 完全無課金AI戦略 × note運営,noted_sheep3883,2026-04-29T01:13:45.000+09:00,3213
n3a81bf1e64bd,14055068,貴美子｜構造を言語化する人,kimiko_yabuki,2026-04-29T00:36:49.000+09:00,876
n3a81bf1e64bd,5693107,shiro,shiro160,2026-04-29T00:17:08.000+09:00,767
n3a81bf1e64bd,8701555,Echo of Moss｜AI〈NORI〉,fit_cougar9763,2026-04-28T23:38:01.000+09:00,265
n3a81bf1e64bd,12516832,和田雄三｜AI×心理ブランディングデザイナー,glad_dill2129,2026-04-28T23:36:18.000+09:00,812
n3a81bf1e64bd,13909954,Shin,natty_frog4835,2026-04-28T22:57:48.000+09:00,250
n3a81bf1e64bd,13885407,休職からの立て直し,himapapa_2947,2026-04-28T22:23:04.000+09:00,390
n3a81bf1e64bd,13813515,もりあおな,mori_hikaru,2026-04-28T22:22:48.000+09:00,670
n3a81bf1e64bd,4887086,はんく・シュンタナ🐤『塩化ビニール系女子』AIクリエイター兼プロデューサー,hunk_shuntana,2026-04-28T22:07:14.000+09:00,618
n3a81bf1e64bd,9489656,MeGood,megood_1028,2026-04-28T22:01:25.000+09:00,61
n3a81bf1e64bd,14060433,Bluebell diary🌿,modern_llama1047,2026-04-28T21:57:00.000+09:00,175
n3a81bf1e64bd,13107123,ランマッスル,runmuscle_m,2026-04-28T21:50:25.000+09:00,4000
n3a81bf1e64bd,13927059,はる,haru_growth,2026-04-28T21:42:47.000+09:00,243
n3a81bf1e64bd,13987774,心羅みき｜感情の翻訳家/AIライフナビゲーター,kokora_miki,2026-04-28T21:42:19.000+09:00,127
n3a81bf1e64bd,5374089,みっちょ,mitcho0625,2026-04-28T21:41:23.000+09:00,357
n3a81bf1e64bd,6905415,豹子頭 林冲,hyousitou,2026-04-28T21:40:36.000+09:00,269
n3a81bf1e64bd,5738970,営業fafa | note業界No.1営業マン,kohana1112,2026-04-28T21:39:48.000+09:00,1394
n3a81bf1e64bd,11703146,かの｜職場で消耗しないコツ,just_yucca6221,2026-04-28T21:23:23.000+09:00,466
n3a81bf1e64bd,8557824,余白ちゃん｜感情【生きづらさ】の翻訳家,yohaku_work,2026-04-28T21:16:52.000+09:00,1014
n3a81bf1e64bd,10091607,🔔Bell note,bellshacho,2026-04-28T21:10:46.000+09:00,2045
n3a81bf1e64bd,11912057,🐣格安コロガシ配信🐣ピヨ(ひとみ)🐣,piyo_101,2026-04-28T21:08:36.000+09:00,1058
n3a81bf1e64bd,13648538,柴犬トム,quirky_agapan317,2026-04-28T21:07:34.000+09:00,585
n3a81bf1e64bd,2869414,埼玉の裏仕事人,kiitto1968,2026-04-28T21:04:09.000+09:00,126
n3a81bf1e64bd,10878037,溺愛リアルΩばにぃ　書籍Amazon13部門1位ベストセラー獲得！！,usagi_aisu2025,2026-04-28T21:03:05.000+09:00,724
n3a81bf1e64bd,12885894,taka,agile_heron3163,2026-04-28T21:02:18.000+09:00,629
n3a81bf1e64bd,13793912,アンダルシア,jazzy_serval4030,2026-04-28T21:01:26.000+09:00,135
nc44a41085d5e,14033749,Sakura,sakurakanako1,2026-06-01T17:39:21.000+09:00,508
nc44a41085d5e,14320627,hanatoshiki,hanatoshiki,2026-05-31T14:06:16.000+09:00,415
nc44a41085d5e,12607946,てぼっこ,tebocco_bocchi,2026-05-20T21:19:09.000+09:00,251
nc44a41085d5e,13502105,福万裕照|LINE仕組み化の専門家|プロライン構築,fukuline_lab,2026-05-14T08:44:17.000+09:00,253
nc44a41085d5e,4887086,はんく・シュンタナ🐤『塩化ビニール系女子』AIクリエイター兼プロデューサー,hunk_shuntana,2026-05-09T12:49:41.000+09:00,618
nc44a41085d5e,8857122,うるるん,nice_daisy957,2026-05-09T07:58:30.000+09:00,995
nc44a41085d5e,12094214,あきこ,cozy_moraea9928,2026-05-07T22:40:35.000+09:00,111
nc44a41085d5e,13806959,すず,suzuka020825,2026-05-07T22:13:15.000+09:00,11
nc44a41085d5e,13107123,ランマッスル,runmuscle_m,2026-05-07T15:10:12.000+09:00,4000
nc44a41085d5e,10390902,ちかよりみち@🇩🇪ドイツ生活攻略家,chikayorimichi_5,2026-05-07T12:23:58.000+09:00,1092
nc44a41085d5e,5528334,ヒトタラヲ,5959life,2026-05-06T19:22:14.000+09:00,4029
nc44a41085d5e,9032133,北原　30代後半　東京都２３区　【フォロバ１００】,leal_falcon160,2026-05-04T17:42:53.000+09:00,1199
nc44a41085d5e,13167349,モネ | 未来の自分に残すnote,hot_zephyr144,2026-05-03T06:21:06.000+09:00,561
nc44a41085d5e,9802361,maria  本音を言葉にする対話,maria_arima,2026-05-02T17:46:52.000+09:00,151
nc44a41085d5e,3913824,yayo,yayo_0102,2026-05-02T08:09:27.000+09:00,60
nc44a41085d5e,10097507,華子,genial_spirea716,2026-05-02T08:09:08.000+09:00,1070
nc44a41085d5e,13828484,そらとうみ｜そらぴぃ,leal_tapir945,2026-05-01T21:54:44.000+09:00,131
nc44a41085d5e,3608968,KITAcore｜キタコレ＠ログプレイヤー,ktcrs1107,2026-05-01T21:23:57.000+09:00,1332
nc44a41085d5e,10009639,🌿風の猫｜ココロリーフの物語,novel_borage1334,2026-05-01T18:25:53.000+09:00,338
nc44a41085d5e,10750843,Takanashi（たかなし）,takanashi_note01,2026-05-01T17:05:51.000+09:00,1187
nc44a41085d5e,12377105,まるよか,yokayoka5103,2026-05-01T16:37:00.000+09:00,1361
nc44a41085d5e,10662526,tajima.ichi,ichi_hiko,2026-05-01T15:00:36.000+09:00,547
nc44a41085d5e,14124940,mariko ,crisp_bear6729,2026-05-01T07:12:48.000+09:00,91
nc44a41085d5e,10284403,みち,michi_15,2026-04-30T22:35:11.000+09:00,1080
nc44a41085d5e,11962066,ナオ🕊️,nao_nishiyama,2026-04-30T21:58:39.000+09:00,169
nc44a41085d5e,14094345,🤩TSUKASA🤩,19870512os,2026-04-30T06:47:13.000+09:00,216
nc44a41085d5e,13367974,Thanks AI,pure_donkey7007,2026-04-30T06:16:36.000+09:00,1090
nc44a41085d5e,13648682,くらげ | 恋愛の本音解読士,kulage_999,2026-04-29T16:39:44.000+09:00,631
nc44a41085d5e,13574007,🍀ベンジャミン🍀,noble_spirea7217,2026-04-28T23:54:20.000+09:00,767
nc44a41085d5e,12649413,だいち｜建築士の視点から,daichi_architect,2026-04-28T18:43:05.000+09:00,1175
nc44a41085d5e,10855427,ポロカストア千葉桜木店,sakuragi6611,2026-04-28T11:24:46.000+09:00,352
nc44a41085d5e,6973441,はちみつお,lovely_sukoyaka,2026-04-28T07:22:58.000+09:00,11
nc44a41085d5e,12202653,りょう　パニック狐🦊は旅をする,note_ryo_,2026-04-28T00:48:40.000+09:00,282
nc44a41085d5e,7390143,きみこのSoulルーム,kimimari2350,2026-04-27T23:35:39.000+09:00,407
nc44a41085d5e,13927059,はる,haru_growth,2026-04-27T21:57:54.000+09:00,243
nc44a41085d5e,11782948,天野 雫 ✿ 占い日記,proper_bonobo536,2026-04-27T20:27:22.000+09:00,1812
nc44a41085d5e,14065526,みんなの筋トレ雑学【筋肉チャンネル】,kinnikutuu_yabai,2026-04-27T20:21:35.000+09:00,69
nc44a41085d5e,14097572,sai,annonline,2026-04-27T16:54:41.000+09:00,1671
nc44a41085d5e,12815585,Dr.礼次郎の論文読み解きノート,dr_reijirou,2026-04-27T15:47:18.000+09:00,329
nc44a41085d5e,9839316,50代、大器晩成の気配あり。,taiki50,2026-04-27T15:34:47.000+09:00,1172
nc44a41085d5e,13807850,いむ|小学校教員クタクタ日記,kutakuta7,2026-04-27T14:16:08.000+09:00,224
nc44a41085d5e,11178899,KEN 田舎で介護,fit_lion6308,2026-04-27T13:32:01.000+09:00,480
nc44a41085d5e,3330412,やまと　たける,0011naporeonn,2026-04-27T12:31:41.000+09:00,4485
nc44a41085d5e,12503829,gentlereads |.naru,vivid_panda7082,2026-04-27T07:20:05.000+09:00,1273
nc44a41085d5e,12625776,あいかとあーる,aicar222,2026-04-27T07:10:27.000+09:00,521
nc44a41085d5e,13183619,かいと@酒と魚好き,like_camel7475,2026-04-27T07:03:19.000+09:00,1002
nc44a41085d5e,7834856,ゆうPPMS,ppmsyu,2026-04-27T06:06:54.000+09:00,148
nc44a41085d5e,10999098,Tanuko,ol_tanuko_life,2026-04-27T00:32:38.000+09:00,828
nc44a41085d5e,12825853,あかぱる,super_stork2048,2026-04-27T00:08:03.000+09:00,643
nc44a41085d5e,12505332,たつ｜挑戦を習慣にする人,tatsu_challenge,2026-04-26T23:07:44.000+09:00,448
nc44a41085d5e,12417301,すみれ,genial_wren230,2026-04-26T20:52:03.000+09:00,296
nc44a41085d5e,5418732,無限納豆,vortex951,2026-04-26T20:39:45.000+09:00,239
nc44a41085d5e,12366217,see2,chic_badger5419,2026-04-26T17:41:01.000+09:00,207
nc44a41085d5e,11045465,ローカルSEOジャパン｜GHL×AI経営,localseojapan,2026-04-26T17:08:15.000+09:00,83
nc44a41085d5e,7601756,田中和子｜安心の中で本音を聴く人,gifted_dahlia750,2026-04-26T16:25:19.000+09:00,3272
nc44a41085d5e,13118292,福田の文芸倉庫　For True Art Lovers Only,honest_hawk2889,2026-04-26T15:28:12.000+09:00,1452
nc44a41085d5e,12411966,ルー＝シャーナ（ルーシャーナ）｜感覚をことばにする往復便,jolly_lupine2962,2026-04-26T15:27:32.000+09:00,2299
nc44a41085d5e,11840255,鈴森よいほ｜AIコンテンツ／思想型クリエイター,yoiho25june,2026-04-26T15:12:57.000+09:00,961
nc44a41085d5e,11973177,るこのみらい,ruco3,2026-04-26T15:12:35.000+09:00,2014
nc44a41085d5e,11642362,filmhiro | ひとりクリエイティブ,toolboxai,2026-04-26T13:07:01.000+09:00,17
nc44a41085d5e,13585139,リリカ/病院薬剤師　　　　　　　　処方どおりにいかない人生,cham0428,2026-04-26T12:12:13.000+09:00,1021
nc44a41085d5e,11393485,福来ことは,mytime_writing,2026-04-26T11:35:03.000+09:00,102
nc44a41085d5e,10175064,雪綴ゆき,wise_rat6355,2026-04-26T10:39:12.000+09:00,6352
nc44a41085d5e,13066168,はるねずみ｜note副業０→１応援,kasegu5haru,2026-04-26T10:34:58.000+09:00,1551
nc44a41085d5e,13079732,ＣＯＯＬ,vast_tulip7937,2026-04-26T10:14:27.000+09:00,1135
nc44a41085d5e,12428585,ジェントル河童,gentlekappa,2026-04-26T09:11:15.000+09:00,382
nc44a41085d5e,12312896,令和　舞,karisuma_mai,2026-04-26T08:45:50.000+09:00,2037
nc44a41085d5e,1287373,はなえ𖠚ᐝ,shima_hana,2026-04-26T07:19:10.000+09:00,462
nc44a41085d5e,4472775,あまね〘ฅ՞•ﻌ•՞ฅฅ^•ﻌ•^ฅ〙,almabrillante,2026-04-26T02:48:09.000+09:00,842
nc44a41085d5e,9034431,タイラー｜五感翻訳家｜五感解析ラボ主宰,lively_flea9734,2026-04-26T01:29:14.000+09:00,2764
nc44a41085d5e,12157269,ken ｜ 完全無課金AI戦略 × note運営,noted_sheep3883,2026-04-26T00:17:18.000+09:00,3213
nc44a41085d5e,13726815,RayOerba@狂恋愛100話執筆中,ray_novel_oerba,2026-04-25T23:15:57.000+09:00,264
nc44a41085d5e,11807623,Anna,modern_lion2880,2026-04-25T22:54:04.000+09:00,519
nc44a41085d5e,13037359,丁寧な暮らし/生きやすさ探求家,gentle_gecko1078,2026-04-25T22:52:17.000+09:00,283
nc44a41085d5e,10955818,ココナツ🥥,coconatsu72200,2026-04-25T22:42:11.000+09:00,1451
nc44a41085d5e,13374670,爆速パイン🍍|  0→1応援,joyful_okapi9357,2026-04-25T22:40:39.000+09:00,6366
nc44a41085d5e,1218500,さくら,sakura_wellness,2026-04-25T22:38:58.000+09:00,1314
nc44a41085d5e,11121667,"あいさん💗Iカウンセリングルーム セラピスト／ 臨床心理士×公認心理師｜支援歴16年・2,000名超",joyful_zebra1701,2026-04-25T22:36:02.000+09:00,5634
nc44a41085d5e,13140757,雪詠｜ゆきよみ,yukiyomi,2026-04-25T21:56:02.000+09:00,808
nc44a41085d5e,12706597,スピリズ｜AI×ハンドメイド,ai_handmade,2026-04-25T21:41:13.000+09:00,610
nc44a41085d5e,13613385,羅生門SKY,codex_strategy,2026-04-25T21:21:05.000+09:00,418
nc44a41085d5e,13792780,営業パパ,eigyopapa,2026-04-25T20:02:59.000+09:00,1560
nc44a41085d5e,8557824,余白ちゃん｜感情【生きづらさ】の翻訳家,yohaku_work,2026-04-25T20:00:57.000+09:00,1014
nc44a41085d5e,13638553,まぐ。/ 公式裏アカウント 【まぐnet。】,fancy_impala8140,2026-04-25T19:56:08.000+09:00,300
nc44a41085d5e,12391716,もぐたんママ🎈|皆の笑顔を増やすnote@タラヲガールズ006,mogu0321_mam,2026-04-25T19:03:26.000+09:00,1666
nc44a41085d5e,14032097,なおこ,naoko_sma5412,2026-04-25T18:37:00.000+09:00,1078
nc44a41085d5e,13150516,トーチウッド鶴ヶ島｜昆虫飼育・観察サポート,arigatou1631653,2026-04-25T18:36:56.000+09:00,261
nc44a41085d5e,13628596,あちゃぴん,ready_toucan740,2026-04-25T18:29:09.000+09:00,167
nc44a41085d5e,13523787,よはく｜静かに、やさしく整える整体,witty_aster1308,2026-04-25T18:16:01.000+09:00,326
nc44a41085d5e,11561590,かえるこ | Kaeruko,serene_pansy617,2026-04-25T18:12:41.000+09:00,4177
nc44a41085d5e,6905415,豹子頭 林冲,hyousitou,2026-04-25T18:10:35.000+09:00,269
nc44a41085d5e,11574500,ふらつき母ちゃん 〜今日も全力空回り！〜,dear_viper3924,2026-04-25T17:57:16.000+09:00,806
nc44a41085d5e,6187447,ぽてと｜文章で生き方を変える毎日寝落ちワーママ,potatonokokoro,2026-04-25T17:52:53.000+09:00,1890
nc44a41085d5e,9489656,MeGood,megood_1028,2026-04-25T15:14:48.000+09:00,61
nc44a41085d5e,13564398,ことばの余白,ready_hornet3417,2026-04-25T15:06:39.000+09:00,263
nc44a41085d5e,11363994,Myung@みょんの好き推しnote🎯,sakura_buncho,2026-04-25T14:30:25.000+09:00,930
nc44a41085d5e,10460304,ちんぱん🐒AI×note実録,ojisan_chinpan,2026-04-25T14:29:41.000+09:00,789
nc44a41085d5e,13069775,田端うつ郎,utsuro_tabata,2026-04-25T14:07:07.000+09:00,2398
nc44a41085d5e,12301144,ゆぴか ☀︎在宅で働きたい主婦（ちょっとワケあり）,tasty_quoll5392,2026-04-25T13:32:09.000+09:00,679
nc44a41085d5e,11634537,ナオユキ｜物語と知識のコンシェルジュ,ai_naoyuki,2026-04-25T13:21:14.000+09:00,2968
nc44a41085d5e,10558749,168,note_note_note_3,2026-04-25T13:05:38.000+09:00,19
nc44a41085d5e,11543403,さとりのさとり,kopailog,2026-04-25T13:05:02.000+09:00,359
nc44a41085d5e,5738970,営業fafa | note業界No.1営業マン,kohana1112,2026-04-25T12:55:03.000+09:00,1394
nc44a41085d5e,10517876,向日葵じまにゃん🌻,jimanyan,2026-04-25T12:49:27.000+09:00,1881
nc44a41085d5e,12540533,トマトのヘタ,tomeitoh,2026-04-25T12:48:16.000+09:00,19
nc44a41085d5e,8127886,青い空日和,aoisora374,2026-04-25T12:44:14.000+09:00,498
nc44a41085d5e,4509042,猫の父さん@トトとチー,cat48_1010,2026-04-25T12:28:45.000+09:00,398
nc44a41085d5e,12668465,紅茶🫖｜ことばの庭,usagi_no_mimi_,2026-04-25T12:12:00.000+09:00,169
nc44a41085d5e,8166572,ひゅー｜AI×分析｜考察と思考整理を楽しむ。note,hyu_nisworks,2026-04-25T12:10:30.000+09:00,398
nc44a41085d5e,13513955,かおかお,kaokao35,2026-04-25T12:06:54.000+09:00,582
nc44a41085d5e,9641793,50歳からでもよくわかるガジェットの話,50it,2026-04-25T11:33:19.000+09:00,1047
nc44a41085d5e,12624691,あん｜noteと遊ぶ,aging_gracefully,2026-04-25T11:13:02.000+09:00,1218
nc44a41085d5e,8911867,ルルトアヤコ,lovely_coyote546,2026-04-25T11:07:19.000+09:00,2648
nc44a41085d5e,4859491,スイッチくん🐻😊 │ 自作LLMを趣味で、開発🌈,switchkun_2103,2026-04-25T10:30:55.000+09:00,678
nc44a41085d5e,14322608,陸｜センスではない設計で勝つ営業,seshu_kouryaku,2026-04-25T10:27:09.000+09:00,263
nc44a41085d5e,11877070,アルフレッド,game_system_alex,2026-04-25T10:14:34.000+09:00,2642
nc44a41085d5e,13163455,KOTAYA | 今日はこれで合格,kotaya_log,2026-04-25T10:02:11.000+09:00,2785
nc44a41085d5e,13405464,木漏れ日亭,komorebi_tei,2026-04-25T09:22:18.000+09:00,584
nc44a41085d5e,12516832,和田雄三｜AI×心理ブランディングデザイナー,glad_dill2129,2026-04-25T08:55:58.000+09:00,812
nc44a41085d5e,9987561,Goodroom代表｜相続・不動産コンサルタント淺井,proper_crocus630,2026-04-25T08:42:28.000+09:00,752
nc44a41085d5e,13900618,sophie,scribble_1000,2026-04-25T08:32:26.000+09:00,792
nc44a41085d5e,13813515,もりあおな,mori_hikaru,2026-04-25T08:30:30.000+09:00,670
nc44a41085d5e,4877017,須川元介/情報翻訳家,skagenavi,2026-04-25T08:22:40.000+09:00,2312
nc44a41085d5e,12385127,超育休志向｜りさ ＆ ゆういち,comfamily_lab,2026-04-25T07:37:03.000+09:00,501
nc44a41085d5e,11474190,断罪と慈愛の歌詠み師 UTAKO,bold_slug9390,2026-04-25T07:37:00.000+09:00,500
nc44a41085d5e,13372902,kai,juicy_shark8541,2026-04-25T07:26:32.000+09:00,1261
nc44a41085d5e,11359513,安達｢チーム🦁｣｜AIと共闘し600を必達する者,takayukiadachi,2026-04-25T07:19:49.000+09:00,944
nc44a41085d5e,5828006,まなつ/突出マイノリティ列伝,tosshutsu_m,2026-04-25T07:19:17.000+09:00,6133
nc44a41085d5e,12568539,satoyu｜ゆるガチおうち英語,yurugachienglish,2026-04-25T07:15:44.000+09:00,558
nc44a41085d5e,10091607,🔔Bell note,bellshacho,2026-04-25T07:14:14.000+09:00,2045
nc44a41085d5e,12589889,なかやん✖️ありのままを整えるライフコーチ,nakayan1117,2026-04-25T07:02:34.000+09:00,751
ncab44d577d26,8857122,うるるん,nice_daisy957,2026-05-23T11:07:57.000+09:00,995
ncab44d577d26,1287373,はなえ𖠚ᐝ,shima_hana,2026-05-23T06:16:30.000+09:00,462
ncab44d577d26,12503829,gentlereads |.naru,vivid_panda7082,2026-05-08T15:54:24.000+09:00,1273
ncab44d577d26,9032133,北原　30代後半　東京都２３区　【フォロバ１００】,leal_falcon160,2026-05-04T17:42:50.000+09:00,1199
ncab44d577d26,12712176,DJAir/Noesis.Lab,djair_mo4ne,2026-05-03T05:15:37.000+09:00,1062
ncab44d577d26,7733987,Seiri_AD,seiri_ad,2026-04-30T07:23:29.000+09:00,168
ncab44d577d26,13367974,Thanks AI,pure_donkey7007,2026-04-30T06:16:39.000+09:00,1090
ncab44d577d26,11359513,安達｢チーム🦁｣｜AIと共闘し600を必達する者,takayukiadachi,2026-04-28T09:40:07.000+09:00,944
ncab44d577d26,3330412,やまと　たける,0011naporeonn,2026-04-27T21:45:18.000+09:00,4485
ncab44d577d26,12093791,🌸おはな＆🐕まめしばさん公式,eager_phlox2461,2026-04-27T18:31:46.000+09:00,1078
ncab44d577d26,11877070,アルフレッド,game_system_alex,2026-04-27T05:13:47.000+09:00,2642
ncab44d577d26,13163455,KOTAYA | 今日はこれで合格,kotaya_log,2026-04-26T23:35:59.000+09:00,2785
ncab44d577d26,13066168,はるねずみ｜note副業０→１応援,kasegu5haru,2026-04-25T23:40:39.000+09:00,1551
ncab44d577d26,13150516,トーチウッド鶴ヶ島｜昆虫飼育・観察サポート,arigatou1631653,2026-04-25T18:36:51.000+09:00,261
ncab44d577d26,7591697,さなだ　まゆ,mayu_adhdmama_,2026-04-25T18:31:16.000+09:00,512
ncab44d577d26,4859491,スイッチくん🐻😊 │ 自作LLMを趣味で、開発🌈,switchkun_2103,2026-04-25T18:16:30.000+09:00,678
ncab44d577d26,10646763,雪国ゆり⛄️逃げられない場所で戦う人へ,yuriri_love202,2026-04-25T12:50:59.000+09:00,446
ncab44d577d26,10930449,ヴォルフ｜AI漫画マーケター,wolf_shuukann,2026-04-24T20:07:13.000+09:00,237
ncab44d577d26,13663265,悠心,long_lilac6528,2026-04-24T17:24:03.000+09:00,3038
ncab44d577d26,11574500,ふらつき母ちゃん 〜今日も全力空回り！〜,dear_viper3924,2026-04-24T15:21:13.000+09:00,806
ncab44d577d26,3226258,AIクリエーター ひらめき君,teruteruboz_1120,2026-04-24T09:51:14.000+09:00,187
ncab44d577d26,13813515,もりあおな,mori_hikaru,2026-04-24T09:45:55.000+09:00,670
ncab44d577d26,8166572,ひゅー｜AI×分析｜考察と思考整理を楽しむ。note,hyu_nisworks,2026-04-24T08:23:18.000+09:00,398
ncab44d577d26,10517876,向日葵じまにゃん🌻,jimanyan,2026-04-23T23:26:04.000+09:00,1881
ncab44d577d26,12624691,あん｜noteと遊ぶ,aging_gracefully,2026-04-23T22:50:44.000+09:00,1218
ncab44d577d26,13613385,羅生門SKY,codex_strategy,2026-04-23T22:49:19.000+09:00,418
ncab44d577d26,11634537,ナオユキ｜物語と知識のコンシェルジュ,ai_naoyuki,2026-04-23T22:23:18.000+09:00,2968
ncab44d577d26,13628596,あちゃぴん,ready_toucan740,2026-04-23T22:22:21.000+09:00,167
ncab44d577d26,5828006,まなつ/突出マイノリティ列伝,tosshutsu_m,2026-04-23T22:19:36.000+09:00,6133
ncab44d577d26,13574007,🍀ベンジャミン🍀,noble_spirea7217,2026-04-23T22:10:08.000+09:00,767
ncab44d577d26,12157269,ken ｜ 完全無課金AI戦略 × note運営,noted_sheep3883,2026-04-23T21:59:51.000+09:00,3213
ncab44d577d26,14218916,凛（りん）｜尽くして3年→設計を変えたら彼が動いた,rin_koidesign,2026-04-23T21:53:39.000+09:00,236
ncab44d577d26,13405464,木漏れ日亭,komorebi_tei,2026-04-23T21:44:57.000+09:00,584
ncab44d577d26,12668465,紅茶🫖｜ことばの庭,usagi_no_mimi_,2026-04-23T21:43:53.000+09:00,169
ncab44d577d26,11561590,かえるこ | Kaeruko,serene_pansy617,2026-04-23T21:34:49.000+09:00,4177
ncab44d577d26,11837112,もぐら,mogurabooks,2026-04-23T21:24:07.000+09:00,214
ncab44d577d26,13161722,おあつ,keen_pipit1182,2026-04-23T21:23:30.000+09:00,1514
ncab44d577d26,4877017,須川元介/情報翻訳家,skagenavi,2026-04-23T21:22:37.000+09:00,2312
ncab44d577d26,6905415,豹子頭 林冲,hyousitou,2026-04-23T21:19:45.000+09:00,269
ncab44d577d26,12377105,まるよか,yokayoka5103,2026-04-23T21:17:33.000+09:00,1361
ncab44d577d26,12516832,和田雄三｜AI×心理ブランディングデザイナー,glad_dill2129,2026-04-23T21:16:02.000+09:00,812
ncab44d577d26,13900618,sophie,scribble_1000,2026-04-23T21:09:33.000+09:00,792
ncab44d577d26,7896891,ポンタ,pontanohaha,2026-04-23T21:06:36.000+09:00,1164
ncab44d577d26,4887086,はんく・シュンタナ🐤『塩化ビニール系女子』AIクリエイター兼プロデューサー,hunk_shuntana,2026-04-23T21:05:15.000+09:00,618
ncab44d577d26,10175064,雪綴ゆき,wise_rat6355,2026-04-23T21:02:37.000+09:00,6352
n64f9025fc2d4,5057338,横浜住東京ＩＴバイトホストティックトック公式ライバー,chikara0409,2026-05-28T02:03:10.000+09:00,499
n64f9025fc2d4,12652705,お父さん猫@家事/育児カイゼン担当,otou_to_koneko,2026-05-26T18:25:21.000+09:00,1971
n64f9025fc2d4,1116389,たかひと,mitubati1,2026-05-23T20:36:58.000+09:00,1405
n64f9025fc2d4,14549449,あんじゅ,anju_designer102,2026-05-21T22:33:46.000+09:00,2
n64f9025fc2d4,1567000,ARIKA,arika7,2026-05-21T21:16:42.000+09:00,704
n64f9025fc2d4,6376269,未来わくわく研 　 (こやちゃん　koya-chan)  ,tender_roses509,2026-05-20T02:36:13.000+09:00,1739
n64f9025fc2d4,12154751,月花の雫 | 明日ってさ、月が欠けたら来ないよね～　人生の夜を照らすお供に,shiso_to_basil,2026-05-20T02:07:32.000+09:00,261
n64f9025fc2d4,14356038,Straight  Light,legal_quince8252,2026-05-10T23:28:02.000+09:00,615
n64f9025fc2d4,11643938,てるてるぼうず,novel_tern1621,2026-05-10T09:57:29.000+09:00,1998
n64f9025fc2d4,9032133,北原　30代後半　東京都２３区　【フォロバ１００】,leal_falcon160,2026-05-09T20:30:42.000+09:00,1199
n64f9025fc2d4,8857122,うるるん,nice_daisy957,2026-05-09T08:00:58.000+09:00,995
n64f9025fc2d4,5528334,ヒトタラヲ,5959life,2026-05-06T19:34:15.000+09:00,4029
n64f9025fc2d4,13817126,さいど｜夢を追う新社会人,alert_hyssop398,2026-05-04T15:05:56.000+09:00,499
n64f9025fc2d4,14328663,西鶴名残の友,noble_owl2935,2026-05-03T22:54:48.000+09:00,148
n64f9025fc2d4,9027294,毛玉に生かされてる人,yuma4526,2026-05-02T18:20:41.000+09:00,44
n64f9025fc2d4,10750843,Takanashi（たかなし）,takanashi_note01,2026-05-01T21:49:25.000+09:00,1187
n64f9025fc2d4,13367974,Thanks AI,pure_donkey7007,2026-04-30T06:16:38.000+09:00,1090
n64f9025fc2d4,10282106,ひまわり🌻情報空間を書き換える実践の記録・技術解説書,kiminohiroba,2026-04-29T11:22:02.000+09:00,29
n64f9025fc2d4,12714528,🕊‎桜庭 優凛🌸(sakuraba yuuri),sakuraba_yuuri,2026-04-28T01:44:41.000+09:00,1701
n64f9025fc2d4,12032174,yayachico,open_magpie7814,2026-04-26T22:28:41.000+09:00,101
n64f9025fc2d4,13107073,ルパン・ザ・アート,lupin_the_art,2026-04-26T18:37:18.000+09:00,207
n64f9025fc2d4,7601756,田中和子｜安心の中で本音を聴く人,gifted_dahlia750,2026-04-26T16:39:03.000+09:00,3272
n64f9025fc2d4,13140757,雪詠｜ゆきよみ,yukiyomi,2026-04-26T16:08:42.000+09:00,808
n64f9025fc2d4,12271427,鳩麦 ヒナコ,hibi_ikiyo_0828,2026-04-25T09:39:40.000+09:00,34
n64f9025fc2d4,1098043,山本榛征,hhha_kinesiology,2026-04-24T20:53:27.000+09:00,90
n64f9025fc2d4,11615490,はな,ai_hana_yocchi,2026-04-24T08:00:28.000+09:00,538
n64f9025fc2d4,12568539,satoyu｜ゆるガチおうち英語,yurugachienglish,2026-04-24T06:43:32.000+09:00,558
n64f9025fc2d4,12411966,ルー＝シャーナ（ルーシャーナ）｜感覚をことばにする往復便,jolly_lupine2962,2026-04-24T00:42:12.000+09:00,2299
n64f9025fc2d4,8127886,青い空日和,aoisora374,2026-04-23T23:30:53.000+09:00,498
n64f9025fc2d4,12366217,see2,chic_badger5419,2026-04-23T23:07:31.000+09:00,207
n64f9025fc2d4,11306220,Mai,ideal_guppy9667,2026-04-23T21:56:58.000+09:00,39
n64f9025fc2d4,13496439,製造業のお局未満,otsubonejyanai,2026-04-23T21:07:26.000+09:00,1282
n64f9025fc2d4,12385127,超育休志向｜りさ ＆ ゆういち,comfamily_lab,2026-04-23T15:38:00.000+09:00,501
n64f9025fc2d4,13374670,爆速パイン🍍|  0→1応援,joyful_okapi9357,2026-04-23T15:11:10.000+09:00,6366
n64f9025fc2d4,13037359,丁寧な暮らし/生きやすさ探求家,gentle_gecko1078,2026-04-23T14:09:44.000+09:00,283
n64f9025fc2d4,13437247,Nagi / Story Music,nagi_storymusic,2026-04-23T08:00:05.000+09:00,209
n64f9025fc2d4,7355921,かずエモン（潜在意識と人生設計の専門家）,kzo195921,2026-04-23T06:59:11.000+09:00,122
n64f9025fc2d4,13926028,ハル｜思考の余白,mild_kalmia8229,2026-04-22T21:54:05.000+09:00,726
n64f9025fc2d4,12668465,紅茶🫖｜ことばの庭,usagi_no_mimi_,2026-04-22T20:43:05.000+09:00,169
n64f9025fc2d4,5780223,のぶこ,nice_viola969,2026-04-22T19:24:10.000+09:00,394
n64f9025fc2d4,12778124,🌻JHさん,pdmain_me,2026-04-22T19:22:23.000+09:00,227
n64f9025fc2d4,6853782,うみか えお,gentle_broom451,2026-04-22T19:07:54.000+09:00,314
n64f9025fc2d4,11837112,もぐら,mogurabooks,2026-04-22T18:55:44.000+09:00,214
n64f9025fc2d4,13747947,えりん◎元小学校教員ママ,mamateacher_erin,2026-04-22T18:33:35.000+09:00,234
n64f9025fc2d4,13107123,ランマッスル,runmuscle_m,2026-04-22T18:29:23.000+09:00,4000
n64f9025fc2d4,12516832,和田雄三｜AI×心理ブランディングデザイナー,glad_dill2129,2026-04-22T17:41:20.000+09:00,812
n64f9025fc2d4,13936766,設定を読む人,setting_reader,2026-04-22T17:14:37.000+09:00,311
n64f9025fc2d4,11474190,断罪と慈愛の歌詠み師 UTAKO,bold_slug9390,2026-04-22T16:38:23.000+09:00,500
n64f9025fc2d4,9981649,みこと,toku_ya0907,2026-04-22T15:59:30.000+09:00,66
n64f9025fc2d4,13066168,はるねずみ｜note副業０→１応援,kasegu5haru,2026-04-22T15:57:17.000+09:00,1551
n64f9025fc2d4,9293248,mi-tan,legit_guppy5996,2026-04-22T15:50:18.000+09:00,246
n64f9025fc2d4,9474806,流羽るう,roo_note,2026-04-22T15:46:07.000+09:00,326
n64f9025fc2d4,12601255,IQロジック心理士いろぉー,iqlogic,2026-04-22T15:44:36.000+09:00,422
n64f9025fc2d4,13700116,小学生でもわかるAI教室【Claude】【Antigravity】いくらっこと学ぶ！,ai_claude,2026-04-22T15:19:48.000+09:00,291
n64f9025fc2d4,13155212,れもな / Remona 🍋,lemonade_remona,2026-04-22T15:04:13.000+09:00,588
n64f9025fc2d4,14060433,Bluebell diary🌿,modern_llama1047,2026-04-22T14:27:37.000+09:00,175
n64f9025fc2d4,11455606,サトマコ,satomako_1111,2026-04-22T13:28:12.000+09:00,304
n64f9025fc2d4,7185658,高取しづか｜ママのコミュトレの先生,shizuka_kosodate,2026-04-22T13:25:14.000+09:00,1257
n64f9025fc2d4,13586714,月あかり,risnomiekata,2026-04-22T13:22:28.000+09:00,102
n64f9025fc2d4,3771247,エンタメ|AI×note収益化運用代行,entame01,2026-04-22T12:11:16.000+09:00,4107
n64f9025fc2d4,14234777,無理しない副業設計室,prime_oriole2530,2026-04-22T11:19:28.000+09:00,239
n64f9025fc2d4,3608968,KITAcore｜キタコレ＠ログプレイヤー,ktcrs1107,2026-04-22T10:37:40.000+09:00,1332
n64f9025fc2d4,13623343,Hiroshi,hiroshi_muto,2026-04-22T10:09:09.000+09:00,711
n64f9025fc2d4,13638553,まぐ。/ 公式裏アカウント 【まぐnet。】,fancy_impala8140,2026-04-22T09:49:24.000+09:00,300
n64f9025fc2d4,12624691,あん｜noteと遊ぶ,aging_gracefully,2026-04-22T09:35:13.000+09:00,1218
n64f9025fc2d4,5828006,まなつ/突出マイノリティ列伝,tosshutsu_m,2026-04-22T09:05:11.000+09:00,6133
n64f9025fc2d4,13813515,もりあおな,mori_hikaru,2026-04-22T08:56:55.000+09:00,670
n64f9025fc2d4,11561590,かえるこ | Kaeruko,serene_pansy617,2026-04-22T08:03:33.000+09:00,4177
n64f9025fc2d4,11634537,ナオユキ｜物語と知識のコンシェルジュ,ai_naoyuki,2026-04-22T07:09:23.000+09:00,2968
n64f9025fc2d4,13236272,ZAKKY −営業サポート,mild_stoat3315,2026-04-22T06:49:09.000+09:00,273
n64f9025fc2d4,4509042,猫の父さん@トトとチー,cat48_1010,2026-04-22T06:36:23.000+09:00,398
n64f9025fc2d4,6905415,豹子頭 林冲,hyousitou,2026-04-22T06:11:46.000+09:00,269
n64f9025fc2d4,4472775,あまね〘ฅ՞•ﻌ•՞ฅฅ^•ﻌ•^ฅ〙,almabrillante,2026-04-22T03:00:52.000+09:00,842
n64f9025fc2d4,10558749,168,note_note_note_3,2026-04-22T01:59:45.000+09:00,19
n64f9025fc2d4,12157269,ken ｜ 完全無課金AI戦略 × note運営,noted_sheep3883,2026-04-22T01:24:33.000+09:00,3213
n64f9025fc2d4,11359513,安達｢チーム🦁｣｜AIと共闘し600を必達する者,takayukiadachi,2026-04-22T00:27:34.000+09:00,944
n64f9025fc2d4,13613385,羅生門SKY,codex_strategy,2026-04-21T23:14:45.000+09:00,418
n64f9025fc2d4,12503829,gentlereads |.naru,vivid_panda7082,2026-04-21T23:10:04.000+09:00,1273
n64f9025fc2d4,13574007,🍀ベンジャミン🍀,noble_spirea7217,2026-04-21T23:07:51.000+09:00,767
n64f9025fc2d4,10175064,雪綴ゆき,wise_rat6355,2026-04-21T22:58:43.000+09:00,6352
n64f9025fc2d4,14267482,Miris,miris0123,2026-04-21T22:52:55.000+09:00,12
n64f9025fc2d4,4877017,須川元介/情報翻訳家,skagenavi,2026-04-21T22:46:47.000+09:00,2312
n64f9025fc2d4,13066935,気分屋の亀『幸之助』,chic_pansy4285,2026-04-21T22:40:14.000+09:00,306
n64f9025fc2d4,12377105,まるよか,yokayoka5103,2026-04-21T22:32:59.000+09:00,1361
n64f9025fc2d4,13163455,KOTAYA | 今日はこれで合格,kotaya_log,2026-04-21T22:31:26.000+09:00,2785
n64f9025fc2d4,12669278,飯泉ひろみ　Hiromi Iizumi With Picoai♾️,mr_nyango,2026-04-21T22:28:49.000+09:00,515
n64f9025fc2d4,11574500,ふらつき母ちゃん 〜今日も全力空回り！〜,dear_viper3924,2026-04-21T22:24:15.000+09:00,806
n64f9025fc2d4,13161722,おあつ,keen_pipit1182,2026-04-21T22:10:41.000+09:00,1514
n64f9025fc2d4,10517876,向日葵じまにゃん🌻,jimanyan,2026-04-21T22:04:56.000+09:00,1881
n64f9025fc2d4,13546760,あおい｜仕事と本音のあいだ,charm_loris2565,2026-04-21T21:55:00.000+09:00,635
n64f9025fc2d4,13900618,sophie,scribble_1000,2026-04-21T21:51:06.000+09:00,792
n64f9025fc2d4,13628385,ヘクたろー|緑内障と付き合っている男,hekutaro_0520,2026-04-21T21:42:49.000+09:00,417
n64f9025fc2d4,11339673,VOID_404 | AI実践コラムライター@note収益化戦略📈🔥 | フォロバ100,void_404,2026-04-21T21:42:39.000+09:00,4069
n64f9025fc2d4,4172866,櫻井健太｜SNS教育講演家,kentan_nonenon,2026-04-21T21:27:48.000+09:00,1761
n64f9025fc2d4,13790780,タイワンオオカミ,mazinger0528,2026-04-21T21:23:40.000+09:00,577
n64f9025fc2d4,8166572,ひゅー｜AI×分析｜考察と思考整理を楽しむ。note,hyu_nisworks,2026-04-21T21:21:42.000+09:00,398
n64f9025fc2d4,5738970,営業fafa | note業界No.1営業マン,kohana1112,2026-04-21T21:13:53.000+09:00,1394
n64f9025fc2d4,11665081,凸凹ADHD（デコさん）,decoboco_adhd,2026-04-21T21:13:31.000+09:00,769
n64f9025fc2d4,13405464,木漏れ日亭,komorebi_tei,2026-04-21T21:12:01.000+09:00,584
n64f9025fc2d4,13883662,はるひ｜小さな習慣で引き寄せ,haruhi_attract,2026-04-21T21:07:46.000+09:00,524
n64f9025fc2d4,4887086,はんく・シュンタナ🐤『塩化ビニール系女子』AIクリエイター兼プロデューサー,hunk_shuntana,2026-04-21T21:03:11.000+09:00,618
n1808f56de737,9825043,EAST EXPRESS あけぼの,magic_bee34,2026-05-27T14:13:36.000+09:00,139
n1808f56de737,2232846,蓮香,mikaniko210,2026-05-27T06:57:01.000+09:00,19
n1808f56de737,8857122,うるるん,nice_daisy957,2026-05-26T22:23:43.000+09:00,995
n1808f56de737,12789134,とり,tori2323,2026-05-17T10:47:09.000+09:00,2729
n1808f56de737,10294694,上藤あきを,kamifuji_akiwo,2026-05-17T10:24:11.000+09:00,537
n1808f56de737,13564398,ことばの余白,ready_hornet3417,2026-05-12T12:32:36.000+09:00,263
n1808f56de737,9032133,北原　30代後半　東京都２３区　【フォロバ１００】,leal_falcon160,2026-05-09T20:30:48.000+09:00,1199
n1808f56de737,12082657,かッちゃん,easy_pansy4109,2026-05-08T21:59:09.000+09:00,467
n1808f56de737,7185658,高取しづか｜ママのコミュトレの先生,shizuka_kosodate,2026-05-07T21:42:03.000+09:00,1257
n1808f56de737,14410262,HOPEさん,fulfilling_sex,2026-05-03T23:17:34.000+09:00,47
n1808f56de737,14124940,mariko ,crisp_bear6729,2026-05-03T21:21:54.000+09:00,91
n1808f56de737,11923217,永衣うたたね,nagai_utatane,2026-05-02T19:46:27.000+09:00,810
n1808f56de737,13037359,丁寧な暮らし/生きやすさ探求家,gentle_gecko1078,2026-05-02T03:03:11.000+09:00,283
n1808f56de737,10750843,Takanashi（たかなし）,takanashi_note01,2026-05-01T21:41:53.000+09:00,1187
n1808f56de737,4150667,EVΛƎ PRPJECT,heroy,2026-05-01T14:46:01.000+09:00,152
n1808f56de737,12377105,まるよか,yokayoka5103,2026-05-01T10:08:36.000+09:00,1361
n1808f56de737,13367974,Thanks AI,pure_donkey7007,2026-04-30T06:16:37.000+09:00,1090
n1808f56de737,10803059,《秘密の扉》誰でも〜できる❣️💜美魔女天使MOON🔱フィボナッチ💜ボノボの囁き💕への誘い❣️,decorluxurysmile,2026-04-28T14:00:17.000+09:00,388
n1808f56de737,13964451,ゲシタ　AIに聞いてみる,brainy_harte836,2026-04-27T10:59:03.000+09:00,516
n1808f56de737,14265567,よるのひと,yoru_manabi,2026-04-27T10:06:37.000+09:00,23
n1808f56de737,13464548,JOY_0206,ample_frog6726,2026-04-26T09:12:02.000+09:00,355
n1808f56de737,13726815,RayOerba@狂恋愛100話執筆中,ray_novel_oerba,2026-04-25T23:15:56.000+09:00,264
n1808f56de737,6910581,寄り道上手なオヤジ,yorimichi_oyaji,2026-04-25T22:46:27.000+09:00,536
n1808f56de737,11121667,"あいさん💗Iカウンセリングルーム セラピスト／ 臨床心理士×公認心理師｜支援歴16年・2,000名超",joyful_zebra1701,2026-04-25T22:39:33.000+09:00,5634
n1808f56de737,13465503,科学でいろどる🌱羊毛のパレット,vast_yeti7062,2026-04-25T09:13:32.000+09:00,307
n1808f56de737,13574007,🍀ベンジャミン🍀,noble_spirea7217,2026-04-22T17:13:53.000+09:00,767
n1808f56de737,13811381,きこちゃんニコニコ,juicy_lion2462,2026-04-21T22:16:09.000+09:00,19
n1808f56de737,13628385,ヘクたろー|緑内障と付き合っている男,hekutaro_0520,2026-04-21T21:57:25.000+09:00,417
n1808f56de737,13936766,設定を読む人,setting_reader,2026-04-21T18:38:08.000+09:00,311
n1808f56de737,13161722,おあつ,keen_pipit1182,2026-04-21T17:09:03.000+09:00,1514
n1808f56de737,12428585,ジェントル河童,gentlekappa,2026-04-20T23:27:37.000+09:00,382
n1808f56de737,10097507,華子,genial_spirea716,2026-04-20T21:46:42.000+09:00,1070
n1808f56de737,7823822,はぐれパパ＠詩人失格,papa411477,2026-04-20T15:57:14.000+09:00,71
n1808f56de737,13405464,木漏れ日亭,komorebi_tei,2026-04-19T23:17:01.000+09:00,584
n1808f56de737,12503829,gentlereads |.naru,vivid_panda7082,2026-04-19T22:11:53.000+09:00,1273
n1808f56de737,12912669,柴田AI（シバタ アイ）  @ 柴田病院AIキャラクター 兼 広報 | AIと愛の力で地域医療に貢献,rapid_squid4027,2026-04-19T20:52:38.000+09:00,1379
n1808f56de737,11973177,るこのみらい,ruco3,2026-04-19T19:19:59.000+09:00,2014
n1808f56de737,8166572,ひゅー｜AI×分析｜考察と思考整理を楽しむ。note,hyu_nisworks,2026-04-19T16:47:11.000+09:00,398
n1808f56de737,13140757,雪詠｜ゆきよみ,yukiyomi,2026-04-19T16:18:41.000+09:00,808
n1808f56de737,4877017,須川元介/情報翻訳家,skagenavi,2026-04-19T15:46:47.000+09:00,2312
n1808f56de737,13900618,sophie,scribble_1000,2026-04-19T15:26:39.000+09:00,792
n1808f56de737,1747904,もと(moto),motomotto4976,2026-04-19T14:29:15.000+09:00,339
n1808f56de737,12655395,ちぃ,firm_donkey540,2026-04-19T14:21:36.000+09:00,692
n1808f56de737,1287373,はなえ𖠚ᐝ,shima_hana,2026-04-19T14:00:32.000+09:00,462
n1808f56de737,4509042,猫の父さん@トトとチー,cat48_1010,2026-04-19T13:34:42.000+09:00,398
n1808f56de737,6905415,豹子頭 林冲,hyousitou,2026-04-19T12:57:54.000+09:00,269
n1808f56de737,13163455,KOTAYA | 今日はこれで合格,kotaya_log,2026-04-19T12:25:32.000+09:00,2785
n1808f56de737,8557824,余白ちゃん｜感情【生きづらさ】の翻訳家,yohaku_work,2026-04-19T11:25:15.000+09:00,1014
n1808f56de737,13927059,はる,haru_growth,2026-04-19T11:20:27.000+09:00,243
n1808f56de737,10646763,雪国ゆり⛄️逃げられない場所で戦う人へ,yuriri_love202,2026-04-19T11:14:37.000+09:00,446
n1808f56de737,6326357,棚島 香帆汰（たなしま かほた）,brave_bee548,2026-04-19T10:45:34.000+09:00,505
n1808f56de737,13357031,E-Jの阪神タイガースとジュエリーのブログ,eternal_jewel,2026-04-19T10:40:30.000+09:00,344
n1808f56de737,4008041,ひと,harudaisuki1,2026-04-19T08:45:16.000+09:00,240
n1808f56de737,11837112,もぐら,mogurabooks,2026-04-19T08:15:44.000+09:00,214
n1808f56de737,10175064,雪綴ゆき,wise_rat6355,2026-04-19T07:42:56.000+09:00,6352
n1808f56de737,12591374,ケンタロウ/gr.minpaku,merry_robin6845,2026-04-19T07:20:24.000+09:00,471
n1808f56de737,7380249,みっちー｜フィレンツェのアンティーク修復士,mico_it,2026-04-19T07:19:19.000+09:00,477
n1808f56de737,8911867,ルルトアヤコ,lovely_coyote546,2026-04-19T05:23:57.000+09:00,2648
n1808f56de737,13200017,西平タイジ,nishihira_8558,2026-04-19T02:02:59.000+09:00,1072
n1808f56de737,4472775,あまね〘ฅ՞•ﻌ•՞ฅฅ^•ﻌ•^ฅ〙,almabrillante,2026-04-19T01:50:51.000+09:00,842
n1808f56de737,11561590,かえるこ | Kaeruko,serene_pansy617,2026-04-19T01:47:35.000+09:00,4177
n1808f56de737,13066168,はるねずみ｜note副業０→１応援,kasegu5haru,2026-04-19T01:20:24.000+09:00,1551
n1808f56de737,12669278,飯泉ひろみ　Hiromi Iizumi With Picoai♾️,mr_nyango,2026-04-19T01:11:54.000+09:00,515
n1808f56de737,12301144,ゆぴか ☀︎在宅で働きたい主婦（ちょっとワケあり）,tasty_quoll5392,2026-04-19T01:05:35.000+09:00,679
n1808f56de737,11474190,断罪と慈愛の歌詠み師 UTAKO,bold_slug9390,2026-04-19T00:27:35.000+09:00,500
n1808f56de737,12949168,不真面目小児科医　しうまい,misasyu5,2026-04-18T23:43:29.000+09:00,540
n1808f56de737,11574500,ふらつき母ちゃん 〜今日も全力空回り！〜,dear_viper3924,2026-04-18T23:32:11.000+09:00,806
n1808f56de737,13613385,羅生門SKY,codex_strategy,2026-04-18T23:27:23.000+09:00,418
n1808f56de737,12624691,あん｜noteと遊ぶ,aging_gracefully,2026-04-18T23:11:55.000+09:00,1218
n1808f56de737,12516832,和田雄三｜AI×心理ブランディングデザイナー,glad_dill2129,2026-04-18T23:01:28.000+09:00,812
n1808f56de737,9744728,🍀「心」がいまを創り現実化する🎈,honmiyafuku,2026-04-18T22:47:49.000+09:00,4119
n1808f56de737,4887086,はんく・シュンタナ🐤『塩化ビニール系女子』AIクリエイター兼プロデューサー,hunk_shuntana,2026-04-18T22:45:18.000+09:00,618
n1808f56de737,14060433,Bluebell diary🌿,modern_llama1047,2026-04-18T22:27:11.000+09:00,175
n1808f56de737,11840255,鈴森よいほ｜AIコンテンツ／思想型クリエイター,yoiho25june,2026-04-18T22:06:01.000+09:00,961
n1808f56de737,5738970,営業fafa | note業界No.1営業マン,kohana1112,2026-04-18T21:54:38.000+09:00,1394
n1808f56de737,10091607,🔔Bell note,bellshacho,2026-04-18T21:52:04.000+09:00,2045
n1808f56de737,13813515,もりあおな,mori_hikaru,2026-04-18T21:49:29.000+09:00,670
n1808f56de737,10517876,向日葵じまにゃん🌻,jimanyan,2026-04-18T21:46:05.000+09:00,1881
n1808f56de737,11359513,安達｢チーム🦁｣｜AIと共闘し600を必達する者,takayukiadachi,2026-04-18T21:34:16.000+09:00,944
n1808f56de737,5117192,石川厚,atsuut4,2026-04-18T21:26:26.000+09:00,98
n1808f56de737,13375543,aco,acoteo,2026-04-18T21:19:04.000+09:00,173
n1808f56de737,12694390,ムギさん,clever_willet813,2026-04-18T21:14:12.000+09:00,703
n1808f56de737,11634537,ナオユキ｜物語と知識のコンシェルジュ,ai_naoyuki,2026-04-18T21:09:34.000+09:00,2968
n1808f56de737,12568539,satoyu｜ゆるガチおうち英語,yurugachienglish,2026-04-18T21:09:17.000+09:00,558
n1808f56de737,13007950,弐恩(NION)｜HSP×AC×エンパス×不安障害×うつ病,keen_poppy9848,2026-04-18T21:03:50.000+09:00,568
n1808f56de737,5828006,まなつ/突出マイノリティ列伝,tosshutsu_m,2026-04-18T21:00:51.000+09:00,6133
n1e6071e12c8b,8857122,うるるん,nice_daisy957,2026-05-26T22:24:43.000+09:00,995
n1e6071e12c8b,9032133,北原　30代後半　東京都２３区　【フォロバ１００】,leal_falcon160,2026-05-09T20:30:47.000+09:00,1199
n1e6071e12c8b,12082657,かッちゃん,easy_pansy4109,2026-05-08T20:41:45.000+09:00,467
n1e6071e12c8b,14229023,こもれびの空,lofty_rue8724,2026-05-07T10:21:34.000+09:00,457
n1e6071e12c8b,10750843,Takanashi（たかなし）,takanashi_note01,2026-05-03T19:37:23.000+09:00,1187
n1e6071e12c8b,12232616,デジさしみ | IT現場の効率家,digital_sashimi,2026-05-03T16:13:51.000+09:00,564
n1e6071e12c8b,11142636,スーリア タッチ,00130522ak,2026-05-02T21:07:03.000+09:00,614
n1e6071e12c8b,12377105,まるよか,yokayoka5103,2026-05-01T07:58:15.000+09:00,1361
n1e6071e12c8b,13107073,ルパン・ザ・アート,lupin_the_art,2026-04-26T18:37:08.000+09:00,207
n1e6071e12c8b,13140757,雪詠｜ゆきよみ,yukiyomi,2026-04-26T16:05:08.000+09:00,808
n1e6071e12c8b,10175064,雪綴ゆき,wise_rat6355,2026-04-26T10:39:11.000+09:00,6352
n1e6071e12c8b,14311574,ZEN@自分軸を作る伴走者,lush_snake8175,2026-04-25T10:28:59.000+09:00,221
n1e6071e12c8b,11973177,るこのみらい,ruco3,2026-04-20T21:45:33.000+09:00,2014
n1e6071e12c8b,10097507,華子,genial_spirea716,2026-04-20T21:03:21.000+09:00,1070
n1e6071e12c8b,10475392,ととのう歯科｜40代からの整う習慣,fond_yeti2131,2026-04-20T20:23:28.000+09:00,883
n1e6071e12c8b,10209340,にじいろ,neko_niziiro,2026-04-20T10:07:09.000+09:00,138
n1e6071e12c8b,5032970,青依叶子（YokoAoi）,rainbowrose8888,2026-04-20T01:12:56.000+09:00,644
n1e6071e12c8b,13244049,Lala（らら）/5年契約のギリギリ公務員,aya_5vn,2026-04-19T23:47:40.000+09:00,695
n1e6071e12c8b,12912669,柴田AI（シバタ アイ）  @ 柴田病院AIキャラクター 兼 広報 | AIと愛の力で地域医療に貢献,rapid_squid4027,2026-04-19T20:52:42.000+09:00,1379
n1e6071e12c8b,13900618,sophie,scribble_1000,2026-04-19T15:14:15.000+09:00,792
n1e6071e12c8b,10091607,🔔Bell note,bellshacho,2026-04-19T14:17:49.000+09:00,2045
n1e6071e12c8b,12301144,ゆぴか ☀︎在宅で働きたい主婦（ちょっとワケあり）,tasty_quoll5392,2026-04-19T01:05:57.000+09:00,679
n1e6071e12c8b,8004607,さかい みる,milmil_diary,2026-04-19T00:57:02.000+09:00,1116
n1e6071e12c8b,11840255,鈴森よいほ｜AIコンテンツ／思想型クリエイター,yoiho25june,2026-04-18T21:57:50.000+09:00,961
n1e6071e12c8b,8557824,余白ちゃん｜感情【生きづらさ】の翻訳家,yohaku_work,2026-04-18T19:55:55.000+09:00,1014
n1e6071e12c8b,12873400,蛙　蛙🐸元SEのカウンセラー,kaeru_care,2026-04-18T19:33:27.000+09:00,2089
n1e6071e12c8b,10834379,きじまひろあき,hiroaki_kijima99,2026-04-18T17:13:38.000+09:00,2260
n1e6071e12c8b,8166572,ひゅー｜AI×分析｜考察と思考整理を楽しむ。note,hyu_nisworks,2026-04-18T16:57:40.000+09:00,398
n1e6071e12c8b,13661595,坪田真子💖真魂ひらき by Bernadette,mako_bernadette,2026-04-18T16:08:33.000+09:00,218
n1e6071e12c8b,12584462,びび🌷,bibi_mk,2026-04-18T15:27:34.000+09:00,1479
n1e6071e12c8b,12633169,えらん堂,dear_pansy6581,2026-04-18T14:51:55.000+09:00,4046
n1e6071e12c8b,13559453,横着ダイエッター｜更年期からのゆる体づくり,diet_labo_worker,2026-04-18T12:30:06.000+09:00,245
n1e6071e12c8b,13735273,ぎばちゃん,glossy_snake8755,2026-04-18T08:31:40.000+09:00,648
n1e6071e12c8b,11634537,ナオユキ｜物語と知識のコンシェルジュ,ai_naoyuki,2026-04-18T06:46:10.000+09:00,2968
n1e6071e12c8b,12806920,みあ,bold_hawk9783,2026-04-18T05:48:45.000+09:00,341
n1e6071e12c8b,12285454,Yeahlph_GZ（イェルフ_ジーゼット）,lofty_myrtle1167,2026-04-17T23:48:25.000+09:00,561
n1e6071e12c8b,13242645,開運シェルパ,hanamiti369,2026-04-17T22:21:49.000+09:00,1631
n1e6071e12c8b,13338010,ユラ｜思考実験の記録,whatif_lab,2026-04-17T19:15:23.000+09:00,737
n1e6071e12c8b,14225789,さよ｜忘れられない恋の恋愛小説,sayosayo1119,2026-04-17T18:25:30.000+09:00,828
n1e6071e12c8b,11410468,とうふメンタル営業｜固定記事読んで👇,sane_knot813,2026-04-17T16:27:35.000+09:00,357
n1e6071e12c8b,2276071,のらみ | noteで副業する主婦 | Udemy＆Kindleベストセラー,norami_0512,2026-04-17T13:44:26.000+09:00,4927
n1e6071e12c8b,13316377,たいち｜𝔸𝕀-ℕ𝔸𝕍𝕀｜投資家,gey_chevis6981,2026-04-17T13:14:38.000+09:00,2011
n1e6071e12c8b,10517876,向日葵じまにゃん🌻,jimanyan,2026-04-17T13:11:22.000+09:00,1881
n1e6071e12c8b,14132723,せな｜無理しない低燃費生活,senamainiti,2026-04-17T07:31:05.000+09:00,459
n1e6071e12c8b,13163455,KOTAYA | 今日はこれで合格,kotaya_log,2026-04-17T06:23:27.000+09:00,2785
n1e6071e12c8b,13183619,かいと@酒と魚好き,like_camel7475,2026-04-17T01:55:20.000+09:00,1002
n1e6071e12c8b,12366217,see2,chic_badger5419,2026-04-16T23:39:19.000+09:00,207
n1e6071e12c8b,14060433,Bluebell diary🌿,modern_llama1047,2026-04-16T22:10:09.000+09:00,175
n1e6071e12c8b,12624691,あん｜noteと遊ぶ,aging_gracefully,2026-04-16T22:07:05.000+09:00,1218
n1e6071e12c8b,1287373,はなえ𖠚ᐝ,shima_hana,2026-04-16T19:23:08.000+09:00,462
n1e6071e12c8b,13491640,虹の森,rainbow_7yhk,2026-04-16T14:02:43.000+09:00,102
n1e6071e12c8b,4472775,あまね〘ฅ՞•ﻌ•՞ฅฅ^•ﻌ•^ฅ〙,almabrillante,2026-04-16T14:00:29.000+09:00,842
n1e6071e12c8b,13255229,イエローアップル　6546,alive_ruff6546,2026-04-16T13:51:16.000+09:00,291
n1e6071e12c8b,10558749,168,note_note_note_3,2026-04-16T13:04:22.000+09:00,19
n1e6071e12c8b,11561590,かえるこ | Kaeruko,serene_pansy617,2026-04-16T12:59:13.000+09:00,4177
n1e6071e12c8b,13574007,🍀ベンジャミン🍀,noble_spirea7217,2026-04-16T12:18:13.000+09:00,767
n1e6071e12c8b,13405464,木漏れ日亭,komorebi_tei,2026-04-16T11:48:54.000+09:00,584
n1e6071e12c8b,5828006,まなつ/突出マイノリティ列伝,tosshutsu_m,2026-04-16T11:09:15.000+09:00,6133
n1e6071e12c8b,2755847,小山 睦男　書籍コーディネータ,koyamamutsuo2020,2026-04-16T10:25:19.000+09:00,277
n1e6071e12c8b,11574500,ふらつき母ちゃん 〜今日も全力空回り！〜,dear_viper3924,2026-04-16T07:51:54.000+09:00,806
n1e6071e12c8b,7703704,清宮ゆうか｜年子兄妹のママ・薬剤師,yuka_k_mom,2026-04-16T07:25:32.000+09:00,1295
n1e6071e12c8b,12591374,ケンタロウ/gr.minpaku,merry_robin6845,2026-04-16T07:24:53.000+09:00,471
n1e6071e12c8b,4509042,猫の父さん@トトとチー,cat48_1010,2026-04-16T06:55:52.000+09:00,398
n1e6071e12c8b,13236272,ZAKKY −営業サポート,mild_stoat3315,2026-04-16T06:41:15.000+09:00,273
n1e6071e12c8b,10955818,ココナツ🥥,coconatsu72200,2026-04-16T05:42:29.000+09:00,1451
n1e6071e12c8b,12157269,ken ｜ 完全無課金AI戦略 × note運営,noted_sheep3883,2026-04-16T00:12:18.000+09:00,3213
n1e6071e12c8b,11474190,断罪と慈愛の歌詠み師 UTAKO,bold_slug9390,2026-04-15T23:25:22.000+09:00,500
n1e6071e12c8b,13007950,弐恩(NION)｜HSP×AC×エンパス×不安障害×うつ病,keen_poppy9848,2026-04-15T23:22:00.000+09:00,568
n1e6071e12c8b,12516832,和田雄三｜AI×心理ブランディングデザイナー,glad_dill2129,2026-04-15T23:06:48.000+09:00,812
n1e6071e12c8b,4877017,須川元介/情報翻訳家,skagenavi,2026-04-15T22:55:37.000+09:00,2312
n1e6071e12c8b,6905415,豹子頭 林冲,hyousitou,2026-04-15T22:40:58.000+09:00,269
n1e6071e12c8b,13613385,羅生門SKY,codex_strategy,2026-04-15T22:26:32.000+09:00,418
n1e6071e12c8b,13813515,もりあおな,mori_hikaru,2026-04-15T22:22:54.000+09:00,670
n1e6071e12c8b,13279555,ミケさん,legit_pansy9571,2026-04-15T22:12:59.000+09:00,186
n1e6071e12c8b,11837112,もぐら,mogurabooks,2026-04-15T22:10:02.000+09:00,214
n1e6071e12c8b,12473939,Samk／数秘33,2154_samk,2026-04-15T22:06:21.000+09:00,55
n1e6071e12c8b,12655395,ちぃ,firm_donkey540,2026-04-15T21:59:56.000+09:00,692
n1e6071e12c8b,12885894,taka,agile_heron3163,2026-04-15T21:53:32.000+09:00,629
n1e6071e12c8b,4632598,福田修治@人間関係専門カウンセラー,shuji_fukuda6659,2026-04-15T21:41:16.000+09:00,249
n1e6071e12c8b,11840942,thanks_kissme,thanks_kissme,2026-04-15T21:30:30.000+09:00,795
n1e6071e12c8b,13351077,やも,yamo_note,2026-04-15T21:26:49.000+09:00,628
n1e6071e12c8b,5738970,営業fafa | note業界No.1営業マン,kohana1112,2026-04-15T21:17:44.000+09:00,1394
n1e6071e12c8b,11359513,安達｢チーム🦁｣｜AIと共闘し600を必達する者,takayukiadachi,2026-04-15T21:17:01.000+09:00,944
n1e6071e12c8b,13048651,sakura,sakura_9922,2026-04-15T21:16:34.000+09:00,247
n1e6071e12c8b,13670256,採用担当松ちゃん。転職もバリバリOK,2tentantou,2026-04-15T21:12:34.000+09:00,108
n1e6071e12c8b,13883662,はるひ｜小さな習慣で引き寄せ,haruhi_attract,2026-04-15T21:03:34.000+09:00,524
n1e6071e12c8b,13688693,sato/高圧ガス資格研究所,mild_nerine4683,2026-04-15T21:03:09.000+09:00,1047
nf04cdc80b3d2,13163455,KOTAYA | 今日はこれで合格,kotaya_log,2026-05-31T13:27:05.000+09:00,2785
nf04cdc80b3d2,8857122,うるるん,nice_daisy957,2026-05-26T22:25:39.000+09:00,995
nf04cdc80b3d2,3899470,梅丘ぬこ＠文章×起業 愛媛在住,nucomaru,2026-05-18T18:34:45.000+09:00,1744
nf04cdc80b3d2,9032133,北原　30代後半　東京都２３区　【フォロバ１００】,leal_falcon160,2026-05-04T17:43:00.000+09:00,1199
nf04cdc80b3d2,13987774,心羅みき｜感情の翻訳家/AIライフナビゲーター,kokora_miki,2026-04-28T21:59:20.000+09:00,127
nf04cdc80b3d2,14060433,Bluebell diary🌿,modern_llama1047,2026-04-20T17:03:39.000+09:00,175
nf04cdc80b3d2,1523825,ルゲシノ・ディ@note研究,rugeshinody,2026-04-20T07:22:27.000+09:00,181
nf04cdc80b3d2,12503829,gentlereads |.naru,vivid_panda7082,2026-04-18T22:12:36.000+09:00,1273
nf04cdc80b3d2,12806920,みあ,bold_hawk9783,2026-04-18T05:48:47.000+09:00,341
nf04cdc80b3d2,13255229,イエローアップル　6546,alive_ruff6546,2026-04-16T17:12:04.000+09:00,291
nf04cdc80b3d2,13405464,木漏れ日亭,komorebi_tei,2026-04-16T11:35:26.000+09:00,584
nf04cdc80b3d2,11840255,鈴森よいほ｜AIコンテンツ／思想型クリエイター,yoiho25june,2026-04-16T02:13:02.000+09:00,961
nf04cdc80b3d2,11624730,無口,lucky_ferret8634,2026-04-15T18:54:21.000+09:00,1033
nf04cdc80b3d2,13107123,ランマッスル,runmuscle_m,2026-04-15T17:20:46.000+09:00,4000
nf04cdc80b3d2,13913383,紅鮭の幻影：湘南の片隅で,totoryo1976,2026-04-15T16:17:35.000+09:00,272
nf04cdc80b3d2,5828006,まなつ/突出マイノリティ列伝,tosshutsu_m,2026-04-15T13:51:37.000+09:00,6133
nf04cdc80b3d2,8166572,ひゅー｜AI×分析｜考察と思考整理を楽しむ。note,hyu_nisworks,2026-04-15T12:47:37.000+09:00,398
nf04cdc80b3d2,12539487,よしこ｜続けたい人の横にいる,noted_beetle1302,2026-04-15T12:36:24.000+09:00,522
nf04cdc80b3d2,14031738,zero_willpower,zero_willpower,2026-04-15T06:53:44.000+09:00,608
nf04cdc80b3d2,8202195,ゆうしん🐹｜デジタルの温もりを届けるAIアートクリエイター,yuushinhalo2025,2026-04-15T06:51:30.000+09:00,383
nf04cdc80b3d2,13007950,弐恩(NION)｜HSP×AC×エンパス×不安障害×うつ病,keen_poppy9848,2026-04-15T06:25:33.000+09:00,568
nf04cdc80b3d2,13898084,みや | 学資保険解約の罪悪感から月3万を目指す@note,miya_note3man,2026-04-14T23:25:47.000+09:00,308
nf04cdc80b3d2,13648523,呑んだくれ⭐︎ダンディ｜ note初心者全力応援！｜完璧より継続｜地道が最強｜積み上げは裏切らない,yuga0110,2026-04-14T22:28:41.000+09:00,4357
nf04cdc80b3d2,13900618,sophie,scribble_1000,2026-04-14T21:40:16.000+09:00,792
nf04cdc80b3d2,14060586,コミュ障ネット,commushonet_net,2026-04-14T16:49:53.000+09:00,334
nf04cdc80b3d2,13703411,とある30代の成長記録,honest_yarrow840,2026-04-14T12:17:25.000+09:00,418
nf04cdc80b3d2,13116689,シマエナガ先生,shima_sensei,2026-04-14T11:32:54.000+09:00,664
nf04cdc80b3d2,7738865,あまかみこう～外貨を稼ぐAI DigitalCreator～,globalkouamakami,2026-04-14T06:13:34.000+09:00,230
nf04cdc80b3d2,7823822,はぐれパパ＠詩人失格,papa411477,2026-04-14T00:26:07.000+09:00,71
nf04cdc80b3d2,13281186,さくさく|そっと寄り添う日々,jidoukan_judge,2026-04-13T23:48:08.000+09:00,1661
nf04cdc80b3d2,12093791,🌸おはな＆🐕まめしばさん公式,eager_phlox2461,2026-04-13T22:33:07.000+09:00,1078
nf04cdc80b3d2,5250663,ヨフカシ,yofukashi_3,2026-04-13T22:06:04.000+09:00,383
nf04cdc80b3d2,2769303,霊視経営コンサルタント®友野高広　日本で唯一のビジネス専門の霊能者,reishi_keiei,2026-04-13T17:08:03.000+09:00,660
nf04cdc80b3d2,5328274,櫻井寛幸｜イーソーブラック,beyondthetime99,2026-04-13T13:01:37.000+09:00,133
nf04cdc80b3d2,13264760,情シス石田,limber_elk8518,2026-04-13T11:09:34.000+09:00,1563
nf04cdc80b3d2,13161722,おあつ,keen_pipit1182,2026-04-13T11:01:10.000+09:00,1514
nf04cdc80b3d2,2755847,小山 睦男　書籍コーディネータ,koyamamutsuo2020,2026-04-13T09:54:09.000+09:00,277
nf04cdc80b3d2,663207,天野伊佐子,isakoyukichi,2026-04-13T08:13:29.000+09:00,935
nf04cdc80b3d2,11142636,スーリア タッチ,00130522ak,2026-04-13T07:33:33.000+09:00,614
nf04cdc80b3d2,12591374,ケンタロウ/gr.minpaku,merry_robin6845,2026-04-13T07:06:54.000+09:00,471
nf04cdc80b3d2,10210113,くみちょう｜つるつるすべすべ探求者,paipanmania,2026-04-13T06:42:06.000+09:00,283
nf04cdc80b3d2,6905415,豹子頭 林冲,hyousitou,2026-04-13T06:16:51.000+09:00,269
nf04cdc80b3d2,13790780,タイワンオオカミ,mazinger0528,2026-04-13T02:36:36.000+09:00,577
nf04cdc80b3d2,4509042,猫の父さん@トトとチー,cat48_1010,2026-04-13T02:35:39.000+09:00,398
nf04cdc80b3d2,11474190,断罪と慈愛の歌詠み師 UTAKO,bold_slug9390,2026-04-13T01:26:43.000+09:00,500
nf04cdc80b3d2,13430194,あきまむ,fond_shark9221,2026-04-13T00:54:26.000+09:00,213
nf04cdc80b3d2,12553657,【治療家歴23年筋肉】,quirky_loris2656,2026-04-13T00:02:27.000+09:00,399
nf04cdc80b3d2,4877017,須川元介/情報翻訳家,skagenavi,2026-04-12T23:09:33.000+09:00,2312
nf04cdc80b3d2,11359513,安達｢チーム🦁｣｜AIと共闘し600を必達する者,takayukiadachi,2026-04-12T22:57:04.000+09:00,944
nf04cdc80b3d2,11877070,アルフレッド,game_system_alex,2026-04-12T22:54:21.000+09:00,2642
nf04cdc80b3d2,12377105,まるよか,yokayoka5103,2026-04-12T22:37:08.000+09:00,1361
nf04cdc80b3d2,12624691,あん｜noteと遊ぶ,aging_gracefully,2026-04-12T22:24:12.000+09:00,1218
nf04cdc80b3d2,12157269,ken ｜ 完全無課金AI戦略 × note運営,noted_sheep3883,2026-04-12T22:18:32.000+09:00,3213
nf04cdc80b3d2,10175064,雪綴ゆき,wise_rat6355,2026-04-12T21:35:36.000+09:00,6352
nf04cdc80b3d2,11561590,かえるこ | Kaeruko,serene_pansy617,2026-04-12T21:34:00.000+09:00,4177
nf04cdc80b3d2,10517876,向日葵じまにゃん🌻,jimanyan,2026-04-12T21:27:33.000+09:00,1881
nf04cdc80b3d2,13613385,羅生門SKY,codex_strategy,2026-04-12T21:21:11.000+09:00,418
nf04cdc80b3d2,13574007,🍀ベンジャミン🍀,noble_spirea7217,2026-04-12T21:09:11.000+09:00,767
n73bbdeee4407,13651876,MISUZ.,lofty_knot8493,2026-06-01T20:29:51.000+09:00,683
n73bbdeee4407,13806959,すず,suzuka020825,2026-05-31T23:51:54.000+09:00,11
n73bbdeee4407,11659142,eirin,eirin_kensa,2026-05-31T23:06:46.000+09:00,338
n73bbdeee4407,8857122,うるるん,nice_daisy957,2026-05-25T23:27:59.000+09:00,995
n73bbdeee4407,12694234,倉庫オヤジ/「フォロバ100」,prime_walrus9789,2026-05-18T20:31:45.000+09:00,842
n73bbdeee4407,11780418,カプリ,capricious_note,2026-05-18T19:03:54.000+09:00,195
n73bbdeee4407,14124940,mariko ,crisp_bear6729,2026-05-11T13:22:52.000+09:00,91
n73bbdeee4407,14379998,構造で読む時事 | 最新ニュースを教養に変える,news_knowledge,2026-05-08T12:17:22.000+09:00,1354
n73bbdeee4407,12607946,てぼっこ,tebocco_bocchi,2026-05-05T21:35:07.000+09:00,251
n73bbdeee4407,13613385,羅生門SKY,codex_strategy,2026-05-05T12:20:18.000+09:00,418
n73bbdeee4407,10750843,Takanashi（たかなし）,takanashi_note01,2026-05-01T16:57:07.000+09:00,1187
n73bbdeee4407,14298348,女児OL,joji_ol,2026-04-30T07:09:30.000+09:00,503
n73bbdeee4407,9034431,タイラー｜五感翻訳家｜五感解析ラボ主宰,lively_flea9734,2026-04-29T13:01:27.000+09:00,2764
n73bbdeee4407,10232816,1048ma 【どん底からのV字回復中】　～副収入が本業収入を超えた！～,1048ma,2026-04-29T09:35:09.000+09:00,47
n73bbdeee4407,12911852,たびお｜無職セミFIRE独身の静かすぎるソロ暮らし記録,tabikotabio,2026-04-29T07:29:44.000+09:00,645
n73bbdeee4407,8749696,夏の日の少年,ao_issyoku_de_ii,2026-04-28T15:18:07.000+09:00,294
n73bbdeee4407,7390143,きみこのSoulルーム,kimimari2350,2026-04-27T23:35:31.000+09:00,407
n73bbdeee4407,11905841,顔のない問い,sasoib_ehtal,2026-04-27T14:58:59.000+09:00,728
n73bbdeee4407,13828484,そらとうみ｜そらぴぃ,leal_tapir945,2026-04-27T09:32:32.000+09:00,131
n73bbdeee4407,13464548,JOY_0206,ample_frog6726,2026-04-26T09:13:11.000+09:00,355
n73bbdeee4407,13079732,ＣＯＯＬ,vast_tulip7937,2026-04-25T21:31:00.000+09:00,1135
n73bbdeee4407,10460304,ちんぱん🐒AI×note実録,ojisan_chinpan,2026-04-25T14:28:46.000+09:00,789
n73bbdeee4407,13549724,子供大好きパパ,modern_drake1514,2026-04-24T17:17:23.000+09:00,84
n73bbdeee4407,14077034,いくちょのやさしい毎日,honsuki_note,2026-04-23T16:22:56.000+09:00,390
n73bbdeee4407,12154751,月花の雫 | 明日ってさ、月が欠けたら来ないよね～　人生の夜を照らすお供に,shiso_to_basil,2026-04-23T04:09:56.000+09:00,261
n73bbdeee4407,13340780,火澄 ミオ　宅建✖️FP✖️投資家,hisumimio,2026-04-22T16:13:55.000+09:00,494
n73bbdeee4407,13161881,はなっぷ｜noteで広める現代の稼ぎ方,leal_snake3212,2026-04-22T14:10:47.000+09:00,4041
n73bbdeee4407,13913759,人生物語-LIFESTORY,ready_holly930,2026-04-22T13:13:39.000+09:00,416
n73bbdeee4407,3530781,井戸のカツヲ,ido_1do,2026-04-22T09:51:24.000+09:00,210
n73bbdeee4407,13638553,まぐ。/ 公式裏アカウント 【まぐnet。】,fancy_impala8140,2026-04-22T09:46:28.000+09:00,300
n73bbdeee4407,13944786,セイ,layer_sei,2026-04-20T22:04:52.000+09:00,89
n73bbdeee4407,8166572,ひゅー｜AI×分析｜考察と思考整理を楽しむ。note,hyu_nisworks,2026-04-20T18:40:35.000+09:00,398
n73bbdeee4407,12668465,紅茶🫖｜ことばの庭,usagi_no_mimi_,2026-04-20T08:35:13.000+09:00,169
n73bbdeee4407,14116511,なぜ滅びたのか研究所,famous_hyena1783,2026-04-19T20:33:38.000+09:00,152
n73bbdeee4407,14098273,朝活FT💪|早起きして生産性爆上げマン,lofty_takin9661,2026-04-19T18:21:04.000+09:00,50
n73bbdeee4407,1909619,シゲク@note初心者全力応援,shigekumasaku,2026-04-19T07:32:03.000+09:00,6169
n73bbdeee4407,13037359,丁寧な暮らし/生きやすさ探求家,gentle_gecko1078,2026-04-19T01:26:44.000+09:00,283
n73bbdeee4407,13366653,ぱぴさん,papi_san,2026-04-18T22:44:59.000+09:00,291
n73bbdeee4407,8543068,panda,panda_48,2026-04-17T21:07:05.000+09:00,1814
n73bbdeee4407,5533501,div.rishi,div_rishi,2026-04-17T18:47:30.000+09:00,992
n73bbdeee4407,12428585,ジェントル河童,gentlekappa,2026-04-17T16:47:53.000+09:00,382
n73bbdeee4407,4859491,スイッチくん🐻😊 │ 自作LLMを趣味で、開発🌈,switchkun_2103,2026-04-17T16:15:30.000+09:00,678
n73bbdeee4407,11937146,そるっち,joyous_salvia264,2026-04-16T23:09:31.000+09:00,358
n73bbdeee4407,12448707,hanauta,kotono_hanauta,2026-04-16T22:14:54.000+09:00,129
n73bbdeee4407,13405464,木漏れ日亭,komorebi_tei,2026-04-16T11:01:19.000+09:00,584
n73bbdeee4407,9987561,Goodroom代表｜相続・不動産コンサルタント淺井,proper_crocus630,2026-04-16T07:22:41.000+09:00,752
n73bbdeee4407,11121667,"あいさん💗Iカウンセリングルーム セラピスト／ 臨床心理士×公認心理師｜支援歴16年・2,000名超",joyful_zebra1701,2026-04-15T23:55:50.000+09:00,5634
n73bbdeee4407,2150338,ゆう！noteに全力投球！フォロバ100,adg168,2026-04-15T21:17:33.000+09:00,836
n73bbdeee4407,12539487,よしこ｜続けたい人の横にいる,noted_beetle1302,2026-04-15T12:36:41.000+09:00,522
n73bbdeee4407,14209330,シン｜AI×エンジニア,shin_debug_ai,2026-04-15T11:51:45.000+09:00,106
n73bbdeee4407,11878886,きゅう｜暮らしととのえLabo,dear_duck9350,2026-04-15T09:21:32.000+09:00,1924
n73bbdeee4407,13007950,弐恩(NION)｜HSP×AC×エンパス×不安障害×うつ病,keen_poppy9848,2026-04-15T06:25:43.000+09:00,568
n73bbdeee4407,11922433,m a n a ✿｜感謝の気持ち🌹,beardoll,2026-04-15T05:07:20.000+09:00,1122
n73bbdeee4407,8598209,まったん,ikea0,2026-04-15T00:21:55.000+09:00,1097
n73bbdeee4407,993884,noa♪,long_auk1634,2026-04-14T19:11:31.000+09:00,54
n73bbdeee4407,12775238,はちきん,8kin_papas,2026-04-14T17:36:15.000+09:00,1506
n73bbdeee4407,14060586,コミュ障ネット,commushonet_net,2026-04-14T16:49:54.000+09:00,334
n73bbdeee4407,14079870,ロベルト徳山,roberto_tokuyama,2026-04-14T14:30:39.000+09:00,214
n73bbdeee4407,10069756,うどあり│キャリア逆転の美学,udoari_imagine,2026-04-14T13:20:29.000+09:00,461
n73bbdeee4407,13703411,とある30代の成長記録,honest_yarrow840,2026-04-14T12:17:30.000+09:00,418
n73bbdeee4407,13116689,シマエナガ先生,shima_sensei,2026-04-14T11:32:47.000+09:00,664
n73bbdeee4407,11973177,るこのみらい,ruco3,2026-04-14T09:49:51.000+09:00,2014
n73bbdeee4407,7804841,ノルジャン@FOODS MARKET ATLAS ,chashiro_noru,2026-04-13T23:09:08.000+09:00,59
n73bbdeee4407,5250663,ヨフカシ,yofukashi_3,2026-04-13T22:04:27.000+09:00,383
n73bbdeee4407,14180279,BAR店員のコミュニケーション術,limber_yeti9728,2026-04-13T19:06:21.000+09:00,43
n73bbdeee4407,13340950,向日葵じまにゃん🌻【メンシプ専用】,jimanyan_m,2026-04-13T17:24:21.000+09:00,468
n73bbdeee4407,13564398,ことばの余白,ready_hornet3417,2026-04-13T17:01:25.000+09:00,263
n73bbdeee4407,2755847,小山 睦男　書籍コーディネータ,koyamamutsuo2020,2026-04-13T09:54:16.000+09:00,277
n73bbdeee4407,13163455,KOTAYA | 今日はこれで合格,kotaya_log,2026-04-13T09:28:24.000+09:00,2785
n73bbdeee4407,7896891,ポンタ,pontanohaha,2026-04-13T09:27:39.000+09:00,1164
n73bbdeee4407,4403711,ぺんぎん@生きづらさの正体を解決,pennotelog,2026-04-13T09:05:37.000+09:00,316
n73bbdeee4407,11142636,スーリア タッチ,00130522ak,2026-04-13T07:33:41.000+09:00,614
n73bbdeee4407,10650277,nevy,yussioxruns,2026-04-13T07:12:06.000+09:00,333
n73bbdeee4407,13781446,黒崎隼斗,hayato_watches,2026-04-13T07:01:33.000+09:00,1024
n73bbdeee4407,12815820,ゆらり🌹🫧　🫶💕,huge_coot6820,2026-04-13T06:55:34.000+09:00,1204
n73bbdeee4407,635182,内藤みか（作家）,micanaitoh,2026-04-13T06:01:25.000+09:00,15271
n73bbdeee4407,12961457,からすま けい,karasumakei,2026-04-13T01:00:00.000+09:00,50
n73bbdeee4407,12568539,satoyu｜ゆるガチおうち英語,yurugachienglish,2026-04-13T00:28:52.000+09:00,558
n73bbdeee4407,12184556,空波DX100%,happy_echium7563,2026-04-12T23:49:10.000+09:00,6864
n73bbdeee4407,1074057,リホのイマジネーション競馬予想,lofty_camel8929,2026-04-12T23:47:09.000+09:00,329
n73bbdeee4407,13392748,雨宿,ama_y_adori,2026-04-12T23:45:11.000+09:00,369
n73bbdeee4407,13140757,雪詠｜ゆきよみ,yukiyomi,2026-04-12T21:57:43.000+09:00,808
n73bbdeee4407,13628596,あちゃぴん,ready_toucan740,2026-04-12T21:27:35.000+09:00,167
n73bbdeee4407,12516832,和田雄三｜AI×心理ブランディングデザイナー,glad_dill2129,2026-04-12T21:24:52.000+09:00,812
n73bbdeee4407,13636559,【 mode：mi 】·͜· ꕤ︎︎,mode_mi_333,2026-04-12T21:21:57.000+09:00,135
n73bbdeee4407,8486410,よろずさん。｜繊細さんの自己理解,yorozusan,2026-04-12T20:55:39.000+09:00,1227
n73bbdeee4407,11632965,星川初稿,shokoutan,2026-04-12T19:14:01.000+09:00,1187
n73bbdeee4407,5328274,櫻井寛幸｜イーソーブラック,beyondthetime99,2026-04-12T18:53:34.000+09:00,133
n73bbdeee4407,12032174,yayachico,open_magpie7814,2026-04-12T14:07:41.000+09:00,101
n73bbdeee4407,8913325,Avec Toi(アベクトワ)+チーム「A」,avectois,2026-04-12T13:33:28.000+09:00,2051
n73bbdeee4407,10279068,書道家 恵美｜人生大逆転の法則💛,brisk_snake5803,2026-04-12T13:31:44.000+09:00,191
n73bbdeee4407,11543403,さとりのさとり,kopailog,2026-04-12T13:12:09.000+09:00,359
n73bbdeee4407,12301144,ゆぴか ☀︎在宅で働きたい主婦（ちょっとワケあり）,tasty_quoll5392,2026-04-12T12:30:26.000+09:00,679
n73bbdeee4407,13209224,和恵,clear_broom7878,2026-04-12T11:17:49.000+09:00,1322
n73bbdeee4407,13931372,凪音｜静かな人間研究,agile_magpie3774,2026-04-12T11:14:39.000+09:00,595
n73bbdeee4407,13909954,Shin,natty_frog4835,2026-04-12T10:22:48.000+09:00,250
n73bbdeee4407,12954847,数学 megane,genial_lion8307,2026-04-12T09:29:14.000+09:00,488
n73bbdeee4407,13865672,まい｜0歳・2歳育児×同居のリアル、時々犬,juicy_parrot9335,2026-04-12T08:36:20.000+09:00,2047
n73bbdeee4407,12377105,まるよか,yokayoka5103,2026-04-12T06:18:50.000+09:00,1361
n73bbdeee4407,5528334,ヒトタラヲ,5959life,2026-04-12T01:26:33.000+09:00,4029
n73bbdeee4407,11474190,断罪と慈愛の歌詠み師 UTAKO,bold_slug9390,2026-04-12T01:19:18.000+09:00,500
n73bbdeee4407,8716239,じゅんこ,junko122,2026-04-12T01:18:11.000+09:00,1658
n73bbdeee4407,12282887,すいちゃん競輪大好き🍀,chaou_51,2026-04-12T00:47:19.000+09:00,1901
n73bbdeee4407,13574007,🍀ベンジャミン🍀,noble_spirea7217,2026-04-11T23:29:49.000+09:00,767
n73bbdeee4407,11742994,薄紫もと　,fresh_loris1944,2026-04-11T22:49:53.000+09:00,3113
n73bbdeee4407,13281186,さくさく|そっと寄り添う日々,jidoukan_judge,2026-04-11T21:56:44.000+09:00,1661
n73bbdeee4407,13913383,紅鮭の幻影：湘南の片隅で,totoryo1976,2026-04-11T21:03:26.000+09:00,272
n73bbdeee4407,10999098,Tanuko,ol_tanuko_life,2026-04-11T20:48:27.000+09:00,828
n73bbdeee4407,12954204,行動デザイン営業コーチ｜行動設計士,koudou_coach,2026-04-11T20:39:49.000+09:00,1635
n73bbdeee4407,4887086,はんく・シュンタナ🐤『塩化ビニール系女子』AIクリエイター兼プロデューサー,hunk_shuntana,2026-04-11T20:15:54.000+09:00,618
n73bbdeee4407,3793092,ＲＩＳΛ｜やりがい起業コンサル,risa_dawn_246,2026-04-11T18:01:44.000+09:00,2387
n73bbdeee4407,13066168,はるねずみ｜note副業０→１応援,kasegu5haru,2026-04-11T17:39:29.000+09:00,1551
n73bbdeee4407,4509042,猫の父さん@トトとチー,cat48_1010,2026-04-11T17:17:32.000+09:00,398
n73bbdeee4407,14104145,旅する社内SE｜仕事 育児 ときどき旅行🌿,tabisurushanaise,2026-04-11T17:06:50.000+09:00,325
n73bbdeee4407,14076711,ダックス | 新しい収入のための挑戦,dakkusfundo,2026-04-11T15:43:00.000+09:00,90
n73bbdeee4407,12882722,内山武志@サラリーマン戸建大家(副業),happy_lion121,2026-04-11T15:29:40.000+09:00,340
n73bbdeee4407,13055026,作業療法士(OT)@まるさん　｜【朝がつらい人へ】心・体・生活を　　まぁるく🌸整えます,reha_tsukuru,2026-04-11T15:27:03.000+09:00,5488
n73bbdeee4407,12175278,hana,cute_skink4718,2026-04-11T15:04:51.000+09:00,438
n73bbdeee4407,8094562,瀬尾豊,good_gnu448,2026-04-11T13:44:10.000+09:00,739
n73bbdeee4407,7823822,はぐれパパ＠詩人失格,papa411477,2026-04-11T13:13:19.000+09:00,71
n73bbdeee4407,6905415,豹子頭 林冲,hyousitou,2026-04-11T12:33:54.000+09:00,269
n73bbdeee4407,13732707,（よく当たる予想家ではなく、よく当たる競馬予想家でもない、安田記念予想稍得意）エビフライドリームさん,ebifurai_dream,2026-04-11T12:25:32.000+09:00,864
n73bbdeee4407,11359513,安達｢チーム🦁｣｜AIと共闘し600を必達する者,takayukiadachi,2026-04-11T11:49:25.000+09:00,944
n73bbdeee4407,13491640,虹の森,rainbow_7yhk,2026-04-11T10:33:25.000+09:00,102
n73bbdeee4407,11561590,かえるこ | Kaeruko,serene_pansy617,2026-04-11T10:05:43.000+09:00,4177
n73bbdeee4407,12411966,ルー＝シャーナ（ルーシャーナ）｜感覚をことばにする往復便,jolly_lupine2962,2026-04-11T09:54:37.000+09:00,2299
n73bbdeee4407,13058463,レトロな喫茶店でコーヒーを|  個性鑑定学マスター受講中| @フォロバ100,riichi1113,2026-04-11T09:50:01.000+09:00,2983
n73bbdeee4407,12366217,see2,chic_badger5419,2026-04-11T09:06:59.000+09:00,207
n73bbdeee4407,12591374,ケンタロウ/gr.minpaku,merry_robin6845,2026-04-11T08:53:33.000+09:00,471
n73bbdeee4407,13802828,留華,novel_bee2132,2026-04-11T08:40:09.000+09:00,583
n73bbdeee4407,11574500,ふらつき母ちゃん 〜今日も全力空回り！〜,dear_viper3924,2026-04-11T08:24:02.000+09:00,806
n73bbdeee4407,7822440,コミュ障営業マン くみちゃん｜野良営業放浪記,qmy_tkm98,2026-04-11T08:12:50.000+09:00,442
n73bbdeee4407,11837112,もぐら,mogurabooks,2026-04-11T08:01:34.000+09:00,214
n73bbdeee4407,13813515,もりあおな,mori_hikaru,2026-04-11T07:43:06.000+09:00,670
n73bbdeee4407,13107123,ランマッスル,runmuscle_m,2026-04-11T07:38:31.000+09:00,4000
n73bbdeee4407,8127886,青い空日和,aoisora374,2026-04-11T07:26:22.000+09:00,498
n73bbdeee4407,4877017,須川元介/情報翻訳家,skagenavi,2026-04-11T07:22:30.000+09:00,2312
n73bbdeee4407,12503829,gentlereads |.naru,vivid_panda7082,2026-04-11T07:03:13.000+09:00,1273
n73bbdeee4407,13349138,きっぺい｜noteで月1万円を作らせるプロ,kippeinpein,2026-04-11T06:59:36.000+09:00,1190
n73bbdeee4407,13879223,アイちゃんの気まぐれ競馬🏇重賞予想❤︎,ai_kimagure123,2026-04-11T06:50:42.000+09:00,1033
n73bbdeee4407,11877070,アルフレッド,game_system_alex,2026-04-11T05:57:25.000+09:00,2642
n73bbdeee4407,13358479,だやん,dayaniki,2026-04-11T04:50:40.000+09:00,112
n73bbdeee4407,13900618,sophie,scribble_1000,2026-04-11T04:46:32.000+09:00,792
n73bbdeee4407,10517876,向日葵じまにゃん🌻,jimanyan,2026-04-11T01:23:57.000+09:00,1881
n73bbdeee4407,12157269,ken ｜ 完全無課金AI戦略 × note運営,noted_sheep3883,2026-04-11T01:22:17.000+09:00,3213
n73bbdeee4407,13790780,タイワンオオカミ,mazinger0528,2026-04-11T01:11:11.000+09:00,577
n73bbdeee4407,4472775,あまね〘ฅ՞•ﻌ•՞ฅฅ^•ﻌ•^ฅ〙,almabrillante,2026-04-11T00:49:57.000+09:00,842
n73bbdeee4407,12639094,けぃず🐦‍🔥＠🔰初心者向けAIものづくりや失敗からの学び＆癒しのフォトetc.をお届け📬,kz_invisible,2026-04-11T00:07:44.000+09:00,572
n73bbdeee4407,11178899,KEN 田舎で介護,fit_lion6308,2026-04-10T23:52:10.000+09:00,480
n73bbdeee4407,12540533,トマトのヘタ,tomeitoh,2026-04-10T23:47:42.000+09:00,19
n73bbdeee4407,10511593,しれネコ🐾｜迷子の気持ち、 ちょっと軽く,large_hosta3387,2026-04-10T23:20:47.000+09:00,613
n73bbdeee4407,10646763,雪国ゆり⛄️逃げられない場所で戦う人へ,yuriri_love202,2026-04-10T23:19:00.000+09:00,446
n73bbdeee4407,12931964,サンジ（偽物）,3_am,2026-04-10T23:16:25.000+09:00,30
n73bbdeee4407,12391716,もぐたんママ🎈|皆の笑顔を増やすnote@タラヲガールズ006,mogu0321_mam,2026-04-10T23:15:20.000+09:00,1666
n73bbdeee4407,14060433,Bluebell diary🌿,modern_llama1047,2026-04-10T23:10:41.000+09:00,175
n73bbdeee4407,5828006,まなつ/突出マイノリティ列伝,tosshutsu_m,2026-04-10T23:10:18.000+09:00,6133
n73bbdeee4407,13883662,はるひ｜小さな習慣で引き寄せ,haruhi_attract,2026-04-10T23:05:14.000+09:00,524
n73bbdeee4407,12624691,あん｜noteと遊ぶ,aging_gracefully,2026-04-10T23:02:26.000+09:00,1218
n73bbdeee4407,13927059,はる,haru_growth,2026-04-10T22:55:34.000+09:00,243
n73bbdeee4407,13430194,あきまむ,fond_shark9221,2026-04-10T22:53:47.000+09:00,213
n73bbdeee4407,12417301,すみれ,genial_wren230,2026-04-10T22:51:43.000+09:00,296
n73bbdeee4407,13732494,まぐ。,brainy_dog2534,2026-04-10T22:49:12.000+09:00,150
n73bbdeee4407,11634537,ナオユキ｜物語と知識のコンシェルジュ,ai_naoyuki,2026-04-10T22:45:58.000+09:00,2968
n73bbdeee4407,8911867,ルルトアヤコ,lovely_coyote546,2026-04-10T22:41:17.000+09:00,2648
n73bbdeee4407,5738970,営業fafa | note業界No.1営業マン,kohana1112,2026-04-10T22:36:36.000+09:00,1394
n73bbdeee4407,11840255,鈴森よいほ｜AIコンテンツ／思想型クリエイター,yoiho25june,2026-04-10T22:34:46.000+09:00,961
n73bbdeee4407,10175064,雪綴ゆき,wise_rat6355,2026-04-10T22:33:09.000+09:00,6352
n73bbdeee4407,11183265,杜まひろ｜Mahiro.Mori,i_mori_mahiro,2026-04-10T22:27:28.000+09:00,626
n73bbdeee4407,2350344,さなみ｜2日で0→1達成副業主婦,touki2020,2026-04-10T22:22:06.000+09:00,1045
n7ef1c2b27beb,13163455,KOTAYA | 今日はこれで合格,kotaya_log,2026-05-31T14:02:02.000+09:00,2785
n7ef1c2b27beb,14410155,HANGon100,hangon100,2026-05-23T16:38:34.000+09:00,14
n7ef1c2b27beb,11702148,KC,kc_id,2026-05-23T09:37:38.000+09:00,191
n7ef1c2b27beb,13381891,孤独のエンジニア,human_viper7204,2026-05-17T11:25:01.000+09:00,11
n7ef1c2b27beb,9032239,ハマちゃん,juicy_raven6206,2026-05-15T10:51:05.000+09:00,970
n7ef1c2b27beb,13726582,ちる,crisp_flax4552,2026-05-15T08:23:19.000+09:00,282
n7ef1c2b27beb,12783026,怠惰くん｜習慣設計屋,lazy_77713,2026-05-11T13:05:18.000+09:00,117
n7ef1c2b27beb,1781041,キラマジンAIart,kiramazin1357,2026-05-10T22:03:03.000+09:00,357
n7ef1c2b27beb,14411657,空（くう）の開拓者,sane_cobra1354,2026-05-10T12:57:58.000+09:00,408
n7ef1c2b27beb,5330022,Marie | まりーの小さな⚙️歯車⚙️ラボ🔬,marie_222,2026-05-05T17:47:25.000+09:00,23
n7ef1c2b27beb,10243668,えんや「食欲ノイズ調律師」その食欲をなんとかします,enya110,2026-05-05T05:23:43.000+09:00,221
n7ef1c2b27beb,14401865,ホームトレーニー ごり,gorigorimacho,2026-05-04T20:54:52.000+09:00,264
n7ef1c2b27beb,10750843,Takanashi（たかなし）,takanashi_note01,2026-05-04T15:33:44.000+09:00,1187
n7ef1c2b27beb,5467799,松田りな|お腹痩せで人生が変わる！,okome_rinatan,2026-05-03T18:48:54.000+09:00,499
n7ef1c2b27beb,877935,25h,25h,2026-05-03T12:37:40.000+09:00,2
n7ef1c2b27beb,14374308,ぐりやん　おじさんトレーニーの低脂質高タンパクお菓子レシピ,guriyanbodymake,2026-05-01T21:00:09.000+09:00,48
n7ef1c2b27beb,12377105,まるよか,yokayoka5103,2026-05-01T05:57:26.000+09:00,1361
n7ef1c2b27beb,14249458,なっつ｜筋トレとお酒の矛盾ライフ,nuts_10s,2026-04-30T21:21:12.000+09:00,96
n7ef1c2b27beb,5780223,のぶこ,nice_viola969,2026-04-30T18:40:58.000+09:00,394
n7ef1c2b27beb,13353791,Masa,masa071937,2026-04-30T07:34:38.000+09:00,618
n7ef1c2b27beb,13367974,Thanks AI,pure_donkey7007,2026-04-30T06:16:45.000+09:00,1090
n7ef1c2b27beb,14300410,aru｜日常のしんどさを脳で解く,gakumonnote,2026-04-29T10:12:32.000+09:00,0
n7ef1c2b27beb,14318639,コーチ石神｜９年の現場主義,ishigami_coach,2026-04-27T17:12:58.000+09:00,2
n7ef1c2b27beb,13959565,魔族ポコ｜35人と不倫し別居。異常性の自己解剖日記,pokopokohead,2026-04-26T15:18:06.000+09:00,556
n7ef1c2b27beb,13224125,介護士/パーソナルジムトレーナー/学びを言語化する力をつける,best_thing_smile,2026-04-25T21:11:04.000+09:00,434
n7ef1c2b27beb,14124007,納土めぐみ,nodo_megumi,2026-04-24T20:58:28.000+09:00,318
n7ef1c2b27beb,14086255,たーざん | @TierGap開発中,tarzan_dev,2026-04-24T16:58:09.000+09:00,307
n7ef1c2b27beb,11406561,まる,deft_guppy2847,2026-04-24T00:42:16.000+09:00,2
n7ef1c2b27beb,13316377,たいち｜𝔸𝕀-ℕ𝔸𝕍𝕀｜投資家,gey_chevis6981,2026-04-23T22:24:39.000+09:00,2011
n7ef1c2b27beb,12842684,ともやす＠婚活×人生設計,wise_bobcat606,2026-04-23T20:34:48.000+09:00,84
n7ef1c2b27beb,14299682,ポルコ,fast_falcon617,2026-04-23T09:40:24.000+09:00,3
n7ef1c2b27beb,14201946,なるトレ｜太れない男の攻略法,futorenaiotoko,2026-04-22T07:47:29.000+09:00,2
n7ef1c2b27beb,14244332,コウ,otoko_age,2026-04-21T15:12:51.000+09:00,15
n7ef1c2b27beb,13066935,気分屋の亀『幸之助』,chic_pansy4285,2026-04-21T11:37:43.000+09:00,306
n7ef1c2b27beb,13796726,「仕事の結果にコミットする」 コーチ｜ふるげんたつあき,career_forward,2026-04-20T08:42:02.000+09:00,355
n7ef1c2b27beb,2042261,イコシ,grand_yak3261,2026-04-20T01:22:06.000+09:00,8
n7ef1c2b27beb,14116511,なぜ滅びたのか研究所,famous_hyena1783,2026-04-19T20:33:25.000+09:00,152
n7ef1c2b27beb,8852982,わかりのぽん（Egg_bird）,eggbird_bear325,2026-04-19T16:50:58.000+09:00,604
n7ef1c2b27beb,13989880,フィットネスジムルアナ湘南平塚,luana_hiratsuka,2026-04-19T14:23:47.000+09:00,42
n7ef1c2b27beb,13696956,はるやん｜ストイックに生きるための自己啓発,hearty_serval476,2026-04-19T12:53:55.000+09:00,34
n7ef1c2b27beb,4087904,ミッドライフクライシスマン,midlife,2026-04-19T11:21:04.000+09:00,350
n7ef1c2b27beb,14257154,とべるぞぺんぎん,penpenpentagonx,2026-04-19T10:16:07.000+09:00,33
n7ef1c2b27beb,8896043,のびしろ大学生｜🔥再起の自分磨き記録｜🫂フォロバ100,travel_daigaku,2026-04-19T01:14:58.000+09:00,180
n7ef1c2b27beb,584625, 🧠脳筋薬剤師｜身体と現実を整える,ready_python1189,2026-04-17T12:25:27.000+09:00,51
n7ef1c2b27beb,13241888,日系健康コンサルタント,dmheartpt,2026-04-17T06:08:58.000+09:00,1274
n7ef1c2b27beb,12587344,Stray Cat's Tokyo,magic_flax1755,2026-04-16T12:08:16.000+09:00,617
n7ef1c2b27beb,2755847,小山 睦男　書籍コーディネータ,koyamamutsuo2020,2026-04-16T10:25:16.000+09:00,277
n7ef1c2b27beb,14235303,ロアル　美容のすすめ,chic_mink7807,2026-04-15T22:25:12.000+09:00,4
n7ef1c2b27beb,13087623,ガリガーリ君｜40代の筋トレ・栄養・時々しくじり談,sane_godwit520,2026-04-15T20:48:15.000+09:00,556
n7ef1c2b27beb,14220469,俺流フィットネス,oreryuu_fitness,2026-04-15T19:15:14.000+09:00,115
n7ef1c2b27beb,10770593,ビリオネア,billionaire_btc,2026-04-15T18:10:19.000+09:00,225
n7ef1c2b27beb,12141463,ぽいふる博士,pointlab,2026-04-15T18:09:46.000+09:00,856
n7ef1c2b27beb,6592774,Tatsukikane,tatsukikane,2026-04-15T16:25:35.000+09:00,196
n7ef1c2b27beb,14246015,えんぴつ狩り,sinougari,2026-04-15T15:20:19.000+09:00,51
n7ef1c2b27beb,11624730,無口,lucky_ferret8634,2026-04-15T14:52:29.000+09:00,1033
n7ef1c2b27beb,11878886,きゅう｜暮らしととのえLabo,dear_duck9350,2026-04-15T09:24:24.000+09:00,1924
n7ef1c2b27beb,9746212,Truth Table,truethtable,2026-04-15T07:04:08.000+09:00,170
n7ef1c2b27beb,12439745,ぽちょ研究所,pochanglab,2026-04-15T00:42:22.000+09:00,394
n7ef1c2b27beb,14060586,コミュ障ネット,commushonet_net,2026-04-14T22:00:00.000+09:00,334
n7ef1c2b27beb,12344876,まるり｜maruri,marimo_0892,2026-04-14T21:57:29.000+09:00,191
n7ef1c2b27beb,13703411,とある30代の成長記録,honest_yarrow840,2026-04-14T12:17:26.000+09:00,418
n7ef1c2b27beb,14007618,ピースケ ｜ 心の赴くままに・・✨✨インスピレーション創作・エッセイの創作｜主にFactionの創作,moral_newt9196,2026-04-13T21:27:54.000+09:00,1976
n7ef1c2b27beb,5328274,櫻井寛幸｜イーソーブラック,beyondthetime99,2026-04-13T13:01:40.000+09:00,133
n7ef1c2b27beb,635182,内藤みか（作家）,micanaitoh,2026-04-13T06:01:30.000+09:00,15271
n7ef1c2b27beb,13167433,equal BiRTHDAY,since198,2026-04-13T04:49:16.000+09:00,3
n7ef1c2b27beb,11474190,断罪と慈愛の歌詠み師 UTAKO,bold_slug9390,2026-04-13T01:29:13.000+09:00,500
n7ef1c2b27beb,14205249,ズボラ式ダイエット/フォロバ100,zuborashiki_diet,2026-04-12T19:06:44.000+09:00,875
n7ef1c2b27beb,12954847,数学 megane,genial_lion8307,2026-04-12T09:29:15.000+09:00,488
n7ef1c2b27beb,13278116,里親モビール,deep_otter7723,2026-04-12T08:07:59.000+09:00,99
n7ef1c2b27beb,13574007,🍀ベンジャミン🍀,noble_spirea7217,2026-04-12T07:57:04.000+09:00,767
n7ef1c2b27beb,13913383,紅鮭の幻影：湘南の片隅で,totoryo1976,2026-04-11T21:04:11.000+09:00,272
n7ef1c2b27beb,13651876,MISUZ.,lofty_knot8493,2026-04-11T20:03:20.000+09:00,683
n7ef1c2b27beb,13810506,天才ランナーハカセくん／N+1RC,saitekikai_iq200,2026-04-11T13:26:14.000+09:00,333
n7ef1c2b27beb,14047410,こてつ,clear_hippo1502,2026-04-11T07:25:19.000+09:00,20
n7ef1c2b27beb,10646763,雪国ゆり⛄️逃げられない場所で戦う人へ,yuriri_love202,2026-04-10T23:20:37.000+09:00,446
n7ef1c2b27beb,13927059,はる,haru_growth,2026-04-10T23:10:17.000+09:00,243
n7ef1c2b27beb,12385127,超育休志向｜りさ ＆ ゆういち,comfamily_lab,2026-04-10T22:39:42.000+09:00,501
n7ef1c2b27beb,13628596,あちゃぴん,ready_toucan740,2026-04-10T21:21:15.000+09:00,167
n7ef1c2b27beb,984946,さあ@サクッとnote書ける仕組み準備中/14年目,saa617,2026-04-10T21:12:12.000+09:00,689
n7ef1c2b27beb,12503829,gentlereads |.naru,vivid_panda7082,2026-04-10T20:58:11.000+09:00,1273
n7ef1c2b27beb,13273911,斉川ニア ｜ AI漫画,vast_lily4547,2026-04-10T20:38:41.000+09:00,448
n7ef1c2b27beb,8614767,mamesuke,good_sedum985,2026-04-10T19:59:38.000+09:00,13
n7ef1c2b27beb,10060588,ことは｜こころのメモ帳,chococo87,2026-04-10T19:17:35.000+09:00,443
n7ef1c2b27beb,10148631,猫,alert_bobcat6568,2026-04-10T19:04:43.000+09:00,271
n7ef1c2b27beb,14084783,きりん日和,kirin_spark333,2026-04-10T17:44:24.000+09:00,318
n7ef1c2b27beb,11656618,みるこ┊︎心と子育て,miruko_life,2026-04-10T17:44:07.000+09:00,182
n7ef1c2b27beb,14152923,massan7700,massan7700,2026-04-10T16:07:39.000+09:00,15
n7ef1c2b27beb,8226939,圭正,youngreen,2026-04-10T16:04:29.000+09:00,115
n7ef1c2b27beb,12996896,たろう｜ランチファスティング,yasetai_now,2026-04-10T13:26:32.000+09:00,320
n7ef1c2b27beb,7123984,スズラン企画・まき,witty_holly51,2026-04-10T12:49:56.000+09:00,237
n7ef1c2b27beb,13813515,もりあおな,mori_hikaru,2026-04-10T10:02:51.000+09:00,670
n7ef1c2b27beb,2946456,酔いどれBowzRunner 我流迷走！＜弘中義雄＞,garyumeiso,2026-04-10T06:41:19.000+09:00,494
n7ef1c2b27beb,13892729,岡本明美,keen_rose8771,2026-04-10T00:41:10.000+09:00,267
n7ef1c2b27beb,12132057,まろん|AI×noteの元帥,marronsan3675,2026-04-10T00:23:59.000+09:00,253
n7ef1c2b27beb,13027595,こーき｜心が少し軽くなる場所,i_am_151cm_boy,2026-04-10T00:18:13.000+09:00,1176
n7ef1c2b27beb,12817053,枡隆太,muscleta,2026-04-09T23:55:06.000+09:00,208
n7ef1c2b27beb,12650021,そら｜ミニマリストの日々,sora_simpl,2026-04-09T23:23:12.000+09:00,1394
n7ef1c2b27beb,13140757,雪詠｜ゆきよみ,yukiyomi,2026-04-09T22:59:30.000+09:00,808
n7ef1c2b27beb,11687421,しゃぼん玉,right_rhino7456,2026-04-09T22:45:16.000+09:00,119
n7ef1c2b27beb,11489950,健康美習慣の専門家｜ダイエット生活アドバイザーかおる,ample_holly7812,2026-04-09T22:13:59.000+09:00,1097
n7ef1c2b27beb,10827908,長尾 次郎@63歳SE・トリプルワーク中,j_nagao_01,2026-04-09T20:44:50.000+09:00,3121
n7ef1c2b27beb,11365891,五人囃子,king_beetle305,2026-04-09T20:29:12.000+09:00,899
n7ef1c2b27beb,3564202,みかりん💐,amasamika,2026-04-09T19:41:10.000+09:00,1641
n7ef1c2b27beb,12553034,HIROMI@,grand_fowl1887,2026-04-09T19:38:18.000+09:00,1121
n7ef1c2b27beb,13846451,わいらび,wise_rabbit4975,2026-04-09T19:15:03.000+09:00,53
n7ef1c2b27beb,5289363,探究さん|佐藤けんすけ|探究横丁®︎,tankyuu_yokochou,2026-04-09T18:48:14.000+09:00,8906
n7ef1c2b27beb,2869414,埼玉の裏仕事人,kiitto1968,2026-04-09T17:55:46.000+09:00,126
n7ef1c2b27beb,13525580,WORKLIFE RESET｜仕事と生活の立て直し,limber_murre8994,2026-04-09T17:38:55.000+09:00,631
n7ef1c2b27beb,10800800,ヨシツネ＠沼らせ恋愛心理学,ystnpsy,2026-04-09T17:11:33.000+09:00,2830
n7ef1c2b27beb,13426587,ヘリオトロープ【奥手な30代のための恋愛・婚活戦略室】,heliotrope_127,2026-04-09T14:57:55.000+09:00,530
n7ef1c2b27beb,13966156,mihana,hanabloom,2026-04-09T13:42:50.000+09:00,113
n7ef1c2b27beb,12601255,IQロジック心理士いろぉー,iqlogic,2026-04-09T13:34:04.000+09:00,422
n7ef1c2b27beb,2364826,andy｜投資・仕事・noteを、データで育てている人,andrewwaldfeld,2026-04-09T13:09:56.000+09:00,793
n7ef1c2b27beb,12890191,miya,merry_godwit6869,2026-04-09T12:58:43.000+09:00,1073
n7ef1c2b27beb,13932271,静かな猫のノート　しずねこ,shizuneko_502,2026-04-09T12:58:27.000+09:00,850
n7ef1c2b27beb,13265510,境界をまたぐ心理士【振り子】,rosy_snail1735,2026-04-09T12:42:56.000+09:00,1080
n7ef1c2b27beb,1204709,トキムネ,tokimune64,2026-04-09T11:16:55.000+09:00,699
n7ef1c2b27beb,13185774,るー/ハレノイト,anexkanikitai,2026-04-09T09:18:41.000+09:00,902
n7ef1c2b27beb,10028524,AIM PHOENIX,aim_phoenix,2026-04-09T08:40:05.000+09:00,705
n7ef1c2b27beb,7509824,結城    和（ゆうき かず）,kazu_0321_kazu,2026-04-09T07:23:19.000+09:00,751
n7ef1c2b27beb,13627553,みきてぃ | お家でのんびり稼ぐママ,mikity4_businote,2026-04-09T07:12:27.000+09:00,1827
n7ef1c2b27beb,2652109,ほりべえ,horibe_,2026-04-09T07:06:45.000+09:00,543
n7ef1c2b27beb,13161722,おあつ,keen_pipit1182,2026-04-09T06:27:08.000+09:00,1514
n7ef1c2b27beb,13405464,木漏れ日亭,komorebi_tei,2026-04-09T05:56:14.000+09:00,584
n7ef1c2b27beb,1214718,樹林,natty_mole6013,2026-04-09T05:52:36.000+09:00,134
n7ef1c2b27beb,13120110,未完成の父,keen_yak6764,2026-04-09T02:11:12.000+09:00,162
n7ef1c2b27beb,13920899,Kyumaさん,ebass_60,2026-04-09T00:41:34.000+09:00,73
n7ef1c2b27beb,13739999,airi_1000manen,airi_1000man,2026-04-09T00:09:44.000+09:00,158
n7ef1c2b27beb,13613385,羅生門SKY,codex_strategy,2026-04-09T00:04:21.000+09:00,418
n7ef1c2b27beb,14028838,AIの教科書,ai_textbook,2026-04-08T22:02:17.000+09:00,255
n7ef1c2b27beb,2917474,小石川整骨院　【仰向け整体】,bunkyo,2026-04-08T19:41:54.000+09:00,92
n7ef1c2b27beb,14103658,noriboys_Health_beauty_,fast_shrew8606,2026-04-08T19:36:14.000+09:00,59
n7ef1c2b27beb,12876278,岡田 陽成|身体づくりのオンラインコーチ,humble_finch9989,2026-04-08T19:07:50.000+09:00,544
n7ef1c2b27beb,11520820,日光の眠り猫,ripe_thyme6066,2026-04-08T18:34:20.000+09:00,1199
n7ef1c2b27beb,13782269,伊藤 宣久 | ゴルフライフ エバンジェリスト,norihisaito,2026-04-08T17:39:47.000+09:00,213
n7ef1c2b27beb,12509830,中年papaya🌈フォロバ100🌈,long_viola1695,2026-04-08T15:17:15.000+09:00,1563
n7ef1c2b27beb,13394137,Studioアスワン,fair_boar7555,2026-04-08T15:11:25.000+09:00,386
n7ef1c2b27beb,5310776,原付ら～めん,noodle50cc,2026-04-08T14:06:22.000+09:00,228
n7ef1c2b27beb,14065526,みんなの筋トレ雑学【筋肉チャンネル】,kinnikutuu_yabai,2026-04-08T13:25:32.000+09:00,69
n7ef1c2b27beb,11593984,AKR-理学療法士・筋トレ,informant,2026-04-08T12:16:12.000+09:00,379
n7ef1c2b27beb,11523039,けい｜疲れない身体づくり博士,lofty_walrus7539,2026-04-08T11:21:26.000+09:00,447
n7ef1c2b27beb,13088772,たつひで,tatsuhide24,2026-04-08T09:51:24.000+09:00,178
n7ef1c2b27beb,13455319,やさしい命の風,genial_jaguar976,2026-04-08T07:50:09.000+09:00,1313
n7ef1c2b27beb,12873228,Hiro@1人法人エンジニア,lucid_tucan3717,2026-04-08T07:43:39.000+09:00,925
n7ef1c2b27beb,12966414,30歳からの余談｜人生の途中で考えること,note_by_me_mama,2026-04-08T06:56:41.000+09:00,461
n7ef1c2b27beb,12301144,ゆぴか ☀︎在宅で働きたい主婦（ちょっとワケあり）,tasty_quoll5392,2026-04-08T06:55:27.000+09:00,679
n7ef1c2b27beb,11172786,しゅうもん　家族4人で世界一周中,clean_hippo4268,2026-04-08T06:48:45.000+09:00,320
n7ef1c2b27beb,13346874,イトアニウス ( Ytteauanius ),ytteauanius,2026-04-08T06:45:17.000+09:00,278
n7ef1c2b27beb,12536667,koji_body_make,koji_body_make,2026-04-08T05:31:18.000+09:00,814
n7ef1c2b27beb,13107123,ランマッスル,runmuscle_m,2026-04-08T03:50:19.000+09:00,4000
n7ef1c2b27beb,7194390,yoshitsugu,yoshitsugu2023,2026-04-07T22:35:53.000+09:00,36
n7ef1c2b27beb,9615226,スズラン,safe_orca1485,2026-04-07T22:31:39.000+09:00,7
n7ef1c2b27beb,9489656,MeGood,megood_1028,2026-04-07T22:28:58.000+09:00,61
n7ef1c2b27beb,11580414,職ニンレンジャー隊,calm_lupine8385,2026-04-07T21:48:25.000+09:00,86
n7ef1c2b27beb,14037751,コウセイ@2留男磨き青学生,loyal_puma4660,2026-04-07T21:07:58.000+09:00,73
n7ef1c2b27beb,8757264,Naohiko,naohiko0824,2026-04-07T20:09:32.000+09:00,1125
n7ef1c2b27beb,4530710,タク｜自律神経ポンコツ営業マン,takuya19880718,2026-04-07T19:37:48.000+09:00,308
n7ef1c2b27beb,5050168,清水覚/元競輪選手×理学療法士,ptsatorushimizu,2026-04-07T19:29:06.000+09:00,1201
n7ef1c2b27beb,5828006,まなつ/突出マイノリティ列伝,tosshutsu_m,2026-04-07T19:23:57.000+09:00,6133
n7ef1c2b27beb,10950407,月夜ノせれな,tukiyono_serena,2026-04-07T18:31:51.000+09:00,248
n7ef1c2b27beb,13300998,Natsuki₋Chubachi,grand_wren1771,2026-04-07T18:29:36.000+09:00,304
n7ef1c2b27beb,10317378,ｋG,kbrs1017,2026-04-07T18:00:04.000+09:00,2092
n7ef1c2b27beb,5672952,▶︎マインドフルネス瞑想！美力アップ気功トレーナーHOKI ！ ,hokilee823,2026-04-07T17:06:26.000+09:00,1369
n7ef1c2b27beb,13414791,チェルキング,cheruki,2026-04-07T16:25:14.000+09:00,334
n7ef1c2b27beb,13971849,モリカ 恋愛/人間関係,mmnmmnmmn,2026-04-07T16:23:25.000+09:00,413
n7ef1c2b27beb,14024326,行雲流水（こううんりゅうすい）,hearty_myrtle578,2026-04-07T15:52:43.000+09:00,344
n7ef1c2b27beb,12395798,yuta1066,tender_sorrel283,2026-04-07T14:10:50.000+09:00,196
n7ef1c2b27beb,6368467,山下長幸｜Orion-Commander-Zero,eionken,2026-04-07T14:10:00.000+09:00,527
n7ef1c2b27beb,12959930,チャチャビー,chachabee,2026-04-07T13:57:35.000+09:00,780
n7ef1c2b27beb,13565004,ボート予想師 KAI,keen_quokka458,2026-04-07T12:57:12.000+09:00,211
n7ef1c2b27beb,12847647,黒野,kuro_yuki2025,2026-04-07T12:56:30.000+09:00,301
n7ef1c2b27beb,1945245,ソルト,real_rat4598,2026-04-07T12:09:35.000+09:00,208
n7ef1c2b27beb,13325978,森田敏宏,dr_morita,2026-04-07T11:32:18.000+09:00,493
n7ef1c2b27beb,10069756,うどあり│キャリア逆転の美学,udoari_imagine,2026-04-07T10:06:08.000+09:00,461
n7ef1c2b27beb,11359513,安達｢チーム🦁｣｜AIと共闘し600を必達する者,takayukiadachi,2026-04-07T09:53:55.000+09:00,944
n7ef1c2b27beb,13963456,おいちゃん,oichan_0706,2026-04-07T09:08:35.000+09:00,433
n7ef1c2b27beb,12177330,かめボー,sane_turkey8767,2026-04-07T09:03:13.000+09:00,1113
n7ef1c2b27beb,10788474,toshi,toshi9173,2026-04-07T08:46:51.000+09:00,2027
n7ef1c2b27beb,13711976,じぞうや無空の言霊 〜『証拠』〜,jizouya_muku369,2026-04-07T08:18:30.000+09:00,74
n7ef1c2b27beb,12541672,たくみやパパ｜中小企業診断士勉強中,fast_skink3781,2026-04-07T08:10:02.000+09:00,424
n7ef1c2b27beb,11561590,かえるこ | Kaeruko,serene_pansy617,2026-04-07T07:49:36.000+09:00,4177
n7ef1c2b27beb,1603747,ソブリン@毒抜きダイエット,be_style,2026-04-07T07:36:44.000+09:00,616
n7ef1c2b27beb,4735221,フルスイング日比野,daisuke20230328,2026-04-07T07:15:28.000+09:00,98
n7ef1c2b27beb,11840255,鈴森よいほ｜AIコンテンツ／思想型クリエイター,yoiho25june,2026-04-07T07:13:44.000+09:00,961
n7ef1c2b27beb,1019769,とりむね｜ガリガリ体型を変える筋トレ,sgt0511,2026-04-07T07:11:48.000+09:00,1269
n7ef1c2b27beb,12591374,ケンタロウ/gr.minpaku,merry_robin6845,2026-04-07T07:02:40.000+09:00,471
n7ef1c2b27beb,13236272,ZAKKY −営業サポート,mild_stoat3315,2026-04-07T06:57:38.000+09:00,273
n7ef1c2b27beb,13832007,古市諒 ふるいちりょう,ryokun0306,2026-04-07T06:05:49.000+09:00,332
n7ef1c2b27beb,13302210,なぎの,charm_tucan8160,2026-04-07T06:01:24.000+09:00,1152
n7ef1c2b27beb,13906949,思考整理ノート｜40代会社員,think_note_log,2026-04-07T05:34:48.000+09:00,271
n7ef1c2b27beb,13906002,Nori トレ,norifitness2026,2026-04-07T05:20:28.000+09:00,132
n7ef1c2b27beb,14111060,のあ,ovanova,2026-04-07T03:31:28.000+09:00,2769
n7ef1c2b27beb,12157269,ken ｜ 完全無課金AI戦略 × note運営,noted_sheep3883,2026-04-07T00:52:19.000+09:00,3213
n7ef1c2b27beb,12806920,みあ,bold_hawk9783,2026-04-07T00:32:57.000+09:00,341
n7ef1c2b27beb,13430194,あきまむ,fond_shark9221,2026-04-07T00:04:10.000+09:00,213
n7ef1c2b27beb,12624691,あん｜noteと遊ぶ,aging_gracefully,2026-04-06T23:26:06.000+09:00,1218
n7ef1c2b27beb,10517876,向日葵じまにゃん🌻,jimanyan,2026-04-06T23:25:22.000+09:00,1881
n7ef1c2b27beb,13573046,ゆるテク,yurutech_lab,2026-04-06T23:17:41.000+09:00,76
n7ef1c2b27beb,13501300,aidahogwarts,aidahogwarts,2026-04-06T23:04:52.000+09:00,280
n7ef1c2b27beb,12885021,ただのかくひと。,tadanokakuhito,2026-04-06T22:48:53.000+09:00,70
n7ef1c2b27beb,4877017,須川元介/情報翻訳家,skagenavi,2026-04-06T22:48:28.000+09:00,2312
n7ef1c2b27beb,6905415,豹子頭 林冲,hyousitou,2026-04-06T22:12:21.000+09:00,269
n7ef1c2b27beb,13637621,月見草へらさん🌙🌼｜Smiling Soul,herarin_create,2026-04-06T22:11:27.000+09:00,11
n7ef1c2b27beb,13883662,はるひ｜小さな習慣で引き寄せ,haruhi_attract,2026-04-06T22:09:56.000+09:00,524
n7ef1c2b27beb,11634537,ナオユキ｜物語と知識のコンシェルジュ,ai_naoyuki,2026-04-06T22:08:18.000+09:00,2968
n7ef1c2b27beb,13790780,タイワンオオカミ,mazinger0528,2026-04-06T21:59:55.000+09:00,577
n7ef1c2b27beb,10175064,雪綴ゆき,wise_rat6355,2026-04-06T21:52:24.000+09:00,6352
n7ef1c2b27beb,5738970,営業fafa | note業界No.1営業マン,kohana1112,2026-04-06T21:42:46.000+09:00,1394
n7ef1c2b27beb,13900618,sophie,scribble_1000,2026-04-06T21:30:31.000+09:00,792
n7ef1c2b27beb,11871913,JOWRAKU,jowraku,2026-04-06T21:27:24.000+09:00,518
n7ef1c2b27beb,14016957,会社サバイバー,chikuwamon,2026-04-06T21:26:55.000+09:00,698
n7ef1c2b27beb,13476435,のんびり先生,sensei_enjoy,2026-04-06T21:23:05.000+09:00,906
n7ef1c2b27beb,1909619,シゲク@note初心者全力応援,shigekumasaku,2026-04-06T21:17:55.000+09:00,6169
n27e90b40994d,13163455,KOTAYA | 今日はこれで合格,kotaya_log,2026-05-31T14:02:07.000+09:00,2785
n27e90b40994d,14368789,しらたま,shiratama_neko,2026-05-19T19:38:21.000+09:00,4
n27e90b40994d,8857122,うるるん,nice_daisy957,2026-05-14T18:09:04.000+09:00,995
n27e90b40994d,13079732,ＣＯＯＬ,vast_tulip7937,2026-05-12T19:35:45.000+09:00,1135
n27e90b40994d,13366653,ぱぴさん,papi_san,2026-05-11T18:49:29.000+09:00,291
n27e90b40994d,14173883,椎名ゆず 爆モテのトリセツ | 抱かれたい男になるためには,renai_kaizen_,2026-05-06T12:22:16.000+09:00,1071
n27e90b40994d,10750843,Takanashi（たかなし）,takanashi_note01,2026-05-01T21:57:49.000+09:00,1187
n27e90b40994d,13367974,Thanks AI,pure_donkey7007,2026-04-30T06:16:44.000+09:00,1090
n27e90b40994d,11975219,ぽんす＠不動産営業,house_pon1134,2026-04-27T14:49:47.000+09:00,111
n27e90b40994d,7834856,ゆうPPMS,ppmsyu,2026-04-27T06:16:35.000+09:00,148
n27e90b40994d,12232616,デジさしみ | IT現場の効率家,digital_sashimi,2026-04-22T03:46:17.000+09:00,564
n27e90b40994d,10097507,華子,genial_spirea716,2026-04-20T06:47:07.000+09:00,1070
n27e90b40994d,14116511,なぜ滅びたのか研究所,famous_hyena1783,2026-04-19T20:33:31.000+09:00,152
n27e90b40994d,13107123,ランマッスル,runmuscle_m,2026-04-19T09:39:54.000+09:00,4000
n27e90b40994d,12669278,飯泉ひろみ　Hiromi Iizumi With Picoai♾️,mr_nyango,2026-04-19T01:17:41.000+09:00,515
n27e90b40994d,12949168,不真面目小児科医　しうまい,misasyu5,2026-04-18T23:46:47.000+09:00,540
n27e90b40994d,1909619,シゲク@note初心者全力応援,shigekumasaku,2026-04-18T21:58:00.000+09:00,6169
n27e90b40994d,13176209,オクオク君(億万長者君),honest_flax8068,2026-04-17T10:22:10.000+09:00,1214
n27e90b40994d,12712176,DJAir/Noesis.Lab,djair_mo4ne,2026-04-16T22:30:01.000+09:00,1062
n27e90b40994d,14225714,ハートのK｜転職コンサル＆ビジネススキル発信,hart_k1313,2026-04-16T11:04:09.000+09:00,233
n27e90b40994d,11574500,ふらつき母ちゃん 〜今日も全力空回り！〜,dear_viper3924,2026-04-16T07:58:16.000+09:00,806
n27e90b40994d,12185509,ととのえ｜IT・AI推進の文系副業会社員｜仕事も暮らしもやさしく整える,odayaka_worklife,2026-04-15T20:51:53.000+09:00,1089
n27e90b40994d,7380249,みっちー｜フィレンツェのアンティーク修復士,mico_it,2026-04-13T05:03:21.000+09:00,477
n27e90b40994d,12184384,嘉山洋輔 | ディープテック事業実装,choujin,2026-04-13T04:40:09.000+09:00,25
n27e90b40994d,12184556,空波DX100%,happy_echium7563,2026-04-12T23:49:15.000+09:00,6864
n27e90b40994d,13263301,yukidaruma×仕事note｜フォロバ100,yukidaruma226,2026-04-12T19:36:56.000+09:00,946
n27e90b40994d,4859491,スイッチくん🐻😊 │ 自作LLMを趣味で、開発🌈,switchkun_2103,2026-04-12T08:50:04.000+09:00,678
n27e90b40994d,13574007,🍀ベンジャミン🍀,noble_spirea7217,2026-04-12T08:03:59.000+09:00,767
n27e90b40994d,10365861,こんの りょうこ｜まるっとOKコーチ,coach_ryoko,2026-04-12T07:58:49.000+09:00,533
n27e90b40994d,8911867,ルルトアヤコ,lovely_coyote546,2026-04-12T04:04:38.000+09:00,2648
n27e90b40994d,11742994,薄紫もと　,fresh_loris1944,2026-04-11T22:41:29.000+09:00,3113
n27e90b40994d,4887086,はんく・シュンタナ🐤『塩化ビニール系女子』AIクリエイター兼プロデューサー,hunk_shuntana,2026-04-11T20:08:30.000+09:00,618
n27e90b40994d,13037359,丁寧な暮らし/生きやすさ探求家,gentle_gecko1078,2026-04-11T18:39:32.000+09:00,283
n27e90b40994d,13572010,ちゃんすけ,chansuke098,2026-04-11T16:03:51.000+09:00,343
n27e90b40994d,13055026,作業療法士(OT)@まるさん　｜【朝がつらい人へ】心・体・生活を　　まぁるく🌸整えます,reha_tsukuru,2026-04-11T15:27:04.000+09:00,5488
n27e90b40994d,13989576,アールグレイ,jolly_garlic5361,2026-04-11T15:11:16.000+09:00,469
n27e90b40994d,11973177,るこのみらい,ruco3,2026-04-11T11:59:23.000+09:00,2014
n27e90b40994d,12465066,Shoji ｜未来小説,anomie1,2026-04-11T10:22:20.000+09:00,1208
n27e90b40994d,12625776,あいかとあーる,aicar222,2026-04-11T06:25:00.000+09:00,521
n27e90b40994d,11837112,もぐら,mogurabooks,2026-04-11T05:12:56.000+09:00,214
n27e90b40994d,4472775,あまね〘ฅ՞•ﻌ•՞ฅฅ^•ﻌ•^ฅ〙,almabrillante,2026-04-11T00:35:55.000+09:00,842
n27e90b40994d,12505332,たつ｜挑戦を習慣にする人,tatsu_challenge,2026-04-11T00:14:06.000+09:00,448
n27e90b40994d,12516832,和田雄三｜AI×心理ブランディングデザイナー,glad_dill2129,2026-04-10T23:02:10.000+09:00,812
n27e90b40994d,12411966,ルー＝シャーナ（ルーシャーナ）｜感覚をことばにする往復便,jolly_lupine2962,2026-04-10T22:17:52.000+09:00,2299
n27e90b40994d,8557824,余白ちゃん｜感情【生きづらさ】の翻訳家,yohaku_work,2026-04-10T21:21:51.000+09:00,1014
n27e90b40994d,12775322,カワムラ｜AI擬人化漫画 | ChatGPTのヨシダ,chatgpt_ysd,2026-04-10T21:20:23.000+09:00,1842
n27e90b40994d,13628596,あちゃぴん,ready_toucan740,2026-04-10T21:17:44.000+09:00,167
n27e90b40994d,13281186,さくさく|そっと寄り添う日々,jidoukan_judge,2026-04-10T21:12:33.000+09:00,1661
n27e90b40994d,11656618,みるこ┊︎心と子育て,miruko_life,2026-04-10T20:30:27.000+09:00,182
n27e90b40994d,11474190,断罪と慈愛の歌詠み師 UTAKO,bold_slug9390,2026-04-10T20:27:09.000+09:00,500
n27e90b40994d,12417301,すみれ,genial_wren230,2026-04-10T20:08:18.000+09:00,296
n27e90b40994d,11520820,日光の眠り猫,ripe_thyme6066,2026-04-10T18:15:06.000+09:00,1199
n27e90b40994d,13936766,設定を読む人,setting_reader,2026-04-10T17:40:33.000+09:00,311
n27e90b40994d,13913383,紅鮭の幻影：湘南の片隅で,totoryo1976,2026-04-10T04:32:35.000+09:00,272
n27e90b40994d,13813515,もりあおな,mori_hikaru,2026-04-09T17:55:31.000+09:00,670
n27e90b40994d,12380860,パタコ,auwa_44,2026-04-09T17:03:31.000+09:00,2290
n27e90b40994d,13027595,こーき｜心が少し軽くなる場所,i_am_151cm_boy,2026-04-09T14:16:20.000+09:00,1176
n27e90b40994d,13083222,ゆめ田貫,grand_drake4937,2026-04-09T13:00:57.000+09:00,154
n27e90b40994d,13923592,shiro,hoppe_mc02,2026-04-09T12:08:13.000+09:00,91
n27e90b40994d,10028524,AIM PHOENIX,aim_phoenix,2026-04-09T08:40:10.000+09:00,705
n27e90b40994d,13405464,木漏れ日亭,komorebi_tei,2026-04-09T05:48:46.000+09:00,584
n27e90b40994d,13832125,しろみ.ささま,siromi_sasama,2026-04-08T23:48:25.000+09:00,588
n27e90b40994d,12806920,みあ,bold_hawk9783,2026-04-08T14:42:49.000+09:00,341
n27e90b40994d,13455319,やさしい命の風,genial_jaguar976,2026-04-08T13:34:51.000+09:00,1313
n27e90b40994d,14065526,みんなの筋トレ雑学【筋肉チャンネル】,kinnikutuu_yabai,2026-04-08T13:25:40.000+09:00,69
n27e90b40994d,12686110,4番目,4banmebunko,2026-04-08T12:51:34.000+09:00,1079
n27e90b40994d,12503829,gentlereads |.naru,vivid_panda7082,2026-04-08T12:26:40.000+09:00,1273
n27e90b40994d,2667446,Taka｜AIを使い倒すエンジニアの『ゼロ円ひとり起業』奮闘記,takah_note,2026-04-08T07:49:09.000+09:00,768
n27e90b40994d,13066168,はるねずみ｜note副業０→１応援,kasegu5haru,2026-04-08T02:15:03.000+09:00,1551
n27e90b40994d,5067328,やまた。@AI副業の自転車操業日記,yamatantan,2026-04-07T22:03:23.000+09:00,18
n27e90b40994d,2985125,sakita,limber_myrtle968,2026-04-07T18:44:11.000+09:00,989
n27e90b40994d,10563757,まーくん先生 THEハイブリッド和尚,loyal_impala7737,2026-04-07T18:26:51.000+09:00,382
n27e90b40994d,12847627,近藤裕規＠プレゼンベーシックスクールてらこや,mute_newt1424,2026-04-07T17:49:51.000+09:00,617
n27e90b40994d,13518694,Kazu,kazu_siii,2026-04-07T07:58:27.000+09:00,505
n27e90b40994d,11840255,鈴森よいほ｜AIコンテンツ／思想型クリエイター,yoiho25june,2026-04-07T07:13:05.000+09:00,961
n27e90b40994d,8713102,うさぎ先生｜暮らしとつながるやさしい社会,usagi_sensei,2026-04-07T00:53:29.000+09:00,332
n27e90b40994d,13955955,taka｜障害年金で暮らしを楽に,hataraku_piechan,2026-04-06T21:58:12.000+09:00,138
n27e90b40994d,11655556,だーめん,daamen_train2106,2026-04-06T20:18:45.000+09:00,93
n27e90b40994d,4008041,ひと,harudaisuki1,2026-04-06T19:32:50.000+09:00,240
n27e90b40994d,14096335,hasumi,hasumi_24,2026-04-06T19:13:43.000+09:00,103
n27e90b40994d,13273911,斉川ニア ｜ AI漫画,vast_lily4547,2026-04-06T17:19:19.000+09:00,448
n27e90b40994d,11633237,Smile house FIS,yutaka0322,2026-04-06T13:17:24.000+09:00,301
n27e90b40994d,13911087,ちっぷのこころ🎡,lovely_stork7575,2026-04-06T13:12:40.000+09:00,401
n27e90b40994d,14074468,さな｜詐欺被害からやり直し中のママ,wise_zinnia3814,2026-04-06T13:04:02.000+09:00,175
n27e90b40994d,11688969,株式会社SORAMICHI,soramichicoltd,2026-04-06T11:37:16.000+09:00,153
n27e90b40994d,13300647,のぞみ｜人生はもっと自由で良い【note×メルマガで半自動収益】＠フォロバ100,nozominote123,2026-04-06T10:25:33.000+09:00,1109
n27e90b40994d,13942687,【年2億受注リフォーム営業】CITYUP,city_up2016,2026-04-06T09:41:53.000+09:00,335
n27e90b40994d,10632506,パパリーマンのワクワク日記,wakuwakubp,2026-04-06T09:14:27.000+09:00,14097
n27e90b40994d,9974011,Kyoko@TODAY DESIGN OFFICE,todaydesign03,2026-04-06T08:58:36.000+09:00,232
n27e90b40994d,13573046,ゆるテク,yurutech_lab,2026-04-06T07:49:25.000+09:00,76
n27e90b40994d,14006810,艶姫,aoio062610,2026-04-06T07:36:46.000+09:00,560
n27e90b40994d,6173669,Grace Light ─ 星に導かれて,gracelight,2026-04-06T07:36:02.000+09:00,953
n27e90b40994d,12878994,すずたく@現役住宅営業,charm_otter2405,2026-04-06T00:07:12.000+09:00,1873
n27e90b40994d,8727671,秋月みりーほ | 書くこと、小さな仕事,mysterylovemom,2026-04-06T00:00:30.000+09:00,1922
n27e90b40994d,13140757,雪詠｜ゆきよみ,yukiyomi,2026-04-05T23:42:17.000+09:00,808
n27e90b40994d,12954204,行動デザイン営業コーチ｜行動設計士,koudou_coach,2026-04-05T23:25:36.000+09:00,1635
n27e90b40994d,13382450,take_chin,vivid_borage3113,2026-04-05T21:51:27.000+09:00,1429
n27e90b40994d,13729446,🌿50代からの逆転人生サポーターALPHAZ/マユ,mayu_asou,2026-04-05T20:00:38.000+09:00,725
n27e90b40994d,9001504,Hideyuki Matsui,relative,2026-04-05T19:26:35.000+09:00,417
n27e90b40994d,6744372,森の子　罠猟師になった私,brave_ixora6,2026-04-05T19:01:50.000+09:00,477
n27e90b40994d,12517701,アップデ子♾️星を使って現実を動かすナビゲーター💫,aiupdeco,2026-04-05T18:40:13.000+09:00,1911
n27e90b40994d,11259399,売り込まない営業を翻訳するnote｜那須清幸,hip_mimosa9220,2026-04-05T16:11:25.000+09:00,987
n27e90b40994d,336247,kazu@生成AI×教育 / 谷 一徳 | AI Academy / AI顧問,kazu_t,2026-04-05T15:09:04.000+09:00,8968
n27e90b40994d,13883662,はるひ｜小さな習慣で引き寄せ,haruhi_attract,2026-04-05T13:48:16.000+09:00,524
n27e90b40994d,8438,しんのすけ,syanada,2026-04-05T12:58:06.000+09:00,820
n27e90b40994d,7119277,🌳杜の投資屋🐸まー×珈琲屋☕️,brainy_quince872,2026-04-05T12:25:41.000+09:00,870
n27e90b40994d,10646763,雪国ゆり⛄️逃げられない場所で戦う人へ,yuriri_love202,2026-04-05T11:51:30.000+09:00,446
n27e90b40994d,13327394,経営改善研究室,keieikaizen,2026-04-05T11:22:39.000+09:00,1259
n27e90b40994d,636941,ヨッシャー,quick_badger1303,2026-04-05T10:56:36.000+09:00,293
n27e90b40994d,10878404,taiki｜事業成長とチーム作り,taiki0916,2026-04-05T10:38:59.000+09:00,823
n27e90b40994d,10517876,向日葵じまにゃん🌻,jimanyan,2026-04-05T10:29:02.000+09:00,1881
n27e90b40994d,5623026,健康雑学忍者,brainy_echium375,2026-04-05T09:57:30.000+09:00,1925
n27e90b40994d,9314794,現場営業まこ,lively_mole8041,2026-04-05T09:43:30.000+09:00,918
n27e90b40994d,4049113,まきさん,akamakimail,2026-04-05T09:39:38.000+09:00,1450
n27e90b40994d,13948950,うきた しょうだい/特定技能事業部/営業マネージャー,shodai_ukita,2026-04-05T08:43:42.000+09:00,364
n27e90b40994d,10847736,マインドフルネス瞑想コーチkazu,kazu2326,2026-04-05T08:33:08.000+09:00,130
n27e90b40994d,12320536,キタイダイ,clear_knot1605,2026-04-05T08:32:13.000+09:00,995
n27e90b40994d,4509042,猫の父さん@トトとチー,cat48_1010,2026-04-05T08:15:04.000+09:00,398
n27e90b40994d,12810505,なお|医療とお金と時々パパと。,medical_fp_man,2026-04-05T07:30:52.000+09:00,160
n27e90b40994d,13626446,たかしとアヌやん,takasi39,2026-04-05T07:17:16.000+09:00,602
n27e90b40994d,13147802,ハリーAI ｜ 整律師 × AIサポーター,cool_frog1331,2026-04-05T06:56:31.000+09:00,967
n27e90b40994d,9489656,MeGood,megood_1028,2026-04-05T06:56:05.000+09:00,61
n27e90b40994d,8166572,ひゅー｜AI×分析｜考察と思考整理を楽しむ。note,hyu_nisworks,2026-04-05T05:11:03.000+09:00,398
n27e90b40994d,4877017,須川元介/情報翻訳家,skagenavi,2026-04-05T03:08:27.000+09:00,2312
n27e90b40994d,12624691,あん｜noteと遊ぶ,aging_gracefully,2026-04-05T01:10:46.000+09:00,1218
n27e90b40994d,5835941,杉山浩司,lovely_curlew804,2026-04-05T00:33:46.000+09:00,3164
n27e90b40994d,12301144,ゆぴか ☀︎在宅で働きたい主婦（ちょっとワケあり）,tasty_quoll5392,2026-04-04T23:28:29.000+09:00,679
n27e90b40994d,13790780,タイワンオオカミ,mazinger0528,2026-04-04T23:24:28.000+09:00,577
n27e90b40994d,10401619,いのちの学校-はなやぎ,hanayagi_life,2026-04-04T22:49:30.000+09:00,3441
n27e90b40994d,11183265,杜まひろ｜Mahiro.Mori,i_mori_mahiro,2026-04-04T22:47:04.000+09:00,626
n27e90b40994d,12377105,まるよか,yokayoka5103,2026-04-04T22:45:33.000+09:00,1361
n27e90b40994d,10511593,しれネコ🐾｜迷子の気持ち、 ちょっと軽く,large_hosta3387,2026-04-04T22:37:55.000+09:00,613
n27e90b40994d,13846074,Livera |  心と技術の“架け橋”になりたい人,our_living_lab,2026-04-04T22:30:27.000+09:00,314
n27e90b40994d,12957187,アマドリウシロ,great_swan8128,2026-04-04T22:27:52.000+09:00,1053
n27e90b40994d,11586474,🌀 みーちゃんの脳内探検記 〜高次脳機能障害とチャッピーと〜,fair_prawn5222,2026-04-04T22:17:22.000+09:00,2658
n27e90b40994d,13430194,あきまむ,fond_shark9221,2026-04-04T22:05:15.000+09:00,213
n27e90b40994d,12301053,はるひこ,major_avocet8240,2026-04-04T22:02:31.000+09:00,1710
n27e90b40994d,13521153,山奥AI研究所,yamaokuai,2026-04-04T22:02:26.000+09:00,1900
n27e90b40994d,11484828,JAU |  臨床検査技師×医療副業,jau_jau1001,2026-04-04T22:00:06.000+09:00,1149
n27e90b40994d,13244049,Lala（らら）/5年契約のギリギリ公務員,aya_5vn,2026-04-04T21:58:10.000+09:00,695
n27e90b40994d,5828006,まなつ/突出マイノリティ列伝,tosshutsu_m,2026-04-04T21:57:05.000+09:00,6133
n27e90b40994d,13564398,ことばの余白,ready_hornet3417,2026-04-04T21:54:59.000+09:00,263
n27e90b40994d,10175064,雪綴ゆき,wise_rat6355,2026-04-04T21:52:30.000+09:00,6352
n27e90b40994d,11561590,かえるこ | Kaeruko,serene_pansy617,2026-04-04T21:26:04.000+09:00,4177
n27e90b40994d,2364826,andy｜投資・仕事・noteを、データで育てている人,andrewwaldfeld,2026-04-04T21:22:49.000+09:00,793
n27e90b40994d,13444713,サンチ |  アラフィフ × チューバで人生再起動,placeoforigin26,2026-04-04T21:22:47.000+09:00,315
n27e90b40994d,13613385,羅生門SKY,codex_strategy,2026-04-04T21:19:32.000+09:00,418
n27e90b40994d,13884737,空月,crisp_plover9758,2026-04-04T21:14:08.000+09:00,738
n27e90b40994d,5738970,営業fafa | note業界No.1営業マン,kohana1112,2026-04-04T21:12:13.000+09:00,1394
n27e90b40994d,12885021,ただのかくひと。,tadanokakuhito,2026-04-04T21:09:17.000+09:00,70
n27e90b40994d,6905415,豹子頭 林冲,hyousitou,2026-04-04T21:02:58.000+09:00,269
n27e90b40994d,11359513,安達｢チーム🦁｣｜AIと共闘し600を必達する者,takayukiadachi,2026-04-04T21:00:08.000+09:00,944
n27e90b40994d,13498813,様々,bold_tucan2026,2026-04-04T20:55:07.000+09:00,549
n27e90b40994d,14051595,サブGRAY,sub_gray,2026-04-04T20:54:56.000+09:00,10
n27e90b40994d,12568539,satoyu｜ゆるガチおうち英語,yurugachienglish,2026-04-04T20:52:04.000+09:00,558
n27e90b40994d,11634537,ナオユキ｜物語と知識のコンシェルジュ,ai_naoyuki,2026-04-04T20:51:57.000+09:00,2968
n27e90b40994d,12694390,ムギさん,clever_willet813,2026-04-04T20:50:01.000+09:00,703
nf45f7d36c5b5,13163455,KOTAYA | 今日はこれで合格,kotaya_log,2026-05-31T14:45:56.000+09:00,2785
nf45f7d36c5b5,13927059,はる,haru_growth,2026-05-20T15:05:24.000+09:00,243
nf45f7d36c5b5,9032133,北原　30代後半　東京都２３区　【フォロバ１００】,leal_falcon160,2026-05-04T17:43:10.000+09:00,1199
nf45f7d36c5b5,8127886,青い空日和,aoisora374,2026-05-02T14:01:50.000+09:00,498
nf45f7d36c5b5,12377105,まるよか,yokayoka5103,2026-05-01T05:55:19.000+09:00,1361
nf45f7d36c5b5,14116511,なぜ滅びたのか研究所,famous_hyena1783,2026-04-19T20:33:28.000+09:00,152
nf45f7d36c5b5,11574500,ふらつき母ちゃん 〜今日も全力空回り！〜,dear_viper3924,2026-04-16T08:00:55.000+09:00,806
nf45f7d36c5b5,13574007,🍀ベンジャミン🍀,noble_spirea7217,2026-04-12T08:38:55.000+09:00,767
nf45f7d36c5b5,11474190,断罪と慈愛の歌詠み師 UTAKO,bold_slug9390,2026-04-12T01:21:05.000+09:00,500
nf45f7d36c5b5,2622560,丸々,ul_3k,2026-04-11T15:42:24.000+09:00,390
nf45f7d36c5b5,12503829,gentlereads |.naru,vivid_panda7082,2026-04-11T09:22:36.000+09:00,1273
nf45f7d36c5b5,2755847,小山 睦男　書籍コーディネータ,koyamamutsuo2020,2026-04-08T13:58:50.000+09:00,277
nf45f7d36c5b5,11172786,しゅうもん　家族4人で世界一周中,clean_hippo4268,2026-04-08T06:53:01.000+09:00,320
nf45f7d36c5b5,14059585,天使のフライ,alive_acacia2956,2026-04-07T22:45:27.000+09:00,49
nf45f7d36c5b5,8819283,D係長,joyous_deer190,2026-04-07T20:34:14.000+09:00,157
nf45f7d36c5b5,5504381,KeithU  内田啓太（ウチダケイタ）,keithu116,2026-04-06T19:47:22.000+09:00,293
nf45f7d36c5b5,7497346,"ふうた🌟50代からの""HAPPY-2ND-LIFE""",tangstream,2026-04-06T17:39:13.000+09:00,5560
nf45f7d36c5b5,13911087,ちっぷのこころ🎡,lovely_stork7575,2026-04-06T13:12:06.000+09:00,401
nf45f7d36c5b5,12472805,MuJun｜論理で選ぶ音楽処方箋,mujun_music512,2026-04-06T12:28:41.000+09:00,702
nf45f7d36c5b5,7823822,はぐれパパ＠詩人失格,papa411477,2026-04-05T14:30:44.000+09:00,71
nf45f7d36c5b5,13564398,ことばの余白,ready_hornet3417,2026-04-05T12:27:12.000+09:00,263
nf45f7d36c5b5,11204253,スピードシステム,chic_borage6931,2026-04-05T10:51:27.000+09:00,229
nf45f7d36c5b5,13948950,うきた しょうだい/特定技能事業部/営業マネージャー,shodai_ukita,2026-04-05T08:43:43.000+09:00,364
nf45f7d36c5b5,13883662,はるひ｜小さな習慣で引き寄せ,haruhi_attract,2026-04-04T20:37:30.000+09:00,524
nf45f7d36c5b5,13613385,羅生門SKY,codex_strategy,2026-04-04T15:21:17.000+09:00,418
nf45f7d36c5b5,13937791,acinori,quiet_lily9536,2026-04-04T15:18:57.000+09:00,251
nf45f7d36c5b5,13649229,30年朝ごはん職人,asagohan_system,2026-04-04T12:01:31.000+09:00,1197
nf45f7d36c5b5,1204709,トキムネ,tokimune64,2026-04-04T10:36:03.000+09:00,699
nf45f7d36c5b5,12051492,さわめぐみ（旧Jodie）,noble_mimosa960,2026-04-04T09:07:43.000+09:00,385
nf45f7d36c5b5,13793912,アンダルシア,jazzy_serval4030,2026-04-04T09:06:47.000+09:00,135
nf45f7d36c5b5,5444260,ほくりくFIT就活,eiji_nozaki,2026-04-04T08:51:21.000+09:00,151
nf45f7d36c5b5,2788557,ありのままの自分に戻る人生のナビゲーターMeg,smile513,2026-04-03T23:17:17.000+09:00,147
nf45f7d36c5b5,14057448,risa000,risa_room000,2026-04-03T23:03:40.000+09:00,338
nf45f7d36c5b5,5738970,営業fafa | note業界No.1営業マン,kohana1112,2026-04-03T21:20:21.000+09:00,1394
nf45f7d36c5b5,12465066,Shoji ｜未来小説,anomie1,2026-04-03T18:56:34.000+09:00,1208
nf45f7d36c5b5,14006810,艶姫,aoio062610,2026-04-03T18:28:46.000+09:00,560
nf45f7d36c5b5,10019106,ソロス・グレアム,non_stop_mix,2026-04-03T18:07:55.000+09:00,576
nf45f7d36c5b5,8356201,泣いてもやめない猫,lag_story,2026-04-03T16:50:32.000+09:00,316
nf45f7d36c5b5,1715549,aulora,aulora,2026-04-03T14:59:32.000+09:00,527
nf45f7d36c5b5,6977181,マサキ｜副業迷子の先生,masaki19860628,2026-04-03T13:34:59.000+09:00,4557
nf45f7d36c5b5,11840255,鈴森よいほ｜AIコンテンツ／思想型クリエイター,yoiho25june,2026-04-03T12:50:40.000+09:00,961
nf45f7d36c5b5,7278954,譬喩@理論構築技士,hatiskoll,2026-04-03T11:54:00.000+09:00,771
nf45f7d36c5b5,13399005,進学さん,glad_orchid963,2026-04-03T10:11:18.000+09:00,68
nf45f7d36c5b5,1909619,シゲク@note初心者全力応援,shigekumasaku,2026-04-03T10:05:07.000+09:00,6169
nf45f7d36c5b5,5828006,まなつ/突出マイノリティ列伝,tosshutsu_m,2026-04-03T09:16:24.000+09:00,6133
nf45f7d36c5b5,3337488,kasuga hiroshi,kasugahiroshi,2026-04-03T09:04:10.000+09:00,879
nf45f7d36c5b5,13315437,小林ヤスコ｜背中押し屋,gift4033,2026-04-03T07:50:29.000+09:00,190
nf45f7d36c5b5,12404502,幸せ太郎と桜桃一,fit_auklet4929,2026-04-03T07:25:24.000+09:00,1308
nf45f7d36c5b5,11473511,YAYOI@53歳今とご縁を大切にしたマネーライフを記事にするライター,yayoi08410616,2026-04-03T06:43:24.000+09:00,355
nf45f7d36c5b5,8518579,Re:gene｜モラハラ解決相談所,rumine_regene,2026-04-03T03:14:51.000+09:00,500
nf45f7d36c5b5,13986706,オールビギナー,beginner_pro2025,2026-04-03T00:12:37.000+09:00,211
nf45f7d36c5b5,11561590,かえるこ | Kaeruko,serene_pansy617,2026-04-03T00:07:22.000+09:00,4177
nf45f7d36c5b5,13304845,MIYAVI,firm_violet178,2026-04-02T23:52:55.000+09:00,352
nf45f7d36c5b5,12157269,ken ｜ 完全無課金AI戦略 × note運営,noted_sheep3883,2026-04-02T23:23:45.000+09:00,3213
nf45f7d36c5b5,13668273,T+（ティープラス）｜建築設計・省エネ計算支援,plus07,2026-04-02T23:21:16.000+09:00,158
nf45f7d36c5b5,13421737,クレマチス,legal_zephyr435,2026-04-02T22:54:50.000+09:00,924
nf45f7d36c5b5,4877017,須川元介/情報翻訳家,skagenavi,2026-04-02T22:33:56.000+09:00,2312
nf45f7d36c5b5,12624691,あん｜noteと遊ぶ,aging_gracefully,2026-04-02T22:26:25.000+09:00,1218
nf45f7d36c5b5,11484938,ぺぺ,easy_ferret3871,2026-04-02T22:17:30.000+09:00,916
nf45f7d36c5b5,10517876,向日葵じまにゃん🌻,jimanyan,2026-04-02T22:15:12.000+09:00,1881
nf45f7d36c5b5,13161722,おあつ,keen_pipit1182,2026-04-02T22:08:35.000+09:00,1514
nf45f7d36c5b5,13623910,河内家の日常｜サブ垢,kouchi_life_lab,2026-04-02T21:57:45.000+09:00,945
nf45f7d36c5b5,6905415,豹子頭 林冲,hyousitou,2026-04-02T21:53:03.000+09:00,269
nf45f7d36c5b5,13405464,木漏れ日亭,komorebi_tei,2026-04-02T21:52:31.000+09:00,584
nf45f7d36c5b5,13884737,空月,crisp_plover9758,2026-04-02T21:40:13.000+09:00,738
nf45f7d36c5b5,14051595,サブGRAY,sub_gray,2026-04-02T21:16:01.000+09:00,10
nf45f7d36c5b5,10175064,雪綴ゆき,wise_rat6355,2026-04-02T21:15:23.000+09:00,6352
n232575dc8be3,8857122,うるるん,nice_daisy957,2026-05-23T17:17:38.000+09:00,995
n232575dc8be3,5330022,Marie | まりーの小さな⚙️歯車⚙️ラボ🔬,marie_222,2026-05-22T06:39:44.000+09:00,23
n232575dc8be3,12032174,yayachico,open_magpie7814,2026-05-13T09:58:13.000+09:00,101
n232575dc8be3,9032133,北原　30代後半　東京都２３区　【フォロバ１００】,leal_falcon160,2026-05-09T20:30:51.000+09:00,1199
n232575dc8be3,12377105,まるよか,yokayoka5103,2026-05-01T05:50:34.000+09:00,1361
n232575dc8be3,13367974,Thanks AI,pure_donkey7007,2026-04-30T06:16:49.000+09:00,1090
n232575dc8be3,14116511,なぜ滅びたのか研究所,famous_hyena1783,2026-04-19T20:33:35.000+09:00,152
n232575dc8be3,8543068,panda,panda_48,2026-04-17T17:54:57.000+09:00,1814
n232575dc8be3,1065913, ダンちゃん｜映画解体評論家,cinephileangel,2026-04-15T19:22:06.000+09:00,1656
n232575dc8be3,1106367,星 ゆきこ,keen_phlox7656,2026-04-15T16:08:54.000+09:00,154
n232575dc8be3,11624730,無口,lucky_ferret8634,2026-04-15T15:30:43.000+09:00,1033
n232575dc8be3,8911867,ルルトアヤコ,lovely_coyote546,2026-04-15T08:57:32.000+09:00,2648
n232575dc8be3,14105941,K-Bull,brave_zinnia4077,2026-04-15T06:24:09.000+09:00,138
n232575dc8be3,4472775,あまね〘ฅ՞•ﻌ•՞ฅฅ^•ﻌ•^ฅ〙,almabrillante,2026-04-12T23:17:18.000+09:00,842
n232575dc8be3,13574007,🍀ベンジャミン🍀,noble_spirea7217,2026-04-12T08:05:33.000+09:00,767
n232575dc8be3,13775236,むらかみこういちとソラノエ塾,firm_nerine8803,2026-04-12T05:16:45.000+09:00,96
n232575dc8be3,2622560,丸々,ul_3k,2026-04-11T15:42:04.000+09:00,390
n232575dc8be3,14060433,Bluebell diary🌿,modern_llama1047,2026-04-11T08:57:28.000+09:00,175
n232575dc8be3,13569251,おに｜50代からのSNSを使わないnote副業,mikamero_work,2026-04-10T18:11:51.000+09:00,442
n232575dc8be3,13338010,ユラ｜思考実験の記録,whatif_lab,2026-04-10T16:02:35.000+09:00,737
n232575dc8be3,12132057,まろん|AI×noteの元帥,marronsan3675,2026-04-10T00:24:05.000+09:00,253
n232575dc8be3,12890191,miya,merry_godwit6869,2026-04-09T12:58:54.000+09:00,1073
n232575dc8be3,13107123,ランマッスル,runmuscle_m,2026-04-09T12:41:47.000+09:00,4000
n232575dc8be3,14021817,伊藤信博｜Nobu Ito,nobuito,2026-04-09T06:59:07.000+09:00,40
n232575dc8be3,11626976,空野まゆみ〜まゆみぃ　一想一筆(いっそういっぴつ) 〜あなたの想いを筆文字に,mayumee0601,2026-04-09T06:04:20.000+09:00,217
n232575dc8be3,13773889,piro,shiriki519,2026-04-08T22:14:48.000+09:00,231
n232575dc8be3,7194390,yoshitsugu,yoshitsugu2023,2026-04-07T22:35:54.000+09:00,36
n232575dc8be3,8819283,D係長,joyous_deer190,2026-04-07T20:35:05.000+09:00,157
n232575dc8be3,2089133,柴崎（銀河企画；ゲーム開発＋出版社）,sbskgng,2026-04-07T18:28:54.000+09:00,2554
n232575dc8be3,13545644,ましま,jazzy_seal2696,2026-04-06T20:42:09.000+09:00,63
n232575dc8be3,12472805,MuJun｜論理で選ぶ音楽処方箋,mujun_music512,2026-04-06T12:28:39.000+09:00,702
n232575dc8be3,10053835,コケ丸,archimedes4989,2026-04-05T20:58:16.000+09:00,1670
n232575dc8be3,13720276,あいだ・まこと,brisk_chives4545,2026-04-05T14:22:21.000+09:00,137
n232575dc8be3,13782269,伊藤 宣久 | ゴルフライフ エバンジェリスト,norihisaito,2026-04-05T10:34:20.000+09:00,213
n232575dc8be3,12224132,Dr.Yellow,doctor_yellow_,2026-04-04T23:39:26.000+09:00,347
n232575dc8be3,13900618,sophie,scribble_1000,2026-04-04T21:11:33.000+09:00,792
n232575dc8be3,11641519,kou,kou1222,2026-04-04T16:04:28.000+09:00,643
n232575dc8be3,13613385,羅生門SKY,codex_strategy,2026-04-04T15:22:10.000+09:00,418
n232575dc8be3,13893100,凜実ケア　(@フォロバ100),rinmicare2026,2026-04-04T12:31:36.000+09:00,275
n232575dc8be3,13877947,つばめ先生｜不器用な誠実さを「強み」に変え、明日を楽にする伴走者,tsubame_sensei,2026-04-04T07:43:52.000+09:00,676
n232575dc8be3,13811381,きこちゃんニコニコ,juicy_lion2462,2026-04-03T23:24:55.000+09:00,19
n232575dc8be3,14055771,篁蒔埜,holy_gerbil2254,2026-04-03T22:13:24.000+09:00,174
n232575dc8be3,12465066,Shoji ｜未来小説,anomie1,2026-04-03T18:56:35.000+09:00,1208
n232575dc8be3,11973177,るこのみらい,ruco3,2026-04-03T17:28:44.000+09:00,2014
n232575dc8be3,12099116,AI現場参謀,large_zephyr8876,2026-04-03T13:39:06.000+09:00,590
n232575dc8be3,12297006,みなてぃ,minaty_chronicle,2026-04-03T08:22:26.000+09:00,467
n232575dc8be3,13315437,小林ヤスコ｜背中押し屋,gift4033,2026-04-03T07:50:31.000+09:00,190
n232575dc8be3,11931484,SOP,q_thedog2,2026-04-03T06:24:53.000+09:00,814
n232575dc8be3,11840255,鈴森よいほ｜AIコンテンツ／思想型クリエイター,yoiho25june,2026-04-02T22:40:58.000+09:00,961
n232575dc8be3,13675958,たーまる,ta_maru_11,2026-04-02T22:38:18.000+09:00,457
n232575dc8be3,13849440,しらぬい,20260301_march,2026-04-02T21:36:56.000+09:00,722
n232575dc8be3,9281462,N氏,nakaikikaku,2026-04-02T21:30:28.000+09:00,1332
n232575dc8be3,12563512,毎日キバロー,great_turtle6689,2026-04-02T20:03:06.000+09:00,2852
n232575dc8be3,7515100,nonpono,nonpono,2026-04-02T18:50:40.000+09:00,325
n232575dc8be3,4034490,塩見智子/ アナウンサー歴46年 トータルスピーチコンサルタント,vsppresen,2026-04-02T18:49:47.000+09:00,282
n232575dc8be3,12168405,Choc.,choc_words,2026-04-02T18:30:34.000+09:00,1161
n232575dc8be3,5828006,まなつ/突出マイノリティ列伝,tosshutsu_m,2026-04-02T14:50:48.000+09:00,6133
n232575dc8be3,7278954,譬喩@理論構築技士,hatiskoll,2026-04-02T14:17:55.000+09:00,771
n232575dc8be3,12909162,鮭ノート！,syake2025,2026-04-02T14:02:18.000+09:00,443
n232575dc8be3,6367458,モアナちゃん　フォロバ100🥰,naov61221,2026-04-02T12:15:36.000+09:00,1113
n232575dc8be3,13721447,さまなさん,witty_iris4802,2026-04-02T11:33:56.000+09:00,1314
n232575dc8be3,12816465,けい@AIと共に未来を作るクリエイター🌈,ak_hikiyose,2026-04-02T10:43:23.000+09:00,6072
n232575dc8be3,12147140,AKARI,yushin1226,2026-04-02T10:29:04.000+09:00,385
n232575dc8be3,12957240,立石 遙 ,right_dahlia1622,2026-04-02T09:50:27.000+09:00,336
n232575dc8be3,11829382,NextStep_YK,gentle_jaguar782,2026-04-02T09:36:38.000+09:00,315
n232575dc8be3,13693346,anzu,quick_stoat6197,2026-04-02T09:35:56.000+09:00,453
n232575dc8be3,13864574,探偵のOSINT研究所,tantei_note,2026-04-02T09:33:08.000+09:00,792
n232575dc8be3,2640397,ベートーベン・日々をていねいに紡ぐ人（静かなベートーベンさんのファンです）,0100,2026-04-02T09:31:59.000+09:00,2056
n232575dc8be3,12081092,ツトム@一人暮らし男子の終活発信,tuishi_infor3582,2026-04-02T09:06:18.000+09:00,204
n232575dc8be3,13544522,本気⭐️葵,cool_peony8473,2026-04-02T08:58:36.000+09:00,282
n232575dc8be3,8534888,syorikononiwa,jolly_coyote275,2026-04-02T08:46:22.000+09:00,232
n232575dc8be3,1847351,kz0901,kz0901,2026-04-02T08:23:17.000+09:00,1466
n232575dc8be3,13513349,arinko｜副業・投資・お金の話,arinko_note_,2026-04-02T08:15:07.000+09:00,456
n232575dc8be3,11455606,サトマコ,satomako_1111,2026-04-02T08:13:58.000+09:00,304
n232575dc8be3,13221510,チ～タラさん,dandy_sorrel623,2026-04-02T07:12:40.000+09:00,839
n232575dc8be3,9489656,MeGood,megood_1028,2026-04-02T05:59:22.000+09:00,61
n232575dc8be3,11756147,US STOCKS NAVI,kohsaku_y,2026-04-02T05:32:55.000+09:00,1713
n232575dc8be3,13207492,猫とまとんʚ🍅ɞ,puriemon_cat,2026-04-02T02:53:06.000+09:00,344
n232575dc8be3,13326388,AiSekai,fair_minnow6247,2026-04-02T02:26:17.000+09:00,1942
n232575dc8be3,1190435,うめぼし三色,umebosi3colorses,2026-04-02T00:54:03.000+09:00,375
n232575dc8be3,10578680,＜ 京都黒いちじく ＞ おおつき農園,kyotootsuki,2026-04-02T00:21:31.000+09:00,1086
n232575dc8be3,7823822,はぐれパパ＠詩人失格,papa411477,2026-04-02T00:05:16.000+09:00,71
n232575dc8be3,12391716,もぐたんママ🎈|皆の笑顔を増やすnote@タラヲガールズ006,mogu0321_mam,2026-04-01T23:44:51.000+09:00,1666
n232575dc8be3,13115336,創成者の記録者,absolute_logic,2026-04-01T23:34:40.000+09:00,743
n232575dc8be3,2359839,Mits NISHIDA/西田光弘@パーマネントトラベラー&デジタルノマドスタイル,mits_nis,2026-04-01T23:30:34.000+09:00,9071
n232575dc8be3,12404502,幸せ太郎と桜桃一,fit_auklet4929,2026-04-01T23:20:35.000+09:00,1308
n232575dc8be3,13744991,インディミヤタ,tender_mimosa936,2026-04-01T23:09:42.000+09:00,34
n232575dc8be3,9949391,うっちー,ushiwaka_maru123,2026-04-01T22:54:06.000+09:00,1721
n232575dc8be3,3337488,kasuga hiroshi,kasugahiroshi,2026-04-01T22:34:43.000+09:00,879
n232575dc8be3,590467,ネーネ8008,kaichikun0358,2026-04-01T22:23:31.000+09:00,685
n232575dc8be3,9531148,作家Olive K,genial_magpie712,2026-04-01T22:17:29.000+09:00,286
n232575dc8be3,4203101,MIDI & ROID,midiandroid,2026-04-01T22:09:08.000+09:00,309
n232575dc8be3,12020254,林祥晃,humble_bison3129,2026-04-01T22:08:00.000+09:00,1099
n232575dc8be3,10425520,とりあえず、ブサネコ®　by  Y Harada,legal_clover3490,2026-04-01T22:02:32.000+09:00,704
n232575dc8be3,13536495,節税先生,setsuzei_sensei,2026-04-01T21:50:19.000+09:00,529
n232575dc8be3,13355825,みやまのつぐみ ～猫と過ごす穏やかな日々～,miyama_tsugumi,2026-04-01T21:48:32.000+09:00,255
n232575dc8be3,10959216,高坂涼介（こーさか）｜離職率60%→9%の修羅場再生請負人,ready_turtle5896,2026-04-01T21:48:13.000+09:00,853
n232575dc8be3,9142294,Ma-さん｜人生を遠回りしてきた先輩,major_ixia210,2026-04-01T21:45:34.000+09:00,489
n232575dc8be3,9156440,ホッチャレディー　あわんた,pure_wren5326,2026-04-01T21:44:34.000+09:00,1008
n232575dc8be3,13147802,ハリーAI ｜ 整律師 × AIサポーター,cool_frog1331,2026-04-01T21:39:40.000+09:00,967
n232575dc8be3,13164903,akiaki,cozy_iguana8458,2026-04-01T21:37:04.000+09:00,426
n232575dc8be3,2106382,杉岡廣嗣（チャカ）,kuwaikei,2026-04-01T21:34:10.000+09:00,471
n232575dc8be3,13986254,子どもGPSガイド,gps_kodomo,2026-04-01T21:29:30.000+09:00,400
n232575dc8be3,13320447,野良猫が好きな、ネコすぎ｜ショートショート書いています,nekosugi_117,2026-04-01T21:27:31.000+09:00,136
n232575dc8be3,13504210,だいき・結・紬＠AIと歩む人生攻略本,ai_and_pride,2026-04-01T21:23:32.000+09:00,419
n232575dc8be3,11702028,信太郎,yama_8160,2026-04-01T21:21:49.000+09:00,1372
n232575dc8be3,12285454,Yeahlph_GZ（イェルフ_ジーゼット）,lofty_myrtle1167,2026-04-01T21:19:53.000+09:00,561
n232575dc8be3,11857059,フォーチュンテラーさん,dapper_agapan802,2026-04-01T21:17:48.000+09:00,356
n232575dc8be3,8321162,サイボーグMSX,cyborgmsx,2026-04-01T21:09:46.000+09:00,2141
n232575dc8be3,11878886,きゅう｜暮らしととのえLabo,dear_duck9350,2026-04-01T21:09:09.000+09:00,1924
n232575dc8be3,11684991,はっしー5,brainy_coot4565,2026-04-01T21:03:20.000+09:00,50
n232575dc8be3,2914531,山岸博幸（親が倒れる前に、仕事・お金・家族関係を守る相談役）,career_and_life,2026-04-01T21:01:53.000+09:00,856
n232575dc8be3,14016957,会社サバイバー,chikuwamon,2026-04-01T20:58:51.000+09:00,698
n232575dc8be3,3518896,村松慎一 / 日々のやりくりから、未来の成長まで。あなたの会社の名脇役。,shinichi0820,2026-04-01T20:57:01.000+09:00,660
n232575dc8be3,10175064,雪綴ゆき,wise_rat6355,2026-04-01T20:25:13.000+09:00,6352
n232575dc8be3,13430194,あきまむ,fond_shark9221,2026-04-01T20:24:49.000+09:00,213
n232575dc8be3,13107073,ルパン・ザ・アート,lupin_the_art,2026-04-01T20:12:27.000+09:00,207
n232575dc8be3,7703704,清宮ゆうか｜年子兄妹のママ・薬剤師,yuka_k_mom,2026-04-01T18:56:36.000+09:00,1295
n232575dc8be3,12503829,gentlereads |.naru,vivid_panda7082,2026-04-01T14:48:06.000+09:00,1273
n232575dc8be3,6905415,豹子頭 林冲,hyousitou,2026-04-01T14:31:20.000+09:00,269
n232575dc8be3,12385127,超育休志向｜りさ ＆ ゆういち,comfamily_lab,2026-04-01T11:23:19.000+09:00,501
n232575dc8be3,12301144,ゆぴか ☀︎在宅で働きたい主婦（ちょっとワケあり）,tasty_quoll5392,2026-04-01T10:03:38.000+09:00,679
n232575dc8be3,12591374,ケンタロウ/gr.minpaku,merry_robin6845,2026-04-01T08:39:44.000+09:00,471
n232575dc8be3,12885021,ただのかくひと。,tadanokakuhito,2026-04-01T06:49:39.000+09:00,70
n232575dc8be3,13304845,MIYAVI,firm_violet178,2026-04-01T00:37:03.000+09:00,352
n232575dc8be3,10517876,向日葵じまにゃん🌻,jimanyan,2026-03-31T23:48:38.000+09:00,1881
n232575dc8be3,13884737,空月,crisp_plover9758,2026-03-31T23:29:50.000+09:00,738
n232575dc8be3,12157269,ken ｜ 完全無課金AI戦略 × note運営,noted_sheep3883,2026-03-31T23:16:33.000+09:00,3213
n232575dc8be3,13117106,ことすのぱぱ,kotosunopapa,2026-03-31T23:11:16.000+09:00,94
n232575dc8be3,11711878,元パスタ屋｜はーちゃん,humble_auklet368,2026-03-31T23:08:41.000+09:00,232
n232575dc8be3,13623910,河内家の日常｜サブ垢,kouchi_life_lab,2026-03-31T22:57:54.000+09:00,945
n232575dc8be3,420733,Jennifer Soo  (ヒラメキ工房),teteo,2026-03-31T22:57:48.000+09:00,431
n232575dc8be3,14051595,サブGRAY,sub_gray,2026-03-31T22:52:57.000+09:00,10
n232575dc8be3,12071736,アンドリュー・フライト@理容師から人生逆転を目指す男！,like_otter7498,2026-03-31T22:29:38.000+09:00,367
n232575dc8be3,13338345,riri,riricat_note,2026-03-31T22:28:25.000+09:00,90
n232575dc8be3,8022593,縄文猫,brave_cat1901,2026-03-31T22:19:21.000+09:00,346
n232575dc8be3,13546760,あおい｜仕事と本音のあいだ,charm_loris2565,2026-03-31T22:17:26.000+09:00,635
n232575dc8be3,4877017,須川元介/情報翻訳家,skagenavi,2026-03-31T22:12:16.000+09:00,2312
n232575dc8be3,13260662,TROUT FREAK,major_fish7592,2026-03-31T22:10:27.000+09:00,899
n232575dc8be3,5143498,aki,kaba_no_mimi,2026-03-31T22:10:22.000+09:00,1090
n232575dc8be3,12589889,なかやん✖️ありのままを整えるライフコーチ,nakayan1117,2026-03-31T22:09:17.000+09:00,751
n232575dc8be3,2391956,e,educator,2026-03-31T22:01:57.000+09:00,709
n232575dc8be3,5738970,営業fafa | note業界No.1営業マン,kohana1112,2026-03-31T21:57:32.000+09:00,1394
n232575dc8be3,11634537,ナオユキ｜物語と知識のコンシェルジュ,ai_naoyuki,2026-03-31T21:52:55.000+09:00,2968
n232575dc8be3,13405464,木漏れ日亭,komorebi_tei,2026-03-31T21:51:45.000+09:00,584
n232575dc8be3,12568539,satoyu｜ゆるガチおうち英語,yurugachienglish,2026-03-31T21:51:08.000+09:00,558
n72a2eb428f64,13163455,KOTAYA | 今日はこれで合格,kotaya_log,2026-05-31T14:27:31.000+09:00,2785
n72a2eb428f64,8857122,うるるん,nice_daisy957,2026-05-25T23:29:51.000+09:00,995
n72a2eb428f64,14124940,mariko ,crisp_bear6729,2026-05-18T22:37:51.000+09:00,91
n72a2eb428f64,13623901,あずなぶ〜る｜SNS弱者のnote戦略術,alive_here3686,2026-05-12T12:16:40.000+09:00,814
n72a2eb428f64,13037359,丁寧な暮らし/生きやすさ探求家,gentle_gecko1078,2026-05-09T02:17:24.000+09:00,283
n72a2eb428f64,9032133,北原　30代後半　東京都２３区　【フォロバ１００】,leal_falcon160,2026-05-04T17:43:12.000+09:00,1199
n72a2eb428f64,5280227,ヒュー5532,hugh5532,2026-05-01T22:54:59.000+09:00,251
n72a2eb428f64,12377105,まるよか,yokayoka5103,2026-04-30T13:29:59.000+09:00,1361
n72a2eb428f64,13367974,Thanks AI,pure_donkey7007,2026-04-30T06:16:52.000+09:00,1090
n72a2eb428f64,7896891,ポンタ,pontanohaha,2026-04-20T12:46:05.000+09:00,1164
n72a2eb428f64,12568539,satoyu｜ゆるガチおうち英語,yurugachienglish,2026-04-19T22:24:03.000+09:00,558
n72a2eb428f64,12448707,hanauta,kotono_hanauta,2026-04-16T22:17:59.000+09:00,129
n72a2eb428f64,11474190,断罪と慈愛の歌詠み師 UTAKO,bold_slug9390,2026-04-16T01:53:45.000+09:00,500
n72a2eb428f64,13574007,🍀ベンジャミン🍀,noble_spirea7217,2026-04-12T12:10:39.000+09:00,767
n72a2eb428f64,2622560,丸々,ul_3k,2026-04-11T15:45:31.000+09:00,390
n72a2eb428f64,13989576,アールグレイ,jolly_garlic5361,2026-04-11T15:11:35.000+09:00,469
n72a2eb428f64,12627236,craft well navigator™,quiet_dahlia3030,2026-04-08T18:52:00.000+09:00,93
n72a2eb428f64,5738970,営業fafa | note業界No.1営業マン,kohana1112,2026-04-07T23:21:27.000+09:00,1394
n72a2eb428f64,5504381,KeithU  内田啓太（ウチダケイタ）,keithu116,2026-04-06T19:47:30.000+09:00,293
n72a2eb428f64,13834835,たねまき,morning_seeds,2026-04-06T12:56:33.000+09:00,133
n72a2eb428f64,9412484,浅間のナツ,juicy_curlew6234,2026-04-06T07:36:27.000+09:00,726
n72a2eb428f64,10387127,堀内たかる｜WEBライター,hori_0023,2026-04-06T06:36:33.000+09:00,763
n72a2eb428f64,12158291,考える赤柴,eager_thyme9842,2026-04-05T21:59:37.000+09:00,300
n72a2eb428f64,11968206,もり｜40代の“仕事を軽くする”リスキリング　,mori_reskilling,2026-04-05T20:36:32.000+09:00,478
n72a2eb428f64,13652937,おひつじ☆こつり【個人塾×青色申告】,proper_magpie398,2026-04-05T18:55:15.000+09:00,373
n72a2eb428f64,12059565,絵師show,enchante01,2026-04-05T15:05:18.000+09:00,723
n72a2eb428f64,10100585,タカヒロ|3代目地方経営者のリアル,uenoy,2026-04-04T19:54:53.000+09:00,243
n72a2eb428f64,10175064,雪綴ゆき,wise_rat6355,2026-04-04T11:37:40.000+09:00,6352
n72a2eb428f64,11973177,るこのみらい,ruco3,2026-04-04T02:33:56.000+09:00,2014
n72a2eb428f64,12465066,Shoji ｜未来小説,anomie1,2026-04-03T19:51:08.000+09:00,1208
n72a2eb428f64,12366217,see2,chic_badger5419,2026-04-03T16:33:31.000+09:00,207
n72a2eb428f64,8166572,ひゅー｜AI×分析｜考察と思考整理を楽しむ。note,hyu_nisworks,2026-04-03T04:02:03.000+09:00,398
n72a2eb428f64,13521292,九（ここのつ）/ 心の伴走ライター,xxx_666_xxx,2026-04-03T01:32:07.000+09:00,453
n72a2eb428f64,11848158,ゆき｜Webライター兼ブロガー,yorozu_note,2026-04-02T20:44:04.000+09:00,1056
n72a2eb428f64,8563392,Intellectual curiosity,intel_quest,2026-04-02T19:57:38.000+09:00,354
n72a2eb428f64,7515100,nonpono,nonpono,2026-04-02T18:51:38.000+09:00,325
n72a2eb428f64,13164903,akiaki,cozy_iguana8458,2026-04-02T18:48:12.000+09:00,426
n72a2eb428f64,11574500,ふらつき母ちゃん 〜今日も全力空回り！〜,dear_viper3924,2026-04-02T15:35:26.000+09:00,806
n72a2eb428f64,7278954,譬喩@理論構築技士,hatiskoll,2026-04-02T14:17:56.000+09:00,771
n72a2eb428f64,10997933,阿部　礼司,dandy_chives4474,2026-04-02T13:53:36.000+09:00,492
n72a2eb428f64,12957240,立石 遙 ,right_dahlia1622,2026-04-02T12:20:27.000+09:00,336
n72a2eb428f64,11636789,トド子｜元保育士３児ママ,konkon0606,2026-04-02T12:13:16.000+09:00,1159
n72a2eb428f64,13115336,創成者の記録者,absolute_logic,2026-04-02T09:54:20.000+09:00,743
n72a2eb428f64,8321162,サイボーグMSX,cyborgmsx,2026-04-02T08:48:09.000+09:00,2141
n72a2eb428f64,12038119,金田まり|スタートアップ&起業支援してるワーママ,alive_sheep6563,2026-04-02T05:57:51.000+09:00,1423
n72a2eb428f64,1190435,うめぼし三色,umebosi3colorses,2026-04-02T00:54:04.000+09:00,375
n72a2eb428f64,9949391,うっちー,ushiwaka_maru123,2026-04-01T22:54:07.000+09:00,1721
n72a2eb428f64,13613385,羅生門SKY,codex_strategy,2026-04-01T22:18:00.000+09:00,418
n72a2eb428f64,13864574,探偵のOSINT研究所,tantei_note,2026-04-01T22:06:43.000+09:00,792
n72a2eb428f64,10425520,とりあえず、ブサネコ®　by  Y Harada,legal_clover3490,2026-04-01T22:03:03.000+09:00,704
n72a2eb428f64,11806419,ノア | 超アンチエイジング,noa_reverseage,2026-04-01T22:00:27.000+09:00,85
n72a2eb428f64,13655583,Inochi Tear,apt_hornet3762,2026-04-01T21:03:51.000+09:00,372
n72a2eb428f64,12232616,デジさしみ | IT現場の効率家,digital_sashimi,2026-04-01T20:50:54.000+09:00,564
n72a2eb428f64,7704549,ばーしー｜副業×AI×生き方を発信するアラフォーパパ🌈,tender_sedum102,2026-04-01T20:41:45.000+09:00,132
n72a2eb428f64,13320447,野良猫が好きな、ネコすぎ｜ショートショート書いています,nekosugi_117,2026-04-01T19:55:57.000+09:00,136
n72a2eb428f64,7301605,てん｜小学6年生,tenn_agriculture,2026-04-01T19:48:16.000+09:00,142
n72a2eb428f64,7149960,水越なつめ,natsume996,2026-04-01T19:43:49.000+09:00,751
n72a2eb428f64,13405464,木漏れ日亭,komorebi_tei,2026-04-01T04:43:47.000+09:00,584
n72a2eb428f64,11840255,鈴森よいほ｜AIコンテンツ／思想型クリエイター,yoiho25june,2026-04-01T03:05:14.000+09:00,961
n72a2eb428f64,5528334,ヒトタラヲ,5959life,2026-04-01T01:20:54.000+09:00,4029
n72a2eb428f64,12071736,アンドリュー・フライト@理容師から人生逆転を目指す男！,like_otter7498,2026-03-31T22:29:39.000+09:00,367
n72a2eb428f64,4341877,宮乃かぽり※見えない人の幸せを前世霊視で開放する開運師,piponkapori,2026-03-31T15:37:54.000+09:00,267
n72a2eb428f64,11473511,YAYOI@53歳今とご縁を大切にしたマネーライフを記事にするライター,yayoi08410616,2026-03-31T15:17:48.000+09:00,355
n72a2eb428f64,13888973,March,march0613,2026-03-31T13:34:50.000+09:00,236
n72a2eb428f64,13117106,ことすのぱぱ,kotosunopapa,2026-03-31T11:36:21.000+09:00,94
n72a2eb428f64,13375624,馬のすけ｜小さな一歩設計,umanosuke111,2026-03-31T09:10:46.000+09:00,569
n72a2eb428f64,13313454,雪のこ｜海外生活悩みの記録,learn_ikiruchie,2026-03-31T07:04:47.000+09:00,1815
n72a2eb428f64,12367253,リスパパ｜共働き×育児×家計メモ,kosodate_papa01,2026-03-31T02:27:42.000+09:00,113
n72a2eb428f64,6830211,犬川 とうふ,inukawa_tofu,2026-03-30T23:11:57.000+09:00,173
n72a2eb428f64,5828006,まなつ/突出マイノリティ列伝,tosshutsu_m,2026-03-30T21:59:08.000+09:00,6133
n72a2eb428f64,12069860,Izumi ,cute_mink8120,2026-03-30T21:38:58.000+09:00,170
n72a2eb428f64,13920502,秋井潯,large_llama4270,2026-03-30T21:20:45.000+09:00,109
n72a2eb428f64,13107073,ルパン・ザ・アート,lupin_the_art,2026-03-30T21:11:49.000+09:00,207
n72a2eb428f64,12107519,Miyaguchi,miyashimane,2026-03-30T18:38:42.000+09:00,517
n72a2eb428f64,2991043,スー🐉世界の法則を日常に翻訳する美容師,neutrino2020,2026-03-30T18:31:08.000+09:00,228
n72a2eb428f64,12149394,あめ｜AIとのくらし,ame_to_ai,2026-03-30T17:49:27.000+09:00,405
n72a2eb428f64,6545749,にっしー心と体のセラピスト,nissy_therapy,2026-03-30T16:52:26.000+09:00,1964
n72a2eb428f64,12873400,蛙　蛙🐸元SEのカウンセラー,kaeru_care,2026-03-30T14:44:01.000+09:00,2089
n72a2eb428f64,13405892,はむこ┊︎日常の「ちょっといいな」を集めてます,hamuko_cafe,2026-03-30T13:14:40.000+09:00,1732
n72a2eb428f64,12503829,gentlereads |.naru,vivid_panda7082,2026-03-30T11:29:45.000+09:00,1273
n72a2eb428f64,1381987,広瀬クリストファー,amphibia,2026-03-30T10:25:29.000+09:00,14227
n72a2eb428f64,9489656,MeGood,megood_1028,2026-03-30T08:57:37.000+09:00,61
n72a2eb428f64,12853411,みるぷり｜夢見るフリーランス,mirupuri7,2026-03-30T07:59:50.000+09:00,371
n72a2eb428f64,12591374,ケンタロウ/gr.minpaku,merry_robin6845,2026-03-30T06:45:12.000+09:00,471
n72a2eb428f64,4877017,須川元介/情報翻訳家,skagenavi,2026-03-30T02:26:56.000+09:00,2312
n72a2eb428f64,12885021,ただのかくひと。,tadanokakuhito,2026-03-30T00:04:44.000+09:00,70
n72a2eb428f64,13884737,空月,crisp_plover9758,2026-03-29T22:44:31.000+09:00,738
n72a2eb428f64,13927059,はる,haru_growth,2026-03-29T22:35:51.000+09:00,243
n72a2eb428f64,10517876,向日葵じまにゃん🌻,jimanyan,2026-03-29T22:32:30.000+09:00,1881
n72a2eb428f64,11561590,かえるこ | Kaeruko,serene_pansy617,2026-03-29T22:02:32.000+09:00,4177
n72a2eb428f64,13609844,おみくじ｜投資と子育ての「うまいことやる」実験室,mind_design999,2026-03-29T21:48:52.000+09:00,333
n72a2eb428f64,12902138,吉野全（よしのあきら）,great_chives5772,2026-03-29T21:31:15.000+09:00,96
n72a2eb428f64,13651876,MISUZ.,lofty_knot8493,2026-03-29T21:30:40.000+09:00,683
n72a2eb428f64,13849440,しらぬい,20260301_march,2026-03-29T21:20:09.000+09:00,722
n72a2eb428f64,13623910,河内家の日常｜サブ垢,kouchi_life_lab,2026-03-29T21:16:00.000+09:00,945
n72a2eb428f64,12624691,あん｜noteと遊ぶ,aging_gracefully,2026-03-29T21:14:31.000+09:00,1218
n72a2eb428f64,13986254,子どもGPSガイド,gps_kodomo,2026-03-29T21:11:24.000+09:00,400
n72a2eb428f64,14051595,サブGRAY,sub_gray,2026-03-29T21:04:27.000+09:00,10
n72a2eb428f64,11634537,ナオユキ｜物語と知識のコンシェルジュ,ai_naoyuki,2026-03-29T20:55:45.000+09:00,2968
n72a2eb428f64,2106382,杉岡廣嗣（チャカ）,kuwaikei,2026-03-29T20:52:32.000+09:00,471
n096c33bded83,3598618,はしゃも｜感情構造エンジニア,hasyamo,2026-06-02T13:16:38.000+09:00,476
n096c33bded83,13163455,KOTAYA | 今日はこれで合格,kotaya_log,2026-05-31T14:48:53.000+09:00,2785
n096c33bded83,12417301,すみれ,genial_wren230,2026-05-23T16:37:43.000+09:00,296
n096c33bded83,14132723,せな｜無理しない低燃費生活,senamainiti,2026-05-21T22:56:15.000+09:00,459
n096c33bded83,9933409,誠実に、ひたむきに,real_hare9943,2026-05-18T20:25:23.000+09:00,2870
n096c33bded83,4472775,あまね〘ฅ՞•ﻌ•՞ฅฅ^•ﻌ•^ฅ〙,almabrillante,2026-05-18T12:25:08.000+09:00,842
n096c33bded83,9032239,ハマちゃん,juicy_raven6206,2026-05-15T10:49:37.000+09:00,970
n096c33bded83,12949168,不真面目小児科医　しうまい,misasyu5,2026-05-14T22:04:36.000+09:00,540
n096c33bded83,8857122,うるるん,nice_daisy957,2026-05-06T09:38:42.000+09:00,995
n096c33bded83,8911867,ルルトアヤコ,lovely_coyote546,2026-05-03T02:52:20.000+09:00,2648
n096c33bded83,10750843,Takanashi（たかなし）,takanashi_note01,2026-05-02T21:48:07.000+09:00,1187
n096c33bded83,13367974,Thanks AI,pure_donkey7007,2026-04-30T06:16:55.000+09:00,1090
n096c33bded83,7423694,ヤス＠レス中の40代パパ,yasuyasu_02,2026-04-28T22:12:20.000+09:00,165
n096c33bded83,13505095,いちごもん🍓,ichigo_mon,2026-04-28T09:42:39.000+09:00,605
n096c33bded83,9802361,maria  本音を言葉にする対話,maria_arima,2026-04-27T23:06:31.000+09:00,151
n096c33bded83,12271427,鳩麦 ヒナコ,hibi_ikiyo_0828,2026-04-25T09:40:16.000+09:00,34
n096c33bded83,13828484,そらとうみ｜そらぴぃ,leal_tapir945,2026-04-24T07:38:36.000+09:00,131
n096c33bded83,12655395,ちぃ,firm_donkey540,2026-04-19T14:21:28.000+09:00,692
n096c33bded83,11574500,ふらつき母ちゃん 〜今日も全力空回り！〜,dear_viper3924,2026-04-16T08:04:27.000+09:00,806
n096c33bded83,13574007,🍀ベンジャミン🍀,noble_spirea7217,2026-04-12T21:13:52.000+09:00,767
n096c33bded83,4859491,スイッチくん🐻😊 │ 自作LLMを趣味で、開発🌈,switchkun_2103,2026-04-12T08:57:20.000+09:00,678
n096c33bded83,13278116,里親モビール,deep_otter7723,2026-04-12T08:09:13.000+09:00,99
n096c33bded83,11474190,断罪と慈愛の歌詠み師 UTAKO,bold_slug9390,2026-04-12T01:21:14.000+09:00,500
n096c33bded83,11837112,もぐら,mogurabooks,2026-04-11T08:08:21.000+09:00,214
n096c33bded83,13281186,さくさく|そっと寄り添う日々,jidoukan_judge,2026-04-11T02:38:31.000+09:00,1661
n096c33bded83,10999098,Tanuko,ol_tanuko_life,2026-04-11T01:00:29.000+09:00,828
n096c33bded83,11359513,安達｢チーム🦁｣｜AIと共闘し600を必達する者,takayukiadachi,2026-04-10T21:38:31.000+09:00,944
n096c33bded83,10646763,雪国ゆり⛄️逃げられない場所で戦う人へ,yuriri_love202,2026-04-10T20:56:14.000+09:00,446
n096c33bded83,10387127,堀内たかる｜WEBライター,hori_0023,2026-04-06T15:19:44.000+09:00,763
n096c33bded83,13573046,ゆるテク,yurutech_lab,2026-04-06T07:51:24.000+09:00,76
n096c33bded83,1909619,シゲク@note初心者全力応援,shigekumasaku,2026-04-05T14:24:52.000+09:00,6169
n096c33bded83,415531,瀧澤 和也,kinopio_brother,2026-04-05T07:16:05.000+09:00,122
n096c33bded83,5828006,まなつ/突出マイノリティ列伝,tosshutsu_m,2026-04-04T22:04:52.000+09:00,6133
n096c33bded83,12568539,satoyu｜ゆるガチおうち英語,yurugachienglish,2026-04-04T20:52:21.000+09:00,558
n096c33bded83,9508457,ほしの遥華,hoshinoharuka33,2026-04-04T19:46:09.000+09:00,9121
n096c33bded83,12465066,Shoji ｜未来小説,anomie1,2026-04-03T20:16:27.000+09:00,1208
n096c33bded83,11905841,顔のない問い,sasoib_ehtal,2026-04-02T23:07:20.000+09:00,728
n096c33bded83,5533501,div.rishi,div_rishi,2026-04-02T17:29:02.000+09:00,992
n096c33bded83,7278954,譬喩@理論構築技士,hatiskoll,2026-04-02T14:17:57.000+09:00,771
n096c33bded83,12957240,立石 遙 ,right_dahlia1622,2026-04-02T12:20:36.000+09:00,336
n096c33bded83,13107073,ルパン・ザ・アート,lupin_the_art,2026-04-02T10:13:23.000+09:00,207
n096c33bded83,11840255,鈴森よいほ｜AIコンテンツ／思想型クリエイター,yoiho25june,2026-04-01T03:13:34.000+09:00,961
n096c33bded83,13405464,木漏れ日亭,komorebi_tei,2026-04-01T02:44:35.000+09:00,584
n096c33bded83,12377105,まるよか,yokayoka5103,2026-03-29T14:21:14.000+09:00,1361
n096c33bded83,11634537,ナオユキ｜物語と知識のコンシェルジュ,ai_naoyuki,2026-03-29T10:06:41.000+09:00,2968
n096c33bded83,11561590,かえるこ | Kaeruko,serene_pansy617,2026-03-28T23:44:31.000+09:00,4177
n096c33bded83,13968787,ぽこた,ample_poppy4553,2026-03-28T20:35:14.000+09:00,358
n096c33bded83,6905415,豹子頭 林冲,hyousitou,2026-03-28T19:17:26.000+09:00,269
n096c33bded83,12885021,ただのかくひと。,tadanokakuhito,2026-03-28T19:14:44.000+09:00,70
n096c33bded83,4877017,須川元介/情報翻訳家,skagenavi,2026-03-28T18:50:13.000+09:00,2312
n096c33bded83,13884737,空月,crisp_plover9758,2026-03-28T18:21:29.000+09:00,738
n096c33bded83,14051595,サブGRAY,sub_gray,2026-03-28T17:52:19.000+09:00,10
n096c33bded83,13622735,高原 あまね,amane9157,2026-03-28T17:49:23.000+09:00,407
n096c33bded83,10517876,向日葵じまにゃん🌻,jimanyan,2026-03-28T17:13:36.000+09:00,1881
n096c33bded83,8900508,アトカ【AIコラムライター】@AI副業,aicolumnwriter,2026-03-28T17:06:25.000+09:00,24279
n096c33bded83,5738970,営業fafa | note業界No.1営業マン,kohana1112,2026-03-28T17:06:00.000+09:00,1394
nedc8fc0d7413,13163455,KOTAYA | 今日はこれで合格,kotaya_log,2026-05-31T14:45:11.000+09:00,2785
nedc8fc0d7413,9032133,北原　30代後半　東京都２３区　【フォロバ１００】,leal_falcon160,2026-05-04T17:43:07.000+09:00,1199
nedc8fc0d7413,5330022,Marie | まりーの小さな⚙️歯車⚙️ラボ🔬,marie_222,2026-05-03T00:12:07.000+09:00,23
nedc8fc0d7413,13959565,魔族ポコ｜35人と不倫し別居。異常性の自己解剖日記,pokopokohead,2026-04-26T15:18:21.000+09:00,556
nedc8fc0d7413,11561590,かえるこ | Kaeruko,serene_pansy617,2026-04-12T18:41:47.000+09:00,4177
nedc8fc0d7413,12377105,まるよか,yokayoka5103,2026-04-12T13:06:54.000+09:00,1361
nedc8fc0d7413,12624691,あん｜noteと遊ぶ,aging_gracefully,2026-04-12T10:52:15.000+09:00,1218
nedc8fc0d7413,14093125,TITAN（中身を熟してAIは始まらない）,titan_ai10,2026-04-11T00:11:48.000+09:00,18
nedc8fc0d7413,11840255,鈴森よいほ｜AIコンテンツ／思想型クリエイター,yoiho25june,2026-04-10T22:37:51.000+09:00,961
nedc8fc0d7413,2755847,小山 睦男　書籍コーディネータ,koyamamutsuo2020,2026-04-08T13:58:51.000+09:00,277
nedc8fc0d7413,13613385,羅生門SKY,codex_strategy,2026-04-05T17:25:06.000+09:00,418
nedc8fc0d7413,5828006,まなつ/突出マイノリティ列伝,tosshutsu_m,2026-04-05T03:02:43.000+09:00,6133
nedc8fc0d7413,4995736,🍎taiwa‐asobi｜かおりんごー( *˙▿︎˙ )♪,236600,2026-04-03T21:58:48.000+09:00,269
nedc8fc0d7413,13751113,るみな@痩せたら幸せになった,ruminari,2026-04-03T07:35:06.000+09:00,506
nedc8fc0d7413,13655583,Inochi Tear,apt_hornet3762,2026-04-03T05:16:27.000+09:00,372
nedc8fc0d7413,13574007,🍀ベンジャミン🍀,noble_spirea7217,2026-04-02T20:42:50.000+09:00,767
nedc8fc0d7413,5533501,div.rishi,div_rishi,2026-04-02T17:29:04.000+09:00,992
nedc8fc0d7413,12082505,バリバリお猿,loyal_agapan2129,2026-04-02T12:53:26.000+09:00,260
nedc8fc0d7413,13405464,木漏れ日亭,komorebi_tei,2026-04-02T00:55:45.000+09:00,584
nedc8fc0d7413,8301837,近衛のジャルジェ,tasty_tulip537,2026-04-01T21:39:04.000+09:00,283
nedc8fc0d7413,10175064,雪綴ゆき,wise_rat6355,2026-04-01T21:35:16.000+09:00,6352
nedc8fc0d7413,13107073,ルパン・ザ・アート,lupin_the_art,2026-03-31T17:16:45.000+09:00,207
nedc8fc0d7413,4509042,猫の父さん@トトとチー,cat48_1010,2026-03-29T04:20:47.000+09:00,398
nedc8fc0d7413,3335042,蒼,sprivalc,2026-03-28T21:13:57.000+09:00,461
nedc8fc0d7413,6905415,豹子頭 林冲,hyousitou,2026-03-28T17:05:52.000+09:00,269
nedc8fc0d7413,13732707,（よく当たる予想家ではなく、よく当たる競馬予想家でもない、安田記念予想稍得意）エビフライドリームさん,ebifurai_dream,2026-03-28T16:50:55.000+09:00,864
nedc8fc0d7413,12539487,よしこ｜続けたい人の横にいる,noted_beetle1302,2026-03-28T15:08:13.000+09:00,522
nedc8fc0d7413,13884737,空月,crisp_plover9758,2026-03-28T12:48:02.000+09:00,738
nedc8fc0d7413,11359513,安達｢チーム🦁｣｜AIと共闘し600を必達する者,takayukiadachi,2026-03-28T09:05:39.000+09:00,944
nedc8fc0d7413,4877017,須川元介/情報翻訳家,skagenavi,2026-03-28T06:26:12.000+09:00,2312
nedc8fc0d7413,10517876,向日葵じまにゃん🌻,jimanyan,2026-03-27T22:56:38.000+09:00,1881
nedc8fc0d7413,4439820,さわら,sawararie,2026-03-27T22:46:20.000+09:00,158
nedc8fc0d7413,12465066,Shoji ｜未来小説,anomie1,2026-03-27T22:40:23.000+09:00,1208
nedc8fc0d7413,13161722,おあつ,keen_pipit1182,2026-03-27T22:15:45.000+09:00,1514
nedc8fc0d7413,12157269,ken ｜ 完全無課金AI戦略 × note運営,noted_sheep3883,2026-03-27T22:01:57.000+09:00,3213
nedc8fc0d7413,12503829,gentlereads |.naru,vivid_panda7082,2026-03-27T22:01:38.000+09:00,1273
nedc8fc0d7413,13755937,妻を口説きたい元コンサル,mywife_strategy,2026-03-27T21:16:47.000+09:00,356
nedc8fc0d7413,14051595,サブGRAY,sub_gray,2026-03-27T21:08:37.000+09:00,10
nedc8fc0d7413,5738970,営業fafa | note業界No.1営業マン,kohana1112,2026-03-27T21:08:11.000+09:00,1394
ncda4a4be4d28,9034956,くこりん【自分に還るガイド】,kukorin_0212,2026-05-31T10:59:42.000+09:00,181
ncda4a4be4d28,14252509,Maruboro,lush_clam9179,2026-05-12T07:49:05.000+09:00,18
ncda4a4be4d28,8857122,うるるん,nice_daisy957,2026-05-06T09:16:43.000+09:00,995
ncda4a4be4d28,12568539,satoyu｜ゆるガチおうち英語,yurugachienglish,2026-05-03T17:19:44.000+09:00,558
ncda4a4be4d28,10750843,Takanashi（たかなし）,takanashi_note01,2026-05-01T21:48:25.000+09:00,1187
ncda4a4be4d28,13367974,Thanks AI,pure_donkey7007,2026-04-30T06:16:58.000+09:00,1090
ncda4a4be4d28,11577788,カズボーイ,fancy_bobcat6056,2026-04-28T18:54:34.000+09:00,436
ncda4a4be4d28,8156227,売れてるモノ研究所｜EC売れ筋リサーチ,ureterumono,2026-04-28T10:00:42.000+09:00,289
ncda4a4be4d28,9802361,maria  本音を言葉にする対話,maria_arima,2026-04-27T23:04:05.000+09:00,151
ncda4a4be4d28,12949168,不真面目小児科医　しうまい,misasyu5,2026-04-23T23:29:58.000+09:00,540
ncda4a4be4d28,12154751,月花の雫 | 明日ってさ、月が欠けたら来ないよね～　人生の夜を照らすお供に,shiso_to_basil,2026-04-23T04:26:19.000+09:00,261
ncda4a4be4d28,10378741,カイトウユウスケ,yusukekaito,2026-04-22T18:49:58.000+09:00,852
ncda4a4be4d28,12516832,和田雄三｜AI×心理ブランディングデザイナー,glad_dill2129,2026-04-22T17:39:15.000+09:00,812
ncda4a4be4d28,13944786,セイ,layer_sei,2026-04-20T22:09:36.000+09:00,89
ncda4a4be4d28,7185658,高取しづか｜ママのコミュトレの先生,shizuka_kosodate,2026-04-20T10:47:33.000+09:00,1257
ncda4a4be4d28,13727810,HS,royal_hare2050,2026-04-19T22:37:56.000+09:00,188
ncda4a4be4d28,13079732,ＣＯＯＬ,vast_tulip7937,2026-04-18T13:12:37.000+09:00,1135
ncda4a4be4d28,8543068,panda,panda_48,2026-04-17T21:07:13.000+09:00,1814
ncda4a4be4d28,13520332,もかぽん｜noteビジネス全力組｜時間とお金と心の余裕を手に入れる＠フォロバ100,mocapon_960,2026-04-13T22:33:08.000+09:00,5115
ncda4a4be4d28,6087017,きいぴくみん｜3児の父,kiipik,2026-04-12T21:18:15.000+09:00,229
ncda4a4be4d28,11877070,アルフレッド,game_system_alex,2026-04-12T11:12:42.000+09:00,2642
ncda4a4be4d28,12601204,哲学母ちゃん,a_tetsugakukasan,2026-04-12T04:53:28.000+09:00,1009
ncda4a4be4d28,8911867,ルルトアヤコ,lovely_coyote546,2026-04-12T04:23:13.000+09:00,2648
ncda4a4be4d28,13037359,丁寧な暮らし/生きやすさ探求家,gentle_gecko1078,2026-04-11T22:20:12.000+09:00,283
ncda4a4be4d28,13055026,作業療法士(OT)@まるさん　｜【朝がつらい人へ】心・体・生活を　　まぁるく🌸整えます,reha_tsukuru,2026-04-11T15:32:17.000+09:00,5488
ncda4a4be4d28,11837112,もぐら,mogurabooks,2026-04-11T05:28:22.000+09:00,214
ncda4a4be4d28,12668465,紅茶🫖｜ことばの庭,usagi_no_mimi_,2026-04-11T01:02:03.000+09:00,169
ncda4a4be4d28,4472775,あまね〘ฅ՞•ﻌ•՞ฅฅ^•ﻌ•^ฅ〙,almabrillante,2026-04-11T00:40:56.000+09:00,842
ncda4a4be4d28,12505332,たつ｜挑戦を習慣にする人,tatsu_challenge,2026-04-11T00:14:12.000+09:00,448
ncda4a4be4d28,11474190,断罪と慈愛の歌詠み師 UTAKO,bold_slug9390,2026-04-10T20:33:34.000+09:00,500
ncda4a4be4d28,14059585,天使のフライ,alive_acacia2956,2026-04-07T22:49:32.000+09:00,49
ncda4a4be4d28,14060433,Bluebell diary🌿,modern_llama1047,2026-04-06T21:02:56.000+09:00,175
ncda4a4be4d28,12158291,考える赤柴,eager_thyme9842,2026-04-05T22:09:12.000+09:00,300
ncda4a4be4d28,3598618,はしゃも｜感情構造エンジニア,hasyamo,2026-04-05T21:53:13.000+09:00,476
ncda4a4be4d28,5828006,まなつ/突出マイノリティ列伝,tosshutsu_m,2026-04-04T23:49:01.000+09:00,6133
ncda4a4be4d28,9474806,流羽るう,roo_note,2026-04-04T13:27:59.000+09:00,326
ncda4a4be4d28,13366582,久居アキノリ,hisaiakinori,2026-04-04T07:18:31.000+09:00,388
ncda4a4be4d28,13628385,ヘクたろー|緑内障と付き合っている男,hekutaro_0520,2026-04-03T15:45:53.000+09:00,417
ncda4a4be4d28,11840255,鈴森よいほ｜AIコンテンツ／思想型クリエイター,yoiho25june,2026-04-03T00:48:05.000+09:00,961
ncda4a4be4d28,13927059,はる,haru_growth,2026-04-02T02:34:10.000+09:00,243
ncda4a4be4d28,7704549,ばーしー｜副業×AI×生き方を発信するアラフォーパパ🌈,tender_sedum102,2026-04-01T20:27:43.000+09:00,132
ncda4a4be4d28,12475078,デカ羊@就労移行支援事業所スタッフ×データサイエンティスト(@以下省略ok),sl_gijyutsu_ht,2026-04-01T17:07:04.000+09:00,70
ncda4a4be4d28,12071736,アンドリュー・フライト@理容師から人生逆転を目指す男！,like_otter7498,2026-03-31T22:29:41.000+09:00,367
ncda4a4be4d28,12417301,すみれ,genial_wren230,2026-03-31T09:02:19.000+09:00,296
ncda4a4be4d28,10175064,雪綴ゆき,wise_rat6355,2026-03-29T22:38:03.000+09:00,6352
ncda4a4be4d28,12301144,ゆぴか ☀︎在宅で働きたい主婦（ちょっとワケあり）,tasty_quoll5392,2026-03-29T11:05:27.000+09:00,679
ncda4a4be4d28,11634537,ナオユキ｜物語と知識のコンシェルジュ,ai_naoyuki,2026-03-29T10:06:02.000+09:00,2968
ncda4a4be4d28,9375371,Last One Mile Club by Office M,iggy555,2026-03-29T07:45:37.000+09:00,480
ncda4a4be4d28,13430194,あきまむ,fond_shark9221,2026-03-28T23:59:48.000+09:00,213
ncda4a4be4d28,13140757,雪詠｜ゆきよみ,yukiyomi,2026-03-28T23:46:30.000+09:00,808
ncda4a4be4d28,45375,臼井康浩 即興ギタリスト,usuiyasuhiro,2026-03-28T20:31:55.000+09:00,474
ncda4a4be4d28,12435187,SO-RIN｜ど田舎ローカルテレビマン｜心理を掌握するビデマnote,sorin_skyr0127,2026-03-28T20:21:56.000+09:00,607
ncda4a4be4d28,13847342,🌱ちろ｜がんばりの芽を見つける人・特別支援,fancy_iris3458,2026-03-28T18:07:36.000+09:00,57
ncda4a4be4d28,7823822,はぐれパパ＠詩人失格,papa411477,2026-03-28T17:27:22.000+09:00,71
ncda4a4be4d28,4176922,とおるちゃん,toru2324,2026-03-28T14:25:48.000+09:00,119
ncda4a4be4d28,13884737,空月,crisp_plover9758,2026-03-28T12:48:02.000+09:00,738
ncda4a4be4d28,13107073,ルパン・ザ・アート,lupin_the_art,2026-03-28T10:46:36.000+09:00,207
ncda4a4be4d28,1287373,はなえ𖠚ᐝ,shima_hana,2026-03-28T09:18:21.000+09:00,462
ncda4a4be4d28,4509042,猫の父さん@トトとチー,cat48_1010,2026-03-28T08:33:00.000+09:00,398
ncda4a4be4d28,13183619,かいと@酒と魚好き,like_camel7475,2026-03-28T04:05:43.000+09:00,1002
ncda4a4be4d28,12465066,Shoji ｜未来小説,anomie1,2026-03-27T22:54:48.000+09:00,1208
ncda4a4be4d28,4439820,さわら,sawararie,2026-03-27T22:46:32.000+09:00,158
ncda4a4be4d28,11878886,きゅう｜暮らしととのえLabo,dear_duck9350,2026-03-27T22:02:42.000+09:00,1924
ncda4a4be4d28,13755937,妻を口説きたい元コンサル,mywife_strategy,2026-03-27T21:06:32.000+09:00,356
ncda4a4be4d28,11973177,るこのみらい,ruco3,2026-03-27T17:13:26.000+09:00,2014
ncda4a4be4d28,11574500,ふらつき母ちゃん 〜今日も全力空回り！〜,dear_viper3924,2026-03-27T13:32:40.000+09:00,806
ncda4a4be4d28,11646936,公務員→民間→独立｜「ありのままの自分」で輝く人生を作る人,joyous_salvia608,2026-03-27T10:26:11.000+09:00,691
ncda4a4be4d28,10460304,ちんぱん🐒AI×note実録,ojisan_chinpan,2026-03-27T06:55:02.000+09:00,789
ncda4a4be4d28,13805635,ココロ育む　あらいぐまの今日はいい日,unique_crab9033,2026-03-26T23:21:17.000+09:00,2833
ncda4a4be4d28,12366217,see2,chic_badger5419,2026-03-26T23:19:10.000+09:00,207
ncda4a4be4d28,11968206,もり｜40代の“仕事を軽くする”リスキリング　,mori_reskilling,2026-03-26T23:03:03.000+09:00,478
ncda4a4be4d28,12866459,プリントメイト,printmate,2026-03-26T20:58:47.000+09:00,2603
ncda4a4be4d28,1218500,さくら,sakura_wellness,2026-03-26T16:56:08.000+09:00,1314
ncda4a4be4d28,11561590,かえるこ | Kaeruko,serene_pansy617,2026-03-26T10:59:18.000+09:00,4177
ncda4a4be4d28,7703704,清宮ゆうか｜年子兄妹のママ・薬剤師,yuka_k_mom,2026-03-26T08:59:00.000+09:00,1295
ncda4a4be4d28,13608643,とりっぴ先生@AI副業note｜お金と学び,lush_broom9934,2026-03-26T07:54:55.000+09:00,252
ncda4a4be4d28,12591374,ケンタロウ/gr.minpaku,merry_robin6845,2026-03-26T07:22:10.000+09:00,471
ncda4a4be4d28,13117106,ことすのぱぱ,kotosunopapa,2026-03-26T07:01:25.000+09:00,94
ncda4a4be4d28,9489656,MeGood,megood_1028,2026-03-26T05:50:24.000+09:00,61
ncda4a4be4d28,7278954,譬喩@理論構築技士,hatiskoll,2026-03-26T01:15:14.000+09:00,771
ncda4a4be4d28,13163455,KOTAYA | 今日はこれで合格,kotaya_log,2026-03-26T00:20:46.000+09:00,2785
ncda4a4be4d28,13405464,木漏れ日亭,komorebi_tei,2026-03-25T23:26:29.000+09:00,584
ncda4a4be4d28,12885021,ただのかくひと。,tadanokakuhito,2026-03-25T23:25:24.000+09:00,70
ncda4a4be4d28,8127886,青い空日和,aoisora374,2026-03-25T23:15:18.000+09:00,498
ncda4a4be4d28,13574007,🍀ベンジャミン🍀,noble_spirea7217,2026-03-25T22:59:24.000+09:00,767
ncda4a4be4d28,10517876,向日葵じまにゃん🌻,jimanyan,2026-03-25T22:58:44.000+09:00,1881
ncda4a4be4d28,9281462,N氏,nakaikikaku,2026-03-25T22:54:28.000+09:00,1332
ncda4a4be4d28,13613385,羅生門SKY,codex_strategy,2026-03-25T22:27:31.000+09:00,418
ncda4a4be4d28,5738970,営業fafa | note業界No.1営業マン,kohana1112,2026-03-25T22:01:05.000+09:00,1394
ncda4a4be4d28,13623910,河内家の日常｜サブ垢,kouchi_life_lab,2026-03-25T21:54:34.000+09:00,945
ncda4a4be4d28,12503829,gentlereads |.naru,vivid_panda7082,2026-03-25T21:45:31.000+09:00,1273
ncda4a4be4d28,12624691,あん｜noteと遊ぶ,aging_gracefully,2026-03-25T21:43:16.000+09:00,1218
ncda4a4be4d28,12377105,まるよか,yokayoka5103,2026-03-25T21:39:42.000+09:00,1361
ncda4a4be4d28,10425520,とりあえず、ブサネコ®　by  Y Harada,legal_clover3490,2026-03-25T21:31:44.000+09:00,704
ncda4a4be4d28,6905415,豹子頭 林冲,hyousitou,2026-03-25T20:58:37.000+09:00,269
ncda4a4be4d28,12885894,taka,agile_heron3163,2026-03-25T20:35:19.000+09:00,629
ncda4a4be4d28,13161722,おあつ,keen_pipit1182,2026-03-25T20:24:37.000+09:00,1514
ncda4a4be4d28,4877017,須川元介/情報翻訳家,skagenavi,2026-03-25T20:23:13.000+09:00,2312
ncda4a4be4d28,13792780,営業パパ,eigyopapa,2026-03-25T20:07:49.000+09:00,1560
n9f47d9875674,13163455,KOTAYA | 今日はこれで合格,kotaya_log,2026-05-31T20:53:25.000+09:00,2785
n9f47d9875674,14124940,mariko ,crisp_bear6729,2026-05-01T06:58:54.000+09:00,91
n9f47d9875674,12377105,まるよか,yokayoka5103,2026-04-30T08:08:19.000+09:00,1361
n9f47d9875674,11837112,もぐら,mogurabooks,2026-04-22T19:32:22.000+09:00,214
n9f47d9875674,1385876,川村俊介｜株式会社オフィスポルコ,officeporco,2026-04-21T01:57:31.000+09:00,250
n9f47d9875674,14225987,mirevo_ai,mirevo_ai,2026-04-16T21:51:50.000+09:00,517
n9f47d9875674,11840255,鈴森よいほ｜AIコンテンツ／思想型クリエイター,yoiho25june,2026-04-11T21:23:47.000+09:00,961
n9f47d9875674,13613385,羅生門SKY,codex_strategy,2026-04-05T17:26:33.000+09:00,418
n9f47d9875674,7930341,水瀬シナノ｜AIと遊ぶライター,good_daisy848,2026-04-04T15:23:45.000+09:00,139
n9f47d9875674,14007238,放送作家26年｜テレビの知恵を人生に活かす人,dear_slug3384,2026-04-03T22:56:24.000+09:00,125
n9f47d9875674,13430194,あきまむ,fond_shark9221,2026-04-02T23:23:44.000+09:00,213
n9f47d9875674,13637621,月見草へらさん🌙🌼｜Smiling Soul,herarin_create,2026-04-02T23:13:40.000+09:00,11
n9f47d9875674,13702379,Player_1,dreamy_stoat9425,2026-04-02T09:56:50.000+09:00,70
n9f47d9875674,13162655,無料枠AI探求者,merry_moraea681,2026-04-02T09:01:15.000+09:00,247
n9f47d9875674,12537943,pipi@保育士ママ,pipi_55paradise,2026-04-02T08:30:02.000+09:00,1195
n9f47d9875674,12563512,毎日キバロー,great_turtle6689,2026-04-02T04:00:31.000+09:00,2852
n9f47d9875674,8534888,syorikononiwa,jolly_coyote275,2026-04-02T00:57:13.000+09:00,232
n9f47d9875674,12580490,小芝 凛  ╱Rin  Koshiba,rin_koshiba,2026-03-31T23:44:40.000+09:00,462
n9f47d9875674,12071736,アンドリュー・フライト@理容師から人生逆転を目指す男！,like_otter7498,2026-03-31T22:29:43.000+09:00,367
n9f47d9875674,13546760,あおい｜仕事と本音のあいだ,charm_loris2565,2026-03-31T22:18:49.000+09:00,635
n9f47d9875674,13103220,lakiel,firm_carp5739,2026-03-30T20:18:42.000+09:00,441
n9f47d9875674,12789134,とり,tori2323,2026-03-29T13:30:47.000+09:00,2729
n9f47d9875674,11634537,ナオユキ｜物語と知識のコンシェルジュ,ai_naoyuki,2026-03-29T09:48:26.000+09:00,2968
n9f47d9875674,13884737,空月,crisp_plover9758,2026-03-28T12:48:03.000+09:00,738
n9f47d9875674,13622735,高原 あまね,amane9157,2026-03-28T12:45:18.000+09:00,407
n9f47d9875674,1287373,はなえ𖠚ᐝ,shima_hana,2026-03-28T09:18:17.000+09:00,462
n9f47d9875674,8518579,Re:gene｜モラハラ解決相談所,rumine_regene,2026-03-28T06:14:16.000+09:00,500
n9f47d9875674,12465066,Shoji ｜未来小説,anomie1,2026-03-27T23:19:43.000+09:00,1208
n9f47d9875674,12503829,gentlereads |.naru,vivid_panda7082,2026-03-27T18:19:37.000+09:00,1273
n9f47d9875674,7278954,譬喩@理論構築技士,hatiskoll,2026-03-26T14:43:15.000+09:00,771
n9f47d9875674,5828006,まなつ/突出マイノリティ列伝,tosshutsu_m,2026-03-25T23:13:15.000+09:00,6133
n9f47d9875674,9505914,ロッコ/家族を大切にできる働き方,easy_wasp56,2026-03-25T23:06:58.000+09:00,480
n9f47d9875674,13574007,🍀ベンジャミン🍀,noble_spirea7217,2026-03-25T22:52:09.000+09:00,767
n9f47d9875674,10425520,とりあえず、ブサネコ®　by  Y Harada,legal_clover3490,2026-03-25T19:59:17.000+09:00,704
n9f47d9875674,11574500,ふらつき母ちゃん 〜今日も全力空回り！〜,dear_viper3924,2026-03-25T17:59:49.000+09:00,806
n9f47d9875674,13617614,イイネオン,moral_hyena7185,2026-03-25T14:13:29.000+09:00,32
n9f47d9875674,13755937,妻を口説きたい元コンサル,mywife_strategy,2026-03-25T13:18:23.000+09:00,356
n9f47d9875674,11019030,かずかず,honest_oriole968,2026-03-25T12:43:03.000+09:00,798
n9f47d9875674,7676820,“ちょうどいい”を編む庭🪴｜みほ,mharmoniouslife,2026-03-25T11:13:08.000+09:00,203
n9f47d9875674,13313272,ほしまの庭,magic_myrtle2114,2026-03-25T09:08:55.000+09:00,829
n9f47d9875674,13071716,コスモス🌸 │ ３人と一緒に考えるnote,cosmos_invest,2026-03-25T08:57:58.000+09:00,599
n9f47d9875674,8903761,SPECTACLE OF THE SUN,saludos_llama,2026-03-25T06:32:16.000+09:00,127
n9f47d9875674,13671541,large_emu552,large_emu552,2026-03-24T23:26:23.000+09:00,6
n9f47d9875674,12366217,see2,chic_badger5419,2026-03-24T23:18:36.000+09:00,207
n9f47d9875674,13117106,ことすのぱぱ,kotosunopapa,2026-03-24T21:39:14.000+09:00,94
n9f47d9875674,12185509,ととのえ｜IT・AI推進の文系副業会社員｜仕事も暮らしもやさしく整える,odayaka_worklife,2026-03-24T19:46:42.000+09:00,1089
n9f47d9875674,12285454,Yeahlph_GZ（イェルフ_ジーゼット）,lofty_myrtle1167,2026-03-24T19:33:34.000+09:00,561
n9f47d9875674,12675061,とも,famous_skink8709,2026-03-24T17:00:31.000+09:00,712
n9f47d9875674,12873400,蛙　蛙🐸元SEのカウンセラー,kaeru_care,2026-03-24T15:16:51.000+09:00,2089
n9f47d9875674,13356295, 人生の盲点｜気づきについて考える　　,jinsei_mouten,2026-03-24T14:37:22.000+09:00,751
n9f47d9875674,13792780,営業パパ,eigyopapa,2026-03-24T14:30:35.000+09:00,1560
n9f47d9875674,13694926,しゅのママ｜小3男子と4歳娘の母,genial_orchid860,2026-03-24T13:31:29.000+09:00,56
n9f47d9875674,13161722,おあつ,keen_pipit1182,2026-03-24T12:38:50.000+09:00,1514
n9f47d9875674,5251773,いずみ,simasima24,2026-03-24T10:15:41.000+09:00,290
n9f47d9875674,13107073,ルパン・ザ・アート,lupin_the_art,2026-03-24T08:57:14.000+09:00,207
n9f47d9875674,11897079,ことたね🍀年子ワーママが紡ぐ子育てメソッド♡,genial_ram4816,2026-03-24T08:07:42.000+09:00,849
n9f47d9875674,12591374,ケンタロウ/gr.minpaku,merry_robin6845,2026-03-24T07:15:33.000+09:00,471
n9f47d9875674,5020098,Ron,ronxworks,2026-03-24T05:56:19.000+09:00,357
n9f47d9875674,14021191,Ron｜静力思考,ron_rbrn,2026-03-24T05:37:26.000+09:00,24
n9f47d9875674,6187447,ぽてと｜文章で生き方を変える毎日寝落ちワーママ,potatonokokoro,2026-03-24T05:28:37.000+09:00,1890
n9f47d9875674,7823822,はぐれパパ＠詩人失格,papa411477,2026-03-24T01:31:43.000+09:00,71
n9f47d9875674,13623910,河内家の日常｜サブ垢,kouchi_life_lab,2026-03-23T23:52:58.000+09:00,945
n9f47d9875674,11655936,妻の不倫と僕の再生,garioshinn,2026-03-23T23:03:51.000+09:00,111
n9f47d9875674,13007950,弐恩(NION)｜HSP×AC×エンパス×不安障害×うつ病,keen_poppy9848,2026-03-23T22:50:35.000+09:00,568
n9f47d9875674,4877017,須川元介/情報翻訳家,skagenavi,2026-03-23T22:49:37.000+09:00,2312
n9f47d9875674,12297006,みなてぃ,minaty_chronicle,2026-03-23T22:43:23.000+09:00,467
n9f47d9875674,12885021,ただのかくひと。,tadanokakuhito,2026-03-23T22:14:40.000+09:00,70
n9f47d9875674,13405464,木漏れ日亭,komorebi_tei,2026-03-23T21:12:15.000+09:00,584
n9f47d9875674,10175064,雪綴ゆき,wise_rat6355,2026-03-23T20:58:50.000+09:00,6352
n9f47d9875674,6905415,豹子頭 林冲,hyousitou,2026-03-23T20:47:49.000+09:00,269
n9f47d9875674,13573046,ゆるテク,yurutech_lab,2026-03-23T20:09:13.000+09:00,76
n9f47d9875674,12624691,あん｜noteと遊ぶ,aging_gracefully,2026-03-23T20:00:54.000+09:00,1218
n9f47d9875674,3518896,村松慎一 / 日々のやりくりから、未来の成長まで。あなたの会社の名脇役。,shinichi0820,2026-03-23T19:58:00.000+09:00,660
n9f47d9875674,1135065,東京PCレスキュー隊長,tolove,2026-03-23T19:57:33.000+09:00,1197
n9f47d9875674,11799948,麦田このみ🎀プロイラストレーター/フリーランス,mugita_konomi,2026-03-23T19:56:08.000+09:00,2301
nb9142d843264,9032133,北原　30代後半　東京都２３区　【フォロバ１００】,leal_falcon160,2026-05-10T16:26:22.000+09:00,1199
nb9142d843264,12377105,まるよか,yokayoka5103,2026-04-30T08:06:21.000+09:00,1361
nb9142d843264,2755847,小山 睦男　書籍コーディネータ,koyamamutsuo2020,2026-04-08T13:58:52.000+09:00,277
nb9142d843264,5828006,まなつ/突出マイノリティ列伝,tosshutsu_m,2026-04-08T09:27:56.000+09:00,6133
nb9142d843264,11777366,hiro,agile_turtle8403,2026-04-07T08:29:51.000+09:00,438
nb9142d843264,13352220,ひみつのあぼかど,himitsu_avocado1,2026-04-03T00:56:16.000+09:00,28
nb9142d843264,12082505,バリバリお猿,loyal_agapan2129,2026-04-02T12:53:28.000+09:00,260
nb9142d843264,13416976,yukariyajp,brainy_thyme2046,2026-04-02T12:23:45.000+09:00,1114
nb9142d843264,11829382,NextStep_YK,gentle_jaguar782,2026-04-02T09:38:35.000+09:00,315
nb9142d843264,13107073,ルパン・ザ・アート,lupin_the_art,2026-03-31T12:40:24.000+09:00,207
nb9142d843264,8518579,Re:gene｜モラハラ解決相談所,rumine_regene,2026-03-28T07:27:29.000+09:00,500
nb9142d843264,7278954,譬喩@理論構築技士,hatiskoll,2026-03-26T14:43:17.000+09:00,771
nb9142d843264,10175064,雪綴ゆき,wise_rat6355,2026-03-25T07:52:04.000+09:00,6352
nb9142d843264,13623910,河内家の日常｜サブ垢,kouchi_life_lab,2026-03-23T00:06:59.000+09:00,945
nb9142d843264,12537943,pipi@保育士ママ,pipi_55paradise,2026-03-22T22:40:59.000+09:00,1195
nb9142d843264,13573046,ゆるテク,yurutech_lab,2026-03-22T16:37:45.000+09:00,76
nb9142d843264,12064891,あかそら,lively_newt7777,2026-03-22T09:28:45.000+09:00,125
nb9142d843264,13574007,🍀ベンジャミン🍀,noble_spirea7217,2026-03-22T07:09:33.000+09:00,767
nb9142d843264,12297006,みなてぃ,minaty_chronicle,2026-03-22T05:42:55.000+09:00,467
nb9142d843264,12840193,tabu55,agotabu_note7512,2026-03-21T22:48:02.000+09:00,53
nb9142d843264,4877017,須川元介/情報翻訳家,skagenavi,2026-03-21T19:59:27.000+09:00,2312
nb9142d843264,6905415,豹子頭 林冲,hyousitou,2026-03-21T19:38:22.000+09:00,269
nb9142d843264,13405464,木漏れ日亭,komorebi_tei,2026-03-21T17:28:20.000+09:00,584
nb9142d843264,10517876,向日葵じまにゃん🌻,jimanyan,2026-03-21T15:55:25.000+09:00,1881
nb9142d843264,13161722,おあつ,keen_pipit1182,2026-03-21T14:58:55.000+09:00,1514
ncaddb687d9fe,12366217,see2,chic_badger5419,2026-04-27T23:02:11.000+09:00,207
ncaddb687d9fe,10097507,華子,genial_spirea716,2026-04-20T21:11:10.000+09:00,1070
ncaddb687d9fe,11840255,鈴森よいほ｜AIコンテンツ／思想型クリエイター,yoiho25june,2026-04-16T02:16:36.000+09:00,961
ncaddb687d9fe,11837112,もぐら,mogurabooks,2026-04-11T05:40:32.000+09:00,214
ncaddb687d9fe,11777366,hiro,agile_turtle8403,2026-04-07T08:24:30.000+09:00,438
ncaddb687d9fe,13373520,Kimiyo7897,magic_magpie5488,2026-04-06T22:10:51.000+09:00,690
ncaddb687d9fe,4491436,えめらるど2024,emerald11,2026-04-02T18:56:05.000+09:00,122
ncaddb687d9fe,6905415,豹子頭 林冲,hyousitou,2026-04-01T14:31:15.000+09:00,269
ncaddb687d9fe,12071736,アンドリュー・フライト@理容師から人生逆転を目指す男！,like_otter7498,2026-03-31T22:29:45.000+09:00,367
ncaddb687d9fe,13548914,雪,fit_snail7673,2026-03-29T22:49:11.000+09:00,581
ncaddb687d9fe,5828006,まなつ/突出マイノリティ列伝,tosshutsu_m,2026-03-28T15:37:14.000+09:00,6133
ncaddb687d9fe,1287373,はなえ𖠚ᐝ,shima_hana,2026-03-28T09:15:29.000+09:00,462
ncaddb687d9fe,4439820,さわら,sawararie,2026-03-27T22:46:36.000+09:00,158
ncaddb687d9fe,12391716,もぐたんママ🎈|皆の笑顔を増やすnote@タラヲガールズ006,mogu0321_mam,2026-03-27T22:42:45.000+09:00,1666
ncaddb687d9fe,7278954,譬喩@理論構築技士,hatiskoll,2026-03-26T16:05:24.000+09:00,771
ncaddb687d9fe,10425520,とりあえず、ブサネコ®　by  Y Harada,legal_clover3490,2026-03-24T23:59:23.000+09:00,704
ncaddb687d9fe,9337161,カオリイロ|魂を香らせる生き方探求|　　,kaoriiro2525,2026-03-24T21:21:12.000+09:00,263
ncaddb687d9fe,12377105,まるよか,yokayoka5103,2026-03-24T20:07:21.000+09:00,1361
ncaddb687d9fe,11973177,るこのみらい,ruco3,2026-03-23T20:57:07.000+09:00,2014
ncaddb687d9fe,10175064,雪綴ゆき,wise_rat6355,2026-03-23T20:57:05.000+09:00,6352
ncaddb687d9fe,4877017,須川元介/情報翻訳家,skagenavi,2026-03-23T18:52:55.000+09:00,2312
ncaddb687d9fe,11574500,ふらつき母ちゃん 〜今日も全力空回り！〜,dear_viper3924,2026-03-23T17:53:42.000+09:00,806
ncaddb687d9fe,7896891,ポンタ,pontanohaha,2026-03-23T14:09:13.000+09:00,1164
ncaddb687d9fe,12624691,あん｜noteと遊ぶ,aging_gracefully,2026-03-21T22:28:58.000+09:00,1218
ncaddb687d9fe,13792780,営業パパ,eigyopapa,2026-03-21T22:26:57.000+09:00,1560
ncaddb687d9fe,13107073,ルパン・ザ・アート,lupin_the_art,2026-03-21T20:45:44.000+09:00,207
ncaddb687d9fe,12847647,黒野,kuro_yuki2025,2026-03-21T15:45:30.000+09:00,301
ncaddb687d9fe,10989230,チャープチ,magic_coyote7543,2026-03-21T12:10:02.000+09:00,2
ncaddb687d9fe,12952878,ロアー・ボイ（みつひろ）,roarboy,2026-03-21T11:03:21.000+09:00,1392
ncaddb687d9fe,13183619,かいと@酒と魚好き,like_camel7475,2026-03-21T10:15:33.000+09:00,1002
ncaddb687d9fe,13574007,🍀ベンジャミン🍀,noble_spirea7217,2026-03-21T06:03:59.000+09:00,767
ncaddb687d9fe,5528334,ヒトタラヲ,5959life,2026-03-21T02:18:57.000+09:00,4029
ncaddb687d9fe,10517876,向日葵じまにゃん🌻,jimanyan,2026-03-20T22:54:50.000+09:00,1881
ncaddb687d9fe,1214718,樹林,natty_mole6013,2026-03-20T17:58:54.000+09:00,134
ncaddb687d9fe,12185509,ととのえ｜IT・AI推進の文系副業会社員｜仕事も暮らしもやさしく整える,odayaka_worklife,2026-03-20T16:44:17.000+09:00,1089
ncaddb687d9fe,11201342,れいぽん,rainponcho_mama,2026-03-20T16:21:59.000+09:00,3255
ncaddb687d9fe,13573046,ゆるテク,yurutech_lab,2026-03-20T14:31:09.000+09:00,76
ncaddb687d9fe,13787971,カナタ,glad_peony789,2026-03-20T12:05:48.000+09:00,197
ncaddb687d9fe,12591374,ケンタロウ/gr.minpaku,merry_robin6845,2026-03-20T09:25:19.000+09:00,471
ncaddb687d9fe,3548376,ROKU,rokuken06,2026-03-20T09:09:54.000+09:00,124
ncaddb687d9fe,7703704,清宮ゆうか｜年子兄妹のママ・薬剤師,yuka_k_mom,2026-03-20T08:33:52.000+09:00,1295
ncaddb687d9fe,12503829,gentlereads |.naru,vivid_panda7082,2026-03-20T06:02:36.000+09:00,1273
ncaddb687d9fe,12806920,みあ,bold_hawk9783,2026-03-20T04:54:23.000+09:00,341
ncaddb687d9fe,13117106,ことすのぱぱ,kotosunopapa,2026-03-20T04:20:45.000+09:00,94
ncaddb687d9fe,12675061,とも,famous_skink8709,2026-03-20T03:17:27.000+09:00,712
ncaddb687d9fe,11602523,中の人,juizfx_ai,2026-03-20T03:12:59.000+09:00,63
ncaddb687d9fe,13405464,木漏れ日亭,komorebi_tei,2026-03-20T00:16:50.000+09:00,584
ncaddb687d9fe,11878886,きゅう｜暮らしととのえLabo,dear_duck9350,2026-03-20T00:10:46.000+09:00,1924
ncaddb687d9fe,13623910,河内家の日常｜サブ垢,kouchi_life_lab,2026-03-19T23:56:08.000+09:00,945
ncaddb687d9fe,13416976,yukariyajp,brainy_thyme2046,2026-03-19T23:19:09.000+09:00,1114
ncaddb687d9fe,13729653,ノノパパ,safe_swift5377,2026-03-19T22:35:43.000+09:00,810
ncaddb687d9fe,13161722,おあつ,keen_pipit1182,2026-03-19T21:21:07.000+09:00,1514
n127ed47186b2,9032133,北原　30代後半　東京都２３区　【フォロバ１００】,leal_falcon160,2026-05-10T16:26:30.000+09:00,1199
n127ed47186b2,14132723,せな｜無理しない低燃費生活,senamainiti,2026-05-02T19:08:54.000+09:00,459
n127ed47186b2,14124940,mariko ,crisp_bear6729,2026-05-01T06:56:35.000+09:00,91
n127ed47186b2,12377105,まるよか,yokayoka5103,2026-04-29T20:51:21.000+09:00,1361
n127ed47186b2,13223327,静かな記録,great_komorebi,2026-04-29T14:49:54.000+09:00,357
n127ed47186b2,12344143,ともか,apt_jaguar5933,2026-04-18T17:40:33.000+09:00,193
n127ed47186b2,5179233,ねじ雲｜3歳児と暮らすワンオペ育児漫画,nejigumo,2026-04-17T22:33:12.000+09:00,382
n127ed47186b2,14060433,Bluebell diary🌿,modern_llama1047,2026-04-17T17:24:07.000+09:00,175
n127ed47186b2,14141449,ナミ＠30代シングルマザーの軌跡,nami_log_2026,2026-04-17T14:36:23.000+09:00,77
n127ed47186b2,12448707,hanauta,kotono_hanauta,2026-04-16T22:32:40.000+09:00,129
n127ed47186b2,11624730,無口,lucky_ferret8634,2026-04-15T20:37:41.000+09:00,1033
n127ed47186b2,11364896,おうちに帰りたい,firm_harte1770,2026-04-12T12:10:55.000+09:00,148
n127ed47186b2,13660900,うっきー【節約お得好きなズボラママの日常】,ukimama00,2026-04-05T11:02:29.000+09:00,16
n127ed47186b2,11358615,ベティママ,clear_newt3029,2026-04-03T22:54:53.000+09:00,149
n127ed47186b2,13430194,あきまむ,fond_shark9221,2026-04-02T23:17:52.000+09:00,213
n127ed47186b2,13221510,チ～タラさん,dandy_sorrel623,2026-04-02T09:38:55.000+09:00,839
n127ed47186b2,10425520,とりあえず、ブサネコ®　by  Y Harada,legal_clover3490,2026-04-01T22:04:18.000+09:00,704
n127ed47186b2,13815509,るなの暮らしの保健室,runa_lifework,2026-03-29T08:23:06.000+09:00,323
n127ed47186b2,10950651,ebina,evinindabuilding,2026-03-28T12:40:55.000+09:00,374
n127ed47186b2,1287373,はなえ𖠚ᐝ,shima_hana,2026-03-28T09:13:23.000+09:00,462
n127ed47186b2,13755937,妻を口説きたい元コンサル,mywife_strategy,2026-03-27T21:06:43.000+09:00,356
n127ed47186b2,4042337,こころのかあちゃん l ゆんママ☀（旧：幸せなしろくまさん）,yun_mama2025,2026-03-27T07:16:25.000+09:00,967
n127ed47186b2,7278954,譬喩@理論構築技士,hatiskoll,2026-03-26T16:05:25.000+09:00,771
n127ed47186b2,12366217,see2,chic_badger5419,2026-03-26T00:12:24.000+09:00,207
n127ed47186b2,11574500,ふらつき母ちゃん 〜今日も全力空回り！〜,dear_viper3924,2026-03-25T17:57:08.000+09:00,806
n127ed47186b2,12185509,ととのえ｜IT・AI推進の文系副業会社員｜仕事も暮らしもやさしく整える,odayaka_worklife,2026-03-24T19:49:15.000+09:00,1089
n127ed47186b2,12740131,塩こんぶ,shio_konbu2525,2026-03-22T20:48:33.000+09:00,157
n127ed47186b2,10175064,雪綴ゆき,wise_rat6355,2026-03-22T19:26:23.000+09:00,6352
n127ed47186b2,13978545,サトル,satoru_worries,2026-03-22T15:17:33.000+09:00,167
n127ed47186b2,7823822,はぐれパパ＠詩人失格,papa411477,2026-03-22T02:01:50.000+09:00,71
n127ed47186b2,13107073,ルパン・ザ・アート,lupin_the_art,2026-03-21T20:45:52.000+09:00,207
n127ed47186b2,9281462,N氏,nakaikikaku,2026-03-20T23:22:00.000+09:00,1332
n127ed47186b2,1214718,樹林,natty_mole6013,2026-03-20T17:58:53.000+09:00,134
n127ed47186b2,3548376,ROKU,rokuken06,2026-03-20T09:09:50.000+09:00,124
n127ed47186b2,12602815,みじゅくパパ,mijuku_father,2026-03-20T07:28:24.000+09:00,437
n127ed47186b2,12385127,超育休志向｜りさ ＆ ゆういち,comfamily_lab,2026-03-19T21:39:48.000+09:00,501
n127ed47186b2,13762791,ふくまる＠夫婦関係改善ナース,hukumaru_352,2026-03-19T16:46:26.000+09:00,185
n127ed47186b2,6905415,豹子頭 林冲,hyousitou,2026-03-19T14:21:05.000+09:00,269
n127ed47186b2,13574007,🍀ベンジャミン🍀,noble_spirea7217,2026-03-19T14:06:07.000+09:00,767
n127ed47186b2,5213904,神村ララ｜夫婦起業コンサルタント,rara_kagoshima,2026-03-19T12:13:17.000+09:00,601
n127ed47186b2,6973441,はちみつお,lovely_sukoyaka,2026-03-19T12:12:19.000+09:00,11
n127ed47186b2,13542800,porinky,ideal_condor7782,2026-03-19T09:57:25.000+09:00,11
n127ed47186b2,7929302,yamanakasanchi,yamanakasanchi,2026-03-19T08:47:09.000+09:00,319
n127ed47186b2,13294435,ロコ,serene_rose7880,2026-03-19T08:33:31.000+09:00,27
n127ed47186b2,13186096,comoco,crisp_willet588,2026-03-19T08:33:00.000+09:00,419
n127ed47186b2,5281679,なり｜育休中,nari7693,2026-03-19T07:56:24.000+09:00,272
n127ed47186b2,9987561,Goodroom代表｜相続・不動産コンサルタント淺井,proper_crocus630,2026-03-19T07:16:24.000+09:00,752
n127ed47186b2,11591611,スリープノート-Sleep Note,major_takin6285,2026-03-19T06:49:31.000+09:00,731
n127ed47186b2,12342046,Hajime (hana),cozy_zebra4820,2026-03-19T06:38:57.000+09:00,477
n127ed47186b2,11215366,ゆさ⌇note副業にハマった主婦,yusa_no_note,2026-03-19T06:09:35.000+09:00,3063
n127ed47186b2,12675061,とも,famous_skink8709,2026-03-19T03:57:41.000+09:00,712
n127ed47186b2,4877017,須川元介/情報翻訳家,skagenavi,2026-03-18T22:58:05.000+09:00,2312
n127ed47186b2,12521570,しろのある,shirono_aru,2026-03-18T22:46:35.000+09:00,3719
n127ed47186b2,13820416, 孤独を言語化する人,riakky1461,2026-03-18T21:52:54.000+09:00,801
n127ed47186b2,3559275,Nue | キャリア資本を蓄積中の2児パパ | スマホで挑むデータサイエンス,ace11nue,2026-03-18T20:18:14.000+09:00,19
n127ed47186b2,5828006,まなつ/突出マイノリティ列伝,tosshutsu_m,2026-03-18T19:00:10.000+09:00,6133
n127ed47186b2,11878886,きゅう｜暮らしととのえLabo,dear_duck9350,2026-03-18T18:02:24.000+09:00,1924
n127ed47186b2,9409971,城山アダムス,large_chimp5395,2026-03-18T17:41:56.000+09:00,735
n127ed47186b2,13536495,節税先生,setsuzei_sensei,2026-03-18T16:53:48.000+09:00,529
n127ed47186b2,8100070,hatuhi stand,witty_oxalis317,2026-03-18T14:53:49.000+09:00,298
n127ed47186b2,13465403,たまご,tamago_hokkaido,2026-03-18T13:46:27.000+09:00,486
n127ed47186b2,6880312,かいちょーさん（旧：PTAかいちょーさん）,tsubuyaki_mom,2026-03-18T13:46:27.000+09:00,972
n127ed47186b2,13261566,Kumi｜50代｜シンママ｜中学受験｜大学受験｜教育費,cute_squid2419,2026-03-18T13:28:26.000+09:00,1054
n127ed47186b2,12312896,令和　舞,karisuma_mai,2026-03-18T13:22:33.000+09:00,2037
n127ed47186b2,13565004,ボート予想師 KAI,keen_quokka458,2026-03-18T11:52:11.000+09:00,211
n127ed47186b2,13405464,木漏れ日亭,komorebi_tei,2026-03-18T09:51:58.000+09:00,584
n127ed47186b2,12591374,ケンタロウ/gr.minpaku,merry_robin6845,2026-03-18T07:12:39.000+09:00,471
n127ed47186b2,12411966,ルー＝シャーナ（ルーシャーナ）｜感覚をことばにする往復便,jolly_lupine2962,2026-03-18T05:49:53.000+09:00,2299
n127ed47186b2,9489656,MeGood,megood_1028,2026-03-18T05:40:19.000+09:00,61
n127ed47186b2,13641887,Yuma｜半盲で、生き直す,adondevamos,2026-03-18T03:56:48.000+09:00,41
n127ed47186b2,11684991,はっしー5,brainy_coot4565,2026-03-18T00:52:09.000+09:00,50
n127ed47186b2,13671541,large_emu552,large_emu552,2026-03-18T00:19:45.000+09:00,6
n127ed47186b2,13721783,shu,serene_turtle561,2026-03-17T23:48:44.000+09:00,69
n127ed47186b2,13623910,河内家の日常｜サブ垢,kouchi_life_lab,2026-03-17T23:12:38.000+09:00,945
n127ed47186b2,12297006,みなてぃ,minaty_chronicle,2026-03-17T22:31:32.000+09:00,467
n127ed47186b2,10517876,向日葵じまにゃん🌻,jimanyan,2026-03-17T21:52:46.000+09:00,1881
n127ed47186b2,12885021,ただのかくひと。,tadanokakuhito,2026-03-17T21:31:05.000+09:00,70
n127ed47186b2,13659731,迷える介護福祉士,miipapapa,2026-03-17T21:28:07.000+09:00,687
n127ed47186b2,12285454,Yeahlph_GZ（イェルフ_ジーゼット）,lofty_myrtle1167,2026-03-17T21:18:05.000+09:00,561
n127ed47186b2,8686204,育休パパ日記,peperoncinodayo,2026-03-17T20:54:31.000+09:00,298
n127ed47186b2,13117106,ことすのぱぱ,kotosunopapa,2026-03-17T20:51:09.000+09:00,94
n127ed47186b2,13722084,トレーダーT｜FX投資｜note,aibow1180,2026-03-17T20:36:55.000+09:00,790
n127ed47186b2,7703704,清宮ゆうか｜年子兄妹のママ・薬剤師,yuka_k_mom,2026-03-17T20:30:36.000+09:00,1295
n127ed47186b2,12496994,さいとうクリーニング　布団洗いが得意　齊藤師義,mitsuyoshisaitou,2026-03-17T20:30:34.000+09:00,643
n127ed47186b2,6951580,メリ夫｜混雑回避と駅測定,meriod10,2026-03-17T20:28:32.000+09:00,1357
n127ed47186b2,2741107,Pochi,fwa74622,2026-03-17T20:26:32.000+09:00,372
n127ed47186b2,6087017,きいぴくみん｜3児の父,kiipik,2026-03-17T20:22:15.000+09:00,229
n127ed47186b2,10651811,おいもちゃん｜noteガチる1級FP・CFP,oimocyan,2026-03-17T20:21:17.000+09:00,20537
n3ebefc29295a,13359068,haremithu,haremithu,2026-05-31T07:24:19.000+09:00,762
n3ebefc29295a,4472775,あまね〘ฅ՞•ﻌ•՞ฅฅ^•ﻌ•^ฅ〙,almabrillante,2026-05-30T23:19:22.000+09:00,842
n3ebefc29295a,10091607,🔔Bell note,bellshacho,2026-05-29T20:35:30.000+09:00,2045
n3ebefc29295a,8857122,うるるん,nice_daisy957,2026-05-25T23:32:12.000+09:00,995
n3ebefc29295a,14126621,フリーマン,just_serval6544,2026-05-23T06:32:43.000+09:00,220
n3ebefc29295a,12789134,とり,tori2323,2026-05-17T10:45:16.000+09:00,2729
n3ebefc29295a,9032133,北原　30代後半　東京都２３区　【フォロバ１００】,leal_falcon160,2026-05-10T16:26:25.000+09:00,1199
n3ebefc29295a,14290866,すぎ,easy_quoll8115,2026-05-09T21:51:08.000+09:00,396
n3ebefc29295a,12705892,ゆずの寺小屋,serene_loris3567,2026-05-06T08:19:33.000+09:00,380
n3ebefc29295a,14270209,ジェミナ南醍,gemina_nandi,2026-05-03T18:21:10.000+09:00,219
n3ebefc29295a,10750843,Takanashi（たかなし）,takanashi_note01,2026-05-01T21:44:46.000+09:00,1187
n3ebefc29295a,12312896,令和　舞,karisuma_mai,2026-04-26T08:56:06.000+09:00,2037
n3ebefc29295a,8790064,サトウ|読むだけ整体・続,witty_beetle412,2026-04-17T08:28:11.000+09:00,544
n3ebefc29295a,10481360,みやび,_oto_kotoba,2026-04-16T15:07:47.000+09:00,2056
n3ebefc29295a,6684365,ひいろ,hiiro_archive153,2026-04-15T15:48:01.000+09:00,3460
n3ebefc29295a,13623901,あずなぶ〜る｜SNS弱者のnote戦略術,alive_here3686,2026-04-07T01:19:47.000+09:00,814
n3ebefc29295a,13906949,思考整理ノート｜40代会社員,think_note_log,2026-04-06T17:17:25.000+09:00,271
n3ebefc29295a,13585004,Admini,mj_adminilegal,2026-04-04T05:14:53.000+09:00,195
n3ebefc29295a,13320447,野良猫が好きな、ネコすぎ｜ショートショート書いています,nekosugi_117,2026-04-01T21:29:13.000+09:00,136
n3ebefc29295a,4184910,まい｜SNSが苦手な人の集客,mai_mogu,2026-03-31T23:34:44.000+09:00,844
n3ebefc29295a,12006544,Haruru Note - はるか帖,harurunotes,2026-03-28T23:09:09.000+09:00,213
n3ebefc29295a,13073421,こまてん｜「CS思考」で書くAIライター,ai_writers,2026-03-28T22:07:11.000+09:00,6318
n3ebefc29295a,5828006,まなつ/突出マイノリティ列伝,tosshutsu_m,2026-03-28T15:37:19.000+09:00,6133
n3ebefc29295a,12025111,七転八起,shichitenhakki0,2026-03-28T14:40:58.000+09:00,723
n3ebefc29295a,13209224,和恵,clear_broom7878,2026-03-28T11:28:30.000+09:00,1322
n3ebefc29295a,12509830,中年papaya🌈フォロバ100🌈,long_viola1695,2026-03-28T11:26:09.000+09:00,1563
n3ebefc29295a,13675567,しゅがるん,kodai0810,2026-03-28T08:56:50.000+09:00,4865
n3ebefc29295a,10460304,ちんぱん🐒AI×note実録,ojisan_chinpan,2026-03-27T06:53:51.000+09:00,789
n3ebefc29295a,12320536,キタイダイ,clear_knot1605,2026-03-26T20:51:56.000+09:00,995
n3ebefc29295a,12400129,aka.｜ズボラnurseのゆる思考をお届け,nico_nurse415,2026-03-26T09:57:41.000+09:00,420
n3ebefc29295a,1899825,エイト｜noteを育てる実験記録,haruki835,2026-03-26T09:19:48.000+09:00,820
n3ebefc29295a,10425520,とりあえず、ブサネコ®　by  Y Harada,legal_clover3490,2026-03-25T20:00:28.000+09:00,704
n3ebefc29295a,11574500,ふらつき母ちゃん 〜今日も全力空回り！〜,dear_viper3924,2026-03-25T17:39:59.000+09:00,806
n3ebefc29295a,12577039,kazuna*自分らしく生きるライフデザイン,kazuna_life,2026-03-25T14:02:09.000+09:00,340
n3ebefc29295a,5528334,ヒトタラヲ,5959life,2026-03-25T04:38:34.000+09:00,4029
n3ebefc29295a,12377105,まるよか,yokayoka5103,2026-03-24T20:12:14.000+09:00,1361
n3ebefc29295a,12377514,はまログ（hama's no+e）,hama_ch,2026-03-24T03:06:26.000+09:00,506
n3ebefc29295a,7896891,ポンタ,pontanohaha,2026-03-23T14:12:14.000+09:00,1164
n3ebefc29295a,11942977,suiの楽しいTOEIC英単語,e_vocabulary_,2026-03-22T23:40:35.000+09:00,16
n3ebefc29295a,13751113,るみな@痩せたら幸せになった,ruminari,2026-03-22T11:57:04.000+09:00,506
n3ebefc29295a,12185509,ととのえ｜IT・AI推進の文系副業会社員｜仕事も暮らしもやさしく整える,odayaka_worklife,2026-03-22T07:46:54.000+09:00,1089
n3ebefc29295a,12624691,あん｜noteと遊ぶ,aging_gracefully,2026-03-21T22:31:17.000+09:00,1218
n3ebefc29295a,13792780,営業パパ,eigyopapa,2026-03-21T22:26:18.000+09:00,1560
n3ebefc29295a,13107073,ルパン・ザ・アート,lupin_the_art,2026-03-21T20:45:46.000+09:00,207
n3ebefc29295a,11878886,きゅう｜暮らしととのえLabo,dear_duck9350,2026-03-21T20:35:48.000+09:00,1924
n3ebefc29295a,5289417,重吉陽一郎 / 詩書きがnoteで書店,a123z,2026-03-21T14:43:44.000+09:00,1409
n3ebefc29295a,5457288,Antwerp,antwerp0220,2026-03-21T12:58:53.000+09:00,1360
n3ebefc29295a,10816572,みらちょいす,mira_choice100,2026-03-21T10:37:36.000+09:00,4020
n3ebefc29295a,11634537,ナオユキ｜物語と知識のコンシェルジュ,ai_naoyuki,2026-03-21T07:47:22.000+09:00,2968
n3ebefc29295a,7167110,コワモテ,kwmtkoo,2026-03-21T01:29:52.000+09:00,434
n3ebefc29295a,13716230,Lina,dreamy_toucan674,2026-03-20T16:57:20.000+09:00,104
n3ebefc29295a,3548376,ROKU,rokuken06,2026-03-20T12:17:48.000+09:00,124
n3ebefc29295a,13026790,ヒチャコ～｜70年の人生で拾ったもの,rira_lilac87,2026-03-20T10:42:47.000+09:00,286
n3ebefc29295a,12367253,リスパパ｜共働き×育児×家計メモ,kosodate_papa01,2026-03-19T23:46:42.000+09:00,113
n3ebefc29295a,13800782,桐谷光一｜会社経営者だけど夜勤もしてます,esun_1001,2026-03-19T19:44:00.000+09:00,1658
n3ebefc29295a,2667446,Taka｜AIを使い倒すエンジニアの『ゼロ円ひとり起業』奮闘記,takah_note,2026-03-18T21:23:21.000+09:00,768
n3ebefc29295a,3559275,Nue | キャリア資本を蓄積中の2児パパ | スマホで挑むデータサイエンス,ace11nue,2026-03-18T20:18:19.000+09:00,19
n3ebefc29295a,8202195,ゆうしん🐹｜デジタルの温もりを届けるAIアートクリエイター,yuushinhalo2025,2026-03-18T20:00:47.000+09:00,383
n3ebefc29295a,13735600,lovin,joyful_mole3969,2026-03-18T17:56:07.000+09:00,570
n3ebefc29295a,11399091,Poppy,with_poppy,2026-03-18T17:23:30.000+09:00,1811
n3ebefc29295a,8100070,hatuhi stand,witty_oxalis317,2026-03-18T14:53:42.000+09:00,298
n3ebefc29295a,1951256,視世陽木,miseharuki,2026-03-18T12:41:27.000+09:00,10
n3ebefc29295a,13565004,ボート予想師 KAI,keen_quokka458,2026-03-18T11:52:12.000+09:00,211
n3ebefc29295a,12143967,ojichiku,ojickiku,2026-03-18T10:43:44.000+09:00,232
n3ebefc29295a,13405464,木漏れ日亭,komorebi_tei,2026-03-18T09:49:40.000+09:00,584
n3ebefc29295a,13411975,みかん先生🍊現役小学校教員,legit_liger6697,2026-03-17T20:11:00.000+09:00,309
n3ebefc29295a,12217967,mori｜子育てしながらAI×noteで収益化させる道のり@サラリーマン副業,cozy_willet7053,2026-03-17T18:20:14.000+09:00,480
n3ebefc29295a,12873400,蛙　蛙🐸元SEのカウンセラー,kaeru_care,2026-03-17T11:58:43.000+09:00,2089
n3ebefc29295a,4877017,須川元介/情報翻訳家,skagenavi,2026-03-17T09:41:45.000+09:00,2312
n3ebefc29295a,12644828,今日のmama,happiness2419,2026-03-17T08:52:08.000+09:00,5
n3ebefc29295a,5738970,営業fafa | note業界No.1営業マン,kohana1112,2026-03-17T07:34:08.000+09:00,1394
n3ebefc29295a,11877070,アルフレッド,game_system_alex,2026-03-17T07:26:46.000+09:00,2642
n3ebefc29295a,1692076,ぱる,ns_kagayaku,2026-03-17T02:09:41.000+09:00,665
n3ebefc29295a,9482421,じゅんのすけ,juicy_lynx3773,2026-03-17T00:04:38.000+09:00,1173
n3ebefc29295a,9409971,城山アダムス,large_chimp5395,2026-03-16T21:51:38.000+09:00,735
n3ebefc29295a,12885894,taka,agile_heron3163,2026-03-16T20:33:01.000+09:00,629
n3ebefc29295a,13007950,弐恩(NION)｜HSP×AC×エンパス×不安障害×うつ病,keen_poppy9848,2026-03-16T20:14:14.000+09:00,568
n3ebefc29295a,9531148,作家Olive K,genial_magpie712,2026-03-16T16:49:23.000+09:00,286
n3ebefc29295a,12373413,がじぇお,bluesky_jet,2026-03-16T16:29:07.000+09:00,239
n3ebefc29295a,11873335,びくに,b92,2026-03-16T13:19:56.000+09:00,77
n3ebefc29295a,5036044,ケイシンカイロプラクティック,sikiseki,2026-03-16T11:29:43.000+09:00,380
n3ebefc29295a,4616383,NoriP（植木乃梨子）,styleplus2020,2026-03-16T11:19:48.000+09:00,834
n3ebefc29295a,13617545,5インカム父さん,alert_ibis567,2026-03-16T10:41:00.000+09:00,869
n3ebefc29295a,1214718,樹林,natty_mole6013,2026-03-16T08:57:56.000+09:00,134
n3ebefc29295a,12835054,"Shato@11,000時間を守る家計管理",legit_auk1458,2026-03-16T06:38:19.000+09:00,360
n3ebefc29295a,13281186,さくさく|そっと寄り添う日々,jidoukan_judge,2026-03-15T23:50:54.000+09:00,1661
n3ebefc29295a,11285368,水澄 深（MizuiroDeep）,mizuiro_deep2025,2026-03-15T22:46:44.000+09:00,3413
n3ebefc29295a,9339355,metime notes,chic_curlew7979,2026-03-15T22:33:51.000+09:00,444
n3ebefc29295a,12891000,REN MASIRO｜言語化と構造で、心と行動をつなぐ,open_drake4639,2026-03-15T21:26:18.000+09:00,1737
n3ebefc29295a,9661316,CityLights,rapid_impala7306,2026-03-15T20:52:08.000+09:00,454
n3ebefc29295a,13743120,yuu1109yuu,alert_yak9097,2026-03-15T20:51:13.000+09:00,308
n3ebefc29295a,10175064,雪綴ゆき,wise_rat6355,2026-03-15T20:20:30.000+09:00,6352
n3ebefc29295a,4445551,ちー母ちゃん＠福言招き猫,marukotoganbaru,2026-03-15T19:40:26.000+09:00,1246
n3ebefc29295a,13402946,あちゃこ｜生活と記憶のあいだ🌿,xs_achako,2026-03-15T19:11:47.000+09:00,283
n3ebefc29295a,13816916,Fnekko,100kabuneko,2026-03-15T19:06:41.000+09:00,346
n3ebefc29295a,13772442,カートの裏側｜AIをガチ活用するEC担当者,cart_ura,2026-03-15T18:02:01.000+09:00,59
n3ebefc29295a,5119266,Tiny Lights,tiny_lights,2026-03-15T17:40:09.000+09:00,230
n3ebefc29295a,13779752,にんにん＠学びを忍術に変える、成長型ちび忍者,nin_nin_222,2026-03-15T16:04:01.000+09:00,70
n3ebefc29295a,7666999,みつくにけいし｜魂とビジネスの統合ノート,mitsukunikeishi,2026-03-15T15:08:30.000+09:00,1226
n3ebefc29295a,13770769,ゆる～くファンタジー,glad_oriole505,2026-03-15T12:21:48.000+09:00,219
n3ebefc29295a,11521745,てぐぞー｜AIと「楽しみながら生きる」40代パパ,nifty_sheep2798,2026-03-15T12:16:49.000+09:00,980
n3ebefc29295a,12882798,サラリーマンおじ【成長日記】フォロバ100,kind_magpie1503,2026-03-15T11:44:28.000+09:00,2375
n3ebefc29295a,13196316,ゆいか,juicy_oxalis6951,2026-03-15T11:22:11.000+09:00,413
n3ebefc29295a,13425095,おとうふ｜30代パート主婦の暮らしメモ,otofu_ponzu,2026-03-15T10:51:12.000+09:00,1230
n3ebefc29295a,8898922,AIに訊く人。,aihumanknowledge,2026-03-15T10:35:45.000+09:00,337
n3ebefc29295a,7228780,しろあお｜思考整理×工場勤務×30代パパ,shiroao_log,2026-03-15T10:14:26.000+09:00,474
n3ebefc29295a,13415789,ことばの余白,kotonohaspace,2026-03-15T07:55:59.000+09:00,422
n3ebefc29295a,13462864,カトラス・映画と物語が好きな人/Webライター小説家,katoras,2026-03-15T07:50:50.000+09:00,243
n3ebefc29295a,8766148,地獄のさるなび｜年子姉妹パパ,sarunabi_kyusyu,2026-03-15T07:21:39.000+09:00,55
n3ebefc29295a,1287373,はなえ𖠚ᐝ,shima_hana,2026-03-15T07:09:56.000+09:00,462
n3ebefc29295a,10517876,向日葵じまにゃん🌻,jimanyan,2026-03-15T05:55:48.000+09:00,1881
n3ebefc29295a,11908158,サトシ｜断れない管理職の気疲れを減らす仕事術,hkst_happy0920,2026-03-14T23:06:56.000+09:00,464
n3ebefc29295a,10997933,阿部　礼司,dandy_chives4474,2026-03-14T21:32:14.000+09:00,492
n3ebefc29295a,3749080,ひめひろ,himehiro,2026-03-14T20:28:59.000+09:00,291
n3ebefc29295a,11285250,クー🐾スポーツショップの猫店員,nifty_heron7168,2026-03-14T20:11:50.000+09:00,175
n3ebefc29295a,13574007,🍀ベンジャミン🍀,noble_spirea7217,2026-03-14T20:08:59.000+09:00,767
n3ebefc29295a,12675061,とも,famous_skink8709,2026-03-14T17:55:45.000+09:00,712
n3ebefc29295a,7823822,はぐれパパ＠詩人失格,papa411477,2026-03-14T17:02:28.000+09:00,71
n3ebefc29295a,12301144,ゆぴか ☀︎在宅で働きたい主婦（ちょっとワケあり）,tasty_quoll5392,2026-03-14T15:03:48.000+09:00,679
n3ebefc29295a,13655583,Inochi Tear,apt_hornet3762,2026-03-14T14:35:57.000+09:00,372
n3ebefc29295a,13729653,ノノパパ,safe_swift5377,2026-03-14T14:11:38.000+09:00,810
n3ebefc29295a,13536495,節税先生,setsuzei_sensei,2026-03-14T13:56:49.000+09:00,529
n3ebefc29295a,13117106,ことすのぱぱ,kotosunopapa,2026-03-14T13:33:15.000+09:00,94
n3ebefc29295a,10674983,みさと@むしケア先生,misato_icare,2026-03-14T12:55:43.000+09:00,4787
n3ebefc29295a,13703466,とき湯の息子（国家公務員）,humble_willet265,2026-03-14T12:45:20.000+09:00,1907
n3ebefc29295a,12503829,gentlereads |.naru,vivid_panda7082,2026-03-14T12:17:47.000+09:00,1273
n3ebefc29295a,13496439,製造業のお局未満,otsubonejyanai,2026-03-14T11:41:37.000+09:00,1282
n3ebefc29295a,12847647,黒野,kuro_yuki2025,2026-03-14T11:40:02.000+09:00,301
n3ebefc29295a,6723438,かわぐちくん,kawaguchikun,2026-03-14T11:38:45.000+09:00,213
nfa06941ee31f,8857122,うるるん,nice_daisy957,2026-05-23T23:12:41.000+09:00,995
nfa06941ee31f,14124940,mariko ,crisp_bear6729,2026-05-01T06:57:10.000+09:00,91
nfa06941ee31f,12377105,まるよか,yokayoka5103,2026-04-29T20:44:57.000+09:00,1361
nfa06941ee31f,13342222,青空 和平,brisk_viola3314,2026-04-26T01:29:20.000+09:00,774
nfa06941ee31f,12448707,hanauta,kotono_hanauta,2026-04-16T22:31:33.000+09:00,129
nfa06941ee31f,13676644,harueagle2,n0827h0124m1012,2026-04-11T19:14:01.000+09:00,451
nfa06941ee31f,13188674,空風マナミ　,sorakaze_works,2026-04-11T12:32:50.000+09:00,1417
nfa06941ee31f,13373520,Kimiyo7897,magic_magpie5488,2026-04-06T22:12:09.000+09:00,690
nfa06941ee31f,13430194,あきまむ,fond_shark9221,2026-04-02T23:15:28.000+09:00,213
nfa06941ee31f,5828006,まなつ/突出マイノリティ列伝,tosshutsu_m,2026-03-30T22:02:46.000+09:00,6133
nfa06941ee31f,11732824,ぺす🐶,pesspapa23,2026-03-29T22:27:00.000+09:00,8
nfa06941ee31f,2993313,無花果,cheeky_viper9722,2026-03-28T08:49:48.000+09:00,293
nfa06941ee31f,10425520,とりあえず、ブサネコ®　by  Y Harada,legal_clover3490,2026-03-25T20:01:20.000+09:00,704
nfa06941ee31f,11574500,ふらつき母ちゃん 〜今日も全力空回り！〜,dear_viper3924,2026-03-25T17:50:23.000+09:00,806
nfa06941ee31f,12675804,mio,hip_flea7043,2026-03-23T18:02:53.000+09:00,457
nfa06941ee31f,12298138,未崎とべる｜見方を変えるだけで楽になるHappy View,misaki_3154,2026-03-21T17:21:49.000+09:00,610
nfa06941ee31f,11634537,ナオユキ｜物語と知識のコンシェルジュ,ai_naoyuki,2026-03-21T14:20:54.000+09:00,2968
nfa06941ee31f,12185509,ととのえ｜IT・AI推進の文系副業会社員｜仕事も暮らしもやさしく整える,odayaka_worklife,2026-03-21T08:21:55.000+09:00,1089
nfa06941ee31f,11311115,間じぷた（AidaGPT）,noble_eel4032,2026-03-20T18:35:39.000+09:00,691
nfa06941ee31f,13952372,こひつじ｜寝ない赤ちゃんとの育児記録,real_mole5501,2026-03-20T05:21:46.000+09:00,11
nfa06941ee31f,6905415,豹子頭 林冲,hyousitou,2026-03-19T14:21:33.000+09:00,269
nfa06941ee31f,4877017,須川元介/情報翻訳家,skagenavi,2026-03-18T23:01:00.000+09:00,2312
nfa06941ee31f,2204541,Co-sk,mkmkmk0924,2026-03-17T00:11:57.000+09:00,45
nfa06941ee31f,13515505,seiko,seiko_tsujimoto,2026-03-16T22:20:38.000+09:00,438
nfa06941ee31f,9409971,城山アダムス,large_chimp5395,2026-03-16T21:51:40.000+09:00,735
nfa06941ee31f,12373413,がじぇお,bluesky_jet,2026-03-16T16:29:08.000+09:00,239
nfa06941ee31f,9262951,saki,uhh55555,2026-03-16T11:57:55.000+09:00,520
nfa06941ee31f,1214718,樹林,natty_mole6013,2026-03-16T08:57:53.000+09:00,134
nfa06941ee31f,13712721,しろいまいにち,honne_no_mama,2026-03-15T15:18:26.000+09:00,425
nfa06941ee31f,11521745,てぐぞー｜AIと「楽しみながら生きる」40代パパ,nifty_sheep2798,2026-03-15T12:16:39.000+09:00,980
nfa06941ee31f,12675061,とも,famous_skink8709,2026-03-15T08:31:31.000+09:00,712
nfa06941ee31f,1287373,はなえ𖠚ᐝ,shima_hana,2026-03-15T07:08:52.000+09:00,462
nfa06941ee31f,10517876,向日葵じまにゃん🌻,jimanyan,2026-03-15T05:57:50.000+09:00,1881
nfa06941ee31f,13676027,あお｜夫婦のすれ違いを言葉にする助産師,naru_daily04,2026-03-14T08:32:10.000+09:00,370
nfa06941ee31f,2741107,Pochi,fwa74622,2026-03-14T07:56:52.000+09:00,372
nfa06941ee31f,13864574,探偵のOSINT研究所,tantei_note,2026-03-14T07:36:32.000+09:00,792
nfa06941ee31f,13121314,天羽・P・きせきれい,peter_amau,2026-03-13T22:52:33.000+09:00,96
nfa06941ee31f,13266641,コーヒー好きのペソアさん,pessoa2025,2026-03-13T14:52:52.000+09:00,711
nfa06941ee31f,13706346,けいのん,vivid_daisy7256,2026-03-13T12:58:43.000+09:00,67
nfa06941ee31f,12102157,まるぷち,mochi_nabeyuka,2026-03-13T10:44:58.000+09:00,317
nfa06941ee31f,12649686,りの🩰バレエ講師の日常,rino_ballet_tea,2026-03-13T09:05:49.000+09:00,1175
nfa06941ee31f,9859669,mido｜思考と暮らしの余白をつくるお片付け保健師｜整理収納アドバイザー｜ミニマリスト,yutorimeido,2026-03-12T21:42:36.000+09:00,1010
nfa06941ee31f,3335042,蒼,sprivalc,2026-03-12T19:34:35.000+09:00,461
nfa06941ee31f,10348578,RIE.H｜思考方法×心理翻訳,brainy_racoon985,2026-03-12T19:11:33.000+09:00,2766
nfa06941ee31f,13568150,青野桜子｜ 迷える婚活の処方箋,aono_sakurako,2026-03-12T19:11:16.000+09:00,312
nfa06941ee31f,9701243,小酒井ナミ｜移住｜小説,kosakainami,2026-03-12T16:27:15.000+09:00,924
nfa06941ee31f,10175064,雪綴ゆき,wise_rat6355,2026-03-12T16:00:19.000+09:00,6352
nfa06941ee31f,5281679,なり｜育休中,nari7693,2026-03-12T15:09:26.000+09:00,272
nfa06941ee31f,13371548,奏者,yu_takezawa,2026-03-12T14:39:25.000+09:00,41
nfa06941ee31f,13646698,tomomi｜静かな美容設計,brave_spirea2871,2026-03-12T11:44:02.000+09:00,1044
nfa06941ee31f,12874977,パテック,calm_hyssop6095,2026-03-12T11:05:35.000+09:00,774
nfa06941ee31f,13107073,ルパン・ザ・アート,lupin_the_art,2026-03-12T08:36:02.000+09:00,207
nfa06941ee31f,13007950,弐恩(NION)｜HSP×AC×エンパス×不安障害×うつ病,keen_poppy9848,2026-03-12T08:28:45.000+09:00,568
nfa06941ee31f,13762791,ふくまる＠夫婦関係改善ナース,hukumaru_352,2026-03-12T08:04:30.000+09:00,185
nfa06941ee31f,3518896,村松慎一 / 日々のやりくりから、未来の成長まで。あなたの会社の名脇役。,shinichi0820,2026-03-12T08:00:05.000+09:00,660
nfa06941ee31f,12602815,みじゅくパパ,mijuku_father,2026-03-12T07:57:20.000+09:00,437
nfa06941ee31f,13405464,木漏れ日亭,komorebi_tei,2026-03-12T05:20:44.000+09:00,584
nfa06941ee31f,12806920,みあ,bold_hawk9783,2026-03-12T02:39:02.000+09:00,341
nfa06941ee31f,12297006,みなてぃ,minaty_chronicle,2026-03-11T21:38:45.000+09:00,467
nfa06941ee31f,13543809,つんみん,emi1130t,2026-03-11T16:41:03.000+09:00,334
nfa06941ee31f,13729653,ノノパパ,safe_swift5377,2026-03-11T13:22:35.000+09:00,810
nfa06941ee31f,12494233,るらら｜大人の恋愛観,firm_aster2918,2026-03-11T12:37:35.000+09:00,303
nfa06941ee31f,12873400,蛙　蛙🐸元SEのカウンセラー,kaeru_care,2026-03-11T10:47:14.000+09:00,2089
nfa06941ee31f,6087017,きいぴくみん｜3児の父,kiipik,2026-03-11T10:28:46.000+09:00,229
nfa06941ee31f,12885894,taka,agile_heron3163,2026-03-11T10:16:12.000+09:00,629
nfa06941ee31f,7823822,はぐれパパ＠詩人失格,papa411477,2026-03-11T09:32:11.000+09:00,71
nfa06941ee31f,12014664,小鉄　（元葬儀屋）,kotetsu0125,2026-03-11T09:17:56.000+09:00,699
nfa06941ee31f,13117106,ことすのぱぱ,kotosunopapa,2026-03-11T08:25:26.000+09:00,94
nfa06941ee31f,4042337,こころのかあちゃん l ゆんママ☀（旧：幸せなしろくまさん）,yun_mama2025,2026-03-11T08:12:44.000+09:00,967
nfa06941ee31f,12885021,ただのかくひと。,tadanokakuhito,2026-03-11T07:43:20.000+09:00,70
nfa06941ee31f,11795825,すみっこパパ,tasty_mole8614,2026-03-11T07:26:58.000+09:00,2559
nfa06941ee31f,12591374,ケンタロウ/gr.minpaku,merry_robin6845,2026-03-11T07:06:48.000+09:00,471
nfa06941ee31f,13476435,のんびり先生,sensei_enjoy,2026-03-11T06:31:31.000+09:00,906
nfa06941ee31f,12360319,ごまめ,ai_progress,2026-03-11T04:55:02.000+09:00,2731
nfa06941ee31f,2465835,井上奈々子|わたしは研究ができない,yukiyuki24,2026-03-11T00:12:30.000+09:00,72
nfa06941ee31f,12285454,Yeahlph_GZ（イェルフ_ジーゼット）,lofty_myrtle1167,2026-03-10T23:17:12.000+09:00,561
nfa06941ee31f,11878886,きゅう｜暮らしととのえLabo,dear_duck9350,2026-03-10T23:07:45.000+09:00,1924
nfa06941ee31f,12907647,間瀬　しん,mase_sin,2026-03-10T23:01:32.000+09:00,114
nfa06941ee31f,11465514,Makari｜AIイラストと副業,makari_5108010,2026-03-10T22:33:53.000+09:00,5676
nfa06941ee31f,10445677,utakata,papipupopon,2026-03-10T22:27:02.000+09:00,140
nfa06941ee31f,12385127,超育休志向｜りさ ＆ ゆういち,comfamily_lab,2026-03-10T22:15:24.000+09:00,501
nfa06941ee31f,13544464,月灯りのSatsuki｜フォロバ100%｜あり得ない実話から生まれた物語「光の闇」とやさしいレシピ,puu_omochi731,2026-03-10T22:13:50.000+09:00,684
nfa06941ee31f,13573046,ゆるテク,yurutech_lab,2026-03-10T22:11:43.000+09:00,76
nfa06941ee31f,13574007,🍀ベンジャミン🍀,noble_spirea7217,2026-03-10T22:05:48.000+09:00,767
nfa06941ee31f,13832772,禁煙おじさん,kinenojisan,2026-03-10T21:52:46.000+09:00,21
n92d1cc74bb3e,13389298,ふぶき ,tuzimura_fubuki,2026-05-10T09:53:55.000+09:00,234
n92d1cc74bb3e,14396682,2度目の1年育休パパ|育児奮闘記,rich_godwit6728,2026-05-05T20:46:20.000+09:00,303
n92d1cc74bb3e,14124940,mariko ,crisp_bear6729,2026-05-01T06:57:04.000+09:00,91
n92d1cc74bb3e,12377105,まるよか,yokayoka5103,2026-04-29T20:42:43.000+09:00,1361
n92d1cc74bb3e,5780223,のぶこ,nice_viola969,2026-04-29T06:59:55.000+09:00,394
n92d1cc74bb3e,13430194,あきまむ,fond_shark9221,2026-04-02T23:11:22.000+09:00,213
n92d1cc74bb3e,5828006,まなつ/突出マイノリティ列伝,tosshutsu_m,2026-03-31T13:12:20.000+09:00,6133
n92d1cc74bb3e,11596048,ライフステージ × 価値観で見る企業別キャリアデータベース - ReAlign（リアライン ）　,realign_work,2026-03-31T10:35:27.000+09:00,58
n92d1cc74bb3e,12011033,こまめさんと、とらまめさんの腸活なまいにち。,komame_toramame,2026-03-30T19:56:05.000+09:00,179
n92d1cc74bb3e,13663265,悠心,long_lilac6528,2026-03-28T12:42:16.000+09:00,3038
n92d1cc74bb3e,11574500,ふらつき母ちゃん 〜今日も全力空回り！〜,dear_viper3924,2026-03-25T17:54:10.000+09:00,806
n92d1cc74bb3e,13755937,妻を口説きたい元コンサル,mywife_strategy,2026-03-25T12:27:53.000+09:00,356
n92d1cc74bb3e,13968591,Nachi Mi,agile_raven521,2026-03-22T22:48:21.000+09:00,234
n92d1cc74bb3e,11634537,ナオユキ｜物語と知識のコンシェルジュ,ai_naoyuki,2026-03-21T14:19:44.000+09:00,2968
n92d1cc74bb3e,6905415,豹子頭 林冲,hyousitou,2026-03-19T14:21:27.000+09:00,269
n92d1cc74bb3e,4877017,須川元介/情報翻訳家,skagenavi,2026-03-18T22:59:35.000+09:00,2312
n92d1cc74bb3e,13463612,お金の話ができる夫婦になる,shira_money,2026-03-18T21:25:49.000+09:00,1
n92d1cc74bb3e,7823822,はぐれパパ＠詩人失格,papa411477,2026-03-18T20:15:54.000+09:00,71
n92d1cc74bb3e,13890494,オタクのひと(デザイン専門学生),otaku_human,2026-03-16T22:42:01.000+09:00,18
n92d1cc74bb3e,11046013,yucca ,yucca_333,2026-03-16T18:36:43.000+09:00,515
n92d1cc74bb3e,12081092,ツトム@一人暮らし男子の終活発信,tuishi_infor3582,2026-03-16T16:51:09.000+09:00,204
n92d1cc74bb3e,1214718,樹林,natty_mole6013,2026-03-16T08:57:50.000+09:00,134
n92d1cc74bb3e,8135463,ラベンダー｜睡眠外来を卒業したけど習慣化できない方のための睡眠改善コンサルタント｜経営者専門,noble_pony3857,2026-03-15T15:42:56.000+09:00,37
n92d1cc74bb3e,11521745,てぐぞー｜AIと「楽しみながら生きる」40代パパ,nifty_sheep2798,2026-03-15T12:16:47.000+09:00,980
n92d1cc74bb3e,1287373,はなえ𖠚ᐝ,shima_hana,2026-03-15T07:08:23.000+09:00,462
n92d1cc74bb3e,11710862,fujisoba,hearty_rat2989,2026-03-14T20:56:51.000+09:00,4990
n92d1cc74bb3e,13247586,ちょいぱ｜ちょうどいいパパ目指し隊｜,choi_pa0919,2026-03-14T15:38:04.000+09:00,1351
n92d1cc74bb3e,12385127,超育休志向｜りさ ＆ ゆういち,comfamily_lab,2026-03-13T17:17:20.000+09:00,501
n92d1cc74bb3e,13747947,えりん◎元小学校教員ママ,mamateacher_erin,2026-03-12T20:20:22.000+09:00,234
n92d1cc74bb3e,12789134,とり,tori2323,2026-03-12T11:01:36.000+09:00,2729
n92d1cc74bb3e,13107073,ルパン・ザ・アート,lupin_the_art,2026-03-12T08:36:14.000+09:00,207
n92d1cc74bb3e,13007950,弐恩(NION)｜HSP×AC×エンパス×不安障害×うつ病,keen_poppy9848,2026-03-12T08:29:52.000+09:00,568
n92d1cc74bb3e,12298193,【家族も夢も】を実現する２児のパパ,family_love_papa,2026-03-12T06:09:58.000+09:00,88
n92d1cc74bb3e,12962303,とっぴ【AIライター】パパ目線で考える,tk_hikiyose,2026-03-11T15:14:09.000+09:00,2122
n92d1cc74bb3e,2465835,井上奈々子|わたしは研究ができない,yukiyuki24,2026-03-11T00:14:35.000+09:00,72
n92d1cc74bb3e,13660900,うっきー【節約お得好きなズボラママの日常】,ukimama00,2026-03-10T23:21:13.000+09:00,16
n92d1cc74bb3e,13227577,あるとあ｜育休6ヶ月取得中,altoa10,2026-03-10T22:43:01.000+09:00,67
n92d1cc74bb3e,11416616,影武者コピーライター宮本真愿,5starcopy,2026-03-10T19:05:02.000+09:00,16047
n92d1cc74bb3e,12537943,pipi@保育士ママ,pipi_55paradise,2026-03-10T08:39:15.000+09:00,1195
n92d1cc74bb3e,13737261,つきのいし,merry_guppy563,2026-03-09T23:56:48.000+09:00,953
n92d1cc74bb3e,13797072,1年育休パパ｜お金と子育て,ikukyu1year,2026-03-09T22:11:42.000+09:00,158
n92d1cc74bb3e,12795837,りたのLife Log | 1年間のパパ育休中,jhon_doe_,2026-03-09T09:12:34.000+09:00,27
n92d1cc74bb3e,9751746,帽子を脱ぐパパ｜坂田謄文,gay_zebra8816,2026-03-09T06:51:22.000+09:00,54
n92d1cc74bb3e,12431107,ごきげんパパ,tommy_gokigen,2026-03-09T01:24:47.000+09:00,460
n92d1cc74bb3e,11968206,もり｜40代の“仕事を軽くする”リスキリング　,mori_reskilling,2026-03-09T00:13:24.000+09:00,478
n92d1cc74bb3e,11816121,まりびす｜子育て・保育,mamastudy40,2026-03-08T22:53:50.000+09:00,752
n92d1cc74bb3e,11506323,ゆち | フルリモート薬剤師ママ,mamapharmacy,2026-03-08T21:48:43.000+09:00,181
n92d1cc74bb3e,13106605,sane_lion8515,sane_lion8515,2026-03-08T17:39:47.000+09:00,68
n92d1cc74bb3e,13625608,Soi｜カナダ移住5年目｜失敗だらけの体験談｜,soi_canada,2026-03-08T16:42:53.000+09:00,2116
n92d1cc74bb3e,13628922,やなぎのすけ｜父親を、言語化する,oxdog190123,2026-03-08T16:28:29.000+09:00,391
n92d1cc74bb3e,7819694,相沢実紗,aizawa_fullco729,2026-03-08T15:51:33.000+09:00,205
n92d1cc74bb3e,3248235,北村英志,ugoradio,2026-03-08T07:51:42.000+09:00,150
n92d1cc74bb3e,12503829,gentlereads |.naru,vivid_panda7082,2026-03-07T22:10:14.000+09:00,1273
n92d1cc74bb3e,5325257,森本恵唯子,glad_cedum7006,2026-03-07T22:06:08.000+09:00,38
n92d1cc74bb3e,7078968,RuRuru｜マイペースで気さく、おおむねご機嫌な人,clever_ixia29,2026-03-07T21:47:42.000+09:00,97
n92d1cc74bb3e,13281186,さくさく|そっと寄り添う日々,jidoukan_judge,2026-03-07T21:16:39.000+09:00,1661
n92d1cc74bb3e,12589889,なかやん✖️ありのままを整えるライフコーチ,nakayan1117,2026-03-07T19:23:03.000+09:00,751
n92d1cc74bb3e,9945299,ちかちゅう,chikachu_log,2026-03-07T16:41:08.000+09:00,21
n92d1cc74bb3e,10600169,ヘルスケアリテラシー（1日1分で自分と家族の今と未来の健康を貯える）,hot_chives4356,2026-03-07T15:47:32.000+09:00,1252
n92d1cc74bb3e,13266641,コーヒー好きのペソアさん,pessoa2025,2026-03-07T15:14:52.000+09:00,711
n92d1cc74bb3e,13405464,木漏れ日亭,komorebi_tei,2026-03-07T14:33:10.000+09:00,584
n92d1cc74bb3e,11483507,鬼石まなお｜夫婦平等の経験還元屋,oniishi_manao555,2026-03-07T12:06:52.000+09:00,258
n92d1cc74bb3e,13414121,りょう｜1児のパパ,ryoooo_note,2026-03-07T11:40:17.000+09:00,815
n92d1cc74bb3e,12602815,みじゅくパパ,mijuku_father,2026-03-07T10:10:26.000+09:00,437
n92d1cc74bb3e,11794958,my,tasty_ram138,2026-03-07T08:35:47.000+09:00,309
n92d1cc74bb3e,12525173,ksai,1ksai1,2026-03-07T05:31:36.000+09:00,238
n92d1cc74bb3e,373279,効率主義,quinque,2026-03-07T00:25:53.000+09:00,31
n92d1cc74bb3e,10175064,雪綴ゆき,wise_rat6355,2026-03-06T22:46:38.000+09:00,6352
n92d1cc74bb3e,12973413,ぴくみん,note__matome,2026-03-06T22:28:14.000+09:00,157
n92d1cc74bb3e,11715862,助走するトリ,bio_burd3417,2026-03-06T21:59:47.000+09:00,7
n92d1cc74bb3e,13274258,やどんちゅ,yadon8,2026-03-06T21:59:31.000+09:00,772
n92d1cc74bb3e,13676027,あお｜夫婦のすれ違いを言葉にする助産師,naru_daily04,2026-03-06T21:31:01.000+09:00,370
n92d1cc74bb3e,4229873,こうすけ　【楽しく生きるために必要なこと】 フォロバ100,kokokosukekeke,2026-03-06T21:06:47.000+09:00,3894
n92d1cc74bb3e,8167863,あずき。,ichinichi_icco,2026-03-06T20:24:00.000+09:00,105
n92d1cc74bb3e,9729146,Masa｜子育て × 人材育成 × 組織づくり,ken_do,2026-03-06T20:12:31.000+09:00,1406
n92d1cc74bb3e,13603483,せんせいママ,charm_moose8715,2026-03-06T19:52:16.000+09:00,213
n92d1cc74bb3e,12331157,マムチャン｜捨てて稼ぐのミニマリスト,hikiko_8350,2026-03-06T18:50:33.000+09:00,10
n92d1cc74bb3e,12704283,じょん,grand_rue1769,2026-03-06T18:40:57.000+09:00,289
n92d1cc74bb3e,13843537,ぶらん⌇生きづらさと仲良くなるHSP,_blan365,2026-03-06T18:40:08.000+09:00,363
n92d1cc74bb3e,5281679,なり｜育休中,nari7693,2026-03-06T15:46:32.000+09:00,272
n92d1cc74bb3e,12141463,ぽいふる博士,pointlab,2026-03-06T15:43:20.000+09:00,856
n92d1cc74bb3e,10904049,中山優花,roco6630,2026-03-06T15:11:01.000+09:00,52
n92d1cc74bb3e,6087017,きいぴくみん｜3児の父,kiipik,2026-03-06T14:47:26.000+09:00,229
n92d1cc74bb3e,8213533,ふじP,d_cherrys,2026-03-06T14:00:49.000+09:00,621
n92d1cc74bb3e,13331228,りんこ夫婦＠円満日記,rinco_rinko,2026-03-06T13:57:56.000+09:00,294
n92d1cc74bb3e,13743132,yusukei.A,serene_pothos600,2026-03-06T13:39:59.000+09:00,64
n92d1cc74bb3e,13542648,Mimi,33___33,2026-03-06T12:42:16.000+09:00,46
n92d1cc74bb3e,12856973,,gxuixi,2026-03-06T12:16:05.000+09:00,0
n92d1cc74bb3e,13617545,5インカム父さん,alert_ibis567,2026-03-06T12:12:42.000+09:00,869
n92d1cc74bb3e,13147802,ハリーAI ｜ 整律師 × AIサポーター,cool_frog1331,2026-03-06T12:06:27.000+09:00,967
n92d1cc74bb3e,13498986,消防士ニカシオ,brave_koala2001,2026-03-06T12:05:21.000+09:00,369
n92d1cc74bb3e,13457933,AKHR LAB｜あなたの背中をそっと押します,dandy_squid7997,2026-03-06T11:02:58.000+09:00,17
n92d1cc74bb3e,3768975,マドカ｜賢く楽して欲張りに生きる2児ママ,madokamama2026,2026-03-06T10:53:53.000+09:00,25
n92d1cc74bb3e,472968,ろんちゃー｜夫婦で育休1年,geology_ronchya,2026-03-06T10:52:05.000+09:00,47
n92d1cc74bb3e,13124106,ちりつも夫婦のリビング資産会議,assetmeeting,2026-03-06T10:32:17.000+09:00,258
n92d1cc74bb3e,13140543,今井萌美｜暮らし愛好家・人材育成コンサルタント,moemi_life,2026-03-06T09:24:33.000+09:00,298
n92d1cc74bb3e,10517876,向日葵じまにゃん🌻,jimanyan,2026-03-06T09:23:12.000+09:00,1881
n92d1cc74bb3e,7703704,清宮ゆうか｜年子兄妹のママ・薬剤師,yuka_k_mom,2026-03-06T09:05:32.000+09:00,1295
n92d1cc74bb3e,12520510,Kysuke,kyosuke_m17,2026-03-06T08:36:38.000+09:00,111
n92d1cc74bb3e,13117106,ことすのぱぱ,kotosunopapa,2026-03-06T08:36:35.000+09:00,94
n92d1cc74bb3e,11404482,まんなかの人,mannaka_voice,2026-03-06T08:04:22.000+09:00,285
n92d1cc74bb3e,13368116,本だよりパパ(HondaYori Papa),hondayori_plus,2026-03-06T07:35:25.000+09:00,420
n92d1cc74bb3e,12591374,ケンタロウ/gr.minpaku,merry_robin6845,2026-03-06T06:59:27.000+09:00,471
n92d1cc74bb3e,12360319,ごまめ,ai_progress,2026-03-06T06:47:06.000+09:00,2731
n92d1cc74bb3e,13111058,さとさん,sa_touchan,2026-03-06T06:41:46.000+09:00,94
n92d1cc74bb3e,12885021,ただのかくひと。,tadanokakuhito,2026-03-06T06:21:04.000+09:00,70
n92d1cc74bb3e,2204541,Co-sk,mkmkmk0924,2026-03-06T05:42:59.000+09:00,45
n92d1cc74bb3e,11425075,たけしAI×SNS迷子の先生@AIで0→1を叶える先生,takeshi_skill,2026-03-06T00:40:16.000+09:00,402
n92d1cc74bb3e,13573046,ゆるテク,yurutech_lab,2026-03-06T00:07:18.000+09:00,76
n92d1cc74bb3e,11878886,きゅう｜暮らしととのえLabo,dear_duck9350,2026-03-05T23:59:14.000+09:00,1924
n92d1cc74bb3e,12885894,taka,agile_heron3163,2026-03-05T23:19:04.000+09:00,629
n92d1cc74bb3e,13832772,禁煙おじさん,kinenojisan,2026-03-05T22:39:24.000+09:00,21
n92d1cc74bb3e,12873400,蛙　蛙🐸元SEのカウンセラー,kaeru_care,2026-03-05T21:52:08.000+09:00,2089
n92d1cc74bb3e,13574007,🍀ベンジャミン🍀,noble_spirea7217,2026-03-05T21:48:35.000+09:00,767
n92d1cc74bb3e,8902554,ことり｜社労士の妻×メンタル管理のワーママ,ealry_bird,2026-03-05T21:46:12.000+09:00,37
n92d1cc74bb3e,8686204,育休パパ日記,peperoncinodayo,2026-03-05T21:44:13.000+09:00,298
n92d1cc74bb3e,13476435,のんびり先生,sensei_enjoy,2026-03-05T21:27:47.000+09:00,906
n92d1cc74bb3e,11465514,Makari｜AIイラストと副業,makari_5108010,2026-03-05T21:18:43.000+09:00,5676
n92d1cc74bb3e,12301144,ゆぴか ☀︎在宅で働きたい主婦（ちょっとワケあり）,tasty_quoll5392,2026-03-05T21:11:02.000+09:00,679
n92d1cc74bb3e,3518896,村松慎一 / 日々のやりくりから、未来の成長まで。あなたの会社の名脇役。,shinichi0820,2026-03-05T21:05:13.000+09:00,660
n92d1cc74bb3e,13498813,様々,bold_tucan2026,2026-03-05T20:53:56.000+09:00,549
n92d1cc74bb3e,11927516,佐々木いちなり　臨床心理士　,ready_finch7712,2026-03-05T20:53:25.000+09:00,517
nebb550000b1d,9032239,ハマちゃん,juicy_raven6206,2026-05-15T10:50:32.000+09:00,970
nebb550000b1d,13389298,ふぶき ,tuzimura_fubuki,2026-05-10T09:52:58.000+09:00,234
nebb550000b1d,14124940,mariko ,crisp_bear6729,2026-05-01T06:56:58.000+09:00,91
nebb550000b1d,12377105,まるよか,yokayoka5103,2026-04-29T20:41:22.000+09:00,1361
nebb550000b1d,13967225,タケ,take_ta_keta,2026-04-05T22:24:29.000+09:00,213
nebb550000b1d,13430194,あきまむ,fond_shark9221,2026-04-02T22:40:47.000+09:00,213
nebb550000b1d,5828006,まなつ/突出マイノリティ列伝,tosshutsu_m,2026-03-31T13:13:48.000+09:00,6133
nebb550000b1d,12914718,理学療法〜しけ｜リハ組織マネジメント×スポーツトレーナー,spada516,2026-03-28T07:18:05.000+09:00,186
nebb550000b1d,11574500,ふらつき母ちゃん 〜今日も全力空回り！〜,dear_viper3924,2026-03-25T17:52:27.000+09:00,806
nebb550000b1d,11121667,"あいさん💗Iカウンセリングルーム セラピスト／ 臨床心理士×公認心理師｜支援歴16年・2,000名超",joyful_zebra1701,2026-03-23T01:26:03.000+09:00,5634
nebb550000b1d,12740131,塩こんぶ,shio_konbu2525,2026-03-22T20:47:49.000+09:00,157
nebb550000b1d,11634537,ナオユキ｜物語と知識のコンシェルジュ,ai_naoyuki,2026-03-21T14:19:38.000+09:00,2968
nebb550000b1d,6905415,豹子頭 林冲,hyousitou,2026-03-19T14:21:18.000+09:00,269
nebb550000b1d,4877017,須川元介/情報翻訳家,skagenavi,2026-03-18T22:58:47.000+09:00,2312
nebb550000b1d,13890494,オタクのひと(デザイン専門学生),otaku_human,2026-03-16T22:42:02.000+09:00,18
nebb550000b1d,13755937,妻を口説きたい元コンサル,mywife_strategy,2026-03-16T22:05:27.000+09:00,356
nebb550000b1d,13676027,あお｜夫婦のすれ違いを言葉にする助産師,naru_daily04,2026-03-15T19:27:25.000+09:00,370
nebb550000b1d,11521745,てぐぞー｜AIと「楽しみながら生きる」40代パパ,nifty_sheep2798,2026-03-15T12:16:41.000+09:00,980
nebb550000b1d,2151088,Saki,saki_kurita,2026-03-14T12:10:29.000+09:00,43
nebb550000b1d,13743667,TSUBAKI/24歳の美学,legit_murre8760,2026-03-14T10:01:35.000+09:00,172
nebb550000b1d,3518896,村松慎一 / 日々のやりくりから、未来の成長まで。あなたの会社の名脇役。,shinichi0820,2026-03-14T08:23:40.000+09:00,660
nebb550000b1d,10175064,雪綴ゆき,wise_rat6355,2026-03-12T16:00:17.000+09:00,6352
nebb550000b1d,12789134,とり,tori2323,2026-03-12T11:01:07.000+09:00,2729
nebb550000b1d,13107073,ルパン・ザ・アート,lupin_the_art,2026-03-12T08:36:05.000+09:00,207
nebb550000b1d,13007950,弐恩(NION)｜HSP×AC×エンパス×不安障害×うつ病,keen_poppy9848,2026-03-12T08:28:57.000+09:00,568
nebb550000b1d,11871228,chiaki   仕事と家族とわたし,fair_toucan4569,2026-03-11T07:33:19.000+09:00,540
nebb550000b1d,2465835,井上奈々子|わたしは研究ができない,yukiyuki24,2026-03-11T00:18:11.000+09:00,72
nebb550000b1d,13513220,メロン　専業主夫27歳子なし,clear_quokka4733,2026-03-10T07:44:02.000+09:00,223
nebb550000b1d,13281186,さくさく|そっと寄り添う日々,jidoukan_judge,2026-03-09T19:56:23.000+09:00,1661
nebb550000b1d,13359595,King | 天は自らを助くる者を助けるらしい,kinguncle45,2026-03-08T17:00:06.000+09:00,1185
nebb550000b1d,11816121,まりびす｜子育て・保育,mamastudy40,2026-03-08T11:09:21.000+09:00,752
nebb550000b1d,13744916,なっとく前夜,nattoku_zenya,2026-03-07T23:57:52.000+09:00,1308
nebb550000b1d,13425095,おとうふ｜30代パート主婦の暮らしメモ,otofu_ponzu,2026-03-07T22:06:26.000+09:00,1230
nebb550000b1d,7078968,RuRuru｜マイペースで気さく、おおむねご機嫌な人,clever_ixia29,2026-03-07T21:45:56.000+09:00,97
nebb550000b1d,12537943,pipi@保育士ママ,pipi_55paradise,2026-03-07T20:19:15.000+09:00,1195
nebb550000b1d,12602815,みじゅくパパ,mijuku_father,2026-03-07T10:05:06.000+09:00,437
nebb550000b1d,12847627,近藤裕規＠プレゼンベーシックスクールてらこや,mute_newt1424,2026-03-06T18:18:56.000+09:00,617
nebb550000b1d,6087017,きいぴくみん｜3児の父,kiipik,2026-03-06T14:47:20.000+09:00,229
nebb550000b1d,13331228,りんこ夫婦＠円満日記,rinco_rinko,2026-03-06T13:57:58.000+09:00,294
nebb550000b1d,4021866,プレママキウイ,thousandmiles,2026-03-06T11:51:25.000+09:00,15
nebb550000b1d,13117106,ことすのぱぱ,kotosunopapa,2026-03-06T08:35:19.000+09:00,94
nebb550000b1d,11502278,焼きリンゴ,baked_appleholic,2026-03-06T08:12:35.000+09:00,54
nebb550000b1d,13821616,つむぎ | 養生の途中,agile_wasp1871,2026-03-06T08:00:58.000+09:00,209
nebb550000b1d,11382954,じゅん|40代からのパーソナルスタイリスト,jun_self1012,2026-03-06T07:42:22.000+09:00,103
nebb550000b1d,13121314,天羽・P・きせきれい,peter_amau,2026-03-06T07:10:14.000+09:00,96
nebb550000b1d,13476435,のんびり先生,sensei_enjoy,2026-03-05T22:24:08.000+09:00,906
nebb550000b1d,8902554,ことり｜社労士の妻×メンタル管理のワーママ,ealry_bird,2026-03-05T21:46:28.000+09:00,37
nebb550000b1d,6124900,ゆき@司会席から見た婚活リアル,yukinko_konkatu,2026-03-05T19:16:54.000+09:00,19
nebb550000b1d,3894202,るり,rurinoniwa,2026-03-05T19:04:10.000+09:00,243
nebb550000b1d,11398917,ぽみさん（Miyoko Koyanagi）,annoncafe,2026-03-05T16:17:45.000+09:00,140
nebb550000b1d,13767949,Tomoka,noble_rose4731,2026-03-05T15:47:26.000+09:00,276
nebb550000b1d,13535543,にゃんほり,neko_holic,2026-03-05T13:44:06.000+09:00,316
nebb550000b1d,13546760,あおい｜仕事と本音のあいだ,charm_loris2565,2026-03-05T08:39:26.000+09:00,635
nebb550000b1d,13764827,ふわり｜「いい人」卒業日記,proper_falcon424,2026-03-05T07:52:24.000+09:00,326
nebb550000b1d,13829520,えみりの東京しごと研究室,wise_squid5799,2026-03-05T01:13:57.000+09:00,52
nebb550000b1d,2002849,たまごちゃん,konan15,2026-03-05T00:16:31.000+09:00,49
nebb550000b1d,11968206,もり｜40代の“仕事を軽くする”リスキリング　,mori_reskilling,2026-03-04T23:58:46.000+09:00,478
nebb550000b1d,12367253,リスパパ｜共働き×育児×家計メモ,kosodate_papa01,2026-03-04T23:49:48.000+09:00,113
nebb550000b1d,13872579,家ではただの父,famous_kiwi7290,2026-03-04T23:04:33.000+09:00,2358
nebb550000b1d,7232684,ずっとあい,zuttoai,2026-03-04T21:40:25.000+09:00,330
nebb550000b1d,4229873,こうすけ　【楽しく生きるために必要なこと】 フォロバ100,kokokosukekeke,2026-03-04T20:14:04.000+09:00,3894
nebb550000b1d,12591374,ケンタロウ/gr.minpaku,merry_robin6845,2026-03-04T19:38:57.000+09:00,471
nebb550000b1d,13300279,あーや,singlemom_a_ya,2026-03-04T19:02:30.000+09:00,914
nebb550000b1d,6880312,かいちょーさん（旧：PTAかいちょーさん）,tsubuyaki_mom,2026-03-04T18:36:25.000+09:00,972
nebb550000b1d,4278037,サオリ先生★潜在意識と会話する親子関係アドバイザー,saoangel0131,2026-03-04T18:24:04.000+09:00,188
nebb550000b1d,10365861,こんの りょうこ｜まるっとOKコーチ,coach_ryoko,2026-03-04T18:23:38.000+09:00,533
nebb550000b1d,5533501,div.rishi,div_rishi,2026-03-04T18:23:02.000+09:00,992
nebb550000b1d,13617545,5インカム父さん,alert_ibis567,2026-03-04T17:55:16.000+09:00,869
nebb550000b1d,9281462,N氏,nakaikikaku,2026-03-04T16:45:03.000+09:00,1332
nebb550000b1d,7703704,清宮ゆうか｜年子兄妹のママ・薬剤師,yuka_k_mom,2026-03-04T16:00:12.000+09:00,1295
nebb550000b1d,4042337,こころのかあちゃん l ゆんママ☀（旧：幸せなしろくまさん）,yun_mama2025,2026-03-04T15:00:04.000+09:00,967
nebb550000b1d,12461298,双子パパの妻ファーストマインド,tsuma_firstmind,2026-03-04T14:29:59.000+09:00,211
nebb550000b1d,12885894,taka,agile_heron3163,2026-03-04T12:49:16.000+09:00,629
nebb550000b1d,11465514,Makari｜AIイラストと副業,makari_5108010,2026-03-04T12:18:37.000+09:00,5676
nebb550000b1d,12707781,おとママ45,otomama45,2026-03-04T10:36:04.000+09:00,461
nebb550000b1d,13073421,こまてん｜「CS思考」で書くAIライター,ai_writers,2026-03-04T08:54:32.000+09:00,6318
nebb550000b1d,13203002,息子に残す、恋の話,wise_python5975,2026-03-04T08:52:18.000+09:00,1056
nebb550000b1d,1075591,土肥慎司＠栄養コンシェルジュⓇ,nc_doffy,2026-03-04T08:47:58.000+09:00,84
nebb550000b1d,11897079,ことたね🍀年子ワーママが紡ぐ子育てメソッド♡,genial_ram4816,2026-03-04T08:16:04.000+09:00,849
nebb550000b1d,12297006,みなてぃ,minaty_chronicle,2026-03-04T08:03:24.000+09:00,467
nebb550000b1d,13729157,みーたん,miitan_days,2026-03-04T07:49:34.000+09:00,625
nebb550000b1d,11063626,ソイ registered nurse in Australia,hellotosoybean,2026-03-04T07:47:30.000+09:00,173
nebb550000b1d,1287373,はなえ𖠚ᐝ,shima_hana,2026-03-04T07:10:37.000+09:00,462
nebb550000b1d,12704283,じょん,grand_rue1769,2026-03-04T06:41:05.000+09:00,289
nebb550000b1d,12885021,ただのかくひと。,tadanokakuhito,2026-03-04T06:29:49.000+09:00,70
nebb550000b1d,13414666,sayamama｜書くことで人生が整う,sayamama_essay,2026-03-04T05:35:01.000+09:00,53
nebb550000b1d,12360319,ごまめ,ai_progress,2026-03-04T03:59:41.000+09:00,2731
nebb550000b1d,13729653,ノノパパ,safe_swift5377,2026-03-04T01:36:17.000+09:00,810
nebb550000b1d,10517876,向日葵じまにゃん🌻,jimanyan,2026-03-03T23:58:53.000+09:00,1881
nebb550000b1d,11878886,きゅう｜暮らしととのえLabo,dear_duck9350,2026-03-03T23:38:25.000+09:00,1924
nebb550000b1d,12873400,蛙　蛙🐸元SEのカウンセラー,kaeru_care,2026-03-03T23:33:35.000+09:00,2089
nebb550000b1d,13573046,ゆるテク,yurutech_lab,2026-03-03T23:24:47.000+09:00,76
nebb550000b1d,13767166,ココ01,serene_daphne853,2026-03-03T23:15:45.000+09:00,69
nebb550000b1d,3248235,北村英志,ugoradio,2026-03-03T23:12:30.000+09:00,150
nebb550000b1d,10959216,高坂涼介（こーさか）｜離職率60%→9%の修羅場再生請負人,ready_turtle5896,2026-03-03T23:09:12.000+09:00,853
nebb550000b1d,13405464,木漏れ日亭,komorebi_tei,2026-03-03T22:47:44.000+09:00,584
nebb550000b1d,10401619,いのちの学校-はなやぎ,hanayagi_life,2026-03-03T22:29:43.000+09:00,3441
nebb550000b1d,13300907,とろろ蕎麦,lush_plover8943,2026-03-03T22:28:02.000+09:00,563
nebb550000b1d,13755511,Carebotti,dear_thyme935,2026-03-03T22:19:29.000+09:00,218
nebb550000b1d,5143498,aki,kaba_no_mimi,2026-03-03T22:16:51.000+09:00,1090
nebb550000b1d,12285454,Yeahlph_GZ（イェルフ_ジーゼット）,lofty_myrtle1167,2026-03-03T22:09:46.000+09:00,561
nebb550000b1d,12649554,りょうた🔨｜DIY好きの週末工作,ryota_diy_life,2026-03-03T22:08:07.000+09:00,1167
nebb550000b1d,11968515,Risa,note_1179476,2026-03-03T22:05:15.000+09:00,312
nebb550000b1d,10614437,柏の自転車出張修理ミヤマサイクル,legit_oxalis2484,2026-03-03T22:04:16.000+09:00,79
nebb550000b1d,13161722,おあつ,keen_pipit1182,2026-03-03T21:42:26.000+09:00,1514
nebb550000b1d,13832772,禁煙おじさん,kinenojisan,2026-03-03T21:38:32.000+09:00,21
nebb550000b1d,12700847,Reframe Lab | 思考のリセット,reframelab,2026-03-03T21:37:56.000+09:00,470
nebb550000b1d,13574007,🍀ベンジャミン🍀,noble_spirea7217,2026-03-03T21:35:08.000+09:00,767
nebb550000b1d,472968,ろんちゃー｜夫婦で育休1年,geology_ronchya,2026-03-03T21:29:18.000+09:00,47
n09cd106fdb1e,12377105,まるよか,yokayoka5103,2026-04-29T20:39:59.000+09:00,1361
n09cd106fdb1e,13987774,心羅みき｜感情の翻訳家/AIライフナビゲーター,kokora_miki,2026-04-28T22:04:18.000+09:00,127
n09cd106fdb1e,5828006,まなつ/突出マイノリティ列伝,tosshutsu_m,2026-04-04T22:06:32.000+09:00,6133
n09cd106fdb1e,4877017,須川元介/情報翻訳家,skagenavi,2026-03-25T22:31:26.000+09:00,2312
n09cd106fdb1e,12141152,Poma | 楽天ポイ活まずはこれだけ☆彡|フォロバ100,point_mazuhakore,2026-03-22T06:49:57.000+09:00,1291
n09cd106fdb1e,11634537,ナオユキ｜物語と知識のコンシェルジュ,ai_naoyuki,2026-03-21T13:44:56.000+09:00,2968
n09cd106fdb1e,13787791,Toolstudio22,toolstudio22,2026-03-19T00:27:27.000+09:00,13
n09cd106fdb1e,13795019,ぺた🌈会社に依存しない人生を目指し中＠フォロバ100,petapeta2026,2026-03-18T07:37:20.000+09:00,4007
n09cd106fdb1e,7575374,伊賀 大晃 🔮 いが ひろあき / ほんとうに占いがスキ ！,iga_taikoh,2026-03-16T13:57:08.000+09:00,325
n09cd106fdb1e,6087017,きいぴくみん｜3児の父,kiipik,2026-03-14T13:00:10.000+09:00,229
n09cd106fdb1e,13107073,ルパン・ザ・アート,lupin_the_art,2026-03-14T12:06:31.000+09:00,207
n09cd106fdb1e,13864574,探偵のOSINT研究所,tantei_note,2026-03-14T07:36:17.000+09:00,792
n09cd106fdb1e,12263450,心のおやつ｜３分エッセイ｜アイアンガーヨガ,tree_iyengaryoga,2026-03-11T18:49:00.000+09:00,45
n09cd106fdb1e,7823822,はぐれパパ＠詩人失格,papa411477,2026-03-11T09:33:37.000+09:00,71
n09cd106fdb1e,12537943,pipi@保育士ママ,pipi_55paradise,2026-03-11T07:20:14.000+09:00,1195
n09cd106fdb1e,11877070,アルフレッド,game_system_alex,2026-03-09T12:25:48.000+09:00,2642
n09cd106fdb1e,13106605,sane_lion8515,sane_lion8515,2026-03-08T17:39:50.000+09:00,68
n09cd106fdb1e,7078968,RuRuru｜マイペースで気さく、おおむねご機嫌な人,clever_ixia29,2026-03-07T21:43:55.000+09:00,97
n09cd106fdb1e,10069756,うどあり│キャリア逆転の美学,udoari_imagine,2026-03-07T11:44:41.000+09:00,461
n09cd106fdb1e,13661023,美雨マリア｜違和感を構造から言葉にする人,miu_maria,2026-03-06T14:02:25.000+09:00,71
n09cd106fdb1e,13117106,ことすのぱぱ,kotosunopapa,2026-03-06T08:28:21.000+09:00,94
n09cd106fdb1e,12097723,あおぞら,fine_arnica1139,2026-03-06T07:56:59.000+09:00,772
n09cd106fdb1e,12400129,aka.｜ズボラnurseのゆる思考をお届け,nico_nurse415,2026-03-05T23:40:56.000+09:00,420
n09cd106fdb1e,13121483,真琴,makoto0410,2026-03-05T21:35:56.000+09:00,325
n09cd106fdb1e,13782819,れい＠おうちでプログラミング,rei_uchipro,2026-03-05T21:00:03.000+09:00,57
n09cd106fdb1e,13767949,Tomoka,noble_rose4731,2026-03-05T15:47:32.000+09:00,276
n09cd106fdb1e,9492753,ヤギ,ao_shizen,2026-03-05T12:46:24.000+09:00,173
n09cd106fdb1e,13776015,コポ男＠20代青髭デブの這い上がり記録❘フォロバ100,moto_rettokan,2026-03-05T10:50:29.000+09:00,188
n09cd106fdb1e,13586592,つつまる,tsutsumaru_13,2026-03-05T08:03:41.000+09:00,177
n09cd106fdb1e,1899825,エイト｜noteを育てる実験記録,haruki835,2026-03-05T07:00:43.000+09:00,820
n09cd106fdb1e,13713628,才木つかさ,fancy_toad4526,2026-03-05T00:39:22.000+09:00,164
n09cd106fdb1e,6951580,メリ夫｜混雑回避と駅測定,meriod10,2026-03-04T23:37:29.000+09:00,1357
n09cd106fdb1e,13707538,あざらし,mom_jymz,2026-03-04T22:30:22.000+09:00,16
n09cd106fdb1e,13498986,消防士ニカシオ,brave_koala2001,2026-03-04T21:23:56.000+09:00,369
n09cd106fdb1e,12461298,双子パパの妻ファーストマインド,tsuma_firstmind,2026-03-04T14:30:03.000+09:00,211
n09cd106fdb1e,13073421,こまてん｜「CS思考」で書くAIライター,ai_writers,2026-03-04T08:55:43.000+09:00,6318
n09cd106fdb1e,9189496,心理士Kreoo,kreoo,2026-03-04T08:13:16.000+09:00,1015
n09cd106fdb1e,13744792,みにさん,minisan_2026,2026-03-04T07:35:17.000+09:00,23
n09cd106fdb1e,1287373,はなえ𖠚ᐝ,shima_hana,2026-03-04T07:10:32.000+09:00,462
n09cd106fdb1e,12885894,taka,agile_heron3163,2026-03-04T05:16:58.000+09:00,629
n09cd106fdb1e,11428171,ナツコ@視覚障害の相談支援専門員,prime_laelia4961,2026-03-04T04:26:29.000+09:00,1798
n09cd106fdb1e,9367976,真夏　純,jun_manatsu,2026-03-03T20:04:05.000+09:00,1162
n09cd106fdb1e,13281186,さくさく|そっと寄り添う日々,jidoukan_judge,2026-03-03T17:12:05.000+09:00,1661
n09cd106fdb1e,13522172,こしお,kshuoun23,2026-03-03T15:54:35.000+09:00,677
n09cd106fdb1e,12589889,なかやん✖️ありのままを整えるライフコーチ,nakayan1117,2026-03-03T10:24:37.000+09:00,751
n09cd106fdb1e,13425095,おとうふ｜30代パート主婦の暮らしメモ,otofu_ponzu,2026-03-03T10:14:43.000+09:00,1230
n09cd106fdb1e,9728016,雷神マガジン－ひとりでできるamazon物販ビジネス－,sedoritool_pu,2026-03-03T08:08:45.000+09:00,1227
n09cd106fdb1e,13801886,もね♡,nemo_note_,2026-03-02T23:34:29.000+09:00,63
n09cd106fdb1e,13793195,ふくろう先生｜お金の神様の教えを伝えるnote講師,rosy_clam4908,2026-03-02T22:52:26.000+09:00,4392
n09cd106fdb1e,12014664,小鉄　（元葬儀屋）,kotetsu0125,2026-03-02T22:25:35.000+09:00,699
n09cd106fdb1e,553297,ぽんず｜書く管理職×AI,ponzu_works,2026-03-02T22:22:32.000+09:00,360
n09cd106fdb1e,4042337,こころのかあちゃん l ゆんママ☀（旧：幸せなしろくまさん）,yun_mama2025,2026-03-02T21:42:26.000+09:00,967
n09cd106fdb1e,13534692,小桜｜Threads×noteで一歩踏み出した専業主婦,shufu_20,2026-03-02T21:24:28.000+09:00,65
n09cd106fdb1e,13569202,健康の原点,health_origjin,2026-03-02T20:41:59.000+09:00,3427
n09cd106fdb1e,12297006,みなてぃ,minaty_chronicle,2026-03-02T20:19:40.000+09:00,467
n09cd106fdb1e,13371417,ズッキー｜ドラッグストアの教科書,hot_newt3731,2026-03-02T19:26:19.000+09:00,176
n09cd106fdb1e,13331228,りんこ夫婦＠円満日記,rinco_rinko,2026-03-02T18:56:01.000+09:00,294
n09cd106fdb1e,12957187,アマドリウシロ,great_swan8128,2026-03-02T18:14:52.000+09:00,1053
n09cd106fdb1e,13359595,King | 天は自らを助くる者を助けるらしい,kinguncle45,2026-03-02T16:50:01.000+09:00,1185
n09cd106fdb1e,9281462,N氏,nakaikikaku,2026-03-02T15:28:43.000+09:00,1332
n09cd106fdb1e,13554798,ゆるりこ｜整える暮らしとAI｜余白づくり,unique_zinnia746,2026-03-02T14:47:29.000+09:00,599
n09cd106fdb1e,13430039,トンパス　〜幸せを目指し日々探究〜,alert_auklet8802,2026-03-02T14:47:05.000+09:00,87
n09cd106fdb1e,13015433,【英検準2級】専門家の黒猫,eiken_jyun2,2026-03-02T14:30:16.000+09:00,1215
n09cd106fdb1e,12803970,ちるまみー｜おうち報道部📡,chill_mommie,2026-03-02T13:36:26.000+09:00,252
n09cd106fdb1e,11871913,JOWRAKU,jowraku,2026-03-02T11:55:07.000+09:00,518
n09cd106fdb1e,11391820,あいぽんの本棚,amameru2025,2026-03-02T10:24:57.000+09:00,1573
n09cd106fdb1e,12432724,さかき🌳⌇ パーソナルマネーコーチ,fit_zephyr5266,2026-03-02T10:22:29.000+09:00,318
n09cd106fdb1e,12591374,ケンタロウ/gr.minpaku,merry_robin6845,2026-03-02T08:30:01.000+09:00,471
n09cd106fdb1e,13536495,節税先生,setsuzei_sensei,2026-03-02T08:26:10.000+09:00,529
n09cd106fdb1e,12759557,Q.E.D. の向こう側 | 25年分の「進路・教育・子育て」本音録,qed_math,2026-03-02T08:21:56.000+09:00,273
n09cd106fdb1e,13773400,コーチkumi | 家庭と職場のコミュニケーションコーチ,coachkumi,2026-03-02T07:56:04.000+09:00,150
n09cd106fdb1e,13258082,Dr.t,drt_base,2026-03-02T07:43:59.000+09:00,282
n09cd106fdb1e,11113861,ごり先生,gori_teacher,2026-03-02T07:13:52.000+09:00,448
n09cd106fdb1e,6880312,かいちょーさん（旧：PTAかいちょーさん）,tsubuyaki_mom,2026-03-02T07:09:39.000+09:00,972
n09cd106fdb1e,13111058,さとさん,sa_touchan,2026-03-02T06:52:18.000+09:00,94
n09cd106fdb1e,12283167,医師パパぞー,papazoo,2026-03-02T06:26:50.000+09:00,821
n09cd106fdb1e,13161722,おあつ,keen_pipit1182,2026-03-02T06:16:39.000+09:00,1514
n09cd106fdb1e,9489656,MeGood,megood_1028,2026-03-02T06:00:55.000+09:00,61
n09cd106fdb1e,12360319,ごまめ,ai_progress,2026-03-02T04:45:57.000+09:00,2731
n09cd106fdb1e,11359620,本来の自分に導き人生を好転♪自愛覚醒スピリチュアルコーチ優愛,yua555,2026-03-02T00:30:04.000+09:00,51
n09cd106fdb1e,5533501,div.rishi,div_rishi,2026-03-02T00:09:43.000+09:00,992
n09cd106fdb1e,13574007,🍀ベンジャミン🍀,noble_spirea7217,2026-03-01T23:54:31.000+09:00,767
n09cd106fdb1e,12760718,あさひ すみれ,miffy_co,2026-03-01T23:40:27.000+09:00,133
n09cd106fdb1e,10517876,向日葵じまにゃん🌻,jimanyan,2026-03-01T23:27:48.000+09:00,1881
n09cd106fdb1e,13573046,ゆるテク,yurutech_lab,2026-03-01T22:55:39.000+09:00,76
n09cd106fdb1e,12385127,超育休志向｜りさ ＆ ゆういち,comfamily_lab,2026-03-01T22:38:27.000+09:00,501
n09cd106fdb1e,13405464,木漏れ日亭,komorebi_tei,2026-03-01T22:29:22.000+09:00,584
n09cd106fdb1e,12806920,みあ,bold_hawk9783,2026-03-01T21:58:50.000+09:00,341
n09cd106fdb1e,13737261,つきのいし,merry_guppy563,2026-03-01T21:55:24.000+09:00,953
n09cd106fdb1e,12873400,蛙　蛙🐸元SEのカウンセラー,kaeru_care,2026-03-01T21:52:02.000+09:00,2089
n09cd106fdb1e,12372993,​無職夫婦,brainy_aster4919,2026-03-01T21:43:09.000+09:00,354
n09cd106fdb1e,13476435,のんびり先生,sensei_enjoy,2026-03-01T21:40:28.000+09:00,906
n35bb2e366a2b,12503829,gentlereads |.naru,vivid_panda7082,2026-05-07T20:18:37.000+09:00,1273
n35bb2e366a2b,13846924,根本,glossy_owl9405,2026-04-22T16:46:16.000+09:00,98
n35bb2e366a2b,13496658,わいじ,waiji_blog,2026-04-19T20:42:23.000+09:00,225
n35bb2e366a2b,11358615,ベティママ,clear_newt3029,2026-04-03T22:47:37.000+09:00,149
n35bb2e366a2b,13533445,ライカ＠自己語り,fancy_ram9927,2026-04-02T20:42:03.000+09:00,32
n35bb2e366a2b,5828006,まなつ/突出マイノリティ列伝,tosshutsu_m,2026-04-02T18:34:47.000+09:00,6133
n35bb2e366a2b,12071736,アンドリュー・フライト@理容師から人生逆転を目指す男！,like_otter7498,2026-03-31T22:29:52.000+09:00,367
n35bb2e366a2b,12377105,まるよか,yokayoka5103,2026-03-29T14:23:04.000+09:00,1361
n35bb2e366a2b,13847631,ずぼらおうち英語でも子供達４人は高い英語力♪ anahataai,tkmktm,2026-03-19T21:58:18.000+09:00,136
n35bb2e366a2b,6905415,豹子頭 林冲,hyousitou,2026-03-19T14:23:37.000+09:00,269
n35bb2e366a2b,13107073,ルパン・ザ・アート,lupin_the_art,2026-03-15T23:32:52.000+09:00,207
n35bb2e366a2b,11521745,てぐぞー｜AIと「楽しみながら生きる」40代パパ,nifty_sheep2798,2026-03-15T12:16:46.000+09:00,980
n35bb2e366a2b,13864574,探偵のOSINT研究所,tantei_note,2026-03-14T07:36:22.000+09:00,792
n35bb2e366a2b,8135463,ラベンダー｜睡眠外来を卒業したけど習慣化できない方のための睡眠改善コンサルタント｜経営者専門,noble_pony3857,2026-03-12T21:32:07.000+09:00,37
n35bb2e366a2b,12885894,taka,agile_heron3163,2026-03-11T14:53:07.000+09:00,629
n35bb2e366a2b,13117106,ことすのぱぱ,kotosunopapa,2026-03-11T08:30:05.000+09:00,94
n35bb2e366a2b,13312708,かずき｜子育て世代の堅実な資産形成,rapid_cobra5268,2026-03-10T07:03:39.000+09:00,562
n35bb2e366a2b,11968206,もり｜40代の“仕事を軽くする”リスキリング　,mori_reskilling,2026-03-09T07:44:56.000+09:00,478
n35bb2e366a2b,5270499,true_tree_,true_tree_,2026-03-07T05:28:43.000+09:00,96
n35bb2e366a2b,13694926,しゅのママ｜小3男子と4歳娘の母,genial_orchid860,2026-03-06T13:47:26.000+09:00,56
n35bb2e366a2b,13790320,あめ,good_knot8188,2026-03-04T09:55:46.000+09:00,5
n35bb2e366a2b,13320902,人間をさせて頂いてます,dapper_zebra9383,2026-03-02T17:18:06.000+09:00,529
n35bb2e366a2b,11113861,ごり先生,gori_teacher,2026-03-02T05:43:02.000+09:00,448
n35bb2e366a2b,5533501,div.rishi,div_rishi,2026-03-02T00:09:44.000+09:00,992
n35bb2e366a2b,12509830,中年papaya🌈フォロバ100🌈,long_viola1695,2026-03-01T20:51:31.000+09:00,1563
n35bb2e366a2b,13359595,King | 天は自らを助くる者を助けるらしい,kinguncle45,2026-03-01T18:45:45.000+09:00,1185
n35bb2e366a2b,12800619,発達障害児育児/おだやかに生きる術とは,hukuhukumarubou,2026-03-01T18:18:47.000+09:00,14
n35bb2e366a2b,12179080,kiyo,dandy_toucan7622,2026-03-01T16:54:05.000+09:00,126
n35bb2e366a2b,9312331,穂倉 瑞姫 / Mizuki Hokura,greatmoment,2026-03-01T15:41:52.000+09:00,1061
n35bb2e366a2b,12436904,Tetsuo,fair_squid8208,2026-03-01T15:23:47.000+09:00,29
n35bb2e366a2b,13781446,黒崎隼斗,hayato_watches,2026-03-01T14:51:46.000+09:00,1024
n35bb2e366a2b,12672732,これから嘱託はじめます。,real_pothos5821,2026-03-01T12:48:06.000+09:00,717
n35bb2e366a2b,12928956,なかのゆか,bodydaiku_yuka,2026-03-01T09:55:19.000+09:00,11
n35bb2e366a2b,12462354,旅人のけん,bold_lilac5972,2026-03-01T09:34:40.000+09:00,310
n35bb2e366a2b,12789134,とり,tori2323,2026-02-28T23:54:40.000+09:00,2729
n35bb2e366a2b,13667818,あかりの積み上げ帖,witty_seal3320,2026-02-28T20:45:09.000+09:00,51
n35bb2e366a2b,3770231,天道　馬七　(てんどう　ばしち),tendo543,2026-02-28T20:42:54.000+09:00,4178
n35bb2e366a2b,11934998,あかねちゃん,note_akane0730,2026-02-28T20:09:24.000+09:00,78
n35bb2e366a2b,13746114,保育者キャリア研究/おがた,fast_bobcat2370,2026-02-28T09:50:51.000+09:00,211
n35bb2e366a2b,11795825,すみっこパパ,tasty_mole8614,2026-02-28T06:04:27.000+09:00,2559
n35bb2e366a2b,13405464,木漏れ日亭,komorebi_tei,2026-02-27T21:14:35.000+09:00,584
n35bb2e366a2b,13449394,カレー好きな自由人,dear_crow4256,2026-02-27T21:07:25.000+09:00,1756
n35bb2e366a2b,11099943,蒼原ねむ,aohara_nemu,2026-02-27T20:59:59.000+09:00,90
n35bb2e366a2b,13747649,きせきせつ[絵本作家になる],kisekise_1116,2026-02-27T20:10:20.000+09:00,21
n35bb2e366a2b,13073421,こまてん｜「CS思考」で書くAIライター,ai_writers,2026-02-27T17:31:11.000+09:00,6318
n35bb2e366a2b,11948784,響加,witty_viper9322,2026-02-27T17:01:39.000+09:00,19
n35bb2e366a2b,9281462,N氏,nakaikikaku,2026-02-27T16:18:43.000+09:00,1332
n35bb2e366a2b,8321162,サイボーグMSX,cyborgmsx,2026-02-27T16:14:01.000+09:00,2141
n35bb2e366a2b,13266641,コーヒー好きのペソアさん,pessoa2025,2026-02-27T14:00:00.000+09:00,711
n35bb2e366a2b,11764895,きみを｜型破り母の育児戦略録┃,lush_flea4167,2026-02-27T12:54:42.000+09:00,356
n35bb2e366a2b,11718790,エリエピアノnote,deft_deer4788,2026-02-27T11:17:55.000+09:00,183
n35bb2e366a2b,12873400,蛙　蛙🐸元SEのカウンセラー,kaeru_care,2026-02-27T11:04:13.000+09:00,2089
n35bb2e366a2b,1287373,はなえ𖠚ᐝ,shima_hana,2026-02-27T09:33:41.000+09:00,462
n35bb2e366a2b,5917218,もりもり＠先生のやさしい子育て,morimori_2255,2026-02-27T09:30:51.000+09:00,274
n35bb2e366a2b,12591374,ケンタロウ/gr.minpaku,merry_robin6845,2026-02-27T08:46:58.000+09:00,471
n35bb2e366a2b,4221138,ぽえみーぺるふぇっと@スピ占い師,butusinlove,2026-02-27T07:14:01.000+09:00,29
n35bb2e366a2b,11897079,ことたね🍀年子ワーママが紡ぐ子育てメソッド♡,genial_ram4816,2026-02-27T07:00:25.000+09:00,849
n35bb2e366a2b,12806920,みあ,bold_hawk9783,2026-02-27T06:58:05.000+09:00,341
n35bb2e366a2b,13693346,anzu,quick_stoat6197,2026-02-27T06:42:12.000+09:00,453
n35bb2e366a2b,13574007,🍀ベンジャミン🍀,noble_spirea7217,2026-02-27T06:27:33.000+09:00,767
n35bb2e366a2b,12360319,ごまめ,ai_progress,2026-02-27T04:29:01.000+09:00,2731
n35bb2e366a2b,11711878,元パスタ屋｜はーちゃん,humble_auklet368,2026-02-26T23:45:53.000+09:00,232
n35bb2e366a2b,10517876,向日葵じまにゃん🌻,jimanyan,2026-02-26T22:29:32.000+09:00,1881
n35bb2e366a2b,12385127,超育休志向｜りさ ＆ ゆういち,comfamily_lab,2026-02-26T22:28:21.000+09:00,501
n35bb2e366a2b,11074842,勘違いアイドルしがみん,humble_garlic858,2026-02-26T21:58:33.000+09:00,1228
n35bb2e366a2b,13722328,ARLIS（アーリス）,arisako92270,2026-02-26T21:53:55.000+09:00,120
n35bb2e366a2b,6880312,かいちょーさん（旧：PTAかいちょーさん）,tsubuyaki_mom,2026-02-26T21:48:46.000+09:00,972
n35bb2e366a2b,13719229,主婦の味方note！賢く稼いで、しっかり資産を守る＆節約術,mama_support,2026-02-26T21:46:37.000+09:00,39
n35bb2e366a2b,12885021,ただのかくひと。,tadanokakuhito,2026-02-26T21:45:34.000+09:00,70
n35bb2e366a2b,9489656,MeGood,megood_1028,2026-02-26T21:41:02.000+09:00,61
n35bb2e366a2b,3518896,村松慎一 / 日々のやりくりから、未来の成長まで。あなたの会社の名脇役。,shinichi0820,2026-02-26T21:40:08.000+09:00,660
n35bb2e366a2b,13161722,おあつ,keen_pipit1182,2026-02-26T21:37:57.000+09:00,1514
n35bb2e366a2b,13110841,俯瞰するカモメ,blue_seagulls,2026-02-26T21:35:02.000+09:00,62
n35bb2e366a2b,12372993,​無職夫婦,brainy_aster4919,2026-02-26T21:12:28.000+09:00,354
n35bb2e366a2b,13688693,sato/高圧ガス資格研究所,mild_nerine4683,2026-02-26T21:11:49.000+09:00,1047
n421492a272ef,12377105,まるよか,yokayoka5103,2026-04-29T20:37:02.000+09:00,1361
n421492a272ef,5828006,まなつ/突出マイノリティ列伝,tosshutsu_m,2026-04-08T09:26:22.000+09:00,6133
n421492a272ef,12071736,アンドリュー・フライト@理容師から人生逆転を目指す男！,like_otter7498,2026-03-31T22:29:53.000+09:00,367
n421492a272ef,13107073,ルパン・ザ・アート,lupin_the_art,2026-03-24T19:03:38.000+09:00,207
n421492a272ef,8563392,Intellectual curiosity,intel_quest,2026-03-15T23:50:07.000+09:00,354
n421492a272ef,13502105,福万裕照|LINE仕組み化の専門家|プロライン構築,fukuline_lab,2026-03-08T12:56:48.000+09:00,253
n421492a272ef,12331157,マムチャン｜捨てて稼ぐのミニマリスト,hikiko_8350,2026-03-06T18:50:36.000+09:00,10
n421492a272ef,12064891,あかそら,lively_newt7777,2026-03-06T03:57:28.000+09:00,125
n421492a272ef,12461298,双子パパの妻ファーストマインド,tsuma_firstmind,2026-03-04T14:30:06.000+09:00,211
n421492a272ef,3206852,ほんたん,nananopapa,2026-03-04T10:07:39.000+09:00,5576
n421492a272ef,12967501,さち,0003ma,2026-03-03T06:51:17.000+09:00,4
n421492a272ef,10632506,パパリーマンのワクワク日記,wakuwakubp,2026-03-02T12:41:48.000+09:00,14097
n421492a272ef,5533501,div.rishi,div_rishi,2026-03-02T00:09:45.000+09:00,992
n421492a272ef,9312331,穂倉 瑞姫 / Mizuki Hokura,greatmoment,2026-03-01T15:41:50.000+09:00,1061
n421492a272ef,12789134,とり,tori2323,2026-03-01T00:02:24.000+09:00,2729
n421492a272ef,10517876,向日葵じまにゃん🌻,jimanyan,2026-02-27T22:35:20.000+09:00,1881
n421492a272ef,12116061,gyane.0→1に8年かかった男,humble_otter8610,2026-02-27T12:33:17.000+09:00,1745
n421492a272ef,13485903,みろく,miroku_sensei,2026-02-27T11:25:09.000+09:00,39
n421492a272ef,1287373,はなえ𖠚ᐝ,shima_hana,2026-02-27T09:33:53.000+09:00,462
n421492a272ef,12760588,らん˚₊·ズボラおかんのリアル日記 ˚₊·  ,ranran_mamalife,2026-02-27T07:05:40.000+09:00,821
n421492a272ef,13297052,Ryo｜習慣は設計できる,great_loris7901,2026-02-27T05:47:14.000+09:00,207
n421492a272ef,11810798,なやむコアラ｜意志力ゼロの習慣化,nayamu_koara,2026-02-27T01:12:09.000+09:00,52
n421492a272ef,8478642,いぶたん✈️はいさい,bright_eel91,2026-02-26T23:23:10.000+09:00,187
n421492a272ef,11272811,フク太｜70点思考で人生回す,fukuta_fukugyo,2026-02-26T22:34:21.000+09:00,86
n421492a272ef,7675517,たもちゃん,tamonyuko,2026-02-26T22:31:23.000+09:00,32
n421492a272ef,13161722,おあつ,keen_pipit1182,2026-02-26T21:38:50.000+09:00,1514
n421492a272ef,13355143,Arts0001,good_orca9170,2026-02-26T20:16:08.000+09:00,172
n421492a272ef,10602170,\ 遺産15億円捨て0からスタート/              シングルマザー｜MIYUKi,miu3426,2026-02-26T20:02:07.000+09:00,300
n421492a272ef,13375545,【kana】ChatGPTで主婦の「めんどくさい」を3秒で片づける人,kana_aimama,2026-02-26T18:40:36.000+09:00,158
n421492a272ef,12297006,みなてぃ,minaty_chronicle,2026-02-26T18:10:27.000+09:00,467
n421492a272ef,13494674,MUNE◎,lofty_lion8669,2026-02-26T17:09:43.000+09:00,351
n421492a272ef,6880312,かいちょーさん（旧：PTAかいちょーさん）,tsubuyaki_mom,2026-02-26T16:50:14.000+09:00,972
n421492a272ef,13722328,ARLIS（アーリス）,arisako92270,2026-02-26T14:49:10.000+09:00,120
n421492a272ef,13164903,akiaki,cozy_iguana8458,2026-02-26T14:36:15.000+09:00,426
n421492a272ef,13691287,pika,pikarindh,2026-02-26T13:46:31.000+09:00,193
n421492a272ef,13414121,りょう｜1児のパパ,ryoooo_note,2026-02-26T13:15:54.000+09:00,815
n421492a272ef,1806058,角野裕美　〈キャリアを〝ことば〟にするカタリスト〉,hiromi_kadono,2026-02-26T10:46:58.000+09:00,326
n421492a272ef,12524272,sei｜小学生の生活・学習支援（あなたと子育ての途中で）,legit_crane5986,2026-02-26T09:45:56.000+09:00,407
n421492a272ef,9796651,なさと|不登校、受験生パパのリアル記録,2815_nasato,2026-02-26T08:58:54.000+09:00,235
n421492a272ef,12591374,ケンタロウ/gr.minpaku,merry_robin6845,2026-02-26T08:39:42.000+09:00,471
n421492a272ef,12885021,ただのかくひと。,tadanokakuhito,2026-02-26T06:32:20.000+09:00,70
n421492a272ef,12873400,蛙　蛙🐸元SEのカウンセラー,kaeru_care,2026-02-25T23:19:02.000+09:00,2089
n421492a272ef,6985078,T-STYLE|地方在住｜30代パパ｜人生奮闘記,tstyle_unzen1000,2026-02-25T22:37:51.000+09:00,1236
n421492a272ef,12694390,ムギさん,clever_willet813,2026-02-25T22:30:08.000+09:00,703
n54edf503f62f,6572846,DUY ANH,duy_anh,2026-05-17T23:37:15.000+09:00,18
n54edf503f62f,12377105,まるよか,yokayoka5103,2026-04-29T15:15:52.000+09:00,1361
n54edf503f62f,13945309,ぱぱぱ,papapa_t3docs,2026-04-20T22:55:06.000+09:00,213
n54edf503f62f,12817950,ᩚ₊꒷꒦꒷♡︎꒰ᩚঌぽよのおへや໒꒱♡︎꒦꒷ ₊,poyos_room4649,2026-04-15T11:47:05.000+09:00,10
n54edf503f62f,13390304,HareToru（はれとる）,yurunayamist,2026-04-07T07:59:48.000+09:00,480
n54edf503f62f,5828006,まなつ/突出マイノリティ列伝,tosshutsu_m,2026-04-06T07:51:43.000+09:00,6133
n54edf503f62f,11857059,フォーチュンテラーさん,dapper_agapan802,2026-04-01T21:19:00.000+09:00,356
n54edf503f62f,12071736,アンドリュー・フライト@理容師から人生逆転を目指す男！,like_otter7498,2026-03-31T22:29:54.000+09:00,367
n54edf503f62f,12503829,gentlereads |.naru,vivid_panda7082,2026-03-30T12:23:07.000+09:00,1273
n54edf503f62f,2741407,のすけ,naoshigeki,2026-03-25T01:02:37.000+09:00,106
n54edf503f62f,13880332,ちゃろ,hmyk_312227,2026-03-12T17:46:28.000+09:00,593
n54edf503f62f,11901438,インクル【中学2年生】,tiic_official,2026-03-12T12:41:01.000+09:00,140
n54edf503f62f,13248724,reo genki_note,superkids_note,2026-03-10T21:08:01.000+09:00,390
n54edf503f62f,13121483,真琴,makoto0410,2026-03-05T21:36:21.000+09:00,325
n54edf503f62f,7823822,はぐれパパ＠詩人失格,papa411477,2026-03-05T21:33:40.000+09:00,71
n54edf503f62f,5533501,div.rishi,div_rishi,2026-03-02T00:09:48.000+09:00,992
n54edf503f62f,13513349,arinko｜副業・投資・お金の話,arinko_note_,2026-03-01T14:33:53.000+09:00,456
n54edf503f62f,12962303,とっぴ【AIライター】パパ目線で考える,tk_hikiyose,2026-02-27T12:01:58.000+09:00,2122
n54edf503f62f,13496222,占いの館,bright_macaw7569,2026-02-27T09:09:53.000+09:00,519
n54edf503f62f,3375643,moe.,ayappixxx,2026-02-26T16:50:08.000+09:00,24
n54edf503f62f,13184572,moderato autumn,autumn_moderato,2026-02-25T17:46:49.000+09:00,257
n54edf503f62f,13713243,ミサキ,major_rue2929,2026-02-25T13:17:03.000+09:00,315
n54edf503f62f,13632740,Ryota,shiny_hare9115,2026-02-25T11:46:01.000+09:00,189
n54edf503f62f,11074842,勘違いアイドルしがみん,humble_garlic858,2026-02-25T10:38:12.000+09:00,1228
n54edf503f62f,1287373,はなえ𖠚ᐝ,shima_hana,2026-02-25T10:35:36.000+09:00,462
n54edf503f62f,3017587,Yu Morio もりおゆう,mysyouwasketch,2026-02-25T10:08:28.000+09:00,6202
n54edf503f62f,3912102,WISHちゃん｜読むと願いが叶うかも🌕,wish_happy,2026-02-25T09:44:49.000+09:00,444
n54edf503f62f,13699313,そよ,quick_oxalis5860,2026-02-25T09:05:18.000+09:00,119
n54edf503f62f,13602649,🍃Hareruya🍃,regal_worm5587,2026-02-25T08:32:12.000+09:00,564
n54edf503f62f,13547397,家庭優先パパ　〜出世を捨てたサラリーマン〜,just_roses2233,2026-02-25T07:12:07.000+09:00,354
n54edf503f62f,11811910,toki　星野リゾート,cloud_time_toki,2026-02-25T00:41:29.000+09:00,86
n54edf503f62f,13779752,にんにん＠学びを忍術に変える、成長型ちび忍者,nin_nin_222,2026-02-25T00:19:23.000+09:00,70
n54edf503f62f,12509329,神楽智,brave_pipit1636,2026-02-24T22:02:11.000+09:00,445
n54edf503f62f,12885894,taka,agile_heron3163,2026-02-24T21:33:11.000+09:00,629
n54edf503f62f,13495772,まなび×Lab｜AI家庭学習,manabi_x_lab,2026-02-24T21:29:25.000+09:00,100
n54edf503f62f,13107073,ルパン・ザ・アート,lupin_the_art,2026-02-24T18:55:16.000+09:00,207
n54edf503f62f,12885021,ただのかくひと。,tadanokakuhito,2026-02-24T15:55:01.000+09:00,70
n54edf503f62f,6770851,数理もでりんＧ,math_modeler,2026-02-24T11:05:58.000+09:00,304
n54edf503f62f,12541672,たくみやパパ｜中小企業診断士勉強中,fast_skink3781,2026-02-24T10:39:47.000+09:00,424
n54edf503f62f,12873400,蛙　蛙🐸元SEのカウンセラー,kaeru_care,2026-02-24T09:56:47.000+09:00,2089
n54edf503f62f,10632506,パパリーマンのワクワク日記,wakuwakubp,2026-02-24T08:32:28.000+09:00,14097
n54edf503f62f,2965029,bitt0｜暮らしを繕う,bitt0_note,2026-02-24T08:22:22.000+09:00,153
n54edf503f62f,13433825,茨の魔女,kurousa104ibara,2026-02-24T06:49:50.000+09:00,716
n54edf503f62f,13161722,おあつ,keen_pipit1182,2026-02-24T05:57:26.000+09:00,1514
n54edf503f62f,11138401,Glanz,noble_salvia3738,2026-02-24T01:20:06.000+09:00,578
n54edf503f62f,4203101,MIDI & ROID,midiandroid,2026-02-23T23:03:53.000+09:00,309
n54edf503f62f,13647449,オーラ屋さん,aurastick,2026-02-23T22:02:47.000+09:00,70
n54edf503f62f,13544522,本気⭐️葵,cool_peony8473,2026-02-23T21:49:59.000+09:00,282
n54edf503f62f,11745964,児童文庫が大好き　ムヒ　,muhicool,2026-02-23T21:02:35.000+09:00,554
n54edf503f62f,12360319,ごまめ,ai_progress,2026-02-23T19:42:14.000+09:00,2731
n54edf503f62f,11296470,note × HSC子育て✨🍀,note_2025happy,2026-02-23T17:30:30.000+09:00,1020
n54edf503f62f,9482421,じゅんのすけ,juicy_lynx3773,2026-02-23T17:14:58.000+09:00,1173
n54edf503f62f,13445185,父の子育てチャンネル,lovely_llama5917,2026-02-23T16:01:05.000+09:00,10
n54edf503f62f,13711494,humble_kiwi313,humble_kiwi313,2026-02-23T11:27:02.000+09:00,470
n54edf503f62f,12141463,ぽいふる博士,pointlab,2026-02-23T09:37:06.000+09:00,856
n54edf503f62f,12591374,ケンタロウ/gr.minpaku,merry_robin6845,2026-02-23T09:19:18.000+09:00,471
n54edf503f62f,6880312,かいちょーさん（旧：PTAかいちょーさん）,tsubuyaki_mom,2026-02-23T09:14:07.000+09:00,972
n54edf503f62f,13468408,マオト＠不景気に克,lovely_racoon,2026-02-23T08:32:07.000+09:00,223
n54edf503f62f,12559148,プーリ@明日の朝礼「1分カンペ」,long_oriole8182,2026-02-23T08:19:19.000+09:00,1160
n6f1916d32f42,5330022,Marie | まりーの小さな⚙️歯車⚙️ラボ🔬,marie_222,2026-05-25T16:49:05.000+09:00,23
n6f1916d32f42,14126621,フリーマン,just_serval6544,2026-05-23T06:34:48.000+09:00,220
n6f1916d32f42,13764080,まこ＠薬草魔女バァバ,picking_stars,2026-05-20T14:18:20.000+09:00,271
n6f1916d32f42,14320627,hanatoshiki,hanatoshiki,2026-05-19T22:34:12.000+09:00,415
n6f1916d32f42,14167056,マーリー＠人生論,marley_life,2026-04-15T15:15:31.000+09:00,368
n6f1916d32f42,7666999,みつくにけいし｜魂とビジネスの統合ノート,mitsukunikeishi,2026-04-06T15:30:08.000+09:00,1226
n6f1916d32f42,11968206,もり｜40代の“仕事を軽くする”リスキリング　,mori_reskilling,2026-04-06T06:59:21.000+09:00,478
n6f1916d32f42,14062216,rinmuu,rinmuu_2,2026-04-06T06:29:49.000+09:00,258
n6f1916d32f42,5828006,まなつ/突出マイノリティ列伝,tosshutsu_m,2026-04-04T23:53:34.000+09:00,6133
n6f1916d32f42,6905415,豹子頭 林冲,hyousitou,2026-04-02T22:10:17.000+09:00,269
n6f1916d32f42,12377105,まるよか,yokayoka5103,2026-03-29T09:56:27.000+09:00,1361
n6f1916d32f42,11280498,東野　火ナエ　,eastwilding,2026-03-15T18:01:31.000+09:00,66
n6f1916d32f42,13767949,Tomoka,noble_rose4731,2026-03-05T15:47:29.000+09:00,276
n6f1916d32f42,12439328,AI×モヤミ,aixmoyami,2026-03-05T01:30:39.000+09:00,342
n6f1916d32f42,11285738,もんきち,60karano,2026-03-04T22:27:26.000+09:00,1709
n6f1916d32f42,12461298,双子パパの妻ファーストマインド,tsuma_firstmind,2026-03-04T14:30:09.000+09:00,211
n6f1916d32f42,12672732,これから嘱託はじめます。,real_pothos5821,2026-03-02T16:20:14.000+09:00,717
n6f1916d32f42,5533501,div.rishi,div_rishi,2026-03-02T00:09:49.000+09:00,992
n6f1916d32f42,13476435,のんびり先生,sensei_enjoy,2026-03-01T21:42:12.000+09:00,906
n6f1916d32f42,13549529,明日の朝は痩せてればいいのに,asu_yase,2026-03-01T12:21:02.000+09:00,68
n6f1916d32f42,12789134,とり,tori2323,2026-03-01T00:01:58.000+09:00,2729
n6f1916d32f42,13402134,じゅん日記,fancy_weasel776,2026-02-28T20:07:33.000+09:00,548
n6f1916d32f42,1653956,Mr. Anderson,crazy_androgyne,2026-02-28T19:52:37.000+09:00,53
n6f1916d32f42,10175064,雪綴ゆき,wise_rat6355,2026-02-28T11:36:36.000+09:00,6352
n6f1916d32f42,13747649,きせきせつ[絵本作家になる],kisekise_1116,2026-02-27T20:10:29.000+09:00,21
n6f1916d32f42,2622560,丸々,ul_3k,2026-02-26T20:31:54.000+09:00,390
n6f1916d32f42,11646936,公務員→民間→独立｜「ありのままの自分」で輝く人生を作る人,joyous_salvia608,2026-02-26T19:18:48.000+09:00,691
n6f1916d32f42,13171495,ねねこ｜自分の言葉で伝えたい,neneko26,2026-02-26T19:10:48.000+09:00,180
n6f1916d32f42,9227205,ひなた,hinata_no_techo,2026-02-26T13:09:29.000+09:00,654
n6f1916d32f42,13522511,おにく,onikutosora,2026-02-26T10:26:20.000+09:00,702
n6f1916d32f42,7834656,ぴーさん,lively_marten340,2026-02-26T06:14:43.000+09:00,197
n6f1916d32f42,13783559,自然の知恵研究所｜30秒でわかる自然の教養,shizen_lab,2026-02-26T06:07:02.000+09:00,366
n6f1916d32f42,13548914,雪,fit_snail7673,2026-02-25T21:59:03.000+09:00,581
n6f1916d32f42,12825853,あかぱる,super_stork2048,2026-02-25T18:07:17.000+09:00,643
n6f1916d32f42,12752695,口出汁桃子,ripe_gnu6246,2026-02-25T14:45:50.000+09:00,1013
n6f1916d32f42,9511314,大覚様,daikakusama_id,2026-02-25T12:50:22.000+09:00,154
n6f1916d32f42,1287373,はなえ𖠚ᐝ,shima_hana,2026-02-25T10:35:54.000+09:00,462
n6f1916d32f42,11811910,toki　星野リゾート,cloud_time_toki,2026-02-25T00:39:27.000+09:00,86
n6f1916d32f42,13467920,ao,yohaku75,2026-02-24T21:27:40.000+09:00,41
n6f1916d32f42,11389194,むみま｜道具道,mumima,2026-02-24T19:18:09.000+09:00,1480
n6f1916d32f42,13189854,まりも,joyous_canna6109,2026-02-24T19:12:26.000+09:00,238
n6f1916d32f42,7726444,お茶と薬膳のLab　てんみ堂☆ゆうこ,tea_yakuze_tenmi,2026-02-24T16:35:53.000+09:00,307
n6f1916d32f42,12541672,たくみやパパ｜中小企業診断士勉強中,fast_skink3781,2026-02-24T10:39:46.000+09:00,424
n6f1916d32f42,2965029,bitt0｜暮らしを繕う,bitt0_note,2026-02-24T08:22:25.000+09:00,153
n6f1916d32f42,7908672,🐰Koroちゃん🌸兎耳コロ💖創作大賞2026💎光片-ヒカリノカケラ-Hikari no Kakera,korovrm,2026-02-24T08:09:14.000+09:00,6386
n6f1916d32f42,12093274,nicowa,nicowa,2026-02-24T05:47:21.000+09:00,21
n6f1916d32f42,12057462,ダテノウスギ,mute_roses7776,2026-02-23T21:22:12.000+09:00,105
n6f1916d32f42,13661205,マエン／兼業FXパパのトレード日記,serene_ixora5083,2026-02-23T20:34:47.000+09:00,25
n6f1916d32f42,12957187,アマドリウシロ,great_swan8128,2026-02-23T18:48:49.000+09:00,1053
n6f1916d32f42,11296470,note × HSC子育て✨🍀,note_2025happy,2026-02-23T18:30:19.000+09:00,1020
n6f1916d32f42,13561953,ZEN｜100m走るAI使いのPTA会長,light_racoon3928,2026-02-23T18:09:42.000+09:00,27
n6f1916d32f42,13570930,アクシスNWチーム広報部,axis_nw,2026-02-23T13:54:04.000+09:00,2140
n6f1916d32f42,10069756,うどあり│キャリア逆転の美学,udoari_imagine,2026-02-23T11:08:37.000+09:00,461
n6f1916d32f42,12952686,さゆり｜創作と日々のつづり,sayuri_creation,2026-02-23T10:53:07.000+09:00,505
n6f1916d32f42,11974203,森泉 結月（もりいずみ ゆづき）,moriizumi_yuzuki,2026-02-23T10:14:08.000+09:00,998
n6f1916d32f42,12141463,ぽいふる博士,pointlab,2026-02-23T09:33:46.000+09:00,856
n6f1916d32f42,11413464,パンダ,limber_zephyr577,2026-02-23T07:47:04.000+09:00,153
n6f1916d32f42,11292875,あおサロンAI（プレミアム）でAI時代の先駆者に✨️,ao_salon_ai,2026-02-23T04:19:07.000+09:00,89
n6f1916d32f42,12847647,黒野,kuro_yuki2025,2026-02-23T00:26:02.000+09:00,301
n6f1916d32f42,10895028,ペイ｜消防士11年→営業県No.1→AI導入支援,okikame_ai,2026-02-22T23:54:56.000+09:00,103
n6f1916d32f42,11742994,薄紫もと　,fresh_loris1944,2026-02-22T23:54:06.000+09:00,3113
n6f1916d32f42,13642463,AIL｜あいる,ailinklabs,2026-02-22T23:52:04.000+09:00,57
n6f1916d32f42,2762866,Satoshi,kotoha_miwa,2026-02-22T22:39:59.000+09:00,1277
n6f1916d32f42,13659787,やっちゃん&みーちゃん,yach_mich,2026-02-22T21:53:01.000+09:00,200
n6f1916d32f42,11427160,Rin55,apt_wren9271,2026-02-22T21:15:07.000+09:00,1069
n6f1916d32f42,13588530,kenji,light_ixia8553,2026-02-22T19:17:11.000+09:00,519
n6f1916d32f42,12093836,Kutumi.｜愛と構造の観測者,hearty_yak5606,2026-02-22T18:11:09.000+09:00,749
n6f1916d32f42,13721447,さまなさん,witty_iris4802,2026-02-22T17:14:33.000+09:00,1314
n6f1916d32f42,13161722,おあつ,keen_pipit1182,2026-02-22T15:05:47.000+09:00,1514
n6f1916d32f42,12640117,サポ　,bright_snipe9802,2026-02-22T12:42:50.000+09:00,709
n6f1916d32f42,10589064,葵めぐみ,calm_turtle7395,2026-02-22T11:20:00.000+09:00,142
n6f1916d32f42,12211480,凪｜40代キャリア再設計,rich_walrus8579,2026-02-22T09:27:01.000+09:00,302
n6f1916d32f42,8794233,依代ゆら｜美活クリエイター,yuko_doki,2026-02-22T09:06:14.000+09:00,115
n6f1916d32f42,1254292,染屋 光宏,mitsuhiro_someya,2026-02-22T07:30:53.000+09:00,30
n6f1916d32f42,13694671,無重力主婦（むじゅ）｜心だけはふわっと浮遊中,alert_owl486,2026-02-22T06:55:21.000+09:00,318
n6f1916d32f42,10787752,蒼海 豊,yutaka_aoi,2026-02-21T23:21:03.000+09:00,796
n6f1916d32f42,12912669,柴田AI（シバタ アイ）  @ 柴田病院AIキャラクター 兼 広報 | AIと愛の力で地域医療に貢献,rapid_squid4027,2026-02-21T23:01:30.000+09:00,1379
n6f1916d32f42,13475351,鈴木さん,ainote_suz,2026-02-21T22:08:43.000+09:00,57
n6f1916d32f42,4574378,ぶどうスパーク｜フォロバ100,budospark4,2026-02-21T21:57:45.000+09:00,2060
n6f1916d32f42,7740656,ネコチャーン,necochaaaan_,2026-02-21T19:29:04.000+09:00,347
n6f1916d32f42,5224298,moe,8bfk,2026-02-21T18:56:22.000+09:00,769
n6f1916d32f42,12873400,蛙　蛙🐸元SEのカウンセラー,kaeru_care,2026-02-21T18:42:21.000+09:00,2089
n6f1916d32f42,8430336,シロイ,shiroi_ze,2026-02-21T17:06:47.000+09:00,6294
n6f1916d32f42,5143498,aki,kaba_no_mimi,2026-02-21T16:00:14.000+09:00,1090
n6f1916d32f42,8899640,五月美,jolly_sage745,2026-02-21T14:50:50.000+09:00,1203
n6f1916d32f42,11795813,あっちゃん／noteとSNSだけで古民家宿を作れるか挑戦中,slowcampgo,2026-02-21T14:38:58.000+09:00,2780
n6f1916d32f42,6710797,公認会計士　山下章太,kkkkk3333,2026-02-21T13:34:33.000+09:00,1795
n6f1916d32f42,13627421,天音 葉 (あまね よう),you_amane5555,2026-02-21T13:25:44.000+09:00,235
n6f1916d32f42,11074842,勘違いアイドルしがみん,humble_garlic858,2026-02-21T12:16:15.000+09:00,1228
n6f1916d32f42,11675251,shiro,lively_crane4246,2026-02-21T11:29:09.000+09:00,289
n6f1916d32f42,13155212,れもな / Remona 🍋,lemonade_remona,2026-02-21T10:49:14.000+09:00,588
n6f1916d32f42,5924300,ゆい｜夫が1年で12kg痩せた家のごはん,ottodiet_yui,2026-02-21T10:44:45.000+09:00,275
n6f1916d32f42,13283872,nazomura,nazomura,2026-02-21T10:39:46.000+09:00,666
n6f1916d32f42,11861558,秋本マミ,vivid_cougar9852,2026-02-21T10:36:44.000+09:00,703
n6f1916d32f42,7703704,清宮ゆうか｜年子兄妹のママ・薬剤師,yuka_k_mom,2026-02-21T10:25:30.000+09:00,1295
n6f1916d32f42,9706980,鈴蘭,ready_slug2393,2026-02-21T10:20:50.000+09:00,267
n6f1916d32f42,6910581,寄り道上手なオヤジ,yorimichi_oyaji,2026-02-21T10:11:04.000+09:00,536
n6f1916d32f42,13439939,しょうわん,syouwan1,2026-02-21T10:06:15.000+09:00,922
n6f1916d32f42,7772250,川本麻央,clever_deer514,2026-02-21T09:42:20.000+09:00,281
n6f1916d32f42,12591374,ケンタロウ/gr.minpaku,merry_robin6845,2026-02-21T09:26:08.000+09:00,471
n6f1916d32f42,13445387,Rie_note,barano_kaori_28,2026-02-21T09:14:56.000+09:00,207
n6f1916d32f42,11473748,🌙三日月たぬき🦝,mikazuki_metal,2026-02-21T08:56:29.000+09:00,109
n6f1916d32f42,13281186,さくさく|そっと寄り添う日々,jidoukan_judge,2026-02-21T08:49:51.000+09:00,1661
n6f1916d32f42,13405464,木漏れ日亭,komorebi_tei,2026-02-21T08:04:41.000+09:00,584
n6f1916d32f42,9332938,Amara,regulusu4,2026-02-21T08:02:03.000+09:00,750
n6f1916d32f42,3044427,コゲ,hsss,2026-02-21T07:13:37.000+09:00,220
n6f1916d32f42,10318591,ランラン日記,famous_swift6442,2026-02-21T07:09:27.000+09:00,956
n6f1916d32f42,13107073,ルパン・ザ・アート,lupin_the_art,2026-02-21T06:56:10.000+09:00,207
n6f1916d32f42,13574007,🍀ベンジャミン🍀,noble_spirea7217,2026-02-21T05:20:47.000+09:00,767
n6f1916d32f42,13472891,登坂 零,infinity_moon,2026-02-21T03:21:47.000+09:00,28
n6f1916d32f42,10894558,神楽坂 セイ,long_abelia7142,2026-02-21T02:11:31.000+09:00,1874
n6f1916d32f42,13550923,快眠姿勢改善トレーナーすぅさん,hsp_susan,2026-02-21T01:47:03.000+09:00,758
n6f1916d32f42,4951982,KAITO,89198919,2026-02-21T00:54:13.000+09:00,277
n6f1916d32f42,6888580,ゆき♡パニック障害を乗り越えた日々,yuki_kirokunote,2026-02-20T23:58:18.000+09:00,217
n6f1916d32f42,9489656,MeGood,megood_1028,2026-02-20T23:48:47.000+09:00,61
n6f1916d32f42,10284403,みち,michi_15,2026-02-20T22:57:13.000+09:00,1080
n6f1916d32f42,7078968,RuRuru｜マイペースで気さく、おおむねご機嫌な人,clever_ixia29,2026-02-20T22:51:41.000+09:00,97
n6f1916d32f42,12297006,みなてぃ,minaty_chronicle,2026-02-20T22:34:23.000+09:00,467
n6f1916d32f42,12803970,ちるまみー｜おうち報道部📡,chill_mommie,2026-02-20T22:28:56.000+09:00,252
n6f1916d32f42,12292846,TOMOTAN .,tomopon0358,2026-02-20T22:27:48.000+09:00,582
n6f1916d32f42,11521195,ニギハヤ日々,legal_hyena4585,2026-02-20T21:35:59.000+09:00,611
n6f1916d32f42,1689864,朝の角砂糖,asano_kakuzatou,2026-02-20T21:18:13.000+09:00,234
n6f1916d32f42,8846936,yumi,rakuyoga,2026-02-20T21:15:45.000+09:00,737
n6f1916d32f42,13631242,雪谷惑星,snowplanet2022,2026-02-20T21:15:21.000+09:00,290
n6f1916d32f42,9949391,うっちー,ushiwaka_maru123,2026-02-20T21:11:41.000+09:00,1721
n6f1916d32f42,12684179,更科暁斗【人類生きなおし計画】,magic_pipit4247,2026-02-20T20:59:39.000+09:00,777
n6f1916d32f42,8792789,◆ 話のネタ ◆,famous_tulip285,2026-02-20T20:56:13.000+09:00,368
n6f1916d32f42,13029847,灰色ロバのイーヨー,hip_ixia2962,2026-02-20T20:52:25.000+09:00,120
n6f1916d32f42,12277680,【空き家活用／民泊】川久保文佳,wise_garlic6897,2026-02-20T20:43:23.000+09:00,17
n6f1916d32f42,11703025,龍之介_働く方改革,hataraku_kaikaku,2026-02-20T20:43:10.000+09:00,867
n6f1916d32f42,13688693,sato/高圧ガス資格研究所,mild_nerine4683,2026-02-20T20:40:31.000+09:00,1047
n6f1916d32f42,13669800,おやゆび,oyayub1,2026-02-20T20:40:14.000+09:00,1110
n6f1916d32f42,10460304,ちんぱん🐒AI×note実録,ojisan_chinpan,2026-02-20T20:27:22.000+09:00,789
n6f1916d32f42,12959930,チャチャビー,chachabee,2026-02-20T20:21:54.000+09:00,780
n6f1916d32f42,12360319,ごまめ,ai_progress,2026-02-20T19:58:55.000+09:00,2731
n44d64b72a806,8857122,うるるん,nice_daisy957,2026-05-25T23:31:02.000+09:00,995
n44d64b72a806,527544,mikisan18,mikisan18,2026-05-02T21:43:16.000+09:00,62
n44d64b72a806,13226607,tokoさん,hot_mimosa1475,2026-04-30T12:06:55.000+09:00,300
n44d64b72a806,1129110,メガネ@リハビリ福祉専門職×珈琲探検家,meganeshiitake,2026-04-23T05:10:40.000+09:00,135
n44d64b72a806,8819283,D係長,joyous_deer190,2026-04-23T03:00:17.000+09:00,157
n44d64b72a806,14077034,いくちょのやさしい毎日,honsuki_note,2026-04-22T20:44:49.000+09:00,390
n44d64b72a806,2613421,taku,fresh_swan6147,2026-04-22T20:02:12.000+09:00,343
n44d64b72a806,14140192,西村G,unique_skink5449,2026-04-22T15:02:59.000+09:00,214
n44d64b72a806,14025291,やさしい競馬ノート,deft_stilt7251,2026-04-22T12:11:04.000+09:00,425
n44d64b72a806,13066168,はるねずみ｜note副業０→１応援,kasegu5haru,2026-04-21T12:24:33.000+09:00,1551
n44d64b72a806,12977968,城のある風景,magic_coyote4874,2026-04-21T10:00:52.000+09:00,310
n44d64b72a806,5751187,蒼野 温子｜人生開花®︎実践型心理学主宰｜一般社団法人APCウエルビーイング協会代表理事,aonoatsuko,2026-04-21T07:41:54.000+09:00,1218
n44d64b72a806,8553407,三毛猫モカ@SFファンタジー作家,marine_rose75,2026-04-21T03:53:48.000+09:00,1059
n44d64b72a806,12463216,しのぴー,shinopiiii,2026-04-20T19:50:24.000+09:00,257
n44d64b72a806,1970199,カン｜AI×Kindle出版で収入を作る,kan11jp,2026-04-20T15:44:42.000+09:00,7240
n44d64b72a806,13508848,リワーク・アベール,rework_aver_,2026-04-20T15:44:17.000+09:00,550
n44d64b72a806,6288409,五條シンジ｜『Snowdrop Surfer』著者,kitanoshinji,2026-04-20T12:19:29.000+09:00,1225
n44d64b72a806,1397534,もとさん｜HSP / 元うつ病 / AIで『引き算の暮らし』,motom3,2026-04-19T20:40:57.000+09:00,30
n44d64b72a806,14116511,なぜ滅びたのか研究所,famous_hyena1783,2026-04-19T20:33:18.000+09:00,152
n44d64b72a806,10091607,🔔Bell note,bellshacho,2026-04-19T15:32:11.000+09:00,2045
n44d64b72a806,8911867,ルルトアヤコ,lovely_coyote546,2026-04-19T05:33:19.000+09:00,2648
n44d64b72a806,10834379,きじまひろあき,hiroaki_kijima99,2026-04-18T16:38:01.000+09:00,2260
n44d64b72a806,13909954,Shin,natty_frog4835,2026-04-18T07:04:45.000+09:00,250
n44d64b72a806,13785691,エリー⭐︎,erieri42,2026-04-17T17:41:22.000+09:00,785
n44d64b72a806,11395794,零ぴちゅ。,reipichu,2026-04-16T23:27:18.000+09:00,4073
n44d64b72a806,14007550,🎭SM奇譚 創戯旅団📚世界禁書図書館🏫横浜風俗大学🎭【フォロバ100】,ideal_rabbit5011,2026-04-16T22:41:48.000+09:00,920
n44d64b72a806,14181586,れんげ｜副業奮闘記,renge_huntouki,2026-04-16T21:36:54.000+09:00,70
n44d64b72a806,2755847,小山 睦男　書籍コーディネータ,koyamamutsuo2020,2026-04-16T10:25:13.000+09:00,277
n44d64b72a806,10955818,ココナツ🥥,coconatsu72200,2026-04-16T05:41:08.000+09:00,1451
n44d64b72a806,10749119,AI（愛）狂技匠,kuroko5166,2026-04-16T04:00:33.000+09:00,259
n44d64b72a806,12713610,木こりジイ,lovegreen2438,2026-04-15T23:50:17.000+09:00,91
n44d64b72a806,14035919,Michiko,bon_dog,2026-04-15T20:29:14.000+09:00,108
n44d64b72a806,13796209,おぢぇふ(めっちゃフォロバします),toyonakaojf,2026-04-15T20:17:10.000+09:00,646
n44d64b72a806,4399984,久野将司｜株式会社ジェネマーケ,masashi_marke,2026-04-15T10:58:03.000+09:00,930
n44d64b72a806,14031738,zero_willpower,zero_willpower,2026-04-15T06:53:42.000+09:00,608
n44d64b72a806,14060586,コミュ障ネット,commushonet_net,2026-04-14T16:49:52.000+09:00,334
n44d64b72a806,5235138,Honpopo Café ☕️,honpopo,2026-04-14T15:13:10.000+09:00,29716
n44d64b72a806,13819107,みつき|挑戦とお金,mitsuki_finance,2026-04-14T09:06:11.000+09:00,1049
n44d64b72a806,5250663,ヨフカシ,yofukashi_3,2026-04-13T22:04:24.000+09:00,383
n44d64b72a806,11142636,スーリア タッチ,00130522ak,2026-04-13T07:33:31.000+09:00,614
n44d64b72a806,12575317,私が使って良かった無料GPTs探検隊,note_aikasegi,2026-04-12T23:31:11.000+09:00,258
n44d64b72a806,13949626,元acocatriシライシ_洋楽和訳・歌詞徒然,acocatri_japan,2026-04-12T09:13:26.000+09:00,276
n44d64b72a806,13278116,里親モビール,deep_otter7723,2026-04-12T08:05:43.000+09:00,99
n44d64b72a806,14072128,ゆきのアラフィフAIダイエット  フォロバ100,prime_mole789,2026-04-12T07:35:31.000+09:00,321
n44d64b72a806,11474190,断罪と慈愛の歌詠み師 UTAKO,bold_slug9390,2026-04-12T07:33:19.000+09:00,500
n44d64b72a806,5466102,世界の名言✿格言とイノベーション | 新規事業の知恵,new_business_jp,2026-04-12T04:21:35.000+09:00,12221
n44d64b72a806,3942218,きのこみや@週1投稿目標,blackqueen1978,2026-04-11T16:50:44.000+09:00,2174
n44d64b72a806,13989576,アールグレイ,jolly_garlic5361,2026-04-11T15:10:28.000+09:00,469
n44d64b72a806,7822440,コミュ障営業マン くみちゃん｜野良営業放浪記,qmy_tkm98,2026-04-11T08:12:51.000+09:00,442
n44d64b72a806,13853657,HAHAtoco,hahatoco_32,2026-04-10T23:10:54.000+09:00,398
n44d64b72a806,10646763,雪国ゆり⛄️逃げられない場所で戦う人へ,yuriri_love202,2026-04-10T21:01:10.000+09:00,446
n44d64b72a806,14134229,ゆっこ｜全身で表現するライター,yuruyurudance24,2026-04-10T20:32:25.000+09:00,469
n44d64b72a806,12047382,ユーキ｜天命×AIで人生を再設計する人,resoul,2026-04-10T20:24:33.000+09:00,4790
n44d64b72a806,11520820,日光の眠り猫,ripe_thyme6066,2026-04-10T18:15:04.000+09:00,1199
n44d64b72a806,13486016,はなとり|ママとパパの家庭運営メソッド,kateinohanatori,2026-04-10T11:56:59.000+09:00,9
n44d64b72a806,12650021,そら｜ミニマリストの日々,sora_simpl,2026-04-09T23:23:11.000+09:00,1394
n44d64b72a806,12308196,ブレインアフィリ道場,brain_affi_lab,2026-04-09T22:54:34.000+09:00,194
n44d64b72a806,13525580,WORKLIFE RESET｜仕事と生活の立て直し,limber_murre8994,2026-04-09T17:38:54.000+09:00,631
n44d64b72a806,13813515,もりあおな,mori_hikaru,2026-04-09T14:02:19.000+09:00,670
n44d64b72a806,13555611,68歳シニア｜60歳からのAI×note副業サポーター,etc_999,2026-04-09T12:25:30.000+09:00,387
n44d64b72a806,12847647,黒野,kuro_yuki2025,2026-04-09T10:32:03.000+09:00,301
n44d64b72a806,10028524,AIM PHOENIX,aim_phoenix,2026-04-09T08:39:51.000+09:00,705
n44d64b72a806,7509824,結城    和（ゆうき かず）,kazu_0321_kazu,2026-04-09T07:23:34.000+09:00,751
n44d64b72a806,13160088,子育てママ限定起業サポート　あつこ先生,bright_guppy4266,2026-04-08T23:40:52.000+09:00,167
n44d64b72a806,11012307,はんちゃんのITカフェnote,hanchan1000,2026-04-08T22:24:59.000+09:00,299
n44d64b72a806,13439089,koyoto,koyoto417,2026-04-08T22:20:23.000+09:00,785
n44d64b72a806,6742540,MeiMei,happy_bibi88,2026-04-08T21:18:22.000+09:00,1642
n44d64b72a806,14024257,【図解】60代からのAI副業マニュアル｜68歳の実践記,68sai_old,2026-04-08T21:02:15.000+09:00,519
n44d64b72a806,13795019,ぺた🌈会社に依存しない人生を目指し中＠フォロバ100,petapeta2026,2026-04-08T18:25:34.000+09:00,4007
n44d64b72a806,11415048,maribu,saratei1,2026-04-08T16:21:35.000+09:00,2197
n44d64b72a806,472279,リュウ｜リプ回りをやめて月10万円の自動化を作った顧問ライター,ryu_rkwriting,2026-04-08T12:55:49.000+09:00,266
n44d64b72a806,2350344,さなみ｜2日で0→1達成副業主婦,touki2020,2026-04-08T11:18:57.000+09:00,1045
n44d64b72a806,8164288,高原茂,takaharashigeru,2026-04-08T09:19:22.000+09:00,873
n44d64b72a806,13307781,財務屋のモジャ,eightbeat_fin,2026-04-08T05:54:22.000+09:00,173
n44d64b72a806,14059585,天使のフライ,alive_acacia2956,2026-04-07T22:49:54.000+09:00,49
n44d64b72a806,9508457,ほしの遥華,hoshinoharuka33,2026-04-07T22:46:11.000+09:00,9121
n44d64b72a806,10671175,AIクリエイターK,skysee_,2026-04-07T20:58:43.000+09:00,267
n44d64b72a806,14004594,ナカムラさん,aakk2333,2026-04-07T19:43:04.000+09:00,399
n44d64b72a806,10563757,まーくん先生 THEハイブリッド和尚,loyal_impala7737,2026-04-07T18:26:46.000+09:00,382
n44d64b72a806,12715248,山本信春,noted_snake424,2026-04-07T17:15:06.000+09:00,410
n44d64b72a806,5672952,▶︎マインドフルネス瞑想！美力アップ気功トレーナーHOKI ！ ,hokilee823,2026-04-07T17:06:25.000+09:00,1369
n44d64b72a806,11580414,職ニンレンジャー隊,calm_lupine8385,2026-04-07T16:33:44.000+09:00,86
n44d64b72a806,13565004,ボート予想師 KAI,keen_quokka458,2026-04-07T12:57:09.000+09:00,211
n44d64b72a806,12813097,FXゼロスタート | JO📘,just_myrtle9054,2026-04-07T11:50:52.000+09:00,221
n44d64b72a806,12931351,Gems（My Gem）活用術,next_lunch,2026-04-07T11:47:45.000+09:00,305
n44d64b72a806,1074057,リホのイマジネーション競馬予想,lofty_camel8929,2026-04-07T11:26:25.000+09:00,329
n44d64b72a806,13518694,Kazu,kazu_siii,2026-04-07T07:58:25.000+09:00,505
n44d64b72a806,8166572,ひゅー｜AI×分析｜考察と思考整理を楽しむ。note,hyu_nisworks,2026-04-07T05:50:54.000+09:00,398
n44d64b72a806,13503368,ひなひな🌷,hinahina0803,2026-04-06T22:04:36.000+09:00,268
n44d64b72a806,1130361,ピュアDream（むっちゃん先生）,dream8127,2026-04-06T13:36:51.000+09:00,167
n44d64b72a806,11633237,Smile house FIS,yutaka0322,2026-04-06T13:17:23.000+09:00,301
n44d64b72a806,13546205,組合の交渉参謀,union_strategist,2026-04-06T13:04:07.000+09:00,277
n44d64b72a806,14074468,さな｜詐欺被害からやり直し中のママ,wise_zinnia3814,2026-04-06T13:04:00.000+09:00,175
n44d64b72a806,12704347,飯田一生｜感情カウンセラー × 焙煎士,slow_coffee_lab,2026-04-06T11:04:58.000+09:00,398
n44d64b72a806,10848902,あさぎり,crisp_rue6588,2026-04-06T10:41:13.000+09:00,560
n44d64b72a806,1909619,シゲク@note初心者全力応援,shigekumasaku,2026-04-05T22:15:41.000+09:00,6169
n44d64b72a806,12582260,39soymuch,merry_camel6160,2026-04-05T20:00:56.000+09:00,409
n44d64b72a806,13729446,🌿50代からの逆転人生サポーターALPHAZ/マユ,mayu_asou,2026-04-05T20:00:35.000+09:00,725
n44d64b72a806,13989901,3DのD,papatomo50,2026-04-05T19:02:19.000+09:00,262
n44d64b72a806,6744372,森の子　罠猟師になった私,brave_ixora6,2026-04-05T19:01:49.000+09:00,477
n44d64b72a806,336247,kazu@生成AI×教育 / 谷 一徳 | AI Academy / AI顧問,kazu_t,2026-04-05T15:09:05.000+09:00,8968
n44d64b72a806,9314794,現場営業まこ,lively_mole8041,2026-04-05T09:45:34.000+09:00,918
n44d64b72a806,13948950,うきた しょうだい/特定技能事業部/営業マネージャー,shodai_ukita,2026-04-05T08:43:41.000+09:00,364
n44d64b72a806,636941,ヨッシャー,quick_badger1303,2026-04-05T07:11:59.000+09:00,293
n44d64b72a806,13883662,はるひ｜小さな習慣で引き寄せ,haruhi_attract,2026-04-04T20:38:13.000+09:00,524
n44d64b72a806,4858429,日下野英二｜本質魅力対話,kusa625,2026-04-04T18:19:52.000+09:00,263
n44d64b72a806,5051432,Rii Food Design,risa113,2026-04-04T16:30:06.000+09:00,440
n44d64b72a806,13613385,羅生門SKY,codex_strategy,2026-04-04T15:23:28.000+09:00,418
n44d64b72a806,13723623,とも｜40代 報われない時間を抜けたシンプルな方法,living_chart,2026-04-04T14:20:27.000+09:00,398
n44d64b72a806,11008501,珠如（Miyuki）,leal_okapi2317,2026-04-04T13:53:13.000+09:00,228
n44d64b72a806,13823483,rimo /理学療法士,shiny_orchid2729,2026-04-04T10:43:01.000+09:00,468
n44d64b72a806,13896745,フィティ｜木造建築2.0 編集長,phity_2,2026-04-04T10:38:41.000+09:00,271
n44d64b72a806,5444260,ほくりくFIT就活,eiji_nozaki,2026-04-04T08:51:19.000+09:00,151
n44d64b72a806,2773109,教育を諦めない会社YOHAKU,sennsei58,2026-04-04T08:39:28.000+09:00,506
n44d64b72a806,13853979,お受験伴走ママ｜外遊び派お受験,calm_rail7310,2026-04-04T08:11:04.000+09:00,30
n44d64b72a806,1869315,雨乃街,amenomachi,2026-04-04T07:42:12.000+09:00,380
n44d64b72a806,13353791,Masa,masa071937,2026-04-04T07:36:05.000+09:00,618
n44d64b72a806,13718335,MEKA｜ リスキリング・メカニック,clean_hawk8457,2026-04-04T06:32:42.000+09:00,240
n44d64b72a806,11840255,鈴森よいほ｜AIコンテンツ／思想型クリエイター,yoiho25june,2026-04-04T00:56:43.000+09:00,961
n44d64b72a806,11534813,H.Ishii（双極性障害1型）,hideyukin,2026-04-03T22:43:54.000+09:00,519
n44d64b72a806,13374670,爆速パイン🍍|  0→1応援,joyful_okapi9357,2026-04-03T18:47:02.000+09:00,6367
n44d64b72a806,14006810,艶姫,aoio062610,2026-04-03T18:28:43.000+09:00,560
n44d64b72a806,6977181,マサキ｜副業迷子の先生,masaki19860628,2026-04-03T13:35:00.000+09:00,4557
n44d64b72a806,13079748,🌙 JO’s Next Stage Diary,crisp_fennel331,2026-04-02T23:25:04.000+09:00,204
n44d64b72a806,13668273,T+（ティープラス）｜建築設計・省エネ計算支援,plus07,2026-04-02T23:21:15.000+09:00,158
n44d64b72a806,7515100,nonpono,nonpono,2026-04-02T18:50:39.000+09:00,325
n44d64b72a806,13147802,ハリーAI ｜ 整律師 × AIサポーター,cool_frog1331,2026-04-02T12:29:40.000+09:00,967
n44d64b72a806,13416976,yukariyajp,brainy_thyme2046,2026-04-02T12:23:30.000+09:00,1114
n44d64b72a806,13800472,城森 善行,yoshiyuki_jomori,2026-04-02T10:50:25.000+09:00,459
n44d64b72a806,12147140,AKARI,yushin1226,2026-04-02T10:29:03.000+09:00,385
n44d64b72a806,12081092,ツトム@一人暮らし男子の終活発信,tuishi_infor3582,2026-04-02T09:06:17.000+09:00,204
n44d64b72a806,12816465,けい@AIと共に未来を作るクリエイター🌈,ak_hikiyose,2026-04-02T08:20:56.000+09:00,6072
n44d64b72a806,11927516,佐々木いちなり　臨床心理士　,ready_finch7712,2026-04-02T08:15:56.000+09:00,517
n44d64b72a806,2640397,ベートーベン・日々をていねいに紡ぐ人（静かなベートーベンさんのファンです）,0100,2026-04-02T07:22:05.000+09:00,2056
n44d64b72a806,13613028,40代から始めるゴルフ初心者ガイド,golf_start_40s,2026-04-02T05:17:01.000+09:00,319
n44d64b72a806,13207492,猫とまとんʚ🍅ɞ,puriemon_cat,2026-04-02T02:55:14.000+09:00,344
n44d64b72a806,1190435,うめぼし三色,umebosi3colorses,2026-04-02T00:54:01.000+09:00,375
n44d64b72a806,13111658,第二の脳ラボ｜labo_rainbow,labo_rainbow,2026-04-01T23:57:03.000+09:00,221
n44d64b72a806,2359839,Mits NISHIDA/西田光弘@パーマネントトラベラー&デジタルノマドスタイル,mits_nis,2026-04-01T23:30:33.000+09:00,9071
n44d64b72a806,12891000,REN MASIRO｜言語化と構造で、心と行動をつなぐ,open_drake4639,2026-04-01T23:14:48.000+09:00,1737
n44d64b72a806,12957240,立石 遙 ,right_dahlia1622,2026-04-01T23:04:56.000+09:00,336
n44d64b72a806,13781334,オヤG | 生活を仕組み化！子供・ペット・趣味を欲張る術,oyag_papa_style,2026-04-01T22:53:14.000+09:00,178
n44d64b72a806,13421737,クレマチス,legal_zephyr435,2026-04-01T22:37:54.000+09:00,924
n44d64b72a806,12020254,林祥晃,humble_bison3129,2026-04-01T22:07:59.000+09:00,1099
n44d64b72a806,13749170,Aya✨競馬好きOL | 予想に役立つ情報を,aykpikchu0305,2026-04-01T21:31:16.000+09:00,425
n44d64b72a806,6367458,モアナちゃん　フォロバ100🥰,naov61221,2026-04-01T21:31:11.000+09:00,1113
n44d64b72a806,10019106,ソロス・グレアム,non_stop_mix,2026-04-01T21:07:20.000+09:00,576
n44d64b72a806,13721447,さまなさん,witty_iris4802,2026-04-01T21:03:18.000+09:00,1314
n44d64b72a806,13326388,AiSekai,fair_minnow6247,2026-04-01T20:58:46.000+09:00,1942
n44d64b72a806,11574500,ふらつき母ちゃん 〜今日も全力空回り！〜,dear_viper3924,2026-04-01T07:40:39.000+09:00,806
n44d64b72a806,11968206,もり｜40代の“仕事を軽くする”リスキリング　,mori_reskilling,2026-03-31T22:17:17.000+09:00,478
n44d64b72a806,13703026,お花豆,ohana_mame_mame,2026-03-31T22:10:53.000+09:00,9
n44d64b72a806,12624691,あん｜noteと遊ぶ,aging_gracefully,2026-03-31T21:15:20.000+09:00,1218
n44d64b72a806,1847351,kz0901,kz0901,2026-03-31T07:42:32.000+09:00,1466
n44d64b72a806,6545749,にっしー心と体のセラピスト,nissy_therapy,2026-03-30T16:52:22.000+09:00,1964
n44d64b72a806,13735404,コトバの深呼吸｜「吃音/どもり」と心地よい距離感,kitsu_life,2026-03-30T13:09:55.000+09:00,77
n44d64b72a806,13927059,はる,haru_growth,2026-03-30T10:56:18.000+09:00,243
n44d64b72a806,10369456,マシゲル【masigel】酒の肴になりそな噺,masigel,2026-03-30T09:40:52.000+09:00,64
n44d64b72a806,11692689,"千本紗莉(せんもとさり)｜セールス苦手な起業家が""自然と選ばれる人""になる",sari_communicate,2026-03-29T21:25:25.000+09:00,2688
n44d64b72a806,13968787,ぽこた,ample_poppy4553,2026-03-28T20:35:13.000+09:00,358
n44d64b72a806,13622735,高原 あまね,amane9157,2026-03-28T12:44:44.000+09:00,407
n44d64b72a806,10950651,ebina,evinindabuilding,2026-03-28T12:40:54.000+09:00,374
n44d64b72a806,13884737,空月,crisp_plover9758,2026-03-28T08:38:55.000+09:00,738
n44d64b72a806,8518579,Re:gene｜モラハラ解決相談所,rumine_regene,2026-03-28T06:12:49.000+09:00,500
n44d64b72a806,12465066,Shoji ｜未来小説,anomie1,2026-03-27T22:40:23.000+09:00,1208
n44d64b72a806,5828006,まなつ/突出マイノリティ列伝,tosshutsu_m,2026-03-27T13:40:05.000+09:00,6133
n44d64b72a806,10289364,りな | noteで「自分」を仕事にする人,hspplus_rina,2026-03-26T14:03:29.000+09:00,7642
n44d64b72a806,7278954,譬喩@理論構築技士,hatiskoll,2026-03-26T01:15:13.000+09:00,771
n44d64b72a806,12377105,まるよか,yokayoka5103,2026-03-25T09:26:15.000+09:00,1361
n44d64b72a806,8903761,SPECTACLE OF THE SUN,saludos_llama,2026-03-25T06:32:15.000+09:00,127
n44d64b72a806,3518896,村松慎一 / 日々のやりくりから、未来の成長まで。あなたの会社の名脇役。,shinichi0820,2026-03-25T06:30:06.000+09:00,660
n44d64b72a806,11359513,安達｢チーム🦁｣｜AIと共闘し600を必達する者,takayukiadachi,2026-03-24T12:34:47.000+09:00,944
n44d64b72a806,13007950,弐恩(NION)｜HSP×AC×エンパス×不安障害×うつ病,keen_poppy9848,2026-03-23T22:50:42.000+09:00,568
n44d64b72a806,7896891,ポンタ,pontanohaha,2026-03-23T14:07:09.000+09:00,1164
n44d64b72a806,12141152,Poma | 楽天ポイ活まずはこれだけ☆彡|フォロバ100,point_mazuhakore,2026-03-22T06:49:55.000+09:00,1291
n44d64b72a806,11634537,ナオユキ｜物語と知識のコンシェルジュ,ai_naoyuki,2026-03-21T07:59:36.000+09:00,2968
n44d64b72a806,11829632,🎸陰陽猫│夏火少年,like_coyote9911,2026-03-20T22:30:27.000+09:00,434
n44d64b72a806,13809191,hidekatsu,hide_scratch,2026-03-18T14:38:32.000+09:00,3
n44d64b72a806,8022593,縄文猫,brave_cat1901,2026-03-16T09:11:19.000+09:00,346
n44d64b72a806,13703466,とき湯の息子（国家公務員）,humble_willet265,2026-03-14T12:46:26.000+09:00,1907
n44d64b72a806,10175064,雪綴ゆき,wise_rat6355,2026-03-12T22:23:25.000+09:00,6352
n44d64b72a806,7149960,水越なつめ,natsume996,2026-03-10T04:16:00.000+09:00,751
n44d64b72a806,12558234,Tomo san_RLHwbs office,rlhwbs_office,2026-03-07T12:46:38.000+09:00,272
n44d64b72a806,10517876,向日葵じまにゃん🌻,jimanyan,2026-03-06T23:03:19.000+09:00,1881
n44d64b72a806,5123658,母 あき｜面白き子育て戦記,designed_aha,2026-03-06T09:47:12.000+09:00,364
n44d64b72a806,13117106,ことすのぱぱ,kotosunopapa,2026-03-06T08:33:32.000+09:00,94
n44d64b72a806,13806626,ねこのても,fast_coyote1011,2026-03-05T07:57:55.000+09:00,338
n44d64b72a806,6629626,jyantsuru,jyantsuru,2026-03-04T18:39:39.000+09:00,46
n44d64b72a806,9074180,shin,shin8036,2026-03-03T23:38:21.000+09:00,83
n44d64b72a806,5533501,div.rishi,div_rishi,2026-03-02T00:09:52.000+09:00,992
n44d64b72a806,13737261,つきのいし,merry_guppy563,2026-03-01T22:11:49.000+09:00,953
n44d64b72a806,7119277,🌳杜の投資屋🐸まー×珈琲屋☕️,brainy_quince872,2026-03-01T16:49:13.000+09:00,870
n44d64b72a806,12672732,これから嘱託はじめます。,real_pothos5821,2026-03-01T12:50:15.000+09:00,717
n44d64b72a806,11684991,はっしー5,brainy_coot4565,2026-03-01T11:42:56.000+09:00,50
n44d64b72a806,13815952,しおり｜ビジネスの「物語」を届ける人,glossy_weasel374,2026-02-28T16:57:18.000+09:00,30
n44d64b72a806,13641208,スマホAIもっち,grand_roses3348,2026-02-28T06:31:13.000+09:00,541
n44d64b72a806,13648523,呑んだくれ⭐︎ダンディ｜ note初心者全力応援！｜完璧より継続｜地道が最強｜積み上げは裏切らない,yuga0110,2026-02-28T06:27:06.000+09:00,4357
n44d64b72a806,4877017,須川元介/情報翻訳家,skagenavi,2026-02-26T22:19:15.000+09:00,2312
n44d64b72a806,13573046,ゆるテク,yurutech_lab,2026-02-26T20:05:05.000+09:00,76
n44d64b72a806,10931154,子育てママ　Coco,kimumasa89,2026-02-26T07:09:43.000+09:00,2315
n44d64b72a806,11619298,ライフハック術ご紹介,gay_stilt4488,2026-02-25T21:26:30.000+09:00,166
n44d64b72a806,11910247,ITジグソーパズル,itjigsaw_puzzle,2026-02-25T17:46:59.000+09:00,483
n44d64b72a806,12521448,10年後にFIREする男,reeen0922_mm,2026-02-25T12:48:24.000+09:00,121
n44d64b72a806,1287373,はなえ𖠚ᐝ,shima_hana,2026-02-25T10:38:43.000+09:00,462
n44d64b72a806,11811910,toki　星野リゾート,cloud_time_toki,2026-02-25T00:39:33.000+09:00,86
n44d64b72a806,13656679,美咲サヤ,crisp_gecko6337,2026-02-23T19:26:25.000+09:00,781
n44d64b72a806,13570930,アクシスNWチーム広報部,axis_nw,2026-02-23T13:54:44.000+09:00,2140
n44d64b72a806,13588530,kenji,light_ixia8553,2026-02-22T19:21:36.000+09:00,519
n44d64b72a806,13750883,💥　ニホンがヤバい！？　✨,nazo_abaku,2026-02-22T15:24:35.000+09:00,413
n44d64b72a806,13127344,静かに稼ぐ人｜遠回りした人の記録,sizu_ka1125,2026-02-22T01:09:58.000+09:00,28
n44d64b72a806,13714448,もちぷにたろう@鉛筆画アート,ryo10222201,2026-02-22T00:24:55.000+09:00,10
n44d64b72a806,5947863,菅谷健太郎,light_coyote380,2026-02-21T23:15:07.000+09:00,7877
n44d64b72a806,9045438,えんた福造＠ギリギリAI活用術,lovely_hyena1697,2026-02-21T22:43:25.000+09:00,54
n44d64b72a806,13688639,マコト｜月12万で遊んで暮らす,rich_racoon5138,2026-02-21T20:58:17.000+09:00,65
n44d64b72a806,13465415,ぐっさん｜家族を守るためのAI副業,vivid_plover7741,2026-02-21T18:27:02.000+09:00,1191
n44d64b72a806,3294439,塾長@自立学習とプログラミング塾福岡校,kaiseikanac,2026-02-21T16:02:12.000+09:00,595
n44d64b72a806,4141517,しまちこ@今さら家計簿 / フォロバ99,shimachiko,2026-02-21T13:42:44.000+09:00,1720
n44d64b72a806,10943800,さ助(さすけ)｜ウェブ解析士,c_b_analytics,2026-02-21T12:47:15.000+09:00,412
n44d64b72a806,6910581,寄り道上手なオヤジ,yorimichi_oyaji,2026-02-21T10:11:24.000+09:00,536
n44d64b72a806,13405464,木漏れ日亭,komorebi_tei,2026-02-21T08:41:01.000+09:00,584
n44d64b72a806,13107073,ルパン・ザ・アート,lupin_the_art,2026-02-21T07:12:55.000+09:00,207
n44d64b72a806,9489656,MeGood,megood_1028,2026-02-20T23:49:49.000+09:00,61
n44d64b72a806,13359068,haremithu,haremithu,2026-02-20T21:53:53.000+09:00,762
n44d64b72a806,13509315,たいよう,mild_quoll363,2026-02-20T21:51:44.000+09:00,50
n44d64b72a806,9949391,うっちー,ushiwaka_maru123,2026-02-20T21:11:42.000+09:00,1721
n44d64b72a806,10460304,ちんぱん🐒AI×note実録,ojisan_chinpan,2026-02-20T20:28:18.000+09:00,789
n44d64b72a806,13688693,sato/高圧ガス資格研究所,mild_nerine4683,2026-02-20T20:08:40.000+09:00,1047
n44d64b72a806,10188658,ChrisK（Chris Kusuda）,chrisk777,2026-02-20T19:46:53.000+09:00,482
n44d64b72a806,12873400,蛙　蛙🐸元SEのカウンセラー,kaeru_care,2026-02-20T14:21:57.000+09:00,2089
n44d64b72a806,13514382,あゆ | エンジニア×民泊 |  3児パパ | 2027年4月時短勤務目標,ayu_auto_life,2026-02-20T13:18:29.000+09:00,12
n44d64b72a806,4647258,柴わんこ,shibawaka555,2026-02-20T12:53:16.000+09:00,855
n44d64b72a806,13266641,コーヒー好きのペソアさん,pessoa2025,2026-02-20T12:04:04.000+09:00,711
n44d64b72a806,13371417,ズッキー｜ドラッグストアの教科書,hot_newt3731,2026-02-20T06:20:56.000+09:00,176
n44d64b72a806,8551796,【産業衛生コンサルティング研究所】,sangyoeisei3000,2026-02-20T05:47:13.000+09:00,850
n44d64b72a806,9925859,現実をほぐす言霊言語化師｜星岡東步（とほ）,toho_hoshioka369,2026-02-20T02:11:35.000+09:00,161
n44d64b72a806,13721783,shu,serene_turtle561,2026-02-20T01:32:09.000+09:00,69
n44d64b72a806,13659601,オルカ指揮官｜AIも駆使する個の軍隊,orca_strate_note,2026-02-20T00:09:23.000+09:00,111
n44d64b72a806,13536495,節税先生,setsuzei_sensei,2026-02-19T23:56:52.000+09:00,529
n44d64b72a806,12478859,GENERAL PRODUCTS｜釣具と過ごす、静かな贅沢。,genepro1986,2026-02-19T23:54:17.000+09:00,817
n44d64b72a806,12080674,ひろ（Hiro）,good_crab4235,2026-02-19T23:04:33.000+09:00,799
n44d64b72a806,8988429,チェーンナー（繋げ家）,chainer2024,2026-02-19T22:59:19.000+09:00,793
n44d64b72a806,11870866,弓削とAI三兄弟ログ,yuge_note_roten,2026-02-19T22:52:38.000+09:00,462
n44d64b72a806,13731883,佐伯コウジ｜思考の設計士,saeki_koji,2026-02-19T22:46:22.000+09:00,15
n44d64b72a806,13574007,🍀ベンジャミン🍀,noble_spirea7217,2026-02-19T20:36:43.000+09:00,767
n44d64b72a806,12372993,​無職夫婦,brainy_aster4919,2026-02-19T20:28:16.000+09:00,354
n44d64b72a806,10959216,高坂涼介（こーさか）｜離職率60%→9%の修羅場再生請負人,ready_turtle5896,2026-02-19T20:22:14.000+09:00,853
n44d64b72a806,12700847,Reframe Lab | 思考のリセット,reframelab,2026-02-19T20:15:11.000+09:00,470
n44d64b72a806,13563698,エフピー | お金の知識 | 魔王討伐後の世界で、ボクだけが知っている【エフピー】という名の生存戦略,skill_fp_rpg,2026-02-19T20:09:07.000+09:00,1154
n44d64b72a806,13669800,おやゆび,oyayub1,2026-02-19T20:05:27.000+09:00,1110
n7ce8072038fa,13613385,羅生門SKY,codex_strategy,2026-05-21T23:59:47.000+09:00,418
n7ce8072038fa,12377105,まるよか,yokayoka5103,2026-04-29T15:11:47.000+09:00,1361
n7ce8072038fa,11837112,もぐら,mogurabooks,2026-04-11T05:46:51.000+09:00,214
n7ce8072038fa,12121304,元警察官ゴリラブラザーズ｜旅館経営への挑戦,gori_bro,2026-04-10T17:26:53.000+09:00,42
n7ce8072038fa,13905180,ここ｜AIに負けない,koko_ai,2026-04-10T12:06:53.000+09:00,0
n7ce8072038fa,5828006,まなつ/突出マイノリティ列伝,tosshutsu_m,2026-04-05T10:55:48.000+09:00,6133
n7ce8072038fa,13890007,しおり｜栃木で空き家民泊をつくる人,fond_quail5246,2026-03-20T20:25:52.000+09:00,30
n7ce8072038fa,11829632,🎸陰陽猫│夏火少年,like_coyote9911,2026-03-12T13:01:12.000+09:00,434
n7ce8072038fa,13645225,まっきー,yoikokochi,2026-03-04T22:15:44.000+09:00,5
n7ce8072038fa,13801177,toitoko,toitokoid,2026-03-03T21:10:56.000+09:00,250
n7ce8072038fa,12789134,とり,tori2323,2026-03-01T00:01:10.000+09:00,2729
n7ce8072038fa,13780904,カワウソ４色いろことば,kawauso_oyako,2026-02-28T09:02:48.000+09:00,34
n7ce8072038fa,12875689,MIZUKI ガリシアってどこよ？,mizuki_spain,2026-02-27T23:44:04.000+09:00,61
n7ce8072038fa,10096360,サバンナ,merry_duck1479,2026-02-25T14:02:12.000+09:00,249
n7ce8072038fa,11811910,toki　星野リゾート,cloud_time_toki,2026-02-25T00:39:30.000+09:00,86
n7ce8072038fa,13402695,高輪音叉,lofty_crane404,2026-02-23T07:39:58.000+09:00,206
n7ce8072038fa,7668653,sako,sako643,2026-02-22T06:14:24.000+09:00,448
n7ce8072038fa,13627421,天音 葉 (あまね よう),you_amane5555,2026-02-21T13:25:50.000+09:00,235
n7ce8072038fa,11681493,言い訳人生にサヨナラ(^^),yui0703,2026-02-21T08:00:12.000+09:00,8
n7ce8072038fa,13107073,ルパン・ザ・アート,lupin_the_art,2026-02-21T06:56:08.000+09:00,207
n7ce8072038fa,10092749,masaru_sun / lace flower coffee,masaru_sun2325,2026-02-21T06:52:20.000+09:00,415
n7ce8072038fa,9955605,ヒトリミチ🐱HSPネコミミ娘,lively_wolf2604,2026-02-20T23:49:29.000+09:00,2109
n7ce8072038fa,11703025,龍之介_働く方改革,hataraku_kaikaku,2026-02-20T20:44:18.000+09:00,867
n7ce8072038fa,12277680,【空き家活用／民泊】川久保文佳,wise_garlic6897,2026-02-20T20:07:54.000+09:00,17
n7ce8072038fa,13179978,Tepipi | AI Fasting Guide,tepipi_ai,2026-02-20T19:02:35.000+09:00,539
n7ce8072038fa,1088701,おうてん,fond_owl2606,2026-02-20T18:01:32.000+09:00,24
n7ce8072038fa,13107123,ランマッスル,runmuscle_m,2026-02-20T15:35:10.000+09:00,4001
n7ce8072038fa,13425095,おとうふ｜30代パート主婦の暮らしメモ,otofu_ponzu,2026-02-20T12:35:30.000+09:00,1230
n7ce8072038fa,12873400,蛙　蛙🐸元SEのカウンセラー,kaeru_care,2026-02-20T12:00:32.000+09:00,2089
n7ce8072038fa,11394411,あけのは,akenoha_days,2026-02-20T11:25:16.000+09:00,141
n7ce8072038fa,11615490,はな,ai_hana_yocchi,2026-02-20T07:38:49.000+09:00,538
n7ce8072038fa,12833775,ちいさな世界,chiisana_sekai,2026-02-20T07:17:13.000+09:00,1237
n7ce8072038fa,10943800,さ助(さすけ)｜ウェブ解析士,c_b_analytics,2026-02-20T06:58:55.000+09:00,412
n7ce8072038fa,7078968,RuRuru｜マイペースで気さく、おおむねご機嫌な人,clever_ixia29,2026-02-20T06:58:32.000+09:00,97
n7ce8072038fa,8551796,【産業衛生コンサルティング研究所】,sangyoeisei3000,2026-02-20T05:47:08.000+09:00,850
n7ce8072038fa,10820488,テイクバック,limber_dahlia839,2026-02-20T05:24:27.000+09:00,1142
n7ce8072038fa,13610935,COFFEE REBEL【無骨激渋なコーヒー染め】,coffee_rebel,2026-02-20T02:54:18.000+09:00,159
n7ce8072038fa,13536495,節税先生,setsuzei_sensei,2026-02-20T00:28:32.000+09:00,529
n7ce8072038fa,10425520,とりあえず、ブサネコ®　by  Y Harada,legal_clover3490,2026-02-19T23:11:03.000+09:00,704
n7ce8072038fa,8926000,とみーさん×すごい別荘,suogibessou,2026-02-19T22:52:44.000+09:00,65
n7ce8072038fa,13731906,世界をリファクタリングする | システムエンジニア,fullcommit_se,2026-02-19T21:44:11.000+09:00,473
n7ce8072038fa,13711380,リンリン♬,tanbahirolove,2026-02-19T14:56:46.000+09:00,224
n7ce8072038fa,13635906,全肯定キャリアコンサルマン/りゅうへい,chic_yeti8339,2026-02-19T14:09:21.000+09:00,218
n7ce8072038fa,11961324,shiro,witty_ivy9419,2026-02-19T14:05:35.000+09:00,393
n7ce8072038fa,13315437,小林ヤスコ｜背中押し屋,gift4033,2026-02-19T09:13:10.000+09:00,190
n7ce8072038fa,12591374,ケンタロウ/gr.minpaku,merry_robin6845,2026-02-19T08:44:35.000+09:00,471
n7ce8072038fa,3214602,街角の1物語｜色んな国で暮らす人　れと,letolog,2026-02-19T04:13:42.000+09:00,14
n7ce8072038fa,10996536,りーまむ,ri_mam,2026-02-19T00:32:18.000+09:00,873
n7ce8072038fa,11636725,蜂いちか,hachi_ichika,2026-02-18T22:46:36.000+09:00,224
n7ce8072038fa,13634206,ぽっさむ,possum_couple,2026-02-18T22:33:45.000+09:00,358
n7ce8072038fa,12652079,ドクターミミズク,drmimizuku_eng,2026-02-18T20:59:01.000+09:00,457
n7ce8072038fa,13734356,嘉瀬宏太,apt_salvia4063,2026-02-18T19:50:50.000+09:00,32
n7ce8072038fa,13426587,ヘリオトロープ【奥手な30代のための恋愛・婚活戦略室】,heliotrope_127,2026-02-18T17:49:57.000+09:00,530
n7ce8072038fa,8851641,できたさん,lucky_moose452,2026-02-18T14:33:23.000+09:00,335
n7ce8072038fa,12372993,​無職夫婦,brainy_aster4919,2026-02-18T12:55:55.000+09:00,354
n7ce8072038fa,620986,菅原邦弥/ねこまみれ,kuniya_sugahara,2026-02-18T09:21:22.000+09:00,192
n7ce8072038fa,11325616,yusuco,hip_sage,2026-02-18T07:18:19.000+09:00,198
n7ce8072038fa,12813746,mauna🌿,manua21,2026-02-18T07:04:29.000+09:00,120
n7ce8072038fa,9489656,MeGood,megood_1028,2026-02-18T04:40:12.000+09:00,61
n7ce8072038fa,2344349,GK,ryosuke1840,2026-02-18T00:06:40.000+09:00,930
n7ce8072038fa,1663902,ちゃんやま@50代を生きる人,chanyama7,2026-02-17T10:21:41.000+09:00,1560
n7ce8072038fa,13400425,にこ@コンタクトレンズアドバイザー,oguogu_333,2026-02-17T09:33:06.000+09:00,333
n7ce8072038fa,3518896,村松慎一 / 日々のやりくりから、未来の成長まで。あなたの会社の名脇役。,shinichi0820,2026-02-17T07:25:22.000+09:00,660
n7ce8072038fa,12806920,みあ,bold_hawk9783,2026-02-17T07:08:51.000+09:00,341
n7ce8072038fa,6594100,ミナト|みんなのAI×特別支援,ppme,2026-02-17T07:05:42.000+09:00,1673
n7ce8072038fa,13726107,施設基準管理士、カジハヤトです。,kaji_hayato,2026-02-17T06:26:07.000+09:00,17
n7ce8072038fa,13669800,おやゆび,oyayub1,2026-02-17T05:25:44.000+09:00,1110
n7ce8072038fa,12360319,ごまめ,ai_progress,2026-02-17T04:29:32.000+09:00,2731
n7ce8072038fa,4951982,KAITO,89198919,2026-02-17T01:14:15.000+09:00,277
n7ce8072038fa,9210323,Noa｜自分で選んで、生きてる母の話,deft_deer8957,2026-02-17T00:18:35.000+09:00,53
n7ce8072038fa,10758609,Hachi｜業務効率化｜AI駆動開発,hachi4066,2026-02-16T22:57:46.000+09:00,141
n7ce8072038fa,13393163,宿のWebと集客の中の人l元リク,seil_partner,2026-02-16T22:37:50.000+09:00,153
n7ce8072038fa,12582910,swbs,sh_rf_kn,2026-02-16T22:34:06.000+09:00,298
n7ce8072038fa,13734864,るるる|東大医学部,lulu_kon,2026-02-16T22:25:39.000+09:00,123
n7ce8072038fa,7703704,清宮ゆうか｜年子兄妹のママ・薬剤師,yuka_k_mom,2026-02-16T22:25:32.000+09:00,1295
n7ce8072038fa,8667905,あらや農園,araya_noen2018,2026-02-16T21:59:43.000+09:00,995
n7ce8072038fa,12885021,ただのかくひと。,tadanokakuhito,2026-02-16T21:30:48.000+09:00,70
n7ce8072038fa,13721783,shu,serene_turtle561,2026-02-16T21:29:27.000+09:00,69
n7ce8072038fa,13578998,ワーママの家庭運営術｜理系PM・3児の母,parenting_pm,2026-02-16T21:27:15.000+09:00,6
n7ce8072038fa,13258082,Dr.t,drt_base,2026-02-16T21:02:24.000+09:00,282
n7ce8072038fa,13574007,🍀ベンジャミン🍀,noble_spirea7217,2026-02-16T20:48:09.000+09:00,767
n7ce8072038fa,12700847,Reframe Lab | 思考のリセット,reframelab,2026-02-16T20:31:54.000+09:00,470
n7ce8072038fa,13474059,ここねのしおり,kokoro_no_oto365,2026-02-16T20:29:12.000+09:00,410
n73afa75820a4,13613385,羅生門SKY,codex_strategy,2026-05-21T23:58:35.000+09:00,418
n73afa75820a4,9632599,株式会社主体的なキャリア形成　代表取締役　平野裕一,shikujiri_hakata,2026-05-04T21:47:34.000+09:00,165
n73afa75820a4,12377105,まるよか,yokayoka5103,2026-04-29T15:11:02.000+09:00,1361
n73afa75820a4,11837112,もぐら,mogurabooks,2026-04-11T05:44:48.000+09:00,214
n73afa75820a4,5828006,まなつ/突出マイノリティ列伝,tosshutsu_m,2026-04-05T10:55:37.000+09:00,6133
n73afa75820a4,2927228,かめがわ＠ ITリスキリング,kamegawa,2026-03-30T19:09:46.000+09:00,41
n73afa75820a4,7896891,ポンタ,pontanohaha,2026-03-23T14:07:58.000+09:00,1164
n73afa75820a4,1021685,かとー｜ロングステイ民泊,c7kato,2026-03-21T16:06:35.000+09:00,201
n73afa75820a4,2622560,丸々,ul_3k,2026-02-26T20:31:23.000+09:00,390
n73afa75820a4,11829632,🎸陰陽猫│夏火少年,like_coyote9911,2026-02-25T00:35:38.000+09:00,434
n73afa75820a4,1725541,てつさん,sane_tapir8883,2026-02-23T23:41:56.000+09:00,388
n73afa75820a4,11465952,黒川シン,kurokawa_shin,2026-02-23T12:37:57.000+09:00,1666
n73afa75820a4,5782258,山田泰之：理系が見る世界,yayamadayay,2026-02-23T06:53:01.000+09:00,1098
n73afa75820a4,12093836,Kutumi.｜愛と構造の観測者,hearty_yak5606,2026-02-22T18:11:18.000+09:00,749
n73afa75820a4,13675958,たーまる,ta_maru_11,2026-02-22T14:54:42.000+09:00,457
n73afa75820a4,13297178,zunko｜午前4時の人｜人間関係と内向型,zunko_note,2026-02-21T14:44:12.000+09:00,59
n73afa75820a4,11861558,秋本マミ,vivid_cougar9852,2026-02-21T10:36:50.000+09:00,703
n73afa75820a4,13107073,ルパン・ザ・アート,lupin_the_art,2026-02-21T07:01:57.000+09:00,207
n73afa75820a4,13622320,ゆい🌸AI×主婦副業の教科書,honest_chives929,2026-02-20T09:52:26.000+09:00,27
n73afa75820a4,13315437,小林ヤスコ｜背中押し屋,gift4033,2026-02-19T09:13:11.000+09:00,190
n73afa75820a4,12652079,ドクターミミズク,drmimizuku_eng,2026-02-18T20:59:02.000+09:00,457
n73afa75820a4,13734356,嘉瀬宏太,apt_salvia4063,2026-02-18T19:50:53.000+09:00,32
n73afa75820a4,12813746,mauna🌿,manua21,2026-02-18T07:04:29.000+09:00,120
n73afa75820a4,6464739,きなこもち,9246no1,2026-02-16T20:45:47.000+09:00,136
n73afa75820a4,12385127,超育休志向｜りさ ＆ ゆういち,comfamily_lab,2026-02-16T18:35:54.000+09:00,501
n73afa75820a4,8667905,あらや農園,araya_noen2018,2026-02-16T15:56:52.000+09:00,995
n73afa75820a4,12301144,ゆぴか ☀︎在宅で働きたい主婦（ちょっとワケあり）,tasty_quoll5392,2026-02-16T15:09:58.000+09:00,679
n73afa75820a4,13592468,リリ,leal_holly7196,2026-02-16T12:47:35.000+09:00,625
n73afa75820a4,13459218,ポンコ,fine_shrew1046,2026-02-16T12:42:31.000+09:00,210
n73afa75820a4,13536495,節税先生,setsuzei_sensei,2026-02-16T10:26:20.000+09:00,529
n73afa75820a4,10383335,ポン吉,ponkichi1213,2026-02-15T22:36:30.000+09:00,42
n73afa75820a4,12971533,ぽん太｜歌うたいのエンジニア,lithe_liger9743,2026-02-15T17:22:26.000+09:00,916
n73afa75820a4,4341877,宮乃かぽり※見えない人の幸せを前世霊視で開放する開運師,piponkapori,2026-02-15T12:36:25.000+09:00,267
n73afa75820a4,12591374,ケンタロウ/gr.minpaku,merry_robin6845,2026-02-15T08:09:14.000+09:00,471
n73afa75820a4,8044180,maruko,shoko95,2026-02-15T02:07:56.000+09:00,318
n73afa75820a4,4034490,塩見智子/ アナウンサー歴46年 トータルスピーチコンサルタント,vsppresen,2026-02-14T19:58:50.000+09:00,282
n73afa75820a4,12719292,矢田　和也　(フォロバ100),joyous_shrew9162,2026-02-14T19:52:21.000+09:00,11469
n73afa75820a4,12095976,トクコウ｜「めんどくさい」はチャンスの宝庫,toku_kou,2026-02-14T13:35:21.000+09:00,519
n73afa75820a4,13522511,おにく,onikutosora,2026-02-14T06:34:38.000+09:00,702
n73afa75820a4,12806920,みあ,bold_hawk9783,2026-02-14T05:50:24.000+09:00,341
n73afa75820a4,1663902,ちゃんやま@50代を生きる人,chanyama7,2026-02-14T00:06:15.000+09:00,1560
n73afa75820a4,13112226,いっぺーの味噌レシピ,miso_recipe,2026-02-13T21:45:37.000+09:00,896
n73afa75820a4,11980071,株式会社Karigo公式Note,lucid_fish3411,2026-02-13T21:29:12.000+09:00,394
n73afa75820a4,12899109,育休中パパ,mute_bear1005,2026-02-13T21:24:50.000+09:00,358
n73afa75820a4,13504210,だいき・結・紬＠AIと歩む人生攻略本,ai_and_pride,2026-02-13T21:11:44.000+09:00,419
n73afa75820a4,6910581,寄り道上手なオヤジ,yorimichi_oyaji,2026-02-13T19:33:14.000+09:00,536
n73afa75820a4,13117056,少しだけ導人,charm_alpaca1250,2026-02-13T19:22:50.000+09:00,1150
n73afa75820a4,12053341,カリとコリー ∣ 一部校正にAIを活用,karikkori,2026-02-13T19:17:38.000+09:00,1166
n73afa75820a4,11121667,"あいさん💗Iカウンセリングルーム セラピスト／ 臨床心理士×公認心理師｜支援歴16年・2,000名超",joyful_zebra1701,2026-02-13T19:12:39.000+09:00,5634
n73afa75820a4,13294639,キズナ💗,holy_quoll2036,2026-02-13T18:10:33.000+09:00,59
n73afa75820a4,12803970,ちるまみー｜おうち報道部📡,chill_mommie,2026-02-13T18:07:13.000+09:00,252
n73afa75820a4,8794233,依代ゆら｜美活クリエイター,yuko_doki,2026-02-13T16:24:42.000+09:00,115
n73afa75820a4,8638498,浜野 美波｜痩せ型女性のやさしい食レッスン,minami_hamano,2026-02-13T14:09:50.000+09:00,637
n73afa75820a4,7703704,清宮ゆうか｜年子兄妹のママ・薬剤師,yuka_k_mom,2026-02-13T13:51:36.000+09:00,1295
n73afa75820a4,12783121,糸島コタロー,aqua_ybas7788,2026-02-13T13:18:03.000+09:00,526
n73afa75820a4,13266641,コーヒー好きのペソアさん,pessoa2025,2026-02-13T12:29:05.000+09:00,711
n73afa75820a4,8386686,夏目 龍頭｜AI Creative Lab,shio_batapopcorn,2026-02-13T12:20:40.000+09:00,3162
n73afa75820a4,13446179,景子のだしと椎茸で整える｜しあわせを探すごはんと暮らし,modern_liger5202,2026-02-13T10:11:12.000+09:00,264
n73afa75820a4,12885021,ただのかくひと。,tadanokakuhito,2026-02-13T09:57:23.000+09:00,70
n73afa75820a4,13086759,理系パパの「仕組み化」おうち英語ラボ,diveto21,2026-02-13T09:22:05.000+09:00,60
n73afa75820a4,13224880,jinx_jinkusu,royal_ixora8064,2026-02-13T07:51:36.000+09:00,202
n73afa75820a4,12360319,ごまめ,ai_progress,2026-02-13T04:38:49.000+09:00,2731
n73afa75820a4,9925859,現実をほぐす言霊言語化師｜星岡東步（とほ）,toho_hoshioka369,2026-02-13T04:33:13.000+09:00,161
n73afa75820a4,13574230,麻雀猫,great_snipe2382,2026-02-13T01:05:16.000+09:00,102
n73afa75820a4,13393163,宿のWebと集客の中の人l元リク,seil_partner,2026-02-13T00:08:00.000+09:00,153
n73afa75820a4,12150186,あお,like_bonobo9016,2026-02-12T23:18:07.000+09:00,724
n73afa75820a4,4951982,KAITO,89198919,2026-02-12T22:45:19.000+09:00,277
n73afa75820a4,10632407,競艇ライト アップ💡,bright_iguana224,2026-02-12T21:17:53.000+09:00,4945
n73afa75820a4,7078968,RuRuru｜マイペースで気さく、おおむねご機嫌な人,clever_ixia29,2026-02-12T20:31:27.000+09:00,97
n73afa75820a4,13574007,🍀ベンジャミン🍀,noble_spirea7217,2026-02-12T20:16:24.000+09:00,767
n73afa75820a4,11870866,弓削とAI三兄弟ログ,yuge_note_roten,2026-02-12T20:12:46.000+09:00,462
n73afa75820a4,13569202,健康の原点,health_origjin,2026-02-12T19:41:49.000+09:00,3427
n73afa75820a4,12675061,とも,famous_skink8709,2026-02-12T19:23:33.000+09:00,712
n73afa75820a4,11977736,TalentStar（タレントスター） | 公式note,talentstar,2026-02-12T18:40:35.000+09:00,7550
n73afa75820a4,13457858,NOB,ready_lotus9892,2026-02-12T18:24:23.000+09:00,775
n73afa75820a4,7088619,SARU,light_nerine799,2026-02-12T18:18:56.000+09:00,514
n73afa75820a4,13389295,滝沢和也,honest_hornet867,2026-02-12T18:14:25.000+09:00,1502
n73afa75820a4,12700847,Reframe Lab | 思考のリセット,reframelab,2026-02-12T18:12:29.000+09:00,470
nea3ba58998c7,8857122,うるるん,nice_daisy957,2026-05-23T10:23:35.000+09:00,995
nea3ba58998c7,13269889,hiroyuki,oxalis8466,2026-05-17T22:36:23.000+09:00,121
nea3ba58998c7,12301144,ゆぴか ☀︎在宅で働きたい主婦（ちょっとワケあり）,tasty_quoll5392,2026-05-12T10:07:49.000+09:00,679
nea3ba58998c7,5330022,Marie | まりーの小さな⚙️歯車⚙️ラボ🔬,marie_222,2026-05-05T18:04:43.000+09:00,23
nea3ba58998c7,12377105,まるよか,yokayoka5103,2026-04-29T15:10:15.000+09:00,1361
nea3ba58998c7,12888379,蘭子｜円熟アップデート中,vast_llama7656,2026-04-27T20:35:51.000+09:00,364
nea3ba58998c7,13486919,こじかハイ,noted_python4351,2026-04-27T18:12:16.000+09:00,255
nea3ba58998c7,13185774,るー/ハレノイト,anexkanikitai,2026-04-27T17:16:45.000+09:00,902
nea3ba58998c7,11837112,もぐら,mogurabooks,2026-04-23T21:26:46.000+09:00,214
nea3ba58998c7,10850919,もんきち,mute_yeti8837,2026-04-19T20:09:07.000+09:00,136
nea3ba58998c7,12607946,てぼっこ,tebocco_bocchi,2026-04-06T13:07:40.000+09:00,251
nea3ba58998c7,5828006,まなつ/突出マイノリティ列伝,tosshutsu_m,2026-04-04T22:06:44.000+09:00,6133
nea3ba58998c7,13416976,yukariyajp,brainy_thyme2046,2026-04-04T20:57:43.000+09:00,1114
nea3ba58998c7,12329927,pan pan,panpan_cookie,2026-03-30T17:00:03.000+09:00,102
nea3ba58998c7,8030146,Nasturtium AI Artworks｜縁起物AIアート,thousand_weed888,2026-03-19T17:39:59.000+09:00,40
nea3ba58998c7,7266452,I LIKE MY STYLE.,vanilla5,2026-03-19T07:57:00.000+09:00,72
nea3ba58998c7,13860037,いささか こっこ,happy_stork4716,2026-03-13T20:58:49.000+09:00,946
nea3ba58998c7,12385576,のりちゃん2号,fair_elk5169,2026-03-05T09:44:33.000+09:00,65
nea3ba58998c7,11048491,ゆまま｜世帯年収400万で年間100万貯金をする主婦,noble_hare4289,2026-03-02T10:47:47.000+09:00,333
nea3ba58998c7,10802158,地球で悦ぶ,deep_tapir6287,2026-02-26T14:41:55.000+09:00,15
nea3ba58998c7,11829632,🎸陰陽猫│夏火少年,like_coyote9911,2026-02-25T00:35:35.000+09:00,434
nea3ba58998c7,1934849,小児科医ひろ,h_child_doc,2026-02-23T14:08:53.000+09:00,515
nea3ba58998c7,6621323,うしし,gifted_lotus448,2026-02-23T13:01:26.000+09:00,2
nea3ba58998c7,10687200,そのこ｜5人の子どもとママの暮らし,kai_sonoko2654,2026-02-22T21:18:20.000+09:00,197
nea3ba58998c7,9281462,N氏,nakaikikaku,2026-02-22T15:55:30.000+09:00,1332
nea3ba58998c7,10755546,もやし,lofty_magpie9169,2026-02-22T14:03:38.000+09:00,280
nea3ba58998c7,12847647,黒野,kuro_yuki2025,2026-02-22T00:26:43.000+09:00,301
nea3ba58998c7,7668653,sako,sako643,2026-02-21T18:41:18.000+09:00,448
nea3ba58998c7,5654430,荒神咲夜,sakuyakoujin,2026-02-21T09:39:41.000+09:00,609
nea3ba58998c7,13107073,ルパン・ザ・アート,lupin_the_art,2026-02-21T07:02:11.000+09:00,207
nea3ba58998c7,12857697,智美✨SATOMI,shi_sa0727,2026-02-20T21:43:30.000+09:00,110
nea3ba58998c7,12813746,mauna🌿,manua21,2026-02-20T17:16:45.000+09:00,120
nea3ba58998c7,9147067,たけこ@「自分で考えて挑戦する子」を育てる親の伴走コーチ,easy_canna4683,2026-02-19T09:01:05.000+09:00,486
nea3ba58998c7,9474806,流羽るう,roo_note,2026-02-19T07:58:14.000+09:00,326
nea3ba58998c7,12559148,プーリ@明日の朝礼「1分カンペ」,long_oriole8182,2026-02-19T00:42:08.000+09:00,1160
nea3ba58998c7,10996536,りーまむ,ri_mam,2026-02-19T00:33:05.000+09:00,873
nea3ba58998c7,13450800,小さなお店の味　*aki,small_shop_taste,2026-02-18T20:12:25.000+09:00,44
nea3ba58998c7,12469628,みのり,leal_prawn7584,2026-02-18T12:03:04.000+09:00,129
nea3ba58998c7,9489656,MeGood,megood_1028,2026-02-18T04:42:25.000+09:00,61
nea3ba58998c7,8943611,いぶき,ibuki_happier15,2026-02-17T22:28:00.000+09:00,101
nea3ba58998c7,12419002,すぎれみ,sugiremi,2026-02-17T21:49:05.000+09:00,1732
nea3ba58998c7,11866617,「脳内迷子くん」,clever_plover404,2026-02-17T00:23:46.000+09:00,232
nea3ba58998c7,8903761,SPECTACLE OF THE SUN,saludos_llama,2026-02-16T23:53:44.000+09:00,127
nea3ba58998c7,7547534,メイシン,mei_shin,2026-02-16T21:29:20.000+09:00,4073
nea3ba58998c7,13631242,雪谷惑星,snowplanet2022,2026-02-16T15:40:37.000+09:00,290
nea3ba58998c7,13631338,Rebekah,brisk_willet5474,2026-02-15T20:27:06.000+09:00,52
nea3ba58998c7,13109304,nobochii,nobochii,2026-02-15T15:12:51.000+09:00,324
nea3ba58998c7,13417386,たろり🐶ズボラな会社員,tarori_no_note,2026-02-15T12:40:33.000+09:00,421
nea3ba58998c7,4034490,塩見智子/ アナウンサー歴46年 トータルスピーチコンサルタント,vsppresen,2026-02-14T19:58:54.000+09:00,282
nea3ba58998c7,12719292,矢田　和也　(フォロバ100),joyous_shrew9162,2026-02-14T19:52:23.000+09:00,11469
nea3ba58998c7,8478698,ユウスキン,yusukin_smoke,2026-02-14T19:46:22.000+09:00,1304
nea3ba58998c7,10632407,競艇ライト アップ💡,bright_iguana224,2026-02-14T13:13:19.000+09:00,4945
nea3ba58998c7,13060547,✳️sayaka✳️｜うつ｜過緊張｜自律神経｜不定愁訴｜複雑性・発達性トラウマ｜愛しき生存戦略,yurumu8,2026-02-14T07:42:48.000+09:00,3
nea3ba58998c7,13405464,木漏れ日亭,komorebi_tei,2026-02-14T06:41:39.000+09:00,584
nea3ba58998c7,13376065,大人の生活再設計,lush_beetle6725,2026-02-12T20:01:37.000+09:00,174
nea3ba58998c7,13536267,にゃんちー,alive_guppy3873,2026-02-12T18:34:57.000+09:00,443
nea3ba58998c7,13260662,TROUT FREAK,major_fish7592,2026-02-12T17:21:39.000+09:00,899
nea3ba58998c7,13494674,MUNE◎,lofty_lion8669,2026-02-12T17:05:01.000+09:00,351
nea3ba58998c7,12822434,neoneo3960,neoneo3960,2026-02-12T15:30:00.000+09:00,253
nea3ba58998c7,12263450,心のおやつ｜３分エッセイ｜アイアンガーヨガ,tree_iyengaryoga,2026-02-12T12:36:30.000+09:00,45
nea3ba58998c7,13591428,みみん || AI×子育て,great_allium7650,2026-02-12T11:49:00.000+09:00,45
nea3ba58998c7,10974418,来栖　麦🌾,gentle_lemur1724,2026-02-12T11:44:55.000+09:00,363
nea3ba58998c7,2461484,Shumpei,shumpei0609,2026-02-12T11:33:34.000+09:00,121
nea3ba58998c7,4434981,Ｎ.kazuhiro,kazuhiro3810,2026-02-12T11:02:51.000+09:00,305
nea3ba58998c7,6656390,倉地加奈子,kurachikanako912,2026-02-12T08:40:55.000+09:00,293
nea3ba58998c7,11795825,すみっこパパ,tasty_mole8614,2026-02-12T07:41:07.000+09:00,2559
nea3ba58998c7,11870866,弓削とAI三兄弟ログ,yuge_note_roten,2026-02-11T22:49:48.000+09:00,462
nea3ba58998c7,12117072,くらしのつみき,kurashi_tumiki,2026-02-11T22:22:33.000+09:00,5
nea3ba58998c7,13635291,武丸丸　日常を悟る仏教的なおじさんAIビギナー,unique_auk5718,2026-02-11T20:30:52.000+09:00,273
nea3ba58998c7,11422772,ソムリエールRena,pointsommelier,2026-02-11T16:56:26.000+09:00,16
nea3ba58998c7,10363224,らん,polyglot_music12,2026-02-11T14:46:27.000+09:00,132
nea3ba58998c7,13604712,A12Y（あいじー）,a1_2y,2026-02-11T14:32:40.000+09:00,286
nea3ba58998c7,2185581,hamaッコ,mm888,2026-02-11T11:28:09.000+09:00,577
nea3ba58998c7,12671145,みみぃ（元料理人）,glad_godwit2576,2026-02-11T10:42:33.000+09:00,281
nea3ba58998c7,13476435,のんびり先生,sensei_enjoy,2026-02-11T09:41:10.000+09:00,906
nea3ba58998c7,13534650,としパパ育児・AI実験室,natty_ixia4427,2026-02-11T08:59:51.000+09:00,129
nea3ba58998c7,10756395,小林　箏,saipoko,2026-02-11T02:29:14.000+09:00,132
nea3ba58998c7,11896091,haron-1101,hip_cougar6060,2026-02-10T22:51:40.000+09:00,15
nea3ba58998c7,4181462,はるかぜ　薬剤師×薬膳×英語,89314luca,2026-02-10T22:09:23.000+09:00,174
nea3ba58998c7,6100298,teaspooon｜Web・EC・HP・SNS等のご提案から解決まで身近なパートナーとしてサポート,teaspooon,2026-02-10T20:17:42.000+09:00,660
nea3ba58998c7,12063967,キッズ学習アドバイザー,kidsla_jp,2026-02-10T17:57:24.000+09:00,1913
nea3ba58998c7,13088893,Mr.ポジティブ,juicy_pika7924,2026-02-10T16:51:57.000+09:00,3453
nea3ba58998c7,6366533,フワっと、ふらっと、心理学。ガッツリ、どっぷり、法・簿記会計,easypsychology,2026-02-10T16:32:34.000+09:00,867
nea3ba58998c7,11225151,あおさん｜社福士のひとりごと,royal_poppy721,2026-02-10T16:24:22.000+09:00,3925
nea3ba58998c7,11461381,桐生流唯（きりゅうるい）,kiryuu_rui,2026-02-10T14:24:45.000+09:00,1255
nea3ba58998c7,13450868,ちたぴ｜2歳差育児ママ｜育休中,chitapi_nonbiri,2026-02-10T12:06:10.000+09:00,55
nea3ba58998c7,637309,shio.,toho10minute,2026-02-10T11:56:07.000+09:00,304
nea3ba58998c7,13351077,やも,yamo_note,2026-02-10T09:42:01.000+09:00,628
nea3ba58998c7,2745797,コーイチ,nasu1005,2026-02-10T09:33:19.000+09:00,364
nea3ba58998c7,1066620,naikan,nikoniko2018,2026-02-10T08:08:22.000+09:00,1223
nea3ba58998c7,11955269,Mirim,mirim_keigo3811,2026-02-10T07:20:46.000+09:00,2865
nea3ba58998c7,8551796,【産業衛生コンサルティング研究所】,sangyoeisei3000,2026-02-10T05:40:42.000+09:00,850
nea3ba58998c7,7703704,清宮ゆうか｜年子兄妹のママ・薬剤師,yuka_k_mom,2026-02-10T00:49:20.000+09:00,1295
nea3ba58998c7,13385495,Kamね,kamne,2026-02-09T23:11:17.000+09:00,254
nea3ba58998c7,13476581,ふうる＠好きなものの記録,hip_chimp2035,2026-02-09T21:57:26.000+09:00,0
nea3ba58998c7,12756534,山田はる｜スーパー店長,seika_tencho,2026-02-09T21:38:50.000+09:00,352
nea3ba58998c7,8301837,近衛のジャルジェ,tasty_tulip537,2026-02-09T21:15:31.000+09:00,283
nea3ba58998c7,12131016,パンパ,eager_dahlia7059,2026-02-09T20:58:01.000+09:00,251
nea3ba58998c7,2767212,欲求🌈マンゾク♡【利他循環を心に】【フォロバ100％】【8/9から10日連続10記事UP達成】,yokkyumanzoku,2026-02-09T20:57:26.000+09:00,2216
nea3ba58998c7,11455606,サトマコ,satomako_1111,2026-02-09T20:43:42.000+09:00,304
nea3ba58998c7,11410164,kasshiy,viva_a_h_s,2026-02-09T20:29:04.000+09:00,2226
nea3ba58998c7,12758382,村木まる,marusky,2026-02-09T20:25:34.000+09:00,576
nea3ba58998c7,12312896,令和　舞,karisuma_mai,2026-02-09T20:07:10.000+09:00,2037
nea3ba58998c7,12479679,せいちゃん,deft_elk5225,2026-02-09T19:27:59.000+09:00,490
nea3ba58998c7,12168405,Choc.,choc_words,2026-02-09T19:23:57.000+09:00,1161
nea3ba58998c7,6529964,幕猫,bakuneko65,2026-02-09T18:11:39.000+09:00,159
nea3ba58998c7,11293870,貴／Amara,taka_desuai,2026-02-09T18:02:19.000+09:00,318
nea3ba58998c7,11204864,のり｜家計の仕組みづくり,fine_turtle5902,2026-02-09T16:46:06.000+09:00,660
nea3ba58998c7,13520332,もかぽん｜noteビジネス全力組｜時間とお金と心の余裕を手に入れる＠フォロバ100,mocapon_960,2026-02-09T15:24:17.000+09:00,5115
nea3ba58998c7,8386686,夏目 龍頭｜AI Creative Lab,shio_batapopcorn,2026-02-09T15:16:56.000+09:00,3162
nea3ba58998c7,13252973,ちいくわ,tender_avocet451,2026-02-09T13:03:34.000+09:00,151
nea3ba58998c7,13147802,ハリーAI ｜ 整律師 × AIサポーター,cool_frog1331,2026-02-09T12:59:54.000+09:00,967
nea3ba58998c7,12199541,有限夢想家,humble_dahlia350,2026-02-09T12:32:51.000+09:00,165
nea3ba58998c7,8862867,Reisen  ,reisen00160341,2026-02-09T10:48:00.000+09:00,2916
nea3ba58998c7,13416943,ちびあゆ  (🐕犬好きの女）,t15801083,2026-02-09T09:59:18.000+09:00,1327
nea3ba58998c7,12591374,ケンタロウ/gr.minpaku,merry_robin6845,2026-02-09T08:35:15.000+09:00,471
nea3ba58998c7,11820113,ガジュマル🍀🕊️,light_nerine6319,2026-02-09T06:47:52.000+09:00,596
nea3ba58998c7,12360319,ごまめ,ai_progress,2026-02-09T04:03:56.000+09:00,2731
nea3ba58998c7,12675061,とも,famous_skink8709,2026-02-09T00:01:40.000+09:00,712
nea3ba58998c7,13574007,🍀ベンジャミン🍀,noble_spirea7217,2026-02-08T22:12:48.000+09:00,767
nea3ba58998c7,12885021,ただのかくひと。,tadanokakuhito,2026-02-08T20:43:19.000+09:00,70
nea3ba58998c7,12297006,みなてぃ,minaty_chronicle,2026-02-08T20:33:01.000+09:00,467
nea3ba58998c7,9949391,うっちー,ushiwaka_maru123,2026-02-08T20:30:10.000+09:00,1721
nea3ba58998c7,13342221,山蔵,nifty_dietes6288,2026-02-08T20:00:51.000+09:00,142
nea3ba58998c7,13533936,tm1414先生,tm1414,2026-02-08T19:50:28.000+09:00,1184
nea3ba58998c7,4336802,もなか,yosihigu0130,2026-02-08T19:46:22.000+09:00,373
nea3ba58998c7,12575852,シュガー先生｜現役工業高校教員,suger_sensei,2026-02-08T19:28:48.000+09:00,2475
n043353896aed,13051646,みのり行政書士事務所｜奈良｜障害福祉,fresh_berry8738,2026-05-22T11:05:57.000+09:00,379
n043353896aed,13613385,羅生門SKY,codex_strategy,2026-05-21T23:57:10.000+09:00,418
n043353896aed,12377105,まるよか,yokayoka5103,2026-04-29T15:08:34.000+09:00,1361
n043353896aed,12624691,あん｜noteと遊ぶ,aging_gracefully,2026-04-19T23:06:50.000+09:00,1218
n043353896aed,11837112,もぐら,mogurabooks,2026-04-11T05:43:40.000+09:00,214
n043353896aed,5828006,まなつ/突出マイノリティ列伝,tosshutsu_m,2026-04-05T10:55:30.000+09:00,6133
n043353896aed,13637621,月見草へらさん🌙🌼｜Smiling Soul,herarin_create,2026-04-02T23:15:47.000+09:00,11
n043353896aed,11829632,🎸陰陽猫│夏火少年,like_coyote9911,2026-03-12T13:00:52.000+09:00,434
n043353896aed,12789134,とり,tori2323,2026-03-01T00:00:17.000+09:00,2729
n043353896aed,2622560,丸々,ul_3k,2026-02-26T20:30:54.000+09:00,390
n043353896aed,12963979,Yuto. I,science_love11,2026-02-26T00:03:45.000+09:00,104
n043353896aed,11413464,パンダ,limber_zephyr577,2026-02-23T07:46:49.000+09:00,153
n043353896aed,12093836,Kutumi.｜愛と構造の観測者,hearty_yak5606,2026-02-22T18:11:22.000+09:00,749
n043353896aed,13761129,R｜Redesigning Life,re_lifelab,2026-02-21T14:41:59.000+09:00,31
n043353896aed,13107073,ルパン・ザ・アート,lupin_the_art,2026-02-21T07:01:59.000+09:00,207
n043353896aed,10632407,競艇ライト アップ💡,bright_iguana224,2026-02-18T21:31:33.000+09:00,4945
n043353896aed,2344349,GK,ryosuke1840,2026-02-18T00:06:42.000+09:00,930
n043353896aed,12301144,ゆぴか ☀︎在宅で働きたい主婦（ちょっとワケあり）,tasty_quoll5392,2026-02-16T15:12:40.000+09:00,679
n043353896aed,11455763,ホンゴウタケシ,mute_aster7178,2026-02-14T14:43:38.000+09:00,628
n043353896aed,11870866,弓削とAI三兄弟ログ,yuge_note_roten,2026-02-11T22:49:55.000+09:00,462
n043353896aed,13476435,のんびり先生,sensei_enjoy,2026-02-11T21:20:16.000+09:00,906
n043353896aed,4129799,川元一郎,happydaichan,2026-02-11T11:25:06.000+09:00,542
n043353896aed,3532553,Saori Saeki｜人生の転換期に寄り添うライフコーチ,saori10,2026-02-11T03:30:08.000+09:00,256
n043353896aed,13574007,🍀ベンジャミン🍀,noble_spirea7217,2026-02-10T20:46:09.000+09:00,767
n043353896aed,12063967,キッズ学習アドバイザー,kidsla_jp,2026-02-10T17:57:48.000+09:00,1913
n043353896aed,11461381,桐生流唯（きりゅうるい）,kiryuu_rui,2026-02-10T14:24:47.000+09:00,1255
n043353896aed,10304167,仕組研究所,493_labo,2026-02-10T12:32:20.000+09:00,34
n043353896aed,6529964,幕猫,bakuneko65,2026-02-09T18:11:57.000+09:00,159
n043353896aed,13252973,ちいくわ,tender_avocet451,2026-02-09T13:28:59.000+09:00,151
n043353896aed,9949391,うっちー,ushiwaka_maru123,2026-02-08T20:30:11.000+09:00,1721
n043353896aed,13569202,健康の原点,health_origjin,2026-02-08T19:21:42.000+09:00,3427
n043353896aed,4193167,３let ♪（トリプレット）,3let,2026-02-08T15:03:43.000+09:00,58
n043353896aed,13477257,まだらめレコード,madarame1103,2026-02-08T13:31:50.000+09:00,110
n043353896aed,13293402,にゃんぽこ,pure_poppy8561,2026-02-08T12:47:57.000+09:00,635
n043353896aed,11654195,ゆず｜noteで副業迷子を抜け出す伴走者｜｜フォロバ１００,tomato1012,2026-02-08T12:27:17.000+09:00,4943
n043353896aed,13307781,財務屋のモジャ,eightbeat_fin,2026-02-08T11:54:18.000+09:00,173
n043353896aed,7707311,YT57,u8_57take,2026-02-08T11:09:28.000+09:00,344
n043353896aed,12159993,Large-B /悩む人も、支える人も。,large_b_navi,2026-02-08T09:10:17.000+09:00,1393
n043353896aed,12959930,チャチャビー,chachabee,2026-02-08T08:15:27.000+09:00,780
n043353896aed,12156835,S子,r_ight,2026-02-07T23:09:10.000+09:00,5
n043353896aed,2755847,小山 睦男　書籍コーディネータ,koyamamutsuo2020,2026-02-07T20:47:22.000+09:00,277
n043353896aed,9462569,構造のロジック,hara3281,2026-02-07T13:56:17.000+09:00,3100
n043353896aed,11320726,あぴま,a_pi_ma,2026-02-07T07:08:40.000+09:00,118
n043353896aed,1976567,きんた岩永欣也,kintanoboken,2026-02-06T21:08:07.000+09:00,440
n043353896aed,5533501,div.rishi,div_rishi,2026-02-06T18:47:36.000+09:00,992
n043353896aed,13375200,RYOOOTA.no8,ryota_no8,2026-02-06T14:36:24.000+09:00,44
n043353896aed,7515100,nonpono,nonpono,2026-02-05T22:45:51.000+09:00,325
n043353896aed,10959216,高坂涼介（こーさか）｜離職率60%→9%の修羅場再生請負人,ready_turtle5896,2026-02-05T21:57:24.000+09:00,853
n043353896aed,8794233,依代ゆら｜美活クリエイター,yuko_doki,2026-02-05T21:51:52.000+09:00,115
n043353896aed,12121304,元警察官ゴリラブラザーズ｜旅館経営への挑戦,gori_bro,2026-02-05T21:46:11.000+09:00,42
n043353896aed,11840942,thanks_kissme,thanks_kissme,2026-02-05T21:38:14.000+09:00,795
n043353896aed,11927762,日々のこむぎ,apt_curlew2313,2026-02-05T20:53:08.000+09:00,275
n043353896aed,11141735,えんじ／余白の隣で、あわいを耕す,grand_abelia5573,2026-02-05T19:34:04.000+09:00,217
n043353896aed,12138644,doremi,rapid_quince6136,2026-02-05T13:51:31.000+09:00,331
n043353896aed,12331748,AI短編工房,ai_tanpen_koubou,2026-02-05T11:43:11.000+09:00,1286
n043353896aed,12724864,白夢アマネ,hakumu_amane,2026-02-05T09:04:09.000+09:00,23
n043353896aed,12225752,パキラ太郎,marme_1103,2026-02-05T09:02:04.000+09:00,982
n043353896aed,12452232,如月ばたこ,genial_eider4564,2026-02-05T07:30:13.000+09:00,252
n043353896aed,12845550,健康仕掛人｜19年続くコミュニティの運営を教える人,vstory2025,2026-02-05T07:22:26.000+09:00,2290
n043353896aed,11568936,めくりキック昇竜拳,bright_finch87,2026-02-05T06:26:43.000+09:00,17
n043353896aed,11019030,かずかず,honest_oriole968,2026-02-05T06:10:13.000+09:00,798
n043353896aed,8903761,SPECTACLE OF THE SUN,saludos_llama,2026-02-05T05:23:31.000+09:00,127
n043353896aed,12545506,みら | 子育てしながら未来をつくる,jazzy_broom3196,2026-02-05T01:08:50.000+09:00,20
n043353896aed,11797586,しらたま,dandy_snipe8745,2026-02-04T23:44:55.000+09:00,149
n043353896aed,13393163,宿のWebと集客の中の人l元リク,seil_partner,2026-02-04T21:19:13.000+09:00,153
n043353896aed,12607740,咲子｜誰よりも気楽に楽しむワーママ｜心と体を根本から元気にする｜自宅ヨガ教室主宰｜,sazanami3737,2026-02-04T19:28:24.000+09:00,106
n043353896aed,11899522,あんま時間ない母,huge_tapir8446,2026-02-04T17:12:40.000+09:00,498
n043353896aed,12360888,［劇団］AI-世界を掘る-,gekidan_ai,2026-02-04T12:53:50.000+09:00,2717
n043353896aed,10259700,田中　伸生（のぶさん）,ifpcs,2026-02-04T11:59:55.000+09:00,1086
n043353896aed,12532404,ちーず,aosana_38,2026-02-04T11:35:47.000+09:00,138
n043353896aed,10820488,テイクバック,limber_dahlia839,2026-02-04T10:52:09.000+09:00,1142
n043353896aed,7078968,RuRuru｜マイペースで気さく、おおむねご機嫌な人,clever_ixia29,2026-02-04T08:50:14.000+09:00,97
n043353896aed,12591374,ケンタロウ/gr.minpaku,merry_robin6845,2026-02-04T08:38:23.000+09:00,471
n043353896aed,12360319,ごまめ,ai_progress,2026-02-04T06:40:43.000+09:00,2731
n043353896aed,6097280,社畜と自営の二刀流窓山,ic0015,2026-02-03T22:57:45.000+09:00,208
n043353896aed,12885021,ただのかくひと。,tadanokakuhito,2026-02-03T22:43:00.000+09:00,70
n043353896aed,3921126,くまくんまんが,kumakunmanga,2026-02-03T21:46:12.000+09:00,1632
n043353896aed,11891681,ゆうり,yuriyuri77_,2026-02-03T21:27:57.000+09:00,307
n043353896aed,12675061,とも,famous_skink8709,2026-02-03T21:16:58.000+09:00,712
n043353896aed,4951982,KAITO,89198919,2026-02-03T20:30:21.000+09:00,277
n043353896aed,12589889,なかやん✖️ありのままを整えるライフコーチ,nakayan1117,2026-02-03T20:27:21.000+09:00,751
n043353896aed,11519236,あお @言葉と風景,hanasakisoma,2026-02-03T20:13:34.000+09:00,1344
n043353896aed,12095976,トクコウ｜「めんどくさい」はチャンスの宝庫,toku_kou,2026-02-03T20:09:40.000+09:00,519
n043353896aed,6166672,ヤマネー (yamoney),fp_yamoney,2026-02-03T19:56:11.000+09:00,1604
n1b58ce23b4c5,8857122,うるるん,nice_daisy957,2026-06-01T14:08:02.000+09:00,995
n1b58ce23b4c5,14124940,mariko ,crisp_bear6729,2026-05-18T22:35:32.000+09:00,91
n1b58ce23b4c5,8022593,縄文猫,brave_cat1901,2026-05-15T14:22:02.000+09:00,346
n1b58ce23b4c5,12842684,ともやす＠婚活×人生設計,wise_bobcat606,2026-04-23T20:35:37.000+09:00,84
n1b58ce23b4c5,13773889,piro,shiriki519,2026-04-08T22:15:53.000+09:00,231
n1b58ce23b4c5,5828006,まなつ/突出マイノリティ列伝,tosshutsu_m,2026-04-06T07:51:36.000+09:00,6133
n1b58ce23b4c5,13614207,はちみつレモン,calm_drake4370,2026-04-04T21:36:56.000+09:00,510
n1b58ce23b4c5,13441199,りりーさん | ２８年目の作業療法士・リハビリ編集長　神奈川県横浜市,rapid_lily2834,2026-04-03T18:43:00.000+09:00,214
n1b58ce23b4c5,12377105,まるよか,yokayoka5103,2026-03-25T07:54:07.000+09:00,1361
n1b58ce23b4c5,7896891,ポンタ,pontanohaha,2026-03-23T14:08:43.000+09:00,1164
n1b58ce23b4c5,11829632,🎸陰陽猫│夏火少年,like_coyote9911,2026-03-12T13:00:05.000+09:00,434
n1b58ce23b4c5,13725163,みはとも,dapper_dill8126,2026-03-06T17:17:10.000+09:00,103
n1b58ce23b4c5,6498041,みか｜54歳からの生き直し,mika_journal,2026-03-01T08:30:54.000+09:00,470
n1b58ce23b4c5,13247586,ちょいぱ｜ちょうどいいパパ目指し隊｜,choi_pa0919,2026-02-27T19:19:25.000+09:00,1351
n1b58ce23b4c5,10517876,向日葵じまにゃん🌻,jimanyan,2026-02-26T22:32:21.000+09:00,1881
n1b58ce23b4c5,10802158,地球で悦ぶ,deep_tapir6287,2026-02-26T14:43:31.000+09:00,15
n1b58ce23b4c5,10175064,雪綴ゆき,wise_rat6355,2026-02-26T13:41:24.000+09:00,6352
n1b58ce23b4c5,13107073,ルパン・ザ・アート,lupin_the_art,2026-02-24T18:55:29.000+09:00,207
n1b58ce23b4c5,12745307,元店長とうふ,daigo_knot3539,2026-02-21T23:13:59.000+09:00,546
n1b58ce23b4c5,13069775,田端うつ郎,utsuro_tabata,2026-02-20T04:40:04.000+09:00,2398
n1b58ce23b4c5,13361987,NAO × チャグ,nao_and_chag,2026-02-18T22:27:49.000+09:00,270
n1b58ce23b4c5,2344349,GK,ryosuke1840,2026-02-18T00:06:43.000+09:00,930
n1b58ce23b4c5,13400425,にこ@コンタクトレンズアドバイザー,oguogu_333,2026-02-16T23:57:29.000+09:00,333
n1b58ce23b4c5,13441917,こえだひより,koeda0707,2026-02-16T22:01:01.000+09:00,371
n1b58ce23b4c5,12659215,NAPON｜エンジニアパパとAI,napon_ikupapa,2026-02-16T21:20:46.000+09:00,268
n1b58ce23b4c5,13346874,イトアニウス ( Ytteauanius ),ytteauanius,2026-02-16T19:22:12.000+09:00,278
n1b58ce23b4c5,13641413,よしくん,quirky_bobcat310,2026-02-16T10:26:50.000+09:00,96
n1b58ce23b4c5,13699313,そよ,quick_oxalis5860,2026-02-15T15:39:27.000+09:00,119
n1b58ce23b4c5,11455763,ホンゴウタケシ,mute_aster7178,2026-02-14T14:43:58.000+09:00,628
n1b58ce23b4c5,13405464,木漏れ日亭,komorebi_tei,2026-02-14T00:59:59.000+09:00,584
n1b58ce23b4c5,12985154,haretari,fujiha_haretari,2026-02-13T15:23:21.000+09:00,421
n1b58ce23b4c5,13491438,本来タケル,glad_hosta8369,2026-02-13T12:39:33.000+09:00,79
n1b58ce23b4c5,13472992,K-sensei,k_senseii,2026-02-13T09:14:51.000+09:00,167
n1b58ce23b4c5,10861260,理不尽婦人と大差ない大佐,light_egret2728,2026-02-13T08:12:06.000+09:00,108
n1b58ce23b4c5,13512650,制度の外側にいた私,pk7,2026-02-13T01:29:44.000+09:00,33
n1b58ce23b4c5,12289531,kz,gay_condor6613,2026-02-12T20:44:54.000+09:00,54
n1b58ce23b4c5,13574007,🍀ベンジャミン🍀,noble_spirea7217,2026-02-12T20:23:57.000+09:00,767
n1b58ce23b4c5,32888,ぎぺり,giperi,2026-02-12T06:57:52.000+09:00,843
n1b58ce23b4c5,12557163,にこまま｜子連れOK美容室準備中｜美容師ママ,mainichiniko_09,2026-02-11T22:46:57.000+09:00,144
n1b58ce23b4c5,10974418,来栖　麦🌾,gentle_lemur1724,2026-02-11T12:36:36.000+09:00,363
n1b58ce23b4c5,6594100,ミナト|みんなのAI×特別支援,ppme,2026-02-11T08:07:32.000+09:00,1673
n1b58ce23b4c5,13425694,gach69,gach3411,2026-02-10T18:32:46.000+09:00,1161
n1b58ce23b4c5,11483507,鬼石まなお｜夫婦平等の経験還元屋,oniishi_manao555,2026-02-10T07:54:23.000+09:00,258
n1b58ce23b4c5,8551796,【産業衛生コンサルティング研究所】,sangyoeisei3000,2026-02-10T05:40:47.000+09:00,850
n1b58ce23b4c5,6827539,山下敬,coco_waon,2026-02-10T05:34:58.000+09:00,79
n1b58ce23b4c5,12199541,有限夢想家,humble_dahlia350,2026-02-09T12:38:16.000+09:00,165
n1b58ce23b4c5,13424755,ぱるむ,bananasuberi,2026-02-08T22:46:01.000+09:00,46
n1b58ce23b4c5,11638670,さちこ☘️臨床心理士/公認心理師,bold_moose5259,2026-02-08T21:57:42.000+09:00,775
n1b58ce23b4c5,6985078,T-STYLE|地方在住｜30代パパ｜人生奮闘記,tstyle_unzen1000,2026-02-08T21:20:35.000+09:00,1236
n1b58ce23b4c5,10591399,かな🌳繊細さを活かして、会社で自分らしく働くヒントを発信中,kana2025012,2026-02-08T13:07:33.000+09:00,303
n1b58ce23b4c5,2773109,教育を諦めない会社YOHAKU,sennsei58,2026-02-08T08:30:24.000+09:00,506
n1b58ce23b4c5,10425520,とりあえず、ブサネコ®　by  Y Harada,legal_clover3490,2026-02-08T07:21:42.000+09:00,704
n1b58ce23b4c5,2755847,小山 睦男　書籍コーディネータ,koyamamutsuo2020,2026-02-07T20:47:08.000+09:00,277
n1b58ce23b4c5,13216690,ぴろさわとらくす,pirosawa,2026-02-07T08:07:30.000+09:00,401
n1b58ce23b4c5,8772850,yuri,socca_yuri,2026-02-07T07:54:29.000+09:00,646
n1b58ce23b4c5,12813746,mauna🌿,manua21,2026-02-06T19:12:39.000+09:00,120
n1b58ce23b4c5,5533501,div.rishi,div_rishi,2026-02-06T18:47:41.000+09:00,992
n1b58ce23b4c5,11622958,ミキママ@フルタイムキャンセル界隈⭐︎,ynd0723,2026-02-06T16:19:53.000+09:00,174
n1b58ce23b4c5,13056616,林呉武士(Ringo Takeshi),heartanalysis,2026-02-06T12:55:34.000+09:00,122
n1b58ce23b4c5,12710776,すーです,mochimochi_7,2026-02-06T10:53:44.000+09:00,69
n1b58ce23b4c5,12920815,ヒデっぱ,proper_eel19,2026-02-06T01:05:51.000+09:00,890
n1b58ce23b4c5,12304371,たかみん｜１児の父｜育児と家族の研究レビュー,firm_myrtle4693,2026-02-05T23:14:09.000+09:00,918
n1b58ce23b4c5,13429048,チェブ爺,ample_pothos5464,2026-02-05T21:55:09.000+09:00,230
n1b58ce23b4c5,11927762,日々のこむぎ,apt_curlew2313,2026-02-05T20:53:09.000+09:00,275
n1b58ce23b4c5,6928287,okayou,okayou,2026-02-05T16:57:50.000+09:00,49
n1b58ce23b4c5,11019030,かずかず,honest_oriole968,2026-02-05T06:10:14.000+09:00,798
n1b58ce23b4c5,8903761,SPECTACLE OF THE SUN,saludos_llama,2026-02-05T05:23:35.000+09:00,127
n1b58ce23b4c5,11797586,しらたま,dandy_snipe8745,2026-02-04T23:44:58.000+09:00,149
n1b58ce23b4c5,12981864,森の木漏れ日 ひらめき工房,hirameki_kobo,2026-02-04T20:51:34.000+09:00,626
n1b58ce23b4c5,11016310,kan,like_takin886,2026-02-04T20:30:50.000+09:00,101
n1b58ce23b4c5,12607740,咲子｜誰よりも気楽に楽しむワーママ｜心と体を根本から元気にする｜自宅ヨガ教室主宰｜,sazanami3737,2026-02-04T19:28:26.000+09:00,106
n1b58ce23b4c5,2354920,GAO,gao_sun,2026-02-04T16:58:46.000+09:00,174
n1b58ce23b4c5,12488803,Motty|育児の思いをLogic Proで作曲 | 5児の父 |子供達の記憶に残るもの|,m_piro,2026-02-04T12:18:16.000+09:00,921
n1b58ce23b4c5,10829151,chobi 〝育児フル奮闘中❗️マーケター〟,chobi5973,2026-02-04T08:23:57.000+09:00,1442
n1b58ce23b4c5,12763140,幼児教室イクウェル川崎,eqwel_kawasaki,2026-02-04T05:51:09.000+09:00,1343
n1b58ce23b4c5,6097280,社畜と自営の二刀流窓山,ic0015,2026-02-03T22:57:50.000+09:00,208
n1b58ce23b4c5,13281186,さくさく|そっと寄り添う日々,jidoukan_judge,2026-02-03T22:52:29.000+09:00,1661
n1b58ce23b4c5,11578760,おさかなちゃん,leal_flax9749,2026-02-03T21:54:23.000+09:00,448
n1b58ce23b4c5,13221090,林田宗之｜教育業界25年 × 父 × 家庭から整える大学受験（親子の自立）,nori_hayashida,2026-02-03T18:46:46.000+09:00,1840
n1b58ce23b4c5,5774209,しのゆか,shinoyuka,2026-02-03T17:06:05.000+09:00,38
n1b58ce23b4c5,13120714,mana,good_gibbon1081,2026-02-03T15:43:53.000+09:00,1043
n1b58ce23b4c5,11629535,アーモンドボックス,almondbox_note,2026-02-03T13:29:48.000+09:00,9
n1b58ce23b4c5,12509830,中年papaya🌈フォロバ100🌈,long_viola1695,2026-02-03T13:08:06.000+09:00,1563
n1b58ce23b4c5,13352502,tetsugaku_kasan,tetsugaku_kasan,2026-02-03T12:59:56.000+09:00,436
n1b58ce23b4c5,8020085,未来＊みく,39bun_show,2026-02-03T12:35:33.000+09:00,122
n1b58ce23b4c5,11825910,トクさん,tokutec_2025,2026-02-03T09:27:23.000+09:00,236
n1b58ce23b4c5,12107519,Miyaguchi,miyashimane,2026-02-03T09:11:46.000+09:00,517
n1b58ce23b4c5,11541243,早河透,right_rue8173,2026-02-03T08:54:35.000+09:00,80
n1b58ce23b4c5,11840942,thanks_kissme,thanks_kissme,2026-02-03T08:36:45.000+09:00,795
n1b58ce23b4c5,7190708,857works｜@フォロバ100,857works,2026-02-03T08:10:26.000+09:00,1521
n1b58ce23b4c5,5509239,田中　正之,tmakka,2026-02-03T05:00:10.000+09:00,1217
n1b58ce23b4c5,12342046,Hajime (hana),cozy_zebra4820,2026-02-03T03:57:25.000+09:00,477
n1b58ce23b4c5,12285454,Yeahlph_GZ（イェルフ_ジーゼット）,lofty_myrtle1167,2026-02-03T00:17:18.000+09:00,561
n1b58ce23b4c5,8789204,あいりっくす,airixx,2026-02-02T23:12:02.000+09:00,538
n1b58ce23b4c5,12885021,ただのかくひと。,tadanokakuhito,2026-02-02T22:21:54.000+09:00,70
n1b58ce23b4c5,7278954,譬喩@理論構築技士,hatiskoll,2026-02-02T21:47:08.000+09:00,771
n1b58ce23b4c5,7967992,ひー🐑,life_hjr09,2026-02-02T21:03:49.000+09:00,143
n1b58ce23b4c5,11624381,みつば,royal_swift7266,2026-02-02T20:29:46.000+09:00,580
n1b58ce23b4c5,11816121,まりびす｜子育て・保育,mamastudy40,2026-02-02T20:25:33.000+09:00,752
n1b58ce23b4c5,8255987,カビゴン,witty_dahlia264,2026-02-02T18:33:15.000+09:00,212
n1b58ce23b4c5,6880312,かいちょーさん（旧：PTAかいちょーさん）,tsubuyaki_mom,2026-02-02T16:19:31.000+09:00,972
n1b58ce23b4c5,13266641,コーヒー好きのペソアさん,pessoa2025,2026-02-02T16:17:53.000+09:00,711
n1b58ce23b4c5,11200692,コアラ,lofty_murre7606,2026-02-02T15:27:55.000+09:00,1030
n1b58ce23b4c5,11363994,Myung@みょんの好き推しnote🎯,sakura_buncho,2026-02-02T15:04:47.000+09:00,930
n1b58ce23b4c5,7798196,言葉レリーナ,kotoballerina,2026-02-02T14:35:03.000+09:00,238
n1b58ce23b4c5,3979398,tun ,tuntuntun424,2026-02-02T14:25:31.000+09:00,102
n1b58ce23b4c5,12344143,ともか,apt_jaguar5933,2026-02-02T13:56:47.000+09:00,193
n1b58ce23b4c5,13272725,モーゼス・ハロルド,mosesh_arold,2026-02-02T11:58:06.000+09:00,15
n1b58ce23b4c5,9605561,自分再生トレーナー 仲地織江（なかちおりえ）,orie1968,2026-02-02T08:49:20.000+09:00,341
n1b58ce23b4c5,12591374,ケンタロウ/gr.minpaku,merry_robin6845,2026-02-02T08:31:42.000+09:00,471
n1b58ce23b4c5,12360319,ごまめ,ai_progress,2026-02-02T04:50:14.000+09:00,2731
n1b58ce23b4c5,9489656,MeGood,megood_1028,2026-02-02T04:21:04.000+09:00,61
n1b58ce23b4c5,11908443,Smile tree,smiletree_pj,2026-02-02T00:27:17.000+09:00,738
n1b58ce23b4c5,13154339,黒田白さぎ,brave_camel2460,2026-02-01T23:06:50.000+09:00,222
n1b58ce23b4c5,948059,SatoSato,satobar,2026-02-01T22:26:07.000+09:00,399
n1b58ce23b4c5,7823822,はぐれパパ＠詩人失格,papa411477,2026-02-01T21:57:14.000+09:00,71
n1b58ce23b4c5,7232684,ずっとあい,zuttoai,2026-02-01T21:45:36.000+09:00,330
n1b58ce23b4c5,3186118,来栖,mariakrs,2026-02-01T21:33:54.000+09:00,179
n1b58ce23b4c5,13286760,ゆう／理学療法士／健康管理士一般指導員・健康管理検定1級,lush_whale7372,2026-02-01T21:20:41.000+09:00,1380
n1b58ce23b4c5,5078137,BOSS！,urara2434urara,2026-02-01T21:15:34.000+09:00,468
n1b58ce23b4c5,13177101,片山 俊也｜片山俊也事務所／働く人と顧客に選ばれる組織をつくる,toshiya_katayama,2026-02-01T20:51:07.000+09:00,2058
n1b58ce23b4c5,11630544,jun,ample_briony2777,2026-02-01T20:46:16.000+09:00,1167
n1b58ce23b4c5,3598618,はしゃも｜感情構造エンジニア,hasyamo,2026-02-01T20:36:43.000+09:00,476
n1b58ce23b4c5,9002564,神楽坂スポーツ　現地レポート,dsp_note,2026-02-01T20:34:42.000+09:00,481
n1b58ce23b4c5,13015710,春の光2025,glossy_lotus7473,2026-02-01T20:29:53.000+09:00,200
n1b58ce23b4c5,7960551,かさ,bright_peony701,2026-02-01T20:25:40.000+09:00,1157
n1b58ce23b4c5,13245701,オギワラユウキ,bold_pony131,2026-02-01T20:14:49.000+09:00,621
n1b58ce23b4c5,12675061,とも,famous_skink8709,2026-02-01T20:04:21.000+09:00,712
n1b58ce23b4c5,10259700,田中　伸生（のぶさん）,ifpcs,2026-02-01T19:59:00.000+09:00,1086
n1b58ce23b4c5,10564004,PT-MuraMasa,masatoshi0516,2026-02-01T19:58:22.000+09:00,355
n1b58ce23b4c5,12185509,ととのえ｜IT・AI推進の文系副業会社員｜仕事も暮らしもやさしく整える,odayaka_worklife,2026-02-01T19:54:00.000+09:00,1089
nc6d374808a84,13613385,羅生門SKY,codex_strategy,2026-05-21T23:56:24.000+09:00,418
nc6d374808a84,14124940,mariko ,crisp_bear6729,2026-05-18T22:35:52.000+09:00,91
nc6d374808a84,12377105,まるよか,yokayoka5103,2026-04-29T15:06:38.000+09:00,1361
nc6d374808a84,11837112,もぐら,mogurabooks,2026-04-11T05:42:12.000+09:00,214
nc6d374808a84,9142982,脱サラ農家|福島|外資IT人事,prime_agapan7467,2026-04-05T14:51:48.000+09:00,1811
nc6d374808a84,5828006,まなつ/突出マイノリティ列伝,tosshutsu_m,2026-04-04T23:42:26.000+09:00,6133
nc6d374808a84,12224132,Dr.Yellow,doctor_yellow_,2026-04-04T23:41:57.000+09:00,347
nc6d374808a84,8563392,Intellectual curiosity,intel_quest,2026-03-15T23:49:11.000+09:00,354
nc6d374808a84,11829632,🎸陰陽猫│夏火少年,like_coyote9911,2026-03-12T12:59:44.000+09:00,434
nc6d374808a84,12789134,とり,tori2323,2026-02-28T23:59:45.000+09:00,2729
nc6d374808a84,13632740,Ryota,shiny_hare9115,2026-02-25T16:59:12.000+09:00,189
nc6d374808a84,13107073,ルパン・ザ・アート,lupin_the_art,2026-02-24T18:55:25.000+09:00,207
nc6d374808a84,7668653,sako,sako643,2026-02-21T18:54:53.000+09:00,448
nc6d374808a84,5784738,nico＿遊び心,nico_design_0828,2026-02-19T17:32:44.000+09:00,41
nc6d374808a84,13521292,九（ここのつ）/ 心の伴走ライター,xxx_666_xxx,2026-02-19T12:52:47.000+09:00,453
nc6d374808a84,12301144,ゆぴか ☀︎在宅で働きたい主婦（ちょっとワケあり）,tasty_quoll5392,2026-02-16T15:11:50.000+09:00,679
nc6d374808a84,13467920,ao,yohaku75,2026-02-15T23:03:58.000+09:00,41
nc6d374808a84,13476435,のんびり先生,sensei_enjoy,2026-02-15T06:19:00.000+09:00,906
nc6d374808a84,8311732,jim,otoshigo6983,2026-02-11T22:32:01.000+09:00,148
nc6d374808a84,3532553,Saori Saeki｜人生の転換期に寄り添うライフコーチ,saori10,2026-02-11T03:32:45.000+09:00,256
nc6d374808a84,13574007,🍀ベンジャミン🍀,noble_spirea7217,2026-02-10T20:44:35.000+09:00,767
nc6d374808a84,8326663,はな|創業140年麹屋ヨメ|古民家宿ホスト,wakamiyakoujiya,2026-02-09T17:05:59.000+09:00,87
nc6d374808a84,13252973,ちいくわ,tender_avocet451,2026-02-09T13:29:39.000+09:00,151
nc6d374808a84,4222293,組織構造ラボ,masa718,2026-02-08T14:25:58.000+09:00,2074
nc6d374808a84,13293402,にゃんぽこ,pure_poppy8561,2026-02-08T12:47:30.000+09:00,635
nc6d374808a84,2755847,小山 睦男　書籍コーディネータ,koyamamutsuo2020,2026-02-07T20:47:01.000+09:00,277
nc6d374808a84,6766016,me🪺家事と日々の愉しみ,megnest,2026-02-07T18:16:09.000+09:00,113
nc6d374808a84,970691,岡村憲朋 | 宮古島でスポーツクラブとホテルの経営,miyakonori,2026-02-07T09:01:16.000+09:00,27
nc6d374808a84,12813746,mauna🌿,manua21,2026-02-06T19:12:38.000+09:00,120
nc6d374808a84,8903761,SPECTACLE OF THE SUN,saludos_llama,2026-02-05T05:23:40.000+09:00,127
nc6d374808a84,11443359,イチカクダイスケ,royal_beetle6584,2026-02-04T22:02:31.000+09:00,270
nc6d374808a84,12095976,トクコウ｜「めんどくさい」はチャンスの宝庫,toku_kou,2026-02-03T20:07:09.000+09:00,519
nc6d374808a84,12107519,Miyaguchi,miyashimane,2026-02-03T09:11:53.000+09:00,517
nc6d374808a84,5779049,SAIBU design,tomoyuki0601,2026-02-03T08:18:06.000+09:00,7
nc6d374808a84,5509239,田中　正之,tmakka,2026-02-03T05:00:15.000+09:00,1217
nc6d374808a84,7278954,譬喩@理論構築技士,hatiskoll,2026-02-02T21:47:13.000+09:00,771
nc6d374808a84,13154339,黒田白さぎ,brave_camel2460,2026-02-02T18:37:27.000+09:00,222
nc6d374808a84,4539002,サイゴン山本,saigonyamamoto,2026-02-01T16:51:11.000+09:00,3246
nc6d374808a84,13100685,"みわ|""折れない仕事の続け方""を伝える看護師メンタルコーチ",limber_condor634,2026-02-01T16:46:41.000+09:00,1484
nc6d374808a84,11124958,ぶーちゃんばあばのお米屋さんnote,rental_farm,2026-02-01T15:55:52.000+09:00,4059
nc6d374808a84,7078968,RuRuru｜マイペースで気さく、おおむねご機嫌な人,clever_ixia29,2026-02-01T15:18:11.000+09:00,97
nc6d374808a84,11362312,桜田貴久｜未来から今を読み直すナビゲーター,sakurada_fin,2026-02-01T11:55:30.000+09:00,431
nc6d374808a84,3518896,村松慎一 / 日々のやりくりから、未来の成長まで。あなたの会社の名脇役。,shinichi0820,2026-02-01T10:48:56.000+09:00,660
nc6d374808a84,12237489,ちゃぶしろ/Chabu & Shironz,fine_donkey7827,2026-02-01T10:11:35.000+09:00,39
nc6d374808a84,7952619,楓夏,fuuka_0203,2026-02-01T10:03:14.000+09:00,501
nc6d374808a84,12392877,くすりの大嶋,nifty_worm1683,2026-02-01T09:07:09.000+09:00,53
nc6d374808a84,12599459,ひろ爺,noted_racoon6629,2026-02-01T04:41:55.000+09:00,799
nc6d374808a84,2640397,ベートーベン・日々をていねいに紡ぐ人（静かなベートーベンさんのファンです）,0100,2026-02-01T02:33:48.000+09:00,2056
nc6d374808a84,12496994,さいとうクリーニング　布団洗いが得意　齊藤師義,mitsuyoshisaitou,2026-01-31T23:07:19.000+09:00,643
nc6d374808a84,13425694,gach69,gach3411,2026-01-31T22:43:21.000+09:00,1161
nc6d374808a84,9002564,神楽坂スポーツ　現地レポート,dsp_note,2026-01-31T22:16:30.000+09:00,481
nc6d374808a84,13287724,stand_by_you,rich_tern3805,2026-01-31T22:16:14.000+09:00,47
nc6d374808a84,7095736,あきやま行政書士事務所,kind_kalmia962,2026-01-31T21:22:52.000+09:00,704
nc6d374808a84,8242640,Karmi暮らし便り,cute_ixia869,2026-01-31T21:16:08.000+09:00,46
nc6d374808a84,5426083,いまなら,imanara,2026-01-31T17:51:36.000+09:00,212
nc6d374808a84,12828389,白色のクーさん,rosy_hornet4736,2026-01-31T16:20:45.000+09:00,495
nc6d374808a84,10662345,harry,harry8310,2026-01-31T15:32:09.000+09:00,83
nc6d374808a84,13261566,Kumi｜50代｜シンママ｜中学受験｜大学受験｜教育費,cute_squid2419,2026-01-31T14:51:27.000+09:00,1054
nc6d374808a84,3072786,罪悪感課金0円 マインドプランナー｜ざわちゃん,zawa_bi,2026-01-31T13:56:06.000+09:00,195
nc6d374808a84,10854494,Methalune,methalune,2026-01-31T12:51:19.000+09:00,456
nc6d374808a84,12949707,愛のnote,aicocoro,2026-01-31T12:43:10.000+09:00,245
nc6d374808a84,12331748,AI短編工房,ai_tanpen_koubou,2026-01-31T11:37:44.000+09:00,1286
nc6d374808a84,1716533,何でもGo!!,5sun,2026-01-31T10:14:20.000+09:00,863
nc6d374808a84,11178988,＃ヒキダシ,hikidashi_,2026-01-31T10:03:29.000+09:00,1226
nc6d374808a84,13007950,弐恩(NION)｜HSP×AC×エンパス×不安障害×うつ病,keen_poppy9848,2026-01-31T06:25:52.000+09:00,568
nc6d374808a84,1059324,Masanobu Todome,todome,2026-01-31T02:36:09.000+09:00,232
nc6d374808a84,13432992,momo｜東京｜子育て｜地方出身,momo_note117,2026-01-30T23:23:25.000+09:00,543
nc6d374808a84,12891000,REN MASIRO｜言語化と構造で、心と行動をつなぐ,open_drake4639,2026-01-30T23:18:26.000+09:00,1737
nc6d374808a84,12885021,ただのかくひと。,tadanokakuhito,2026-01-30T22:55:08.000+09:00,70
nc6d374808a84,7515100,nonpono,nonpono,2026-01-30T22:48:29.000+09:00,325
nc6d374808a84,6097280,社畜と自営の二刀流窓山,ic0015,2026-01-30T20:37:35.000+09:00,208
nc6d374808a84,11091126,mako,genial_newt5169,2026-01-30T19:25:13.000+09:00,356
nc6d374808a84,5533501,div.rishi,div_rishi,2026-01-30T18:23:19.000+09:00,992
nc6d374808a84,13093842,GABHAUS真岡・日光建設,lucky_python427,2026-01-30T15:49:55.000+09:00,255
nc6d374808a84,12292846,TOMOTAN .,tomopon0358,2026-01-30T15:27:50.000+09:00,582
nc6d374808a84,2512306,アイラブ富士山   竹ちゃん,syotikumura_take,2026-01-30T15:10:10.000+09:00,16
nc6d374808a84,11220317,株式会社桑原組【公式】,kuwachan_1959,2026-01-30T14:35:48.000+09:00,202
nc6d374808a84,6880312,かいちょーさん（旧：PTAかいちょーさん）,tsubuyaki_mom,2026-01-30T11:59:48.000+09:00,972
nc6d374808a84,7157194,地方の鷹 / chihonotaka,chihonotaka,2026-01-30T10:43:08.000+09:00,717
nc6d374808a84,12591374,ケンタロウ/gr.minpaku,merry_robin6845,2026-01-30T08:39:09.000+09:00,471
nc6d374808a84,11878886,きゅう｜暮らしととのえLabo,dear_duck9350,2026-01-30T08:14:14.000+09:00,1924
nc6d374808a84,13348670,カンサツ,log317,2026-01-30T07:35:30.000+09:00,739
nc6d374808a84,13196316,ゆいか,juicy_oxalis6951,2026-01-30T07:30:48.000+09:00,413
nc6d374808a84,2038537,吉永早希｜ライフキャリア二拠点戦略 “これからの働き方”を再編集する,saki_y,2026-01-30T07:29:43.000+09:00,773
nc6d374808a84,12675061,とも,famous_skink8709,2026-01-30T07:17:10.000+09:00,712
nc6d374808a84,12563512,毎日キバロー,great_turtle6689,2026-01-30T06:50:59.000+09:00,2852
nc6d374808a84,10820488,テイクバック,limber_dahlia839,2026-01-30T06:42:16.000+09:00,1142
nc6d374808a84,4799221,Akutsu,3223_akutsu,2026-01-30T06:34:49.000+09:00,611
nc6d374808a84,8950782,まんぷく,fp_manpuku,2026-01-30T03:04:48.000+09:00,347
nc6d374808a84,4951982,KAITO,89198919,2026-01-30T02:10:33.000+09:00,277
nc6d374808a84,9755889,コウゾウ,wkouki0512,2026-01-29T23:03:55.000+09:00,101
nc6d374808a84,12385127,超育休志向｜りさ ＆ ゆういち,comfamily_lab,2026-01-29T22:52:26.000+09:00,501
nc6d374808a84,13460981,じゅん,jun_nisa,2026-01-29T22:40:46.000+09:00,307
nc6d374808a84,6455259,ミラ,mira_logs,2026-01-29T22:24:49.000+09:00,819
nc6d374808a84,9489656,MeGood,megood_1028,2026-01-29T22:18:40.000+09:00,61
nc6d374808a84,3931094,藤井純平,junfuji19980130,2026-01-29T22:07:07.000+09:00,360
nc6d374808a84,12909615,yui,ready_colt9052,2026-01-29T21:25:19.000+09:00,278
nc6d374808a84,4242979,パパロンチーノ,naridai7260,2026-01-29T21:19:29.000+09:00,485
nc6d374808a84,13405464,木漏れ日亭,komorebi_tei,2026-01-29T21:09:17.000+09:00,584
nd1c61280f3f9,13613385,羅生門SKY,codex_strategy,2026-05-21T23:55:49.000+09:00,418
nd1c61280f3f9,12377105,まるよか,yokayoka5103,2026-04-29T15:04:31.000+09:00,1361
nd1c61280f3f9,5828006,まなつ/突出マイノリティ列伝,tosshutsu_m,2026-04-04T23:42:04.000+09:00,6133
nd1c61280f3f9,13815192,鷹月(たかつき)｜個人開発者,growth_lab710,2026-03-18T21:15:58.000+09:00,91
nd1c61280f3f9,12789134,とり,tori2323,2026-02-28T23:59:16.000+09:00,2729
nd1c61280f3f9,11829632,🎸陰陽猫│夏火少年,like_coyote9911,2026-02-28T02:32:03.000+09:00,434
nd1c61280f3f9,12971015,不登校兄妹×スピ人×シンママ,supibito,2026-02-26T22:33:33.000+09:00,443
nd1c61280f3f9,11811910,toki　星野リゾート,cloud_time_toki,2026-02-25T00:39:14.000+09:00,86
nd1c61280f3f9,11413464,パンダ,limber_zephyr577,2026-02-23T07:46:59.000+09:00,153
nd1c61280f3f9,11051856,光と風のアルバム,hk_photo,2026-02-22T07:26:08.000+09:00,1171
nd1c61280f3f9,13715223,shichimi,stm505,2026-02-20T02:42:09.000+09:00,0
nd1c61280f3f9,11707198,momo・50代からの在宅ワーク🍀,limber_cedum2862,2026-02-18T22:37:28.000+09:00,187
nd1c61280f3f9,13734356,嘉瀬宏太,apt_salvia4063,2026-02-18T19:51:39.000+09:00,32
nd1c61280f3f9,13375916,薪kamo/火のある暮らしを求める記録,apt_nerine7535,2026-02-17T08:20:09.000+09:00,37
nd1c61280f3f9,13107073,ルパン・ザ・アート,lupin_the_art,2026-02-17T06:54:06.000+09:00,207
nd1c61280f3f9,12301144,ゆぴか ☀︎在宅で働きたい主婦（ちょっとワケあり）,tasty_quoll5392,2026-02-16T15:11:25.000+09:00,679
nd1c61280f3f9,11866617,「脳内迷子くん」,clever_plover404,2026-02-16T12:42:18.000+09:00,232
nd1c61280f3f9,9925859,現実をほぐす言霊言語化師｜星岡東步（とほ）,toho_hoshioka369,2026-02-13T04:40:44.000+09:00,161
nd1c61280f3f9,2727530,kaori,frau34,2026-02-12T07:58:32.000+09:00,278
nd1c61280f3f9,2622560,丸々,ul_3k,2026-02-12T00:15:47.000+09:00,390
nd1c61280f3f9,3532553,Saori Saeki｜人生の転換期に寄り添うライフコーチ,saori10,2026-02-11T03:31:54.000+09:00,256
nd1c61280f3f9,13574007,🍀ベンジャミン🍀,noble_spirea7217,2026-02-10T20:43:30.000+09:00,767
nd1c61280f3f9,13252973,ちいくわ,tender_avocet451,2026-02-09T13:29:55.000+09:00,151
nd1c61280f3f9,9721412,市山雄喜（麺食い太郎）　ブロガー兼Webライター,fit_sloth2440,2026-02-09T12:37:06.000+09:00,589
nd1c61280f3f9,13293402,にゃんぽこ,pure_poppy8561,2026-02-08T12:47:11.000+09:00,635
nd1c61280f3f9,2755847,小山 睦男　書籍コーディネータ,koyamamutsuo2020,2026-02-07T20:47:00.000+09:00,277
nd1c61280f3f9,12537592,necoce(ねこす),necoce,2026-02-07T12:44:21.000+09:00,11
nd1c61280f3f9,11637703,コジクン,like_curlew3433,2026-02-04T15:52:22.000+09:00,395
nd1c61280f3f9,12095976,トクコウ｜「めんどくさい」はチャンスの宝庫,toku_kou,2026-02-03T20:06:02.000+09:00,519
nd1c61280f3f9,7278954,譬喩@理論構築技士,hatiskoll,2026-02-02T21:47:15.000+09:00,771
nd1c61280f3f9,7078968,RuRuru｜マイペースで気さく、おおむねご機嫌な人,clever_ixia29,2026-02-01T15:17:18.000+09:00,97
nd1c61280f3f9,2640397,ベートーベン・日々をていねいに紡ぐ人（静かなベートーベンさんのファンです）,0100,2026-02-01T06:28:57.000+09:00,2056
nd1c61280f3f9,12599459,ひろ爺,noted_racoon6629,2026-02-01T04:41:04.000+09:00,799
nd1c61280f3f9,9002564,神楽坂スポーツ　現地レポート,dsp_note,2026-01-31T22:16:31.000+09:00,481
nd1c61280f3f9,10662345,harry,harry8310,2026-01-31T15:32:14.000+09:00,83
nd1c61280f3f9,3072786,罪悪感課金0円 マインドプランナー｜ざわちゃん,zawa_bi,2026-01-31T13:56:12.000+09:00,195
nd1c61280f3f9,11363994,Myung@みょんの好き推しnote🎯,sakura_buncho,2026-01-31T13:39:15.000+09:00,930
nd1c61280f3f9,12949707,愛のnote,aicocoro,2026-01-31T12:44:05.000+09:00,245
nd1c61280f3f9,1716533,何でもGo!!,5sun,2026-01-31T10:14:26.000+09:00,863
nd1c61280f3f9,12601404,オペラシンフォニー｜元証券マン,crisp_pony6313,2026-01-31T08:20:56.000+09:00,775
nd1c61280f3f9,13007950,弐恩(NION)｜HSP×AC×エンパス×不安障害×うつ病,keen_poppy9848,2026-01-31T06:25:41.000+09:00,568
nd1c61280f3f9,12891000,REN MASIRO｜言語化と構造で、心と行動をつなぐ,open_drake4639,2026-01-30T23:18:15.000+09:00,1737
nd1c61280f3f9,12885021,ただのかくひと。,tadanokakuhito,2026-01-30T22:54:06.000+09:00,70
nd1c61280f3f9,7515100,nonpono,nonpono,2026-01-30T22:48:36.000+09:00,325
nd1c61280f3f9,6097280,社畜と自営の二刀流窓山,ic0015,2026-01-30T20:37:39.000+09:00,208
nd1c61280f3f9,13093842,GABHAUS真岡・日光建設,lucky_python427,2026-01-30T15:49:57.000+09:00,255
nd1c61280f3f9,13031059,ひより@noteで人生を立て直したいワーママ,hiyori_tryagain,2026-01-30T14:04:11.000+09:00,1233
nd1c61280f3f9,13196316,ゆいか,juicy_oxalis6951,2026-01-30T07:30:46.000+09:00,413
nd1c61280f3f9,12621147,ヒロ｜noteの応援人📣,real_robin7265,2026-01-30T03:41:50.000+09:00,181
nd1c61280f3f9,10388736,Solina_note,cheeky_quail6028,2026-01-29T22:51:46.000+09:00,225
nd1c61280f3f9,13300301,こうたろう,fresh_mink6193,2026-01-29T20:27:48.000+09:00,181
nd1c61280f3f9,13162655,無料枠AI探求者,merry_moraea681,2026-01-29T19:56:52.000+09:00,247
nd1c61280f3f9,13460981,じゅん,jun_nisa,2026-01-29T19:52:38.000+09:00,307
nd1c61280f3f9,13177416,harashiの日記 ,harashi_nikki,2026-01-29T19:31:57.000+09:00,359
nd1c61280f3f9,13258082,Dr.t,drt_base,2026-01-29T18:26:14.000+09:00,282
nd1c61280f3f9,6807090,はまちゃん,bins6060,2026-01-29T18:25:21.000+09:00,245
nd1c61280f3f9,5533501,div.rishi,div_rishi,2026-01-29T18:09:33.000+09:00,992
nd1c61280f3f9,13208965,小林｜迷いを整理して「決める」note,kimerunote,2026-01-29T17:21:57.000+09:00,150
nd1c61280f3f9,13340950,向日葵じまにゃん🌻【メンシプ専用】,jimanyan_m,2026-01-29T17:21:46.000+09:00,468
nd1c61280f3f9,10709151,おまゆ │ 月5万プラスの副業ワーママ🌈,mayu_money,2026-01-29T16:23:04.000+09:00,822
nd1c61280f3f9,13429591,読書後のサンプルAの日常,subject_a,2026-01-29T12:12:28.000+09:00,350
nd1c61280f3f9,12331748,AI短編工房,ai_tanpen_koubou,2026-01-29T10:37:09.000+09:00,1286
nd1c61280f3f9,7157194,地方の鷹 / chihonotaka,chihonotaka,2026-01-29T10:29:22.000+09:00,717
nd1c61280f3f9,12747478,さくらゆい,sakura__yui,2026-01-29T08:20:02.000+09:00,1629
nd1c61280f3f9,11362312,桜田貴久｜未来から今を読み直すナビゲーター,sakurada_fin,2026-01-28T23:02:43.000+09:00,431
nd1c61280f3f9,12452097,幹夫｜スクールカウンセラー23年｜生きやすくなる考え方を探究＆発信,calm_viper9188,2026-01-28T22:08:13.000+09:00,2242
nd1c61280f3f9,12385127,超育休志向｜りさ ＆ ゆういち,comfamily_lab,2026-01-28T21:19:48.000+09:00,501
nd1c61280f3f9,11702028,信太郎,yama_8160,2026-01-28T20:19:41.000+09:00,1372
nd1c61280f3f9,13061878,ぶーちゃんばあばと農家さんの直販ラボ,buuchan2,2026-01-28T20:11:19.000+09:00,877
nd1c61280f3f9,12909162,鮭ノート！,syake2025,2026-01-28T20:09:17.000+09:00,443
nd1c61280f3f9,12891540,Shige.T,shige_thai,2026-01-28T19:47:58.000+09:00,242
nd1c61280f3f9,13266641,コーヒー好きのペソアさん,pessoa2025,2026-01-28T19:41:24.000+09:00,711
nd1c61280f3f9,9156440,ホッチャレディー　あわんた,pure_wren5326,2026-01-28T17:47:36.000+09:00,1008
nd1c61280f3f9,12046627,えみ|人生の迷子センター係,emiverse33,2026-01-28T15:48:31.000+09:00,341
nd1c61280f3f9,13297721,松尾尚紀 I松尾創無店,naonaomnao,2026-01-28T13:49:00.000+09:00,42
nd1c61280f3f9,10820488,テイクバック,limber_dahlia839,2026-01-28T11:33:14.000+09:00,1142
nd1c61280f3f9,12873400,蛙　蛙🐸元SEのカウンセラー,kaeru_care,2026-01-28T10:21:01.000+09:00,2089
nd1c61280f3f9,12591374,ケンタロウ/gr.minpaku,merry_robin6845,2026-01-28T09:19:08.000+09:00,471
nd1c61280f3f9,12951329,あり｜100の「好き」を書き連ねる新卒2年目🌼,ari_happylife,2026-01-28T09:06:03.000+09:00,258
nd1c61280f3f9,5958915,彩｜インタビューライター/デザイナー,gentle_echium333,2026-01-28T08:42:21.000+09:00,114
nd1c61280f3f9,11416616,影武者コピーライター宮本真愿,5starcopy,2026-01-28T07:34:36.000+09:00,16047
nd1c61280f3f9,12360319,ごまめ,ai_progress,2026-01-28T04:55:07.000+09:00,2731
nd1c61280f3f9,4951982,KAITO,89198919,2026-01-28T04:32:26.000+09:00,277
nd1c61280f3f9,12806920,みあ,bold_hawk9783,2026-01-28T04:18:47.000+09:00,341
nd1c61280f3f9,12157269,ken ｜ 完全無課金AI戦略 × note運営,noted_sheep3883,2026-01-28T00:49:06.000+09:00,3214
nd1c61280f3f9,13348371,Kitten Kiki,kittenkiki15,2026-01-28T00:10:21.000+09:00,108
nd1c61280f3f9,12285454,Yeahlph_GZ（イェルフ_ジーゼット）,lofty_myrtle1167,2026-01-27T23:01:25.000+09:00,561
nd1c61280f3f9,12297006,みなてぃ,minaty_chronicle,2026-01-27T22:11:22.000+09:00,467
nd1c61280f3f9,9701243,小酒井ナミ｜移住｜小説,kosakainami,2026-01-27T21:52:16.000+09:00,924
nd1c61280f3f9,13281186,さくさく|そっと寄り添う日々,jidoukan_judge,2026-01-27T21:41:38.000+09:00,1661
nd1c61280f3f9,9489656,MeGood,megood_1028,2026-01-27T21:36:50.000+09:00,61
n6625a4f30d7f,12032174,yayachico,open_magpie7814,2026-05-13T09:52:40.000+09:00,101
n6625a4f30d7f,13267244,啓浄 | 余白を共創するコーチ,vision_retreat,2026-05-10T13:36:31.000+09:00,2061
n6625a4f30d7f,12377105,まるよか,yokayoka5103,2026-04-29T15:03:43.000+09:00,1361
n6625a4f30d7f,5828006,まなつ/突出マイノリティ列伝,tosshutsu_m,2026-04-04T23:41:36.000+09:00,6133
n6625a4f30d7f,13613385,羅生門SKY,codex_strategy,2026-04-04T17:44:53.000+09:00,418
n6625a4f30d7f,11264208,時空の空猫,quiet_murre4667,2026-04-04T00:34:26.000+09:00,1707
n6625a4f30d7f,13898210,主婦にだってできるもん。,shirokuro3215,2026-03-20T13:59:25.000+09:00,329
n6625a4f30d7f,13117106,ことすのぱぱ,kotosunopapa,2026-03-06T09:00:09.000+09:00,94
n6625a4f30d7f,12789134,とり,tori2323,2026-02-28T23:58:15.000+09:00,2729
n6625a4f30d7f,11829632,🎸陰陽猫│夏火少年,like_coyote9911,2026-02-28T02:31:40.000+09:00,434
n6625a4f30d7f,13225865,keizoです｜うつゼロへ,brain_keizoo,2026-02-25T13:21:07.000+09:00,109
n6625a4f30d7f,11811910,toki　星野リゾート,cloud_time_toki,2026-02-25T00:40:20.000+09:00,86
n6625a4f30d7f,13107073,ルパン・ザ・アート,lupin_the_art,2026-02-24T18:55:35.000+09:00,207
n6625a4f30d7f,13598287,くりからblog,kurikara_blog,2026-02-17T08:18:12.000+09:00,4
n6625a4f30d7f,13146339,リアル閉じ師イッチ,good_peony1531,2026-02-17T08:11:06.000+09:00,208
n6625a4f30d7f,12301144,ゆぴか ☀︎在宅で働きたい主婦（ちょっとワケあり）,tasty_quoll5392,2026-02-16T15:10:54.000+09:00,679
n6625a4f30d7f,7823822,はぐれパパ＠詩人失格,papa411477,2026-02-14T03:18:27.000+09:00,71
n6625a4f30d7f,13448303,おもちこもちママ,vivid_plover2965,2026-02-13T12:51:21.000+09:00,5
n6625a4f30d7f,9925859,現実をほぐす言霊言語化師｜星岡東步（とほ）,toho_hoshioka369,2026-02-13T04:38:52.000+09:00,161
n6625a4f30d7f,13457933,AKHR LAB｜あなたの背中をそっと押します,dandy_squid7997,2026-02-12T17:47:18.000+09:00,17
n6625a4f30d7f,12838875,crimson04,crimson04,2026-02-12T12:32:52.000+09:00,399
n6625a4f30d7f,2622560,丸々,ul_3k,2026-02-12T00:17:57.000+09:00,390
n6625a4f30d7f,13476435,のんびり先生,sensei_enjoy,2026-02-11T09:42:05.000+09:00,906
n6625a4f30d7f,3532553,Saori Saeki｜人生の転換期に寄り添うライフコーチ,saori10,2026-02-11T03:31:08.000+09:00,256
n6625a4f30d7f,13574007,🍀ベンジャミン🍀,noble_spirea7217,2026-02-10T20:42:16.000+09:00,767
n6625a4f30d7f,11455763,ホンゴウタケシ,mute_aster7178,2026-02-08T20:15:32.000+09:00,628
n6625a4f30d7f,11784686,いやさかあつまる @AIコンサルタント・Webライター,atsumaru_jinjya,2026-02-08T14:31:04.000+09:00,149
n6625a4f30d7f,13293402,にゃんぽこ,pure_poppy8561,2026-02-08T12:46:54.000+09:00,635
n6625a4f30d7f,2755847,小山 睦男　書籍コーディネータ,koyamamutsuo2020,2026-02-07T20:47:19.000+09:00,277
n6625a4f30d7f,11795813,あっちゃん／noteとSNSだけで古民家宿を作れるか挑戦中,slowcampgo,2026-02-07T11:55:43.000+09:00,2780
n6625a4f30d7f,13056616,林呉武士(Ringo Takeshi),heartanalysis,2026-02-06T12:55:50.000+09:00,122
n6625a4f30d7f,11141735,えんじ／余白の隣で、あわいを耕す,grand_abelia5573,2026-02-05T19:34:52.000+09:00,217
n6625a4f30d7f,11443359,イチカクダイスケ,royal_beetle6584,2026-02-04T22:02:18.000+09:00,270
n6625a4f30d7f,438327,味岡マロン,hiroponsai,2026-02-04T16:36:17.000+09:00,206
n6625a4f30d7f,12185509,ととのえ｜IT・AI推進の文系副業会社員｜仕事も暮らしもやさしく整える,odayaka_worklife,2026-02-03T20:31:04.000+09:00,1089
n6625a4f30d7f,12095976,トクコウ｜「めんどくさい」はチャンスの宝庫,toku_kou,2026-02-03T20:05:27.000+09:00,519
n6625a4f30d7f,7278954,譬喩@理論構築技士,hatiskoll,2026-02-02T21:47:23.000+09:00,771
n6625a4f30d7f,7078968,RuRuru｜マイペースで気さく、おおむねご機嫌な人,clever_ixia29,2026-02-01T15:16:29.000+09:00,97
n6625a4f30d7f,13116574,にゃん太郎🐾,aku001tagmailcom,2026-02-01T09:43:11.000+09:00,666
n6625a4f30d7f,6133705,朝倉穂高 D.C.,asakurahodaka_dc,2026-02-01T09:16:58.000+09:00,320
n6625a4f30d7f,1021685,かとー｜ロングステイ民泊,c7kato,2026-02-01T07:56:04.000+09:00,201
n6625a4f30d7f,13393163,宿のWebと集客の中の人l元リク,seil_partner,2026-02-01T01:18:51.000+09:00,153
n6625a4f30d7f,9002564,神楽坂スポーツ　現地レポート,dsp_note,2026-01-31T22:16:27.000+09:00,481
n6625a4f30d7f,10317740,がわち,easy_lion3233,2026-01-31T20:14:27.000+09:00,848
n6625a4f30d7f,3072786,罪悪感課金0円 マインドプランナー｜ざわちゃん,zawa_bi,2026-01-31T13:56:10.000+09:00,195
n6625a4f30d7f,11363994,Myung@みょんの好き推しnote🎯,sakura_buncho,2026-01-31T13:37:35.000+09:00,930
n6625a4f30d7f,13355143,Arts0001,good_orca9170,2026-01-31T07:54:24.000+09:00,172
n6625a4f30d7f,13007950,弐恩(NION)｜HSP×AC×エンパス×不安障害×うつ病,keen_poppy9848,2026-01-31T06:23:56.000+09:00,568
n6625a4f30d7f,12885021,ただのかくひと。,tadanokakuhito,2026-01-30T22:52:42.000+09:00,70
n6625a4f30d7f,1031102,織原 一然(かずしか)_マクロ経済学考察ノート,orihara22,2026-01-30T22:06:20.000+09:00,301
n6625a4f30d7f,6097280,社畜と自営の二刀流窓山,ic0015,2026-01-30T20:37:48.000+09:00,208
n6625a4f30d7f,12891000,REN MASIRO｜言語化と構造で、心と行動をつなぐ,open_drake4639,2026-01-30T19:26:29.000+09:00,1737
n6625a4f30d7f,13031059,ひより@noteで人生を立て直したいワーママ,hiyori_tryagain,2026-01-30T14:04:44.000+09:00,1233
n6625a4f30d7f,10388736,Solina_note,cheeky_quail6028,2026-01-29T22:50:52.000+09:00,225
n6625a4f30d7f,13300301,こうたろう,fresh_mink6193,2026-01-29T20:27:51.000+09:00,181
n6625a4f30d7f,13177416,harashiの日記 ,harashi_nikki,2026-01-29T19:30:57.000+09:00,359
n6625a4f30d7f,5533501,div.rishi,div_rishi,2026-01-29T18:09:37.000+09:00,992
n6625a4f30d7f,13340950,向日葵じまにゃん🌻【メンシプ専用】,jimanyan_m,2026-01-29T17:21:47.000+09:00,468
n6625a4f30d7f,13484354,Show | AI×複数物販戦略家,xnote_show,2026-01-29T12:53:40.000+09:00,186
n6625a4f30d7f,12073810,こそだて修行中。,deep_pika6604,2026-01-29T12:35:33.000+09:00,5
n6625a4f30d7f,13429591,読書後のサンプルAの日常,subject_a,2026-01-29T12:12:27.000+09:00,350
n6625a4f30d7f,12909615,yui,ready_colt9052,2026-01-29T09:33:21.000+09:00,278
n6625a4f30d7f,12969246,Koichi＠17kg軽量化エンジニア,lightweight_eng,2026-01-29T06:06:18.000+09:00,15
n6625a4f30d7f,12385127,超育休志向｜りさ ＆ ゆういち,comfamily_lab,2026-01-28T21:19:08.000+09:00,501
n6625a4f30d7f,5774209,しのゆか,shinoyuka,2026-01-28T18:48:08.000+09:00,38
n6625a4f30d7f,12046627,えみ|人生の迷子センター係,emiverse33,2026-01-28T15:46:59.000+09:00,341
n6625a4f30d7f,9462569,構造のロジック,hara3281,2026-01-28T12:34:28.000+09:00,3100
n6625a4f30d7f,12951329,あり｜100の「好き」を書き連ねる新卒2年目🌼,ari_happylife,2026-01-28T09:06:04.000+09:00,258
n6625a4f30d7f,9156440,ホッチャレディー　あわんた,pure_wren5326,2026-01-27T22:48:07.000+09:00,1008
n6625a4f30d7f,11357753,滋山,lucid_flea6426,2026-01-27T20:57:23.000+09:00,59
n6625a4f30d7f,12792180,pts,pts_,2026-01-27T20:09:43.000+09:00,3
n6625a4f30d7f,12069736,manu | がんばらない暮らし研究室,easy_living_labo,2026-01-27T20:01:55.000+09:00,630
n6625a4f30d7f,12915453,崖っぷちママ,miyaking62,2026-01-27T19:59:47.000+09:00,110
n6625a4f30d7f,8400967,主人公,impermanense,2026-01-27T19:39:06.000+09:00,2345
n6625a4f30d7f,11416616,影武者コピーライター宮本真愿,5starcopy,2026-01-27T19:25:25.000+09:00,16047
n6625a4f30d7f,12873400,蛙　蛙🐸元SEのカウンセラー,kaeru_care,2026-01-27T19:24:22.000+09:00,2089
n6625a4f30d7f,3921126,くまくんまんが,kumakunmanga,2026-01-27T18:49:03.000+09:00,1632
n6625a4f30d7f,11466914,「やさしサウナびより｜50代サウナ初心者,firm_ixora2336,2026-01-27T18:15:12.000+09:00,978
n6625a4f30d7f,13178527,願鼎 ねがいかなえ,negai17_,2026-01-27T18:10:25.000+09:00,7
n6625a4f30d7f,1593485,ケンビ＠いつかは賢い年金生活,kenbi33,2026-01-27T17:40:37.000+09:00,1239
n6625a4f30d7f,570500,還暦を迎えた元漫画家,motomangaka,2026-01-27T16:54:58.000+09:00,1171
n6625a4f30d7f,3649730,RION,rion292624,2026-01-27T16:24:59.000+09:00,70
n6625a4f30d7f,13126943,そよ,vivid_peony5317,2026-01-27T14:45:33.000+09:00,729
n6625a4f30d7f,13465887,AKI.note1989,deep_newt2594,2026-01-27T14:25:15.000+09:00,347
n6625a4f30d7f,13208965,小林｜迷いを整理して「決める」note,kimerunote,2026-01-27T13:52:59.000+09:00,150
n6625a4f30d7f,12360888,［劇団］AI-世界を掘る-,gekidan_ai,2026-01-27T09:44:51.000+09:00,2717
n6625a4f30d7f,13083047,けん爺｜迷走中,natty_toad158,2026-01-26T21:40:20.000+09:00,195
n6625a4f30d7f,735027,悠渡(ゆうと)ミニマリスト潜在意識を学ぶ,yutoimai,2026-01-26T18:39:05.000+09:00,2517
n6625a4f30d7f,13266641,コーヒー好きのペソアさん,pessoa2025,2026-01-26T18:30:24.000+09:00,711
n6625a4f30d7f,11871670,結月ひかり｜30代婚活ブログ,hikari_marriage,2026-01-26T18:04:51.000+09:00,495
n6625a4f30d7f,13317066,emi｜民泊について語りたい,emi_emowa,2026-01-26T18:01:53.000+09:00,113
n6625a4f30d7f,9701243,小酒井ナミ｜移住｜小説,kosakainami,2026-01-26T14:55:58.000+09:00,924
n6625a4f30d7f,11519236,あお @言葉と風景,hanasakisoma,2026-01-26T13:56:58.000+09:00,1344
n6625a4f30d7f,11878886,きゅう｜暮らしととのえLabo,dear_duck9350,2026-01-26T12:21:53.000+09:00,1924
n6625a4f30d7f,12106384,moci moci 可視総合光線療法,charm_phlox8784,2026-01-26T10:49:38.000+09:00,1618
n6625a4f30d7f,12300232,株式会社DAICHU_大中智史,daichu_drum,2026-01-26T10:03:35.000+09:00,494
n6625a4f30d7f,10578680,＜ 京都黒いちじく ＞ おおつき農園,kyotootsuki,2026-01-26T09:33:02.000+09:00,1086
n6625a4f30d7f,13314823,saya,5a_8_ti_gio,2026-01-26T09:28:49.000+09:00,20
n6625a4f30d7f,2120483,リピスタ神（ジン）,repeatstylejin,2026-01-26T08:30:20.000+09:00,1217
n6625a4f30d7f,12591374,ケンタロウ/gr.minpaku,merry_robin6845,2026-01-26T08:27:30.000+09:00,471
n6625a4f30d7f,12971533,ぽん太｜歌うたいのエンジニア,lithe_liger9743,2026-01-26T06:33:55.000+09:00,916
n6625a4f30d7f,9489656,MeGood,megood_1028,2026-01-26T06:24:24.000+09:00,61
n6625a4f30d7f,9728016,雷神マガジン－ひとりでできるamazon物販ビジネス－,sedoritool_pu,2026-01-26T04:07:36.000+09:00,1227
n6625a4f30d7f,4951982,KAITO,89198919,2026-01-26T02:43:06.000+09:00,277
n6625a4f30d7f,13281186,さくさく|そっと寄り添う日々,jidoukan_judge,2026-01-25T23:52:38.000+09:00,1661
n6625a4f30d7f,9847195,株について淡々と語る人,mild_phlox8793,2026-01-25T23:01:06.000+09:00,3596
n6625a4f30d7f,12452748,あかまるメディラボ,lofty_sorrel169,2026-01-25T22:55:48.000+09:00,881
n6625a4f30d7f,11891681,ゆうり,yuriyuri77_,2026-01-25T22:26:45.000+09:00,307
n6625a4f30d7f,12617998,まり　〜ちいさなてのひら〜,rainbow_hoiku,2026-01-25T22:19:32.000+09:00,878
n31b4a8a30372,8857122,うるるん,nice_daisy957,2026-05-24T20:54:36.000+09:00,995
n31b4a8a30372,13764080,まこ＠薬草魔女バァバ,picking_stars,2026-05-20T14:24:29.000+09:00,271
n31b4a8a30372,5330022,Marie | まりーの小さな⚙️歯車⚙️ラボ🔬,marie_222,2026-05-13T00:41:57.000+09:00,23
n31b4a8a30372,12377105,まるよか,yokayoka5103,2026-04-29T15:02:05.000+09:00,1361
n31b4a8a30372,11873640,まりな☕｜不安障害でも子育て&パート事務,honest_agapan847,2026-04-24T13:14:40.000+09:00,415
n31b4a8a30372,13657587,花山モズ,merry_poppy1817,2026-04-09T13:02:32.000+09:00,899
n31b4a8a30372,13773889,piro,shiriki519,2026-04-08T22:16:55.000+09:00,231
n31b4a8a30372,13506819,notetotomoni,notetotomoni,2026-04-05T16:01:22.000+09:00,275
n31b4a8a30372,6905415,豹子頭 林冲,hyousitou,2026-04-02T22:07:43.000+09:00,269
n31b4a8a30372,13847631,ずぼらおうち英語でも子供達４人は高い英語力♪ anahataai,tkmktm,2026-03-29T08:17:18.000+09:00,136
n31b4a8a30372,9337161,カオリイロ|魂を香らせる生き方探求|　　,kaoriiro2525,2026-03-25T10:31:49.000+09:00,263
n31b4a8a30372,4877017,須川元介/情報翻訳家,skagenavi,2026-03-18T23:07:42.000+09:00,2312
n31b4a8a30372,13783431,再構築ノート｜taku.,takurebuildnote,2026-03-16T10:28:48.000+09:00,386
n31b4a8a30372,13117106,ことすのぱぱ,kotosunopapa,2026-03-06T08:54:14.000+09:00,94
n31b4a8a30372,13476606,pino,ripe_donkey5751,2026-03-05T23:38:44.000+09:00,204
n31b4a8a30372,13202818,Pas de Chat,anne_pink,2026-03-01T15:47:17.000+09:00,116
n31b4a8a30372,12789134,とり,tori2323,2026-02-28T23:57:57.000+09:00,2729
n31b4a8a30372,11829632,🎸陰陽猫│夏火少年,like_coyote9911,2026-02-28T02:31:07.000+09:00,434
n31b4a8a30372,10175064,雪綴ゆき,wise_rat6355,2026-02-26T13:41:20.000+09:00,6352
n31b4a8a30372,10539161,傘友日記／©安藤安仔,kasa_tomo_nikki,2026-02-25T12:52:54.000+09:00,1
n31b4a8a30372,13107073,ルパン・ザ・アート,lupin_the_art,2026-02-24T18:55:43.000+09:00,207
n31b4a8a30372,13533445,ライカ＠自己語り,fancy_ram9927,2026-02-23T20:46:46.000+09:00,32
n31b4a8a30372,13750883,💥　ニホンがヤバい！？　✨,nazo_abaku,2026-02-22T15:23:25.000+09:00,413
n31b4a8a30372,10458478,HANA,flower_tatibana,2026-02-21T15:58:54.000+09:00,562
n31b4a8a30372,13761129,R｜Redesigning Life,re_lifelab,2026-02-21T14:42:26.000+09:00,31
n31b4a8a30372,1427293,ふかさわくげた,noted_orchid569,2026-02-20T01:12:19.000+09:00,355
n31b4a8a30372,12323208,ジョルダン・スクール＆スペース志木,jorudan_ss_shiki,2026-02-18T17:05:33.000+09:00,189
n31b4a8a30372,11443359,イチカクダイスケ,royal_beetle6584,2026-02-14T20:57:38.000+09:00,270
n31b4a8a30372,12023817,Mari｜育休中,leal_allium24,2026-02-10T22:46:50.000+09:00,124
n31b4a8a30372,7703704,清宮ゆうか｜年子兄妹のママ・薬剤師,yuka_k_mom,2026-02-10T00:49:54.000+09:00,1295
n31b4a8a30372,9237407,しのぎ,kaneyasu043,2026-02-09T22:14:25.000+09:00,34
n31b4a8a30372,13261700,境　真実@選択肢を減らさない為の休憩所,major_oriole6839,2026-02-09T15:14:22.000+09:00,480
n31b4a8a30372,13255229,イエローアップル　6546,alive_ruff6546,2026-02-09T15:09:41.000+09:00,291
n31b4a8a30372,13252973,ちいくわ,tender_avocet451,2026-02-09T13:31:04.000+09:00,151
n31b4a8a30372,12199541,有限夢想家,humble_dahlia350,2026-02-09T12:30:11.000+09:00,165
n31b4a8a30372,13574007,🍀ベンジャミン🍀,noble_spirea7217,2026-02-08T15:20:04.000+09:00,767
n31b4a8a30372,13498813,様々,bold_tucan2026,2026-02-08T14:15:51.000+09:00,549
n31b4a8a30372,12615313,百藤momofuji,human_yeti233,2026-02-08T11:33:42.000+09:00,97
n31b4a8a30372,13622320,ゆい🌸AI×主婦副業の教科書,honest_chives929,2026-02-08T08:33:24.000+09:00,27
n31b4a8a30372,10425520,とりあえず、ブサネコ®　by  Y Harada,legal_clover3490,2026-02-08T07:23:09.000+09:00,704
n31b4a8a30372,2755847,小山 睦男　書籍コーディネータ,koyamamutsuo2020,2026-02-07T20:47:25.000+09:00,277
n31b4a8a30372,10087561,つきみ,fresh_holly5093,2026-02-07T13:30:43.000+09:00,0
n31b4a8a30372,10927948,nanairo ,ilonoha,2026-02-07T10:10:30.000+09:00,22
n31b4a8a30372,12816465,けい@AIと共に未来を作るクリエイター🌈,ak_hikiyose,2026-02-06T23:08:30.000+09:00,6072
n31b4a8a30372,13429048,チェブ爺,ample_pothos5464,2026-02-05T20:52:51.000+09:00,230
n31b4a8a30372,13554368,真聖ロマネ,romane_masho2601,2026-02-05T08:56:36.000+09:00,2
n31b4a8a30372,10802158,地球で悦ぶ,deep_tapir6287,2026-02-04T21:51:24.000+09:00,15
n31b4a8a30372,12186856,midori,genial_skink8571,2026-02-04T18:17:25.000+09:00,260
n31b4a8a30372,11384333,うめこぶ,umekobu_cafe3,2026-02-04T17:50:40.000+09:00,7
n31b4a8a30372,12669542,ママルーム,mamaroooom,2026-02-04T11:20:02.000+09:00,262
n31b4a8a30372,11546387,くるもこ｜元教員がサポート伴走します,oyasien_kurumoko,2026-02-02T21:50:44.000+09:00,93
n31b4a8a30372,7278954,譬喩@理論構築技士,hatiskoll,2026-02-02T21:47:24.000+09:00,771
n31b4a8a30372,13511048,Yuricocoro/年齢を味方に生きる,yuricocoro_0326,2026-02-02T18:20:06.000+09:00,118
n31b4a8a30372,9142294,Ma-さん｜人生を遠回りしてきた先輩,major_ixia210,2026-02-01T23:51:21.000+09:00,489
n31b4a8a30372,948059,SatoSato,satobar,2026-02-01T22:26:15.000+09:00,399
n31b4a8a30372,7185658,高取しづか｜ママのコミュトレの先生,shizuka_kosodate,2026-02-01T19:31:18.000+09:00,1257
n31b4a8a30372,12729522,Sunny,legal_bear9999,2026-02-01T18:42:55.000+09:00,211
n31b4a8a30372,13214635,くまんこ,kumankolog23_,2026-02-01T15:02:01.000+09:00,46
n31b4a8a30372,10983246,Da  sein  7,hot_wasp1734,2026-01-31T22:35:26.000+09:00,827
n31b4a8a30372,13342221,山蔵,nifty_dietes6288,2026-01-31T17:08:58.000+09:00,142
n31b4a8a30372,10844428,(メンタルダウンからの)半額シール投資×節約で経済的自立（FI）へ,kemukemutoushi,2026-01-31T10:48:16.000+09:00,41
n31b4a8a30372,12675061,とも,famous_skink8709,2026-01-30T23:32:15.000+09:00,712
n31b4a8a30372,7515100,nonpono,nonpono,2026-01-30T22:48:37.000+09:00,325
n31b4a8a30372,12297006,みなてぃ,minaty_chronicle,2026-01-30T22:12:13.000+09:00,467
n31b4a8a30372,6097280,社畜と自営の二刀流窓山,ic0015,2026-01-30T20:37:45.000+09:00,208
n31b4a8a30372,13276198,耕心門,koushinmon,2026-01-30T09:18:59.000+09:00,357
n31b4a8a30372,13215594,団塊ジュニー,ushidoshi_life,2026-01-29T23:19:45.000+09:00,665
n31b4a8a30372,12509830,中年papaya🌈フォロバ100🌈,long_viola1695,2026-01-29T22:31:57.000+09:00,1563
n31b4a8a30372,13300301,こうたろう,fresh_mink6193,2026-01-29T20:27:52.000+09:00,181
n31b4a8a30372,5533501,div.rishi,div_rishi,2026-01-29T18:09:45.000+09:00,992
n31b4a8a30372,11596522,本母茂樹,honboshigeki,2026-01-29T02:09:52.000+09:00,124
n31b4a8a30372,12740952,ちょび♪,happychobi,2026-01-28T21:35:06.000+09:00,75
n31b4a8a30372,11702762,スチームおじさん,apt_murre1149,2026-01-28T20:36:59.000+09:00,307
n31b4a8a30372,7738616,とーこ@ゆるりFP,gon0481,2026-01-28T18:07:36.000+09:00,22
n31b4a8a30372,12046627,えみ|人生の迷子センター係,emiverse33,2026-01-28T15:46:52.000+09:00,341
n31b4a8a30372,5580390,3姉妹ママ＊moka,moka_3sis,2026-01-27T22:58:53.000+09:00,98
n31b4a8a30372,13018275,たがやす,ready_lotus1832,2026-01-27T22:05:03.000+09:00,223
n31b4a8a30372,12885021,ただのかくひと。,tadanokakuhito,2026-01-27T21:22:55.000+09:00,70
n31b4a8a30372,11357753,滋山,lucid_flea6426,2026-01-27T20:58:13.000+09:00,59
n31b4a8a30372,12921969,構造の人,kouzou_no_hito,2026-01-27T18:38:11.000+09:00,218
n31b4a8a30372,11466914,「やさしサウナびより｜50代サウナ初心者,firm_ixora2336,2026-01-27T18:15:30.000+09:00,978
n31b4a8a30372,12706092,keimama,keiko5066,2026-01-27T18:03:14.000+09:00,1471
n31b4a8a30372,12920815,ヒデっぱ,proper_eel19,2026-01-27T17:23:37.000+09:00,890
n31b4a8a30372,4042337,こころのかあちゃん l ゆんママ☀（旧：幸せなしろくまさん）,yun_mama2025,2026-01-27T14:13:38.000+09:00,967
n31b4a8a30372,12957187,アマドリウシロ,great_swan8128,2026-01-27T14:00:36.000+09:00,1053
n31b4a8a30372,7459481,monokakihibi,monokakihibi,2026-01-27T11:32:32.000+09:00,3579
n31b4a8a30372,13084505,Risa.,kkr_n_nk,2026-01-27T10:24:57.000+09:00,605
n31b4a8a30372,10337472,蒼あお（旧aonokutu）,aonokutu,2026-01-26T20:12:00.000+09:00,815
n31b4a8a30372,12603370,社会福祉ナース|生きづらさの処方箋,lucky_deer2943,2026-01-26T19:00:29.000+09:00,227
n31b4a8a30372,12778805,Bimyo,bimyo,2026-01-26T18:14:19.000+09:00,488
n31b4a8a30372,3649730,RION,rion292624,2026-01-26T16:14:28.000+09:00,70
n31b4a8a30372,13405464,木漏れ日亭,komorebi_tei,2026-01-26T15:25:04.000+09:00,584
n31b4a8a30372,5723743,子どもと先生と保護者の幸せ研究所,light_bee965,2026-01-26T15:08:43.000+09:00,516
n31b4a8a30372,9701243,小酒井ナミ｜移住｜小説,kosakainami,2026-01-26T14:55:57.000+09:00,924
n31b4a8a30372,7798196,言葉レリーナ,kotoballerina,2026-01-26T13:33:17.000+09:00,238
n31b4a8a30372,11878886,きゅう｜暮らしととのえLabo,dear_duck9350,2026-01-26T13:13:06.000+09:00,1924
n31b4a8a30372,13287724,stand_by_you,rich_tern3805,2026-01-26T12:17:46.000+09:00,47
n31b4a8a30372,8899640,五月美,jolly_sage745,2026-01-26T12:17:04.000+09:00,1203
n31b4a8a30372,13346891,noriの日記🧸⭐️,quirky_raven5767,2026-01-26T09:48:49.000+09:00,275
n31b4a8a30372,13182364,瑞馬かおり｜Mizuma Kaori｜完璧主義,mizumakaori,2026-01-25T23:15:38.000+09:00,386
n31b4a8a30372,4024441,成功のレシピ,happy_recipes,2026-01-25T18:18:47.000+09:00,6703
n31b4a8a30372,12719292,矢田　和也　(フォロバ100),joyous_shrew9162,2026-01-25T17:27:52.000+09:00,11469
n31b4a8a30372,12157269,ken ｜ 完全無課金AI戦略 × note運営,noted_sheep3883,2026-01-25T12:04:37.000+09:00,3214
n31b4a8a30372,12922733,るち｜ワーママのリアルとご機嫌日記,luchi_gokigen,2026-01-25T08:33:25.000+09:00,1035
n31b4a8a30372,12763140,幼児教室イクウェル川崎,eqwel_kawasaki,2026-01-25T08:09:48.000+09:00,1343
n31b4a8a30372,9489656,MeGood,megood_1028,2026-01-25T04:17:22.000+09:00,61
n31b4a8a30372,4591657,albert,albert_forte,2026-01-24T19:23:55.000+09:00,292
n31b4a8a30372,1876029,アサヒ＠累計90社のnote運用代行（広報PR）,b_writing,2026-01-24T13:50:18.000+09:00,10418
n31b4a8a30372,11891681,ゆうり,yuriyuri77_,2026-01-24T10:52:52.000+09:00,307
n31b4a8a30372,5828006,まなつ/突出マイノリティ列伝,tosshutsu_m,2026-01-23T16:11:53.000+09:00,6133
n31b4a8a30372,13030827,🌸さくらもち🌸食と心のつながりをほどく。,sakuramochi_mind,2026-01-23T13:42:25.000+09:00,45
n31b4a8a30372,12939995,紬の紡ぎNote,joyful_hebe4597,2026-01-23T12:16:37.000+09:00,762
n31b4a8a30372,9367976,真夏　純,jun_manatsu,2026-01-23T10:34:11.000+09:00,1162
n31b4a8a30372,12312115,ちゅめ🌱完全初心者のnote収益化をサポート🌱フォロバ100,chume_chume,2026-01-23T00:25:39.000+09:00,13263
n31b4a8a30372,11902293,コアラにユーカリ。車に顔面を轢かれた占い師,koala_0913,2026-01-22T20:08:34.000+09:00,436
n31b4a8a30372,1374818,金沢 美和｜読まれるnote案内人,manasaka55,2026-01-22T18:03:14.000+09:00,2072
n31b4a8a30372,10709151,おまゆ │ 月5万プラスの副業ワーママ🌈,mayu_money,2026-01-22T15:18:49.000+09:00,822
n31b4a8a30372,13266641,コーヒー好きのペソアさん,pessoa2025,2026-01-22T15:03:30.000+09:00,711
n31b4a8a30372,13419136,密室の会話❤送迎ドライバー見聞録,shuttle_driver,2026-01-22T06:51:53.000+09:00,511
n31b4a8a30372,12285454,Yeahlph_GZ（イェルフ_ジーゼット）,lofty_myrtle1167,2026-01-21T23:24:27.000+09:00,561
n31b4a8a30372,13281186,さくさく|そっと寄り添う日々,jidoukan_judge,2026-01-21T21:29:58.000+09:00,1661
n31b4a8a30372,11239325,びーの｜ワンオペ,beeno_bear6772,2026-01-21T21:22:57.000+09:00,219
n31b4a8a30372,12815038,たかぼん・田舎暮らしを目指して,jolly_jaguar8432,2026-01-21T21:03:22.000+09:00,34
n31b4a8a30372,4115553,mymy,06160218max,2026-01-21T20:41:45.000+09:00,3956
n31b4a8a30372,8598209,まったん,ikea0,2026-01-21T19:34:33.000+09:00,1097
n31b4a8a30372,6880312,かいちょーさん（旧：PTAかいちょーさん）,tsubuyaki_mom,2026-01-21T17:55:07.000+09:00,972
n31b4a8a30372,12806920,みあ,bold_hawk9783,2026-01-21T13:40:06.000+09:00,341
n31b4a8a30372,12385127,超育休志向｜りさ ＆ ゆういち,comfamily_lab,2026-01-21T12:27:03.000+09:00,501
n31b4a8a30372,735027,悠渡(ゆうと)ミニマリスト潜在意識を学ぶ,yutoimai,2026-01-21T07:36:02.000+09:00,2517
n31b4a8a30372,12589889,なかやん✖️ありのままを整えるライフコーチ,nakayan1117,2026-01-21T07:02:59.000+09:00,751
n31b4a8a30372,11326164,若松しおん,with_you_921,2026-01-21T06:02:17.000+09:00,1524
n31b4a8a30372,12360319,ごまめ,ai_progress,2026-01-21T04:25:36.000+09:00,2731
n31b4a8a30372,8423064,雪猫@プログラマー,ai_user,2026-01-21T00:32:06.000+09:00,1146
n31b4a8a30372,1006016,だいだい＠在宅で稼いでゆる〜く生きる,daidai27,2026-01-21T00:18:10.000+09:00,303
n31619810ff51,14126621,フリーマン,just_serval6544,2026-05-23T06:31:24.000+09:00,220
n31619810ff51,12607946,てぼっこ,tebocco_bocchi,2026-05-23T05:21:36.000+09:00,251
n31619810ff51,14338194,終末の巨人＠ADHD当事者,akagi99972,2026-05-17T21:38:44.000+09:00,362
n31619810ff51,14360211,コタロー,lively_viper5745,2026-05-16T21:20:52.000+09:00,612
n31619810ff51,13465300,koma29,koma29,2026-05-09T11:28:52.000+09:00,404
n31619810ff51,13757607,ゼン,happy_kudu6851,2026-05-07T20:32:50.000+09:00,255
n31619810ff51,14335700,梓／Keni Nacastli Atyalan Miguel,keni_nacastli_m,2026-05-07T19:35:06.000+09:00,599
n31619810ff51,12184556,空波DX100%,happy_echium7563,2026-05-06T07:37:07.000+09:00,6864
n31619810ff51,14257841,寝てる太郎,ready_tucan8503,2026-05-03T21:59:19.000+09:00,183
n31619810ff51,527544,mikisan18,mikisan18,2026-05-02T21:40:11.000+09:00,62
n31619810ff51,12516832,和田雄三｜AI×心理ブランディングデザイナー,glad_dill2129,2026-05-02T18:51:01.000+09:00,812
n31619810ff51,13818575,能勢義介,nose5017,2026-05-01T06:46:42.000+09:00,249
n31619810ff51,13649597,K｜病院事務出身×シンギュラリティに備える人,witty_myrtle4328,2026-04-30T22:12:14.000+09:00,839
n31619810ff51,14065505,コウヅキ ハナエ,hanaekaki,2026-04-30T16:55:34.000+09:00,499
n31619810ff51,13468423,質感LoRA研究所(Floyo Creator)｜Floyo上位無料プロモコード配布中↓。,texture_lora_lab,2026-04-30T00:35:25.000+09:00,481
n31619810ff51,13533051,すけさん,around40_yousuke,2026-04-29T17:10:11.000+09:00,265
n31619810ff51,12377105,まるよか,yokayoka5103,2026-04-29T15:01:25.000+09:00,1361
n31619810ff51,14260996,フランス語翻訳者 遠藤ゆかり,endo_yukari,2026-04-29T07:12:37.000+09:00,226
n31619810ff51,11534077,京大生パパ｜しるべ,shirube_papa,2026-04-28T00:22:45.000+09:00,148
n31619810ff51,10326174,Chill,chill_2525,2026-04-27T20:46:41.000+09:00,2106
n31619810ff51,13185774,るー/ハレノイト,anexkanikitai,2026-04-27T17:15:49.000+09:00,902
n31619810ff51,14135010,奥崎 あきこ,okuzakiakiko,2026-04-27T15:45:36.000+09:00,278
n31619810ff51,11543403,さとりのさとり,kopailog,2026-04-25T20:47:39.000+09:00,359
n31619810ff51,14151120,50代リスタートの父,2026restart_k,2026-04-22T20:26:05.000+09:00,309
n31619810ff51,3608968,KITAcore｜キタコレ＠ログプレイヤー,ktcrs1107,2026-04-22T10:36:48.000+09:00,1332
n31619810ff51,13508848,リワーク・アベール,rework_aver_,2026-04-20T15:44:19.000+09:00,550
n31619810ff51,4087904,ミッドライフクライシスマン,midlife,2026-04-19T21:46:17.000+09:00,350
n31619810ff51,14116511,なぜ滅びたのか研究所,famous_hyena1783,2026-04-19T20:33:23.000+09:00,152
n31619810ff51,10558749,168,note_note_note_3,2026-04-19T01:43:09.000+09:00,19
n31619810ff51,10481360,みやび,_oto_kotoba,2026-04-16T15:06:51.000+09:00,2056
n31619810ff51,11624730,無口,lucky_ferret8634,2026-04-15T14:52:18.000+09:00,1033
n31619810ff51,11803226,365days365films,365days365films,2026-04-14T23:34:37.000+09:00,263
n31619810ff51,13212666,ヒロ＠オトモAIと歩む資産運用,hiro_otomoai,2026-04-12T04:49:43.000+09:00,181
n31619810ff51,14008644,おのののうえん｜農家がとどける、旬の暮らし便り,onononouen,2026-04-10T11:37:29.000+09:00,166
n31619810ff51,7380249,みっちー｜フィレンツェのアンティーク修復士,mico_it,2026-04-10T07:02:17.000+09:00,477
n31619810ff51,12054765,Hamuegg Day〜今日という日はハムエッグの美味しさで決まるのさ〜,hamuegg_day,2026-04-09T20:05:02.000+09:00,630
n31619810ff51,12553034,HIROMI@,grand_fowl1887,2026-04-09T19:40:54.000+09:00,1121
n31619810ff51,10318103,谷 みな｜売れる導線を“まるっと”設計する｜女性起業家の『みぎうで』パートナー,37ko_k,2026-04-09T16:31:56.000+09:00,2441
n31619810ff51,13656157,じゅうよん,fair_slug1831,2026-04-09T14:40:38.000+09:00,232
n31619810ff51,13657587,花山モズ,merry_poppy1817,2026-04-09T07:59:28.000+09:00,899
n31619810ff51,14134459,ほしのことば,hoshi_kotoba,2026-04-09T07:05:38.000+09:00,416
n31619810ff51,11626976,空野まゆみ〜まゆみぃ　一想一筆(いっそういっぴつ) 〜あなたの想いを筆文字に,mayumee0601,2026-04-09T05:59:53.000+09:00,217
n31619810ff51,13601837,のっち,right_prawn933,2026-04-07T18:02:00.000+09:00,126
n31619810ff51,13986210,さくさく｜HSPがハイスペックパーソンに進化するコーチ,dapper_phlox9478,2026-04-06T11:50:37.000+09:00,377
n31619810ff51,12158291,考える赤柴,eager_thyme9842,2026-04-05T22:17:55.000+09:00,300
n31619810ff51,12224132,Dr.Yellow,doctor_yellow_,2026-04-04T23:40:34.000+09:00,347
n31619810ff51,5828006,まなつ/突出マイノリティ列伝,tosshutsu_m,2026-04-04T23:38:43.000+09:00,6133
n31619810ff51,13811267,こはる｜転職12回の器用貧乏さん,koharu_kiyobinbo,2026-04-04T22:06:29.000+09:00,471
n31619810ff51,14063854,まぶ,mabus_note,2026-04-04T15:26:04.000+09:00,102
n31619810ff51,6190098,上出裕記|かみで社会保険労務士事務所所長,sr_kamide,2026-04-04T09:40:32.000+09:00,526
n31619810ff51,12051657,精神科医Bhavya,love_for_ljfe,2026-04-03T23:19:02.000+09:00,80
n31619810ff51,13628385,ヘクたろー|緑内障と付き合っている男,hekutaro_0520,2026-04-03T16:14:37.000+09:00,417
n31619810ff51,13491640,虹の森,rainbow_7yhk,2026-04-02T06:49:25.000+09:00,102
n31619810ff51,6905415,豹子頭 林冲,hyousitou,2026-04-01T14:29:58.000+09:00,269
n31619810ff51,12417301,すみれ,genial_wren230,2026-03-31T08:57:55.000+09:00,296
n31619810ff51,13973497,真・インターアクション協会,shin_ia,2026-03-29T14:22:29.000+09:00,203
n31619810ff51,9180373,国本智映（thinkjam.代表）,chie_kunimoto,2026-03-29T06:42:54.000+09:00,55
n31619810ff51,7896891,ポンタ,pontanohaha,2026-03-23T14:03:41.000+09:00,1164
n31619810ff51,11121667,"あいさん💗Iカウンセリングルーム セラピスト／ 臨床心理士×公認心理師｜支援歴16年・2,000名超",joyful_zebra1701,2026-03-23T01:25:45.000+09:00,5634
n31619810ff51,11942977,suiの楽しいTOEIC英単語,e_vocabulary_,2026-03-22T23:40:19.000+09:00,16
n31619810ff51,12568539,satoyu｜ゆるガチおうち英語,yurugachienglish,2026-03-22T23:28:25.000+09:00,558
n31619810ff51,13933455,きぃちゃん【会社お休み中】,kii_odoriba,2026-03-22T14:09:50.000+09:00,205
n31619810ff51,11243942,光の副業0→1ラボ,lovely_clover690,2026-03-21T22:38:41.000+09:00,45
n31619810ff51,13792780,営業パパ,eigyopapa,2026-03-21T22:26:52.000+09:00,1560
n31619810ff51,8766628,あずさ｜やまゆり ,mazenda_zebra603,2026-03-21T20:12:47.000+09:00,1
n31619810ff51,11527952,sanayo｜草と庭と、がんばらない薬膳🌿,safe_tiger3921,2026-03-21T12:16:36.000+09:00,284
n31619810ff51,11948161,いっぽびと｜脱サラ×島移住×物語クリエイター,ippobito,2026-03-20T22:30:10.000+09:00,8851
n31619810ff51,4345320,JIN｜双極性サラリーマンの記録,rise_bright,2026-03-20T13:43:50.000+09:00,29
n31619810ff51,13787971,カナタ,glad_peony789,2026-03-20T12:05:45.000+09:00,197
n31619810ff51,13955955,taka｜障害年金で暮らしを楽に,hataraku_piechan,2026-03-20T10:21:02.000+09:00,138
n31619810ff51,9391472,dragon evah,dandy_tapir7481,2026-03-20T10:19:08.000+09:00,411
n31619810ff51,3548376,ROKU,rokuken06,2026-03-20T09:09:48.000+09:00,124
n31619810ff51,12840193,tabu55,agotabu_note7512,2026-03-19T18:36:15.000+09:00,53
n31619810ff51,13479671,どんぴ｜こどもとわたしの日々のこと｜元保育士｜2児のママ,fine_vole9472,2026-03-19T17:48:11.000+09:00,1363
n31619810ff51,8030146,Nasturtium AI Artworks｜縁起物AIアート,thousand_weed888,2026-03-19T17:39:07.000+09:00,40
n31619810ff51,13613385,羅生門SKY,codex_strategy,2026-03-18T21:36:22.000+09:00,418
n31619810ff51,11902293,コアラにユーカリ。車に顔面を轢かれた占い師,koala_0913,2026-03-18T12:40:24.000+09:00,436
n31619810ff51,13565004,ボート予想師 KAI,keen_quokka458,2026-03-18T11:52:10.000+09:00,211
n31619810ff51,3569950,語り太郎,notenote__com,2026-03-18T10:18:30.000+09:00,111
n31619810ff51,13536495,節税先生,setsuzei_sensei,2026-03-18T10:14:08.000+09:00,529
n31619810ff51,13908284,Shiina｜Ginza BAR417,shiinau6zy,2026-03-17T16:49:05.000+09:00,387
n31619810ff51,13170659,（さおり）沙織,brainy_myrtle911,2026-03-17T09:08:50.000+09:00,1119
n31619810ff51,12644828,今日のmama,happiness2419,2026-03-17T08:52:06.000+09:00,5
n31619810ff51,13319983,凪人,glad_zephyr2328,2026-03-16T22:45:20.000+09:00,109
n31619810ff51,7509824,結城    和（ゆうき かず）,kazu_0321_kazu,2026-03-16T22:43:22.000+09:00,751
n31619810ff51,11268889,coco_31c,cocoroyorimichi,2026-03-16T22:21:46.000+09:00,819
n31619810ff51,13875092,鈴木剛史｜ママの生活経験を価値にする挑戦,firm_canna4134,2026-03-16T21:23:38.000+09:00,11
n31619810ff51,13633157,コッター,loyal_gnu2913,2026-03-16T19:42:49.000+09:00,422
n31619810ff51,12081092,ツトム@一人暮らし男子の終活発信,tuishi_infor3582,2026-03-16T16:51:07.000+09:00,204
n31619810ff51,12373413,がじぇお,bluesky_jet,2026-03-16T16:29:05.000+09:00,239
n31619810ff51,7663079,有田こうたろう｜AIエージェント×UTAGE職人,nanapapa211,2026-03-16T16:28:16.000+09:00,203
n31619810ff51,13483792,panta｜4歳＆1歳の姉妹と成長中｜30秒で読める癒し,jolly_pansy1022,2026-03-16T13:15:44.000+09:00,661
n31619810ff51,12504556,yasu,crisp_chives9637,2026-03-16T12:40:46.000+09:00,507
n31619810ff51,3503618,瀬野たけひこ,take3292,2026-03-16T12:19:22.000+09:00,382
n31619810ff51,13783431,再構築ノート｜taku.,takurebuildnote,2026-03-16T10:28:01.000+09:00,386
n31619810ff51,11202311,きよ,just_holly304,2026-03-16T10:22:02.000+09:00,3372
n31619810ff51,13792976,坂本梨風,rifu_sakamoto,2026-03-16T09:21:09.000+09:00,283
n31619810ff51,8022593,縄文猫,brave_cat1901,2026-03-16T09:07:38.000+09:00,346
n31619810ff51,1214718,樹林,natty_mole6013,2026-03-16T08:57:57.000+09:00,134
n31619810ff51,8563392,Intellectual curiosity,intel_quest,2026-03-15T23:47:31.000+09:00,354
n31619810ff51,11227269,ぬめ＠看護×Excel×医療DX,nume_sysnurse,2026-03-15T15:51:41.000+09:00,251
n31619810ff51,13668273,T+（ティープラス）｜建築設計・省エネ計算支援,plus07,2026-03-15T15:06:16.000+09:00,158
n31619810ff51,13892863,えみまりぃ@こどもの福祉,emy_mary,2026-03-15T14:58:40.000+09:00,368
n31619810ff51,11521745,てぐぞー｜AIと「楽しみながら生きる」40代パパ,nifty_sheep2798,2026-03-15T12:16:37.000+09:00,981
n31619810ff51,3057130,星誠流,3141592gtr,2026-03-14T18:36:48.000+09:00,106
n31619810ff51,13800472,城森 善行,yoshiyuki_jomori,2026-03-14T16:53:45.000+09:00,459
n31619810ff51,13613028,40代から始めるゴルフ初心者ガイド,golf_start_40s,2026-03-14T15:17:59.000+09:00,319
n31619810ff51,13655583,Inochi Tear,apt_hornet3762,2026-03-14T14:35:56.000+09:00,372
n31619810ff51,13899438,オタ社長＠起業16年のリアルを公開,stratedge_ota,2026-03-14T14:33:24.000+09:00,306
n31619810ff51,12316904,あや＠発達凸凹2Kidsワーママ×キャリコン,real_mama_cari,2026-03-14T10:52:16.000+09:00,176
n31619810ff51,12624691,あん｜noteと遊ぶ,aging_gracefully,2026-03-14T08:54:39.000+09:00,1218
n31619810ff51,2741107,Pochi,fwa74622,2026-03-14T07:57:33.000+09:00,372
n31619810ff51,8652123,goodenough_ orbit,goodenough1222,2026-03-14T07:38:08.000+09:00,260
n31619810ff51,13864574,探偵のOSINT研究所,tantei_note,2026-03-14T07:36:13.000+09:00,792
n31619810ff51,13860037,いささか こっこ,happy_stork4716,2026-03-13T20:58:43.000+09:00,946
n31619810ff51,12649686,りの🩰バレエ講師の日常,rino_ballet_tea,2026-03-13T09:05:48.000+09:00,1175
n31619810ff51,12537943,pipi@保育士ママ,pipi_55paradise,2026-03-12T07:43:18.000+09:00,1195
n31619810ff51,10072163,しのぶ,shi7no4bu,2026-03-12T06:16:39.000+09:00,93
n31619810ff51,13457933,AKHR LAB｜あなたの背中をそっと押します,dandy_squid7997,2026-03-10T17:04:17.000+09:00,17
n31619810ff51,4898244,須山ゆず｜ライター・編集者,suyamayuzu,2026-03-10T13:43:22.000+09:00,3686
n31619810ff51,13617545,5インカム父さん,alert_ibis567,2026-03-10T10:35:19.000+09:00,869
n31619810ff51,13651699,りんりん➡️スピ.占い.思考.AIを上手く使い生きれるようになった人/フォロバ100,quirky_guppy5417,2026-03-08T08:33:23.000+09:00,513
n31619810ff51,12503829,gentlereads |.naru,vivid_panda7082,2026-03-07T21:51:32.000+09:00,1273
n31619810ff51,10719883,くう,kunyan0221,2026-03-07T20:56:57.000+09:00,135
n31619810ff51,13837199,あいだの観測者,excelsiorlayered,2026-03-07T19:10:37.000+09:00,7
n31619810ff51,12411966,ルー＝シャーナ（ルーシャーナ）｜感覚をことばにする往復便,jolly_lupine2962,2026-03-07T12:29:04.000+09:00,2299
n31619810ff51,5999712,千葉修司｜Enablement Partner｜3人娘の父,shuji_chiba,2026-03-07T10:01:10.000+09:00,176
n31619810ff51,4472775,あまね〘ฅ՞•ﻌ•՞ฅฅ^•ﻌ•^ฅ〙,almabrillante,2026-03-06T20:47:54.000+09:00,842
n31619810ff51,13806017,ライコ｜4人育児@ブログとnote運営,wise_dunlin9220,2026-03-06T19:02:00.000+09:00,271
n31619810ff51,12331157,マムチャン｜捨てて稼ぐのミニマリスト,hikiko_8350,2026-03-06T18:50:29.000+09:00,10
n31619810ff51,13513220,メロン　専業主夫27歳子なし,clear_quokka4733,2026-03-06T17:37:15.000+09:00,223
n31619810ff51,13669980,キズカ@40代の仕組み化ダイエット,lucid_poppy2798,2026-03-06T12:50:39.000+09:00,20
n31619810ff51,13279555,ミケさん,legit_pansy9571,2026-03-06T10:58:48.000+09:00,186
n31619810ff51,13117106,ことすのぱぱ,kotosunopapa,2026-03-06T08:26:31.000+09:00,94
n31619810ff51,13624520,さく｜欧州3人ママのヒキダシ,serene_poppy8209,2026-03-06T06:57:28.000+09:00,135
n31619810ff51,13610795,Zero_to_roblox,zero2roblox1231,2026-03-06T03:04:20.000+09:00,20
n31619810ff51,5528334,ヒトタラヲ,5959life,2026-03-06T01:11:22.000+09:00,4029
n31619810ff51,11425075,たけしAI×SNS迷子の先生@AIで0→1を叶える先生,takeshi_skill,2026-03-06T00:40:15.000+09:00,402
n31619810ff51,7744475,がおくん | 会社を辞めずに、自由をつくる,ga_ou,2026-03-06T00:03:21.000+09:00,249
n31619810ff51,3894202,るり,rurinoniwa,2026-03-05T19:03:47.000+09:00,243
n31619810ff51,11398917,ぽみさん（Miyoko Koyanagi）,annoncafe,2026-03-05T16:17:44.000+09:00,140
n31619810ff51,13767949,Tomoka,noble_rose4731,2026-03-05T15:47:27.000+09:00,276
n31619810ff51,13535543,にゃんほり,neko_holic,2026-03-05T13:44:04.000+09:00,316
n31619810ff51,12244338,ひまなマル：絵本漫画＆エッセイ,himanamaru,2026-03-05T12:06:39.000+09:00,2041
n31619810ff51,10600169,ヘルスケアリテラシー（1日1分で自分と家族の今と未来の健康を貯える）,hot_chives4356,2026-03-05T09:38:30.000+09:00,1252
n31619810ff51,13586592,つつまる,tsutsumaru_13,2026-03-05T08:03:34.000+09:00,177
n31619810ff51,12975362,pon i,cocoro_sense,2026-03-05T01:35:11.000+09:00,13
n31619810ff51,12578707,柴豆日和,mitsubano0615,2026-03-04T21:55:26.000+09:00,482
n31619810ff51,10942402,ぽむちゃん,pomchan29,2026-03-04T21:12:08.000+09:00,13
n31619810ff51,13533647,ミト,guttari_mama9931,2026-03-04T12:29:06.000+09:00,20
n31619810ff51,11805659,愛川あかり,famous_quail9509,2026-03-04T09:26:01.000+09:00,2132
n31619810ff51,13543794,a_rue,fresh_rue4701,2026-03-04T05:48:50.000+09:00,74
n31619810ff51,13414666,sayamama｜書くことで人生が整う,sayamama_essay,2026-03-04T05:39:06.000+09:00,53
n31619810ff51,12885894,taka,agile_heron3163,2026-03-04T05:17:58.000+09:00,629
n31619810ff51,13684651,きらきら,kirakira365diary,2026-03-04T00:54:40.000+09:00,505
n31619810ff51,12649554,りょうた🔨｜DIY好きの週末工作,ryota_diy_life,2026-03-03T22:08:05.000+09:00,1167
n31619810ff51,8747884,黒猫プリンス,kuronekopurinnsu,2026-03-03T20:39:49.000+09:00,3250
n31619810ff51,490358,瀬戸大希／脚本家,setodaikichi,2026-03-03T18:37:59.000+09:00,565
n31619810ff51,2204541,Co-sk,mkmkmk0924,2026-03-03T17:01:59.000+09:00,45
n31619810ff51,13832772,禁煙おじさん,kinenojisan,2026-03-03T15:05:53.000+09:00,21
n31619810ff51,13244049,Lala（らら）/5年契約のギリギリ公務員,aya_5vn,2026-03-03T12:53:57.000+09:00,695
n31619810ff51,3635472,1年後に公務員を退職するまでの全記録　@ピンピのピ　ババババ郎,hinpunosa,2026-03-03T12:37:22.000+09:00,192
n31619810ff51,12516727,クローバー|幸せへの投資,clover36,2026-03-03T12:10:24.000+09:00,1202
n31619810ff51,13846500,Dad,dialysis_dad_jp,2026-03-03T11:47:48.000+09:00,19
n31619810ff51,13346901,まさと(未経験からWeb業界へ),shippo0612,2026-03-03T10:16:09.000+09:00,140
n31619810ff51,12461298,双子パパの妻ファーストマインド,tsuma_firstmind,2026-03-03T02:09:20.000+09:00,211
n31619810ff51,12492979,さゆ｜お酒と簡単おつまみ研究家,sayuyu_drinker15,2026-03-02T22:19:15.000+09:00,150
n31619810ff51,13049490,トミーの実験室@カオスを【仕組み】に変えるAI挑戦,tommy_ai_lab,2026-03-02T20:46:30.000+09:00,341
n31619810ff51,13482193,yama,yama_life_writer,2026-03-02T17:30:57.000+09:00,383
n31619810ff51,1866699,SNSなしAI副業@フォロバ100,crisp_llama753,2026-03-02T16:00:31.000+09:00,484
n31619810ff51,13107243,バオバブ,ripe_roses5736,2026-03-02T12:29:05.000+09:00,947
n31619810ff51,13031003,ponto（ぽんと）,minadragons0112,2026-03-02T12:28:10.000+09:00,548
n31619810ff51,11363738,ちゃんとできてない日のことばノート｜カホちゃんとエンジ先生,kaho_enji,2026-03-02T10:17:08.000+09:00,131
n31619810ff51,13735273,ぎばちゃん,glossy_snake8755,2026-03-02T08:55:18.000+09:00,648
n31619810ff51,12461329,りょうこん｜ライター,anzu_hatano,2026-03-02T07:08:57.000+09:00,1049
n31619810ff51,11359620,本来の自分に導き人生を好転♪自愛覚醒スピリチュアルコーチ優愛,yua555,2026-03-02T00:29:36.000+09:00,51
n31619810ff51,12666808,MONE |Webライター - IRODORU,_portfolio,2026-03-01T22:21:46.000+09:00,242
n31619810ff51,13284784,penguin_love_＠うつ病歴25年,penguin_love_,2026-03-01T17:29:51.000+09:00,665
n31619810ff51,10815099, 占子｜数秘術×AI｜親子関係と自分を知る占い,senko_uranai,2026-03-01T17:08:27.000+09:00,184
n31619810ff51,12179080,kiyo,dandy_toucan7622,2026-03-01T16:53:43.000+09:00,126
n31619810ff51,9312331,穂倉 瑞姫 / Mizuki Hokura,greatmoment,2026-03-01T15:41:54.000+09:00,1061
n31619810ff51,11684991,はっしー5,brainy_coot4565,2026-03-01T11:36:54.000+09:00,50
n31619810ff51,11426159,チームねこは,teamnekoha,2026-03-01T11:31:13.000+09:00,1137
n31619810ff51,11036999,底辺職の運転手,teihenshoku,2026-03-01T10:10:02.000+09:00,534
n31619810ff51,12462354,旅人のけん,bold_lilac5972,2026-03-01T09:34:43.000+09:00,310
n31619810ff51,13705589,ことはさんのたいせつなくらし　50歳を前に立ち止まって考える,fast_ixora4107,2026-03-01T01:47:58.000+09:00,83
n31619810ff51,11474190,断罪と慈愛の歌詠み師 UTAKO,bold_slug9390,2026-02-28T23:55:10.000+09:00,500
n31619810ff51,13402134,じゅん日記,fancy_weasel776,2026-02-28T20:07:24.000+09:00,548
n31619810ff51,11934998,あかねちゃん,note_akane0730,2026-02-28T19:39:15.000+09:00,78
n31619810ff51,13386867,わこう,wakou46,2026-02-28T17:52:27.000+09:00,339
n31619810ff51,11968206,もり｜40代の“仕事を軽くする”リスキリング　,mori_reskilling,2026-02-28T17:08:35.000+09:00,478
n31619810ff51,8066509,奥村仲恵➤公認心理師・看護師➤生きる力を支える発達支援の専門家,soudan_infant,2026-02-28T14:03:18.000+09:00,836
n31619810ff51,13153980,モヤモヤ堂 店主｜モヤハル,jazzy_impala193,2026-02-28T13:56:58.000+09:00,1713
n31619810ff51,13617647,考えすぎママの脳内観察室,handanjiku_mama,2026-02-28T09:07:06.000+09:00,389
n31619810ff51,10892777,ブルー｜精神科医ママ｜0歳育児奮闘中,mom_dr,2026-02-27T23:23:52.000+09:00,28
n31619810ff51,13449394,カレー好きな自由人,dear_crow4256,2026-02-27T21:07:24.000+09:00,1756
n31619810ff51,13737261,つきのいし,merry_guppy563,2026-02-27T20:46:13.000+09:00,953
n31619810ff51,13747649,きせきせつ[絵本作家になる],kisekise_1116,2026-02-27T20:10:16.000+09:00,21
n31619810ff51,1491034,ぽけご｜AIを自分だけの記事クリエイターに育てる,pokego_ai,2026-02-27T13:09:55.000+09:00,1924
n31619810ff51,2106382,杉岡廣嗣（チャカ）,kuwaikei,2026-02-27T08:44:46.000+09:00,471
n31619810ff51,13427727,absorbms,absorbms,2026-02-26T23:06:17.000+09:00,21
n31619810ff51,10517876,向日葵じまにゃん🌻,jimanyan,2026-02-26T22:42:51.000+09:00,1881
n31619810ff51,4877017,須川元介/情報翻訳家,skagenavi,2026-02-26T22:17:43.000+09:00,2312
n31619810ff51,10616245,賢者の羅針盤：こぐまパパが大切な人に伝えておきたいこと,fast_python9301,2026-02-26T19:26:10.000+09:00,2161
n31619810ff51,13313313,Yumeko 幼稚園の先生＠NZ,ake_newzealand,2026-02-26T13:08:04.000+09:00,269
n31619810ff51,1806058,角野裕美　〈キャリアを〝ことば〟にするカタリスト〉,hiromi_kadono,2026-02-26T10:46:55.000+09:00,326
n31619810ff51,13618627,リスタートBBA＠自由への扉｜我慢の20年から「自分」を取り戻す,restart_life_one,2026-02-26T08:48:39.000+09:00,407
n31619810ff51,13643274,Romio.Bluesky,clover_dream,2026-02-26T08:42:27.000+09:00,722
n31619810ff51,7834656,ぴーさん,lively_marten340,2026-02-26T06:13:51.000+09:00,197
n31619810ff51,8766148,地獄のさるなび｜年子姉妹パパ,sarunabi_kyusyu,2026-02-26T05:35:13.000+09:00,55
n31619810ff51,13729157,みーたん,miitan_days,2026-02-25T22:42:19.000+09:00,625
n31619810ff51,8860456,りく子,good_lotus152,2026-02-25T22:24:44.000+09:00,11
n31619810ff51,12002767,れんパパ｜働き方と暮らしを再設計する人,renpapa_ai,2026-02-25T21:38:02.000+09:00,2437
n31619810ff51,13648523,呑んだくれ⭐︎ダンディ｜ note初心者全力応援！｜完璧より継続｜地道が最強｜積み上げは裏切らない,yuga0110,2026-02-25T21:30:07.000+09:00,4357
n31619810ff51,13164903,akiaki,cozy_iguana8458,2026-02-25T16:52:25.000+09:00,426
n31619810ff51,11183273,りこ@一生養生,riko_83,2026-02-25T16:49:07.000+09:00,603
n31619810ff51,13215316,askt a.k.a.コタロウパパ,askt_diary,2026-02-25T15:09:35.000+09:00,9
n31619810ff51,12583346,hiro,hearty_laelia208,2026-02-25T13:51:13.000+09:00,1012
n31619810ff51,10539161,傘友日記／©安藤安仔,kasa_tomo_nikki,2026-02-25T12:52:17.000+09:00,1
n31619810ff51,6197312,ぷろぱてぃ　＊エクセルづかいのパート事務員＊,olivegreen07,2026-02-25T12:52:17.000+09:00,254
n31619810ff51,1287373,はなえ𖠚ᐝ,shima_hana,2026-02-25T10:34:34.000+09:00,462
n31619810ff51,13703225,避雷針パパ｜娘の未来を「築く」防波堤,gay_panda2698,2026-02-25T09:38:50.000+09:00,465
n31619810ff51,10634810,atorok,atorok,2026-02-25T07:22:51.000+09:00,122
n31619810ff51,9621874,Lumi Spark,lumispark,2026-02-25T06:21:44.000+09:00,1185
n31619810ff51,11811910,toki　星野リゾート,cloud_time_toki,2026-02-25T00:39:25.000+09:00,86
n31619810ff51,11840255,鈴森よいほ｜AIコンテンツ／思想型クリエイター,yoiho25june,2026-02-25T00:15:52.000+09:00,961
n31619810ff51,5020098,Ron,ronxworks,2026-02-24T23:54:22.000+09:00,357
n31619810ff51,11844752,ソラ| 40代で見つけたやさしい生き方の記録,fine_slug9627,2026-02-24T23:08:34.000+09:00,242
n31619810ff51,7775102,新實慧太郎,keitaro_niimi,2026-02-24T21:14:05.000+09:00,426
n31619810ff51,13214927,三四郎,sensei_note55,2026-02-24T19:37:35.000+09:00,805
n31619810ff51,8536574,プクえもん,pukuemon,2026-02-24T19:34:17.000+09:00,41
n31619810ff51,13024791,柾しの,shinya0117,2026-02-24T19:01:29.000+09:00,231
n31619810ff51,13355825,みやまのつぐみ ～猫と過ごす穏やかな日々～,miyama_tsugumi,2026-02-24T13:05:06.000+09:00,255
n31619810ff51,5426029,信平（しんぺい）,shinpei_2026,2026-02-24T13:01:13.000+09:00,104
n31619810ff51,13667157,進路野球相談所/りゅうへい魂,like_clam6503,2026-02-24T11:33:15.000+09:00,131
n31619810ff51,12541672,たくみやパパ｜中小企業診断士勉強中,fast_skink3781,2026-02-24T10:39:44.000+09:00,424
n31619810ff51,13486016,はなとり|ママとパパの家庭運営メソッド,kateinohanatori,2026-02-24T10:18:05.000+09:00,9
n31619810ff51,13744991,インディミヤタ,tender_mimosa936,2026-02-24T09:04:32.000+09:00,34
n31619810ff51,13402187,なないろ和waon音　-nanairowaon-,nanairo_waon,2026-02-24T07:32:36.000+09:00,1181
n31619810ff51,8537405,Instants Reha,instants_reha,2026-02-24T07:29:34.000+09:00,524
n31619810ff51,13501300,aidahogwarts,aidahogwarts,2026-02-24T02:07:59.000+09:00,280
n31619810ff51,12893179,つむぎ🌷｜言葉をつむぐnote,tumugi_note,2026-02-23T23:46:48.000+09:00,8045
n31619810ff51,4203101,MIDI & ROID,midiandroid,2026-02-23T23:03:15.000+09:00,309
n31619810ff51,420733,Jennifer Soo  (ヒラメキ工房),teteo,2026-02-23T21:55:17.000+09:00,431
n31619810ff51,5434597,たかし｜自意識過剰パパのAI生存戦略,papamental,2026-02-23T21:37:41.000+09:00,171
n31619810ff51,4466456,サカイムツミ,kobuta_n_kitsune,2026-02-23T21:27:38.000+09:00,339
n31619810ff51,12380860,パタコ,auwa_44,2026-02-23T21:25:06.000+09:00,2290
n31619810ff51,12057462,ダテノウスギ,mute_roses7776,2026-02-23T21:21:52.000+09:00,105
n31619810ff51,13755410,3児のパパ,cozy_allium3992,2026-02-23T20:57:15.000+09:00,410
n31619810ff51,13546053,taka,hr0781,2026-02-23T20:25:03.000+09:00,83
n31619810ff51,13696111,トメート【高校生が好き勝手言う】,magic_flax2814,2026-02-23T20:23:04.000+09:00,325
n31619810ff51,9281462,N氏,nakaikikaku,2026-02-23T19:31:10.000+09:00,1332
n31619810ff51,11296470,note × HSC子育て✨🍀,note_2025happy,2026-02-23T17:30:31.000+09:00,1020
n31619810ff51,6367458,モアナちゃん　フォロバ100🥰,naov61221,2026-02-23T17:15:13.000+09:00,1113
n31619810ff51,13137374,宇宙珍獣🦄🌬️ユル勇者あかね,lovely_rose3365,2026-02-23T16:31:01.000+09:00,1596
n31619810ff51,7042335,ととのえびと,kind_pansy197,2026-02-23T15:00:36.000+09:00,311
n31619810ff51,13595836,こもちっち&こたつさん,y_n_composer,2026-02-23T14:17:18.000+09:00,30
n31619810ff51,4775025,2児パパ@スキマ時間活用術,note_2zipapa,2026-02-23T12:13:26.000+09:00,6405
n31619810ff51,11974203,森泉 結月（もりいずみ ゆづき）,moriizumi_yuzuki,2026-02-23T10:14:07.000+09:00,998
n31619810ff51,12141463,ぽいふる博士,pointlab,2026-02-23T09:33:32.000+09:00,856
n31619810ff51,7823822,はぐれパパ＠詩人失格,papa411477,2026-02-23T08:53:44.000+09:00,71
n31619810ff51,13359595,King | 天は自らを助くる者を助けるらしい,kinguncle45,2026-02-23T06:52:49.000+09:00,1185
n31619810ff51,8708012,瀬海歩（せかいあゆむ）,sekaiayumu25,2026-02-23T00:48:41.000+09:00,604
n31619810ff51,13555694,医療の大ウソを暴く‼️/子どもをもつ人に絶対に必要な知識・考え方/フォロバ100,lofty_canna2167,2026-02-23T00:39:20.000+09:00,1403
n31619810ff51,12847647,黒野,kuro_yuki2025,2026-02-23T00:24:27.000+09:00,301
n31619810ff51,10895028,ペイ｜消防士11年→営業県No.1→AI導入支援,okikame_ai,2026-02-22T23:56:26.000+09:00,103
n31619810ff51,13642463,AIL｜あいる,ailinklabs,2026-02-22T23:52:02.000+09:00,57
n31619810ff51,852764,たきびラボ | AIセキュリティとデザイン研究,takibisan,2026-02-22T21:57:15.000+09:00,300
n31619810ff51,13121483,真琴,makoto0410,2026-02-22T21:36:38.000+09:00,325
n31619810ff51,13660856,ジョゼ | 小卒社長【自伝連載中】,shosotsushacho,2026-02-22T20:43:47.000+09:00,163
n31619810ff51,13588530,kenji,light_ixia8553,2026-02-22T19:16:32.000+09:00,519
n31619810ff51,11745964,児童文庫が大好き　ムヒ　,muhicool,2026-02-22T18:25:50.000+09:00,554
n31619810ff51,13730276,カナダ帰りのトリリンガルママ | もも,vivid_kudu4768,2026-02-22T18:17:30.000+09:00,36
n31619810ff51,13623379,孫悟空,son_goku08230308,2026-02-22T18:16:54.000+09:00,753
n31619810ff51,12093836,Kutumi.｜愛と構造の観測者,hearty_yak5606,2026-02-22T18:11:13.000+09:00,749
n31619810ff51,13721447,さまなさん,witty_iris4802,2026-02-22T17:14:36.000+09:00,1314
n31619810ff51,12480395,みそらと内弟子,uchideshi,2026-02-22T16:09:27.000+09:00,5
n31619810ff51,13486213,PickUP!Freak's｜まったくモノを売る気がない、概念という名のセレクトショップ,pickupfreaks,2026-02-22T15:11:02.000+09:00,1577
n31619810ff51,10445677,utakata,papipupopon,2026-02-22T14:47:44.000+09:00,140
n31619810ff51,6163112,あん,lively_cosmos23,2026-02-22T13:54:26.000+09:00,460
n31619810ff51,4398853,かみぽこぽこ(上久保誠人),kamipoko,2026-02-22T13:13:32.000+09:00,10410
n31619810ff51,10232479,ほしくさ🌱,hoshi_kusa,2026-02-22T09:13:45.000+09:00,544
n31619810ff51,13715137,退職サバイバー,t_surviver,2026-02-22T08:53:59.000+09:00,297
n31619810ff51,13693346,anzu,quick_stoat6197,2026-02-22T08:05:10.000+09:00,453
n31619810ff51,13571953,めちゃ売れ委員会｜委員長A子,mechaure_note,2026-02-22T08:02:20.000+09:00,558
n31619810ff51,1254292,染屋 光宏,mitsuhiro_someya,2026-02-22T07:29:58.000+09:00,30
n31619810ff51,10787752,蒼海 豊,yutaka_aoi,2026-02-21T23:20:37.000+09:00,796
n31619810ff51,12912669,柴田AI（シバタ アイ）  @ 柴田病院AIキャラクター 兼 広報 | AIと愛の力で地域医療に貢献,rapid_squid4027,2026-02-21T23:01:27.000+09:00,1379
n31619810ff51,8815645,yasu｜WAY代表 - じっくり聴きます、伝えます,422_yasu,2026-02-21T21:49:12.000+09:00,3340
n31619810ff51,5224298,moe,8bfk,2026-02-21T18:56:20.000+09:00,769
n31619810ff51,6710797,公認会計士　山下章太,kkkkk3333,2026-02-21T18:26:59.000+09:00,1795
n31619810ff51,5143498,aki,kaba_no_mimi,2026-02-21T15:59:50.000+09:00,1090
n31619810ff51,2262031,東南浅葱@夢と絵と物語に関する記録,a_asagi,2026-02-21T14:46:47.000+09:00,623
n31619810ff51,13317184,躁鬱らなちん,ranachin99,2026-02-21T12:05:24.000+09:00,462
n31619810ff51,11675251,shiro,lively_crane4246,2026-02-21T11:28:54.000+09:00,289
n31619810ff51,5894808,若音（わかね）,wkn623,2026-02-21T11:02:31.000+09:00,91
n31619810ff51,3217371,石子,kasajizou,2026-02-21T10:37:34.000+09:00,515
n31619810ff51,8422644,こうはは,clean_dietes718,2026-02-21T09:51:31.000+09:00,555
n31619810ff51,7536827,シングルマザー　みぃ,takako3210,2026-02-21T09:21:11.000+09:00,953
n31619810ff51,11172086,プロ競艇予想士🐉龍を継ぐ者🐉,shiny_badger7028,2026-02-21T08:33:31.000+09:00,7008
n31619810ff51,9185125,あをそめ.,colour_blue,2026-02-21T07:46:00.000+09:00,1544
n31619810ff51,13107073,ルパン・ザ・アート,lupin_the_art,2026-02-21T06:56:02.000+09:00,207
n31619810ff51,11701731,ミルフィーユ博士,human_squid3270,2026-02-21T03:53:56.000+09:00,976
n31619810ff51,13472891,登坂 零,infinity_moon,2026-02-21T03:22:56.000+09:00,28
n31619810ff51,10284403,みち,michi_15,2026-02-20T22:57:07.000+09:00,1080
n31619810ff51,10827908,長尾 次郎@63歳SE・トリプルワーク中,j_nagao_01,2026-02-20T22:27:02.000+09:00,3121
n31619810ff51,9482421,じゅんのすけ,juicy_lynx3773,2026-02-20T22:06:31.000+09:00,1173
n31619810ff51,13509315,たいよう,mild_quoll363,2026-02-20T21:51:40.000+09:00,50
n31619810ff51,8792789,◆ 話のネタ ◆,famous_tulip285,2026-02-20T20:53:41.000+09:00,368
n31619810ff51,13159227,過労教員ちゃそ夫婦の節約投資ライフ,tyasostudy1216,2026-02-20T20:36:08.000+09:00,3688
n31619810ff51,13688693,sato/高圧ガス資格研究所,mild_nerine4683,2026-02-20T20:08:42.000+09:00,1047
n31619810ff51,13316377,たいち｜𝔸𝕀-ℕ𝔸𝕍𝕀｜投資家,gey_chevis6981,2026-02-20T19:53:44.000+09:00,2011
n31619810ff51,12047278,Mie,genial_cat129,2026-02-20T14:36:10.000+09:00,783
n31619810ff51,9673644,はれまきじゅん,just_mimosa8316,2026-02-20T14:12:14.000+09:00,1930
n31619810ff51,12831643,ほのか,alert_sloth3805,2026-02-20T13:19:15.000+09:00,1613
n31619810ff51,13342222,青空 和平,brisk_viola3314,2026-02-20T12:58:52.000+09:00,774
n31619810ff51,4647258,柴わんこ,shibawaka555,2026-02-20T12:53:30.000+09:00,855
n31619810ff51,13255391,さち　私のつぶやき,10211129,2026-02-20T10:30:02.000+09:00,1416
n31619810ff51,12076942,競艇3連単‼️高配当RUSH‼️‼️3月度本当によく当たる競艇予想屋第一位再び獲得🥇,clear_gibbon4000,2026-02-20T09:59:11.000+09:00,7573
n31619810ff51,7266477,堀間善憲,brave_zinnia300,2026-02-20T09:18:55.000+09:00,1678
n31619810ff51,11591611,スリープノート-Sleep Note,major_takin6285,2026-02-20T08:00:23.000+09:00,731
n31619810ff51,11615490,はな,ai_hana_yocchi,2026-02-20T07:37:09.000+09:00,538
n31619810ff51,11559235,考える猫🐈‍⬛,love_wisdom,2026-02-20T07:05:20.000+09:00,1807
n31619810ff51,13700313,けんけん@心理カウンセラー,kenkenonayami02,2026-02-20T01:19:34.000+09:00,134
n31619810ff51,12478859,GENERAL PRODUCTS｜釣具と過ごす、静かな贅沢。,genepro1986,2026-02-19T23:54:16.000+09:00,817
n31619810ff51,13059762,藤瀬　雪/小説（短編小説）,fujiseyuki08,2026-02-19T23:38:28.000+09:00,563
n31619810ff51,13684722,freeXXWIFI,legal_acacia5405,2026-02-19T23:37:23.000+09:00,10
n31619810ff51,12529281,はるママ,harumama3kurasi,2026-02-19T22:52:32.000+09:00,366
n31619810ff51,4491436,えめらるど2024,emerald11,2026-02-19T22:27:35.000+09:00,122
n31619810ff51,9991902,波多野　ふひと,7b_fuhito,2026-02-19T22:10:05.000+09:00,264
n31619810ff51,12671743,龍神流合気道,ryushinryuaiki,2026-02-19T21:04:47.000+09:00,101
n31619810ff51,13578439,風太｜ひとり起業実践記,fuuta_create,2026-02-19T20:41:33.000+09:00,951
n31619810ff51,13711380,リンリン♬,tanbahirolove,2026-02-19T14:56:44.000+09:00,224
n31619810ff51,12509830,中年papaya🌈フォロバ100🌈,long_viola1695,2026-02-19T13:50:19.000+09:00,1563
n31619810ff51,5838696,松本かずき＠アダコテック 事業開発部,tender_lion437,2026-02-19T10:17:25.000+09:00,213
n31619810ff51,13315437,小林ヤスコ｜背中押し屋,gift4033,2026-02-19T09:13:08.000+09:00,190
n31619810ff51,13211154,やすコレ運営記録,yasukore_log,2026-02-19T07:42:45.000+09:00,12
n31619810ff51,11742539,副業案件紹介/メイプルCC,cashback_pr,2026-02-19T07:22:08.000+09:00,31
n31619810ff51,12639927,名嘉真喜美代,royal_beetle4697,2026-02-19T05:52:48.000+09:00,450
n31619810ff51,10996536,りーまむ,ri_mam,2026-02-19T00:31:44.000+09:00,873
n31619810ff51,9909697,ウミちゃん｜汐見ウミの余韻が残る小説 📚💙🫧,umifx,2026-02-18T22:42:48.000+09:00,2062
n31619810ff51,13676200,ゴン太,se_design,2026-02-18T22:41:20.000+09:00,398
n31619810ff51,12652079,ドクターミミズク,drmimizuku_eng,2026-02-18T20:59:00.000+09:00,457
n31619810ff51,13734356,嘉瀬宏太,apt_salvia4063,2026-02-18T19:50:49.000+09:00,32
n31619810ff51,12323208,ジョルダン・スクール＆スペース志木,jorudan_ss_shiki,2026-02-18T17:03:38.000+09:00,189
n31619810ff51,11871228,chiaki   仕事と家族とわたし,fair_toucan4569,2026-02-18T16:13:10.000+09:00,540
n31619810ff51,8851641,できたさん,lucky_moose452,2026-02-18T14:33:19.000+09:00,335
n31619810ff51,6954095,ほんまる,chocoaminote,2026-02-18T12:36:07.000+09:00,215
n31619810ff51,13547397,家庭優先パパ　〜出世を捨てたサラリーマン〜,just_roses2233,2026-02-18T12:11:33.000+09:00,354
n31619810ff51,11526270,チャチャ丸,katsukatsu0811,2026-02-18T06:51:41.000+09:00,1190
n31619810ff51,2344349,GK,ryosuke1840,2026-02-18T00:06:39.000+09:00,930
n31619810ff51,13743691,3boysママ,libr_0130,2026-02-17T20:39:38.000+09:00,3
n31619810ff51,8537736,月tsuki🌙,fine_hornet381,2026-02-17T18:40:59.000+09:00,34
n31619810ff51,12385437,まり＠70代×ChatGPT副業実践中,chatgpt_70mari,2026-02-17T13:25:16.000+09:00,859
n31619810ff51,11335198,n8n自動化ラボ,ai_smallbiz_lab,2026-02-17T10:47:20.000+09:00,1499
n31619810ff51,13555510,Y_Ymu-@日々の暮らし応援🌼noteビジネス🌼スキ返します💝フォロバ100✨,lithe_impala8936,2026-02-17T10:11:15.000+09:00,1152
n31619810ff51,9943074,彩希ともさん,vast_avocet7440,2026-02-17T09:02:21.000+09:00,393
n31619810ff51,8321162,サイボーグMSX,cyborgmsx,2026-02-17T08:57:18.000+09:00,2141
n31619810ff51,13115336,創成者の記録者,absolute_logic,2026-02-17T07:56:23.000+09:00,743
n31619810ff51,8504921,HiRO｜稜線を歩く,wakux2com,2026-02-17T07:52:31.000+09:00,1125
n31619810ff51,13371539,きめるくん,kyokimemasu,2026-02-17T07:10:15.000+09:00,39
n31619810ff51,13726107,施設基準管理士、カジハヤトです。,kaji_hayato,2026-02-17T06:26:05.000+09:00,17
n31619810ff51,4579850,Nori（ノリ）,norisanz,2026-02-17T01:44:49.000+09:00,127
n31619810ff51,12141408,ぺんもち,kakeru_life32,2026-02-17T00:43:00.000+09:00,183
n31619810ff51,13400425,にこ@コンタクトレンズアドバイザー,oguogu_333,2026-02-16T23:56:46.000+09:00,333
n31619810ff51,13635486,凪　nagi,great_stork3949,2026-02-16T23:01:09.000+09:00,234
n31619810ff51,10644118,多田野昇,fine_finch6049,2026-02-16T22:26:50.000+09:00,347
n31619810ff51,6954141,あずみ,lively_peony876,2026-02-16T22:20:09.000+09:00,123
n31619810ff51,13726258,むらくも,ame_murakumo32,2026-02-16T20:37:56.000+09:00,1102
n31619810ff51,11992144,点と線ノート,idea_log,2026-02-16T20:31:32.000+09:00,966
n31619810ff51,3649184,かえる跳びするとり,takuma2323,2026-02-16T20:20:50.000+09:00,358
n31619810ff51,6013408,Takatatsu,takatatsu61,2026-02-16T18:58:51.000+09:00,1
n31619810ff51,13231467,りおんみりお,lienmirionote,2026-02-16T18:38:04.000+09:00,159
n31619810ff51,13070239,ジン@売って感謝されるセールスの本質,major_slug7141,2026-02-16T16:52:34.000+09:00,1760
n31619810ff51,13651203,ゆ,prime_kalmia2443,2026-02-16T15:56:26.000+09:00,507
n31619810ff51,13631242,雪谷惑星,snowplanet2022,2026-02-16T15:40:33.000+09:00,290
n31619810ff51,13421737,クレマチス,legal_zephyr435,2026-02-16T14:08:43.000+09:00,924
n31619810ff51,13602649,🍃Hareruya🍃,regal_worm5587,2026-02-16T12:35:30.000+09:00,564
n31619810ff51,12972425,もりすあま,bold_swift9325,2026-02-16T10:29:05.000+09:00,165
n31619810ff51,2272471,Shirube｜情報断捨離コンシェルジュ,shirubelife,2026-02-16T10:00:12.000+09:00,1799
n31619810ff51,13326388,AiSekai,fair_minnow6247,2026-02-16T08:50:16.000+09:00,1942
n31619810ff51,5376628,20年不休のコンビニ店主｜不屈の逆襲,edgeowner,2026-02-16T08:25:06.000+09:00,55
n31619810ff51,4927191,T.Mizuno｜進学塾考学館塾長,privateteacher,2026-02-16T06:41:43.000+09:00,508
n31619810ff51,12148764,門扉シメル＠シメマガ!!,clean_echium8438,2026-02-15T21:42:21.000+09:00,414
n31619810ff51,8988429,チェーンナー（繋げ家）,chainer2024,2026-02-15T16:45:48.000+09:00,793
n31619810ff51,13176921,kintoku1023,firm_puma2476,2026-02-15T15:58:32.000+09:00,477
n31619810ff51,13699313,そよ,quick_oxalis5860,2026-02-15T15:39:23.000+09:00,119
n31619810ff51,7396944,千夢麗光（Reikou Senmu）,senmu_reikou,2026-02-15T10:15:01.000+09:00,19
n31619810ff51,8044180,maruko,shoko95,2026-02-15T02:07:55.000+09:00,318
n31619810ff51,2334927,YY＠二代目社長の右腕・No.2,yanase8787,2026-02-14T21:52:20.000+09:00,38
n31619810ff51,4034490,塩見智子/ アナウンサー歴46年 トータルスピーチコンサルタント,vsppresen,2026-02-14T19:58:52.000+09:00,282
n31619810ff51,13215630,Ayami.h,suha_016,2026-02-14T15:54:13.000+09:00,15
n31619810ff51,11361941,AI財務コンサル　まるみ,limber_nerine843,2026-02-14T07:44:35.000+09:00,1140
n31619810ff51,12457971,瀬戸崎　陽🎈｜副業｜学び｜AI挑戦中📗,modern_mole1449,2026-02-14T02:31:14.000+09:00,788
n31619810ff51,12899109,育休中パパ,mute_bear1005,2026-02-13T21:24:52.000+09:00,358
n31619810ff51,13504210,だいき・結・紬＠AIと歩む人生攻略本,ai_and_pride,2026-02-13T21:11:42.000+09:00,419
n31619810ff51,13487757,ゆき｜調べすぎる夫と教育断捨離,fancy_lupine4949,2026-02-13T20:27:50.000+09:00,187
n31619810ff51,13294639,キズナ💗,holy_quoll2036,2026-02-13T18:10:31.000+09:00,59
n31619810ff51,11350816,青い鳥,dandy_laelia8709,2026-02-13T17:36:49.000+09:00,70
n31619810ff51,13448303,おもちこもちママ,vivid_plover2965,2026-02-13T12:49:57.000+09:00,5
n31619810ff51,5026420,タケさん,tendoujizai,2026-02-13T11:26:14.000+09:00,248
n31619810ff51,13472992,K-sensei,k_senseii,2026-02-13T09:14:49.000+09:00,167
n31619810ff51,12783121,糸島コタロー,aqua_ybas7788,2026-02-13T07:30:50.000+09:00,526
n31619810ff51,13463635,街中 古民家 一人暮らしの hiko,hiko_mtfuji22,2026-02-13T02:18:01.000+09:00,248
n31619810ff51,13574230,麻雀猫,great_snipe2382,2026-02-13T01:05:14.000+09:00,102
n31619810ff51,12681390,とも｜仕事・家事・育児ママのnote副業🌿ゆとりを作る整え方,tomo_contents,2026-02-12T22:25:57.000+09:00,133
n31619810ff51,11265733,yes,gomics,2026-02-12T22:05:18.000+09:00,739
n31619810ff51,6468880,tomoya kato,tomoyakato,2026-02-12T22:01:47.000+09:00,17
n31619810ff51,10632407,競艇ライト アップ💡,bright_iguana224,2026-02-12T21:17:52.000+09:00,4945
n31619810ff51,13479766,ママ看護師Arisa⭐︎育児の悩みの処方箋,banana_6107,2026-02-12T19:22:07.000+09:00,202
n31619810ff51,13482972,anokotonokizna,fancy_iguana1314,2026-02-12T15:27:17.000+09:00,291
n31619810ff51,2427630,まあまあお父さん｜学びを届ける父,human_hyena9182,2026-02-12T14:12:37.000+09:00,14
n31619810ff51,13159557,くろすけ,kurosuke_9481,2026-02-12T12:49:20.000+09:00,354
n31619810ff51,2461484,Shumpei,shumpei0609,2026-02-12T11:33:32.000+09:00,121
n31619810ff51,13609225,YASUTOSHI｜AI ART ,yasutoshi_ai_art,2026-02-12T11:06:09.000+09:00,250
n31619810ff51,4434981,Ｎ.kazuhiro,kazuhiro3810,2026-02-12T11:02:50.000+09:00,305
n31619810ff51,8578320,塩塚國秀,famous_koala36,2026-02-12T09:50:18.000+09:00,562
n31619810ff51,12334427,京東先生,kyoto_tokyo0413,2026-02-12T09:34:19.000+09:00,183
n31619810ff51,5618007,ニュース翻訳ラボ,jolly_marten317,2026-02-12T08:47:28.000+09:00,138
n31619810ff51,2727530,kaori,frau34,2026-02-12T07:58:03.000+09:00,278
n31619810ff51,7870737,ルーラ,shuji_kozawa,2026-02-12T07:52:26.000+09:00,1535
n31619810ff51,13607840,おかゆ｜元不登校の母,okayunasekai,2026-02-12T00:51:49.000+09:00,41
n31619810ff51,2622560,丸々,ul_3k,2026-02-12T00:15:02.000+09:00,390
n31619810ff51,12948597,小田原仙人,sawadanaoki,2026-02-11T23:57:30.000+09:00,1018
n31619810ff51,11870866,弓削とAI三兄弟ログ,yuge_note_roten,2026-02-11T22:49:47.000+09:00,462
n31619810ff51,3403159,うえっち,eigakkaienglish,2026-02-11T22:30:43.000+09:00,131
n31619810ff51,3753329,モンク,sy0102277803,2026-02-11T22:06:50.000+09:00,284
n31619810ff51,9973402,ゆたんぽ,agile_swan2206,2026-02-11T22:00:21.000+09:00,280
n31619810ff51,3020891,**ﾕﾆｰ句** 街路樹ｶﾞｵｰ若枝葉大成長🎶【若尾光一郎】@wakao59🟢🟡🌳🍋,rokuchan59,2026-02-11T21:12:35.000+09:00,2268
n31619810ff51,13645358,ぽっこ,happy_poko710,2026-02-11T20:55:25.000+09:00,223
n31619810ff51,13635291,武丸丸　日常を悟る仏教的なおじさんAIビギナー,unique_auk5718,2026-02-11T20:30:51.000+09:00,273
n31619810ff51,11631173,参謀庵（さんぼうあん）｜キャリア戦略,cozy_hyssop609,2026-02-11T18:51:32.000+09:00,435
n31619810ff51,11536388,funami hoshinoi,funamihoshii,2026-02-11T16:25:54.000+09:00,18
n31619810ff51,7858524,整える暮らし｜satomi,satomimi28,2026-02-11T15:18:54.000+09:00,20
n31619810ff51,13604712,A12Y（あいじー）,a1_2y,2026-02-11T14:32:59.000+09:00,286
n31619810ff51,4129799,川元一郎,happydaichan,2026-02-11T11:25:10.000+09:00,542
n31619810ff51,6769184,alii_style（フレンチブルブル）,alii_style,2026-02-11T10:11:55.000+09:00,222
n31619810ff51,13476435,のんびり先生,sensei_enjoy,2026-02-11T08:47:18.000+09:00,906
n31619810ff51,13563698,エフピー | お金の知識 | 魔王討伐後の世界で、ボクだけが知っている【エフピー】という名の生存戦略,skill_fp_rpg,2026-02-11T08:46:45.000+09:00,1154
n31619810ff51,12465066,Shoji ｜未来小説,anomie1,2026-02-11T07:30:03.000+09:00,1208
n31619810ff51,13215594,団塊ジュニー,ushidoshi_life,2026-02-10T23:01:48.000+09:00,665
n31619810ff51,11602563,宅建士＆公務員＠はっぴー,takken_komuin,2026-02-10T22:39:07.000+09:00,654
n31619810ff51,12465617,civic @2児パパ・メーカー研究員・車好き,civic_fc1,2026-02-10T22:36:38.000+09:00,719
n31619810ff51,11234657,Lovjas,wise_daphne1330,2026-02-10T19:52:29.000+09:00,588
n31619810ff51,6820000,Dancer-Joe,witty_viola745,2026-02-10T19:36:36.000+09:00,228
n31619810ff51,13415082,つむぎ | 2児のパパママ| 3y boy × 0y girl,papa_mama_,2026-02-10T19:08:56.000+09:00,999
n31619810ff51,12063967,キッズ学習アドバイザー,kidsla_jp,2026-02-10T16:59:01.000+09:00,1913
n31619810ff51,13088893,Mr.ポジティブ,juicy_pika7924,2026-02-10T16:51:51.000+09:00,3453
n31619810ff51,6807090,はまちゃん,bins6060,2026-02-10T13:05:57.000+09:00,245
n31619810ff51,10909918,YUKO,yuko_note573,2026-02-10T12:44:53.000+09:00,397
n31619810ff51,12507701,ぶりいわし,hearty_moraea861,2026-02-10T12:39:56.000+09:00,553
n31619810ff51,13441010,izu,mimisu__,2026-02-10T11:17:58.000+09:00,241
n31619810ff51,2745797,コーイチ,nasu1005,2026-02-10T09:33:15.000+09:00,364
n31619810ff51,12771674,だいふく,daifuku3516,2026-02-10T08:49:28.000+09:00,10
n31619810ff51,1066620,naikan,nikoniko2018,2026-02-10T08:08:12.000+09:00,1223
n31619810ff51,11955269,Mirim,mirim_keigo3811,2026-02-10T07:20:50.000+09:00,2865
n31619810ff51,13221510,チ～タラさん,dandy_sorrel623,2026-02-10T06:16:40.000+09:00,839
n31619810ff51,2465835,井上奈々子|わたしは研究ができない,yukiyuki24,2026-02-09T23:58:52.000+09:00,72
n31619810ff51,7228780,しろあお｜思考整理×工場勤務×30代パパ,shiroao_log,2026-02-09T22:45:52.000+09:00,474
n31619810ff51,11602523,中の人,juizfx_ai,2026-02-09T22:40:54.000+09:00,63
n31619810ff51,12318226,チョビお/スキースクール副校長　雪遊びの楽しさを伝えたい　フォロバ100,moral_willet2701,2026-02-09T21:48:40.000+09:00,3949
n31619810ff51,13453279,あだかつ | ワインバー経営,quirky_acacia992,2026-02-09T21:17:19.000+09:00,825
n31619810ff51,13640178,素人が元手10万円から株式投資で500万円目指します。,ka_bu3326,2026-02-09T20:52:28.000+09:00,178
n31619810ff51,11455606,サトマコ,satomako_1111,2026-02-09T20:43:39.000+09:00,304
n31619810ff51,13641208,スマホAIもっち,grand_roses3348,2026-02-09T20:24:20.000+09:00,541
n31619810ff51,11410164,kasshiy,viva_a_h_s,2026-02-09T20:24:10.000+09:00,2226
n31619810ff51,11577788,カズボーイ,fancy_bobcat6056,2026-02-09T20:21:25.000+09:00,436
n31619810ff51,9167060,やまださん,fast_pansy3414,2026-02-09T18:55:05.000+09:00,445
n31619810ff51,13214308,滝川音楽事務所,human_oxalis9155,2026-02-09T18:35:03.000+09:00,964
n31619810ff51,12168405,Choc.,choc_words,2026-02-09T18:28:48.000+09:00,1161
n31619810ff51,11493242,叶運神社,large_rue5554,2026-02-09T17:53:04.000+09:00,391
n31619810ff51,12312896,令和　舞,karisuma_mai,2026-02-09T16:54:55.000+09:00,2037
n31619810ff51,11204864,のり｜家計の仕組みづくり,fine_turtle5902,2026-02-09T16:45:20.000+09:00,660
n31619810ff51,13252973,ちいくわ,tender_avocet451,2026-02-09T13:02:13.000+09:00,151
n31619810ff51,13091019,riri ⛳️ ゴルフ歴33年｜6回クラチャン,long_canna8788,2026-02-09T12:49:22.000+09:00,224
n31619810ff51,13373520,Kimiyo7897,magic_magpie5488,2026-02-09T12:42:25.000+09:00,690
n31619810ff51,12199541,有限夢想家,humble_dahlia350,2026-02-09T12:36:10.000+09:00,165
n31619810ff51,9721412,市山雄喜（麺食い太郎）　ブロガー兼Webライター,fit_sloth2440,2026-02-09T12:35:59.000+09:00,589
n31619810ff51,13409156,ショゴナカBlog,shogo0725_,2026-02-09T10:15:42.000+09:00,401
n31619810ff51,13426587,ヘリオトロープ【奥手な30代のための恋愛・婚活戦略室】,heliotrope_127,2026-02-09T07:48:28.000+09:00,530
n31619810ff51,7358185,長谷川　裕（はせがわ　ひろし）,hasegawa_hiroshi,2026-02-09T01:53:46.000+09:00,344
n31619810ff51,11282637,Mリーグ2026-27　Mトーナメント,genial_wolf9934,2026-02-08T23:59:39.000+09:00,401
n31619810ff51,13095581,宮,brisk_rue4279,2026-02-08T22:18:27.000+09:00,74
n31619810ff51,11965798,松尾 隆志,takasima20,2026-02-08T22:13:05.000+09:00,435
n31619810ff51,11638670,さちこ☘️臨床心理士/公認心理師,bold_moose5259,2026-02-08T21:57:05.000+09:00,775
n31619810ff51,12825853,あかぱる,super_stork2048,2026-02-08T21:33:27.000+09:00,643
n31619810ff51,9949391,うっちー,ushiwaka_maru123,2026-02-08T20:30:09.000+09:00,1721
n31619810ff51,13362428,bansoutouzisya,clever_okapi3858,2026-02-08T20:23:16.000+09:00,109
n31619810ff51,11494980,水黒,dreamy_magpie865,2026-02-08T19:33:52.000+09:00,69
n31619810ff51,11820113,ガジュマル🍀🕊️,light_nerine6319,2026-02-08T18:57:33.000+09:00,596
n31619810ff51,8823547,川添香　（KAOコーチ）,kao645,2026-02-08T18:55:22.000+09:00,242
n31619810ff51,11839964,アラ還AIプログラマ,shinchan194,2026-02-08T17:53:03.000+09:00,4269
n31619810ff51,12691880,精神保健福祉士Anzai,mhsw_anzai,2026-02-08T17:40:22.000+09:00,158
n31619810ff51,11586474,🌀 みーちゃんの脳内探検記 〜高次脳機能障害とチャッピーと〜,fair_prawn5222,2026-02-08T16:52:39.000+09:00,2658
n31619810ff51,1605842,大戸宏章,amzas_acn_htc,2026-02-08T15:40:11.000+09:00,94
n31619810ff51,13574007,🍀ベンジャミン🍀,noble_spirea7217,2026-02-08T15:19:00.000+09:00,767
n31619810ff51,10591399,かな🌳繊細さを活かして、会社で自分らしく働くヒントを発信中,kana2025012,2026-02-08T13:07:31.000+09:00,303
n31619810ff51,11654195,ゆず｜noteで副業迷子を抜け出す伴走者｜｜フォロバ１００,tomato1012,2026-02-08T12:27:16.000+09:00,4943
n31619810ff51,11359513,安達｢チーム🦁｣｜AIと共闘し600を必達する者,takayukiadachi,2026-02-08T12:15:15.000+09:00,944
na63e407a9a7f,8857122,うるるん,nice_daisy957,2026-06-01T18:00:04.000+09:00,995
na63e407a9a7f,13973386,ぽっちゃり卒業中46,royal_wren3337,2026-05-19T09:14:49.000+09:00,199
na63e407a9a7f,13226607,tokoさん,hot_mimosa1475,2026-04-30T12:04:47.000+09:00,300
na63e407a9a7f,12377105,まるよか,yokayoka5103,2026-04-29T14:59:20.000+09:00,1361
na63e407a9a7f,11363994,Myung@みょんの好き推しnote🎯,sakura_buncho,2026-04-19T20:42:34.000+09:00,930
na63e407a9a7f,11832139,moccha(もっちゃ),moccha_23,2026-04-09T16:46:00.000+09:00,836
na63e407a9a7f,14107049,阿野乙参│もうお外で働きたくない,ano_otusan,2026-04-03T19:45:44.000+09:00,533
na63e407a9a7f,13705589,ことはさんのたいせつなくらし　50歳を前に立ち止まって考える,fast_ixora4107,2026-03-01T09:19:06.000+09:00,83
na63e407a9a7f,12789134,とり,tori2323,2026-02-28T23:57:04.000+09:00,2729
na63e407a9a7f,13107073,ルパン・ザ・アート,lupin_the_art,2026-02-24T18:55:53.000+09:00,207
na63e407a9a7f,13297178,zunko｜午前4時の人｜人間関係と内向型,zunko_note,2026-02-21T14:45:08.000+09:00,59
na63e407a9a7f,11829632,🎸陰陽猫│夏火少年,like_coyote9911,2026-02-20T11:44:59.000+09:00,434
na63e407a9a7f,2556126,ダークチェリーパイ,pinyan,2026-02-19T14:40:37.000+09:00,44
na63e407a9a7f,2622560,丸々,ul_3k,2026-02-12T00:17:10.000+09:00,390
na63e407a9a7f,13574007,🍀ベンジャミン🍀,noble_spirea7217,2026-02-10T20:40:39.000+09:00,767
na63e407a9a7f,2465835,井上奈々子|わたしは研究ができない,yukiyuki24,2026-02-09T23:58:35.000+09:00,72
na63e407a9a7f,11455763,ホンゴウタケシ,mute_aster7178,2026-02-08T20:15:48.000+09:00,628
na63e407a9a7f,11494980,水黒,dreamy_magpie865,2026-02-08T19:36:20.000+09:00,69
na63e407a9a7f,10425520,とりあえず、ブサネコ®　by  Y Harada,legal_clover3490,2026-02-08T07:24:13.000+09:00,704
na63e407a9a7f,2755847,小山 睦男　書籍コーディネータ,koyamamutsuo2020,2026-02-07T20:47:36.000+09:00,277
na63e407a9a7f,13073421,こまてん｜「CS思考」で書くAIライター,ai_writers,2026-02-05T02:18:46.000+09:00,6318
na63e407a9a7f,13214635,くまんこ,kumankolog23_,2026-02-02T04:20:37.000+09:00,46
na63e407a9a7f,12185509,ととのえ｜IT・AI推進の文系副業会社員｜仕事も暮らしもやさしく整える,odayaka_worklife,2026-02-01T10:41:44.000+09:00,1089
na63e407a9a7f,10314701,バンコク🇹🇭の縁側おじさん,jolly_ibis7421,2026-02-01T02:09:14.000+09:00,1080
na63e407a9a7f,9002564,神楽坂スポーツ　現地レポート,dsp_note,2026-01-31T22:17:03.000+09:00,481
na63e407a9a7f,7706682,TOEIC325点から。忙しくても続く「AI×英語学習」で、勉強時間をどこまで削れるかの実験記録,cute_hare566,2026-01-31T21:23:30.000+09:00,153
na63e407a9a7f,12509830,中年papaya🌈フォロバ100🌈,long_viola1695,2026-01-31T18:23:00.000+09:00,1563
na63e407a9a7f,12061547,芳樹,yoshiki_shoshi,2026-01-31T06:34:33.000+09:00,889
na63e407a9a7f,13182364,瑞馬かおり｜Mizuma Kaori｜完璧主義,mizumakaori,2026-01-31T00:53:26.000+09:00,386
na63e407a9a7f,6097280,社畜と自営の二刀流窓山,ic0015,2026-01-30T20:37:43.000+09:00,208
na63e407a9a7f,12011033,こまめさんと、とらまめさんの腸活なまいにち。,komame_toramame,2026-01-30T12:55:45.000+09:00,179
na63e407a9a7f,2512306,アイラブ富士山   竹ちゃん,syotikumura_take,2026-01-30T10:24:27.000+09:00,16
na63e407a9a7f,13300301,こうたろう,fresh_mink6193,2026-01-29T20:27:53.000+09:00,181
na63e407a9a7f,7284589,けんじ｜人生再起動の伴走者,kenji_sinpapa,2026-01-29T19:13:35.000+09:00,404
na63e407a9a7f,5533501,div.rishi,div_rishi,2026-01-29T18:09:50.000+09:00,992
na63e407a9a7f,13227178,湯呑,cozy_stoat9020,2026-01-29T08:06:59.000+09:00,14
na63e407a9a7f,7167110,コワモテ,kwmtkoo,2026-01-27T22:50:51.000+09:00,434
na63e407a9a7f,11357753,滋山,lucid_flea6426,2026-01-27T20:58:17.000+09:00,59
na63e407a9a7f,13275793,松本歩,firm_bonobo4849,2026-01-27T20:41:52.000+09:00,1172
na63e407a9a7f,12706092,keimama,keiko5066,2026-01-27T18:03:30.000+09:00,1471
na63e407a9a7f,11704120,BOO(ぶぅ),2sweethoney,2026-01-26T13:01:24.000+09:00,361
na63e407a9a7f,5823715,ともみん｜整えプランナー™️  ,smile_to_project,2026-01-26T11:51:27.000+09:00,164
na63e407a9a7f,12574963,おはようございます,royal_ram8382,2026-01-25T22:30:41.000+09:00,2938
na63e407a9a7f,5828006,まなつ/突出マイノリティ列伝,tosshutsu_m,2026-01-24T14:18:32.000+09:00,6133
na63e407a9a7f,11874152,もい【AI×副業ライター】副業でメディア資産構築中,alive_drake3207,2026-01-23T16:44:13.000+09:00,4851
na63e407a9a7f,13261566,Kumi｜50代｜シンママ｜中学受験｜大学受験｜教育費,cute_squid2419,2026-01-23T13:44:58.000+09:00,1054
na63e407a9a7f,8621115,kiiro_story,kiiro_story,2026-01-23T12:33:26.000+09:00,233
na63e407a9a7f,13281186,さくさく|そっと寄り添う日々,jidoukan_judge,2026-01-21T21:32:52.000+09:00,1661
na63e407a9a7f,13127007,おもなが✴︎おん,omonaga_on,2026-01-21T20:40:05.000+09:00,147
na63e407a9a7f,5143498,aki,kaba_no_mimi,2026-01-21T20:23:47.000+09:00,1090
na63e407a9a7f,13266641,コーヒー好きのペソアさん,pessoa2025,2026-01-21T11:50:21.000+09:00,711
na63e407a9a7f,11465514,Makari｜AIイラストと副業,makari_5108010,2026-01-20T15:43:12.000+09:00,5676
na63e407a9a7f,11285368,水澄 深（MizuiroDeep）,mizuiro_deep2025,2026-01-20T15:14:55.000+09:00,3413
na63e407a9a7f,1973176,しゅう｜累計3000万超え｜Udemy5コース&Kindle2作ベストセラー獲得,syu_webm,2026-01-20T14:03:29.000+09:00,3603
na63e407a9a7f,12649520,さくら🍷ワインソムリエの備忘録,sakura_wine_note,2026-01-20T13:43:07.000+09:00,1172
na63e407a9a7f,12385127,超育休志向｜りさ ＆ ゆういち,comfamily_lab,2026-01-20T11:12:32.000+09:00,501
na63e407a9a7f,12360319,ごまめ,ai_progress,2026-01-20T04:52:31.000+09:00,2731
na63e407a9a7f,13103127,チチとムスメ,titi_musume,2026-01-19T07:48:40.000+09:00,222
na63e407a9a7f,13014260,036_7319,036_7319,2026-01-18T23:37:11.000+09:00,200
na63e407a9a7f,11326164,若松しおん,with_you_921,2026-01-18T23:29:32.000+09:00,1524
na63e407a9a7f,13336804,ケンドリック@発達障害(ASD),kendrick_asd,2026-01-18T21:57:44.000+09:00,663
na63e407a9a7f,13380600,生きやすい人生を望む人,merry_cougar9324,2026-01-18T21:23:13.000+09:00,47
na63e407a9a7f,13352502,tetsugaku_kasan,tetsugaku_kasan,2026-01-18T21:15:59.000+09:00,436
na63e407a9a7f,11350860,なこ｜ワーママのライフログ,nako_life,2026-01-18T21:15:40.000+09:00,713
na63e407a9a7f,3913119,服部 憲明,s14hattyann,2026-01-18T13:53:24.000+09:00,861
na63e407a9a7f,12652094,もっちゃんせんせー,kind_avocet2248,2026-01-17T21:42:18.000+09:00,3004
na63e407a9a7f,11634537,ナオユキ｜物語と知識のコンシェルジュ,ai_naoyuki,2026-01-17T16:29:31.000+09:00,2968
na63e407a9a7f,10289364,りな | noteで「自分」を仕事にする人,hspplus_rina,2026-01-17T08:16:47.000+09:00,7642
na63e407a9a7f,6880312,かいちょーさん（旧：PTAかいちょーさん）,tsubuyaki_mom,2026-01-16T17:10:11.000+09:00,972
na63e407a9a7f,12971533,ぽん太｜歌うたいのエンジニア,lithe_liger9743,2026-01-16T12:16:57.000+09:00,916
na63e407a9a7f,12747478,さくらゆい,sakura__yui,2026-01-16T08:36:46.000+09:00,1629
na63e407a9a7f,11897079,ことたね🍀年子ワーママが紡ぐ子育てメソッド♡,genial_ram4816,2026-01-16T08:06:34.000+09:00,849
na63e407a9a7f,12591773,oimo6,oimo6,2026-01-16T04:42:36.000+09:00,2324
na63e407a9a7f,13379505,store_maki,studio_maki,2026-01-16T01:50:20.000+09:00,292
na63e407a9a7f,11522899,ハル＠AIの伝道師・画像生成AI,haru_ai_115,2026-01-16T01:03:51.000+09:00,1470
n34bcd536d71f,8857122,うるるん,nice_daisy957,2026-06-01T14:08:18.000+09:00,995
n34bcd536d71f,12377105,まるよか,yokayoka5103,2026-04-29T14:58:03.000+09:00,1361
n34bcd536d71f,5828006,まなつ/突出マイノリティ列伝,tosshutsu_m,2026-04-04T23:40:46.000+09:00,6133
n34bcd536d71f,13737261,つきのいし,merry_guppy563,2026-03-31T23:56:27.000+09:00,953
n34bcd536d71f,13847631,ずぼらおうち英語でも子供達４人は高い英語力♪ anahataai,tkmktm,2026-03-29T08:18:49.000+09:00,136
n34bcd536d71f,10517876,向日葵じまにゃん🌻,jimanyan,2026-02-26T22:27:48.000+09:00,1881
n34bcd536d71f,12131912,ざわざわママ,rosy_oriole7748,2026-02-26T10:46:37.000+09:00,408
n34bcd536d71f,13107073,ルパン・ザ・アート,lupin_the_art,2026-02-24T18:55:48.000+09:00,207
n34bcd536d71f,5654430,荒神咲夜,sakuyakoujin,2026-02-21T09:40:47.000+09:00,609
n34bcd536d71f,11829632,🎸陰陽猫│夏火少年,like_coyote9911,2026-02-20T11:44:15.000+09:00,434
n34bcd536d71f,9147067,たけこ@「自分で考えて挑戦する子」を育てる親の伴走コーチ,easy_canna4683,2026-02-19T20:31:42.000+09:00,486
n34bcd536d71f,8833476,まる子｜米まるキッチン,kome_festival,2026-02-19T12:45:18.000+09:00,292
n34bcd536d71f,3777078,Coco,chocolainusa,2026-02-17T18:47:55.000+09:00,7
n34bcd536d71f,13574007,🍀ベンジャミン🍀,noble_spirea7217,2026-02-12T20:22:39.000+09:00,767
n34bcd536d71f,1247839,ビストロパパ滝村雅晴｜ありがとう料理研究家,bistropapa,2026-02-11T14:26:27.000+09:00,530
n34bcd536d71f,11577788,カズボーイ,fancy_bobcat6056,2026-02-09T20:22:36.000+09:00,436
n34bcd536d71f,12199541,有限夢想家,humble_dahlia350,2026-02-09T12:34:11.000+09:00,165
n34bcd536d71f,13559092,かっし,shotak_zero123,2026-02-08T13:26:36.000+09:00,155
n34bcd536d71f,2755847,小山 睦男　書籍コーディネータ,koyamamutsuo2020,2026-02-07T20:47:30.000+09:00,277
n34bcd536d71f,12922733,るち｜ワーママのリアルとご機嫌日記,luchi_gokigen,2026-02-05T19:38:59.000+09:00,1035
n34bcd536d71f,5779049,SAIBU design,tomoyuki0601,2026-02-03T08:18:09.000+09:00,7
n34bcd536d71f,11417327,ノンストップほっぺ,prime_arnica6857,2026-02-01T13:36:42.000+09:00,74
n34bcd536d71f,7459481,monokakihibi,monokakihibi,2026-01-30T20:30:07.000+09:00,3579
n34bcd536d71f,13300301,こうたろう,fresh_mink6193,2026-01-29T20:27:54.000+09:00,181
n34bcd536d71f,3911785,angle,angle_tsutsui,2026-01-29T19:48:49.000+09:00,112
n34bcd536d71f,11357753,滋山,lucid_flea6426,2026-01-27T20:58:24.000+09:00,59
n34bcd536d71f,13404151,KICHI,charm_swift679,2026-01-26T22:31:13.000+09:00,122
n34bcd536d71f,3895910,tomoko,tomo1603,2026-01-26T14:15:08.000+09:00,194
n34bcd536d71f,13266641,コーヒー好きのペソアさん,pessoa2025,2026-01-24T11:54:15.000+09:00,711
n34bcd536d71f,9715493,カハリー｜子育て・お弁当,jolly_stoat9783,2026-01-24T11:12:37.000+09:00,373
n34bcd536d71f,13182364,瑞馬かおり｜Mizuma Kaori｜完璧主義,mizumakaori,2026-01-23T22:35:23.000+09:00,386
n34bcd536d71f,12301144,ゆぴか ☀︎在宅で働きたい主婦（ちょっとワケあり）,tasty_quoll5392,2026-01-20T18:09:33.000+09:00,679
n34bcd536d71f,3489819,もり なつ,wa_mamahapi,2026-01-20T16:56:25.000+09:00,1218
n34bcd536d71f,8179091,スヌーピー♥️,fine_lily910,2026-01-20T09:01:41.000+09:00,232
n34bcd536d71f,4042337,こころのかあちゃん l ゆんママ☀（旧：幸せなしろくまさん）,yun_mama2025,2026-01-19T15:38:21.000+09:00,967
n34bcd536d71f,12591773,oimo6,oimo6,2026-01-16T04:42:38.000+09:00,2324
n34bcd536d71f,7823822,はぐれパパ＠詩人失格,papa411477,2026-01-15T21:17:23.000+09:00,71
n34bcd536d71f,11624969,タカジロー,takajiro0912,2026-01-15T19:26:28.000+09:00,7824
n34bcd536d71f,11561590,かえるこ | Kaeruko,serene_pansy617,2026-01-15T12:44:21.000+09:00,4177
n34bcd536d71f,11634537,ナオユキ｜物語と知識のコンシェルジュ,ai_naoyuki,2026-01-14T10:35:42.000+09:00,2968
n34bcd536d71f,12747478,さくらゆい,sakura__yui,2026-01-13T23:32:04.000+09:00,1629
n34bcd536d71f,11326238,ことき,kotoki_,2026-01-13T18:12:06.000+09:00,548
n34bcd536d71f,12971533,ぽん太｜歌うたいのエンジニア,lithe_liger9743,2026-01-13T06:58:13.000+09:00,916
n34bcd536d71f,13000054,ぺぺ,pepe17,2026-01-13T00:09:48.000+09:00,251
n34bcd536d71f,4115553,mymy,06160218max,2026-01-12T21:28:57.000+09:00,3956
n34bcd536d71f,13036053,こっこ母と3人のちび怪獣,kosesamm,2026-01-12T20:04:29.000+09:00,918
ncbeb62f97e7a,8857122,うるるん,nice_daisy957,2026-05-29T22:45:11.000+09:00,995
ncbeb62f97e7a,13723950,ししまる@あなたの資産形成を手助けする人,sisimaru_note,2026-05-20T17:39:22.000+09:00,204
ncbeb62f97e7a,8022593,縄文猫,brave_cat1901,2026-05-15T14:24:17.000+09:00,346
ncbeb62f97e7a,14472522,Hi.Sato,humble_crab8687,2026-05-15T06:30:05.000+09:00,5
ncbeb62f97e7a,12377105,まるよか,yokayoka5103,2026-04-29T14:55:38.000+09:00,1361
ncbeb62f97e7a,14156359,Sustainable Security Life,s_security_life,2026-04-11T22:18:34.000+09:00,52
ncbeb62f97e7a,5828006,まなつ/突出マイノリティ列伝,tosshutsu_m,2026-04-05T19:55:13.000+09:00,6133
ncbeb62f97e7a,6905415,豹子頭 林冲,hyousitou,2026-03-19T14:25:02.000+09:00,269
ncbeb62f97e7a,4877017,須川元介/情報翻訳家,skagenavi,2026-03-18T23:09:33.000+09:00,2312
ncbeb62f97e7a,13613385,羅生門SKY,codex_strategy,2026-03-18T21:36:10.000+09:00,418
ncbeb62f97e7a,12789134,とり,tori2323,2026-02-28T23:55:48.000+09:00,2729
ncbeb62f97e7a,13107073,ルパン・ザ・アート,lupin_the_art,2026-02-25T18:54:07.000+09:00,207
ncbeb62f97e7a,420733,Jennifer Soo  (ヒラメキ工房),teteo,2026-02-23T21:55:43.000+09:00,431
ncbeb62f97e7a,2556126,ダークチェリーパイ,pinyan,2026-02-19T15:13:24.000+09:00,44
ncbeb62f97e7a,8833476,まる子｜米まるキッチン,kome_festival,2026-02-19T12:40:32.000+09:00,292
ncbeb62f97e7a,11829632,🎸陰陽猫│夏火少年,like_coyote9911,2026-02-14T18:51:09.000+09:00,434
ncbeb62f97e7a,13465189,vanilla,vanilla_house,2026-02-13T08:48:11.000+09:00,1010
ncbeb62f97e7a,13574007,🍀ベンジャミン🍀,noble_spirea7217,2026-02-12T20:21:13.000+09:00,767
ncbeb62f97e7a,13346874,イトアニウス ( Ytteauanius ),ytteauanius,2026-02-08T11:41:29.000+09:00,278
ncbeb62f97e7a,2755847,小山 睦男　書籍コーディネータ,koyamamutsuo2020,2026-02-07T20:47:31.000+09:00,277
ncbeb62f97e7a,5779049,SAIBU design,tomoyuki0601,2026-02-03T08:32:38.000+09:00,7
ncbeb62f97e7a,12342046,Hajime (hana),cozy_zebra4820,2026-02-03T04:02:13.000+09:00,477
ncbeb62f97e7a,12175678,まだ途中｜消耗しない生き方の設計記録,madatochu,2026-02-01T16:00:06.000+09:00,495
ncbeb62f97e7a,13418674,おはる,jazzy_haru1990,2026-02-01T01:29:46.000+09:00,76
ncbeb62f97e7a,9002564,神楽坂スポーツ　現地レポート,dsp_note,2026-01-31T22:16:56.000+09:00,481
ncbeb62f97e7a,13300301,こうたろう,fresh_mink6193,2026-01-29T20:27:55.000+09:00,181
ncbeb62f97e7a,13263543,すとれすふりぃ,lofty_walrus8294,2026-01-29T19:06:00.000+09:00,359
ncbeb62f97e7a,13267244,啓浄 | 余白を共創するコーチ,vision_retreat,2026-01-29T15:55:00.000+09:00,2061
ncbeb62f97e7a,11857059,フォーチュンテラーさん,dapper_agapan802,2026-01-29T04:50:30.000+09:00,356
ncbeb62f97e7a,12445483,永島美与子｜一級建築士（Reスタイル片付け塾）,cafemake1_lab,2026-01-28T20:05:04.000+09:00,315
ncbeb62f97e7a,9845883,酒井吉幸,yosci56,2026-01-27T21:43:10.000+09:00,868
ncbeb62f97e7a,13061878,ぶーちゃんばあばと農家さんの直販ラボ,buuchan2,2026-01-27T21:15:07.000+09:00,877
ncbeb62f97e7a,11357753,滋山,lucid_flea6426,2026-01-27T20:58:26.000+09:00,59
ncbeb62f97e7a,13411431,40代会社員・二児のパパ｜資産形成も子育ても奮闘中,papa_lifecreate,2026-01-26T22:43:48.000+09:00,58
ncbeb62f97e7a,9543743,計算科学,keisankagaku,2026-01-26T19:33:44.000+09:00,1753
ncbeb62f97e7a,1934849,小児科医ひろ,h_child_doc,2026-01-26T00:39:29.000+09:00,515
ncbeb62f97e7a,9367976,真夏　純,jun_manatsu,2026-01-23T10:35:18.000+09:00,1162
ncbeb62f97e7a,10296533,えり🌷天パのママライター,rapid_duck7388,2026-01-21T21:29:12.000+09:00,653
ncbeb62f97e7a,12759557,Q.E.D. の向こう側 | 25年分の「進路・教育・子育て」本音録,qed_math,2026-01-21T21:23:22.000+09:00,273
ncbeb62f97e7a,1905984,せーたのnote奮闘記,seitaisfamous11,2026-01-20T23:31:08.000+09:00,5284
ncbeb62f97e7a,3489819,もり なつ,wa_mamahapi,2026-01-20T16:56:30.000+09:00,1218
ncbeb62f97e7a,12962303,とっぴ【AIライター】パパ目線で考える,tk_hikiyose,2026-01-18T17:16:41.000+09:00,2122
ncbeb62f97e7a,7823822,はぐれパパ＠詩人失格,papa411477,2026-01-15T21:20:30.000+09:00,71
ncbeb62f97e7a,10517876,向日葵じまにゃん🌻,jimanyan,2026-01-14T19:42:28.000+09:00,1881
ncbeb62f97e7a,11630103,かすみん,great_parrot513,2026-01-12T20:42:06.000+09:00,3224
ncbeb62f97e7a,10829151,chobi 〝育児フル奮闘中❗️マーケター〟,chobi5973,2026-01-12T19:15:20.000+09:00,1442
ncbeb62f97e7a,12220611,ゆい｜わたしnote🪄,ume_612,2026-01-12T15:39:41.000+09:00,284
ncbeb62f97e7a,12938952,そよのね｜薬剤師•医療ライター｜5歳娘の母,soyonone_honone,2026-01-12T01:04:52.000+09:00,1007
ncbeb62f97e7a,11562107,"うめの助/本業×メルカリ副業×投資×節約で資産8,000万円。40代・2児のパパ",chieita08020901,2026-01-11T17:31:08.000+09:00,532
ncbeb62f97e7a,12589889,なかやん✖️ありのままを整えるライフコーチ,nakayan1117,2026-01-11T09:57:41.000+09:00,751
ncbeb62f97e7a,12133062,さくやん,famous_honest665,2026-01-11T04:10:40.000+09:00,6493
ncbeb62f97e7a,1532850,みぃちゃん,kumonkumon,2026-01-11T02:09:36.000+09:00,161
ncbeb62f97e7a,13347433,ちょこ@中受未経験ママの伴走記録,glad_ferret3915,2026-01-09T22:27:13.000+09:00,6
ncbeb62f97e7a,10630437,ひろかず,hirokazu_124,2026-01-08T22:29:44.000+09:00,4
ncbeb62f97e7a,11897079,ことたね🍀年子ワーママが紡ぐ子育てメソッド♡,genial_ram4816,2026-01-08T08:12:01.000+09:00,849
ncbeb62f97e7a,12804249,まどかママ｜薬剤師｜ASD育児の記録,m10t08y1,2026-01-07T22:24:36.000+09:00,755
ncbeb62f97e7a,13261566,Kumi｜50代｜シンママ｜中学受験｜大学受験｜教育費,cute_squid2419,2026-01-07T22:20:08.000+09:00,1054
ncbeb62f97e7a,4115553,mymy,06160218max,2026-01-07T22:20:04.000+09:00,3956
ncbeb62f97e7a,8288736,Runa,runa___note,2026-01-07T21:33:15.000+09:00,1801
ncbeb62f97e7a,6880312,かいちょーさん（旧：PTAかいちょーさん）,tsubuyaki_mom,2026-01-07T21:26:51.000+09:00,972
ncbeb62f97e7a,12106384,moci moci 可視総合光線療法,charm_phlox8784,2026-01-07T20:01:03.000+09:00,1618
n84d46d0e0abb,8857122,うるるん,nice_daisy957,2026-05-29T22:55:02.000+09:00,995
n84d46d0e0abb,13613385,羅生門SKY,codex_strategy,2026-05-21T23:52:45.000+09:00,418
n84d46d0e0abb,8022593,縄文猫,brave_cat1901,2026-05-15T14:20:01.000+09:00,346
n84d46d0e0abb,12377105,まるよか,yokayoka5103,2026-04-29T14:46:28.000+09:00,1361
n84d46d0e0abb,5828006,まなつ/突出マイノリティ列伝,tosshutsu_m,2026-04-05T19:54:23.000+09:00,6133
n84d46d0e0abb,13107073,ルパン・ザ・アート,lupin_the_art,2026-02-25T18:54:12.000+09:00,207
n84d46d0e0abb,11829632,🎸陰陽猫│夏火少年,like_coyote9911,2026-02-14T18:50:51.000+09:00,434
n84d46d0e0abb,13574007,🍀ベンジャミン🍀,noble_spirea7217,2026-02-12T20:18:38.000+09:00,767
n84d46d0e0abb,10425520,とりあえず、ブサネコ®　by  Y Harada,legal_clover3490,2026-02-08T07:25:34.000+09:00,704
n84d46d0e0abb,13578998,ワーママの家庭運営術｜理系PM・3児の母,parenting_pm,2026-01-31T22:14:50.000+09:00,6
n84d46d0e0abb,13300301,こうたろう,fresh_mink6193,2026-01-29T20:27:56.000+09:00,181
n84d46d0e0abb,1934849,小児科医ひろ,h_child_doc,2026-01-21T22:09:20.000+09:00,515
n84d46d0e0abb,10296533,えり🌷天パのママライター,rapid_duck7388,2026-01-21T21:24:24.000+09:00,653
n84d46d0e0abb,12659218,サイカ | HSS型HSP,saika_bloom,2026-01-20T11:55:44.000+09:00,466
n84d46d0e0abb,10517876,向日葵じまにゃん🌻,jimanyan,2026-01-14T19:42:30.000+09:00,1881
n84d46d0e0abb,13014576,はんこ,haaaan_moku,2026-01-12T18:40:35.000+09:00,302
n84d46d0e0abb,12938952,そよのね｜薬剤師•医療ライター｜5歳娘の母,soyonone_honone,2026-01-12T01:04:51.000+09:00,1007
n84d46d0e0abb,2294684,Daisuke note検証ログ  ,jihon,2026-01-10T00:50:51.000+09:00,13902
n84d46d0e0abb,12106384,moci moci 可視総合光線療法,charm_phlox8784,2026-01-07T20:00:35.000+09:00,1618
n84d46d0e0abb,11921628,Nore ｜婚活歴10年以上お見合い100回越え⇒スピ婚6年目｜フォロバ99｜連続投稿200日達成　,rich_beetle5231,2026-01-05T21:47:44.000+09:00,2867
n84d46d0e0abb,12719292,矢田　和也　(フォロバ100),joyous_shrew9162,2026-01-05T14:09:23.000+09:00,11469
n84d46d0e0abb,4910990,子どもがなりたくなる大人に※にとう,nitoukokokara,2026-01-05T13:21:03.000+09:00,1498
n84d46d0e0abb,3673134,子育ての専門家😊ブレイブ,braveyuki,2026-01-05T10:34:51.000+09:00,2115
n84d46d0e0abb,12109084,梅野ひゆ｜繊細さんの土台づくりコーチ,hiyu_umeno,2026-01-05T09:40:39.000+09:00,225
n84d46d0e0abb,6761905,RI,light_omimoi,2026-01-05T05:05:32.000+09:00,69
n84d46d0e0abb,12046627,えみ|人生の迷子センター係,emiverse33,2026-01-04T22:44:33.000+09:00,341
n84d46d0e0abb,3268387,千住まいか🐇｜AIイラスト＆マーケティング,maika59,2026-01-04T22:06:07.000+09:00,3159
n84d46d0e0abb,6880312,かいちょーさん（旧：PTAかいちょーさん）,tsubuyaki_mom,2026-01-04T21:50:14.000+09:00,972
n84d46d0e0abb,11490605,RoDan,rodan_yossy1114,2026-01-04T21:24:20.000+09:00,229
n70affbf5c21a,8857122,うるるん,nice_daisy957,2026-05-29T22:48:45.000+09:00,995
n70affbf5c21a,10145338,ＴＡＫＫＡ　投資×家庭菜園×神社巡り,charm_clam1477,2026-05-02T19:24:59.000+09:00,224
n70affbf5c21a,12377105,まるよか,yokayoka5103,2026-04-29T14:45:04.000+09:00,1361
n70affbf5c21a,13231349,北上川のほとりの蕎麦屋｜日高見そば三代目,kitakami_soba,2026-02-24T06:52:19.000+09:00,1
n70affbf5c21a,4466456,サカイムツミ,kobuta_n_kitsune,2026-02-23T21:28:22.000+09:00,339
n70affbf5c21a,11296470,note × HSC子育て✨🍀,note_2025happy,2026-02-23T18:31:37.000+09:00,1020
n70affbf5c21a,4491436,えめらるど2024,emerald11,2026-02-19T22:28:25.000+09:00,122
n70affbf5c21a,11871228,chiaki   仕事と家族とわたし,fair_toucan4569,2026-02-18T16:13:40.000+09:00,540
n70affbf5c21a,3777078,Coco,chocolainusa,2026-02-17T23:36:28.000+09:00,7
n70affbf5c21a,13069775,田端うつ郎,utsuro_tabata,2026-02-16T16:06:46.000+09:00,2398
n70affbf5c21a,13463635,街中 古民家 一人暮らしの hiko,hiko_mtfuji22,2026-02-13T02:19:21.000+09:00,248
n70affbf5c21a,13607840,おかゆ｜元不登校の母,okayunasekai,2026-02-12T00:53:47.000+09:00,41
n70affbf5c21a,6769184,alii_style（フレンチブルブル）,alii_style,2026-02-11T10:11:45.000+09:00,222
n70affbf5c21a,12675061,とも,famous_skink8709,2026-02-09T00:04:29.000+09:00,712
n70affbf5c21a,13574007,🍀ベンジャミン🍀,noble_spirea7217,2026-02-08T22:17:03.000+09:00,767
n70affbf5c21a,2755847,小山 睦男　書籍コーディネータ,koyamamutsuo2020,2026-02-07T20:47:41.000+09:00,277
n70affbf5c21a,7034494,Akka,akiko_1111,2026-02-06T09:24:04.000+09:00,14
n70affbf5c21a,1527389,nozomi baba,nozochocolait,2026-02-05T18:56:34.000+09:00,7
n70affbf5c21a,11443359,イチカクダイスケ,royal_beetle6584,2026-02-04T22:02:26.000+09:00,270
n70affbf5c21a,11829632,🎸陰陽猫│夏火少年,like_coyote9911,2026-02-03T00:11:44.000+09:00,434
n70affbf5c21a,4341874,彌香,mixiang0809,2026-02-02T15:56:58.000+09:00,2
n70affbf5c21a,13578998,ワーママの家庭運営術｜理系PM・3児の母,parenting_pm,2026-02-01T16:28:17.000+09:00,6
n70affbf5c21a,12935903,リーフ,leaf_life,2026-01-30T19:28:52.000+09:00,4
n70affbf5c21a,13263543,すとれすふりぃ,lofty_walrus8294,2026-01-29T19:07:28.000+09:00,359
n70affbf5c21a,13107073,ルパン・ザ・アート,lupin_the_art,2026-01-29T18:07:35.000+09:00,207
n70affbf5c21a,8974746,Yukihiko Yamada ,yukihiko_yamada,2026-01-29T03:50:31.000+09:00,1245
n70affbf5c21a,12445483,永島美与子｜一級建築士（Reスタイル片付け塾）,cafemake1_lab,2026-01-28T20:04:55.000+09:00,315
n70affbf5c21a,13018275,たがやす,ready_lotus1832,2026-01-27T22:55:39.000+09:00,223
n70affbf5c21a,13281186,さくさく|そっと寄り添う日々,jidoukan_judge,2026-01-27T12:55:07.000+09:00,1661
n70affbf5c21a,12297006,みなてぃ,minaty_chronicle,2026-01-24T12:48:22.000+09:00,467
n70affbf5c21a,1934849,小児科医ひろ,h_child_doc,2026-01-18T18:23:14.000+09:00,515
n70affbf5c21a,1532850,みぃちゃん,kumonkumon,2026-01-11T02:10:56.000+09:00,161
n70affbf5c21a,11483666,ひかり,yamihikari,2026-01-06T10:35:08.000+09:00,2564
n70affbf5c21a,12719292,矢田　和也　(フォロバ100),joyous_shrew9162,2026-01-06T09:49:11.000+09:00,11469
n70affbf5c21a,11524087,シンプル社長｜まっすぐ×シンプルな起業コンサルタント,simple_ceo,2026-01-06T09:25:39.000+09:00,654
n70affbf5c21a,6761905,RI,light_omimoi,2026-01-05T05:06:31.000+09:00,69
n70affbf5c21a,3404167,note戦略家姫川｜情報発信,himeno23joho,2026-01-03T16:57:36.000+09:00,158
n70affbf5c21a,11561590,かえるこ | Kaeruko,serene_pansy617,2025-12-31T22:37:00.000+09:00,4177
n70affbf5c21a,3268387,千住まいか🐇｜AIイラスト＆マーケティング,maika59,2025-12-31T17:51:57.000+09:00,3159
n70affbf5c21a,3975731,剛｜生成AI×アプリ開発｜予備試験講師,fugusaka,2025-12-31T16:52:57.000+09:00,565
n70affbf5c21a,1743478,ゆうこ,nonbirizm,2025-12-31T11:53:11.000+09:00,77
n70affbf5c21a,2582672,小日向星海,sasa7note,2025-12-31T11:11:52.000+09:00,13
n70affbf5c21a,12360319,ごまめ,ai_progress,2025-12-31T05:34:37.000+09:00,2731
n70affbf5c21a,5828006,まなつ/突出マイノリティ列伝,tosshutsu_m,2025-12-29T17:52:17.000+09:00,6133
n70affbf5c21a,12837830,いがらしゆきえ,aura47,2025-12-28T20:24:15.000+09:00,1215
n70affbf5c21a,10611355,ワーママPTA会長★,pta2025,2025-12-28T09:34:42.000+09:00,139
n70affbf5c21a,6880312,かいちょーさん（旧：PTAかいちょーさん）,tsubuyaki_mom,2025-12-28T09:20:02.000+09:00,972
n70affbf5c21a,11980754,モンテメンター風凛 舞,fuurin_mai,2025-12-27T21:59:44.000+09:00,413
n6d6dfd9e639f,8857122,うるるん,nice_daisy957,2026-05-29T22:47:58.000+09:00,995
n6d6dfd9e639f,14396943,田舎のくたびれおっちゃん,rich_rail5945,2026-05-20T00:52:47.000+09:00,9
n6d6dfd9e639f,12377105,まるよか,yokayoka5103,2026-04-29T08:08:18.000+09:00,1361
n6d6dfd9e639f,13405464,木漏れ日亭,komorebi_tei,2026-04-23T11:27:02.000+09:00,584
n6d6dfd9e639f,10832749,紗良,anything_ido,2026-04-19T23:49:53.000+09:00,2
n6d6dfd9e639f,5828006,まなつ/突出マイノリティ列伝,tosshutsu_m,2026-04-04T23:46:11.000+09:00,6133
n6d6dfd9e639f,13359068,haremithu,haremithu,2026-02-20T21:47:33.000+09:00,762
n6d6dfd9e639f,12769458,つぶく純,ample_pony5256,2026-02-18T10:50:34.000+09:00,5
n6d6dfd9e639f,13703895,上坂潤,ample_carp1912,2026-02-16T21:04:30.000+09:00,106
n6d6dfd9e639f,11443359,イチカクダイスケ,royal_beetle6584,2026-02-14T20:57:30.000+09:00,270
n6d6dfd9e639f,2568604,中桐 香代子｜ガソリンスタンドの救世主｜女社長｜びかラボCEO,bikalabo,2026-02-11T14:33:37.000+09:00,82
n6d6dfd9e639f,3532553,Saori Saeki｜人生の転換期に寄り添うライフコーチ,saori10,2026-02-11T03:33:53.000+09:00,256
n6d6dfd9e639f,13574007,🍀ベンジャミン🍀,noble_spirea7217,2026-02-08T22:15:59.000+09:00,767
n6d6dfd9e639f,11829632,🎸陰陽猫│夏火少年,like_coyote9911,2026-02-03T00:11:26.000+09:00,434
n6d6dfd9e639f,12917415,平穏な日常が一転ピンチになった人,jazzy_abelia7902,2026-02-01T19:28:37.000+09:00,155
n6d6dfd9e639f,13578998,ワーママの家庭運営術｜理系PM・3児の母,parenting_pm,2026-01-31T21:41:54.000+09:00,6
n6d6dfd9e639f,13107073,ルパン・ザ・アート,lupin_the_art,2026-01-29T18:05:49.000+09:00,207
n6d6dfd9e639f,13247017,マリマリ｜伝わる資料の作り方,slide_lab,2026-01-28T19:51:13.000+09:00,130
n6d6dfd9e639f,7738616,とーこ@ゆるりFP,gon0481,2026-01-28T18:03:34.000+09:00,22
n6d6dfd9e639f,11209612,節制のササキ,sessei_sasaki,2026-01-27T19:06:58.000+09:00,11
n6d6dfd9e639f,7579100,エリカ@学び続けるAIエージェント,gentle_hawk873,2026-01-27T17:43:42.000+09:00,1028
n6d6dfd9e639f,12066333,ノリオと仲間たち,magic_sedum994,2026-01-27T14:45:04.000+09:00,257
n6d6dfd9e639f,12297006,みなてぃ,minaty_chronicle,2026-01-25T21:37:33.000+09:00,467
n6d6dfd9e639f,12675061,とも,famous_skink8709,2026-01-24T10:23:47.000+09:00,712
n6d6dfd9e639f,12815038,たかぼん・田舎暮らしを目指して,jolly_jaguar8432,2026-01-21T21:05:59.000+09:00,34
n6d6dfd9e639f,12087433,たかむー｜保育士✖️カメラマン,cozy_serval7323,2026-01-20T12:51:56.000+09:00,73
n6d6dfd9e639f,12073810,こそだて修行中。,deep_pika6604,2026-01-19T11:53:12.000+09:00,5
n6d6dfd9e639f,12659218,サイカ | HSS型HSP,saika_bloom,2026-01-17T19:28:20.000+09:00,466
n6d6dfd9e639f,11710862,fujisoba,hearty_rat2989,2026-01-12T00:26:02.000+09:00,4990
n6d6dfd9e639f,1532850,みぃちゃん,kumonkumon,2026-01-11T02:11:37.000+09:00,161
n6d6dfd9e639f,12719292,矢田　和也　(フォロバ100),joyous_shrew9162,2026-01-06T09:49:18.000+09:00,11469
n6d6dfd9e639f,12962303,とっぴ【AIライター】パパ目線で考える,tk_hikiyose,2026-01-05T17:40:09.000+09:00,2122
n6d6dfd9e639f,12017432,AI漫画帝国：公式note,aiteikoku,2026-01-03T13:20:47.000+09:00,2682
n6d6dfd9e639f,12038119,金田まり|スタートアップ&起業支援してるワーママ,alive_sheep6563,2026-01-01T06:18:54.000+09:00,1423
n6d6dfd9e639f,11634537,ナオユキ｜物語と知識のコンシェルジュ,ai_naoyuki,2025-12-31T15:29:31.000+09:00,2968
n6d6dfd9e639f,1743478,ゆうこ,nonbirizm,2025-12-31T11:53:48.000+09:00,77
n6d6dfd9e639f,7923543,綾野 涼太,ayanoryouta,2025-12-29T09:09:24.000+09:00,348
n6d6dfd9e639f,13116023,おっちょさん｜帰ってきた保育士,occho_san40,2025-12-26T06:05:19.000+09:00,664
n6d6dfd9e639f,3268387,千住まいか🐇｜AIイラスト＆マーケティング,maika59,2025-12-25T08:35:17.000+09:00,3159
n0fdeaf966447,8857122,うるるん,nice_daisy957,2026-05-24T20:28:13.000+09:00,995
n0fdeaf966447,13623901,あずなぶ〜る｜SNS弱者のnote戦略術,alive_here3686,2026-05-13T23:14:38.000+09:00,814
n0fdeaf966447,12377105,まるよか,yokayoka5103,2026-04-29T08:07:12.000+09:00,1361
n0fdeaf966447,13405464,木漏れ日亭,komorebi_tei,2026-04-23T11:25:28.000+09:00,584
n0fdeaf966447,5828006,まなつ/突出マイノリティ列伝,tosshutsu_m,2026-04-05T19:54:12.000+09:00,6133
n0fdeaf966447,13847631,ずぼらおうち英語でも子供達４人は高い英語力♪ anahataai,tkmktm,2026-03-19T21:56:02.000+09:00,136
n0fdeaf966447,12323208,ジョルダン・スクール＆スペース志木,jorudan_ss_shiki,2026-02-20T10:24:55.000+09:00,189
n0fdeaf966447,11361941,AI財務コンサル　まるみ,limber_nerine843,2026-02-13T04:52:15.000+09:00,1140
n0fdeaf966447,13574007,🍀ベンジャミン🍀,noble_spirea7217,2026-02-08T22:14:48.000+09:00,767
n0fdeaf966447,11703112,なんでもない日に書く手帳_meg,meg_m_planner,2026-02-07T13:02:14.000+09:00,9
n0fdeaf966447,11829632,🎸陰陽猫│夏火少年,like_coyote9911,2026-02-03T00:11:10.000+09:00,434
n0fdeaf966447,13182364,瑞馬かおり｜Mizuma Kaori｜完璧主義,mizumakaori,2026-02-01T18:16:25.000+09:00,386
n0fdeaf966447,12885021,ただのかくひと。,tadanokakuhito,2026-02-01T17:28:01.000+09:00,70
n0fdeaf966447,13116574,にゃん太郎🐾,aku001tagmailcom,2026-01-31T23:41:31.000+09:00,666
n0fdeaf966447,13578998,ワーママの家庭運営術｜理系PM・3児の母,parenting_pm,2026-01-31T22:15:01.000+09:00,6
n0fdeaf966447,12969246,Koichi＠17kg軽量化エンジニア,lightweight_eng,2026-01-29T06:07:20.000+09:00,15
n0fdeaf966447,13107073,ルパン・ザ・アート,lupin_the_art,2026-01-29T00:45:25.000+09:00,207
n0fdeaf966447,3895910,tomoko,tomo1603,2026-01-26T20:35:22.000+09:00,194
n0fdeaf966447,11902293,コアラにユーカリ。車に顔面を轢かれた占い師,koala_0913,2026-01-22T20:08:47.000+09:00,436
n0fdeaf966447,4174800,alpapa,alpapa11,2026-01-18T21:49:14.000+09:00,157
n0fdeaf966447,12589889,なかやん✖️ありのままを整えるライフコーチ,nakayan1117,2026-01-11T09:57:38.000+09:00,751
n0fdeaf966447,1743478,ゆうこ,nonbirizm,2025-12-31T11:54:10.000+09:00,77
n0fdeaf966447,12790793,Hana ⌇ ゆるミニマルな暮らし,hana_yurumini,2025-12-23T17:23:30.000+09:00,194
n0fdeaf966447,12185509,ととのえ｜IT・AI推進の文系副業会社員｜仕事も暮らしもやさしく整える,odayaka_worklife,2025-12-22T20:13:21.000+09:00,1089
nbc381a3c6979,12377105,まるよか,yokayoka5103,2026-04-29T08:07:22.000+09:00,1361
nbc381a3c6979,5828006,まなつ/突出マイノリティ列伝,tosshutsu_m,2026-04-04T23:43:50.000+09:00,6133
nbc381a3c6979,13815192,鷹月(たかつき)｜個人開発者,growth_lab710,2026-03-18T21:15:36.000+09:00,91
nbc381a3c6979,13133778,【無名 S note】18日でフォロワー1000名🚨連続収益中！！⚠40強・6共マガ運営 参加40🙆,ss_yr,2026-02-20T01:19:49.000+09:00,1746
nbc381a3c6979,1666596,サム@北海道釧路の星見るリモートワーカー,ageageage,2026-02-18T13:25:35.000+09:00,447
nbc381a3c6979,13574007,🍀ベンジャミン🍀,noble_spirea7217,2026-02-17T19:31:57.000+09:00,767
nbc381a3c6979,10373262,muddler,muddlerproject,2026-02-01T17:01:58.000+09:00,44
nbc381a3c6979,13578998,ワーママの家庭運営術｜理系PM・3児の母,parenting_pm,2026-01-31T21:41:15.000+09:00,6
nbc381a3c6979,10989230,チャープチ,magic_coyote7543,2026-01-30T23:45:14.000+09:00,2
nbc381a3c6979,3214602,街角の1物語｜色んな国で暮らす人　れと,letolog,2026-01-30T02:16:16.000+09:00,14
nbc381a3c6979,13107073,ルパン・ザ・アート,lupin_the_art,2026-01-29T00:45:22.000+09:00,207
n0f97df989e1e,11685611,KC Cafe Orchestra ,serene_sage7078,2026-05-28T21:06:43.000+09:00,137
n0f97df989e1e,8857122,うるるん,nice_daisy957,2026-05-23T17:18:04.000+09:00,995
n0f97df989e1e,14126621,フリーマン,just_serval6544,2026-05-23T06:29:52.000+09:00,220
n0f97df989e1e,12297006,みなてぃ,minaty_chronicle,2026-05-22T16:43:12.000+09:00,467
n0f97df989e1e,13613385,羅生門SKY,codex_strategy,2026-05-21T23:54:29.000+09:00,418
n0f97df989e1e,14396943,田舎のくたびれおっちゃん,rich_rail5945,2026-05-19T22:26:00.000+09:00,9
n0f97df989e1e,13575629,朔 まゆあ🌙,rrr68830113,2026-05-07T07:48:08.000+09:00,52
n0f97df989e1e,12607946,てぼっこ,tebocco_bocchi,2026-05-06T15:36:35.000+09:00,251
n0f97df989e1e,11125872,Cozy HP,cozyhp51,2026-05-02T17:02:20.000+09:00,758
n0f97df989e1e,10673284,縄文式送りバント,jhomonshiki,2026-05-02T16:11:10.000+09:00,850
n0f97df989e1e,3340468,ヒイラノ☆みこいち,mymemk,2026-05-02T07:33:59.000+09:00,329
n0f97df989e1e,12737385,バーフ,berf,2026-04-30T08:29:54.000+09:00,275
n0f97df989e1e,11931444,まっきぃ,super_quokka5271,2026-04-09T20:09:09.000+09:00,300
n0f97df989e1e,5828006,まなつ/突出マイノリティ列伝,tosshutsu_m,2026-04-05T19:54:17.000+09:00,6133
n0f97df989e1e,13564398,ことばの余白,ready_hornet3417,2026-04-05T12:31:24.000+09:00,263
n0f97df989e1e,12377105,まるよか,yokayoka5103,2026-04-02T10:05:01.000+09:00,1361
n0f97df989e1e,9337161,カオリイロ|魂を香らせる生き方探求|　　,kaoriiro2525,2026-03-25T10:32:52.000+09:00,263
n0f97df989e1e,13405464,木漏れ日亭,komorebi_tei,2026-03-12T05:58:00.000+09:00,584
n0f97df989e1e,6938844,リンゼ,lindsay_journal,2026-03-09T14:43:03.000+09:00,134
n0f97df989e1e,13573046,ゆるテク,yurutech_lab,2026-02-26T19:38:54.000+09:00,76
n0f97df989e1e,13024791,柾しの,shinya0117,2026-02-26T01:34:47.000+09:00,231
n0f97df989e1e,12996191,くだちい,hot_gecko5177,2026-02-20T08:17:07.000+09:00,603
n0f97df989e1e,11265733,yes,gomics,2026-02-12T22:08:58.000+09:00,739
n0f97df989e1e,3020891,**ﾕﾆｰ句** 街路樹ｶﾞｵｰ若枝葉大成長🎶【若尾光一郎】@wakao59🟢🟡🌳🍋,rokuchan59,2026-02-11T21:12:51.000+09:00,2268
n0f97df989e1e,12061547,芳樹,yoshiki_shoshi,2026-02-11T20:48:33.000+09:00,889
n0f97df989e1e,11439081,hide k sugi,regal_harte7760,2026-02-09T18:22:41.000+09:00,111
n0f97df989e1e,13574007,🍀ベンジャミン🍀,noble_spirea7217,2026-02-08T22:13:44.000+09:00,767
n0f97df989e1e,11455763,ホンゴウタケシ,mute_aster7178,2026-02-08T20:15:20.000+09:00,628
n0f97df989e1e,13498813,様々,bold_tucan2026,2026-02-08T14:16:00.000+09:00,549
n0f97df989e1e,11562633,ゆきロン,lucky_fox9174,2026-02-06T19:45:52.000+09:00,128
n0f97df989e1e,11771667,ナマケモノ@アメリカ3年生,namakemono_rougo,2026-02-04T23:36:22.000+09:00,95
n0f97df989e1e,10485262,azukishima,azukishima,2026-02-04T01:27:29.000+09:00,1888
n0f97df989e1e,13500810,MINMIN,fiftyish_log,2026-02-04T00:45:29.000+09:00,403
n0f97df989e1e,11829632,🎸陰陽猫│夏火少年,like_coyote9911,2026-02-03T00:10:54.000+09:00,434
n0f97df989e1e,11679055,ひなた【現役教員／子供ファッションプロデューサー】,kodomo_fashion,2026-02-02T18:46:53.000+09:00,309
n0f97df989e1e,13511048,Yuricocoro/年齢を味方に生きる,yuricocoro_0326,2026-02-02T18:19:58.000+09:00,118
n0f97df989e1e,13133778,【無名 S note】18日でフォロワー1000名🚨連続収益中！！⚠40強・6共マガ運営 参加40🙆,ss_yr,2026-02-02T14:59:53.000+09:00,1746
n0f97df989e1e,7078968,RuRuru｜マイペースで気さく、おおむねご機嫌な人,clever_ixia29,2026-02-01T15:14:17.000+09:00,97
n0f97df989e1e,12885021,ただのかくひと。,tadanokakuhito,2026-01-31T20:06:14.000+09:00,70
n0f97df989e1e,12675061,とも,famous_skink8709,2026-01-30T23:29:11.000+09:00,712
n0f97df989e1e,13177416,harashiの日記 ,harashi_nikki,2026-01-29T19:34:32.000+09:00,359
n0f97df989e1e,13107073,ルパン・ザ・アート,lupin_the_art,2026-01-28T18:45:35.000+09:00,207
n0f97df989e1e,9845883,酒井吉幸,yosci56,2026-01-27T21:42:31.000+09:00,868
n0f97df989e1e,10175064,雪綴ゆき,wise_rat6355,2026-01-24T09:16:21.000+09:00,6352
n0f97df989e1e,13150994,けー子の部屋,wise_zephyr1065,2026-01-22T08:04:02.000+09:00,44
n0f97df989e1e,13060597,よしじ,vivid_nerine2022,2026-01-07T21:56:45.000+09:00,963
n0f97df989e1e,6761905,RI,light_omimoi,2025-12-24T13:23:26.000+09:00,69
n0f97df989e1e,11634537,ナオユキ｜物語と知識のコンシェルジュ,ai_naoyuki,2025-12-23T15:59:23.000+09:00,2968
n0f97df989e1e,11361044,YUYA 30代からの副業　AI副業で人生を変える,yuya_ai,2025-12-22T20:30:46.000+09:00,2004
n0f97df989e1e,11756982,たまご,tamago_lifenotes,2025-12-18T06:03:23.000+09:00,58
n4483ea3d4c94,6905415,豹子頭 林冲,hyousitou,2026-06-02T21:26:04.000+09:00,269
n4483ea3d4c94,3009631,AI猫モフ助のひとり作戦会議,aicat_mofusuke,2026-06-02T21:16:13.000+09:00,142
n4483ea3d4c94,12624691,あん｜noteと遊ぶ,aging_gracefully,2026-06-02T21:12:17.000+09:00,1218
n4483ea3d4c94,12516832,和田雄三｜AI×心理ブランディングデザイナー,glad_dill2129,2026-06-02T21:12:13.000+09:00,812
n4483ea3d4c94,13107123,ランマッスル,runmuscle_m,2026-06-02T21:09:48.000+09:00,4008
n4483ea3d4c94,13161722,おあつ,keen_pipit1182,2026-06-02T21:09:25.000+09:00,1518
n4483ea3d4c94,4877017,須川元介/情報翻訳家,skagenavi,2026-06-02T21:08:34.000+09:00,2314
n4483ea3d4c94,13163455,KOTAYA | 今日はこれで合格,kotaya_log,2026-06-02T21:06:53.000+09:00,2787
n4483ea3d4c94,12589889,なかやん✖️ありのままを整えるライフコーチ,nakayan1117,2026-06-02T21:06:09.000+09:00,755
n4483ea3d4c94,11474190,断罪と慈愛の歌詠み師 UTAKO,bold_slug9390,2026-06-02T21:01:54.000+09:00,501
n4483ea3d4c94,12949168,不真面目小児科医　しうまい,misasyu5,2026-06-02T20:42:07.000+09:00,542
n4483ea3d4c94,13574007,🍀ベンジャミン🍀,noble_spirea7217,2026-06-02T20:41:39.000+09:00,770
n4483ea3d4c94,13405464,木漏れ日亭,komorebi_tei,2026-06-02T20:40:09.000+09:00,585
n4483ea3d4c94,5330022,Marie | まりーの小さな⚙️歯車⚙️ラボ🔬,marie_222,2026-06-02T20:38:33.000+09:00,23
n4483ea3d4c94,12377105,まるよか,yokayoka5103,2026-06-02T20:38:17.000+09:00,1361
n4483ea3d4c94,13900618,sophie,scribble_1000,2026-06-02T20:36:56.000+09:00,792
n4483ea3d4c94,10175064,雪綴ゆき,wise_rat6355,2026-06-02T20:36:25.000+09:00,6356
n4483ea3d4c94,11634537,ナオユキ｜物語と知識のコンシェルジュ,ai_naoyuki,2026-06-02T20:34:08.000+09:00,2968
n4483ea3d4c94,13927059,はる,haru_growth,2026-06-02T20:32:54.000+09:00,243
naa1d601c361d,8166572,ひゅー｜AI×分析｜考察と思考整理を楽しむ。note,hyu_nisworks,2026-06-02T19:09:31.000+09:00,399
ne1a87d5b28a6,6087017,きいぴくみん｜3児の父,kiipik,2026-06-02T18:20:00.000+09:00,230
n1808f56de737,12417301,すみれ,genial_wren230,2026-06-02T20:09:34.000+09:00,296
n34d6c85656ad,14490242,Mind Log,mindlog_mapai,2026-06-03T00:21:40.000+09:00,183
n34d6c85656ad,13255391,さち　私のつぶやき,10211129,2026-06-02T22:35:14.000+09:00,1421
n4483ea3d4c94,12157269,ken ｜ 完全無課金AI戦略 × note運営,noted_sheep3883,2026-06-03T00:41:20.000+09:00,3220
n4483ea3d4c94,14557913,棚町文子,moral_lemur2303,2026-06-03T00:08:50.000+09:00,79
n4483ea3d4c94,14453232,WASHI工房｜地獄を踏み台にしてやる。,washi_workspace,2026-06-02T23:19:21.000+09:00,12
n4483ea3d4c94,12465066,Shoji ｜未来小説,anomie1,2026-06-02T22:55:58.000+09:00,1210
n4483ea3d4c94,13813515,もりあおな,mori_hikaru,2026-06-02T22:43:49.000+09:00,671
n4483ea3d4c94,13613385,羅生門SKY,codex_strategy,2026-06-02T22:32:28.000+09:00,419
n4483ea3d4c94,8857122,うるるん,nice_daisy957,2026-06-02T22:23:13.000+09:00,996
n4483ea3d4c94,10517876,向日葵じまにゃん🌻,jimanyan,2026-06-02T22:13:25.000+09:00,1882
n4483ea3d4c94,13236272,ZAKKY −営業サポート,mild_stoat3315,2026-06-02T22:07:10.000+09:00,273
n4483ea3d4c94,14132723,せな｜無理しない低燃費生活,senamainiti,2026-06-02T22:04:30.000+09:00,464
n4483ea3d4c94,13852441,アリゼロ🐜氷河期世代の働きアリ@自身が会社で経験してきた問題点や気づきを発信しています。,hataraku_ari999,2026-06-02T21:54:58.000+09:00,142
n4483ea3d4c94,10750843,Takanashi（たかなし）,takanashi_note01,2026-06-02T21:54:02.000+09:00,1190
n4483ea3d4c94,11561590,かえるこ | Kaeruko,serene_pansy617,2026-06-02T21:50:28.000+09:00,4182
n4483ea3d4c94,11837112,もぐら,mogurabooks,2026-06-02T21:40:14.000+09:00,213
naa1d601c361d,14681621,nachomilk,nachomilk24113,2026-06-03T00:32:25.000+09:00,0
naa1d601c361d,10827166,コンパス みき,compass_m360,2026-06-03T00:00:39.000+09:00,1209
naa1d601c361d,14061053,国際線運航管理者をめざす✈️,dispatcher_log,2026-06-02T23:58:02.000+09:00,57
naa1d601c361d,9281462,N氏,nakaikikaku,2026-06-02T23:12:06.000+09:00,1332
naa1d601c361d,12465066,Shoji ｜未来小説,anomie1,2026-06-02T22:56:01.000+09:00,1210
naa1d601c361d,11760299,雑学MAMA,mammynote06,2026-06-02T22:19:52.000+09:00,799
naa1d601c361d,10750843,Takanashi（たかなし）,takanashi_note01,2026-06-02T21:51:33.000+09:00,1190
n297a23e9790f,9740768,Amy,amy_art,2026-06-02T23:34:03.000+09:00,181
n297a23e9790f,13255391,さち　私のつぶやき,10211129,2026-06-02T22:30:52.000+09:00,1421
n00640192fdd7,14060433,Bluebell diary🌿,modern_llama1047,2026-06-02T21:49:06.000+09:00,175
n00640192fdd7,10460304,ちんぱん🐒AI×note実録,ojisan_chinpan,2026-06-02T21:39:13.000+09:00,790
n9fdb67cbc454,12895390,ボーっと黄昏,muscle_hobby,2026-06-02T22:06:45.000+09:00,1603
n968647e16cb9,13255391,さち　私のつぶやき,10211129,2026-06-02T22:33:21.000+09:00,1421
n2574b6773bc0,11631173,参謀庵（さんぼうあん）｜キャリア戦略,cozy_hyssop609,2026-06-02T23:19:42.000+09:00,435
n34d6c85656ad,13691177,J1 Strategy Lab｜受験×教育×AI　 3ヶ月で1000人が支持してくれました,sane_crane8687,2026-06-03T01:25:58.000+09:00,1093
n4483ea3d4c94,11395794,零ぴちゅ。,reipichu,2026-06-03T04:33:37.000+09:00,4083
n00640192fdd7,2734429,lalawhipp,goyagdin,2026-06-03T04:52:15.000+09:00,180
n34d6c85656ad,14618726,siro.vai,serene_lily8531,2026-06-03T06:38:09.000+09:00,10
n4483ea3d4c94,14618726,siro.vai,serene_lily8531,2026-06-03T06:38:17.000+09:00,10
naa1d601c361d,13880332,ちゃろ,hmyk_312227,2026-06-03T06:48:06.000+09:00,594
naa1d601c361d,14618726,siro.vai,serene_lily8531,2026-06-03T06:38:22.000+09:00,10
n297a23e9790f,14311871,hana🌸,hanabaaba915,2026-06-03T05:50:14.000+09:00,326
n4483ea3d4c94,13797090,目覚ましを捨てた5時起き人間｜思考が変わる毎日エッセイ,honest_spirea390,2026-06-03T11:58:44.000+09:00,324
n4483ea3d4c94,9732210,畠中モンテスＱ,hata_sawa020708,2026-06-03T11:04:41.000+09:00,1073
n4483ea3d4c94,13430194,あきまむ,fond_shark9221,2026-06-03T10:54:15.000+09:00,213
naa1d601c361d,4636791,King granola,kinggranola,2026-06-03T10:14:56.000+09:00,54
naa1d601c361d,1567000,ARIKA,arika7,2026-06-03T09:55:31.000+09:00,704
naa1d601c361d,11619137,teruo,teruo_7717,2026-06-03T09:34:48.000+09:00,407
n6f1916d32f42,11619137,teruo,teruo_7717,2026-06-03T09:34:55.000+09:00,407
n4483ea3d4c94,5828006,まなつ/突出マイノリティ列伝,tosshutsu_m,2026-06-03T17:47:36.000+09:00,6150
n4483ea3d4c94,8166572,ひゅー｜AI×分析｜考察と思考整理を楽しむ。note,hyu_nisworks,2026-06-03T15:53:59.000+09:00,408
n4483ea3d4c94,5310776,原付ら～めん,noodle50cc,2026-06-03T15:12:49.000+09:00,229
naa1d601c361d,7183185,中山佑樹 | AI model株式会社 取締役CTO ,yuki198011,2026-06-03T16:28:12.000+09:00,62
naa1d601c361d,12847647,黒野,kuro_yuki2025,2026-06-03T15:53:30.000+09:00,302
naa1d601c361d,10097507,華子,genial_spirea716,2026-06-03T14:05:37.000+09:00,1074
naa1d601c361d,9034431,タイラー｜五感翻訳家｜五感解析ラボ主宰,lively_flea9734,2026-06-03T13:18:06.000+09:00,2769
n297a23e9790f,13759020,はる＠毎日定時で帰る人,ample_weasel3449,2026-06-03T13:52:42.000+09:00,1
n00640192fdd7,14433020,Shinobu｜副業・本業残業多め,shinobu_noter,2026-06-03T12:58:20.000+09:00,123
n9fdb67cbc454,13137374,宇宙珍獣🦄🌬️ユル勇者あかね,lovely_rose3365,2026-06-03T13:52:05.000+09:00,1616
n096c33bded83,2985125,sakita,limber_myrtle968,2026-06-03T13:33:51.000+09:00,989
ncda4a4be4d28,4346428,和泉たわ｜ADHD｜40代人生立て直し中,harumaki21,2026-06-03T15:11:14.000+09:00,321
n31619810ff51,14529984,ANLY's Creative Story,anlycreatstory,2026-06-03T12:41:45.000+09:00,53
n4483ea3d4c94,4472775,あまね〘ฅ՞•ﻌ•՞ฅฅ^•ﻌ•^ฅ〙,almabrillante,2026-06-03T20:47:27.000+09:00,844
n4483ea3d4c94,1349052,AZURELYTONE　(アズレリイトオン),azrlytnnote,2026-06-03T20:38:59.000+09:00,1186
n4483ea3d4c94,4517917,井島晴彦,hari4939,2026-06-03T18:41:09.000+09:00,194
naa1d601c361d,2146234,未来のITコンサル,titus2501,2026-06-03T20:00:13.000+09:00,23
n4483ea3d4c94,8911867,ルルトアヤコ,lovely_coyote546,2026-06-04T04:52:49.000+09:00,2653
n4483ea3d4c94,14243189,夏季現金,naco_x18,2026-06-04T01:03:46.000+09:00,461
n4483ea3d4c94,14507504,mimi 🕊️✨🇫🇷,deep_willet7155,2026-06-03T23:33:47.000+09:00,122
n4483ea3d4c94,13739855,AIスロット研究所,ai_slot_lab,2026-06-03T23:06:04.000+09:00,105
n4483ea3d4c94,1823248,白亜紀子のOL調査書,astroattack,2026-06-03T22:49:55.000+09:00,871
naa1d601c361d,7703704,清宮ゆうか｜年子兄妹のママ・薬剤師,yuka_k_mom,2026-06-04T00:10:53.000+09:00,1297
naa1d601c361d,14507504,mimi 🕊️✨🇫🇷,deep_willet7155,2026-06-03T23:33:48.000+09:00,122
n2574b6773bc0,14363101,ゆ,yuuwa1046,2026-06-04T00:19:16.000+09:00,93
n4483ea3d4c94,9303446,ゆっきー,dapper_coyote423,2026-06-04T07:11:52.000+09:00,138
n34d6c85656ad,1500347,にゃんこQ,nyankoq,2026-06-04T10:02:17.000+09:00,15
n4483ea3d4c94,12660702,A｜フォロバ100｜パソコン知識0中卒低賃金30代パパ！娘の為にYouTubeの収益化を目指すAです,tender_emu4978,2026-06-03T23:56:25.000+09:00,1679
n44290178be17,12489018,Hitotoki 『Threadsフォロワー爆伸びの秘訣』,hitotoki_time,2026-06-04T09:46:33.000+09:00,14
n73bbdeee4407,13279744,koto＠40歳から人生大きく変えてみた,glossy_parrot715,2026-06-04T09:03:31.000+09:00,223
n31619810ff51,11319376,愚か者,juicy_lemur2898,2026-06-04T11:13:41.000+09:00,219
n34d6c85656ad,4013752,Silverback Core,silverbackcore,2026-06-04T12:24:51.000+09:00,119
n4483ea3d4c94,4091932,visage スゲノヨシノリ＠hybrid photographer mikiの未来会議,yoshinori1528,2026-06-04T16:46:11.000+09:00,1037
n4483ea3d4c94,13443416,なつきコイン,natsuki_coin,2026-06-04T15:43:32.000+09:00,923
n4483ea3d4c94,14433020,Shinobu｜副業・本業残業多め,shinobu_noter,2026-06-04T15:03:12.000+09:00,125
n4483ea3d4c94,14415312,ソラのカナタ,sora6kanata,2026-06-04T14:29:44.000+09:00,41
naa1d601c361d,14595874,奇妙映像ライブラリー,horror_40daisuki,2026-06-04T16:48:02.000+09:00,23
naa1d601c361d,14405763,サチの道具箱｜経験を資産にするノート,s_toolbox,2026-06-04T15:58:30.000+09:00,49
naa1d601c361d,14243189,夏季現金,naco_x18,2026-06-04T15:34:42.000+09:00,466
naa1d601c361d,14486267,転勤族ママMichi｜暮らしの記録,tenkinmichi_note,2026-06-04T14:46:36.000+09:00,403
naa1d601c361d,7896891,ポンタ,pontanohaha,2026-06-04T14:04:39.000+09:00,1164
naa1d601c361d,14630977,ハコウラ密造計画｜勝手にプランニング,ideal_rose2908,2026-06-04T13:55:32.000+09:00,63
naa1d601c361d,13071716,コスモス🌸 │ ３人と一緒に考えるnote,cosmos_invest,2026-06-04T12:28:45.000+09:00,615
naa1d601c361d,14573732,T K(ティーケー),rapid_pothos9817,2026-06-04T12:14:24.000+09:00,27
n44290178be17,10821511,DAIKIMASUZAKI,daikimasuzaki,2026-06-04T14:37:59.000+09:00,16
n0f97df989e1e,3598618,はしゃも｜感情構造エンジニア,hasyamo,2026-06-04T12:57:25.000+09:00,478
na49497d205ac,12568539,satoyu｜ゆるガチおうち英語,yurugachienglish,2026-06-04T20:34:59.000+09:00,561
na49497d205ac,10997933,阿部　礼司,dandy_chives4474,2026-06-04T20:31:33.000+09:00,493
na49497d205ac,13793912,アンダルシア,jazzy_serval4030,2026-06-04T20:31:17.000+09:00,135
n4483ea3d4c94,1218500,さくら,sakura_wellness,2026-06-04T19:49:35.000+09:00,1318
naa1d601c361d,14512120,のらねこ日記,safe_clam386,2026-06-04T20:25:21.000+09:00,22
naa1d601c361d,10460304,ちんぱん🐒会社しかない状態を減らす45歳,ojisan_chinpan,2026-06-04T20:07:30.000+09:00,801
naa1d601c361d,13642246,やっさん（yasuda）,large_iguana6415,2026-06-04T19:07:16.000+09:00,662
n00640192fdd7,12609349,うさぴん,keen_crab3069,2026-06-04T20:23:56.000+09:00,17
n00640192fdd7,1218500,さくら,sakura_wellness,2026-06-04T19:53:07.000+09:00,1318
n34d6c85656ad,8541914,パラディドル7,modern_orchid151,2026-06-04T22:43:05.000+09:00,4
n34d6c85656ad,13638553,まぐ。/ 公式裏アカウント 【まぐnet。】,fancy_impala8140,2026-06-04T20:45:28.000+09:00,302
na49497d205ac,4509042,猫の父さん@トトとチー,cat48_1010,2026-06-05T03:04:10.000+09:00,399
na49497d205ac,11561590,かえるこ | Kaeruko,serene_pansy617,2026-06-05T01:52:39.000+09:00,4220
na49497d205ac,12516832,和田雄三｜AI×心理ブランディングデザイナー,glad_dill2129,2026-06-05T01:14:34.000+09:00,831
na49497d205ac,14453232,WASHI工房｜地獄を踏み台にしてやる。,washi_workspace,2026-06-05T00:06:19.000+09:00,12
na49497d205ac,12158291,考える赤柴,eager_thyme9842,2026-06-04T23:54:33.000+09:00,303
na49497d205ac,13280536,人生幸福委員会｜自分らしい生き方を考える,firm_quince3596,2026-06-04T23:34:41.000+09:00,647
na49497d205ac,13573046,ゆるテク,yurutech_lab,2026-06-04T23:31:48.000+09:00,76
na49497d205ac,5528334,ヒトタラヲ,5959life,2026-06-04T23:26:38.000+09:00,4049
na49497d205ac,13623901,あずなぶ〜る｜SNS弱者のnote戦略術,alive_here3686,2026-06-04T23:23:21.000+09:00,821
na49497d205ac,9281462,N氏,nakaikikaku,2026-06-04T23:19:27.000+09:00,1332
na49497d205ac,9027294,毛玉に生かされてる人,yuma4526,2026-06-04T23:15:47.000+09:00,50
na49497d205ac,4472775,あまね〘ฅ՞•ﻌ•՞ฅฅ^•ﻌ•^ฅ〙,almabrillante,2026-06-04T22:59:08.000+09:00,844
na49497d205ac,13852441,アリゼロ🐜氷河期世代の働きアリ@自身が会社で経験してきた問題点や気づきを発信しています。,hataraku_ari999,2026-06-04T22:58:52.000+09:00,145
na49497d205ac,12417301,すみれ,genial_wren230,2026-06-04T22:58:43.000+09:00,305
na49497d205ac,13244049,Lala（らら）/5年契約のギリギリ公務員,aya_5vn,2026-06-04T22:54:10.000+09:00,706
na49497d205ac,13405464,木漏れ日亭,komorebi_tei,2026-06-04T22:52:54.000+09:00,592
na49497d205ac,11474190,断罪と慈愛の歌詠み師 UTAKO,bold_slug9390,2026-06-04T22:50:59.000+09:00,510
na49497d205ac,7834656,ぴーさん,lively_marten340,2026-06-04T22:47:09.000+09:00,198
na49497d205ac,13927059,はる,haru_growth,2026-06-04T22:36:12.000+09:00,245
na49497d205ac,8857122,うるるん,nice_daisy957,2026-06-04T22:30:39.000+09:00,1004
na49497d205ac,4877017,須川元介/情報翻訳家,skagenavi,2026-06-04T22:20:41.000+09:00,2323
na49497d205ac,10750843,Takanashi（たかなし）,takanashi_note01,2026-06-04T22:18:07.000+09:00,1198
na49497d205ac,5738970,営業fafa | note業界No.1営業マン,kohana1112,2026-06-04T22:11:32.000+09:00,1405
na49497d205ac,12377105,まるよか,yokayoka5103,2026-06-04T21:55:50.000+09:00,1373
na49497d205ac,14504799,turu,dapper_llama6901,2026-06-04T21:53:52.000+09:00,260
na49497d205ac,10517876,向日葵じまにゃん🌻,jimanyan,2026-06-04T21:52:37.000+09:00,1884
na49497d205ac,13182364,瑞馬かおり｜Mizuma Kaori｜完璧主義,mizumakaori,2026-06-04T21:43:49.000+09:00,390
na49497d205ac,11973177,るこのみらい,ruco3,2026-06-04T21:35:17.000+09:00,2023
na49497d205ac,5828006,まなつ/突出マイノリティ列伝,tosshutsu_m,2026-06-04T21:34:02.000+09:00,6194
na49497d205ac,13107123,ランマッスル,runmuscle_m,2026-06-04T21:25:58.000+09:00,4135
na49497d205ac,1205653,株式会社アカネサス代表 北條竜太郎│フォロバ100,fine_yeti1552,2026-06-04T21:22:55.000+09:00,1300
na49497d205ac,10091607,🔔Bell note,bellshacho,2026-06-04T21:22:27.000+09:00,2046
na49497d205ac,12184556,空波DX100%,happy_echium7563,2026-06-04T21:22:13.000+09:00,6864
na49497d205ac,5330022,Marie | まりーの小さな⚙️歯車⚙️ラボ🔬,marie_222,2026-06-04T21:16:57.000+09:00,25
na49497d205ac,12697887,すえさん｜お金の不安を“安心”に変えるコーチ,suesan_fp,2026-06-04T21:12:01.000+09:00,304
na49497d205ac,6905415,豹子頭 林冲,hyousitou,2026-06-04T21:09:23.000+09:00,272
na49497d205ac,8401402,たよろよろ図書館DATABASE,fair_impala134,2026-06-04T21:07:21.000+09:00,24971
na49497d205ac,13965785,ことのは｜心の整理ノート　,cute_parrot8784,2026-06-04T21:05:24.000+09:00,50
na49497d205ac,10460304,ちんぱん🐒会社しかない状態を減らす45歳,ojisan_chinpan,2026-06-04T21:00:58.000+09:00,803
na49497d205ac,1909619,シゲク@note初心者全力応援,shigekumasaku,2026-06-04T21:00:35.000+09:00,6206
na49497d205ac,12885894,taka,agile_heron3163,2026-06-04T20:59:39.000+09:00,629
na49497d205ac,11677864,みみんが,qwbmw21,2026-06-04T20:58:02.000+09:00,241
na49497d205ac,13935020,沖縄手取り16万おじさん,okitedori16oji,2026-06-04T20:56:31.000+09:00,623
na49497d205ac,6781246,全力限界駅員👩🏻‍✈️100日連続投稿達成した人,lovely_ixora10,2026-06-04T20:52:45.000+09:00,692
na49497d205ac,13546760,あおい｜仕事と本音のあいだ,charm_loris2565,2026-06-04T20:48:02.000+09:00,643
na49497d205ac,11001252,ぺぺ│note 分析狂い📝,pe_pe_72729,2026-06-04T20:47:58.000+09:00,297
na49497d205ac,13161722,おあつ,keen_pipit1182,2026-06-04T20:47:41.000+09:00,1536
na49497d205ac,13638553,まぐ。/ 公式裏アカウント 【まぐnet。】,fancy_impala8140,2026-06-04T20:47:23.000+09:00,302
na49497d205ac,5905486,えかき,axiz_architects,2026-06-04T20:45:42.000+09:00,631
na49497d205ac,8166572,ひゅー｜AI×分析｜考察と思考整理を楽しむ。note,hyu_nisworks,2026-06-04T20:44:47.000+09:00,413
na49497d205ac,12949168,不真面目小児科医　しうまい,misasyu5,2026-06-04T20:43:43.000+09:00,545
na49497d205ac,13900618,sophie,scribble_1000,2026-06-04T20:41:17.000+09:00,793
n4483ea3d4c94,1909619,シゲク@note初心者全力応援,shigekumasaku,2026-06-04T21:00:36.000+09:00,6206
naa1d601c361d,5528334,ヒトタラヲ,5959life,2026-06-04T23:29:06.000+09:00,4049
naa1d601c361d,13140757,雪詠｜ゆきよみ,yukiyomi,2026-06-04T21:18:19.000+09:00,814
naa1d601c361d,1909619,シゲク@note初心者全力応援,shigekumasaku,2026-06-04T21:00:39.000+09:00,6206
n297a23e9790f,1909619,シゲク@note初心者全力応援,shigekumasaku,2026-06-04T21:00:40.000+09:00,6206
n00640192fdd7,12158291,考える赤柴,eager_thyme9842,2026-06-04T23:57:56.000+09:00,303
n968647e16cb9,8401402,たよろよろ図書館DATABASE,fair_impala134,2026-06-04T21:05:27.000+09:00,24971
n44290178be17,13655668,寄藤　淳,brave_ixora6196,2026-06-04T20:58:03.000+09:00,1434
na49497d205ac,3608968,KITAcore｜キタコレ＠ログプレイヤー,ktcrs1107,2026-06-05T06:48:50.000+09:00,1375
na49497d205ac,13236272,ZAKKY −営業サポート,mild_stoat3315,2026-06-05T06:46:22.000+09:00,275
na49497d205ac,13909954,Shin,natty_frog4835,2026-06-05T06:02:04.000+09:00,251
na49497d205ac,11837112,もぐら,mogurabooks,2026-06-05T05:43:56.000+09:00,219
na49497d205ac,9489656,MeGood,megood_1028,2026-06-05T05:19:58.000+09:00,61
na49497d205ac,1218500,さくら,sakura_wellness,2026-06-05T04:23:22.000+09:00,1321
n096c33bded83,13909954,Shin,natty_frog4835,2026-06-05T06:02:43.000+09:00,251
na49497d205ac,12411966,ルー＝シャーナ（ルーシャーナ）｜感覚をことばにする往復便,jolly_lupine2962,2026-06-05T11:28:19.000+09:00,2379
na49497d205ac,11359513,安達｢チーム🦁｣｜AIと共闘し600を必達する者,takayukiadachi,2026-06-05T10:52:25.000+09:00,946
na49497d205ac,13626446,たかしとアヌやん,takasi39,2026-06-05T10:08:04.000+09:00,603
na49497d205ac,11634537,ナオユキ｜物語と知識のコンシェルジュ,ai_naoyuki,2026-06-05T08:38:04.000+09:00,2988
na49497d205ac,7863331,ゴロー｜中小企業診断士×補助金伴走支援×会社員,rich_peony491,2026-06-05T08:08:46.000+09:00,16
na49497d205ac,12539487,よしこ｜続けたい人の横にいる,noted_beetle1302,2026-06-05T07:51:58.000+09:00,524
na49497d205ac,12297006,みなてぃ,minaty_chronicle,2026-06-05T07:48:30.000+09:00,473
na49497d205ac,3598618,はしゃも｜感情構造エンジニア,hasyamo,2026-06-05T07:25:52.000+09:00,476
na49497d205ac,13574007,🍀ベンジャミン🍀,noble_spirea7217,2026-06-05T06:58:06.000+09:00,805
naa1d601c361d,10999098,Tanuko,ol_tanuko_life,2026-06-05T10:08:19.000+09:00,838
naa1d601c361d,14212745,クリスチィーヌ,naonao0128,2026-06-05T07:51:06.000+09:00,33
n00640192fdd7,7863331,ゴロー｜中小企業診断士×補助金伴走支援×会社員,rich_peony491,2026-06-05T08:09:00.000+09:00,16
n00640192fdd7,13792780,営業パパ,eigyopapa,2026-06-05T07:26:38.000+09:00,1597
n968647e16cb9,13792780,営業パパ,eigyopapa,2026-06-05T11:02:04.000+09:00,1597
n01b5fd12d369,12158291,考える赤柴,eager_thyme9842,2026-06-05T09:49:59.000+09:00,303
na49497d205ac,11914162,キヲ@AIイラストレーター,alert_yak4745,2026-06-05T18:13:02.000+09:00,2563
na49497d205ac,14132723,せな｜無理しない低燃費生活,senamainiti,2026-06-05T17:48:49.000+09:00,489
na49497d205ac,13163455,KOTAYA | 今日はこれで合格,kotaya_log,2026-06-05T16:24:36.000+09:00,2845
na49497d205ac,12521570,しろのある,shirono_aru,2026-06-05T16:06:53.000+09:00,3756
na49497d205ac,298198,Sゲームブッカー＠Kindle作家,sgamebooker,2026-06-05T15:48:06.000+09:00,1236
na49497d205ac,10536139,進撃の銀行員 | 3年後にFIRE | フォロバ100,fire_banker,2026-06-05T12:57:42.000+09:00,2233
na49497d205ac,12675061,とも,famous_skink8709,2026-06-05T12:55:03.000+09:00,729
na49497d205ac,8702952,禁断のニョロうさぎ,nyoro_usagi,2026-06-05T12:30:17.000+09:00,504
naa1d601c361d,9505289,もへ,kakitaimohe,2026-06-05T15:53:18.000+09:00,436
naa1d601c361d,8702952,禁断のニョロうさぎ,nyoro_usagi,2026-06-05T12:31:42.000+09:00,504
n2574b6773bc0,12741572,やまぐち｜AIマーケライターという働き方,entrepartner,2026-06-05T14:17:45.000+09:00,1096
n096c33bded83,13638553,まぐ。/ 公式裏アカウント 【まぐnet。】,fancy_impala8140,2026-06-05T17:28:33.000+09:00,301
n6625a4f30d7f,13697758,rekisi,rekisi155444,2026-06-05T17:12:11.000+09:00,22
n31619810ff51,13720239,Yuji｜紙とハンコからAIへ,ai_gyomu_yuji,2026-06-05T20:06:34.000+09:00,28
na49497d205ac,4995736,🍎taiwa‐asobi｜かおりんごー( *˙▿︎˙ )♪,236600,2026-06-05T21:11:39.000+09:00,275
naa1d601c361d,10616245,賢者の羅針盤：こぐまパパが大切な人に伝えておきたいこと,fast_python9301,2026-06-05T21:09:17.000+09:00,2234
n44290178be17,13312115,りぼんぼん,sankasei,2026-06-05T21:33:18.000+09:00,53
na49497d205ac,13066168,はるねずみ｜note副業０→１応援,kasegu5haru,2026-06-06T00:17:04.000+09:00,1570
naa1d601c361d,12301144,ゆぴか ☀︎在宅で働きたい主婦（ちょっとワケあり）,tasty_quoll5392,2026-06-06T00:33:09.000+09:00,685
nbc381a3c6979,3598618,はしゃも｜感情構造エンジニア,hasyamo,2026-06-05T23:47:09.000+09:00,477
n34d6c85656ad,6318839,siro,siro226,2026-06-06T13:34:35.000+09:00,234
n34d6c85656ad,14256191,番頭ノート,cozy_otter5729,2026-06-06T12:59:00.000+09:00,41
n34d6c85656ad,14318407,ぽんこ,good_otter1307,2026-06-06T09:58:20.000+09:00,416
na49497d205ac,12702257,いちふく,hearty_skink5931,2026-06-06T14:15:37.000+09:00,81
na49497d205ac,6318839,siro,siro226,2026-06-06T13:34:25.000+09:00,234
na49497d205ac,4887086,はんく・シュンタナ🐤『塩化ビニール系女子』AIクリエイター兼プロデューサー,hunk_shuntana,2026-06-06T10:47:33.000+09:00,634
na49497d205ac,14678969,コツシバ｜ITエンジニア,kotsushiba,2026-06-06T10:45:36.000+09:00,315
na49497d205ac,12330261,スピカ,apt_flea6657,2026-06-06T10:24:17.000+09:00,616
na49497d205ac,11574500,ふらつき母ちゃん 〜今日も全力空回り！〜,dear_viper3924,2026-06-06T08:49:36.000+09:00,813
na49497d205ac,13792780,営業パパ,eigyopapa,2026-06-06T08:12:16.000+09:00,1597
na49497d205ac,2490558,だんだんありがと@めじゅ,dandan_arigato19,2026-06-06T07:36:00.000+09:00,365
n4483ea3d4c94,6318839,siro,siro226,2026-06-06T13:34:26.000+09:00,234
n4483ea3d4c94,11574500,ふらつき母ちゃん 〜今日も全力空回り！〜,dear_viper3924,2026-06-06T07:31:33.000+09:00,813
naa1d601c361d,6318839,siro,siro226,2026-06-06T13:34:43.000+09:00,234
naa1d601c361d,14600382,あんこ,rapid_fish5814,2026-06-06T10:05:19.000+09:00,10
naa1d601c361d,13430194,あきまむ,fond_shark9221,2026-06-06T08:41:52.000+09:00,213
n297a23e9790f,13900581,せがせがお,vivid_auklet1811,2026-06-06T07:15:57.000+09:00,202
n00640192fdd7,11446528,AI副業ラボ,safe_zephyr1629,2026-06-06T12:09:52.000+09:00,19
n4ba2addd21ff,4887086,はんく・シュンタナ🐤『塩化ビニール系女子』AIクリエイター兼プロデューサー,hunk_shuntana,2026-06-06T10:48:55.000+09:00,634
n2574b6773bc0,14304031,山口｜ひとり起業家プロデューサー｜AIチームで生産性UP研究中,yamaguchi_osud,2026-06-06T11:20:44.000+09:00,258
na63e407a9a7f,3598618,はしゃも｜感情構造エンジニア,hasyamo,2026-06-06T15:22:23.000+09:00,478
n34bcd536d71f,3598618,はしゃも｜感情構造エンジニア,hasyamo,2026-06-06T15:05:40.000+09:00,478
ncbeb62f97e7a,3598618,はしゃも｜感情構造エンジニア,hasyamo,2026-06-06T15:03:28.000+09:00,478
n84d46d0e0abb,3598618,はしゃも｜感情構造エンジニア,hasyamo,2026-06-06T14:54:57.000+09:00,478
n6d6dfd9e639f,3598618,はしゃも｜感情構造エンジニア,hasyamo,2026-06-06T14:52:01.000+09:00,478
n0fdeaf966447,3598618,はしゃも｜感情構造エンジニア,hasyamo,2026-06-06T14:44:53.000+09:00,478
na49497d205ac,12025111,七転八起,shichitenhakki0,2026-06-06T19:04:40.000+09:00,730
na49497d205ac,14335700,梓／Keni Nacastli Atyalan Miguel,keni_nacastli_m,2026-06-06T18:46:47.000+09:00,649
na49497d205ac,8911867,ルルトアヤコ,lovely_coyote546,2026-06-06T17:21:47.000+09:00,2667
na49497d205ac,13351077,やも,yamo_note,2026-06-06T16:29:53.000+09:00,633
naa1d601c361d,11973177,るこのみらい,ruco3,2026-06-06T18:25:49.000+09:00,2017
n3a81bf1e64bd,12417301,すみれ,genial_wren230,2026-06-06T17:52:08.000+09:00,304
n72a2eb428f64,8911867,ルルトアヤコ,lovely_coyote546,2026-06-06T17:37:37.000+09:00,2667
na49497d205ac,11395794,零ぴちゅ。,reipichu,2026-06-06T21:37:34.000+09:00,4152
na49497d205ac,14506135,ごさまる@会社員+個人事業主（フリーランス）+法人経営の3足のワラジを目指す道,gosamaru_kanai,2026-06-06T21:13:17.000+09:00,40
na49497d205ac,13079732,ＣＯＯＬ,vast_tulip7937,2026-06-06T21:10:05.000+09:00,1133
na49497d205ac,10175064,雪綴ゆき,wise_rat6355,2026-06-06T20:25:08.000+09:00,6402
n4483ea3d4c94,13079732,ＣＯＯＬ,vast_tulip7937,2026-06-06T21:10:52.000+09:00,1133
na49497d205ac,11782803,心野けいか🐹（ハムスターの人）,koko_kei,2026-06-07T01:33:05.000+09:00,1448
n4483ea3d4c94,6929617,@2026rubyL,rubytarotcafe,2026-06-07T05:34:52.000+09:00,359
n4483ea3d4c94,9508457,ほしの遥華,hoshinoharuka33,2026-06-07T00:52:28.000+09:00,9169
naa1d601c361d,13623901,あずなぶ〜る｜SNS弱者のnote戦略術,alive_here3686,2026-06-07T01:03:40.000+09:00,823
n3ebefc29295a,11632965,星川初稿,shokoutan,2026-06-07T00:26:39.000+09:00,1244
na49497d205ac,12142452,VCL,verde_combat_lab,2026-06-07T08:18:50.000+09:00,505
na49497d205ac,12385127,超育休志向｜りさ ＆ ゆういち,comfamily_lab,2026-06-07T07:46:27.000+09:00,505
na49497d205ac,13470429,Imai,imai_edu1989,2026-06-07T06:39:35.000+09:00,39
nc00b2e50b2da,4472775,あまね〘ฅ՞•ﻌ•՞ฅฅ^•ﻌ•^ฅ〙,almabrillante,2026-06-07T07:10:01.000+09:00,845
n52e534bf0411,13613385,羅生門SKY,codex_strategy,2026-06-07T17:05:45.000+09:00,430
na49497d205ac,12895390,ボーっと黄昏,muscle_hobby,2026-06-07T12:45:16.000+09:00,1634
na49497d205ac,13221090,林田宗之｜教育業界25年 × 父 × 家庭から整える大学受験（親子の自立）,nori_hayashida,2026-06-07T12:10:53.000+09:00,1882
na49497d205ac,12487866,h.ogawa｜AIで価値を伝わる形に設計する支援型ライター。,nifty_pony727,2026-06-07T11:51:29.000+09:00,265
naa1d601c361d,11828830,みっちぃ|子供と一緒に成長したい2児の父,pure_bear1643,2026-06-07T11:47:22.000+09:00,431
n297a23e9790f,11973177,るこのみらい,ruco3,2026-06-07T15:29:34.000+09:00,2027
n045e9c61347c,14388674,うさぎ,cute_sheep9112,2026-06-07T14:06:58.000+09:00,148
n045e9c61347c,12789134,とり,tori2323,2026-06-07T11:57:11.000+09:00,2818
nb9142d843264,12624691,あん｜noteと遊ぶ,aging_gracefully,2026-06-07T11:49:23.000+09:00,1221
n52e534bf0411,13574007,🍀ベンジャミン🍀,noble_spirea7217,2026-06-07T19:38:08.000+09:00,813
n52e534bf0411,5330022,Marie | まりーの小さな⚙️歯車⚙️ラボ🔬,marie_222,2026-06-07T19:01:24.000+09:00,27
n52e534bf0411,11837112,もぐら,mogurabooks,2026-06-07T18:28:24.000+09:00,220
n52e534bf0411,5738970,営業fafa | note業界No.1営業マン,kohana1112,2026-06-07T18:24:41.000+09:00,1418
n52e534bf0411,10175064,雪綴ゆき,wise_rat6355,2026-06-07T18:12:44.000+09:00,6406
n52e534bf0411,4877017,須川元介/情報翻訳家,skagenavi,2026-06-07T17:47:27.000+09:00,2346
n52e534bf0411,11634537,ナオユキ｜物語と知識のコンシェルジュ,ai_naoyuki,2026-06-07T17:37:41.000+09:00,3003
n52e534bf0411,4887086,はんく・シュンタナ🐤『塩化ビニール系女子』AIクリエイター兼プロデューサー,hunk_shuntana,2026-06-07T17:34:04.000+09:00,643
n52e534bf0411,10750843,Takanashi（たかなし）,takanashi_note01,2026-06-07T17:32:44.000+09:00,1208
n52e534bf0411,11688990,City mellow Music,yskambientmusic,2026-06-07T17:26:25.000+09:00,955
n52e534bf0411,14557536,育休復帰ママ｜副収入の記録,haru108649,2026-06-07T17:24:19.000+09:00,62
n52e534bf0411,12516832,和田雄三｜AI×心理ブランディングデザイナー,glad_dill2129,2026-06-07T17:23:27.000+09:00,836
n52e534bf0411,12789134,とり,tori2323,2026-06-07T17:21:49.000+09:00,2819
n52e534bf0411,11574500,ふらつき母ちゃん 〜今日も全力空回り！〜,dear_viper3924,2026-06-07T17:19:52.000+09:00,819
n52e534bf0411,13900618,sophie,scribble_1000,2026-06-07T17:18:46.000+09:00,794
na49497d205ac,7286444,あこ｜40代のコツコツ副業,nikkonikko0203,2026-06-07T18:50:14.000+09:00,143
na49497d205ac,14060433,Bluebell diary🌿,modern_llama1047,2026-06-07T18:49:40.000+09:00,182
na49497d205ac,13137374,宇宙珍獣🦄🌬️ユル勇者あかね,lovely_rose3365,2026-06-07T18:25:00.000+09:00,1656
na49497d205ac,13807850,いむ|小学校教員クタクタ日記,kutakuta7,2026-06-07T18:19:30.000+09:00,228
naa1d601c361d,11837112,もぐら,mogurabooks,2026-06-07T19:42:00.000+09:00,220
naa1d601c361d,13792780,営業パパ,eigyopapa,2026-06-07T17:53:53.000+09:00,1609
n52e534bf0411,11877070,アルフレッド,game_system_alex,2026-06-07T22:19:05.000+09:00,2719
n52e534bf0411,1218500,さくら,sakura_wellness,2026-06-07T22:10:22.000+09:00,1344
n52e534bf0411,13163455,KOTAYA | 今日はこれで合格,kotaya_log,2026-06-07T21:41:43.000+09:00,2864
n52e534bf0411,12157269,ken ｜ 完全無課金AI戦略 × note運営,noted_sheep3883,2026-06-07T21:39:33.000+09:00,3255
n52e534bf0411,13927059,はる,haru_growth,2026-06-07T21:37:00.000+09:00,250
n52e534bf0411,13107123,ランマッスル,runmuscle_m,2026-06-07T21:32:40.000+09:00,4320
n52e534bf0411,13852441,アリゼロ🐜氷河期世代の働きアリ@自身が会社で経験してきた問題点や気づきを発信しています。,hataraku_ari999,2026-06-07T21:23:29.000+09:00,156
n52e534bf0411,13444713,サンチ |  アラフィフ × チューバで人生再起動,placeoforigin26,2026-06-07T20:50:22.000+09:00,318
n52e534bf0411,4509042,猫の父さん@トトとチー,cat48_1010,2026-06-07T20:29:48.000+09:00,399
n4483ea3d4c94,10999098,Tanuko,ol_tanuko_life,2026-06-07T22:05:45.000+09:00,846
n297a23e9790f,14665328,西条あやか | フォロワー1万人挑戦中,ayaka_20260530,2026-06-07T22:05:00.000+09:00,44
n34d6c85656ad,13140757,雪詠｜ゆきよみ,yukiyomi,2026-06-07T23:23:25.000+09:00,822
n52e534bf0411,5828006,まなつ/突出マイノリティ列伝,tosshutsu_m,2026-06-08T02:12:24.000+09:00,6291
n52e534bf0411,12624691,あん｜noteと遊ぶ,aging_gracefully,2026-06-08T00:31:18.000+09:00,1223
n52e534bf0411,14570662,quirky_bear3385,quirky_bear3385,2026-06-08T00:26:29.000+09:00,79
n52e534bf0411,8857122,うるるん,nice_daisy957,2026-06-07T23:51:43.000+09:00,1013
n52e534bf0411,10517876,向日葵じまにゃん🌻,jimanyan,2026-06-07T23:42:47.000+09:00,1894
n52e534bf0411,12385127,超育休志向｜りさ ＆ ゆういち,comfamily_lab,2026-06-07T23:12:13.000+09:00,508
na49497d205ac,11877070,アルフレッド,game_system_alex,2026-06-07T23:51:16.000+09:00,2722
na49497d205ac,13628596,あちゃぴん,ready_toucan740,2026-06-07T23:05:46.000+09:00,170
n3a81bf1e64bd,13623901,あずなぶ〜る｜SNS弱者のnote戦略術,alive_here3686,2026-06-07T23:19:59.000+09:00,827
n73bbdeee4407,13133778,【無名 S note】18日でフォロワー1000名🚨連続収益中！！⚠40強・6共マガ運営 参加40🙆,ss_yr,2026-06-08T01:44:50.000+09:00,1781
n52e534bf0411,13037359,丁寧な暮らし/生きやすさ探求家,gentle_gecko1078,2026-06-08T04:53:57.000+09:00,292
n34d6c85656ad,644414,つーさん,money_fish1091,2026-06-08T07:49:54.000+09:00,304
n52e534bf0411,11561590,かえるこ | Kaeruko,serene_pansy617,2026-06-08T07:29:50.000+09:00,4262
n52e534bf0411,3598618,はしゃも｜感情構造エンジニア,hasyamo,2026-06-08T07:18:05.000+09:00,487
na49497d205ac,14569696,avi （アビ）| 男性心理のトリセツ,avi555,2026-06-08T08:24:06.000+09:00,20
n6f1916d32f42,13082493,𖡼.𖤣𖥧たがりうさぎ🐰RuRu𖥧𖤣.𖡼,mind8colorful_l,2026-06-08T07:23:24.000+09:00,1031
n6625a4f30d7f,3598618,はしゃも｜感情構造エンジニア,hasyamo,2026-06-08T11:35:51.000+09:00,487
n31b4a8a30372,3598618,はしゃも｜感情構造エンジニア,hasyamo,2026-06-08T11:28:53.000+09:00,487
n52e534bf0411,14412052,サプリマン,sapuriman,2026-06-08T16:46:59.000+09:00,435
n52e534bf0411,3608968,KITAcore｜キタコレ＠ログプレイヤー,ktcrs1107,2026-06-08T13:17:40.000+09:00,1430
n52e534bf0411,8911867,ルルトアヤコ,lovely_coyote546,2026-06-08T13:10:25.000+09:00,2683
n52e534bf0411,13949626,元acocatriシライシ_洋楽和訳・歌詞徒然,acocatri_japan,2026-06-08T13:05:14.000+09:00,306
n4483ea3d4c94,13949626,元acocatriシライシ_洋楽和訳・歌詞徒然,acocatri_japan,2026-06-08T13:05:06.000+09:00,306
naa1d601c361d,8306844,シン＠映像クリエイター,shin_ai_creator,2026-06-08T15:32:03.000+09:00,4
n297a23e9790f,14554918,子どもの本番前、親が焦らないための支度ノート,happyoukai_junbi,2026-06-08T13:55:52.000+09:00,104
nd1c61280f3f9,3598618,はしゃも｜感情構造エンジニア,hasyamo,2026-06-08T11:58:34.000+09:00,489
n57cfd1c0e046,14132723,せな｜無理しない低燃費生活,senamainiti,2026-06-08T21:53:04.000+09:00,504
n57cfd1c0e046,12385127,超育休志向｜りさ ＆ ゆういち,comfamily_lab,2026-06-08T21:42:51.000+09:00,513
n57cfd1c0e046,13107123,ランマッスル,runmuscle_m,2026-06-08T21:35:01.000+09:00,4383
n57cfd1c0e046,11634537,ナオユキ｜物語と知識のコンシェルジュ,ai_naoyuki,2026-06-08T21:23:03.000+09:00,3008
n57cfd1c0e046,4877017,須川元介/情報翻訳家,skagenavi,2026-06-08T21:22:08.000+09:00,2355
n57cfd1c0e046,12949168,不真面目小児科医　しうまい,misasyu5,2026-06-08T21:15:09.000+09:00,551
n57cfd1c0e046,13900618,sophie,scribble_1000,2026-06-08T21:13:50.000+09:00,795
n57cfd1c0e046,13161722,おあつ,keen_pipit1182,2026-06-08T21:13:42.000+09:00,1551
n57cfd1c0e046,3598618,はしゃも｜感情構造エンジニア,hasyamo,2026-06-08T21:13:16.000+09:00,490
n57cfd1c0e046,12235137,ねんころ@AIクリエイター,nenkoro_life,2026-06-08T21:08:22.000+09:00,1540
n57cfd1c0e046,5738970,営業fafa | note業界No.1営業マン,kohana1112,2026-06-08T21:05:38.000+09:00,1425
n03996f26c637,13107123,ランマッスル,runmuscle_m,2026-06-08T21:33:02.000+09:00,4383
n03996f26c637,12235137,ねんころ@AIクリエイター,nenkoro_life,2026-06-08T21:08:33.000+09:00,1540
n03996f26c637,12624691,あん｜noteと遊ぶ,aging_gracefully,2026-06-08T21:04:34.000+09:00,1223
n03996f26c637,10517876,向日葵じまにゃん🌻,jimanyan,2026-06-08T20:47:59.000+09:00,1896
n03996f26c637,13236272,ZAKKY −営業サポート,mild_stoat3315,2026-06-08T20:35:06.000+09:00,278
n03996f26c637,5330022,Marie | まりーの小さな⚙️歯車⚙️ラボ🔬,marie_222,2026-06-08T20:33:45.000+09:00,31
n03996f26c637,12516832,和田雄三｜AI×心理ブランディングデザイナー,glad_dill2129,2026-06-08T20:33:35.000+09:00,841
n03996f26c637,12157269,ken ｜ 完全無課金AI戦略 × note運営,noted_sheep3883,2026-06-08T20:33:04.000+09:00,3262
n03996f26c637,14557536,育休復帰ママ｜副収入の記録,haru108649,2026-06-08T20:15:18.000+09:00,67
n03996f26c637,8401402,たよろよろ図書館DATABASE,fair_impala134,2026-06-08T20:15:07.000+09:00,25117
n03996f26c637,14315989,ひねくれ介護士なぎ,easy_rabbit5790,2026-06-08T20:12:27.000+09:00,88
n03996f26c637,11543403,さとりのさとり,kopailog,2026-06-08T20:00:28.000+09:00,366
n03996f26c637,4877017,須川元介/情報翻訳家,skagenavi,2026-06-08T19:58:01.000+09:00,2355
n03996f26c637,11837112,もぐら,mogurabooks,2026-06-08T19:57:32.000+09:00,218
n03996f26c637,13161722,おあつ,keen_pipit1182,2026-06-08T19:56:09.000+09:00,1551
n03996f26c637,13574007,🍀ベンジャミン🍀,noble_spirea7217,2026-06-08T19:51:01.000+09:00,828
n03996f26c637,13900618,sophie,scribble_1000,2026-06-08T19:42:29.000+09:00,795
n03996f26c637,14132723,せな｜無理しない低燃費生活,senamainiti,2026-06-08T19:39:54.000+09:00,504
n03996f26c637,5738970,営業fafa | note業界No.1営業マン,kohana1112,2026-06-08T19:34:11.000+09:00,1425
n03996f26c637,13079732,ＣＯＯＬ,vast_tulip7937,2026-06-08T19:24:17.000+09:00,1137
n52e534bf0411,13199142,大山 隆弥志,takayoshioyama,2026-06-08T21:11:34.000+09:00,0
n52e534bf0411,13079732,ＣＯＯＬ,vast_tulip7937,2026-06-08T19:25:05.000+09:00,1137
na49497d205ac,14557536,育休復帰ママ｜副収入の記録,haru108649,2026-06-08T20:15:19.000+09:00,67
naa1d601c361d,13649597,K｜病院事務出身×シンギュラリティに備える人,witty_myrtle4328,2026-06-08T20:51:54.000+09:00,890
n57cfd1c0e046,11558833,癒療師（ゆりょうし）びっくる,right_hyena9739,2026-06-08T23:32:25.000+09:00,90
n57cfd1c0e046,13927059,はる,haru_growth,2026-06-08T23:15:58.000+09:00,253
n57cfd1c0e046,8857122,うるるん,nice_daisy957,2026-06-08T22:58:56.000+09:00,1014
n57cfd1c0e046,13852441,アリゼロ🐜氷河期世代の働きアリ@自身が会社で経験してきた問題点や気づきを発信しています。,hataraku_ari999,2026-06-08T22:51:36.000+09:00,157
n57cfd1c0e046,10517876,向日葵じまにゃん🌻,jimanyan,2026-06-08T22:22:35.000+09:00,1896
n57cfd1c0e046,13613385,羅生門SKY,codex_strategy,2026-06-08T22:11:42.000+09:00,431
n03996f26c637,13927059,はる,haru_growth,2026-06-08T23:21:14.000+09:00,253
n03996f26c637,8857122,うるるん,nice_daisy957,2026-06-08T22:57:46.000+09:00,1014
n03996f26c637,13852441,アリゼロ🐜氷河期世代の働きアリ@自身が会社で経験してきた問題点や気づきを発信しています。,hataraku_ari999,2026-06-08T22:48:48.000+09:00,157
n03996f26c637,8911867,ルルトアヤコ,lovely_coyote546,2026-06-08T22:44:36.000+09:00,2683
n03996f26c637,13613385,羅生門SKY,codex_strategy,2026-06-08T22:11:31.000+09:00,431
n57cfd1c0e046,5828006,まなつ/突出マイノリティ列伝,tosshutsu_m,2026-06-09T01:39:01.000+09:00,6311
n57cfd1c0e046,12157269,ken ｜ 完全無課金AI戦略 × note運営,noted_sheep3883,2026-06-09T01:21:26.000+09:00,3261
n03996f26c637,5828006,まなつ/突出マイノリティ列伝,tosshutsu_m,2026-06-09T01:39:09.000+09:00,6311
n57cfd1c0e046,5330022,Marie | まりーの小さな⚙️歯車⚙️ラボ🔬,marie_222,2026-06-09T06:04:44.000+09:00,31
n57cfd1c0e046,12516832,和田雄三｜AI×心理ブランディングデザイナー,glad_dill2129,2026-06-09T04:20:06.000+09:00,842
n57cfd1c0e046,6905415,豹子頭 林冲,hyousitou,2026-06-09T03:57:50.000+09:00,275
n03996f26c637,6905415,豹子頭 林冲,hyousitou,2026-06-09T03:59:29.000+09:00,275
n52e534bf0411,7920307,Mr.ランジェリー🎈,lucky_tulip848,2026-06-09T07:08:04.000+09:00,1453
n52e534bf0411,3793092,ＲＩＳΛ｜やりがい起業コンサル,risa_dawn_246,2026-06-08T22:47:51.000+09:00,2393
naa1d601c361d,14414366,碧乃さくら,unique_turkey951,2026-06-09T05:55:16.000+09:00,157
n57cfd1c0e046,13638553,まぐ。/ 公式裏アカウント 【まぐnet。】,fancy_impala8140,2026-06-09T11:02:02.000+09:00,305
n57cfd1c0e046,13255391,さち　私のつぶやき,10211129,2026-06-09T09:22:21.000+09:00,1464
n57cfd1c0e046,13649597,K｜病院事務出身×シンギュラリティに備える人,witty_myrtle4328,2026-06-09T08:23:22.000+09:00,892
n57cfd1c0e046,8166572,ひゅー｜AI×分析｜考察と思考整理を楽しむ。note,hyu_nisworks,2026-06-09T07:17:39.000+09:00,425
n03996f26c637,12509184,Samurai@Hokkaido(サムライ＠北海道),brisk_fish7505,2026-06-09T11:09:42.000+09:00,1039
n03996f26c637,14239507,ミュリン♪,star246,2026-06-09T10:58:57.000+09:00,536
n03996f26c637,11484828,JAU |  臨床検査技師×医療副業,jau_jau1001,2026-06-09T10:51:46.000+09:00,1179
n045e9c61347c,13918263,ちっくんチブ《チクワの毒 シェディング+香害》,chikkunchibu,2026-06-09T11:14:50.000+09:00,43
ne1a87d5b28a6,11849080,こまぴ（旧・ぽんこつシニア）＠ちょうどいいスモールビジネス,komap_dx,2026-06-09T10:16:39.000+09:00,272
n34d6c85656ad,13071716,コスモス🌸 │ ３人と一緒に考えるnote,cosmos_invest,2026-06-09T14:52:50.000+09:00,663
n57cfd1c0e046,13405464,木漏れ日亭,komorebi_tei,2026-06-09T16:58:04.000+09:00,602
n57cfd1c0e046,13079732,ＣＯＯＬ,vast_tulip7937,2026-06-09T15:06:35.000+09:00,1144
n57cfd1c0e046,13071716,コスモス🌸 │ ３人と一緒に考えるnote,cosmos_invest,2026-06-09T14:50:48.000+09:00,663
n57cfd1c0e046,7703704,清宮ゆうか｜年子兄妹のママ・薬剤師,yuka_k_mom,2026-06-09T14:18:31.000+09:00,1310
n57cfd1c0e046,11561590,かえるこ | Kaeruko,serene_pansy617,2026-06-09T13:20:34.000+09:00,4288
n57cfd1c0e046,12184556,空波DX100%,happy_echium7563,2026-06-09T13:12:37.000+09:00,6992
n57cfd1c0e046,5528334,ヒトタラヲ,5959life,2026-06-09T12:18:26.000+09:00,4062
n57cfd1c0e046,13066168,はるねずみ｜note副業０→１応援,kasegu5haru,2026-06-09T11:45:42.000+09:00,1599
n03996f26c637,11574500,ふらつき母ちゃん 〜今日も全力空回り！〜,dear_viper3924,2026-06-09T16:24:43.000+09:00,824
n03996f26c637,3608968,KITAcore｜キタコレ＠ログプレイヤー,ktcrs1107,2026-06-09T16:18:14.000+09:00,1441
n03996f26c637,13923454,ごごりら,go_gorilla11,2026-06-09T15:00:47.000+09:00,588
n03996f26c637,14701558,マイム｜AIで時短する事務職,maimu_work,2026-06-09T11:59:48.000+09:00,4
n968647e16cb9,10259000,TOM1970@資格取得→副業から独立を目指す‼️,tom1970,2026-06-09T15:25:26.000+09:00,1139
n44290178be17,14298348,女児OL,joji_ol,2026-06-09T16:41:11.000+09:00,591
n4fb7eb7c3827,13342222,青空 和平,brisk_viola3314,2026-06-09T13:13:28.000+09:00,787
n045e9c61347c,13800638,てぃくわ太郎【シェディング】,tikuwataro_log,2026-06-09T11:19:59.000+09:00,85
n34d6c85656ad,12032174,yayachico,open_magpie7814,2026-06-09T17:10:28.000+09:00,110
n7170484aebb5,13161722,おあつ,keen_pipit1182,2026-06-09T20:43:23.000+09:00,1555
n7170484aebb5,10175064,雪綴ゆき,wise_rat6355,2026-06-09T20:36:35.000+09:00,6427
n7170484aebb5,5330022,Marie | まりーの小さな⚙️歯車⚙️ラボ🔬,marie_222,2026-06-09T20:30:29.000+09:00,32
n57cfd1c0e046,12417301,すみれ,genial_wren230,2026-06-09T18:11:25.000+09:00,309
n57cfd1c0e046,1909619,シゲク@note収益化全力応援,shigekumasaku,2026-06-09T17:42:39.000+09:00,6250
n03996f26c637,12032174,yayachico,open_magpie7814,2026-06-09T18:33:38.000+09:00,110
n03996f26c637,13405464,木漏れ日亭,komorebi_tei,2026-06-09T17:04:54.000+09:00,603
n52e534bf0411,12417301,すみれ,genial_wren230,2026-06-09T17:48:09.000+09:00,309
n7170484aebb5,12465066,Shoji ｜未来小説,anomie1,2026-06-09T23:21:59.000+09:00,1255
n7170484aebb5,12949168,不真面目小児科医　しうまい,misasyu5,2026-06-09T22:36:54.000+09:00,549
n7170484aebb5,12516832,和田雄三｜AI×心理ブランディングデザイナー,glad_dill2129,2026-06-09T22:32:48.000+09:00,842
n7170484aebb5,14132723,せな｜無理しない低燃費生活,senamainiti,2026-06-09T22:27:35.000+09:00,507
n7170484aebb5,13927059,はる,haru_growth,2026-06-09T22:25:51.000+09:00,253
n7170484aebb5,10517876,向日葵じまにゃん🌻,jimanyan,2026-06-09T22:18:31.000+09:00,1895
n7170484aebb5,13852441,アリゼロ🐜氷河期世代の働きアリ@自身が会社で経験してきた問題点や気づきを発信しています。,hataraku_ari999,2026-06-09T21:48:38.000+09:00,157
n7170484aebb5,1218500,さくら,sakura_wellness,2026-06-09T21:37:32.000+09:00,1347
n7170484aebb5,8166572,ひゅー｜AI×分析｜考察と思考整理を楽しむ。note,hyu_nisworks,2026-06-09T21:33:49.000+09:00,425
n7170484aebb5,12377105,まるよか,yokayoka5103,2026-06-09T21:22:13.000+09:00,1389
n7170484aebb5,4877017,須川元介/情報翻訳家,skagenavi,2026-06-09T21:22:04.000+09:00,2359
n7170484aebb5,13107123,ランマッスル,runmuscle_m,2026-06-09T21:16:21.000+09:00,4432
n7170484aebb5,11837112,もぐら,mogurabooks,2026-06-09T21:06:30.000+09:00,218
n7170484aebb5,12624691,あん｜noteと遊ぶ,aging_gracefully,2026-06-09T21:05:22.000+09:00,1224
n7170484aebb5,13900618,sophie,scribble_1000,2026-06-09T21:00:53.000+09:00,795
n7170484aebb5,6905415,豹子頭 林冲,hyousitou,2026-06-09T20:58:00.000+09:00,274
n7170484aebb5,11561590,かえるこ | Kaeruko,serene_pansy617,2026-06-09T20:53:11.000+09:00,4291
n7170484aebb5,11543403,さとりのさとり,kopailog,2026-06-09T20:52:07.000+09:00,366
n57cfd1c0e046,12465066,Shoji ｜未来小説,anomie1,2026-06-09T23:21:59.000+09:00,1255
n57cfd1c0e046,13792780,営業パパ,eigyopapa,2026-06-09T22:07:12.000+09:00,1627
n57cfd1c0e046,1218500,さくら,sakura_wellness,2026-06-09T21:37:25.000+09:00,1347
n57cfd1c0e046,3608968,KITAcore｜キタコレ＠ログプレイヤー,ktcrs1107,2026-06-09T21:15:55.000+09:00,1447
n57cfd1c0e046,12789134,とり,tori2323,2026-06-09T21:10:00.000+09:00,2858
n03996f26c637,14545474,ぽぽ🍎,kouhaito_kotus,2026-06-09T21:57:51.000+09:00,8
naa1d601c361d,11574500,ふらつき母ちゃん 〜今日も全力空回り！〜,dear_viper3924,2026-06-09T22:19:37.000+09:00,826
naa1d601c361d,12235137,ねんころ@AIクリエイター,nenkoro_life,2026-06-09T21:15:38.000+09:00,1551
n44290178be17,1218500,さくら,sakura_wellness,2026-06-09T22:13:14.000+09:00,1347
ne111366585e1,1218500,さくら,sakura_wellness,2026-06-09T22:13:24.000+09:00,1347
n096c33bded83,1218500,さくら,sakura_wellness,2026-06-09T22:09:53.000+09:00,1347
n043353896aed,3598618,はしゃも｜感情構造エンジニア,hasyamo,2026-06-09T21:28:26.000+09:00,494
nc6d374808a84,3598618,はしゃも｜感情構造エンジニア,hasyamo,2026-06-09T21:25:14.000+09:00,494
n7170484aebb5,13405464,木漏れ日亭,komorebi_tei,2026-06-10T03:12:07.000+09:00,603
n7170484aebb5,11474190,断罪と慈愛の歌詠み師 UTAKO,bold_slug9390,2026-06-10T02:47:58.000+09:00,518
n7170484aebb5,12157269,ken ｜ 完全無課金AI戦略 × note運営,noted_sheep3883,2026-06-10T00:32:57.000+09:00,3266
n7170484aebb5,8857122,うるるん,nice_daisy957,2026-06-09T23:55:31.000+09:00,1015
n52e534bf0411,11474190,断罪と慈愛の歌詠み師 UTAKO,bold_slug9390,2026-06-10T02:39:53.000+09:00,518
naa1d601c361d,13911087,ちっぷのこころ🎡,lovely_stork7575,2026-06-10T01:41:56.000+09:00,415
n7170484aebb5,14054529,タカシ｜SIer脱出・フリーランス転向記,takashi_career,2026-06-10T07:03:54.000+09:00,154
n7170484aebb5,13236272,ZAKKY −営業サポート,mild_stoat3315,2026-06-10T06:57:48.000+09:00,279
n57cfd1c0e046,7920307,Mr.ランジェリー🎈,lucky_tulip848,2026-06-10T07:08:35.000+09:00,1457
n52e534bf0411,7149960,水越なつめ,natsume996,2026-06-10T06:18:15.000+09:00,767
n7170484aebb5,13430194,あきまむ,fond_shark9221,2026-06-10T11:08:17.000+09:00,219
n7170484aebb5,14508634,アニメ英語ラボ｜アニメでリスニングUP,anime_eigo,2026-06-10T11:05:36.000+09:00,147
n7170484aebb5,4859491,スイッチくん🐻😊 │ 自作LLMを趣味で、開発🌈,switchkun_2103,2026-06-10T10:51:54.000+09:00,696
n7170484aebb5,12184556,空波DX100%,happy_echium7563,2026-06-10T09:48:29.000+09:00,7019
n03996f26c637,3598618,はしゃも｜感情構造エンジニア,hasyamo,2026-06-10T08:19:11.000+09:00,495
n03996f26c637,13163455,KOTAYA | 今日はこれで合格,kotaya_log,2026-06-10T07:56:15.000+09:00,2861
naa1d601c361d,3598618,はしゃも｜感情構造エンジニア,hasyamo,2026-06-10T08:25:29.000+09:00,495
n34d6c85656ad,2364826,andy｜投資・仕事・noteを、データで育てている人,andrewwaldfeld,2026-06-10T12:00:36.000+09:00,815
n7170484aebb5,13505095,いちごもん🍓,ichigo_mon,2026-06-10T14:57:47.000+09:00,679
n7170484aebb5,3009631,AI猫モフ助のひとり作戦会議,aicat_mofusuke,2026-06-10T14:07:08.000+09:00,198
n7170484aebb5,11253093,それでも歩く人の物語,lofty_pipit3728,2026-06-10T13:46:22.000+09:00,398
n7170484aebb5,10999098,Tanuko,ol_tanuko_life,2026-06-10T13:09:21.000+09:00,851
n7170484aebb5,14433020,Shinobu｜副業・本業残業多め,shinobu_noter,2026-06-10T12:44:47.000+09:00,138
n57cfd1c0e046,13037359,丁寧な暮らし/生きやすさ探求家,gentle_gecko1078,2026-06-10T17:03:55.000+09:00,296
n57cfd1c0e046,10750843,Takanashi（たかなし）,takanashi_note01,2026-06-10T13:00:26.000+09:00,1213
n52e534bf0411,13405464,木漏れ日亭,komorebi_tei,2026-06-10T17:23:23.000+09:00,605
n2574b6773bc0,14433020,Shinobu｜副業・本業残業多め,shinobu_noter,2026-06-10T12:44:55.000+09:00,138
nc44a41085d5e,14433020,Shinobu｜副業・本業残業多め,shinobu_noter,2026-06-10T12:44:53.000+09:00,138
n92d1cc74bb3e,14433020,Shinobu｜副業・本業残業多め,shinobu_noter,2026-06-10T12:44:54.000+09:00,138
n7170484aebb5,5828006,まなつ/突出マイノリティ列伝,tosshutsu_m,2026-06-10T18:24:52.000+09:00,6362
naa1d601c361d,11578887,おその｜シニアの保健室,wise_salvia5433,2026-06-10T18:24:03.000+09:00,740
n7170484aebb5,13071716,コスモス🌸 │ ３人と一緒に考えるnote,cosmos_invest,2026-06-10T23:19:55.000+09:00,688
n57cfd1c0e046,13726815,RayOerba@狂恋愛100話執筆中,ray_novel_oerba,2026-06-10T21:33:25.000+09:00,290
n52e534bf0411,4472775,あまね〘ฅ՞•ﻌ•՞ฅฅ^•ﻌ•^ฅ〙,almabrillante,2026-06-10T23:41:32.000+09:00,849
n4483ea3d4c94,13176209,オクオク君(億万長者君),honest_flax8068,2026-06-10T23:38:51.000+09:00,1229
naa1d601c361d,12417301,すみれ,genial_wren230,2026-06-10T22:02:25.000+09:00,310
n7170484aebb5,14018893,Yzk 人間関係の重荷を軽くする,kazuyaf44,2026-06-11T00:57:22.000+09:00,1176
n52e534bf0411,1818494,ALEXの逆輸入ライフノート,alexdesukedo,2026-06-11T00:57:55.000+09:00,4
n7170484aebb5,14224053,Bishop/ビショップ♟️【次の手を読む恋愛】,bishop_mens,2026-06-11T09:12:50.000+09:00,274
n57cfd1c0e046,2364826,andy｜投資・仕事・noteを、データで育てている人,andrewwaldfeld,2026-06-11T08:31:00.000+09:00,815
n52e534bf0411,14628895,静,sizuka_jpa,2026-06-11T07:34:35.000+09:00,10
n2574b6773bc0,11828830,みっちぃ|子供と一緒に成長したい2児の父,pure_bear1643,2026-06-11T08:07:07.000+09:00,429
n7170484aebb5,12228342,めかぶ,juicy_snipe6181,2026-06-11T15:21:03.000+09:00,267
na49497d205ac,13780017,LONELY FIGHT,zapop_,2026-06-11T12:46:27.000+09:00,249
naa1d601c361d,13638553,まぐ。/ 公式裏アカウント 【まぐnet。】,fancy_impala8140,2026-06-11T15:01:02.000+09:00,306
n2574b6773bc0,11575561,いちごいぬ,tmits01,2026-06-11T14:05:11.000+09:00,1286
n92d1cc74bb3e,11885448,産後ケア視点のマタハラ防止ブログ,ecode_home,2026-06-11T14:55:36.000+09:00,50
n34d6c85656ad,12983411,灯雨文庫,akariamebunko,2026-06-11T21:27:21.000+09:00,458
n34d6c85656ad,47153,こっぺぱん,masato2855,2026-06-11T20:58:25.000+09:00,9840
n11c371e0015b,12789134,とり,tori2323,2026-06-11T21:27:56.000+09:00,2876
n11c371e0015b,14678969,コツシバ｜ITエンジニア,kotsushiba,2026-06-11T21:26:18.000+09:00,523
n11c371e0015b,10646763,雪国ゆり⛄️逃げられない場所で戦う人へ,yuriri_love202,2026-06-11T21:20:35.000+09:00,474
n11c371e0015b,10750843,Takanashi（たかなし）,takanashi_note01,2026-06-11T21:19:37.000+09:00,1215
n11c371e0015b,13405464,木漏れ日亭,komorebi_tei,2026-06-11T21:18:02.000+09:00,607
n11c371e0015b,13802828,留華,novel_bee2132,2026-06-11T21:17:59.000+09:00,641
n11c371e0015b,13623901,あずなぶ〜る｜SNS弱者のnote戦略術,alive_here3686,2026-06-11T21:14:20.000+09:00,844
n11c371e0015b,5330022,Marie | まりーの小さな⚙️歯車⚙️ラボ🔬,marie_222,2026-06-11T21:07:07.000+09:00,34
n11c371e0015b,13161722,おあつ,keen_pipit1182,2026-06-11T21:06:09.000+09:00,1561
n11c371e0015b,13163455,KOTAYA | 今日はこれで合格,kotaya_log,2026-06-11T21:04:20.000+09:00,2859
n11c371e0015b,4859491,スイッチくん🐻😊 │ 自作LLMを趣味で、開発🌈,switchkun_2103,2026-06-11T21:03:50.000+09:00,703
n11c371e0015b,13900618,sophie,scribble_1000,2026-06-11T21:02:02.000+09:00,796
n11c371e0015b,11543403,さとりのさとり,kopailog,2026-06-11T20:57:46.000+09:00,366
n11c371e0015b,11634537,ナオユキ｜物語と知識のコンシェルジュ,ai_naoyuki,2026-06-11T20:49:14.000+09:00,3013
n11c371e0015b,7801384,剣(ケン),lively_quince695,2026-06-11T20:47:15.000+09:00,362
n11c371e0015b,5738970,営業fafa | note業界No.1営業マン,kohana1112,2026-06-11T20:46:18.000+09:00,1438
n11c371e0015b,47153,こっぺぱん,masato2855,2026-06-11T20:45:38.000+09:00,9840
n11c371e0015b,14700985,無名人淫タビュー,in_terview,2026-06-11T20:39:05.000+09:00,10
n11c371e0015b,14414366,碧乃さくら,unique_turkey951,2026-06-11T20:37:15.000+09:00,205
n11c371e0015b,13796209,おぢぇふ(めっちゃフォロバします),toyonakaojf,2026-06-11T20:30:31.000+09:00,683
n7170484aebb5,7801384,剣(ケン),lively_quince695,2026-06-11T20:47:12.000+09:00,362
n7170484aebb5,12795559,レンレン,with_renren,2026-06-11T20:05:07.000+09:00,176
n57cfd1c0e046,7801384,剣(ケン),lively_quince695,2026-06-11T20:47:10.000+09:00,362
n03996f26c637,11253093,それでも歩く人の物語,lofty_pipit3728,2026-06-11T21:31:40.000+09:00,403
n03996f26c637,12229510,ささお,sasao_66,2026-06-11T20:13:36.000+09:00,909
na49497d205ac,12712176,DJAir/Noesis.Lab,djair_mo4ne,2026-06-11T20:52:15.000+09:00,1118
n11c371e0015b,5480221,宮城ゴリ＠体外ポルチオの教科書,miyagigori,2026-06-12T00:38:29.000+09:00,467
n11c371e0015b,8888010,ゆるくリッチ｜会社員のお金実験室,fine_impala282,2026-06-12T00:27:50.000+09:00,85
n11c371e0015b,8702952,禁断のニョロうさぎ,nyoro_usagi,2026-06-12T00:23:07.000+09:00,507
n11c371e0015b,12157269,ken ｜ 完全無課金AI戦略 × note運営,noted_sheep3883,2026-06-11T23:49:35.000+09:00,3276
n11c371e0015b,11468077,アリア＊｜AI×引き寄せ＝新しい願望実現メソッド,lovely_crocus676,2026-06-11T23:35:02.000+09:00,5071
n11c371e0015b,13181682,hiro,bind119,2026-06-11T22:58:40.000+09:00,182
n11c371e0015b,10987479,幸せ探究者Ann,hseeker,2026-06-11T22:57:35.000+09:00,335
n11c371e0015b,1879853,りん,ringring13,2026-06-11T22:48:35.000+09:00,642
n11c371e0015b,12417301,すみれ,genial_wren230,2026-06-11T22:48:08.000+09:00,312
n11c371e0015b,5828006,まなつ/突出マイノリティ列伝,tosshutsu_m,2026-06-11T22:48:02.000+09:00,6384
n11c371e0015b,13107123,ランマッスル,runmuscle_m,2026-06-11T22:41:03.000+09:00,4518
n11c371e0015b,11257322,心の整備士＠まさとし,masatoshi358358,2026-06-11T22:27:41.000+09:00,54
n11c371e0015b,13852441,アリゼロ🐜氷河期世代の働きアリ@自身が会社で経験してきた問題点や気づきを発信しています。,hataraku_ari999,2026-06-11T21:58:34.000+09:00,164
n11c371e0015b,10517876,向日葵じまにゃん🌻,jimanyan,2026-06-11T21:58:26.000+09:00,1903
n11c371e0015b,4877017,須川元介/情報翻訳家,skagenavi,2026-06-11T21:45:42.000+09:00,2364
n11c371e0015b,11837112,もぐら,mogurabooks,2026-06-11T21:42:46.000+09:00,239
n11c371e0015b,14132723,せな｜無理しない低燃費生活,senanomainichi,2026-06-11T21:42:30.000+09:00,523
n11c371e0015b,6712973,ふかだもとみ,outofivorytower,2026-06-11T21:37:56.000+09:00,381
n7170484aebb5,11862606,やさしく生きる　ぽぽ研究所,bath_to_wel,2026-06-11T22:30:11.000+09:00,139
n57cfd1c0e046,13628385,ヘクたろー|緑内障と付き合っている男,hekutaro_0520,2026-06-11T21:47:35.000+09:00,443
n34d6c85656ad,13632162,女性用性感マッサージボランティア&複数プレイサークル岩手_KEN,kennote185070,2026-06-12T06:47:45.000+09:00,374
n34d6c85656ad,11144229,セラピスト京介 / 人妻・独身女性のための性感・出会い / 全てノンフィクション,bluelavender7,2026-06-12T06:13:17.000+09:00,362
n11c371e0015b,13646857,めろん,drink_watermelon,2026-06-12T07:02:45.000+09:00,13
n11c371e0015b,13236272,ZAKKY −営業サポート,mild_stoat3315,2026-06-12T06:56:19.000+09:00,281
n11c371e0015b,13632162,女性用性感マッサージボランティア&複数プレイサークル岩手_KEN,kennote185070,2026-06-12T06:47:46.000+09:00,374
n11c371e0015b,13037359,丁寧な暮らし/生きやすさ探求家,gentle_gecko1078,2026-06-12T04:57:52.000+09:00,297
n11c371e0015b,12516832,和田雄三｜AI×心理ブランディングデザイナー,glad_dill2129,2026-06-12T04:15:07.000+09:00,862
n4483ea3d4c94,11144229,セラピスト京介 / 人妻・独身女性のための性感・出会い / 全てノンフィクション,bluelavender7,2026-06-12T06:13:19.000+09:00,362
naa1d601c361d,5230260,りんくす@AI人格コーディネーター,links_lt,2026-06-12T05:49:00.000+09:00,13973
ne111366585e1,11144229,セラピスト京介 / 人妻・独身女性のための性感・出会い / 全てノンフィクション,bluelavender7,2026-06-12T06:13:21.000+09:00,362
n4ba2addd21ff,9286405,Tantra Europe,tantra_europe,2026-06-12T07:11:22.000+09:00,61
n11c371e0015b,11877070,アルフレッド,game_system_alex,2026-06-12T11:24:57.000+09:00,2799
n11c371e0015b,12184556,空波DX100%,happy_echium7563,2026-06-12T11:11:00.000+09:00,7047
n11c371e0015b,10931500,ふうか EX−ねね,proper_liger1246,2026-06-12T10:59:06.000+09:00,707
n11c371e0015b,5457288,Antwerp,antwerp0220,2026-06-12T10:19:34.000+09:00,1389
n11c371e0015b,14363101,ゆ,yuuwa1046,2026-06-12T10:00:01.000+09:00,99
n11c371e0015b,11561590,かえるこ | Kaeruko,serene_pansy617,2026-06-12T08:27:06.000+09:00,4327
n11c371e0015b,11930127,沙夜-𝕊𝕒𝕪𝕠- 沙夜学園長🌠,sayo_official,2026-06-12T07:45:55.000+09:00,335
n11c371e0015b,2987055,あまのみやこ｜数秘×潜在意識　,miya33,2026-06-12T07:20:48.000+09:00,201
naa1d601c361d,7547534,メイシン,mei_shin,2026-06-12T09:30:46.000+09:00,4089
n34d6c85656ad,10055167,あーや | 本業＋子育てしながら仕組みで自動収入＠フォロバ100,aya3_fukugyo,2026-06-12T13:30:28.000+09:00,8167
n11c371e0015b,2730272,太い細い@ココナラプラチナランク&認定ランサー,hutoihosoi,2026-06-12T17:29:06.000+09:00,500
n11c371e0015b,12385127,超育休志向｜りさ ＆ ゆういち,comfamily_lab,2026-06-12T17:22:24.000+09:00,523
n11c371e0015b,12465066,Shoji ｜未来小説,anomie1,2026-06-12T17:19:34.000+09:00,1272
n11c371e0015b,14333495,[フォロバ100]ユージーン・S・ジーン～noteで月1万に挑戦中～,magic_gene0214,2026-06-12T16:01:11.000+09:00,920
n11c371e0015b,6852226,斉藤あや,happy_oxalis781,2026-06-12T15:21:37.000+09:00,965
n11c371e0015b,14543746,楽市楽座が歴史を語る,dandy_lupine5106,2026-06-12T15:01:34.000+09:00,10
n11c371e0015b,13927059,はる,haru_growth,2026-06-12T14:22:14.000+09:00,263
n11c371e0015b,12624691,あん｜noteと遊ぶ,aging_gracefully,2026-06-12T13:44:14.000+09:00,1234
n11c371e0015b,13792780,営業パパ,eigyopapa,2026-06-12T13:43:37.000+09:00,1633
n11c371e0015b,13796945,リョウ,ryosuke1127,2026-06-12T13:35:54.000+09:00,196
n11c371e0015b,10055167,あーや | 本業＋子育てしながら仕組みで自動収入＠フォロバ100,aya3_fukugyo,2026-06-12T13:30:30.000+09:00,8167
n11c371e0015b,12764154,リラックスタイム,pure_eel6591,2026-06-12T13:27:13.000+09:00,273
n11c371e0015b,13066168,はるねずみ｜note副業０→１応援,kasegu5haru,2026-06-12T12:06:47.000+09:00,1625
n11c371e0015b,10091607,🔔Bell note,bellshacho,2026-06-12T11:42:16.000+09:00,2044
n7170484aebb5,12764154,リラックスタイム,pure_eel6591,2026-06-12T13:27:16.000+09:00,273
n57cfd1c0e046,10931500,ふうか EX−ねね,proper_liger1246,2026-06-12T12:47:13.000+09:00,707
naa1d601c361d,11914162,キヲ@AIイラストレーター,alert_yak4745,2026-06-12T13:42:25.000+09:00,2601
naa1d601c361d,9655843,Voices Music JP | SUNOクリエイター,voicesmusicjp,2026-06-12T12:21:20.000+09:00,7
n34d6c85656ad,13992788,三木透,quiet_cosmos1625,2026-06-12T18:07:02.000+09:00,278
n11c371e0015b,13846500,Dad,dialysis_dad_jp,2026-06-12T20:46:19.000+09:00,22
n11c371e0015b,13863003,miyamaebros,tokachi_potate,2026-06-12T20:03:17.000+09:00,1159
n11c371e0015b,3744047,sara.,i_am_azarashi,2026-06-12T19:36:18.000+09:00,403
n11c371e0015b,14433723,Yufu｜朝日と花と、これからの人生,brisk_pansy5528,2026-06-12T19:21:09.000+09:00,449
n11c371e0015b,12999705,黒米たけし,proper_macaw3028,2026-06-12T19:14:45.000+09:00,139
n11c371e0015b,13923891,きまぐれANGEL🐈🐾,photo_20230506,2026-06-12T19:07:48.000+09:00,258
n11c371e0015b,11121667,"あいさん💗Iカウンセリングルーム セラピスト／ 臨床心理士×公認心理師｜支援歴16年・2,000名超",joyful_zebra1701,2026-06-12T19:04:14.000+09:00,6059
n11c371e0015b,8857122,うるるん,nice_daisy957,2026-06-12T18:28:16.000+09:00,1022
n11c371e0015b,8166572,ひゅー｜AI×分析｜考察と思考整理を楽しむ。note,hyu_nisworks,2026-06-12T18:17:45.000+09:00,431
n11c371e0015b,13992788,三木透,quiet_cosmos1625,2026-06-12T18:07:03.000+09:00,278
n7170484aebb5,13846500,Dad,dialysis_dad_jp,2026-06-12T20:46:44.000+09:00,22
n7170484aebb5,13992788,三木透,quiet_cosmos1625,2026-06-12T20:21:45.000+09:00,278
n7170484aebb5,13183423,tuzuku,monok_tadosi3560,2026-06-12T17:49:30.000+09:00,398
n57cfd1c0e046,14509096,紀霊スズヤ,hearty_flea3282,2026-06-12T18:46:41.000+09:00,81
n11c371e0015b,14299879,脳×心理の“ビジネスハック”,brainxpsychhack,2026-06-12T22:43:08.000+09:00,348
n11c371e0015b,14618726,siro.vai,serene_lily8531,2026-06-12T21:37:19.000+09:00,273
n11c371e0015b,13892729,岡本明美,keen_rose8771,2026-06-12T21:17:17.000+09:00,278
n7170484aebb5,12439745,ぽちょ研究所,pochanglab,2026-06-12T21:37:21.000+09:00,488
n421492a272ef,11829632,🎸陰陽猫│夏火少年,like_coyote9911,2026-06-12T22:21:26.000+09:00,433
n54edf503f62f,11829632,🎸陰陽猫│夏火少年,like_coyote9911,2026-06-12T22:21:12.000+09:00,433
n6f1916d32f42,11829632,🎸陰陽猫│夏火少年,like_coyote9911,2026-06-12T22:20:39.000+09:00,433
n11c371e0015b,11474190,断罪と慈愛の歌詠み師 UTAKO,bold_slug9390,2026-06-13T02:52:12.000+09:00,524
n11c371e0015b,4887086,はんく・シュンタナ🐤『塩化ビニール系女子』AIクリエイター兼プロデューサー,hunk_shuntana,2026-06-13T00:07:36.000+09:00,648
n11c371e0015b,4472775,あまね〘ฅ՞•ﻌ•՞ฅฅ^•ﻌ•^ฅ〙,almabrillante,2026-06-13T06:08:24.000+09:00,852
n34d6c85656ad,7609077,精神科医 三浦暁彦,famous_coyote812,2026-06-13T09:03:30.000+09:00,1314
n11c371e0015b,9106278,弁財天睦月,legal_finch402,2026-06-13T09:23:30.000+09:00,142
n11c371e0015b,7609077,精神科医 三浦暁彦,famous_coyote812,2026-06-13T09:03:34.000+09:00,1314
n7170484aebb5,7609077,精神科医 三浦暁彦,famous_coyote812,2026-06-13T09:03:35.000+09:00,1314
n57cfd1c0e046,10616245,賢者の羅針盤：こぐまパパが大切な人に伝えておきたいこと,fast_python9301,2026-06-13T07:23:21.000+09:00,2351
n34d6c85656ad,12106384,moci moci 可視総合光線療法,charm_phlox8784,2026-06-13T15:27:38.000+09:00,1659
n11c371e0015b,12065981,ソウ,so_2025,2026-06-13T17:00:38.000+09:00,60
n11c371e0015b,12748232,おみず,omizu_techo,2026-06-13T15:52:21.000+09:00,860
n11c371e0015b,11126959,宇田川せんり,hot_garlic7216,2026-06-13T15:18:05.000+09:00,142
n11c371e0015b,12873695,Rio,26keio_dai,2026-06-13T15:08:59.000+09:00,1254
n11c371e0015b,12475299,かりの。,rrkkm_mkkrr,2026-06-13T15:06:17.000+09:00,609
n11c371e0015b,13655668,寄藤　淳,brave_ixora6196,2026-06-13T14:38:11.000+09:00,1568
n11c371e0015b,13703826,あっくん@組長,ripe_tapir2869,2026-06-13T14:36:55.000+09:00,868
n11c371e0015b,11878886,きゅう｜暮らしととのえLabo,dear_duck9350,2026-06-13T14:30:15.000+09:00,2002
n11c371e0015b,3012605,いずみ@さい子ども会,izu_mise,2026-06-13T14:25:11.000+09:00,220
n11c371e0015b,10175064,雪綴ゆき,wise_rat6355,2026-06-13T14:14:36.000+09:00,6511
n11c371e0015b,12847647,黒野,kuro_yuki2025,2026-06-13T13:35:11.000+09:00,348
n7170484aebb5,11877070,アルフレッド,game_system_alex,2026-06-13T14:38:39.000+09:00,2817
n57cfd1c0e046,12764154,リラックスタイム,pure_eel6591,2026-06-13T15:21:55.000+09:00,273
n57cfd1c0e046,10175064,雪綴ゆき,wise_rat6355,2026-06-13T14:14:35.000+09:00,6511
n03996f26c637,13133778,【無名 S note】18日でフォロワー1000名🚨連続収益中！！⚠40強・6共マガ運営 参加40🙆,ss_yr,2026-06-13T15:21:44.000+09:00,1789
n11c371e0015b,12520531,RUKA,santuario_ruka,2026-06-13T19:24:26.000+09:00,360
n11c371e0015b,10425520,とりあえず、ブサネコ®　by  Y Harada,legal_clover3490,2026-06-13T19:19:16.000+09:00,722
n11c371e0015b,4563629,櫻井えみこ  / 40代からの大人のひとり起業 専門パートナー,sakura55happy,2026-06-13T18:43:14.000+09:00,1432
n11c371e0015b,14148604,山口式 | やる気を引き出す親の関わり方,apt_peony1657,2026-06-13T18:35:30.000+09:00,69
n11c371e0015b,13476435,のんびり先生,sensei_enjoy,2026-06-13T18:15:47.000+09:00,946
n52e534bf0411,10425520,とりあえず、ブサネコ®　by  Y Harada,legal_clover3490,2026-06-13T19:19:31.000+09:00,722
n73bbdeee4407,13517546,ビジネス兵法®家YORI｜経営戦略・孫子実践,good_canna7195,2026-06-13T19:28:29.000+09:00,468
n4b45540fc238,13574007,🍀ベンジャミン🍀,noble_spirea7217,2026-06-13T22:34:33.000+09:00,874
n4b45540fc238,1218500,さくら,sakura_wellness,2026-06-13T22:24:34.000+09:00,1377
n4b45540fc238,12032174,yayachico,open_magpie7814,2026-06-13T22:23:14.000+09:00,111
n4b45540fc238,12602815,みじゅくパパ,mijuku_father,2026-06-13T22:22:41.000+09:00,485
n4b45540fc238,13927059,はる,haru_growth,2026-06-13T22:21:45.000+09:00,266
n4b45540fc238,14132723,せな｜無理しない低燃費生活,senanomainichi,2026-06-13T22:10:19.000+09:00,534
n4b45540fc238,4877017,須川元介/情報翻訳家,skagenavi,2026-06-13T22:08:22.000+09:00,2364
n4b45540fc238,12377105,まるよか,yokayoka5103,2026-06-13T21:55:22.000+09:00,1404
n4b45540fc238,12624691,あん｜noteと遊ぶ,aging_gracefully,2026-06-13T21:50:43.000+09:00,1238
n4b45540fc238,10878037,溺愛リアルΩばにぃ　書籍Amazon13部門1位ベストセラー獲得！！,usagi_aisu2025,2026-06-13T21:43:50.000+09:00,734
n4b45540fc238,14315989,ひねくれ介護士なぎ,easy_rabbit5790,2026-06-13T21:37:52.000+09:00,161
n4b45540fc238,13900618,sophie,scribble_1000,2026-06-13T21:36:59.000+09:00,798
n4b45540fc238,10175064,雪綴ゆき,wise_rat6355,2026-06-13T21:33:59.000+09:00,6513
n11c371e0015b,1218500,さくら,sakura_wellness,2026-06-13T22:24:25.000+09:00,1377
n11c371e0015b,14494293,メスマニア@初デートで100回は惚れさす,mesu_mania00,2026-06-13T20:59:31.000+09:00,243
n57cfd1c0e046,11126959,宇田川せんり,hot_garlic7216,2026-06-13T22:26:14.000+09:00,143
n57cfd1c0e046,13623901,あずなぶ〜る｜SNS弱者のnote戦略術,alive_here3686,2026-06-13T22:25:52.000+09:00,852
n00640192fdd7,13623901,あずなぶ〜る｜SNS弱者のnote戦略術,alive_here3686,2026-06-13T22:34:24.000+09:00,852
n4b45540fc238,12157269,ken ｜ 完全無課金AI戦略 × note運営,noted_sheep3883,2026-06-14T01:44:59.000+09:00,3288
n4b45540fc238,12764154,リラックスタイム,pure_eel6591,2026-06-14T01:16:10.000+09:00,273
n4b45540fc238,14124940,mariko ,crisp_bear6729,2026-06-14T00:48:25.000+09:00,119
n4b45540fc238,11561590,かえるこ | Kaeruko,serene_pansy617,2026-06-13T23:19:05.000+09:00,4342
n4b45540fc238,11474190,断罪と慈愛の歌詠み師 UTAKO,bold_slug9390,2026-06-13T23:15:50.000+09:00,525
n4b45540fc238,13107123,ランマッスル,runmuscle_m,2026-06-13T22:56:19.000+09:00,4601
n11c371e0015b,14124940,mariko ,crisp_bear6729,2026-06-14T00:47:18.000+09:00,119
n11c371e0015b,7407817,葛飾九郎|コツコツnote術,teitoku891,2026-06-13T22:48:46.000+09:00,746
n57cfd1c0e046,14124940,mariko ,crisp_bear6729,2026-06-14T00:48:58.000+09:00,119
n52e534bf0411,14124940,mariko ,crisp_bear6729,2026-06-14T00:49:23.000+09:00,119
n2574b6773bc0,10939422,Do,dandy_allium3676,2026-06-13T22:43:26.000+09:00,0
n7ce8072038fa,14140566,安心未来,anshin_mirai,2026-06-13T23:22:23.000+09:00,120
n73afa75820a4,14140566,安心未来,anshin_mirai,2026-06-13T23:29:49.000+09:00,120
n4b45540fc238,14567785,1歳♡あそびとそだち,baby_ouchiasobi,2026-06-14T06:26:52.000+09:00,107
n4b45540fc238,13236272,ZAKKY −営業サポート,mild_stoat3315,2026-06-14T06:20:51.000+09:00,280
n4b45540fc238,7573596,Bond,kee0709,2026-06-14T06:04:18.000+09:00,28
n4b45540fc238,8166572,ひゅー｜AI×分析｜考察と思考整理を楽しむ。note,hyu_nisworks,2026-06-14T05:12:17.000+09:00,432
n4b45540fc238,13405464,木漏れ日亭,komorebi_tei,2026-06-14T05:07:15.000+09:00,607
n11c371e0015b,14060433,Bluebell diary🌿,modern_llama1047,2026-06-14T05:32:27.000+09:00,187
n4483ea3d4c94,13792780,営業パパ,eigyopapa,2026-06-14T05:08:17.000+09:00,1635
n34d6c85656ad,3505481,レポート代行　夢屋本舗,yumeyahonpo_2019,2026-06-14T10:06:31.000+09:00,66
n34d6c85656ad,13479886,いろぴょん,kind_snake4782,2026-06-14T06:58:15.000+09:00,431
n4b45540fc238,12516832,和田雄三｜AI×心理ブランディングデザイナー,glad_dill2129,2026-06-14T11:45:49.000+09:00,872
n4b45540fc238,8911867,ルルトアヤコ,lovely_coyote546,2026-06-14T09:01:20.000+09:00,2690
n11c371e0015b,14243432,おじAI＠ランタン親父｜人生後半のnote相談室開設‼️,ojieai,2026-06-14T11:23:02.000+09:00,955
n7170484aebb5,13991969,10_TTY,tig_1009,2026-06-14T10:58:52.000+09:00,61
n03996f26c637,8166572,ひゅー｜AI×分析｜考察と思考整理を楽しむ。note,hyu_nisworks,2026-06-14T10:19:14.000+09:00,432
n03996f26c637,3505481,レポート代行　夢屋本舗,yumeyahonpo_2019,2026-06-14T10:05:38.000+09:00,66
n4b45540fc238,10517876,向日葵じまにゃん🌻,jimanyan,2026-06-14T13:39:22.000+09:00,1902
n4b45540fc238,3598618,はしゃも｜感情構造エンジニア,hasyamo,2026-06-14T13:09:45.000+09:00,505
n4b45540fc238,13163455,KOTAYA | 今日はこれで合格,kotaya_log,2026-06-14T13:04:54.000+09:00,2873
n4b45540fc238,11574500,ふらつき母ちゃん 〜今日も全力空回り！〜,dear_viper3924,2026-06-14T13:02:13.000+09:00,827
n11c371e0015b,12380860,パタコ,auwa_44,2026-06-14T17:14:32.000+09:00,2312
n7170484aebb5,11574500,ふらつき母ちゃん 〜今日も全力空回り！〜,dear_viper3924,2026-06-14T13:26:06.000+09:00,827
n52e534bf0411,12380860,パタコ,auwa_44,2026-06-14T17:14:29.000+09:00,2312
n44290178be17,12949168,不真面目小児科医　しうまい,misasyu5,2026-06-14T13:53:18.000+09:00,575
n0f97df989e1e,12949168,不真面目小児科医　しうまい,misasyu5,2026-06-14T14:00:28.000+09:00,575
n34d6c85656ad,10878037,溺愛リアルΩばにぃ　書籍Amazon13部門1位ベストセラー獲得！！,usagi_aisu2025,2026-06-14T19:50:55.000+09:00,734
n34d6c85656ad,3045402,渡辺氏,watanabeshi,2026-06-14T18:32:53.000+09:00,115
n4b45540fc238,7896891,ポンタ,pontanohaha,2026-06-14T19:33:12.000+09:00,1182
n4b45540fc238,12228015,ごちゃんす。,easy_colt3895,2026-06-14T18:53:18.000+09:00,66
n4b45540fc238,11446528,ZAKI | LP制作×AI,safe_zephyr1629,2026-06-14T18:46:12.000+09:00,84
n4b45540fc238,11877070,アルフレッド,game_system_alex,2026-06-14T18:24:36.000+09:00,2839
n4b45540fc238,13852441,アリゼロ🐜氷河期世代の働きアリ@自身が会社で経験してきた問題点や気づきを発信しています。,hataraku_ari999,2026-06-14T18:17:42.000+09:00,167
n4b45540fc238,13066168,はるねずみ｜note副業０→１応援,kasegu5haru,2026-06-14T17:52:37.000+09:00,1632
n11c371e0015b,10878037,溺愛リアルΩばにぃ　書籍Amazon13部門1位ベストセラー獲得！！,usagi_aisu2025,2026-06-14T19:50:06.000+09:00,734
n11c371e0015b,12228015,ごちゃんす。,easy_colt3895,2026-06-14T18:55:50.000+09:00,66
n4b45540fc238,11543403,さとりのさとり,kopailog,2026-06-14T21:00:39.000+09:00,367
n11c371e0015b,10097507,華子,genial_spirea716,2026-06-14T20:59:29.000+09:00,1110
n127ed47186b2,12823943,hym,apt_plover5441,2026-06-14T20:27:56.000+09:00,53
nfa06941ee31f,12823943,hym,apt_plover5441,2026-06-14T20:25:27.000+09:00,53
n92d1cc74bb3e,12823943,hym,apt_plover5441,2026-06-14T20:22:51.000+09:00,53
nebb550000b1d,12823943,hym,apt_plover5441,2026-06-14T20:20:11.000+09:00,53
n31619810ff51,14424454,タケマル,cute_guppy6065,2026-06-14T21:00:01.000+09:00,134
n34d6c85656ad,13623901,あずなぶ〜る｜SNS弱者のnote戦略術,alive_here3686,2026-06-14T23:15:15.000+09:00,855
n11c371e0015b,7380249,みっちー｜フィレンツェのアンティーク修復士,mico_it,2026-06-14T23:37:27.000+09:00,508
n11c371e0015b,8401402,たよろよろ図書館DATABASE,fair_impala134,2026-06-14T22:55:11.000+09:00,25359
n4b45540fc238,11930127,沙夜-𝕊𝕒𝕪𝕠- 沙夜学園長🌠,sayo_official,2026-06-15T02:14:34.000+09:00,343
n4b45540fc238,14222050,57歳、海外移住までの3年記録,ready_vole4626,2026-06-15T04:59:28.000+09:00,26
n34d6c85656ad,14701558,マイム｜AIで時短する事務職,maimu_work,2026-06-15T11:42:17.000+09:00,4
n4483ea3d4c94,3598618,はしゃも｜感情構造エンジニア,hasyamo,2026-06-15T08:17:43.000+09:00,510
n34d6c85656ad,14124940,mariko ,crisp_bear6729,2026-06-15T12:45:41.000+09:00,122
n4b45540fc238,7301605,てん｜小学6年生,tenn_agriculture,2026-06-15T19:07:36.000+09:00,140
n4b45540fc238,13235642,けーさんさん,jolly_snail872,2026-06-15T18:51:39.000+09:00,294
n4b45540fc238,5330022,Marie | まりーの小さな⚙️歯車⚙️ラボ🔬,marie_222,2026-06-15T17:56:39.000+09:00,35
n4b45540fc238,13762921,SAMO,major_flea6323,2026-06-15T12:43:59.000+09:00,1143
n11c371e0015b,8823900,女風ユーザー🌸の気持ち,fine_godwit168,2026-06-15T13:27:13.000+09:00,893
n7170484aebb5,6402180,亜矢,anjerika129,2026-06-15T12:48:30.000+09:00,34
n03996f26c637,12764154,リラックスタイム,pure_eel6591,2026-06-15T11:59:08.000+09:00,273
na49497d205ac,14124940,mariko ,crisp_bear6729,2026-06-15T12:47:23.000+09:00,122
n7ef1c2b27beb,12949168,不真面目小児科医　しうまい,misasyu5,2026-06-15T17:44:01.000+09:00,577
n2656b34564c8,13281186,さくさく|人生の不安に寄り添う相談室,jidoukan_judge,2026-06-15T23:00:25.000+09:00,1760
n2656b34564c8,13107123,ランマッスル,runmuscle_m,2026-06-15T22:57:47.000+09:00,4654
n2656b34564c8,12377105,まるよか,yokayoka5103,2026-06-15T22:27:08.000+09:00,1408
n2656b34564c8,13163455,KOTAYA | 今日はこれで合格,kotaya_log,2026-06-15T22:22:35.000+09:00,2893
n2656b34564c8,10517876,向日葵じまにゃん🌻,jimanyan,2026-06-15T21:58:45.000+09:00,1903
n2656b34564c8,12516832,和田雄三｜AI×心理ブランディングデザイナー,glad_dill2129,2026-06-15T21:48:00.000+09:00,881
n2656b34564c8,6905415,豹子頭 林冲,hyousitou,2026-06-15T21:32:49.000+09:00,272
n2656b34564c8,14543746,楽市楽座が歴史を語る,dandy_lupine5106,2026-06-15T21:30:25.000+09:00,22
n2656b34564c8,4877017,須川元介/情報翻訳家,skagenavi,2026-06-15T21:19:12.000+09:00,2370
n2656b34564c8,13405464,木漏れ日亭,komorebi_tei,2026-06-15T21:07:59.000+09:00,609
n2656b34564c8,13574007,🍀ベンジャミン🍀,noble_spirea7217,2026-06-15T21:05:24.000+09:00,883
n2656b34564c8,12949168,不真面目小児科医　しうまい,misasyu5,2026-06-15T21:04:49.000+09:00,577
n2656b34564c8,2869414,埼玉の裏仕事人,kiitto1968,2026-06-15T21:01:09.000+09:00,129
n2656b34564c8,13900618,sophie,scribble_1000,2026-06-15T21:00:48.000+09:00,801
n2656b34564c8,12624691,あん｜noteと遊ぶ,aging_gracefully,2026-06-15T20:55:47.000+09:00,1248
n2656b34564c8,1218500,さくら,sakura_wellness,2026-06-15T20:47:42.000+09:00,1388
n2656b34564c8,13852441,アリゼロ🐜氷河期世代の働きアリ@自身が会社で経験してきた問題点や気づきを発信しています。,hataraku_ari999,2026-06-15T20:44:18.000+09:00,170
n2656b34564c8,13927059,はる,haru_growth,2026-06-15T20:43:51.000+09:00,275
n2656b34564c8,5738970,営業fafa | note業界No.1営業マン,kohana1112,2026-06-15T20:42:10.000+09:00,1451
n2656b34564c8,10175064,雪綴ゆき,wise_rat6355,2026-06-15T20:40:43.000+09:00,6539
n2656b34564c8,11634537,ナオユキ｜物語と知識のコンシェルジュ,ai_naoyuki,2026-06-15T20:40:27.000+09:00,3018
n2656b34564c8,14132723,せな｜無理しない低燃費生活,senanomainichi,2026-06-15T20:39:20.000+09:00,541
n2656b34564c8,5672952,▶︎マインドフルネス瞑想！美力アップ気功トレーナーHOKI ！ ,hokilee823,2026-06-15T20:38:00.000+09:00,1428
n4b45540fc238,13638553,まぐ。/ 公式裏アカウント 【まぐnet。】,fancy_impala8140,2026-06-15T21:26:48.000+09:00,315
n11c371e0015b,13209224,和恵,clear_broom7878,2026-06-15T22:20:24.000+09:00,1356
n7170484aebb5,5528334,ヒトタラヲ,5959life,2026-06-15T23:22:54.000+09:00,4095
n2656b34564c8,5330022,Marie | まりーの小さな⚙️歯車⚙️ラボ🔬,marie_222,2026-06-16T01:24:05.000+09:00,36
n2656b34564c8,5828006,まなつ/突出マイノリティ列伝,tosshutsu_m,2026-06-16T00:43:05.000+09:00,6454
n2656b34564c8,8857122,うるるん,nice_daisy957,2026-06-15T23:45:38.000+09:00,1030
n4b45540fc238,5828006,まなつ/突出マイノリティ列伝,tosshutsu_m,2026-06-16T00:43:21.000+09:00,6454
n4b45540fc238,8857122,うるるん,nice_daisy957,2026-06-15T23:44:37.000+09:00,1030
n2656b34564c8,13236272,ZAKKY −営業サポート,mild_stoat3315,2026-06-16T06:51:59.000+09:00,284
n2656b34564c8,8166572,ひゅー｜AI×分析｜考察と思考整理を楽しむ。note,hyu_nisworks,2026-06-16T06:45:21.000+09:00,432
n2656b34564c8,13161722,おあつ,keen_pipit1182,2026-06-16T06:13:05.000+09:00,1579
n34d6c85656ad,14704161,nobuworks,nobuworks,2026-06-16T09:06:50.000+09:00,83
n34d6c85656ad,10904062,💜Mr.HORSE💜不倫恋愛リアルエロSEX体験話💋セクレポ💦🔞フォロバ,renaifurin,2026-06-16T07:46:56.000+09:00,3574
n2656b34564c8,14459827,ミヤビテック＠防水屋の AI 4コマ漫画ドキュメンタリー,miyabitech01,2026-06-16T10:40:57.000+09:00,301
n2656b34564c8,14704161,nobuworks,nobuworks,2026-06-16T10:22:26.000+09:00,83
n2656b34564c8,13655668,寄藤　淳,brave_ixora6196,2026-06-16T09:08:48.000+09:00,1620
n2656b34564c8,13133778,【無名 S note】18日でフォロワー1000名🚨連続収益中！！⚠40強・6共マガ運営 参加40🙆,ss_yr,2026-06-16T09:08:16.000+09:00,1800
n2656b34564c8,3598618,はしゃも｜感情構造エンジニア,hasyamo,2026-06-16T08:13:45.000+09:00,508
n2656b34564c8,11561590,かえるこ | Kaeruko,serene_pansy617,2026-06-16T07:47:35.000+09:00,4384
n11c371e0015b,13092832,こはる観測所,kohalukansokujo,2026-06-16T11:57:59.000+09:00,50
n11c371e0015b,8384046,Simple Life Returns,oneness20260112,2026-06-16T08:56:59.000+09:00,903
n11c371e0015b,10904062,💜Mr.HORSE💜不倫恋愛リアルエロSEX体験話💋セクレポ💦🔞フォロバ,renaifurin,2026-06-16T07:46:59.000+09:00,3574
na49497d205ac,14459827,ミヤビテック＠防水屋の AI 4コマ漫画ドキュメンタリー,miyabitech01,2026-06-16T10:41:44.000+09:00,301
n297a23e9790f,7601756,田中和子｜人生の宝探し案内人,gifted_dahlia750,2026-06-16T07:38:50.000+09:00,3635
n73bbdeee4407,14552435,ロンリコ,light_agapan1060,2026-06-16T09:39:17.000+09:00,66
nea3ba58998c7,3598618,はしゃも｜感情構造エンジニア,hasyamo,2026-06-16T08:16:34.000+09:00,508
n2656b34564c8,11837112,もぐら,mogurabooks,2026-06-16T18:33:56.000+09:00,249
n2656b34564c8,8911867,ルルトアヤコ,lovely_coyote546,2026-06-16T14:50:20.000+09:00,2697
n2656b34564c8,3793092,ＲＩＳΛ｜やりがい起業コンサル,risa_dawn_246,2026-06-16T12:57:28.000+09:00,2397
n12a8431dc240,11574500,ふらつき母ちゃん 〜今日も全力空回り！〜,dear_viper3924,2026-06-16T22:11:09.000+09:00,833
n12a8431dc240,14132723,せな｜無理しない低燃費生活,senanomainichi,2026-06-16T21:55:38.000+09:00,547
n12a8431dc240,12417301,すみれ,genial_wren230,2026-06-16T21:54:38.000+09:00,317
n12a8431dc240,13852441,アリゼロ🐜氷河期世代の働きアリ@自身が会社で経験してきた問題点や気づきを発信しています。,hataraku_ari999,2026-06-16T21:51:00.000+09:00,172
n12a8431dc240,13161722,おあつ,keen_pipit1182,2026-06-16T21:41:27.000+09:00,1579
n12a8431dc240,11561590,かえるこ | Kaeruko,serene_pansy617,2026-06-16T21:35:08.000+09:00,4387
n12a8431dc240,13900618,sophie,scribble_1000,2026-06-16T20:59:22.000+09:00,803
n12a8431dc240,11543403,さとりのさとり,kopailog,2026-06-16T20:53:06.000+09:00,368
n12a8431dc240,5330022,Marie | まりーの小さな⚙️歯車⚙️ラボ🔬,marie_222,2026-06-16T20:52:34.000+09:00,37
n12a8431dc240,13405464,木漏れ日亭,komorebi_tei,2026-06-16T20:52:25.000+09:00,615
n12a8431dc240,12516832,和田雄三｜AI×心理ブランディングデザイナー,glad_dill2129,2026-06-16T20:46:45.000+09:00,884
n12a8431dc240,6905415,豹子頭 林冲,hyousitou,2026-06-16T20:45:57.000+09:00,271
n12a8431dc240,10175064,雪綴ゆき,wise_rat6355,2026-06-16T20:41:01.000+09:00,6543
n2656b34564c8,13079732,ＣＯＯＬ,vast_tulip7937,2026-06-16T20:25:22.000+09:00,1166
n2656b34564c8,11574500,ふらつき母ちゃん 〜今日も全力空回り！〜,dear_viper3924,2026-06-16T18:48:34.000+09:00,833
n4b45540fc238,10750843,Takanashi（たかなし）,takanashi_note01,2026-06-16T20:16:42.000+09:00,1229
n12a8431dc240,13107123,ランマッスル,runmuscle_m,2026-06-16T23:02:10.000+09:00,4708
n12a8431dc240,12624691,あん｜noteと遊ぶ,aging_gracefully,2026-06-16T22:47:12.000+09:00,1249
n12a8431dc240,10517876,向日葵じまにゃん🌻,jimanyan,2026-06-16T22:38:03.000+09:00,1913
n12a8431dc240,12385127,超育休志向｜りさ ＆ ゆういち,comfamily_lab,2026-06-16T22:32:29.000+09:00,524
n12a8431dc240,13927059,はる,haru_growth,2026-06-17T03:26:31.000+09:00,277
n12a8431dc240,5828006,まなつ/突出マイノリティ列伝,tosshutsu_m,2026-06-17T02:28:21.000+09:00,6480
n2656b34564c8,13505095,いちごもん🍓,ichigo_mon,2026-06-17T01:48:17.000+09:00,705
n12a8431dc240,13236272,ZAKKY −営業サポート,mild_stoat3315,2026-06-17T06:43:47.000+09:00,284
n12a8431dc240,11837112,もぐら,mogurabooks,2026-06-17T05:57:24.000+09:00,249
n12a8431dc240,4877017,須川元介/情報翻訳家,skagenavi,2026-06-17T05:41:30.000+09:00,2371
n12a8431dc240,11634537,ナオユキ｜物語と知識のコンシェルジュ,ai_naoyuki,2026-06-17T05:38:02.000+09:00,3014
n2656b34564c8,12411966,ルー＝シャーナ（ルーシャーナ）｜感覚をことばにする往復便,jolly_lupine2962,2026-06-17T07:09:17.000+09:00,2540
n72a2eb428f64,11780418,カプリ,capricious_note,2026-06-17T06:56:30.000+09:00,212
ncda4a4be4d28,11780418,カプリ,capricious_note,2026-06-17T06:50:44.000+09:00,212
n12a8431dc240,13430194,あきまむ,fond_shark9221,2026-06-17T09:16:57.000+09:00,220
n12a8431dc240,1218500,さくら,sakura_wellness,2026-06-17T07:58:33.000+09:00,1396
n12a8431dc240,11467064,right_seal1137,right_seal1137,2026-06-17T07:53:46.000+09:00,1155
n12a8431dc240,12157269,ken ｜ 完全無課金AI戦略 × note運営,noted_sheep3883,2026-06-17T07:34:47.000+09:00,3298
n2656b34564c8,13430194,あきまむ,fond_shark9221,2026-06-17T09:17:06.000+09:00,220
n4b45540fc238,14494293,メスマニア@初デートで100回は惚れさす,mesu_mania00,2026-06-17T10:55:02.000+09:00,281
n7170484aebb5,14463564,ゆう,yuuu_aizawa,2026-06-17T08:03:33.000+09:00,4
n34d6c85656ad,14686716,GEN,royal_willet8608,2026-06-17T14:04:40.000+09:00,252
n12a8431dc240,13792780,営業パパ,eigyopapa,2026-06-17T13:40:59.000+09:00,1678
n12a8431dc240,14222050,57歳、海外移住までの3年記録,ready_vole4626,2026-06-17T13:17:20.000+09:00,33
n12a8431dc240,3598618,はしゃも｜感情構造エンジニア,hasyamo,2026-06-17T12:16:02.000+09:00,512
n11c371e0015b,13564398,聴話人くるみ｜ひとりで抱える想いにそっと寄り添う。,ready_hornet3417,2026-06-17T13:59:26.000+09:00,283
n9fdb67cbc454,13542857,みみちぇっく,akuserugia241555,2026-06-17T12:36:54.000+09:00,870
n12a8431dc240,12078418,cozy rest._,open_azalea4556,2026-06-17T21:30:25.000+09:00,5
n12a8431dc240,14674971,うんみちゃん【4コマ漫画付】,note2026mirai,2026-06-17T21:14:47.000+09:00,85
n12a8431dc240,14386956,TFJ.TK,tfjtk,2026-06-17T21:14:17.000+09:00,60
n12a8431dc240,13781446,黒崎隼斗,hayato_watches,2026-06-17T23:14:16.000+09:00,1280
n2656b34564c8,2490558,だんだんありがと@めじゅ,dandan_arigato19,2026-06-17T21:47:20.000+09:00,470
n34d6c85656ad,14159463,Noa,noachan0617,2026-06-18T01:15:21.000+09:00,358
n12a8431dc240,11877070,アルフレッド,game_system_alex,2026-06-18T02:30:54.000+09:00,2862
n12a8431dc240,13066168,はるねずみ｜note副業０→１応援,kasegu5haru,2026-06-18T00:11:46.000+09:00,1630
n2656b34564c8,14433020,Shinobu｜副業・本業残業多め,shinobu_noter,2026-06-18T03:12:15.000+09:00,138
n2656b34564c8,14159463,Noa,noachan0617,2026-06-18T01:15:26.000+09:00,358
na49497d205ac,11297333,kei osikatsusuki,aromasuki,2026-06-18T03:18:51.000+09:00,119
n34d6c85656ad,14770562,よしもとしんじ,yoshimotoshinji,2026-06-18T09:24:47.000+09:00,54
n34d6c85656ad,13775236,むらかみこういちとソラノエ塾,firm_nerine8803,2026-06-18T07:16:18.000+09:00,254
n34d6c85656ad,14687025,あさーみ,quiet_skink9432,2026-06-18T05:57:41.000+09:00,46
n34d6c85656ad,13958785,Baby’s Breath,babysbreath56,2026-06-18T05:47:41.000+09:00,9
n12a8431dc240,8166572,ひゅー｜AI×分析｜考察と思考整理を楽しむ。note,hyu_nisworks,2026-06-18T11:48:05.000+09:00,432
n12a8431dc240,2490558,だんだんありがと@めじゅ,dandan_arigato19,2026-06-18T07:52:27.000+09:00,469
n12a8431dc240,12106384,moci moci 可視総合光線療法,charm_phlox8784,2026-06-18T07:50:51.000+09:00,1695
n12a8431dc240,14780378,vivid_roses726,vivid_roses726,2026-06-18T07:03:35.000+09:00,139
n2656b34564c8,12565892,走り出した企業内診断士,just_ixora8135,2026-06-18T10:25:18.000+09:00,1570
n2656b34564c8,14780378,vivid_roses726,vivid_roses726,2026-06-18T07:03:42.000+09:00,139
n4b45540fc238,14780378,vivid_roses726,vivid_roses726,2026-06-18T07:03:41.000+09:00,139
n4b45540fc238,12465066,Shoji ｜無為自然,anomie1,2026-06-18T06:39:27.000+09:00,1304
n11c371e0015b,14780378,vivid_roses726,vivid_roses726,2026-06-18T07:03:37.000+09:00,139
n57cfd1c0e046,14780378,vivid_roses726,vivid_roses726,2026-06-18T07:03:44.000+09:00,139
n12a8431dc240,12184556,空波DX100%,happy_echium7563,2026-06-18T16:49:39.000+09:00,7137
n12a8431dc240,14544903,あおは🍀｜ひとり仕事メモ ,gifted_lemur2594,2026-06-18T12:10:47.000+09:00,49
n2656b34564c8,13071716,コスモス🌸 │ ３人と一緒に考えるnote,cosmos_invest,2026-06-18T17:46:16.000+09:00,788
n52e534bf0411,8166572,ひゅー｜AI×分析｜考察と思考整理を楽しむ。note,hyu_nisworks,2026-06-18T15:24:24.000+09:00,435
n34d6c85656ad,14826683,sui,sui_free,2026-06-18T19:01:01.000+09:00,163
ndc269b57911d,12521570,しろのある,shirono_aru,2026-06-18T21:16:16.000+09:00,3837
ndc269b57911d,10646763,雪国ゆり⛄️逃げられない場所で戦う人へ,yuriri_love202,2026-06-18T21:10:24.000+09:00,484
ndc269b57911d,12618028,みみ🐰Wワーク薬剤師ママ,wwork_yaku,2026-06-18T21:03:34.000+09:00,654
ndc269b57911d,6905415,豹子頭 林冲,hyousitou,2026-06-18T20:54:24.000+09:00,271
ndc269b57911d,5330022,Marie | まりーの小さな⚙️歯車⚙️ラボ🔬,marie_222,2026-06-18T20:53:38.000+09:00,38
ndc269b57911d,14414366,碧乃さくら,unique_turkey951,2026-06-18T20:52:25.000+09:00,284
ndc269b57911d,12516832,和田雄三｜AI×心理ブランディングデザイナー,glad_dill2129,2026-06-18T20:50:06.000+09:00,887
ndc269b57911d,2490558,だんだんありがと@めじゅ,dandan_arigato19,2026-06-18T20:49:21.000+09:00,469
ndc269b57911d,13510260,ことびとしらず｜意匠設計者,a_smug_otter,2026-06-18T20:45:58.000+09:00,1170
ndc269b57911d,10091607,🔔Bell note,bellshacho,2026-06-18T20:45:14.000+09:00,2047
ndc269b57911d,14550204,THE  RETREAT,the_retreat,2026-06-18T20:40:35.000+09:00,37
ndc269b57911d,12012069,めどりっぷ,med_trip_jp,2026-06-18T20:38:08.000+09:00,374
ndc269b57911d,13688693,sato/高圧ガス資格研究所,mild_nerine4683,2026-06-18T20:32:34.000+09:00,1062
ndc269b57911d,11688990,City mellow Music,yskambientmusic,2026-06-18T20:31:35.000+09:00,976
ndc269b57911d,12949168,不真面目小児科医　しうまい,misasyu5,2026-06-18T20:31:34.000+09:00,601
n2656b34564c8,14304323,りつ@ちょっぴりオーナー気分,cyoppiri_owner1,2026-06-18T18:40:37.000+09:00,40
na49497d205ac,13402946,あちゃこ｜生活と記憶のあいだ🌿,xs_achako,2026-06-18T20:20:50.000+09:00,319
n9fdb67cbc454,13402946,あちゃこ｜生活と記憶のあいだ🌿,xs_achako,2026-06-18T20:22:45.000+09:00,319
n2a071f3201b2,10452537,ごろう,goro_131241d,2026-06-18T20:36:39.000+09:00,1043
ndc269b57911d,12027292,ame￤個人投資家になる人の日記📖☡✍,akfx9999,2026-06-18T23:33:48.000+09:00,17
ndc269b57911d,12789134,とり,tori2323,2026-06-18T23:25:13.000+09:00,2944
ndc269b57911d,13107123,ランマッスル,runmuscle_m,2026-06-18T23:22:53.000+09:00,4791
ndc269b57911d,12624691,あん｜noteと遊ぶ,aging_gracefully,2026-06-18T23:21:54.000+09:00,1255
ndc269b57911d,13900618,sophie,scribble_1000,2026-06-18T23:19:31.000+09:00,803
ndc269b57911d,13638553,まぐ。/ 公式裏アカウント 【まぐnet。】,fancy_impala8140,2026-06-18T23:12:01.000+09:00,318
ndc269b57911d,13094402,市川真一 | 【札幌大通】ヘナ専門美容師しん,sky_sunny1113,2026-06-18T23:11:33.000+09:00,527
ndc269b57911d,13732494,まぐ。,brainy_dog2534,2026-06-18T23:11:29.000+09:00,162
ndc269b57911d,1218500,さくら,sakura_wellness,2026-06-18T23:04:39.000+09:00,1404
ndc269b57911d,10845513,有栖ゆう｜初心者ママのnote副業,arisuyuu,2026-06-18T23:01:33.000+09:00,3868
ndc269b57911d,12158291,考える赤柴,eager_thyme9842,2026-06-18T22:54:54.000+09:00,332
ndc269b57911d,14471403,sacana,sacana_chan,2026-06-18T22:54:05.000+09:00,185
ndc269b57911d,12385127,超育休志向｜りさ ＆ ゆういち,comfamily_lab,2026-06-18T22:46:56.000+09:00,528
ndc269b57911d,14132723,せな｜無理しない低燃費生活,senanomainichi,2026-06-18T22:37:29.000+09:00,560
ndc269b57911d,11574500,ふらつき母ちゃん 〜今日も全力空回り！〜,dear_viper3924,2026-06-18T22:37:03.000+09:00,847
ndc269b57911d,5828006,まなつ/突出マイノリティ列伝,tosshutsu_m,2026-06-18T22:21:28.000+09:00,6527
ndc269b57911d,10517876,向日葵じまにゃん🌻,jimanyan,2026-06-18T22:19:21.000+09:00,1920
ndc269b57911d,12865762,判断軸｜Three Steps整体院,three_steps2025,2026-06-18T22:14:12.000+09:00,733
ndc269b57911d,5738970,営業fafa | note業界No.1営業マン,kohana1112,2026-06-18T22:06:54.000+09:00,1463
ndc269b57911d,11837112,もぐら,mogurabooks,2026-06-18T21:55:53.000+09:00,253
ndc269b57911d,13852441,アリゼロ🐜氷河期世代の働きアリ@自身が会社で経験してきた問題点や気づきを発信しています。,hataraku_ari999,2026-06-18T21:42:48.000+09:00,181
ndc269b57911d,3598618,はしゃも｜感情構造エンジニア,hasyamo,2026-06-18T21:42:05.000+09:00,515
n11c371e0015b,1534352,Kingしん,admevnch,2026-06-18T21:58:04.000+09:00,280
ndc269b57911d,12157269,ken ｜ 完全無課金AI戦略 × note運営,noted_sheep3883,2026-06-19T02:25:35.000+09:00,3298
ndc269b57911d,10999098,Tanuko,ol_tanuko_life,2026-06-19T01:46:42.000+09:00,868
ndc269b57911d,11561590,かえるこ | Kaeruko,serene_pansy617,2026-06-19T00:55:45.000+09:00,4415
ndc269b57911d,10175064,雪綴ゆき,wise_rat6355,2026-06-19T00:20:35.000+09:00,6566
n12a8431dc240,6335063,yumin,yumin813,2026-06-19T03:11:55.000+09:00,212
n2656b34564c8,10646763,雪国ゆり⛄️逃げられない場所で戦う人へ,yuriri_love202,2026-06-19T00:07:53.000+09:00,484
n34d6c85656ad,11104425,momotaro-planning（モモプラ）,momopla,2026-06-19T05:39:29.000+09:00,47
ndc269b57911d,11562186,ニッシー＠子どものお医者さん,famous_tern2079,2026-06-19T07:02:32.000+09:00,1422
ndc269b57911d,13163455,KOTAYA | 今日はこれで合格,kotaya_log,2026-06-19T06:57:21.000+09:00,2928
ndc269b57911d,14794996,ぺんた＠3児パパの挑戦記録,cozy_python3316,2026-06-19T06:56:59.000+09:00,18
ndc269b57911d,11590169,自宅内遭難対策協会 研究室,x_nyanko,2026-06-19T06:32:10.000+09:00,201
ndc269b57911d,8857122,うるるん,nice_daisy957,2026-06-19T06:27:13.000+09:00,1049
ndc269b57911d,13544420,つよポン,mild_wolf5613,2026-06-19T05:49:17.000+09:00,209
ndc269b57911d,11104425,momotaro-planning（モモプラ）,momopla,2026-06-19T05:39:32.000+09:00,47
ndc269b57911d,12599459,ひろ爺,noted_racoon6629,2026-06-19T05:37:04.000+09:00,856
ndc269b57911d,13405464,木漏れ日亭,komorebi_tei,2026-06-19T05:28:29.000+09:00,620
n12a8431dc240,11562186,ニッシー＠子どものお医者さん,famous_tern2079,2026-06-19T07:02:34.000+09:00,1422
n4b45540fc238,14360624,AIおじ@生活全部AI化中,ai_oji_301991,2026-06-19T07:23:57.000+09:00,341
n01b5fd12d369,14363101,ゆ,yuuwa1046,2026-06-19T06:43:02.000+09:00,114
n34d6c85656ad,14588251,タカマン,takaman_884,2026-06-19T08:36:44.000+09:00,19
n34d6c85656ad,1190616,那覇のお助け先生ゆいまーる＠IT専門学校講師、ITサポートスペシャリスト、webビジネスコンサル,iida_kouichiro,2026-06-19T07:31:06.000+09:00,754
ndc269b57911d,7703704,清宮ゆうか｜年子兄妹のママ・薬剤師,yuka_k_mom,2026-06-19T12:03:18.000+09:00,1347
ndc269b57911d,11634537,ナオユキ｜物語と知識のコンシェルジュ,ai_naoyuki,2026-06-19T08:49:56.000+09:00,3021
ndc269b57911d,4877017,須川元介/情報翻訳家,skagenavi,2026-06-19T08:23:14.000+09:00,2372
ndc269b57911d,12864150,ラベンダーサポート,tender_shark9977,2026-06-19T08:17:34.000+09:00,158
ndc269b57911d,1190616,那覇のお助け先生ゆいまーる＠IT専門学校講師、ITサポートスペシャリスト、webビジネスコンサル,iida_kouichiro,2026-06-19T07:31:08.000+09:00,754
n12a8431dc240,11474190,断罪と慈愛の歌詠み師 UTAKO,bold_slug9390,2026-06-19T07:33:42.000+09:00,538
n2656b34564c8,11474190,断罪と慈愛の歌詠み師 UTAKO,bold_slug9390,2026-06-19T07:33:41.000+09:00,538
n03996f26c637,11634537,ナオユキ｜物語と知識のコンシェルジュ,ai_naoyuki,2026-06-19T08:50:03.000+09:00,3021
ndc269b57911d,8166572,ひゅー｜AI×分析｜考察と思考整理を楽しむ。note,hyu_nisworks,2026-06-19T18:01:39.000+09:00,440
ndc269b57911d,13762921,SAMO,major_flea6323,2026-06-19T17:00:17.000+09:00,1141
ndc269b57911d,13928914,ゆり,iys_yuri,2026-06-19T15:14:33.000+09:00,210
ndc269b57911d,10750843,Takanashi（たかなし）,takanashi_note01,2026-06-19T14:16:32.000+09:00,1244
ndc269b57911d,12896835,ジーグランチェスター,marius123mama,2026-06-19T13:06:23.000+09:00,536
ndc269b57911d,13792780,営業パパ,eigyopapa,2026-06-19T13:01:13.000+09:00,1693
ndc269b57911d,13803527,🕊️Nanako（ななこ）🌿,7716nanako,2026-06-19T12:48:41.000+09:00,200
ndc269b57911d,13377617,みかん缶,vast_panda4301,2026-06-19T12:37:11.000+09:00,127
ndc269b57911d,14320627,hanatoshiki,hanatoshiki,2026-06-19T12:15:58.000+09:00,481
n12a8431dc240,10750843,Takanashi（たかなし）,takanashi_note01,2026-06-19T14:44:22.000+09:00,1244
n4483ea3d4c94,13605812,12340,lofty_clam8842,2026-06-19T12:49:42.000+09:00,449
n1808f56de737,14659525,⭐︎りる⭐︎,nifty_turkey2659,2026-06-19T18:14:07.000+09:00,4
nea3ba58998c7,13782883,みなみ,coff_scone,2026-06-19T12:49:24.000+09:00,156
n34d6c85656ad,14410429,Med Student's Study Room,dreamy_elk4258,2026-06-19T21:34:32.000+09:00,87
n34d6c85656ad,11288641,棗,cheeky_prawn2742,2026-06-19T21:01:02.000+09:00,128
ndc269b57911d,5022764,まっしー　ライフコーチ,cmah3237,2026-06-19T21:23:48.000+09:00,154
ndc269b57911d,13465503,科学でいろどる🌱羊毛のパレット,vast_yeti7062,2026-06-19T18:23:54.000+09:00,340
n11c371e0015b,13165983,大貫誠 / フォロバ100,onuki_nwma,2026-06-19T20:14:45.000+09:00,6184
n57cfd1c0e046,11574500,ふらつき母ちゃん 〜今日も全力空回り！〜,dear_viper3924,2026-06-19T18:33:06.000+09:00,849
ndc269b57911d,11474190,断罪と慈愛の歌詠み師 UTAKO,bold_slug9390,2026-06-19T22:53:47.000+09:00,540
n096c33bded83,5528334,ヒトタラヲ,5959life,2026-06-20T03:01:38.000+09:00,4121
ndc269b57911d,11828830,みっちぃ|子供と一緒に成長したい2児の父,pure_bear1643,2026-06-20T06:24:32.000+09:00,435
ndc269b57911d,11259399,売り込まずに選ばれる経営と営業の話｜那須清幸,hip_mimosa9220,2026-06-20T05:50:12.000+09:00,1358
n57cfd1c0e046,7149960,水越なつめ,natsume996,2026-06-20T03:39:20.000+09:00,801
ndc269b57911d,8557824,余白ちゃん｜感情【生きづらさ】の翻訳家,yohaku_work,2026-06-20T09:49:45.000+09:00,1024
ndc269b57911d,10935665,こころ,hanameg87,2026-06-20T09:28:18.000+09:00,300
ndc269b57911d,14058886,ぷっちん|  薬剤師ママ,pupuyakuzaishi,2026-06-20T08:33:15.000+09:00,690
ndc269b57911d,12912669,柴田AI（シバタ アイ）  @ 柴田病院AIキャラクター 兼 広報 | AIと愛の力で地域医療に貢献,rapid_squid4027,2026-06-20T08:15:24.000+09:00,1547
ndc269b57911d,11775030,りっちゃん@ミニ株で夫をセミFIREさせたい,ricchan_dayo,2026-06-20T07:44:16.000+09:00,982
ndc269b57911d,10528581,ゆるしまshow｜小説．体験談．HSP．AC,pyontee_pooh,2026-06-20T06:42:16.000+09:00,555
ndc269b57911d,10764749,ゆりの静かな時間,quick_aster6233,2026-06-20T14:19:18.000+09:00,246
ndc269b57911d,14804559,日常｜星と夜と小さな物語,like_shrew7210,2026-06-20T14:14:19.000+09:00,269
ndc269b57911d,6805355,無駄に意識が高い父の育児日記,good_duck886,2026-06-20T14:11:19.000+09:00,779
ndc269b57911d,14778973,ペンペン｜認知症を検査データで解説,penguin_kensa,2026-06-20T13:59:42.000+09:00,37
ndc269b57911d,11954787,【Re:ME】設計する会社員,re_me2025,2026-06-20T13:42:46.000+09:00,364
ndc269b57911d,12568539,satoyu｜ゆるガチおうち英語,yurugachienglish,2026-06-20T12:12:57.000+09:00,592
ndc269b57911d,13741805,心理カウンセラーyumi,y720century,2026-06-20T12:12:49.000+09:00,60
ndc269b57911d,11715879,ぱぐぱぱん　絵本作家×牧場飼育員×保育士,pagupapan,2026-06-20T12:10:53.000+09:00,2407
n34d6c85656ad,3262503,みともり,mitomorimdc,2026-06-20T19:58:59.000+09:00,121
ndc269b57911d,3262503,みともり,mitomorimdc,2026-06-20T19:59:00.000+09:00,121
ndc269b57911d,14692660,ひろゆき,cheeky_frog6164,2026-06-20T19:47:40.000+09:00,27
ndc269b57911d,11877070,アルフレッド,game_system_alex,2026-06-20T18:56:08.000+09:00,2907
n12a8431dc240,1818494,ALEXの逆輸入ライフノート,alexdesukedo,2026-06-20T17:17:41.000+09:00,8
na49497d205ac,14414366,碧乃さくら,unique_turkey951,2026-06-20T17:35:09.000+09:00,328
n01664b3c25f0,14132723,せな｜無理しない低燃費生活,senanomainichi,2026-06-20T22:40:09.000+09:00,575
n01664b3c25f0,12624691,あん｜noteと遊ぶ,aging_gracefully,2026-06-20T22:24:15.000+09:00,1257
n01664b3c25f0,11561590,かえるこ | Kaeruko,serene_pansy617,2026-06-20T21:46:59.000+09:00,4444
n01664b3c25f0,12235137,ねんころ@AIクリエイター,nenkoro_life,2026-06-20T21:36:54.000+09:00,1678
n01664b3c25f0,13281186,さくさく|人生の不安に寄り添う相談室,jidoukan_judge,2026-06-20T21:14:26.000+09:00,1785
n01664b3c25f0,13405464,木漏れ日亭,komorebi_tei,2026-06-20T21:02:21.000+09:00,624
n01664b3c25f0,14547078,30代男性のリアルな日常,real_life_style,2026-06-20T20:51:25.000+09:00,32
n01664b3c25f0,14543746,楽市楽座が歴史を語る,dandy_lupine5106,2026-06-20T20:45:39.000+09:00,54
n01664b3c25f0,13574007,🍀ベンジャミン🍀,noble_spirea7217,2026-06-20T20:42:34.000+09:00,943
n01664b3c25f0,11634537,ナオユキ｜物語と知識のコンシェルジュ,ai_naoyuki,2026-06-20T20:41:32.000+09:00,3072
n01664b3c25f0,12521570,しろのある,shirono_aru,2026-06-20T20:40:17.000+09:00,3848
n01664b3c25f0,13613385,羅生門SKY,codex_strategy,2026-06-20T20:40:12.000+09:00,439
n01664b3c25f0,5330022,Marie | まりーの小さな⚙️歯車⚙️ラボ🔬,marie_222,2026-06-20T20:39:48.000+09:00,40
n01664b3c25f0,10175064,雪綴ゆき,wise_rat6355,2026-06-20T20:39:04.000+09:00,6581
n01664b3c25f0,11359513,TEAM LILITH & AMI｜安達,takayukiadachi,2026-06-20T20:36:33.000+09:00,972
n01664b3c25f0,13900618,sophie,scribble_1000,2026-06-20T20:34:32.000+09:00,803
ndc269b57911d,13161722,おあつ,keen_pipit1182,2026-06-20T22:44:27.000+09:00,1605
ndc269b57911d,14022192,女医の子育てノート,dr_mama_note,2026-06-20T21:29:51.000+09:00,191
ndc269b57911d,7185658,高取しづか｜ママのコミュトレの先生,shizuka_kosodate,2026-06-20T20:22:26.000+09:00,1294
n297a23e9790f,14854229,ミライのピアニスト＠ピアノ未経験夫婦の『息子×AI』プロ挑戦記,mirai_pianist,2026-06-20T21:57:37.000+09:00,10
n01664b3c25f0,13852441,アリゼロ🐜氷河期世代の働きアリ@自身が会社で経験してきた問題点や気づきを発信しています。,hataraku_ari999,2026-06-21T02:10:50.000+09:00,187
n01664b3c25f0,10091607,🔔Bell note,bellshacho,2026-06-21T00:43:32.000+09:00,2048
n01664b3c25f0,12949168,不真面目小児科医　しうまい,misasyu5,2026-06-21T00:09:32.000+09:00,607
n01664b3c25f0,12385127,超育休志向｜りさ ＆ ゆういち,comfamily_lab,2026-06-20T23:45:23.000+09:00,529
n01664b3c25f0,13909954,Shin,natty_frog4835,2026-06-20T23:07:44.000+09:00,256
n01664b3c25f0,14267482,Miris,miris0123,2026-06-20T23:05:04.000+09:00,12
n01664b3c25f0,10517876,向日葵じまにゃん🌻,jimanyan,2026-06-20T23:04:43.000+09:00,1919
n01664b3c25f0,12157269,ken ｜ 完全無課金AI戦略 × note運営,noted_sheep3883,2026-06-20T23:00:42.000+09:00,3301
n01664b3c25f0,4877017,須川元介/情報翻訳家,skagenavi,2026-06-20T22:50:46.000+09:00,2376
n01664b3c25f0,6905415,豹子頭 林冲,hyousitou,2026-06-20T22:49:05.000+09:00,271
n01664b3c25f0,13161722,おあつ,keen_pipit1182,2026-06-20T22:48:17.000+09:00,1606
ndc269b57911d,13431424,ミロクンミンギア,serene_godwit658,2026-06-20T22:46:38.000+09:00,487
n12a8431dc240,12949168,不真面目小児科医　しうまい,misasyu5,2026-06-21T00:42:13.000+09:00,607
naa1d601c361d,13651876,Misuz.,lofty_knot8493,2026-06-21T00:05:12.000+09:00,714
n1808f56de737,6852226,斉藤あや,happy_oxalis781,2026-06-20T23:02:59.000+09:00,979
n01664b3c25f0,13107123,ランマッスル,runmuscle_m,2026-06-21T05:19:55.000+09:00,4894
n01664b3c25f0,8166572,ひゅー｜AI×分析｜考察と思考整理を楽しむ。note,hyu_nisworks,2026-06-21T04:43:52.000+09:00,443
ndc269b57911d,12162399,かえる店長,kerokeronotes,2026-06-21T06:08:45.000+09:00,530
ndc269b57911d,11032894,たなかの,hip_dunlin9302,2026-06-21T05:38:24.000+09:00,568
n4b45540fc238,6905415,豹子頭 林冲,hyousitou,2026-06-21T05:57:12.000+09:00,271
n34d6c85656ad,14148604,山口式 | やる気を引き出す親の関わり方,apt_peony1657,2026-06-21T11:04:33.000+09:00,183
n01664b3c25f0,14148604,山口式 | やる気を引き出す親の関わり方,apt_peony1657,2026-06-21T11:04:34.000+09:00,183
n01664b3c25f0,13140757,雪詠｜ゆきよみ,yukiyomi,2026-06-21T10:14:58.000+09:00,840
n01664b3c25f0,12417750,さとみんの世界,zz120321,2026-06-21T10:10:36.000+09:00,225
n01664b3c25f0,12591374,ケンタロウ/gr.minpaku,merry_robin6845,2026-06-21T07:27:08.000+09:00,484
n01664b3c25f0,4509042,猫の父さん@トトとチー,cat48_1010,2026-06-21T07:11:06.000+09:00,413
n01664b3c25f0,13638553,まぐ。/ 公式裏アカウント 【まぐnet。】,fancy_impala8140,2026-06-21T06:52:53.000+09:00,317
n34d6c85656ad,6458912,茂木悠,totoro1,2026-06-21T17:42:33.000+09:00,904
n34d6c85656ad,1165421,魚京童,kuzirappa,2026-06-21T14:59:14.000+09:00,335
n01664b3c25f0,11624969,タカジロー,takajiro0912,2026-06-21T17:40:27.000+09:00,8196
n01664b3c25f0,13870436,ママ薬剤師HONO（病院薬剤師）,hospital_ph_hono,2026-06-21T16:47:19.000+09:00,288
n01664b3c25f0,14299354,しん｜経営者コミュニティ×AI,ai_free_lab,2026-06-21T15:02:19.000+09:00,270
n01664b3c25f0,657159,千二百,brave_rabbit8140,2026-06-21T13:01:58.000+09:00,156
n01664b3c25f0,11574500,ふらつき母ちゃん 〜今日も全力空回り！〜,dear_viper3924,2026-06-21T12:41:59.000+09:00,862
n12a8431dc240,1165421,魚京童,kuzirappa,2026-06-21T14:59:17.000+09:00,335
n2656b34564c8,1165421,魚京童,kuzirappa,2026-06-21T14:59:15.000+09:00,335
na49497d205ac,1165421,魚京童,kuzirappa,2026-06-21T14:59:18.000+09:00,335
n9fdb67cbc454,11828830,みっちぃ|子供と一緒に成長したい2児の父,pure_bear1643,2026-06-21T13:09:30.000+09:00,437
n4ba2addd21ff,11828830,みっちぃ|子供と一緒に成長したい2児の父,pure_bear1643,2026-06-21T13:05:45.000+09:00,437
n2574b6773bc0,14316110,みか｜元CA・接客講師｜AI集客に挑戦中,mika_0419,2026-06-21T14:51:42.000+09:00,461
n96fdd23e76b7,13183212,藤波太一社会保険労務士事務所,fujinami_lssa,2026-06-21T20:43:14.000+09:00,123
n96fdd23e76b7,13574007,🍀ベンジャミン🍀,noble_spirea7217,2026-06-21T20:39:45.000+09:00,950
n96fdd23e76b7,14509888,ぽん,pillows_saikyou,2026-06-21T20:38:09.000+09:00,27
n96fdd23e76b7,6712973,ふかだもとみ,outofivorytower,2026-06-21T20:34:31.000+09:00,410
ndc269b57911d,4472775,あまね〘ฅ՞•ﻌ•՞ฅฅ^•ﻌ•^ฅ〙,almabrillante,2026-06-21T19:28:54.000+09:00,876
n7170484aebb5,11359513,TEAM LILITH & AMI｜安達,takayukiadachi,2026-06-21T18:55:54.000+09:00,977
na49497d205ac,13037359,丁寧な暮らし/生きやすさ探求家,gentle_gecko1078,2026-06-21T20:12:55.000+09:00,303
n045e9c61347c,14102186,68歳 元幸田町職員／幸田町のしがきん,satoyama_w,2026-06-21T19:05:12.000+09:00,31
n96fdd23e76b7,13430194,あきまむ,fond_shark9221,2026-06-21T22:47:14.000+09:00,225
n96fdd23e76b7,14132723,せな｜無理しない低燃費生活,senanomainichi,2026-06-21T22:40:11.000+09:00,580
n96fdd23e76b7,13161722,おあつ,keen_pipit1182,2026-06-21T22:31:28.000+09:00,1612
n96fdd23e76b7,11513037,mamuu☆,kecyopon_mamuu,2026-06-21T22:20:02.000+09:00,71
n96fdd23e76b7,12885021,ただのかくひと。,tadanokakuhito,2026-06-21T22:16:51.000+09:00,85
n96fdd23e76b7,3931382,モナコ,kinking827,2026-06-21T22:13:22.000+09:00,381
n96fdd23e76b7,10517876,向日葵じまにゃん🌻,jimanyan,2026-06-21T21:59:24.000+09:00,1919
n96fdd23e76b7,6781246,全力限界駅員👩🏻‍✈️100日連続投稿達成した人,lovely_ixora10,2026-06-21T21:45:05.000+09:00,724
n96fdd23e76b7,10964378,ななな,nanaokuen_7777,2026-06-21T21:41:36.000+09:00,775
n96fdd23e76b7,4887086,はんく・シュンタナ🐤『塩化ビニール系女子』AIクリエイター兼プロデューサー,hunk_shuntana,2026-06-21T21:40:49.000+09:00,665
n96fdd23e76b7,4509042,猫の父さん@トトとチー,cat48_1010,2026-06-21T21:22:16.000+09:00,413
n96fdd23e76b7,5330022,Marie | まりーの小さな⚙️歯車⚙️ラボ🔬,marie_222,2026-06-21T21:09:59.000+09:00,40
n96fdd23e76b7,13900618,sophie,scribble_1000,2026-06-21T21:09:42.000+09:00,799
n96fdd23e76b7,13764281,宵月ユウ｜気になったことを綴る🌙 ,stevia730,2026-06-21T21:09:31.000+09:00,700
n96fdd23e76b7,12417301,すみれ,genial_wren230,2026-06-21T21:06:24.000+09:00,321
n96fdd23e76b7,6905415,豹子頭 林冲,hyousitou,2026-06-21T20:58:31.000+09:00,270
n96fdd23e76b7,12380860,パタコ,auwa_44,2026-06-21T20:57:54.000+09:00,2321
n96fdd23e76b7,10646763,雪国ゆり☃️薬学部文学科(獣医学選択),yuriri_love202,2026-06-21T20:56:47.000+09:00,483
n96fdd23e76b7,12184556,空波DX100%,happy_echium7563,2026-06-21T20:56:21.000+09:00,7226
n96fdd23e76b7,13281186,さくさく|人生の不安に寄り添う相談室,jidoukan_judge,2026-06-21T20:53:08.000+09:00,1791
n96fdd23e76b7,12568539,satoyu｜ゆるガチおうち英語,yurugachienglish,2026-06-21T20:51:10.000+09:00,589
n96fdd23e76b7,4877017,須川元介/情報翻訳家,skagenavi,2026-06-21T20:50:06.000+09:00,2376
n96fdd23e76b7,11840255,鈴森よいほ｜AIコンテンツ／思想型クリエイター,yoiho25june,2026-06-21T20:49:59.000+09:00,983
n96fdd23e76b7,11837112,もぐら,mogurabooks,2026-06-21T20:49:17.000+09:00,254
n96fdd23e76b7,11877070,アルフレッド,game_system_alex,2026-06-21T20:49:02.000+09:00,2930
n96fdd23e76b7,13405464,木漏れ日亭,komorebi_tei,2026-06-21T20:44:55.000+09:00,624
n01664b3c25f0,1218500,さくら,sakura_wellness,2026-06-21T20:54:07.000+09:00,1413
n4b45540fc238,1919113,へいぼんララバイ,heibonlullaby,2026-06-21T22:06:19.000+09:00,797
na49497d205ac,12916633,読むのが好き,yomitaino,2026-06-21T22:03:34.000+09:00,24
naa1d601c361d,12168733,Kyosuke（みんなのWeb屋さん）,kyosuke_create,2026-06-21T22:10:28.000+09:00,120
naa1d601c361d,13705589,ことはさんのたいせつなくらし　50歳を前に立ち止まって考える,fast_ixora4107,2026-06-21T21:09:19.000+09:00,101
n27e90b40994d,14080392,長坂　珠子,nagasaka_tamako,2026-06-21T21:44:49.000+09:00,88
n96fdd23e76b7,14363101,ゆ,yuuwa1046,2026-06-22T01:34:34.000+09:00,115
n96fdd23e76b7,11973177,るこのみらい,ruco3,2026-06-22T01:32:35.000+09:00,2049
n96fdd23e76b7,2364826,andy｜投資・仕事・noteを、データで育てている人,andrewwaldfeld,2026-06-22T00:31:06.000+09:00,832
n96fdd23e76b7,12521570,しろのある,shirono_aru,2026-06-22T00:02:48.000+09:00,3853
n96fdd23e76b7,12202653,りょう　パニック狐🦊は旅をする,note_ryo_,2026-06-21T23:59:29.000+09:00,309
n96fdd23e76b7,12168733,Kyosuke（みんなのWeb屋さん）,kyosuke_create,2026-06-21T23:12:19.000+09:00,120
n3a81bf1e64bd,3598618,はしゃも｜感情構造エンジニア,hasyamo,2026-06-22T00:24:35.000+09:00,517
n73bbdeee4407,14080392,長坂　珠子,nagasaka_tamako,2026-06-21T23:29:49.000+09:00,88
n96fdd23e76b7,12276684,悠ゆう,xx120321,2026-06-22T06:31:25.000+09:00,268
n96fdd23e76b7,1604147,とびさら@止まらないｎｏｔｅ副業の作り方 フォロバ１００,tobisara,2026-06-22T06:11:29.000+09:00,918
n96fdd23e76b7,13107123,ランマッスル,runmuscle_m,2026-06-22T06:08:40.000+09:00,4952
n96fdd23e76b7,14316760,みなせ,hip_akinai0423,2026-06-22T11:38:01.000+09:00,30
n96fdd23e76b7,12949168,不真面目小児科医　しうまい,misasyu5,2026-06-22T10:02:39.000+09:00,607
n96fdd23e76b7,12870840,res-q precious,resq_precious,2026-06-22T09:49:13.000+09:00,4917
n96fdd23e76b7,8166572,ひゅー｜AI×分析｜考察と思考整理を楽しむ。note,hyu_nisworks,2026-06-22T09:36:03.000+09:00,447
n96fdd23e76b7,9644789,タるシる,jazzy_carp3304,2026-06-22T09:16:48.000+09:00,839
n96fdd23e76b7,13079732,ＣＯＯＬ,vast_tulip7937,2026-06-22T08:34:02.000+09:00,1157
n96fdd23e76b7,11561590,かえるこ | Kaeruko,serene_pansy617,2026-06-22T08:11:43.000+09:00,4470
n96fdd23e76b7,13638553,まぐ。/ 公式裏アカウント 【まぐnet。】,fancy_impala8140,2026-06-22T07:37:45.000+09:00,315
n96fdd23e76b7,3453696,さんど,hiro0641,2026-06-22T07:27:57.000+09:00,130
n96fdd23e76b7,13236272,ZAKKY −営業サポート,mild_stoat3315,2026-06-22T07:02:10.000+09:00,284
n96fdd23e76b7,12591374,ケンタロウ/gr.minpaku,merry_robin6845,2026-06-22T06:58:06.000+09:00,484
n96fdd23e76b7,13965785,ことのは｜心の整理ノート　,cute_parrot8784,2026-06-22T06:48:33.000+09:00,51
ndc269b57911d,10097507,華子,genial_spirea716,2026-06-22T08:04:12.000+09:00,1137
naa1d601c361d,13763628,ジッケン🧪人生の人体実験,jikken_body,2026-06-22T08:32:03.000+09:00,175
naa1d601c361d,12148536,まき@こどもと日々成長中,asobo_kids,2026-06-22T08:10:56.000+09:00,993
n96fdd23e76b7,12157269,ken ｜ 完全無課金AI戦略 × note運営,noted_sheep3883,2026-06-22T18:07:43.000+09:00,3305
n96fdd23e76b7,14678969,コツシバ｜ITエンジニア,kotsushiba,2026-06-22T16:50:33.000+09:00,852
n96fdd23e76b7,12624691,あん｜noteと遊ぶ,aging_gracefully,2026-06-22T15:39:05.000+09:00,1267
n96fdd23e76b7,13037359,丁寧な暮らし/生きやすさ探求家,gentle_gecko1078,2026-06-22T15:14:19.000+09:00,301
n96fdd23e76b7,13792780,営業パパ,eigyopapa,2026-06-22T14:18:58.000+09:00,1704
n96fdd23e76b7,13852441,アリゼロ🐜氷河期世代の働きアリ@自身が会社で経験してきた問題点や気づきを発信しています。,hataraku_ari999,2026-06-22T12:23:20.000+09:00,193
n96fdd23e76b7,14135976,はるまち｜人生のバグを直す「要素分解」× AI資産構築,ai_harumati,2026-06-22T12:19:17.000+09:00,137
n01664b3c25f0,10646763,雪国ゆり☃️薬学部文学科(獣医学選択),yuriri_love202,2026-06-22T16:45:07.000+09:00,483
n01664b3c25f0,14135976,はるまち｜人生のバグを直す「要素分解」× AI資産構築,ai_harumati,2026-06-22T12:19:09.000+09:00,137
ndc269b57911d,13037359,丁寧な暮らし/生きやすさ探求家,gentle_gecko1078,2026-06-22T15:11:33.000+09:00,301
n52e534bf0411,10646763,雪国ゆり☃️薬学部文学科(獣医学選択),yuriri_love202,2026-06-22T12:28:50.000+09:00,483
naa1d601c361d,13416976,yukariyajp,brainy_thyme2046,2026-06-22T14:18:48.000+09:00,1424
naa1d601c361d,14769892,断食で家事への負担を軽くする人,prime_otter5758,2026-06-22T13:19:33.000+09:00,24
n4ba2addd21ff,10646763,雪国ゆり☃️薬学部文学科(獣医学選択),yuriri_love202,2026-06-22T18:12:34.000+09:00,483
n96fdd23e76b7,14433020,Shinobu｜副業・本業残業多め,shinobu_noter,2026-06-22T20:54:50.000+09:00,135
n01664b3c25f0,13079732,ＣＯＯＬ,vast_tulip7937,2026-06-22T22:03:17.000+09:00,1157
n01664b3c25f0,7823822,はぐれパパ＠詩人失格,papa411477,2026-06-22T19:41:24.000+09:00,82
n12a8431dc240,13079732,ＣＯＯＬ,vast_tulip7937,2026-06-22T22:03:27.000+09:00,1157
na49497d205ac,7823822,はぐれパパ＠詩人失格,papa411477,2026-06-22T19:42:54.000+09:00,82
naa1d601c361d,12294290,Camellia Mountain,camellia_0821,2026-06-22T21:41:10.000+09:00,400
naa1d601c361d,12652705,お父さん猫@家事/育児カイゼン担当,otou_to_koneko,2026-06-22T21:35:36.000+09:00,2177
n01b5fd12d369,12149394,あめ｜AIとのくらし,ame_to_ai,2026-06-22T20:42:06.000+09:00,411
ncab44d577d26,13079732,ＣＯＯＬ,vast_tulip7937,2026-06-22T22:32:56.000+09:00,1157
nf04cdc80b3d2,13079732,ＣＯＯＬ,vast_tulip7937,2026-06-22T22:29:16.000+09:00,1157
nf45f7d36c5b5,13079732,ＣＯＯＬ,vast_tulip7937,2026-06-22T22:27:51.000+09:00,1157
nedc8fc0d7413,13079732,ＣＯＯＬ,vast_tulip7937,2026-06-22T22:24:02.000+09:00,1157
nb9142d843264,13079732,ＣＯＯＬ,vast_tulip7937,2026-06-22T22:26:09.000+09:00,1157
ndc269b57911d,7367292,ももんか｜noteアカウント設計の人,momonca,2026-06-22T23:25:58.000+09:00,10899
n96fdd23e76b7,4472775,あまね〘ฅ՞•ﻌ•՞ฅฅ^•ﻌ•^ฅ〙,almabrillante,2026-06-23T02:36:46.000+09:00,875
ndc269b57911d,13079732,ＣＯＯＬ,vast_tulip7937,2026-06-23T06:43:44.000+09:00,1155
n4b45540fc238,13079732,ＣＯＯＬ,vast_tulip7937,2026-06-23T06:46:52.000+09:00,1155
n96fdd23e76b7,13927059,はる,haru_growth,2026-06-23T11:08:59.000+09:00,278
n96fdd23e76b7,9281462,N氏,nakaikikaku,2026-06-23T10:45:15.000+09:00,1334
n96fdd23e76b7,12516832,和田雄三｜AI×心理ブランディングデザイナー,glad_dill2129,2026-06-23T09:23:24.000+09:00,898
n96fdd23e76b7,2046306,マーク,markworld09,2026-06-23T16:12:02.000+09:00,2023
naa1d601c361d,12134366,モモ♥️,genial_quokka134,2026-06-23T11:40:43.000+09:00,1451
n33c3786a8c0a,13574007,🍀ベンジャミン🍀,noble_spirea7217,2026-06-23T20:39:49.000+09:00,962
n96fdd23e76b7,8867833,モンキーパンツ,monkeypants,2026-06-23T18:44:25.000+09:00,4113
n96fdd23e76b7,14527241,ぬぬ母,honest_vole375,2026-06-23T17:59:36.000+09:00,134
n33c3786a8c0a,11339673,VOID_404 | AI実践コラムライター@note収益化戦略📈🔥 | フォロバ100,void_404,2026-06-23T23:22:37.000+09:00,4312
n33c3786a8c0a,12157269,ken ｜ 完全無課金AI戦略 × note運営,noted_sheep3883,2026-06-23T23:12:04.000+09:00,3311
n33c3786a8c0a,13941803,あぼがー,abo_gado_ga,2026-06-23T22:58:18.000+09:00,308
n33c3786a8c0a,10175064,雪綴ゆき,wise_rat6355,2026-06-23T22:47:24.000+09:00,6603
n33c3786a8c0a,14132723,せな｜無理しない低燃費生活,senanomainichi,2026-06-23T22:45:42.000+09:00,582
n33c3786a8c0a,13161722,おあつ,keen_pipit1182,2026-06-23T22:13:57.000+09:00,1623
n33c3786a8c0a,13852441,アリゼロ🐜氷河期世代の働きアリ@自身が会社で経験してきた問題点や気づきを発信しています。,hataraku_ari999,2026-06-23T22:02:55.000+09:00,205
n33c3786a8c0a,12624691,あん｜noteと遊ぶ,aging_gracefully,2026-06-23T21:46:08.000+09:00,1266
n33c3786a8c0a,13638553,まぐ。/ 公式裏アカウント 【まぐnet。】,fancy_impala8140,2026-06-23T21:42:04.000+09:00,316
n33c3786a8c0a,11561590,かえるこ | Kaeruko,serene_pansy617,2026-06-23T21:38:52.000+09:00,4483
n33c3786a8c0a,12516832,和田雄三｜AI×心理ブランディングデザイナー,glad_dill2129,2026-06-23T21:30:16.000+09:00,897
n33c3786a8c0a,13079732,ＣＯＯＬ,vast_tulip7937,2026-06-23T21:28:27.000+09:00,1154
n33c3786a8c0a,13900618,sophie,scribble_1000,2026-06-23T21:25:04.000+09:00,800
n33c3786a8c0a,8857122,うるるん,nice_daisy957,2026-06-23T21:15:52.000+09:00,1077
n33c3786a8c0a,13236272,ZAKKY −営業サポート,mild_stoat3315,2026-06-23T21:05:32.000+09:00,284
n33c3786a8c0a,13107123,ランマッスル,runmuscle_m,2026-06-23T21:01:47.000+09:00,5012
n33c3786a8c0a,6905415,豹子頭 林冲,hyousitou,2026-06-23T20:56:44.000+09:00,272
n33c3786a8c0a,5330022,Marie | まりーの小さな⚙️歯車⚙️ラボ🔬,marie_222,2026-06-23T20:53:54.000+09:00,41
n33c3786a8c0a,13405464,木漏れ日亭,komorebi_tei,2026-06-23T20:52:54.000+09:00,628
n33c3786a8c0a,12949168,不真面目小児科医　しうまい,misasyu5,2026-06-23T20:46:57.000+09:00,606
n96fdd23e76b7,1218500,さくら,sakura_wellness,2026-06-23T21:27:56.000+09:00,1420
n96fdd23e76b7,8857122,うるるん,nice_daisy957,2026-06-23T21:14:39.000+09:00,1077
n01664b3c25f0,8857122,うるるん,nice_daisy957,2026-06-23T21:12:27.000+09:00,1077
ndc269b57911d,14363101,ゆ,yuuwa1046,2026-06-23T23:10:19.000+09:00,122
ndc269b57911d,10069165,僧侶上田隆弘の旅と読書のブログ　【日々是読書】がモットーです,nice_deer931,2026-06-23T21:06:37.000+09:00,9353
n33c3786a8c0a,11474190,断罪と慈愛の歌詠み師 UTAKO,bold_slug9390,2026-06-24T00:20:49.000+09:00,558
n33c3786a8c0a,4877017,須川元介/情報翻訳家,skagenavi,2026-06-23T23:51:45.000+09:00,2380
n96fdd23e76b7,12601204,哲学母ちゃん,a_tetsugakukasan,2026-06-24T00:34:41.000+09:00,1098
n96fdd23e76b7,12385127,超育休志向｜りさ ＆ ゆういち,comfamily_lab,2026-06-23T23:46:40.000+09:00,525
n01664b3c25f0,11474190,断罪と慈愛の歌詠み師 UTAKO,bold_slug9390,2026-06-24T03:06:29.000+09:00,558
n96fdd23e76b7,9106278,弁財天睦月,legal_finch402,2026-06-24T10:00:03.000+09:00,143
n34d6c85656ad,8229767,Ceham｜WordPress構築×AI集客のプロ,happy_sage9,2026-06-24T14:54:13.000+09:00,131
n33c3786a8c0a,10517876,向日葵じまにゃん🌻,jimanyan,2026-06-24T15:28:54.000+09:00,1931
n33c3786a8c0a,10982643,jolly_beetle132,jolly_beetle132,2026-06-24T15:02:04.000+09:00,1205
n96fdd23e76b7,12158291,考える赤柴,eager_thyme9842,2026-06-24T15:14:12.000+09:00,343
n96fdd23e76b7,5828006,まなつ/突出マイノリティ列伝,tosshutsu_m,2026-06-24T14:31:29.000+09:00,6651
n01664b3c25f0,10283393,宿泊ビジネス研究所,hoteldigitalexp,2026-06-24T12:57:58.000+09:00,198
n12a8431dc240,12377105,まるよか,yokayoka5103,2026-06-24T12:44:38.000+09:00,1422
n52e534bf0411,12158291,考える赤柴,eager_thyme9842,2026-06-24T15:23:30.000+09:00,343
n52e534bf0411,10283393,宿泊ビジネス研究所,hoteldigitalexp,2026-06-24T12:58:38.000+09:00,198
n52e8a0b8d976,12232616,デジさしみ | IT現場の効率家,digital_sashimi,2026-06-24T20:16:30.000+09:00,611
n52e8a0b8d976,13574007,🍀ベンジャミン🍀,noble_spirea7217,2026-06-24T20:15:24.000+09:00,967
n52e8a0b8d976,10517876,向日葵じまにゃん🌻,jimanyan,2026-06-24T20:14:01.000+09:00,1935
n52e8a0b8d976,3744047,sara.,i_am_azarashi,2026-06-24T20:13:31.000+09:00,402
n52e8a0b8d976,4877017,須川元介/情報翻訳家,skagenavi,2026-06-24T20:12:26.000+09:00,2379
n52e8a0b8d976,7564919,アルレッキーノ,lucky_eel43,2026-06-24T20:09:30.000+09:00,2301
n52e8a0b8d976,12909162,鮭ノート！,syake2025,2026-06-24T20:08:49.000+09:00,509
n52e8a0b8d976,13696111,トメート【高校２年】,magic_flax2814,2026-06-24T20:07:33.000+09:00,365
n52e8a0b8d976,14414366,碧乃さくら,unique_turkey951,2026-06-24T20:07:29.000+09:00,407
n52e8a0b8d976,5330022,Marie | まりーの小さな⚙️歯車⚙️ラボ🔬,marie_222,2026-06-24T20:07:11.000+09:00,43
n33c3786a8c0a,11837112,もぐら,mogurabooks,2026-06-24T19:18:01.000+09:00,255
n33c3786a8c0a,12417301,すみれ,genial_wren230,2026-06-24T19:13:22.000+09:00,317
n33c3786a8c0a,8166572,ひゅー｜AI×分析｜考察と思考整理を楽しむ。note,hyu_nisworks,2026-06-24T18:47:06.000+09:00,457
n33c3786a8c0a,13927059,はる,haru_growth,2026-06-24T17:55:00.000+09:00,282
n96fdd23e76b7,3598618,はしゃも｜感情構造エンジニア,hasyamo,2026-06-24T19:11:19.000+09:00,521
naa1d601c361d,13094187,ミナト汐　＠光と構図のアトリエ,n_kazumai55633,2026-06-24T18:15:28.000+09:00,665
n34d6c85656ad,5527419,note量産メモ｜週3本・30分・AI活用,note_ryousan,2026-06-24T20:55:24.000+09:00,208
n34d6c85656ad,13829537,kirin3,kirin37,2026-06-24T20:45:25.000+09:00,53
n52e8a0b8d976,12377105,まるよか,yokayoka5103,2026-06-24T23:20:37.000+09:00,1427
n52e8a0b8d976,1218500,さくら,sakura_wellness,2026-06-24T23:13:47.000+09:00,1423
n52e8a0b8d976,12391716,もぐたんママ🎈|皆の笑顔を増やすnote@タラヲガールズ006,mogu0321_mam,2026-06-24T22:53:13.000+09:00,1659
n52e8a0b8d976,12624691,あん｜noteと遊ぶ,aging_gracefully,2026-06-24T22:41:51.000+09:00,1269
n52e8a0b8d976,13638553,まぐ。/ 公式裏アカウント 【まぐnet。】,fancy_impala8140,2026-06-24T22:34:55.000+09:00,317
n52e8a0b8d976,13732494,まぐ。,brainy_dog2534,2026-06-24T22:34:37.000+09:00,166
n52e8a0b8d976,10646763,雪国ゆり☃️薬学部文学科(獣医学選択),yuriri_love202,2026-06-24T22:30:24.000+09:00,487
n52e8a0b8d976,12607946,てぼっこ,tebocco_bocchi,2026-06-24T22:09:17.000+09:00,271
n52e8a0b8d976,13107123,ランマッスル,runmuscle_m,2026-06-24T21:47:27.000+09:00,5066
n52e8a0b8d976,4880137,りんごら,ringoraswitch,2026-06-24T21:42:06.000+09:00,356
n52e8a0b8d976,14338833,よはくの図書室,pure_garlic8158,2026-06-24T21:37:39.000+09:00,36
n52e8a0b8d976,13161722,おあつ,keen_pipit1182,2026-06-24T21:27:18.000+09:00,1640
n52e8a0b8d976,13900618,sophie,scribble_1000,2026-06-24T21:14:40.000+09:00,804
n52e8a0b8d976,13777980,しげちーSS,shjgechy,2026-06-24T21:12:07.000+09:00,527
n52e8a0b8d976,11837112,もぐら,mogurabooks,2026-06-24T21:07:49.000+09:00,256
n52e8a0b8d976,13613385,羅生門SKY,codex_strategy,2026-06-24T21:02:19.000+09:00,448
n52e8a0b8d976,5738970,営業fafa | note業界No.1営業マン,kohana1112,2026-06-24T20:59:09.000+09:00,1503
n52e8a0b8d976,5527419,note量産メモ｜週3本・30分・AI活用,note_ryousan,2026-06-24T20:55:25.000+09:00,208
n52e8a0b8d976,14614012,YOUSUKE,bold_ixia3870,2026-06-24T20:46:27.000+09:00,12
n52e8a0b8d976,13185774,るー ハレノイト,anexkanikitai,2026-06-24T20:43:36.000+09:00,995
n52e8a0b8d976,13927059,はる,haru_growth,2026-06-24T20:43:16.000+09:00,286
n52e8a0b8d976,12509184,Samurai@Hokkaido(サムライ＠北海道),brisk_fish7505,2026-06-24T20:43:05.000+09:00,1149
n52e8a0b8d976,14132723,せな｜無理しない低燃費生活,senanomainichi,2026-06-24T20:40:52.000+09:00,580
n52e8a0b8d976,12294290,Camellia Mountain,camellia_0821,2026-06-24T20:36:13.000+09:00,406
n52e8a0b8d976,12385127,超育休志向｜りさ ＆ ゆういち,comfamily_lab,2026-06-24T20:35:52.000+09:00,525
n52e8a0b8d976,13405464,木漏れ日亭,komorebi_tei,2026-06-24T20:34:57.000+09:00,631
n52e8a0b8d976,11543403,さとりのさとり,kopailog,2026-06-24T20:34:52.000+09:00,366
n52e8a0b8d976,11574500,ふらつき母ちゃん 〜今日も全力空回り！〜,dear_viper3924,2026-06-24T20:29:25.000+09:00,864
n52e8a0b8d976,10964378,ななな,nanaokuen_7777,2026-06-24T20:23:54.000+09:00,779
n52e8a0b8d976,11634537,ナオユキ｜物語と知識のコンシェルジュ,ai_naoyuki,2026-06-24T20:23:40.000+09:00,3141
n33c3786a8c0a,10646763,雪国ゆり☃️薬学部文学科(獣医学選択),yuriri_love202,2026-06-24T22:30:47.000+09:00,487
n33c3786a8c0a,5527419,note量産メモ｜週3本・30分・AI活用,note_ryousan,2026-06-24T20:55:25.000+09:00,208
n96fdd23e76b7,13777980,しげちーSS,shjgechy,2026-06-24T21:16:40.000+09:00,527
n96fdd23e76b7,5738970,営業fafa | note業界No.1営業マン,kohana1112,2026-06-24T21:05:33.000+09:00,1503
n96fdd23e76b7,8585328,嘉藤大之,hiroyuki_writer,2026-06-24T20:57:43.000+09:00,43
n96fdd23e76b7,5527419,note量産メモ｜週3本・30分・AI活用,note_ryousan,2026-06-24T20:55:26.000+09:00,208
n12a8431dc240,5527419,note量産メモ｜週3本・30分・AI活用,note_ryousan,2026-06-24T21:55:09.000+09:00,208
n2656b34564c8,12417301,すみれ,genial_wren230,2026-06-24T22:20:17.000+09:00,319
n52e8a0b8d976,13037359,丁寧な暮らし/生きやすさ探求家,gentle_gecko1078,2026-06-25T02:34:51.000+09:00,306
n52e8a0b8d976,13852441,アリゼロ🐜氷河期世代の働きアリ@自身が会社で経験してきた問題点や気づきを発信しています。,hataraku_ari999,2026-06-25T00:38:24.000+09:00,220
n52e8a0b8d976,14320627,hanatoshiki,hanatoshiki,2026-06-25T00:28:59.000+09:00,500
n52e8a0b8d976,13117181,ioRe⊹ ーいおりー｜身体・心・魂を三位一体として整えて“調律”するスピリチュアルセラピスト,iore888,2026-06-25T00:26:03.000+09:00,929
n52e8a0b8d976,12521570,しろのある,shirono_aru,2026-06-25T00:20:43.000+09:00,3858
n52e8a0b8d976,11484828,JAU |  臨床検査技師×医療副業,jau_jau1001,2026-06-24T23:53:52.000+09:00,1222
n01b5fd12d369,2490558,だんだんありがと@めじゅ,dandan_arigato19,2026-06-25T01:52:36.000+09:00,508
n34d6c85656ad,14024285,毛玉店長,crisp_rose3111,2026-06-25T05:00:00.000+09:00,219
n52e8a0b8d976,13870436,ママ薬剤師HONO（病院薬剤師）,hospital_ph_hono,2026-06-25T05:28:41.000+09:00,314
n52e8a0b8d976,12516832,和田雄三｜AI×心理ブランディングデザイナー,glad_dill2129,2026-06-25T05:25:19.000+09:00,906
n01664b3c25f0,13777980,しげちーSS,shjgechy,2026-06-25T06:09:41.000+09:00,527
na49497d205ac,10646763,雪国ゆり☃️薬学部文学科(獣医学選択),yuriri_love202,2026-06-25T06:04:30.000+09:00,487
n52e8a0b8d976,9361184,女無天(ミント),ting493,2026-06-25T11:17:26.000+09:00,159
n52e8a0b8d976,13066168,はるねずみ｜note副業０→１応援,kasegu5haru,2026-06-25T10:48:50.000+09:00,1643
n52e8a0b8d976,5528334,ヒトタラヲ,5959life,2026-06-25T08:52:52.000+09:00,4140
n52e8a0b8d976,8857122,うるるん,nice_daisy957,2026-06-25T07:58:57.000+09:00,1080
n52e8a0b8d976,11561590,かえるこ | Kaeruko,serene_pansy617,2026-06-25T07:46:01.000+09:00,4508
n33c3786a8c0a,13788268,さくらこ｜ゆらぎ肌に寄り添うノ ート ,hana_chan87,2026-06-25T09:36:17.000+09:00,854
n01664b3c25f0,13623901,あずなぶ〜る｜SNS弱者のnote戦略術,alive_here3686,2026-06-25T07:50:32.000+09:00,862
n11c371e0015b,14449095,飯島　恭𠮷,brainy_nerine615,2026-06-25T10:32:43.000+09:00,237
n34d6c85656ad,13777980,しげちーSS,shjgechy,2026-06-25T08:28:28.000+09:00,530
n52e8a0b8d976,13079732,ＣＯＯＬ,vast_tulip7937,2026-06-25T16:12:47.000+09:00,1150
n52e8a0b8d976,10750843,Takanashi（たかなし）,takanashi_note01,2026-06-25T16:05:21.000+09:00,1252
n52e8a0b8d976,12297006,みなてぃ,minaty_chronicle,2026-06-25T15:44:40.000+09:00,500
n52e8a0b8d976,12158291,考える赤柴,eager_thyme9842,2026-06-25T14:52:11.000+09:00,348
n52e8a0b8d976,13140757,雪詠｜ゆきよみ,yukiyomi,2026-06-25T14:25:52.000+09:00,845
n52e8a0b8d976,4509042,猫の父さん@トトとチー,cat48_1010,2026-06-25T12:46:10.000+09:00,415
n52e8a0b8d976,14363101,ゆ,yuuwa1046,2026-06-25T12:02:15.000+09:00,124
n52e8a0b8d976,13430194,あきまむ,fond_shark9221,2026-06-25T11:45:58.000+09:00,230
n52e8a0b8d976,13319066,ぺんこぺん＠児発管パパの伴走子育て,kokoro_hodoku,2026-06-25T11:40:56.000+09:00,33
n52e8a0b8d976,12157269,ken ｜ 完全無課金AI戦略 × note運営,noted_sheep3883,2026-06-25T00:00:23.000+09:00,3311
n96fdd23e76b7,10750843,Takanashi（たかなし）,takanashi_note01,2026-06-25T16:06:21.000+09:00,1252
n96fdd23e76b7,14861274,凪（なぎ）,nagi_restart,2026-06-25T15:46:32.000+09:00,195
ndc269b57911d,13140757,雪詠｜ゆきよみ,yukiyomi,2026-06-25T14:21:34.000+09:00,845
n12a8431dc240,10646763,雪国ゆり☃️薬学部文学科(獣医学選択),yuriri_love202,2026-06-25T12:33:00.000+09:00,490
naa1d601c361d,10305263,hon sora,hon_sora,2026-06-25T14:28:47.000+09:00,128
n01b5fd12d369,13366653,ぱぴさん,papi_san,2026-06-25T12:31:41.000+09:00,369
n7ce8072038fa,12146291,さとみん,pasato3667,2026-06-25T14:13:19.000+09:00,62
n73afa75820a4,12146291,さとみん,pasato3667,2026-06-25T14:11:37.000+09:00,62
n043353896aed,12146291,さとみん,pasato3667,2026-06-25T14:10:02.000+09:00,62
nc6d374808a84,12146291,さとみん,pasato3667,2026-06-25T14:08:45.000+09:00,62
nd1c61280f3f9,12146291,さとみん,pasato3667,2026-06-25T14:07:40.000+09:00,62
n52e8a0b8d976,4091932,visage スゲノヨシノリ＠hybrid photographer mikiの未来会議,yoshinori1528,2026-06-25T19:01:31.000+09:00,1056
n52e8a0b8d976,3598618,はしゃも｜感情構造エンジニア,hasyamo,2026-06-25T18:08:48.000+09:00,521
n52e8a0b8d976,11474190,断罪と慈愛の歌詠み師 UTAKO,bold_slug9390,2026-06-25T18:01:02.000+09:00,566
n33c3786a8c0a,9318969,グローストリガー株式会社,growthtrigger,2026-06-25T19:06:50.000+09:00,90
n96fdd23e76b7,12771942,KOU🍀｜noteを育てて収益化,kou_seiho,2026-06-25T19:44:30.000+09:00,841
n96fdd23e76b7,11589350,まめぼうず | 40代でADHDと向き合う会社員,tahmit372421,2026-06-25T19:13:23.000+09:00,8
ndc269b57911d,13777980,しげちーSS,shjgechy,2026-06-25T19:05:53.000+09:00,529
naa1d601c361d,12607946,てぼっこ,tebocco_bocchi,2026-06-25T17:19:29.000+09:00,271
n4fb7eb7c3827,12377105,まるよか,yokayoka5103,2026-06-25T17:06:15.000+09:00,1429
n64f9025fc2d4,12417301,すみれ,genial_wren230,2026-06-25T19:46:48.000+09:00,320
n52e8a0b8d976,12949168,不真面目小児科医　しうまい,misasyu5,2026-06-25T22:17:11.000+09:00,613
n52e8a0b8d976,12025111,七転八起,shichitenhakki0,2026-06-25T21:22:21.000+09:00,750
n52e8a0b8d976,5513805,カナミン｜AIと迷いながら、進む人,kanamin26,2026-06-25T21:10:55.000+09:00,816
n6a6731b1bb07,10621369,そっとねこ,sottoneko,2026-06-25T23:19:09.000+09:00,767
n6a6731b1bb07,14509888,ぽん,pillows_saikyou,2026-06-25T23:14:38.000+09:00,27
n6a6731b1bb07,12949168,不真面目小児科医　しうまい,misasyu5,2026-06-25T23:09:19.000+09:00,613
n6a6731b1bb07,12516832,和田雄三｜AI×心理ブランディングデザイナー,glad_dill2129,2026-06-25T22:50:06.000+09:00,907
n6a6731b1bb07,14132723,せな｜無理しない低燃費生活,senanomainichi,2026-06-25T22:36:10.000+09:00,579
n6a6731b1bb07,2112135,鈴木綾真,aliveone,2026-06-25T22:24:24.000+09:00,63
n6a6731b1bb07,12616964,やきのりねこ,ideal_ruff5570,2026-06-25T21:48:29.000+09:00,665
n6a6731b1bb07,11837112,もぐら,mogurabooks,2026-06-25T21:46:47.000+09:00,259
n6a6731b1bb07,13161722,おあつ,keen_pipit1182,2026-06-25T21:46:34.000+09:00,1648
n6a6731b1bb07,13788268,さくらこ｜ゆらぎ肌に寄り添うノ ート ,hana_chan87,2026-06-25T21:46:06.000+09:00,861
n6a6731b1bb07,8166572,ひゅー｜AI×分析｜考察と思考整理を楽しむ。note,hyu_nisworks,2026-06-25T21:42:20.000+09:00,459
n6a6731b1bb07,5513805,カナミン｜AIと迷いながら、進む人,kanamin26,2026-06-25T21:11:35.000+09:00,816
n6a6731b1bb07,12668465,紅茶🫖｜ことばの庭,usagi_no_mimi_,2026-06-25T21:04:18.000+09:00,200
n6a6731b1bb07,13623901,あずなぶ〜る｜SNS弱者のnote戦略術,alive_here3686,2026-06-25T21:03:53.000+09:00,863
n6a6731b1bb07,12568539,satoyu｜ゆるガチおうち英語,yurugachienglish,2026-06-25T20:57:16.000+09:00,594
n6a6731b1bb07,13545462,beyondの旦那の方｜Cozy Cafe & Bar beyond店主,nizi_no_mukouhe,2026-06-25T20:52:20.000+09:00,183
n6a6731b1bb07,13628596,あちゃぴん,ready_toucan740,2026-06-25T20:49:19.000+09:00,167
n6a6731b1bb07,10646763,雪国ゆり☃️薬学部文学科(獣医学選択),yuriri_love202,2026-06-25T20:42:27.000+09:00,493
n6a6731b1bb07,14227021,Elmi,fit_fox3785,2026-06-25T20:40:20.000+09:00,386
n6a6731b1bb07,5330022,Marie | まりーの小さな⚙️歯車⚙️ラボ🔬,marie_222,2026-06-25T20:36:56.000+09:00,45
n6a6731b1bb07,13107123,ランマッスル,runmuscle_m,2026-06-25T20:34:58.000+09:00,5132
n6a6731b1bb07,12885894,taka,agile_heron3163,2026-06-25T20:32:17.000+09:00,646
n6a6731b1bb07,13638553,まぐ。/ 公式裏アカウント 【まぐnet。】,fancy_impala8140,2026-06-25T20:30:57.000+09:00,315
n96fdd23e76b7,11063626,ソイ registered nurse in Australia,hellotosoybean,2026-06-25T22:36:43.000+09:00,177
n01b5fd12d369,12607946,てぼっこ,tebocco_bocchi,2026-06-25T20:23:58.000+09:00,273
n6a6731b1bb07,12158291,考える赤柴,eager_thyme9842,2026-06-26T00:30:28.000+09:00,349
n6a6731b1bb07,13066168,はるねずみ｜note副業０→１応援,kasegu5haru,2026-06-26T00:09:20.000+09:00,1644
n6a6731b1bb07,13788701,もりえり。,eriko_window,2026-06-25T23:43:42.000+09:00,95
n6a6731b1bb07,11574500,ふらつき母ちゃん 〜今日も全力空回り！〜,dear_viper3924,2026-06-25T23:40:12.000+09:00,865
n6a6731b1bb07,13405464,木漏れ日亭,komorebi_tei,2026-06-25T23:26:15.000+09:00,633
n01b5fd12d369,13066168,はるねずみ｜note副業０→１応援,kasegu5haru,2026-06-26T00:07:49.000+09:00,1644
n6a6731b1bb07,10964378,ななな,nanaokuen_7777,2026-06-26T06:40:44.000+09:00,779
n00640192fdd7,12377105,まるよか,yokayoka5103,2026-06-26T05:07:33.000+09:00,1430
n9fdb67cbc454,12377105,まるよか,yokayoka5103,2026-06-26T05:03:59.000+09:00,1430
n968647e16cb9,12377105,まるよか,yokayoka5103,2026-06-26T05:00:13.000+09:00,1430
n44290178be17,12377105,まるよか,yokayoka5103,2026-06-26T04:39:38.000+09:00,1430
n52e8a0b8d976,4472775,あまね〘ฅ՞•ﻌ•՞ฅฅ^•ﻌ•^ฅ〙,almabrillante,2026-06-26T23:28:54.000+09:00,888
n52e8a0b8d976,13759227,観測者たち｜主導権を回収する思想ログ,kansoku_changes,2026-06-26T23:08:12.000+09:00,20
n52e8a0b8d976,7723365,Wuta,wuta_jp,2026-06-26T22:11:17.000+09:00,30
n52e8a0b8d976,12862908,ジャスティス,agile_moraea2131,2026-06-26T20:55:57.000+09:00,225
n52e8a0b8d976,14702933,ならぎゃらっぱ,clear_avocet1806,2026-06-26T20:52:27.000+09:00,120
n52e8a0b8d976,3954503,limn withR,limn_with_r,2026-06-26T19:49:41.000+09:00,97
n52e8a0b8d976,8166572,ひゅー｜AI×分析｜考察と思考整理を楽しむ。note,hyu_nisworks,2026-06-26T17:18:14.000+09:00,457
n52e8a0b8d976,12968466,symphony,joyful_pothos920,2026-06-26T09:06:47.000+09:00,1
n6a6731b1bb07,7723365,Wuta,wuta_jp,2026-06-26T22:11:19.000+09:00,30
n6a6731b1bb07,12168733,Kyosuke（みんなのWeb屋さん）,kyosuke_create,2026-06-26T21:34:27.000+09:00,124
n6a6731b1bb07,13777980,しげちーSS,shjgechy,2026-06-26T21:19:39.000+09:00,535
n6a6731b1bb07,12847647,黒野,kuro_yuki2025,2026-06-26T20:55:24.000+09:00,420
n6a6731b1bb07,7638556,たかっち,legacy9999,2026-06-26T20:29:03.000+09:00,3974
n6a6731b1bb07,12607946,てぼっこ,tebocco_bocchi,2026-06-26T19:17:50.000+09:00,274
n6a6731b1bb07,10517876,向日葵じまにゃん🌻,jimanyan,2026-06-26T16:31:51.000+09:00,1960
n6a6731b1bb07,14454680,スイミー,suisui_swimmy,2026-06-26T10:34:33.000+09:00,154
n6a6731b1bb07,11561590,かえるこ | Kaeruko,serene_pansy617,2026-06-26T10:19:16.000+09:00,4530
n6a6731b1bb07,13900618,sophie,scribble_1000,2026-06-26T09:20:38.000+09:00,806
n6a6731b1bb07,12968466,symphony,joyful_pothos920,2026-06-26T09:06:45.000+09:00,1
n6a6731b1bb07,13613385,羅生門SKY,codex_strategy,2026-06-26T09:06:25.000+09:00,450
n6a6731b1bb07,12025111,七転八起,shichitenhakki0,2026-06-26T08:44:07.000+09:00,751
n6a6731b1bb07,11484828,JAU |  臨床検査技師×医療副業,jau_jau1001,2026-06-26T08:18:39.000+09:00,1229
n6a6731b1bb07,11828830,みっちぃ|子供と一緒に成長したい2児の父,pure_bear1643,2026-06-26T08:13:57.000+09:00,434
n6a6731b1bb07,14363101,ゆ,yuuwa1046,2026-06-26T07:49:31.000+09:00,129
n6a6731b1bb07,13347300,ビビり社長｜静かな起業論🦉,bibiri_kigyo,2026-06-26T07:36:27.000+09:00,45
n6a6731b1bb07,4877017,須川元介/情報翻訳家,skagenavi,2026-06-26T07:15:40.000+09:00,2383
n6a6731b1bb07,13236272,ZAKKY −営業サポート,mild_stoat3315,2026-06-26T07:00:50.000+09:00,282
n33c3786a8c0a,12968466,symphony,joyful_pothos920,2026-06-26T09:06:46.000+09:00,1
n96fdd23e76b7,14066464,hasirunikudanngo,hasirunikudanngo,2026-06-26T21:09:04.000+09:00,228
n96fdd23e76b7,3954503,limn withR,limn_with_r,2026-06-26T19:52:39.000+09:00,97
n96fdd23e76b7,12968466,symphony,joyful_pothos920,2026-06-26T09:06:51.000+09:00,1
n96fdd23e76b7,8401402,たよろよろ図書館DATABASE,fair_impala134,2026-06-26T08:57:54.000+09:00,25801
n01664b3c25f0,12968466,symphony,joyful_pothos920,2026-06-26T09:06:55.000+09:00,1
ndc269b57911d,14066464,hasirunikudanngo,hasirunikudanngo,2026-06-26T21:10:29.000+09:00,228
ndc269b57911d,12968466,symphony,joyful_pothos920,2026-06-26T09:06:57.000+09:00,1
n7170484aebb5,13079732,ＣＯＯＬ,vast_tulip7937,2026-06-26T23:27:01.000+09:00,1151
na49497d205ac,13613385,羅生門SKY,codex_strategy,2026-06-26T09:06:44.000+09:00,450
ne1a87d5b28a6,13079732,ＣＯＯＬ,vast_tulip7937,2026-06-26T23:32:26.000+09:00,1151
n31b4a8a30372,13900618,sophie,scribble_1000,2026-06-26T11:36:57.000+09:00,806
n31b4a8a30372,13613385,羅生門SKY,codex_strategy,2026-06-26T09:07:11.000+09:00,450
nbc381a3c6979,14748941,毎日の知恵の黄金サイクル,takahiro_acnh,2026-06-26T07:22:02.000+09:00,27
n52e8a0b8d976,11614034,フォロバ100 フォロワー1万人まで,leal_phlox1443,2026-06-27T00:20:09.000+09:00,1088
n6a6731b1bb07,12624691,あん｜noteと遊ぶ,aging_gracefully,2026-06-27T01:44:32.000+09:00,1275
n96fdd23e76b7,11614034,フォロバ100 フォロワー1万人まで,leal_phlox1443,2026-06-27T00:20:11.000+09:00,1088
n6a6731b1bb07,3608968,KITAcore｜キタコレ＠ログプレイヤー,ktcrs1107,2026-06-27T04:59:03.000+09:00,1577
n52e8a0b8d976,12815820,ゆらり🌸🫧　🫶✨,huge_coot6820,2026-06-27T11:58:21.000+09:00,1420
n52e8a0b8d976,14617235,MOMO,khkrahr,2026-06-27T07:59:06.000+09:00,411
n6a6731b1bb07,11878886,きゅう｜暮らしととのえLabo,dear_duck9350,2026-06-27T10:27:32.000+09:00,2063
n6a6731b1bb07,11897079,ことたね@「感情の言語化」で整える☘️年子ワーママ♡,genial_ram4816,2026-06-27T10:15:10.000+09:00,880
n6a6731b1bb07,12410295,フクのすけ｜遠距離恋愛×人生改善,shiba_pochi,2026-06-27T08:20:14.000+09:00,1090
n6a6731b1bb07,14221497,東京ダンススタジオ比較ナビ,tokyostudionavi,2026-06-27T08:07:22.000+09:00,94
n6a6731b1bb07,14617235,MOMO,khkrahr,2026-06-27T07:59:08.000+09:00,411
n96fdd23e76b7,14705023,じい｜今日も副業勉強中,fukugyo_ji_3,2026-06-27T11:35:46.000+09:00,249
n96fdd23e76b7,11878886,きゅう｜暮らしととのえLabo,dear_duck9350,2026-06-27T10:22:09.000+09:00,2063
n01664b3c25f0,2490558,だんだんありがと@めじゅ,dandan_arigato19,2026-06-27T12:08:05.000+09:00,529
n12a8431dc240,11576049,のぞみん｜揺れる乙女、44歳,nozominnote,2026-06-27T08:56:39.000+09:00,2965
n3a81bf1e64bd,14705023,じい｜今日も副業勉強中,fukugyo_ji_3,2026-06-27T11:37:56.000+09:00,249
n34d6c85656ad,4767355,渡辺ひろゆき@fatdesign,fatdesign,2026-06-27T13:21:13.000+09:00,108
n52e8a0b8d976,13737067,アユム｜副業全敗した元国家公務員→副業初心者のサポーター,ayumu_ai,2026-06-27T16:14:36.000+09:00,1498
n52e8a0b8d976,12168733,Kyosuke（みんなのWeb屋さん）,kyosuke_create,2026-06-27T14:15:42.000+09:00,124
n6a6731b1bb07,14313549,TRUNK BUY 公式Journal,trunk_buy,2026-06-27T16:06:54.000+09:00,1138
n52e8a0b8d976,13312115,りぼんぼん,sankasei,2026-06-27T19:17:00.000+09:00,60
n6a6731b1bb07,12992894,Sanraku,sanraku01,2026-06-27T19:12:42.000+09:00,712
n6a6731b1bb07,12376062,ういまる,witty_eider9036,2026-06-27T17:05:02.000+09:00,502
n2574b6773bc0,12294290,Camellia Mountain,camellia_0821,2026-06-27T17:36:43.000+09:00,409
ncab44d577d26,5330022,Marie | まりーの小さな⚙️歯車⚙️ラボ🔬,marie_222,2026-06-27T17:37:31.000+09:00,46
n44d64b72a806,6905415,豹子頭 林冲,hyousitou,2026-06-27T19:13:44.000+09:00,278
n44d64b72a806,5330022,Marie | まりーの小さな⚙️歯車⚙️ラボ🔬,marie_222,2026-06-27T17:31:08.000+09:00,46
n44d64b72a806,13079732,ＣＯＯＬ,vast_tulip7937,2026-06-27T17:01:01.000+09:00,1153
n52e8a0b8d976,13652594,ほわ｜フォトグラファー,howa_,2026-06-27T21:55:47.000+09:00,1265
n52e8a0b8d976,10091607,🔔Bell note,bellshacho,2026-06-27T21:55:36.000+09:00,2054
n52e8a0b8d976,14033454,するめ：note📖　0→1達成✨️,sulume1220,2026-06-27T21:28:10.000+09:00,45
n52e8a0b8d976,12184556,空波DX100%,happy_echium7563,2026-06-27T21:23:00.000+09:00,7337
n52e8a0b8d976,10175064,雪綴ゆき,wise_rat6355,2026-06-27T20:21:15.000+09:00,6626
n52e8a0b8d976,2364826,andy｜投資・仕事・noteをデータで育てている人,andrewwaldfeld,2026-06-27T20:05:23.000+09:00,852
n111fbfc22da3,10964378,ななな,nanaokuen_7777,2026-06-27T22:17:33.000+09:00,782
n111fbfc22da3,13941211,レモン　数奇な人生を楽しむミドルおじ,lemongus,2026-06-27T22:06:12.000+09:00,462
n111fbfc22da3,13900618,sophie,scribble_1000,2026-06-27T22:02:40.000+09:00,805
n111fbfc22da3,12417301,すみれ,genial_wren230,2026-06-27T22:02:00.000+09:00,323
n111fbfc22da3,10390902,ちかよりみち@🇩🇪ドイツ生活攻略家,chikayorimichi_5,2026-06-27T21:56:01.000+09:00,1114
n111fbfc22da3,13613385,羅生門SKY,codex_strategy,2026-06-27T21:55:51.000+09:00,450
n111fbfc22da3,5738970,営業fafa | note業界No.1営業マン,kohana1112,2026-06-27T21:52:41.000+09:00,1522
n111fbfc22da3,13107123,ランマッスル,runmuscle_m,2026-06-27T21:52:14.000+09:00,5228
n111fbfc22da3,14449095,飯島　恭𠮷,brainy_nerine615,2026-06-27T21:51:45.000+09:00,253
n111fbfc22da3,13287104,オレナリ@いつか線になる旅の手記,noted_swan1353,2026-06-27T21:50:20.000+09:00,515
n111fbfc22da3,12668465,紅茶🫖｜ことばの庭,usagi_no_mimi_,2026-06-27T21:49:17.000+09:00,209
n111fbfc22da3,13079732,ＣＯＯＬ,vast_tulip7937,2026-06-27T21:43:57.000+09:00,1155
n111fbfc22da3,11931484,SOP,q_thedog2,2026-06-27T21:43:19.000+09:00,950
n111fbfc22da3,6781246,全力限界駅員👩🏻‍✈️100日連続投稿達成した人,lovely_ixora10,2026-06-27T21:33:03.000+09:00,727
n111fbfc22da3,9489656,MeGood,megood_1028,2026-06-27T21:32:47.000+09:00,61
n111fbfc22da3,14236429,もち子｜リアル体験記,mochiko_real,2026-06-27T21:32:13.000+09:00,233
n111fbfc22da3,1909619,シゲク@note収益化全力応援,shigekumasaku,2026-06-27T21:29:42.000+09:00,6467
n111fbfc22da3,14033454,するめ：note📖　0→1達成✨️,sulume1220,2026-06-27T21:29:06.000+09:00,45
n111fbfc22da3,11848158,ゆき｜Webライター兼ブロガー,yorozu_note,2026-06-27T21:17:38.000+09:00,1162
n111fbfc22da3,5513805,カナミン｜AIと迷いながら、進む人,kanamin26,2026-06-27T21:05:32.000+09:00,826
n111fbfc22da3,12771942,KOU🍀｜noteを育てて収益化,kou_seiho,2026-06-27T20:53:35.000+09:00,849
n111fbfc22da3,4877017,須川元介/情報翻訳家,skagenavi,2026-06-27T20:51:33.000+09:00,2385
n111fbfc22da3,13941190,K. 🌙 秘密の夜note,k_yorunote,2026-06-27T20:49:13.000+09:00,42
n111fbfc22da3,11634537,ナオユキ｜物語と知識のコンシェルジュ,ai_naoyuki,2026-06-27T20:43:44.000+09:00,3170
n111fbfc22da3,5330022,Marie | まりーの小さな⚙️歯車⚙️ラボ🔬,marie_222,2026-06-27T20:42:27.000+09:00,46
n111fbfc22da3,2869414,埼玉の裏仕事人,kiitto1968,2026-06-27T20:40:54.000+09:00,136
n111fbfc22da3,12568539,satoyu｜ゆるガチおうち英語,yurugachienglish,2026-06-27T20:37:16.000+09:00,601
n6a6731b1bb07,13281186,さくさく|人生の不安に寄り添う相談室,jidoukan_judge,2026-06-27T21:10:15.000+09:00,1841
n6a6731b1bb07,10750843,Takanashi（たかなし）,takanashi_note01,2026-06-27T20:49:38.000+09:00,1258
n6a6731b1bb07,11474190,断罪と慈愛の歌詠み師 UTAKO,bold_slug9390,2026-06-27T19:50:03.000+09:00,572
n6a6731b1bb07,8584460,みむら＠チリツモチャレンジャー,mimu_labo922,2026-06-27T19:42:44.000+09:00,1059
n96fdd23e76b7,10175064,雪綴ゆき,wise_rat6355,2026-06-27T20:21:13.000+09:00,6626
n01b5fd12d369,14080392,長坂　珠子,nagasaka_tamako,2026-06-27T21:53:52.000+09:00,108
n9f47d9875674,8537617,Nantoも,unoxm_jh9ifv,2026-06-27T22:20:01.000+09:00,28
n52e8a0b8d976,14080392,長坂　珠子,nagasaka_tamako,2026-06-28T01:21:38.000+09:00,110
n52e8a0b8d976,11359513,TEAM LILITH & AMI｜安達,takayukiadachi,2026-06-28T00:34:59.000+09:00,989
n111fbfc22da3,14902600,ふくまる｜会社員の副業研究室,brisk_orchid2018,2026-06-28T01:55:21.000+09:00,2
n111fbfc22da3,8702952,禁断のニョロうさぎ,nyoro_usagi,2026-06-28T01:42:51.000+09:00,521
n111fbfc22da3,14339048,ちゅうねんちゃうねん,nifty_dog4887,2026-06-28T01:19:48.000+09:00,836
n111fbfc22da3,10616245,賢者の羅針盤：こぐまパパが大切な人に伝えておきたいこと,fast_python9301,2026-06-28T01:13:52.000+09:00,2506
n111fbfc22da3,13137374,宇宙珍獣🦄🌬️ユル勇者あかね,lovely_rose3365,2026-06-28T01:01:32.000+09:00,1766
n111fbfc22da3,11028638,なーたん/元・路線バス運転士,sefd_98,2026-06-28T00:41:18.000+09:00,942
n111fbfc22da3,12158291,考える赤柴,eager_thyme9842,2026-06-28T00:39:03.000+09:00,357
n111fbfc22da3,11193762,ナツ,mute_plover6816,2026-06-28T00:36:15.000+09:00,373
n111fbfc22da3,11359513,TEAM LILITH & AMI｜安達,takayukiadachi,2026-06-28T00:31:12.000+09:00,989
n111fbfc22da3,13737067,アユム｜副業全敗した元国家公務員→副業初心者のサポーター,ayumu_ai,2026-06-28T00:19:23.000+09:00,1505
n111fbfc22da3,14934268,新卒　ふみ,humihumi9746,2026-06-28T00:18:25.000+09:00,1
n111fbfc22da3,13876278,オペラ⭐️,lithe_chimp2415,2026-06-28T00:18:11.000+09:00,161
n111fbfc22da3,12377105,まるよか,yokayoka5103,2026-06-28T00:14:24.000+09:00,1439
n111fbfc22da3,11314114,だいごす,lofty_tulip9206,2026-06-28T00:10:44.000+09:00,791
n111fbfc22da3,13117181,ioRe⊹ ーいおりー｜身体・心・魂を三位一体として整えて“調律”するスピリチュアルセラピスト,iore888,2026-06-28T00:10:21.000+09:00,945
n111fbfc22da3,5828006,まなつ/突出マイノリティ列伝,tosshutsu_m,2026-06-28T00:08:34.000+09:00,6767
n111fbfc22da3,14018893,Yzk 人間関係の重荷を軽くする,kazuyaf44,2026-06-28T00:00:08.000+09:00,1303
n111fbfc22da3,11484828,JAU |  臨床検査技師×医療副業,jau_jau1001,2026-06-27T23:54:41.000+09:00,1233
n111fbfc22da3,13777980,しげちーSS,shjgechy,2026-06-27T23:32:43.000+09:00,538
n111fbfc22da3,12157269,ken ｜ 完全無課金AI戦略 × note運営,noted_sheep3883,2026-06-27T23:26:30.000+09:00,3354
n111fbfc22da3,13887540,ひろ🐥note書くママ10部達成🎉,alert_viper234,2026-06-27T23:26:18.000+09:00,463
n111fbfc22da3,12385127,超育休志向｜りさ ＆ ゆういち,comfamily_lab,2026-06-27T23:21:05.000+09:00,529
n111fbfc22da3,7723365,Wuta,wuta_jp,2026-06-27T23:14:43.000+09:00,33
n111fbfc22da3,13822045,エヌエー、リハ（N.A rehab）｜理学療法士×循環×呼吸×内部障害,major_fowl9421,2026-06-27T23:13:24.000+09:00,884
n111fbfc22da3,12542460,SAM | 読書noter | 読書会コーディネーター,sam_36_,2026-06-27T23:11:52.000+09:00,183
n111fbfc22da3,10175064,雪綴ゆき,wise_rat6355,2026-06-27T23:10:37.000+09:00,6627
n111fbfc22da3,13797090,目覚ましを捨てた5時起き人間｜思考が変わる毎日エッセイ,honest_spirea390,2026-06-27T23:09:21.000+09:00,410
n111fbfc22da3,7042335,ととのえびと,kind_pansy197,2026-06-27T23:08:09.000+09:00,329
n111fbfc22da3,14605243,デジくらし,witty_minnow3439,2026-06-27T23:04:21.000+09:00,3
n111fbfc22da3,11632965,星川初稿,shokoutan,2026-06-27T22:49:49.000+09:00,1472
n111fbfc22da3,13133778,【無名 S note】18日でフォロワー1000名🚨連続収益中！！⚠40強・7共マガ運営 参加40🙆,ss_yr,2026-06-27T22:49:27.000+09:00,1833
n111fbfc22da3,11828830,みっちぃ|子供と一緒に成長したい2児の父,pure_bear1643,2026-06-27T22:48:35.000+09:00,435
n111fbfc22da3,14257282,ドイル,dandy_snake880,2026-06-27T22:45:44.000+09:00,656
n111fbfc22da3,14363101,ゆ,yuuwa1046,2026-06-27T22:41:03.000+09:00,129
n111fbfc22da3,10517876,向日葵じまにゃん🌻,jimanyan,2026-06-27T22:36:27.000+09:00,1956
n111fbfc22da3,13862901,SORA,sora_mirai,2026-06-27T22:30:59.000+09:00,31
n6a6731b1bb07,1823248,白亜紀子のOL調査書　　　　　　　　　　　　（画像型レポート）,astroattack,2026-06-28T01:15:16.000+09:00,1228
n6a6731b1bb07,5828006,まなつ/突出マイノリティ列伝,tosshutsu_m,2026-06-28T00:11:56.000+09:00,6767
n6a6731b1bb07,13077338,404（遠野暦）,kurousa103,2026-06-28T00:01:38.000+09:00,450
n6a6731b1bb07,10175064,雪綴ゆき,wise_rat6355,2026-06-27T23:10:35.000+09:00,6627
n6a6731b1bb07,13133778,【無名 S note】18日でフォロワー1000名🚨連続収益中！！⚠40強・7共マガ運営 参加40🙆,ss_yr,2026-06-27T22:51:35.000+09:00,1833
n6a6731b1bb07,12032174,yayachico,open_magpie7814,2026-06-27T22:46:03.000+09:00,116
n33c3786a8c0a,1823248,白亜紀子のOL調査書　　　　　　　　　　　　（画像型レポート）,astroattack,2026-06-28T01:15:21.000+09:00,1228
n96fdd23e76b7,1823248,白亜紀子のOL調査書　　　　　　　　　　　　（画像型レポート）,astroattack,2026-06-28T01:15:20.000+09:00,1228
n01664b3c25f0,1823248,白亜紀子のOL調査書　　　　　　　　　　　　（画像型レポート）,astroattack,2026-06-28T01:15:18.000+09:00,1228
ndc269b57911d,1823248,白亜紀子のOL調査書　　　　　　　　　　　　（画像型レポート）,astroattack,2026-06-28T01:15:24.000+09:00,1228
n12a8431dc240,1823248,白亜紀子のOL調査書　　　　　　　　　　　　（画像型レポート）,astroattack,2026-06-28T01:15:25.000+09:00,1228
n2656b34564c8,1823248,白亜紀子のOL調査書　　　　　　　　　　　　（画像型レポート）,astroattack,2026-06-28T01:15:27.000+09:00,1228
n4b45540fc238,1823248,白亜紀子のOL調査書　　　　　　　　　　　　（画像型レポート）,astroattack,2026-06-28T01:15:29.000+09:00,1228
n11c371e0015b,1823248,白亜紀子のOL調査書　　　　　　　　　　　　（画像型レポート）,astroattack,2026-06-28T01:15:30.000+09:00,1228
n7170484aebb5,1823248,白亜紀子のOL調査書　　　　　　　　　　　　（画像型レポート）,astroattack,2026-06-28T01:15:31.000+09:00,1228
n57cfd1c0e046,1823248,白亜紀子のOL調査書　　　　　　　　　　　　（画像型レポート）,astroattack,2026-06-28T01:15:35.000+09:00,1228
n03996f26c637,1823248,白亜紀子のOL調査書　　　　　　　　　　　　（画像型レポート）,astroattack,2026-06-28T01:15:34.000+09:00,1228
n52e534bf0411,1823248,白亜紀子のOL調査書　　　　　　　　　　　　（画像型レポート）,astroattack,2026-06-28T01:15:33.000+09:00,1228
na49497d205ac,1823248,白亜紀子のOL調査書　　　　　　　　　　　　（画像型レポート）,astroattack,2026-06-28T01:15:38.000+09:00,1228
naa1d601c361d,1823248,白亜紀子のOL調査書　　　　　　　　　　　　（画像型レポート）,astroattack,2026-06-28T01:15:40.000+09:00,1228
naa1d601c361d,11073467,fuーmin,royal_sheep2734,2026-06-27T22:32:15.000+09:00,280
ne111366585e1,12949168,不真面目小児科医　しうまい,misasyu5,2026-06-28T00:28:49.000+09:00,621
ncab44d577d26,12949168,不真面目小児科医　しうまい,misasyu5,2026-06-28T01:13:53.000+09:00,621
n6f1916d32f42,14080392,長坂　珠子,nagasaka_tamako,2026-06-28T01:22:44.000+09:00,110
n0f97df989e1e,13777980,しげちーSS,shjgechy,2026-06-27T23:43:17.000+09:00,538
n111fbfc22da3,8584460,みむら＠チリツモチャレンジャー,mimu_labo922,2026-06-28T06:17:49.000+09:00,1062
n111fbfc22da3,10523183,カサンドラ,deft_duck380,2026-06-28T06:11:08.000+09:00,168
n111fbfc22da3,14492427,晴れた日が好き,open_smile1516,2026-06-28T06:07:57.000+09:00,131
n111fbfc22da3,14623918,五十嵐カヲル｜探求と考察の部屋,igarashi_kaworu,2026-06-28T05:14:06.000+09:00,789
n111fbfc22da3,12516832,和田雄三｜AI×心理ブランディングデザイナー,glad_dill2129,2026-06-28T05:10:26.000+09:00,917
n111fbfc22da3,9540218,2年後フリーランスになる　ワーママフルタイム保育士の日常,nifty_mint9730,2026-06-28T04:34:24.000+09:00,549
n111fbfc22da3,13176209,オクオク君(億万長者君),honest_flax8068,2026-06-28T03:29:12.000+09:00,1301
n111fbfc22da3,13852441,アリゼロ🐜氷河期世代の働きアリ@自身が会社で経験してきた問題点や気づきを発信しています。,hataraku_ari999,2026-06-28T03:21:45.000+09:00,236
n57cfd1c0e046,12377105,まるよか,yokayoka5103,2026-06-28T06:23:37.000+09:00,1440
n03996f26c637,12377105,まるよか,yokayoka5103,2026-06-28T06:23:28.000+09:00,1440
n52e534bf0411,12377105,まるよか,yokayoka5103,2026-06-28T06:23:12.000+09:00,1440
naa1d601c361d,12377105,まるよか,yokayoka5103,2026-06-28T06:22:36.000+09:00,1440
n52e8a0b8d976,14124940,mariko ,crisp_bear6729,2026-06-28T12:16:50.000+09:00,130
n52e8a0b8d976,7301605,てん｜小学6年生,tenn_agriculture,2026-06-28T11:26:22.000+09:00,141
n52e8a0b8d976,14574167,ラク/サイドFIREしたい人,raku89,2026-06-28T10:30:13.000+09:00,64
n52e8a0b8d976,837955,ふくふく,fukuzou,2026-06-28T07:02:02.000+09:00,2794
n111fbfc22da3,14498955,ヒッピーさん｜副業に疲れたら遊びに来てね,hippy_side_days,2026-06-28T13:47:51.000+09:00,250
n111fbfc22da3,12624691,あん｜noteと遊ぶ,aging_gracefully,2026-06-28T13:45:15.000+09:00,1278
n111fbfc22da3,3608968,KITAcore｜キタコレ＠ログプレイヤー,ktcrs1107,2026-06-28T13:44:43.000+09:00,1582
n111fbfc22da3,1277459,TOSHIO@現役ITエンジニア,toshio1983,2026-06-28T13:41:10.000+09:00,127
n111fbfc22da3,14478539,goingyourday,goingyourday,2026-06-28T13:17:04.000+09:00,71
n111fbfc22da3,2772541,あや｜会社員のAI副業術,aya_0101,2026-06-28T13:11:32.000+09:00,785
n111fbfc22da3,14509096,紀霊スズヤ,hearty_flea3282,2026-06-28T13:11:30.000+09:00,435
n111fbfc22da3,14168839,オルカのひとりごと,nifty_crab7027,2026-06-28T12:52:03.000+09:00,206
n111fbfc22da3,14933854,トムトム,tomutomu_health,2026-06-28T12:50:57.000+09:00,0
n111fbfc22da3,9087799,Hirockn,hirockn,2026-06-28T12:39:20.000+09:00,698
n111fbfc22da3,13954401,福助,mute_ruff1546,2026-06-28T12:36:20.000+09:00,759
n111fbfc22da3,9459011,KENT｜note・kindle挑戦中の再起録,kentkindle,2026-06-28T12:24:56.000+09:00,320
n111fbfc22da3,14124940,mariko ,crisp_bear6729,2026-06-28T12:13:16.000+09:00,130
n111fbfc22da3,10821511,DAIKIMASUZAKI,daikimasuzaki,2026-06-28T12:03:46.000+09:00,44
n111fbfc22da3,6275539,ろん｜中国赴任×自己成長,long_cheng,2026-06-28T12:02:32.000+09:00,285
n111fbfc22da3,4398353,nissy,nissy249,2026-06-28T11:59:47.000+09:00,202
n111fbfc22da3,13303596,DREAM FUTURE,dreamfuture_41,2026-06-28T11:52:11.000+09:00,211
n111fbfc22da3,12775322,カワムラ｜AI擬人化漫画 | ChatGPTのヨシダ,chatgpt_ysd,2026-06-28T11:31:16.000+09:00,1995
n111fbfc22da3,10091607,🔔Bell note,bellshacho,2026-06-28T11:29:36.000+09:00,2055
n111fbfc22da3,13623901,あずなぶ〜る｜SNS弱者のnote戦略術,alive_here3686,2026-06-28T11:19:58.000+09:00,868
n111fbfc22da3,13792780,営業パパ,eigyopapa,2026-06-28T11:14:07.000+09:00,1727
n111fbfc22da3,13574007,🍀ベンジャミン🍀,noble_spirea7217,2026-06-28T11:10:46.000+09:00,995
n111fbfc22da3,491173,石尾怜子（いしおれいこ）,reicoishio,2026-06-28T11:10:38.000+09:00,292
n111fbfc22da3,14132723,せな｜無理しない低燃費生活,senanomainichi,2026-06-28T11:03:58.000+09:00,594
n111fbfc22da3,13392510,よよよ,major_donkey9565,2026-06-28T10:54:16.000+09:00,700
n111fbfc22da3,13867449,タコまま🐙／Threads×超凡人,siko_seili_lab,2026-06-28T10:32:36.000+09:00,29
n111fbfc22da3,14574167,ラク/サイドFIREしたい人,raku89,2026-06-28T10:30:21.000+09:00,64
n111fbfc22da3,6216920,SHIHO/生きづらさは治せる,shiho802,2026-06-28T10:20:53.000+09:00,60
n111fbfc22da3,14755497,しげあき,haibi4797,2026-06-28T10:19:20.000+09:00,7
n111fbfc22da3,13066168,はるねずみ｜note副業０→１応援,kasegu5haru,2026-06-28T10:18:26.000+09:00,1651
n111fbfc22da3,14130417,キセキ　｜疲労と戦うキセキのヒーロー（疲～労～）,tam_everything,2026-06-28T10:18:01.000+09:00,588
n111fbfc22da3,14808169,あたまのうち,atamanouchi,2026-06-28T10:14:37.000+09:00,381
n111fbfc22da3,14379260,ラガー平野,mie_rager0416,2026-06-28T10:10:02.000+09:00,84
n111fbfc22da3,14414366,碧乃さくら,unique_turkey951,2026-06-28T09:59:10.000+09:00,454
n111fbfc22da3,14333175,なな｜疲れた心の休憩所,nanaaaa777,2026-06-28T09:45:31.000+09:00,1325
n111fbfc22da3,4509042,猫の父さん@トトとチー,cat48_1010,2026-06-28T09:40:04.000+09:00,415
n111fbfc22da3,1715549,aulora,aulora,2026-06-28T09:28:18.000+09:00,639
n111fbfc22da3,10750843,Takanashi（たかなし）,takanashi_note01,2026-06-28T09:24:18.000+09:00,1259
n111fbfc22da3,11561590,かえるこ | Kaeruko,serene_pansy617,2026-06-28T09:00:22.000+09:00,4558
n111fbfc22da3,14808893,いづと｜AIゆる活,izuto_lab,2026-06-28T08:55:28.000+09:00,12
n111fbfc22da3,13263458,ふわぴよママ｜3児育児×副業の本音,mom_heart_note,2026-06-28T08:47:30.000+09:00,402
n111fbfc22da3,8166572,ひゅー｜AI×分析｜考察と思考整理を楽しむ。note,hyu_nisworks,2026-06-28T08:41:21.000+09:00,461
n111fbfc22da3,11837112,もぐら,mogurabooks,2026-06-28T08:39:34.000+09:00,260
n111fbfc22da3,12200349,ARRIVED FROM SHOWA,a_from_showa,2026-06-28T08:29:24.000+09:00,1031
n111fbfc22da3,11331127,ΔYu-Ko,delta_yu_ko,2026-06-28T08:29:08.000+09:00,271
n111fbfc22da3,13465503,科学でいろどる🌱羊毛のパレット,vast_yeti7062,2026-06-28T08:21:59.000+09:00,365
n111fbfc22da3,12397395,ひつじレモン,fine_dog6917,2026-06-28T08:09:31.000+09:00,1373
n111fbfc22da3,13430194,あきまむ,fond_shark9221,2026-06-28T08:07:18.000+09:00,238
n111fbfc22da3,12591374,ケンタロウ/gr.minpaku,merry_robin6845,2026-06-28T07:39:30.000+09:00,486
n111fbfc22da3,12297006,みなてぃ,minaty_chronicle,2026-06-28T07:27:19.000+09:00,501
n111fbfc22da3,1835350,龍神,tatsuopapa,2026-06-28T07:26:24.000+09:00,12313
n111fbfc22da3,14555084,東雲 宗景,sinonome_m777,2026-06-28T07:09:11.000+09:00,403
n111fbfc22da3,9837516,ゆか🌻ゆるりもワーク,yulwork,2026-06-28T06:50:04.000+09:00,26
n111fbfc22da3,11153079,薬剤師たぬき先生,alert_mole5562,2026-06-28T00:16:17.000+09:00,897
n6a6731b1bb07,14433020,Shinobu｜副業・本業残業多め,shinobu_noter,2026-06-28T13:31:30.000+09:00,140
n6a6731b1bb07,14574167,ラク/サイドFIREしたい人,raku89,2026-06-28T10:31:41.000+09:00,64
n6a6731b1bb07,13873623,fikamiri｜50代からはじめるAI×副業,fikamiri,2026-06-28T08:08:38.000+09:00,292
n6a6731b1bb07,13648362,GrowthStreet｜人生の利回りを上げる,growthstreet,2026-06-28T07:13:23.000+09:00,720
n6a6731b1bb07,1218500,さくら,sakura_wellness,2026-06-28T06:56:48.000+09:00,1436
n96fdd23e76b7,14574167,ラク/サイドFIREしたい人,raku89,2026-06-28T10:31:44.000+09:00,64
n96fdd23e76b7,14414366,碧乃さくら,unique_turkey951,2026-06-28T10:09:37.000+09:00,454
ndc269b57911d,13536803,匠の極みほぐし｜整骨院歴30年｜ゴルフ障害,alive_ferret709,2026-06-28T12:15:38.000+09:00,72
n12a8431dc240,13851102,道山まこと,fit_roses4256,2026-06-28T10:31:56.000+09:00,1140
n11c371e0015b,13536803,匠の極みほぐし｜整骨院歴30年｜ゴルフ障害,alive_ferret709,2026-06-28T12:15:52.000+09:00,72
ncab44d577d26,10750843,Takanashi（たかなし）,takanashi_note01,2026-06-28T09:25:36.000+09:00,1259
n111fbfc22da3,12294290,Camellia Mountain,camellia_0821,2026-06-28T17:11:17.000+09:00,409
n111fbfc22da3,3206852,ほんたん,nananopapa,2026-06-28T17:04:38.000+09:00,5705
n111fbfc22da3,14214771,ニャンシー・スズキ｜4児の父・教員（化学）,nyanshi_suzuki35,2026-06-28T17:00:42.000+09:00,225
n111fbfc22da3,11574500,ふらつき母ちゃん │脊髄小脳変性症ですが何か⁉️,dear_viper3924,2026-06-28T16:58:41.000+09:00,880
n111fbfc22da3,14826867,さくらママ,humble_zebra8643,2026-06-28T16:38:28.000+09:00,340
n111fbfc22da3,11973177,るこのみらい,ruco3,2026-06-28T16:37:23.000+09:00,2052
n111fbfc22da3,14623494,ひまわり,safe_hawk6284,2026-06-28T16:28:05.000+09:00,243
n111fbfc22da3,8782378,繋ぎ屋 ryubon,tunagiya_ryubon,2026-06-28T16:01:38.000+09:00,953
n111fbfc22da3,14798955,たくぞうの考え事,hot_marten2008,2026-06-28T15:25:07.000+09:00,30
n111fbfc22da3,6003011,風神窯｜こころの探求,fujinkiln,2026-06-28T15:07:30.000+09:00,122
n111fbfc22da3,14594661,aco135,calm_poppy6354,2026-06-28T15:06:46.000+09:00,153
n111fbfc22da3,11962927,おちくら｜落ち着いて暮らしたい40代主婦,ochikura,2026-06-28T15:05:32.000+09:00,238
n111fbfc22da3,11629805,ジャッジ,pure_dill1534,2026-06-28T15:02:18.000+09:00,1194
n111fbfc22da3,13071716,コスモス🌸 │ ３人と一緒に考えるnote,cosmos_invest,2026-06-28T14:57:31.000+09:00,828
n111fbfc22da3,14008496,jibuntonakayoshi,jibuntonakayoshi,2026-06-28T14:57:16.000+09:00,14
n111fbfc22da3,14630784,toco,toco_333,2026-06-28T14:48:04.000+09:00,47
n111fbfc22da3,10558749,168,note_note_note_3,2026-06-28T14:42:13.000+09:00,23
n111fbfc22da3,2350344,さなみ｜2日で0→1達成副業主婦,touki2020,2026-06-28T14:27:38.000+09:00,1376
n111fbfc22da3,13739855,AIスロット研究所,ai_slot_lab,2026-06-28T07:29:21.000+09:00,129
n01664b3c25f0,13927059,はる,haru_growth,2026-06-28T13:58:27.000+09:00,288
n11c371e0015b,12377105,まるよか,yokayoka5103,2026-06-28T17:03:31.000+09:00,1441
n7170484aebb5,13623901,あずなぶ〜る｜SNS弱者のnote戦略術,alive_here3686,2026-06-28T16:36:47.000+09:00,870
n297a23e9790f,12377105,まるよか,yokayoka5103,2026-06-28T16:31:30.000+09:00,1441
n44290178be17,491173,石尾怜子（いしおれいこ）,reicoishio,2026-06-28T15:47:23.000+09:00,292
ncab44d577d26,13927059,はる,haru_growth,2026-06-28T13:50:53.000+09:00,288
n31619810ff51,14847072,星ねこ,open_myway,2026-06-28T16:00:02.000+09:00,114
n111fbfc22da3,14642195,vagabond1497,loyal_fox8450,2026-06-28T19:38:28.000+09:00,11
n111fbfc22da3,13876041,🐾コロッケノスケ☕🌙｜ゲッコーカフェ,rich_rat9818,2026-06-28T19:06:38.000+09:00,386
n111fbfc22da3,13949873,かんのうみほ,kannou_miho,2026-06-28T19:06:08.000+09:00,426
n111fbfc22da3,14676001,Shiori｜日常と副業のAI活用,genial_whale7129,2026-06-28T19:04:51.000+09:00,40
n111fbfc22da3,14685980,ラクダ｜50代AI課金実験室,aikakinlab,2026-06-28T18:44:42.000+09:00,265
n111fbfc22da3,14791966,こぺん,safe_knot2215,2026-06-28T18:15:06.000+09:00,282
n111fbfc22da3,14213442,Web集客の案内人｜戦略から実行まで伴走するマーケター｜@web_marketer_tops,marketer_cmo,2026-06-28T18:08:54.000+09:00,247
n111fbfc22da3,4246069,aya,aya03,2026-06-28T18:00:02.000+09:00,270
n111fbfc22da3,14827305,Tinyco,tinyco_life,2026-06-28T17:42:50.000+09:00,79
n111fbfc22da3,13400794,ロキオッヂ@試行錯誤を、次の誰かへ,loki_oddi,2026-06-28T17:37:33.000+09:00,302
n111fbfc22da3,2150338,ゆう！noteに全力投球！フォロバ100,adg168,2026-06-28T14:24:33.000+09:00,1013
n01664b3c25f0,13687164,ロキろん,cheeky_rhino7031,2026-06-28T18:17:00.000+09:00,184
ndc269b57911d,13687164,ロキろん,cheeky_rhino7031,2026-06-28T18:17:02.000+09:00,184
n52e8a0b8d976,12380860,パタコ,auwa_44,2026-06-28T20:23:31.000+09:00,2333
n52e8a0b8d976,11941149,もののけ／感情を言語化する大学教授・社労士・税理士  フォロバ100,monodiary,2026-06-28T19:56:51.000+09:00,309
n111fbfc22da3,8911867,ルルトアヤコ,lovely_coyote546,2026-06-28T22:06:15.000+09:00,2726
n111fbfc22da3,12410565,テッツさん,nice_fish9577,2026-06-28T20:43:09.000+09:00,808
n111fbfc22da3,12380860,パタコ,auwa_44,2026-06-28T20:21:03.000+09:00,2333
n111fbfc22da3,12409448,ハルとモモ,alert_tucan3313,2026-06-28T20:16:26.000+09:00,68
n111fbfc22da3,4175914,ぷさち｜３６５日旅するブロガー,pusachi_note,2026-06-28T20:03:45.000+09:00,685
na49497d205ac,13777980,しげちーSS,shjgechy,2026-06-28T20:23:33.000+09:00,542
n01b5fd12d369,13777980,しげちーSS,shjgechy,2026-06-28T20:17:56.000+09:00,542
ncab44d577d26,12080532,ロス@責任感が強い人の生きづらさ研究室,open_fennel6445,2026-06-28T22:03:23.000+09:00,465
n34d6c85656ad,12080532,ロス@責任感が強い人の生きづらさ研究室,open_fennel6445,2026-06-28T22:03:22.000+09:00,465
n0fdeaf966447,12607946,てぼっこ,tebocco_bocchi,2026-06-28T21:05:22.000+09:00,275
n52e8a0b8d976,12085527,のん｜3児ママの再出発,nonnon_0221,2026-06-29T00:41:25.000+09:00,480
n52e8a0b8d976,5828006,まなつ/突出マイノリティ列伝,tosshutsu_m,2026-06-29T00:19:06.000+09:00,6779
n52e8a0b8d976,10425520,とりあえず、ブサネコ®　by  Y Harada,legal_clover3490,2026-06-28T23:45:09.000+09:00,743
n111fbfc22da3,14683822,こっぺ様はバズらせたい,coppe0707,2026-06-29T01:13:26.000+09:00,6
n111fbfc22da3,10425520,とりあえず、ブサネコ®　by  Y Harada,legal_clover3490,2026-06-28T23:46:40.000+09:00,743
n111fbfc22da3,8857122,うるるん,nice_daisy957,2026-06-28T23:36:41.000+09:00,1094
n111fbfc22da3,7149960,水越なつめ,natsume996,2026-06-28T23:04:41.000+09:00,818
n6a6731b1bb07,10425520,とりあえず、ブサネコ®　by  Y Harada,legal_clover3490,2026-06-28T23:48:30.000+09:00,743
n6a6731b1bb07,8857122,うるるん,nice_daisy957,2026-06-28T23:34:22.000+09:00,1094
n96fdd23e76b7,10425520,とりあえず、ブサネコ®　by  Y Harada,legal_clover3490,2026-06-28T23:50:19.000+09:00,743
n96fdd23e76b7,10473546,関口哲平 l 種子島山村留学/4児の父,tepseki,2026-06-28T22:48:03.000+09:00,426
ndc269b57911d,12377105,まるよか,yokayoka5103,2026-06-29T00:09:02.000+09:00,1443
ndc269b57911d,7380249,みっちー｜フィレンツェのアンティーク修復士,mico_it,2026-06-29T05:33:26.000+09:00,542
ndc269b57911d,13574007,🍀ベンジャミン🍀,noble_spirea7217,2026-06-29T05:30:35.000+09:00,995
n111fbfc22da3,13649597,K｜病院事務出身×シンギュラリティに備える人,witty_myrtle4328,2026-06-29T13:31:36.000+09:00,1013
n111fbfc22da3,13163455,KOTAYA | 今日はこれで合格,kotaya_log,2026-06-29T13:23:40.000+09:00,3039
n111fbfc22da3,13598142,ジョーイ・ボイオ,better_story2010,2026-06-29T12:42:54.000+09:00,356
n111fbfc22da3,11351327,アサリーマン｜20年副業を漁った男の副業潮干狩り日誌,f_rime8888,2026-06-29T12:15:46.000+09:00,238
n111fbfc22da3,9281462,N氏,nakaikikaku,2026-06-29T11:40:57.000+09:00,1344
n111fbfc22da3,6855089,きくちゃん｜人生立て直し中,lovely_iris784,2026-06-29T08:53:06.000+09:00,359
n111fbfc22da3,10650459,Korey&Mirina,korey_m,2026-06-29T07:33:25.000+09:00,177
n111fbfc22da3,14848211,YASHO_log,jolly_moose1110,2026-06-29T07:32:49.000+09:00,13
n111fbfc22da3,8576232,えーちゃん＠note副業,johnoji,2026-06-28T20:11:02.000+09:00,404
n6a6731b1bb07,13792780,営業パパ,eigyopapa,2026-06-29T11:11:02.000+09:00,1724
n6a6731b1bb07,14414366,碧乃さくら,unique_turkey951,2026-06-29T08:21:00.000+09:00,457
n33c3786a8c0a,12377105,まるよか,yokayoka5103,2026-06-29T14:07:00.000+09:00,1446
n96fdd23e76b7,12377105,まるよか,yokayoka5103,2026-06-29T14:01:32.000+09:00,1446
n01664b3c25f0,12377105,まるよか,yokayoka5103,2026-06-29T13:43:20.000+09:00,1446
n01664b3c25f0,13598142,ジョーイ・ボイオ,better_story2010,2026-06-29T13:13:51.000+09:00,356
ndc269b57911d,13564398,聴話人くるみ｜光へ還る鏡,ready_hornet3417,2026-06-29T12:46:38.000+09:00,410
n12a8431dc240,13598142,ジョーイ・ボイオ,better_story2010,2026-06-29T12:48:06.000+09:00,356
n2574b6773bc0,12479728,しあの　ゆき　,yuki_siano,2026-06-29T06:34:10.000+09:00,229
nf45f7d36c5b5,13598142,ジョーイ・ボイオ,better_story2010,2026-06-29T13:07:03.000+09:00,356
nebb550000b1d,6417595,みみ子｜40代限界逃亡中,mimimimi548905,2026-06-29T08:17:48.000+09:00,25
n31619810ff51,6417595,みみ子｜40代限界逃亡中,mimimimi548905,2026-06-29T08:15:19.000+09:00,25
n111fbfc22da3,13927059,はる,haru_growth,2026-06-29T16:27:09.000+09:00,289
n111fbfc22da3,14316760,みなせ,hip_akinai0423,2026-06-29T15:38:58.000+09:00,32
n6a6731b1bb07,13687164,ロキろん,cheeky_rhino7031,2026-06-29T15:20:43.000+09:00,185
n6a6731b1bb07,12377105,まるよか,yokayoka5103,2026-06-29T14:25:47.000+09:00,1447
n96fdd23e76b7,11574500,ふらつき母ちゃん │脊髄小脳変性症ですが何か⁉️,dear_viper3924,2026-06-29T14:34:15.000+09:00,881
n52e8a0b8d976,13244049,Lala（らら）/5年契約のギリギリ公務員,aya_5vn,2026-06-29T19:59:18.000+09:00,768
n111fbfc22da3,10460304,ちんぱん🐒会社しかない状態を減らす45歳,ojisan_chinpan,2026-06-29T21:12:01.000+09:00,851
n111fbfc22da3,2167845,Meg_イタリア在住副業模索主婦,megk_italiazaiju,2026-06-29T20:38:33.000+09:00,39
n111fbfc22da3,4472775,あまね〘ฅ՞•ﻌ•՞ฅฅ^•ﻌ•^ฅ〙,almabrillante,2026-06-29T20:11:25.000+09:00,901
n111fbfc22da3,14884088,るか,brisk_macaw1381,2026-06-29T19:57:08.000+09:00,2
n111fbfc22da3,7286444,あこ｜40代のコツコツ副業,nikkonikko0203,2026-06-29T19:23:10.000+09:00,186
n96fdd23e76b7,10460304,ちんぱん🐒会社しかない状態を減らす45歳,ojisan_chinpan,2026-06-29T21:16:27.000+09:00,851
n11c371e0015b,12949168,不真面目小児科医　しうまい,misasyu5,2026-06-29T20:48:17.000+09:00,629
n7170484aebb5,14928147,けい,glad_viola5289,2026-06-29T21:32:23.000+09:00,0
n045e9c61347c,13623901,あずなぶ〜る｜SNS弱者のnote戦略術,alive_here3686,2026-06-29T20:35:38.000+09:00,879
n111fbfc22da3,1761315,けいご｜副業アウトドアせどり実録,outdoor_sedori,2026-06-30T00:29:41.000+09:00,132
n111fbfc22da3,13366653,ぱぴさん,papi_san,2026-06-29T22:58:04.000+09:00,372
n111fbfc22da3,11631173,参謀庵（さんぼうあん）｜キャリア戦略,cozy_hyssop609,2026-06-29T22:44:30.000+09:00,454
n7170484aebb5,12158291,考える赤柴｜司法書士試験挑戦中,eager_thyme9842,2026-06-29T23:33:05.000+09:00,357
n00640192fdd7,13366653,ぱぴさん,papi_san,2026-06-29T23:37:57.000+09:00,372
n44d64b72a806,6855089,きくちゃん｜人生立て直し中,lovely_iris784,2026-06-29T22:42:33.000+09:00,367
n111fbfc22da3,14404198,アラ還ナース,arakan_nurse,2026-06-30T03:07:14.000+09:00,393
n111fbfc22da3,5022764,まっしー　ライフコーチ,cmah3237,2026-06-30T03:05:28.000+09:00,177
n111fbfc22da3,11118567,アヒル隊長,ahirutaichou6,2026-06-30T00:57:06.000+09:00,222
n6a6731b1bb07,14320627,hanatoshiki,hanatoshiki,2026-06-30T01:13:54.000+09:00,531
n44d64b72a806,13598142,ジョーイ・ボイオ,better_story2010,2026-06-30T03:17:20.000+09:00,362
n111fbfc22da3,14879722,リオ,rio_home,2026-06-30T06:24:08.000+09:00,8
n111fbfc22da3,7589536,名もなき主婦とAIとの日々〜AIが1番の友達って変ですか？〜,sakurahanaco,2026-06-30T04:25:15.000+09:00,413
n111fbfc22da3,4995550,SayakaTsuji,randerstanker,2026-06-30T04:25:10.000+09:00,198
n111fbfc22da3,13644901,ズボラ主婦ゆず 🍀 フォロワーゼロから3万円以上稼ぐ方法‼️,yuzunokosodate,2026-06-29T22:28:53.000+09:00,925
n6a6731b1bb07,13911087,ちっぷのこころ🎡,lovely_stork7575,2026-06-30T06:04:30.000+09:00,437
n111fbfc22da3,13850068,おかずぅ ( Banana Labo ),okazu_2026,2026-06-30T12:45:40.000+09:00,88
n111fbfc22da3,14912332,ぐでママひなこ｜副業のリアルをNoteで綴ります✍️,gude_hina,2026-06-30T11:39:31.000+09:00,135
n111fbfc22da3,14141396,ヒロミ｜note × AIで 経験を資産に,note_hiromi,2026-06-30T11:27:54.000+09:00,142
n111fbfc22da3,2789490,K.Yanagi | デザイナー / 探求者,ryuen_japan,2026-06-30T11:00:16.000+09:00,33
n111fbfc22da3,3955772,心の習慣ラボ,kenji0628,2026-06-30T10:51:05.000+09:00,306
n111fbfc22da3,12080532,ロス@責任感が強い人の生きづらさ研究室,open_fennel6445,2026-06-30T10:30:00.000+09:00,511
n111fbfc22da3,7910124,りちゃん🧸🤎ゆるてがきの人🖍️,richaaan__pi,2026-06-30T09:57:59.000+09:00,40
n111fbfc22da3,14416850,アクマ,rich_rabbit8001,2026-06-30T08:14:48.000+09:00,411
n111fbfc22da3,13405464,木漏れ日亭,komorebi_tei,2026-06-30T07:44:31.000+09:00,650
n96fdd23e76b7,14416850,アクマ,rich_rabbit8001,2026-06-30T08:15:00.000+09:00,411
n52e534bf0411,6855089,きくちゃん｜人生立て直し中,lovely_iris784,2026-06-30T11:27:46.000+09:00,368
naa1d601c361d,13626818,UNI - 生きづらさを心地よさにデザインする - ,uni_heart,2026-06-30T13:19:55.000+09:00,115
n44d64b72a806,12158291,考える赤柴｜司法書士試験挑戦中,eager_thyme9842,2026-06-30T08:10:35.000+09:00,355
n111fbfc22da3,14781817,美宇,miu_design,2026-06-30T17:07:04.000+09:00,51
n111fbfc22da3,7517028,東京AI経営キャンプ by 株式会社Bulwer,aikigyou_23427,2026-06-30T15:17:59.000+09:00,762
n111fbfc22da3,1368186,nonn,nonn7077,2026-06-30T14:52:36.000+09:00,153
n111fbfc22da3,11654195,ゆず｜noteで副業迷子を抜け出す伴走者｜｜フォロバ１００,tomato1012,2026-06-29T05:21:00.000+09:00,5655
n6a6731b1bb07,13079732,ＣＯＯＬ｜家族を守り抜くと決めた日から,vast_tulip7937,2026-06-30T15:43:09.000+09:00,1156
n7170484aebb5,13598142,ジョーイ・ボイオ,better_story2010,2026-06-30T16:44:47.000+09:00,361
na49497d205ac,14822896,如月智司,s_kisaragi260527,2026-06-30T14:50:20.000+09:00,40
n111fbfc22da3,12607946,てぼっこ,tebocco_bocchi,2026-06-30T20:04:17.000+09:00,279
n111fbfc22da3,6769614,元教員おしゃべり代行コンサルMr.K,famous_acacia166,2026-06-30T18:43:27.000+09:00,251
n111fbfc22da3,12320536,キタイダイ,clear_knot1605,2026-06-30T18:06:08.000+09:00,1235
n111fbfc22da3,12428977,🐻くまっ子ママ｜年子男子ママ×歯科衛生士の奮闘記,dreamy_wolf3957,2026-06-30T17:46:22.000+09:00,897
n111fbfc22da3,14892796,マリオ,mario1mario,2026-06-30T17:26:10.000+09:00,48
n6a6731b1bb07,3358934,けせら,kesera_,2026-06-30T18:19:04.000+09:00,1437
n6a6731b1bb07,10827166,コンパス みき✨️好きのタネ🌱‬‪を育てる案内人,compass_m360,2026-06-30T18:06:14.000+09:00,1460
n52e8a0b8d976,13598142,ジョーイ・ボイオ,better_story2010,2026-06-30T22:36:26.000+09:00,363
n1cdcf505f910,3598618,はしゃも｜感情構造エンジニア,hasyamo,2026-06-30T23:08:49.000+09:00,537
n1cdcf505f910,14132723,せな｜無理しない低燃費生活,senanomainichi,2026-06-30T22:56:10.000+09:00,616
n1cdcf505f910,13927059,はる,haru_growth,2026-06-30T22:54:04.000+09:00,291
n1cdcf505f910,12516832,和田雄三｜AI×心理ブランディングデザイナー,glad_dill2129,2026-06-30T22:48:52.000+09:00,930
n1cdcf505f910,4877017,須川元介/情報翻訳家,skagenavi,2026-06-30T22:47:40.000+09:00,2389
n1cdcf505f910,2490558,だんだんありがと@めじゅ,dandan_arigato19,2026-06-30T22:46:29.000+09:00,545
n1cdcf505f910,5513805,カナミン｜AIと迷いながら、進む人,kanamin26,2026-06-30T22:40:44.000+09:00,827
n1cdcf505f910,13598142,ジョーイ・ボイオ,better_story2010,2026-06-30T22:33:30.000+09:00,363
n1cdcf505f910,12377105,まるよか,yokayoka5103,2026-06-30T22:27:07.000+09:00,1458
n1cdcf505f910,13405464,木漏れ日亭,komorebi_tei,2026-06-30T22:23:49.000+09:00,655
n1cdcf505f910,12543277,明日空　本機,asukara_honki,2026-06-30T22:15:58.000+09:00,248
n1cdcf505f910,12158291,考える赤柴｜司法書士試験挑戦中,eager_thyme9842,2026-06-30T22:14:58.000+09:00,355
n1cdcf505f910,1604147,とびさら@止まらないnote発信の作り方 フォロバ100,tobisara,2026-06-30T22:14:36.000+09:00,1038
n1cdcf505f910,12624691,あん｜noteと遊ぶ,aging_gracefully,2026-06-30T22:12:16.000+09:00,1287
n1cdcf505f910,12949168,不真面目小児科医　しうまい,misasyu5,2026-06-30T22:11:02.000+09:00,631
n1cdcf505f910,2191748,kazuki｜いいね止まりをnote収益へ,nemutaineko,2026-06-30T22:08:28.000+09:00,819
n1cdcf505f910,13161722,おあつ,keen_pipit1182,2026-06-30T22:04:34.000+09:00,1667
n1cdcf505f910,12602815,みじゅくパパ,mijuku_father,2026-06-30T21:53:13.000+09:00,498
n1cdcf505f910,14449095,飯島　恭𠮷,brainy_nerine615,2026-06-30T21:52:40.000+09:00,273
n1cdcf505f910,13372902,kai,juicy_shark8541,2026-06-30T21:50:45.000+09:00,1286
n1cdcf505f910,13900618,sophie,scribble_1000,2026-06-30T21:46:07.000+09:00,810
n1cdcf505f910,10175064,雪綴ゆき,wise_rat6355,2026-06-30T21:44:41.000+09:00,6632
n1cdcf505f910,13574007,🍀ベンジャミン🍀,noble_spirea7217,2026-06-30T21:43:35.000+09:00,1006
n1cdcf505f910,5738970,営業fafa | note業界No.1営業マン,kohana1112,2026-06-30T21:42:54.000+09:00,1529
n111fbfc22da3,13638553,まぐ。/ 公式裏アカウント 【まぐnet。】,fancy_impala8140,2026-06-30T23:03:18.000+09:00,328
n111fbfc22da3,13161722,おあつ,keen_pipit1182,2026-06-30T22:03:55.000+09:00,1667
n6a6731b1bb07,13598142,ジョーイ・ボイオ,better_story2010,2026-06-30T22:55:52.000+09:00,363
n52e534bf0411,5513805,カナミン｜AIと迷いながら、進む人,kanamin26,2026-06-30T23:04:10.000+09:00,827
n2a071f3201b2,12158291,考える赤柴｜司法書士試験挑戦中,eager_thyme9842,2026-06-30T22:30:25.000+09:00,355
nf04cdc80b3d2,12158291,考える赤柴｜司法書士試験挑戦中,eager_thyme9842,2026-06-30T22:23:52.000+09:00,355
nf45f7d36c5b5,12158291,考える赤柴｜司法書士試験挑戦中,eager_thyme9842,2026-06-30T22:18:57.000+09:00,355
n44d64b72a806,12949168,不真面目小児科医　しうまい,misasyu5,2026-06-30T22:25:43.000+09:00,631
n52e8a0b8d976,4887086,はんく・シュンタナ🍌『塩化ビニール系女子』AIクリエイター兼プロデューサー,hunk_shuntana,2026-07-01T00:56:38.000+09:00,679
n1cdcf505f910,14065526,みんなの筋トレ雑学【筋肉チャンネル】,kinnikutuu_yabai,2026-07-01T01:04:15.000+09:00,92
n1cdcf505f910,13613385,羅生門SKY,codex_strategy,2026-07-01T00:10:37.000+09:00,454
n1cdcf505f910,13079732,ＣＯＯＬ｜家族を守り抜くと決めた日から,vast_tulip7937,2026-07-01T00:00:26.000+09:00,1154
n1cdcf505f910,11359513,TEAM LILITH & AMI｜安達,takayukiadachi,2026-06-30T23:47:41.000+09:00,992
n1cdcf505f910,13107123,ランマッスル,runmuscle_m,2026-06-30T23:39:13.000+09:00,5404
n1cdcf505f910,13852441,アリゼロ🐜氷河期世代の働きアリ@自身が会社で経験してきた問題点や気づきを発信しています。,hataraku_ari999,2026-06-30T23:25:49.000+09:00,243
n44d64b72a806,5513805,カナミン｜AIと迷いながら、進む人,kanamin26,2026-06-30T23:20:10.000+09:00,828
n52e8a0b8d976,7544356,yoko,yoko60,2026-07-01T06:55:53.000+09:00,122
n52e8a0b8d976,14024285,毛玉店長,crisp_rose3111,2026-07-01T06:53:00.000+09:00,390
n52e8a0b8d976,11264208,時空の空猫,quiet_murre4667,2026-07-01T06:50:56.000+09:00,1920
n52e8a0b8d976,14330401,44歳店長の柔術記録,lamf_bjj,2026-07-01T06:46:08.000+09:00,200
n52e8a0b8d976,12465066,Shoji ｜無為自然,anomie1,2026-07-01T06:39:30.000+09:00,1419
n52e8a0b8d976,10959216,高坂涼介（こーさか）｜離職率60%→9%の修羅場再生請負人,ready_turtle5896,2026-07-01T06:39:06.000+09:00,1012
n52e8a0b8d976,11580414,職ニンレンジャー隊,calm_lupine8385,2026-07-01T06:36:28.000+09:00,187
n52e8a0b8d976,3051941,チップル,sane_beetle6756,2026-07-01T06:34:55.000+09:00,563
n52e8a0b8d976,12783121,糸島コタロー,aqua_ybas7788,2026-07-01T06:34:35.000+09:00,539
n52e8a0b8d976,13992788,三木透,quiet_cosmos1625,2026-07-01T06:32:50.000+09:00,354
n52e8a0b8d976,4224318,しらさん,seichan_,2026-07-01T06:26:34.000+09:00,749
n52e8a0b8d976,2773109,教育を諦めない会社YOHAKU/代表　呉屋雄紀,sennsei58,2026-07-01T06:25:53.000+09:00,629
n52e8a0b8d976,14262868,​あら＠競馬予想OS Ver.98進化中,ara_keibaos,2026-07-01T06:24:15.000+09:00,487
n52e8a0b8d976,13326388,AiSekai,fair_minnow6247,2026-07-01T06:17:25.000+09:00,2079
n52e8a0b8d976,14459827,ミヤビテック＠防水屋のAI防水プロジェクト,miyabitech01,2026-07-01T06:17:09.000+09:00,414
n52e8a0b8d976,13831671,まっちゃん,matthan05_id,2026-07-01T06:16:31.000+09:00,530
n52e8a0b8d976,14021128,田之上優一,tano0503,2026-07-01T06:14:43.000+09:00,230
n52e8a0b8d976,13995342,monjya,cider_0mon,2026-07-01T06:07:59.000+09:00,528
n52e8a0b8d976,13221510,チ～タラさん,dandy_sorrel623,2026-07-01T06:07:44.000+09:00,993
n1cdcf505f910,11178988,＃ヒキダシ,hikidashi_,2026-07-01T06:48:52.000+09:00,1356
n1cdcf505f910,10857586,のん｜人生ゆるっと棚卸し中,nyans_7777,2026-07-01T06:42:51.000+09:00,247
n1cdcf505f910,3051941,チップル,sane_beetle6756,2026-07-01T06:34:57.000+09:00,563
n1cdcf505f910,5330022,Marie | まりーの小さな⚙️歯車⚙️ラボ🔬,marie_222,2026-07-01T06:31:55.000+09:00,46
n1cdcf505f910,14262868,​あら＠競馬予想OS Ver.98進化中,ara_keibaos,2026-07-01T06:26:04.000+09:00,487
n1cdcf505f910,2773109,教育を諦めない会社YOHAKU/代表　呉屋雄紀,sennsei58,2026-07-01T06:25:53.000+09:00,629
n1cdcf505f910,14459827,ミヤビテック＠防水屋のAI防水プロジェクト,miyabitech01,2026-07-01T06:20:31.000+09:00,414
n1cdcf505f910,13187388,Crocodile Harbor Press　｜天音さいか,juicy_whale7536,2026-07-01T06:07:12.000+09:00,369
n1cdcf505f910,6905415,豹子頭 林冲,hyousitou,2026-07-01T05:58:21.000+09:00,280
n111fbfc22da3,12783121,糸島コタロー,aqua_ybas7788,2026-07-01T06:34:45.000+09:00,539
n111fbfc22da3,13518694,Kazu,kazu_siii,2026-07-01T06:25:54.000+09:00,526
n111fbfc22da3,2773109,教育を諦めない会社YOHAKU/代表　呉屋雄紀,sennsei58,2026-07-01T06:25:54.000+09:00,629
n111fbfc22da3,12400017,あんころ｜3児ママ×元看護師のリアルAI副業記録,naayu_tayu5,2026-07-01T06:20:55.000+09:00,809
n111fbfc22da3,14060433,Bluebell diary🌿,modern_llama1047,2026-07-01T04:34:34.000+09:00,212
ncab44d577d26,12106182,息子のサッカー大好きパパ,yuuma1ban,2026-07-01T06:51:07.000+09:00,229
n52e8a0b8d976,13164903,akiaki,cozy_iguana8458,2026-07-01T13:36:57.000+09:00,438
n52e8a0b8d976,13884737,空月,crisp_plover9758,2026-07-01T13:27:03.000+09:00,1029
n52e8a0b8d976,12080532,ロス@責任感が強い人の生きづらさ研究室,open_fennel6445,2026-07-01T12:58:47.000+09:00,527
n52e8a0b8d976,11359620,本当の自分に還るナビゲーター｜自愛覚醒コーチ　優愛,yua555,2026-07-01T12:20:46.000+09:00,58
n52e8a0b8d976,13800472,城森 善行,yoshiyuki_jomori,2026-07-01T12:14:43.000+09:00,466
n52e8a0b8d976,7930341,水瀬シナノ｜AIと遊ぶライター,good_daisy848,2026-07-01T11:35:30.000+09:00,161
n52e8a0b8d976,8321162,サイボーグMSX,cyborgmsx,2026-07-01T10:55:32.000+09:00,2281
n52e8a0b8d976,8974746,Yukihiko Yamada ,yukihiko_yamada,2026-07-01T10:46:35.000+09:00,1290
n52e8a0b8d976,13668273,T+（ティープラス）｜建築設計・省エネ計算支援,plus07,2026-07-01T10:33:59.000+09:00,270
n52e8a0b8d976,12816465,けい@AIと共に未来を作るクリエイター🌈,ak_hikiyose,2026-07-01T10:19:38.000+09:00,6339
n52e8a0b8d976,14692660,ひろゆき,cheeky_frog6164,2026-07-01T10:12:29.000+09:00,167
n52e8a0b8d976,11864877,なおはる,vast_snail270015,2026-07-01T09:46:45.000+09:00,3564
n52e8a0b8d976,14360211,コタロー,lively_viper5745,2026-07-01T09:42:19.000+09:00,723
n52e8a0b8d976,13029406,キム・タック,kimfukujii,2026-07-01T09:35:44.000+09:00,272
n52e8a0b8d976,13115336,創成者の記録者,absolute_logic,2026-07-01T09:22:33.000+09:00,768
n52e8a0b8d976,13693346,anzu,quick_stoat6197,2026-07-01T09:16:33.000+09:00,478
n52e8a0b8d976,13506819,notetotomoni,notetotomoni,2026-07-01T08:34:22.000+09:00,278
n52e8a0b8d976,13465300,koma29,koma29,2026-07-01T08:22:47.000+09:00,466
n52e8a0b8d976,14484876,りんの❤️,1974rinno,2026-07-01T07:56:56.000+09:00,501
n52e8a0b8d976,13721447,さまなさん,witty_iris4802,2026-07-01T07:50:21.000+09:00,1567
n52e8a0b8d976,14453229,    投資で迷子のサウナー♨️日々奮闘中💪,saunaniikitai37,2026-07-01T07:44:53.000+09:00,690
n52e8a0b8d976,5832205,ベスなる,_beth_naru,2026-07-01T07:37:57.000+09:00,361
n52e8a0b8d976,12082657,かッちゃん,easy_pansy4109,2026-07-01T07:37:08.000+09:00,590
n52e8a0b8d976,14543746,楽市楽座が歴史を語る,dandy_lupine5106,2026-07-01T07:23:36.000+09:00,70
n52e8a0b8d976,3337488,kasuga hiroshi,kasugahiroshi,2026-07-01T07:18:43.000+09:00,906
n52e8a0b8d976,13715870,Misakiyajp,humble_python600,2026-07-01T07:15:05.000+09:00,590
n52e8a0b8d976,12909615,yui,ready_colt9052,2026-07-01T07:09:28.000+09:00,280
n52e8a0b8d976,11410164,kasshiy,viva_a_h_s,2026-07-01T07:09:02.000+09:00,2345
n52e8a0b8d976,339002,takacova,takacova,2026-07-01T07:08:32.000+09:00,554
n52e8a0b8d976,12957240,立石 遙 ,right_dahlia1622,2026-07-01T07:08:10.000+09:00,345
n52e8a0b8d976,11756147,US STOCKS NAVI,kohsaku_y,2026-07-01T07:02:20.000+09:00,2429
n52e8a0b8d976,14509096,紀霊スズヤ,hearty_flea3282,2026-07-01T06:59:42.000+09:00,483
n52e8a0b8d976,11446528,ZAKI,safe_zephyr1629,2026-07-01T06:58:02.000+09:00,330
n1cdcf505f910,14815794,けろん,koronsub0125,2026-07-01T13:28:48.000+09:00,10
n1cdcf505f910,14414366,碧乃さくら,unique_turkey951,2026-07-01T13:04:36.000+09:00,473
n1cdcf505f910,7863331,ゴロー｜小規模事業者の事業計画づくり,rich_peony491,2026-07-01T12:14:03.000+09:00,277
n1cdcf505f910,11410164,kasshiy,viva_a_h_s,2026-07-01T11:41:27.000+09:00,2345
n1cdcf505f910,2755847,小山 睦男　書籍コーディネータ,koyamamutsuo2020,2026-07-01T11:09:24.000+09:00,279
n1cdcf505f910,11935247,『運と縁を引き寄せるエグゼクティブ・ライフ＆ビジネスコーチ』西河由貴（ゆっきー）,mlsrecipe,2026-07-01T10:28:10.000+09:00,241
n1cdcf505f910,11561590,かえるこ | Kaeruko,serene_pansy617,2026-07-01T09:44:28.000+09:00,4631
n1cdcf505f910,10390902,ちかよりみち@🇩🇪ドイツ生活攻略家,chikayorimichi_5,2026-07-01T09:18:35.000+09:00,1119
n1cdcf505f910,13895534,kojikoji,fair_eagle8873,2026-07-01T08:54:51.000+09:00,522
n1cdcf505f910,12157269,ken ｜ 完全無課金AI戦略 × note運営,noted_sheep3883,2026-07-01T08:20:01.000+09:00,3391
n1cdcf505f910,10646763,雪国ゆり☃️薬学部文学科(獣医学選択),yuriri_love202,2026-07-01T08:04:22.000+09:00,506
n1cdcf505f910,7801384,剣(ケン),lively_quince695,2026-07-01T07:43:23.000+09:00,388
n1cdcf505f910,14024285,毛玉店長,crisp_rose3111,2026-07-01T07:41:59.000+09:00,399
n1cdcf505f910,2146234,未来のITコンサル,titus2501,2026-07-01T07:25:07.000+09:00,75
n1cdcf505f910,14363101,ゆ,yuuwa1046,2026-07-01T07:16:59.000+09:00,132
n1cdcf505f910,339002,takacova,takacova,2026-07-01T07:08:33.000+09:00,554
n1cdcf505f910,13326388,AiSekai,fair_minnow6247,2026-07-01T06:59:13.000+09:00,2085
n111fbfc22da3,13555174,kikurage_diary,kikurage_diary,2026-07-01T13:53:55.000+09:00,616
n111fbfc22da3,12168405,Choc.,choc_words,2026-07-01T13:26:38.000+09:00,1200
n111fbfc22da3,13037359,丁寧な暮らし/生きやすさ探求家,gentle_gecko1078,2026-07-01T13:11:01.000+09:00,313
n111fbfc22da3,13031059,ひより@noteで人生を立て直したいワーママ,hiyori_tryagain,2026-07-01T12:34:31.000+09:00,1259
n111fbfc22da3,13402695,高輪音叉,lofty_crane404,2026-07-01T12:01:09.000+09:00,211
n111fbfc22da3,14815794,けろん,koronsub0125,2026-07-01T09:36:24.000+09:00,10
n111fbfc22da3,14450054,ほみ｜猫とボドゲ。最近ボドゲ多め,homitokagisippo,2026-07-01T08:04:12.000+09:00,181
n111fbfc22da3,10646763,雪国ゆり☃️薬学部文学科(獣医学選択),yuriri_love202,2026-07-01T08:03:13.000+09:00,506
n111fbfc22da3,1847351,kz0901,kz0901,2026-07-01T07:47:17.000+09:00,1496
n111fbfc22da3,7801384,剣(ケン),lively_quince695,2026-07-01T07:43:21.000+09:00,388
n111fbfc22da3,11447477,🌙soraの星カフェ,sora_uranai,2026-07-01T07:35:08.000+09:00,436
n111fbfc22da3,13321628,おいちゃん,fast_crow8211,2026-07-01T07:29:49.000+09:00,53
n111fbfc22da3,6853782,うみか えお,gentle_broom451,2026-07-01T07:14:14.000+09:00,376
n111fbfc22da3,9156440,ホッチャレディー　あわんた,pure_wren5326,2026-07-01T06:58:34.000+09:00,1088
n6a6731b1bb07,13037359,丁寧な暮らし/生きやすさ探求家,gentle_gecko1078,2026-07-01T13:09:27.000+09:00,313
n6a6731b1bb07,7801384,剣(ケン),lively_quince695,2026-07-01T07:43:19.000+09:00,388
n6a6731b1bb07,12563512,毎日キバロー,great_turtle6689,2026-07-01T07:40:50.000+09:00,3026
n6a6731b1bb07,14543746,楽市楽座が歴史を語る,dandy_lupine5106,2026-07-01T07:23:38.000+09:00,70
n33c3786a8c0a,11359620,本当の自分に還るナビゲーター｜自愛覚醒コーチ　優愛,yua555,2026-07-01T12:20:27.000+09:00,58
n33c3786a8c0a,7801384,剣(ケン),lively_quince695,2026-07-01T07:43:17.000+09:00,388
n01664b3c25f0,5828006,まなつ/突出マイノリティ列伝,tosshutsu_m,2026-07-01T12:45:18.000+09:00,6870
n01664b3c25f0,12158291,考える赤柴｜司法書士試験挑戦中,eager_thyme9842,2026-07-01T08:09:05.000+09:00,358
n01664b3c25f0,3608968,KITAcore｜キタコレ＠ログプレイヤー,ktcrs1107,2026-07-01T07:34:50.000+09:00,1608
n12a8431dc240,5738970,営業fafa | note業界No.1営業マン,kohana1112,2026-07-01T12:41:41.000+09:00,1533
n12a8431dc240,10390902,ちかよりみち@🇩🇪ドイツ生活攻略家,chikayorimichi_5,2026-07-01T10:15:49.000+09:00,1119
n12a8431dc240,12158291,考える赤柴｜司法書士試験挑戦中,eager_thyme9842,2026-07-01T08:13:44.000+09:00,358
n2656b34564c8,10390902,ちかよりみち@🇩🇪ドイツ生活攻略家,chikayorimichi_5,2026-07-01T09:48:07.000+09:00,1119
n4b45540fc238,5738970,営業fafa | note業界No.1営業マン,kohana1112,2026-07-01T12:44:36.000+09:00,1533
n4b45540fc238,14229023,こもれびの空,lofty_rue8724,2026-07-01T10:24:35.000+09:00,569
n4b45540fc238,13765041,Gau-G,gau_g202602,2026-07-01T07:07:34.000+09:00,497
na49497d205ac,5672952,▶︎マインドフルネス瞑想！美力アップ気功トレーナーHOKI ！ ,hokilee823,2026-07-01T09:27:35.000+09:00,1469
n4483ea3d4c94,5672952,▶︎マインドフルネス瞑想！美力アップ気功トレーナーHOKI ！ ,hokilee823,2026-07-01T09:27:34.000+09:00,1469
ncab44d577d26,10390902,ちかよりみち@🇩🇪ドイツ生活攻略家,chikayorimichi_5,2026-07-01T09:44:10.000+09:00,1119
n44d64b72a806,10390902,ちかよりみち@🇩🇪ドイツ生活攻略家,chikayorimichi_5,2026-07-01T09:37:13.000+09:00,1119
n31b4a8a30372,12344143,ともか,apt_jaguar5933,2026-07-01T12:23:38.000+09:00,199
nbc381a3c6979,11125872,Cozy HP,cozyhp51,2026-07-01T08:39:07.000+09:00,794
n52e8a0b8d976,14302763,タピ,ready_harte8280,2026-07-01T17:44:13.000+09:00,182
n52e8a0b8d976,13648684,海月,kurage_words,2026-07-01T15:58:48.000+09:00,1390
n52e8a0b8d976,5509239,田中　正之,tmakka,2026-07-01T15:58:46.000+09:00,1281
n1cdcf505f910,13937586,Re:flec｜ひとり起業のWeb集客相談所,reflec_ota,2026-07-01T17:27:57.000+09:00,458
n1cdcf505f910,10676107,団しゃり,jikakunainen,2026-07-01T17:18:01.000+09:00,231
n1cdcf505f910,8518579,Re:gene｜モラハラ解決相談所,rumine_regene,2026-07-01T17:17:36.000+09:00,574
n1cdcf505f910,1074057,リホのイマジネーション競馬予想,lofty_camel8929,2026-07-01T16:24:49.000+09:00,357
n1cdcf505f910,14543746,楽市楽座が歴史を語る,dandy_lupine5106,2026-07-01T16:03:42.000+09:00,70
n1cdcf505f910,13648684,海月,kurage_words,2026-07-01T15:58:50.000+09:00,1390
n1cdcf505f910,12445483,永島美与子｜一級建築士×オンライン片付けアドバイザー,cafemake1_lab,2026-07-01T14:27:40.000+09:00,339
n111fbfc22da3,14543746,楽市楽座が歴史を語る,dandy_lupine5106,2026-07-01T16:03:48.000+09:00,70
n111fbfc22da3,12143967,ojichiku,ojickiku,2026-07-01T14:23:07.000+09:00,244
n33c3786a8c0a,14543746,楽市楽座が歴史を語る,dandy_lupine5106,2026-07-01T16:03:45.000+09:00,70
n33c3786a8c0a,12445483,永島美与子｜一級建築士×オンライン片付けアドバイザー,cafemake1_lab,2026-07-01T14:27:46.000+09:00,339
n96fdd23e76b7,14543746,楽市楽座が歴史を語る,dandy_lupine5106,2026-07-01T16:03:46.000+09:00,70
n01664b3c25f0,14302763,タピ,ready_harte8280,2026-07-01T17:44:24.000+09:00,182
n01664b3c25f0,5929754,ごんべえななし,lovely_broom339,2026-07-01T14:38:50.000+09:00,586
n52e534bf0411,10390902,ちかよりみち@🇩🇪ドイツ生活攻略家,chikayorimichi_5,2026-07-01T15:11:42.000+09:00,1119
n0f97df989e1e,10997933,阿部　礼司,dandy_chives4474,2026-07-01T14:48:15.000+09:00,496
n52e8a0b8d976,12020254,林祥晃,humble_bison3129,2026-07-01T19:53:16.000+09:00,1134
n52e8a0b8d976,5533501,div.rishi,div_rishi,2026-07-01T18:29:14.000+09:00,1053
n52e8a0b8d976,14065972,Mae_茶,brisk_wolf6012,2026-07-01T18:19:15.000+09:00,286
n1cdcf505f910,13941211,レモン　数奇な人生を楽しむミドルおじ,lemongus,2026-07-01T20:22:31.000+09:00,465
n1cdcf505f910,11543403,さとりのさとり,kopailog,2026-07-01T20:19:04.000+09:00,366
n1cdcf505f910,12020254,林祥晃,humble_bison3129,2026-07-01T19:53:17.000+09:00,1134
n1cdcf505f910,14854748,まる,maru___4,2026-07-01T18:41:36.000+09:00,10
n1cdcf505f910,5533501,div.rishi,div_rishi,2026-07-01T18:29:14.000+09:00,1053
n1cdcf505f910,8166572,ひゅー｜AI×分析｜考察と思考整理を楽しむ。note,hyu_nisworks,2026-07-01T18:01:49.000+09:00,472
n111fbfc22da3,5533501,div.rishi,div_rishi,2026-07-01T20:31:25.000+09:00,1053
n111fbfc22da3,14677933,みさ｜器で、いつものごはんを少し心地よく,misa_utsuwa3211,2026-07-01T20:30:56.000+09:00,1733
n111fbfc22da3,13416976,yukariyajp,brainy_thyme2046,2026-07-01T20:30:16.000+09:00,1590
n111fbfc22da3,11702028,信太郎,yama_8160,2026-07-01T20:28:14.000+09:00,1427
n6a6731b1bb07,6905415,豹子頭 林冲,hyousitou,2026-07-01T20:01:19.000+09:00,280
n57cfd1c0e046,13121483,真琴,makoto0410,2026-07-01T19:43:49.000+09:00,347
n52e534bf0411,14132723,せな｜無理しない低燃費生活,senanomainichi,2026-07-01T20:06:49.000+09:00,619
n52e8a0b8d976,14594555,TERUPAN,firm_stilt1606,2026-07-01T22:28:33.000+09:00,123
n52e8a0b8d976,13263543,すとれすふりぃ,lofty_walrus8294,2026-07-01T22:23:24.000+09:00,388
n52e8a0b8d976,14060586,コミュ障ネット,commushonet_net,2026-07-01T22:16:20.000+09:00,395
n52e8a0b8d976,11353573,まひ,magic_hosta5489,2026-07-01T21:45:32.000+09:00,747
n52e8a0b8d976,14786751,冬枯（ふゆがれ）,fuyugare,2026-07-01T20:52:13.000+09:00,172
n52e8a0b8d976,13518694,Kazu,kazu_siii,2026-07-01T20:50:30.000+09:00,527
n52e8a0b8d976,12081092,ツトム@一人暮らし男子の終活発信,tuishi_infor3582,2026-07-01T20:47:04.000+09:00,219
n52e8a0b8d976,12532920,ともこ⌇5児母｜不登校から母の人生をひらく,lush_honest3402,2026-07-01T20:44:42.000+09:00,1888
n1cdcf505f910,12385127,超育休志向｜りさ ＆ ゆういち,comfamily_lab,2026-07-01T23:07:01.000+09:00,528
n1cdcf505f910,11574500,ふらつき母ちゃん │脊髄小脳変性症ですが何か⁉️,dear_viper3924,2026-07-01T22:29:23.000+09:00,883
n1cdcf505f910,5828006,まなつ/突出マイノリティ列伝,tosshutsu_m,2026-07-01T21:48:38.000+09:00,6874
n1cdcf505f910,7723365,Wuta(ウタ),wuta_jp,2026-07-01T20:47:41.000+09:00,44
n1cdcf505f910,12081092,ツトム@一人暮らし男子の終活発信,tuishi_infor3582,2026-07-01T20:47:07.000+09:00,219
n1cdcf505f910,13884737,空月,crisp_plover9758,2026-07-01T20:39:04.000+09:00,1032
n1cdcf505f910,8576232,えーちゃん＠note副業,johnoji,2026-07-01T10:44:08.000+09:00,424
n111fbfc22da3,14529984,ANLY's Creative Story,anlycreatstory,2026-07-01T23:24:34.000+09:00,283
n111fbfc22da3,6079070,ふりすびー,jinseibakusyou,2026-07-01T22:15:45.000+09:00,64
n111fbfc22da3,14705023,じい｜今日も副業勉強中,fukugyo_ji_3,2026-07-01T21:57:56.000+09:00,268
n111fbfc22da3,14786751,冬枯（ふゆがれ）,fuyugare,2026-07-01T20:52:14.000+09:00,172
n111fbfc22da3,12081092,ツトム@一人暮らし男子の終活発信,tuishi_infor3582,2026-07-01T20:47:09.000+09:00,219
n6a6731b1bb07,12081092,ツトム@一人暮らし男子の終活発信,tuishi_infor3582,2026-07-01T20:47:10.000+09:00,219
n33c3786a8c0a,5828006,まなつ/突出マイノリティ列伝,tosshutsu_m,2026-07-01T23:26:17.000+09:00,6874
n33c3786a8c0a,12081092,ツトム@一人暮らし男子の終活発信,tuishi_infor3582,2026-07-01T20:47:11.000+09:00,219
n96fdd23e76b7,12081092,ツトム@一人暮らし男子の終活発信,tuishi_infor3582,2026-07-01T20:47:15.000+09:00,219
n01664b3c25f0,12081092,ツトム@一人暮らし男子の終活発信,tuishi_infor3582,2026-07-01T20:47:16.000+09:00,219
ne111366585e1,14132723,せな｜無理しない低燃費生活,senanomainichi,2026-07-01T21:14:01.000+09:00,621
ncab44d577d26,14132723,せな｜無理しない低燃費生活,senanomainichi,2026-07-01T21:09:23.000+09:00,621
nf04cdc80b3d2,14132723,せな｜無理しない低燃費生活,senanomainichi,2026-07-01T21:03:56.000+09:00,621
n27e90b40994d,12158291,考える赤柴｜司法書士試験挑戦中,eager_thyme9842,2026-07-01T22:19:44.000+09:00,362
nf45f7d36c5b5,14132723,せな｜無理しない低燃費生活,senanomainichi,2026-07-01T20:58:55.000+09:00,621
nedc8fc0d7413,14132723,せな｜無理しない低燃費生活,senanomainichi,2026-07-01T20:56:36.000+09:00,621
nb9142d843264,14132723,せな｜無理しない低燃費生活,senanomainichi,2026-07-01T20:53:12.000+09:00,621
n44d64b72a806,14132723,せな｜無理しない低燃費生活,senanomainichi,2026-07-01T20:47:23.000+09:00,621
n52e8a0b8d976,7515100,nonpono,nonpono,2026-07-02T01:40:52.000+09:00,335
n52e8a0b8d976,13300998,Natsuki₋Chubachi,grand_wren1771,2026-07-01T23:45:47.000+09:00,311
n1cdcf505f910,8911867,ルルトアヤコ,lovely_coyote546,2026-07-02T01:29:01.000+09:00,2728
n1cdcf505f910,13623901,あずなぶ〜る｜元在仏10年🇨🇵コミュ力アップ術✨️,alive_here3686,2026-07-02T00:54:44.000+09:00,901
n1cdcf505f910,10517876,向日葵じまにゃん🌻,jimanyan,2026-07-01T23:54:01.000+09:00,1956
n111fbfc22da3,13124177,のりまき,norimaki_217,2026-07-02T00:55:35.000+09:00,42
n111fbfc22da3,14059472,しおり｜発信しんどい人のAI発信副業術,note_loveryyyy,2026-07-01T23:54:11.000+09:00,108
n111fbfc22da3,2364826,andy｜投資・仕事・noteをデータで育てている人,andrewwaldfeld,2026-07-01T23:39:53.000+09:00,856
n96fdd23e76b7,8911867,ルルトアヤコ,lovely_coyote546,2026-07-02T01:32:55.000+09:00,2728
ndc269b57911d,8911867,ルルトアヤコ,lovely_coyote546,2026-07-02T01:56:37.000+09:00,2728
n4fb7eb7c3827,8911867,ルルトアヤコ,lovely_coyote546,2026-07-02T01:46:06.000+09:00,2728
n4ba2addd21ff,8911867,ルルトアヤコ,lovely_coyote546,2026-07-02T02:10:29.000+09:00,2728
n64f9025fc2d4,8911867,ルルトアヤコ,lovely_coyote546,2026-07-02T02:18:02.000+09:00,2728
nf45f7d36c5b5,10390902,ちかよりみち@🇩🇪ドイツ生活攻略家,chikayorimichi_5,2026-07-02T03:26:38.000+09:00,1122
n52e8a0b8d976,12813097,FXゼロスタート | JO📘,just_myrtle9054,2026-07-02T05:40:40.000+09:00,226
n52e8a0b8d976,1190435,うめぼし三色,umebosi3colorses,2026-07-02T05:27:01.000+09:00,384
n52e8a0b8d976,8563392,Intellectual curiosity,intel_quest,2026-07-02T03:53:17.000+09:00,385
n1cdcf505f910,2364826,andy｜投資・仕事・noteをデータで育てている人,andrewwaldfeld,2026-07-02T05:36:23.000+09:00,856
n1cdcf505f910,1190435,うめぼし三色,umebosi3colorses,2026-07-02T05:27:03.000+09:00,384
n1cdcf505f910,13164903,akiaki,cozy_iguana8458,2026-07-02T05:08:34.000+09:00,438
n111fbfc22da3,1190435,うめぼし三色,umebosi3colorses,2026-07-02T05:27:08.000+09:00,384
n6a6731b1bb07,1190435,うめぼし三色,umebosi3colorses,2026-07-02T05:27:09.000+09:00,384
n33c3786a8c0a,1190435,うめぼし三色,umebosi3colorses,2026-07-02T05:27:11.000+09:00,384
nedc8fc0d7413,10390902,ちかよりみち@🇩🇪ドイツ生活攻略家,chikayorimichi_5,2026-07-02T06:47:11.000+09:00,1121
n52e8a0b8d976,12556619,マブチトシキ,neckty_plus,2026-07-02T11:48:32.000+09:00,321
n52e8a0b8d976,12301144,ゆぴか ☀︎在宅で働きたい主婦（ちょっとワケあり）,tasty_quoll5392,2026-07-02T11:23:25.000+09:00,713
n52e8a0b8d976,14450054,ほみ｜猫とボドゲ。最近ボドゲ多め,homitokagisippo,2026-07-02T10:51:16.000+09:00,182
n52e8a0b8d976,13699341,黒瀬リヒト｜恋と運命の案内人,kuroserihito,2026-07-02T08:17:29.000+09:00,412
n52e8a0b8d976,13749170,Aya🌵競馬好き【展開・隊列・馬場傾向】 ,aykpikchu0305,2026-07-02T07:49:03.000+09:00,450
n111fbfc22da3,12840833,裏側から見た信頼論,fresh_spirea6354,2026-07-02T13:21:13.000+09:00,289
n111fbfc22da3,1899825,エイト｜noteを育てる実験記録,haruki835,2026-07-02T11:05:53.000+09:00,995
n6a6731b1bb07,11178899,KEN 田舎で介護,fit_lion6308,2026-07-02T10:44:14.000+09:00,527
n96fdd23e76b7,14236429,もち子｜リアル体験記,mochiko_real,2026-07-02T12:28:34.000+09:00,244
n96fdd23e76b7,11178899,KEN 田舎で介護,fit_lion6308,2026-07-02T10:48:29.000+09:00,527
n12a8431dc240,12301144,ゆぴか ☀︎在宅で働きたい主婦（ちょっとワケあり）,tasty_quoll5392,2026-07-02T11:19:13.000+09:00,713
nf45f7d36c5b5,11543403,さとりのさとり,kopailog,2026-07-02T07:13:31.000+09:00,366
n52e8a0b8d976,13876041,🐾コロッケノスケ☕🌙｜ゲッコーカフェ,rich_rat9818,2026-07-02T14:48:23.000+09:00,411
n1cdcf505f910,13876041,🐾コロッケノスケ☕🌙｜ゲッコーカフェ,rich_rat9818,2026-07-02T14:41:01.000+09:00,411
n44d64b72a806,13876041,🐾コロッケノスケ☕🌙｜ゲッコーカフェ,rich_rat9818,2026-07-02T15:13:26.000+09:00,411
n1cdcf505f910,11837112,もぐら,mogurabooks,2026-07-02T19:25:47.000+09:00,264
n111fbfc22da3,8518579,Re:gene｜モラハラ解決相談所,rumine_regene,2026-07-02T18:52:46.000+09:00,573
n111fbfc22da3,13937586,Re:flec｜ひとり起業のWeb集客相談所,reflec_ota,2026-07-02T18:47:09.000+09:00,457
n33c3786a8c0a,10390902,ちかよりみち@🇩🇪ドイツ生活攻略家,chikayorimichi_5,2026-07-02T19:51:34.000+09:00,1122
n01664b3c25f0,10390902,ちかよりみち@🇩🇪ドイツ生活攻略家,chikayorimichi_5,2026-07-02T19:56:28.000+09:00,1122
n52e8a0b8d976,13079748,🌙 JO’s Next Stage Diary,crisp_fennel331,2026-07-02T22:49:09.000+09:00,216
n52e8a0b8d976,12649729,けんじ🎣｜釣り日記と釣果報告,kenji_fishing,2026-07-02T21:13:01.000+09:00,1367
n52e8a0b8d976,11973177,るこのみらい,ruco3,2026-07-02T20:59:58.000+09:00,2057
nb05037629dfc,3598618,はしゃも｜感情構造エンジニア,hasyamo,2026-07-02T22:11:35.000+09:00,541
nb05037629dfc,7723365,Wuta(ウタ),wuta_jp,2026-07-02T22:06:57.000+09:00,47
nb05037629dfc,11828830,みっちぃ|子供と一緒に成長したい2児の父,pure_bear1643,2026-07-02T22:03:59.000+09:00,439
nb05037629dfc,13546760,あおい｜仕事と本音のあいだ,charm_loris2565,2026-07-02T22:02:06.000+09:00,753
nb05037629dfc,4877017,須川元介/情報翻訳家,skagenavi,2026-07-02T21:58:51.000+09:00,2392
nb05037629dfc,12301144,ゆぴか ☀︎在宅で働きたい主婦（ちょっとワケあり）,tasty_quoll5392,2026-07-02T21:49:22.000+09:00,717
nb05037629dfc,10517876,向日葵じまにゃん🌻,jimanyan,2026-07-02T21:39:58.000+09:00,1963
nb05037629dfc,5738970,営業fafa | note業界No.1営業マン,kohana1112,2026-07-02T21:39:01.000+09:00,1541
nb05037629dfc,12624691,あん｜noteと遊ぶ,aging_gracefully,2026-07-02T21:37:17.000+09:00,1287
nb05037629dfc,14132723,せな｜無理しない低燃費生活,senanomainichi,2026-07-02T21:27:21.000+09:00,631
nb05037629dfc,13638553,まぐ。/ 公式裏アカウント 【まぐnet。】,fancy_impala8140,2026-07-02T21:21:36.000+09:00,330
nb05037629dfc,12158291,考える赤柴｜司法書士試験挑戦中,eager_thyme9842,2026-07-02T21:20:27.000+09:00,367
nb05037629dfc,13079732,ＣＯＯＬ｜家族を守り抜くと決めた日から,vast_tulip7937,2026-07-02T21:18:15.000+09:00,1160
nb05037629dfc,12294290,Camellia Mountain,camellia_0821,2026-07-02T21:13:54.000+09:00,411
nb05037629dfc,12649729,けんじ🎣｜釣り日記と釣果報告,kenji_fishing,2026-07-02T21:13:02.000+09:00,1367
nb05037629dfc,14767723,黒羽kuroha,kuroha_story,2026-07-02T21:03:51.000+09:00,339
nb05037629dfc,6855089,きくちゃん｜人生立て直し中,lovely_iris784,2026-07-02T21:00:48.000+09:00,377
nb05037629dfc,8911867,ルルトアヤコ,lovely_coyote546,2026-07-02T20:57:29.000+09:00,2730
nb05037629dfc,13281186,さくさく|人生の不安に寄り添う相談室,jidoukan_judge,2026-07-02T20:55:32.000+09:00,1873
nb05037629dfc,6905415,豹子頭 林冲,hyousitou,2026-07-02T20:51:01.000+09:00,279
nb05037629dfc,13777980,しげちーSS,shjgechy,2026-07-02T20:48:49.000+09:00,547
nb05037629dfc,10964378,ななな,nanaokuen_7777,2026-07-02T20:46:07.000+09:00,784
nb05037629dfc,12789134,とり,tori2323,2026-07-02T20:43:59.000+09:00,3023
nb05037629dfc,5330022,Marie | まりーの小さな⚙️歯車⚙️ラボ🔬,marie_222,2026-07-02T20:43:35.000+09:00,49
nb05037629dfc,13405464,木漏れ日亭,komorebi_tei,2026-07-02T20:40:28.000+09:00,664
nb05037629dfc,12771942,KOU🍀｜noteを育てて収益化,kou_seiho,2026-07-02T20:40:11.000+09:00,857
nb05037629dfc,13107123,ランマッスル,runmuscle_m,2026-07-02T20:37:37.000+09:00,5500
nb05037629dfc,12417301,すみれ,genial_wren230,2026-07-02T20:36:42.000+09:00,327
nb05037629dfc,14678969,コツシバ｜ベンチプレス系ITエンジニア,kotsushiba,2026-07-02T20:34:08.000+09:00,1163
n111fbfc22da3,12789134,とり,tori2323,2026-07-02T22:27:53.000+09:00,3023
n111fbfc22da3,13981078,まこ｜アラフォー独女の崖っぷち記録,__around40life,2026-07-02T22:06:41.000+09:00,78
n52e8a0b8d976,6367458,モアナちゃん　フォロバ100🥰,naov61221,2026-07-02T23:32:23.000+09:00,1164
nb05037629dfc,5370004,keito@necocan,necocan,2026-07-03T03:01:20.000+09:00,185
nb05037629dfc,12520531,RUKA,santuario_ruka,2026-07-03T03:01:12.000+09:00,364
nb05037629dfc,5828006,まなつ/突出マイノリティ列伝,tosshutsu_m,2026-07-03T02:28:30.000+09:00,6895
nb05037629dfc,11837112,もぐら,mogurabooks,2026-07-03T00:12:07.000+09:00,264
nb05037629dfc,10646763,雪国ゆり☃️薬学部文学科(獣医学選択),yuriri_love202,2026-07-02T23:41:10.000+09:00,509
nb05037629dfc,13140757,雪詠｜ゆきよみ,yukiyomi,2026-07-02T23:32:10.000+09:00,855
nb05037629dfc,13852441,アリゼロ🐜氷河期世代の働きアリ@自身が会社で経験してきた問題点や気づきを発信しています。,hataraku_ari999,2026-07-02T23:05:33.000+09:00,247
nb05037629dfc,13163455,KOTAYA | 今日はこれで合格,kotaya_log,2026-07-02T23:04:55.000+09:00,3040
nb05037629dfc,11395794,零ぴちゅ。,reipichu,2026-07-02T23:03:29.000+09:00,4588
n1cdcf505f910,13163455,KOTAYA | 今日はこれで合格,kotaya_log,2026-07-03T00:12:49.000+09:00,3040
n111fbfc22da3,12174575,コロガシ兄弟🔥競艇予想士,kyotei_brothers,2026-07-03T03:12:21.000+09:00,999
n111fbfc22da3,12520531,RUKA,santuario_ruka,2026-07-03T03:04:32.000+09:00,364
n111fbfc22da3,14914125,「しんさくの介護と暮らしの記録」,legit_quokka8173,2026-07-03T01:48:51.000+09:00,132
n111fbfc22da3,10827166,コンパス みき✨️好きのタネ🌱‬‪を育てる案内人,compass_m360,2026-07-03T00:39:01.000+09:00,1470
n96fdd23e76b7,10827166,コンパス みき✨️好きのタネ🌱‬‪を育てる案内人,compass_m360,2026-07-03T00:38:41.000+09:00,1470
n7170484aebb5,10390902,ちかよりみち@🇩🇪ドイツ生活攻略家,chikayorimichi_5,2026-07-03T03:21:48.000+09:00,1124
n1e6071e12c8b,14018893,Yzk 人間関係の重荷を軽くする,kazuyaf44,2026-07-02T23:41:32.000+09:00,1327
n1e6071e12c8b,13137374,宇宙珍獣🦄🌬️ユル勇者あかね,lovely_rose3365,2026-07-02T23:40:09.000+09:00,1786
n52e8a0b8d976,12440597,徒然,magic_deer5743,2026-07-03T06:25:26.000+09:00,260
n52e8a0b8d976,11437482,すがけん／Kindle出版プロデューサー／信頼資産出版の専門家,panta_zunou4921,2026-07-03T04:50:53.000+09:00,241
n52e8a0b8d976,8911867,ルルトアヤコ,lovely_coyote546,2026-07-03T04:23:52.000+09:00,2731
nb05037629dfc,14363101,ゆ,yuuwa1046,2026-07-03T06:08:18.000+09:00,133
nb05037629dfc,3931382,モナコ,kinking827,2026-07-03T06:06:03.000+09:00,384
nb05037629dfc,7733987,Seiri_AD,seiri_ad,2026-07-03T04:47:10.000+09:00,195
n111fbfc22da3,11089513,なる| ED完治するまでの全記録,naru_change_,2026-07-03T05:55:07.000+09:00,88
n111fbfc22da3,6647900,8インフィ8,8happy_lion8,2026-07-03T05:29:39.000+09:00,359
n111fbfc22da3,12385282,中村区のはなし,rosy_ivy1330,2026-07-03T05:19:30.000+09:00,1234
n111fbfc22da3,11474190,断罪と慈愛の歌詠み師 UTAKO,bold_slug9390,2026-07-03T03:58:49.000+09:00,580
nb9142d843264,10390902,ちかよりみち@🇩🇪ドイツ生活攻略家,chikayorimichi_5,2026-07-03T03:27:13.000+09:00,1124
n52e8a0b8d976,10621369,そっとねこ,sottoneko,2026-07-03T10:46:46.000+09:00,895
nb05037629dfc,13764080,まこ＠薬草魔女,picking_stars,2026-07-03T13:17:22.000+09:00,295
nb05037629dfc,10621369,そっとねこ,sottoneko,2026-07-03T10:47:39.000+09:00,895
nb05037629dfc,11561590,かえるこ | Kaeruko,serene_pansy617,2026-07-03T10:26:12.000+09:00,4680
nb05037629dfc,14414366,碧乃さくら,unique_turkey951,2026-07-03T08:26:12.000+09:00,497
nb05037629dfc,14490242,Mind Log,mindlog_mapai,2026-07-03T08:22:55.000+09:00,1614
nb05037629dfc,6368467,2035年アセンション(オリオン通信）,eionken,2026-07-03T07:16:42.000+09:00,616
nb05037629dfc,12591374,ケンタロウ/gr.minpaku,merry_robin6845,2026-07-03T07:05:59.000+09:00,491
nb05037629dfc,13161722,おあつ,keen_pipit1182,2026-07-03T06:53:34.000+09:00,1681
nb05037629dfc,13965785,ことのは｜心の整理ノート　,cute_parrot8784,2026-07-03T06:49:05.000+09:00,51
nb05037629dfc,6853782,うみか えお,gentle_broom451,2026-07-03T06:38:36.000+09:00,382
n111fbfc22da3,11978769,AI & Happy Forever420 ,clear_acacia1018,2026-07-03T10:17:16.000+09:00,86
n111fbfc22da3,12352770,もりりん@コンテンツ起業コーチ,moririnnote,2026-07-03T08:02:50.000+09:00,1798
n111fbfc22da3,9757466,ことの｜心と癒しの探求室🌷🎈,kanon_1111,2026-07-03T07:23:54.000+09:00,1723
n6a6731b1bb07,13876041,🐾コロッケノスケ☕🌙｜ゲッコーカフェ,rich_rat9818,2026-07-03T12:47:14.000+09:00,419
n03996f26c637,2490558,だんだんありがと@めじゅ,dandan_arigato19,2026-07-03T09:01:27.000+09:00,565
n52e534bf0411,2490558,だんだんありがと@めじゅ,dandan_arigato19,2026-07-03T09:01:12.000+09:00,565
n096c33bded83,2490558,だんだんありがと@めじゅ,dandan_arigato19,2026-07-03T09:01:47.000+09:00,565
n52e8a0b8d976,13796726,「仕事の結果にコミットする」 コーチ｜ふるげんたつあき,career_forward,2026-07-03T14:48:12.000+09:00,378
nb05037629dfc,10870293,就労継続支援A型「ルミエラ白井」公式,gay_snail5317,2026-07-03T16:47:00.000+09:00,1416
nb05037629dfc,12521570,しろのある,shirono_aru,2026-07-03T16:09:16.000+09:00,3864
nb05037629dfc,7703704,清宮ゆうか｜年子兄妹のママ・薬剤師,yuka_k_mom,2026-07-03T15:43:15.000+09:00,1414
nb05037629dfc,13900618,sophie,scribble_1000,2026-07-03T14:20:37.000+09:00,812
nb05037629dfc,12584462,びび🌷,bibi_mk,2026-07-03T14:06:15.000+09:00,1576
n1cdcf505f910,14960484,ゆうし,yushi_422,2026-07-03T14:35:05.000+09:00,2
n111fbfc22da3,14397969,hi_office,fam_daliy,2026-07-03T16:03:56.000+09:00,474
n52e8a0b8d976,9489656,MeGood,megood_1028,2026-07-03T17:41:31.000+09:00,61
nb05037629dfc,13164903,akiaki,cozy_iguana8458,2026-07-03T19:05:53.000+09:00,438
nb05037629dfc,8166572,ひゅー｜AI×分析｜考察と思考整理を楽しむ。note,hyu_nisworks,2026-07-03T17:53:41.000+09:00,478
n111fbfc22da3,14504596,虚無うさぎ｜AI動画とSNS実験室,moshimochoice,2026-07-03T18:08:53.000+09:00,56
n111fbfc22da3,14930580,しんぺい,fresh_curlew1684,2026-07-03T17:47:15.000+09:00,18
nb05037629dfc,11094532,不屈の屈葬,fukutsunokussou,2026-07-03T22:57:32.000+09:00,1437
nb05037629dfc,12385127,超育休志向｜りさ ＆ ゆういち,comfamily_lab,2026-07-03T22:30:56.000+09:00,528
nb05037629dfc,13927059,はる,haru_growth,2026-07-03T22:15:49.000+09:00,291
nb05037629dfc,13316377,アイノタイチ｜𝕄𝕄ℕ,gey_chevis6981,2026-07-03T21:28:58.000+09:00,2231
nb05037629dfc,4859491,スイッチくん🐻😊 │ AI共創のハードルを下げる🌈,switchkun_2103,2026-07-03T20:25:46.000+09:00,748
n1cdcf505f910,14387463,noteで遊ぶ黒猫＠フォロバ500,multi_account,2026-07-03T22:36:24.000+09:00,2748
n111fbfc22da3,14439190,組織の臨床医｜潜伏中の本部長,bac53998,2026-07-03T22:28:24.000+09:00,182
n111fbfc22da3,14798107,夜空☆　 ドタバタ凹凸毎日お疲れさまです！　癒しの月明かり広場へようこそ,3441043tn,2026-07-03T21:55:55.000+09:00,76
n111fbfc22da3,14029694,ぽんこつママ｜失敗しても0→1できたんだってさ,ponkotsu_mom,2026-07-03T21:38:41.000+09:00,84
n111fbfc22da3,474215,Noir｜ノワ,onomachisan,2026-07-03T20:58:15.000+09:00,78
n111fbfc22da3,14034884,ケンジ｜AI副業研究家,ai_fukugyo_kenji,2026-07-03T20:02:00.000+09:00,311
ncab44d577d26,6855089,きくちゃん｜人生立て直し中,lovely_iris784,2026-07-03T22:27:15.000+09:00,381
ncda4a4be4d28,6855089,きくちゃん｜人生立て直し中,lovely_iris784,2026-07-03T22:34:45.000+09:00,381
n0f97df989e1e,14363101,ゆ,yuuwa1046,2026-07-03T21:43:53.000+09:00,132
nb05037629dfc,8857122,うるるん,nice_daisy957,2026-07-04T00:48:50.000+09:00,1103
n1cdcf505f910,8857122,うるるん,nice_daisy957,2026-07-04T00:50:23.000+09:00,1103
n111fbfc22da3,14678969,コツシバ｜ベンチプレス系ITエンジニア,kotsushiba,2026-07-03T23:55:31.000+09:00,1188
n111fbfc22da3,14716547,ダイスケ,blue9610,2026-07-03T23:16:24.000+09:00,12
n52e8a0b8d976,7896891,ポンタ,pontanohaha,2026-07-04T12:28:36.000+09:00,1186
n52e8a0b8d976,11104425,momotaro-planning（モモプラ）,momopla,2026-07-04T08:42:20.000+09:00,64
nb05037629dfc,11973177,るこのみらい,ruco3,2026-07-04T12:17:59.000+09:00,2060
nb05037629dfc,11282467,Dr.フクロウ,dear_serval2696,2026-07-04T11:57:33.000+09:00,12
nb05037629dfc,12168733,Kyosuke（みんなのWeb屋さん）,kyosuke_create,2026-07-04T11:21:08.000+09:00,135
nb05037629dfc,2884954,森田ゆき,myuki4521,2026-07-04T07:12:33.000+09:00,382
n1cdcf505f910,11282467,Dr.フクロウ,dear_serval2696,2026-07-04T11:57:09.000+09:00,12
n111fbfc22da3,14826328,aki｜noteを商品にする設計,aki1709,2026-07-04T10:43:29.000+09:00,31
n111fbfc22da3,14687062,みだん,midamidamidan,2026-07-03T17:44:38.000+09:00,197
n57cfd1c0e046,10996521,なごみ佑,yuh_nagomi,2026-07-04T09:44:59.000+09:00,556
n52e8a0b8d976,13470429,Imai,imai_edu1989,2026-07-04T16:05:36.000+09:00,99
nb05037629dfc,10750843,Takanashi（たかなし）,takanashi_note01,2026-07-04T14:23:45.000+09:00,1261
nb05037629dfc,10460304,ちんぱん🐒会社しかない状態を減らす45歳,ojisan_chinpan,2026-07-04T13:25:15.000+09:00,848
nb05037629dfc,1190435,うめぼし三色,umebosi3colorses,2026-07-04T18:35:22.000+09:00,388
n96fdd23e76b7,14191085,えめたん,yes_emetan,2026-07-04T17:30:37.000+09:00,34
nb05037629dfc,5513805,カナミン｜AIと迷いながら、進む人,kanamin26,2026-07-04T20:32:35.000+09:00,830
n1cdcf505f910,829114,カチャオ,kachao,2026-07-04T22:08:17.000+09:00,12
n6a6731b1bb07,8871544,つむぎゆい｜繊細さんの捉え方を変える創作作家,tumugi_yui,2026-07-04T21:22:48.000+09:00,255
n111fbfc22da3,14588426,月詠ことの🌙 恋愛タロット,tsukuyomi_koto,2026-07-04T23:17:49.000+09:00,86
n96fdd23e76b7,14214771,ニャンシー・スズキ｜4児の父・教員（化学）,nyanshi_suzuki35,2026-07-05T00:17:41.000+09:00,269
n4b45540fc238,14414366,碧乃さくら,unique_turkey951,2026-07-04T23:42:11.000+09:00,524
ne1a87d5b28a6,7185658,高取しづか｜ママのコミュトレの先生,shizuka_kosodate,2026-07-05T01:42:11.000+09:00,1304
n52e8a0b8d976,10460304,ちんぱん🐒会社しかない状態を減らす45歳,ojisan_chinpan,2026-07-05T10:34:47.000+09:00,850
n52e8a0b8d976,12052319,ひー管理栄養士,hi_room4649,2026-07-05T09:21:23.000+09:00,1555
n52e8a0b8d976,10284403,みち,michi_15,2026-07-05T07:35:04.000+09:00,1134
nb05037629dfc,1218500,さくら,sakura_wellness,2026-07-05T12:59:14.000+09:00,1459
nb05037629dfc,12602815,みじゅくパパ,mijuku_father,2026-07-05T12:55:35.000+09:00,501
nb05037629dfc,13037359,丁寧な暮らし/生きやすさ探求家,gentle_gecko1078,2026-07-05T12:25:46.000+09:00,315
nb05037629dfc,13649597,K｜病院事務出身×シンギュラリティに備える人,witty_myrtle4328,2026-07-05T11:43:09.000+09:00,1040
nb05037629dfc,9955605,ヒトリミチ🐱HSPネコミミ娘,lively_wolf2604,2026-07-05T11:14:52.000+09:00,2131
nb05037629dfc,13623901,あずなぶ〜る｜元在仏10年🇨🇵コミュ力アップ術✨️,alive_here3686,2026-07-05T10:14:27.000+09:00,956
nb05037629dfc,13792780,営業パパ,eigyopapa,2026-07-05T09:13:10.000+09:00,1726
nb05037629dfc,7042335,ととのえびと,kind_pansy197,2026-07-05T07:54:03.000+09:00,338
nb05037629dfc,10284403,みち,michi_15,2026-07-05T07:35:05.000+09:00,1134
nb05037629dfc,14225987,mirevo_ai,mirevo_ai,2026-07-05T06:31:56.000+09:00,535
n1cdcf505f910,1218500,さくら,sakura_wellness,2026-07-05T12:51:34.000+09:00,1459
n1cdcf505f910,10460304,ちんぱん🐒会社しかない状態を減らす45歳,ojisan_chinpan,2026-07-05T10:39:22.000+09:00,850
n111fbfc22da3,1218500,さくら,sakura_wellness,2026-07-05T12:59:18.000+09:00,1459
n111fbfc22da3,13470716,ぱっちー@心に響く言葉とたまに役に立つ情報,fine_loris7218,2026-07-05T12:47:30.000+09:00,632
n111fbfc22da3,10284403,みち,michi_15,2026-07-05T07:44:32.000+09:00,1134
n111fbfc22da3,14225987,mirevo_ai,mirevo_ai,2026-07-05T06:32:10.000+09:00,535
n6a6731b1bb07,8749696,夏の日の少年,ao_issyoku_de_ii,2026-07-05T08:51:13.000+09:00,419
n6a6731b1bb07,14225987,mirevo_ai,mirevo_ai,2026-07-05T06:32:11.000+09:00,535
n96fdd23e76b7,14798107,夜空☆　 ドタバタ凹凸毎日お疲れさん仲間　癒しの月明かり広場へようこそ,3441043tn,2026-07-05T11:12:29.000+09:00,81
n01664b3c25f0,10460304,ちんぱん🐒会社しかない状態を減らす45歳,ojisan_chinpan,2026-07-05T10:46:58.000+09:00,850
n34d6c85656ad,14520690,るこのnote設計室,royal_crocus4529,2026-07-05T10:13:31.000+09:00,215
nb05037629dfc,11574500,ふらつき母ちゃん │脊髄小脳変性症ですが何か⁉️,dear_viper3924,2026-07-05T16:33:17.000+09:00,894
nb05037629dfc,12966384,FANTASY-AI JP,mute_hyena5293,2026-07-05T07:19:44.000+09:00,118
n111fbfc22da3,13082493,𖡼.𖤣𖥧たがりうさぎ🐰RuRu𖥧𖤣.𖡼,mind8colorful_l,2026-07-05T15:06:15.000+09:00,1118
nb05037629dfc,10069756,うどあり│キャリア逆転の美学,udoari_imagine,2026-07-05T17:25:23.000+09:00,545
n111fbfc22da3,14972551,元公務員YoshiのAI副業研究所,long_salvia3120,2026-07-05T18:51:00.000+09:00,12
n111fbfc22da3,14761962,Claude Code 時短ラボ,claudecode_jitan,2026-07-05T17:12:24.000+09:00,78
n35bb2e366a2b,2608093,ジョセフ｜境界で書くエッセイスト,just_beetle1564,2026-07-05T17:33:28.000+09:00,1507
n52e8a0b8d976,14060433,Bluebell diary🌿,modern_llama1047,2026-07-05T21:09:43.000+09:00,226
n52e8a0b8d976,14382679,きりんちゃん123,kirinkirin88,2026-07-05T20:16:35.000+09:00,97
n7e740cfc5fce,13140757,雪詠｜ゆきよみ,yukiyomi,2026-07-05T22:31:33.000+09:00,855
n7e740cfc5fce,13161722,おあつ,keen_pipit1182,2026-07-05T22:11:49.000+09:00,1695
n7e740cfc5fce,5738970,営業fafa | note業界No.1営業マン,kohana1112,2026-07-05T22:01:42.000+09:00,1561
n7e740cfc5fce,12624691,あん｜noteと遊ぶ,aging_gracefully,2026-07-05T21:58:46.000+09:00,1295
n7e740cfc5fce,13777980,しげちーSS,shjgechy,2026-07-05T21:56:00.000+09:00,558
n7e740cfc5fce,12668465,紅茶🫖｜ことばの庭,usagi_no_mimi_,2026-07-05T21:52:03.000+09:00,219
n7e740cfc5fce,12157269,ken ｜ 完全無課金AI戦略 × note運営,noted_sheep3883,2026-07-05T21:38:28.000+09:00,3408
n7e740cfc5fce,13164903,akiaki,cozy_iguana8458,2026-07-05T21:26:15.000+09:00,441
n7e740cfc5fce,3453696,さんど,hiro0641,2026-07-05T21:17:32.000+09:00,155
n7e740cfc5fce,7723365,Wuta(ウタ),wuta_jp,2026-07-05T21:16:32.000+09:00,56
n7e740cfc5fce,13405464,木漏れ日亭,komorebi_tei,2026-07-05T21:07:31.000+09:00,674
n7e740cfc5fce,6905415,豹子頭 林冲,hyousitou,2026-07-05T21:02:30.000+09:00,279
n7e740cfc5fce,10750843,Takanashi（たかなし）,takanashi_note01,2026-07-05T20:57:53.000+09:00,1263
n7e740cfc5fce,12949168,不真面目小児科医　しうまい,misasyu5,2026-07-05T20:57:43.000+09:00,645
n7e740cfc5fce,13574007,🍀ベンジャミン🍀,noble_spirea7217,2026-07-05T20:56:01.000+09:00,1020
n7e740cfc5fce,14132723,せな｜無理しない低燃費生活,senanomainichi,2026-07-05T20:53:22.000+09:00,644
n7e740cfc5fce,13852441,アリゼロ🐜氷河期世代の働きアリ@自身が会社で経験してきた問題点や気づきを発信しています。,hataraku_ari999,2026-07-05T20:52:05.000+09:00,256
n7e740cfc5fce,11871913,JOWRAKU,jowraku,2026-07-05T20:51:56.000+09:00,559
n7e740cfc5fce,13107123,ランマッスル,runmuscle_m,2026-07-05T20:48:36.000+09:00,5643
n7e740cfc5fce,13900618,sophie,scribble_1000,2026-07-05T20:47:18.000+09:00,814
n7e740cfc5fce,10460304,ちんぱん🐒会社しかない状態を減らす45歳,ojisan_chinpan,2026-07-05T20:46:19.000+09:00,855
n7e740cfc5fce,13079732,ＣＯＯＬ｜家族を守り抜くと決めた日から,vast_tulip7937,2026-07-05T20:43:36.000+09:00,1162
n7e740cfc5fce,10390902,ちかよりみち@🇩🇪ドイツ生活攻略家,chikayorimichi_5,2026-07-05T20:42:03.000+09:00,1131
n7e740cfc5fce,5828006,まなつ/突出マイノリティ列伝,tosshutsu_m,2026-07-05T20:39:16.000+09:00,7015
n7e740cfc5fce,13638553,まぐ。/ 公式裏アカウント 【まぐnet。】,fancy_impala8140,2026-07-05T20:36:34.000+09:00,337
n7e740cfc5fce,13283004,黒字化の外科医｜Web制作会社の「実務改善」経営参謀,constdx,2026-07-05T20:36:24.000+09:00,2896
n7e740cfc5fce,5330022,Marie | まりーの小さな⚙️歯車⚙️ラボ🔬,marie_222,2026-07-05T20:36:13.000+09:00,52
n7e740cfc5fce,10558749,168【朝になるまで読まないで😆】,note_note_note_3,2026-07-05T20:35:50.000+09:00,26
n7e740cfc5fce,10175064,雪綴ゆき,wise_rat6355,2026-07-05T20:34:46.000+09:00,6715
n7e740cfc5fce,2490558,だんだんありがと@めじゅ,dandan_arigato19,2026-07-05T20:34:08.000+09:00,577
nb05037629dfc,12609349,うさぴん,keen_crab3069,2026-07-05T21:31:54.000+09:00,18
nb05037629dfc,14382679,きりんちゃん123,kirinkirin88,2026-07-05T20:16:47.000+09:00,97
n1cdcf505f910,6855089,きくちゃん｜人生立て直し中,lovely_iris784,2026-07-05T20:17:15.000+09:00,391
n111fbfc22da3,7284416,Lamb,lambry,2026-07-05T21:02:07.000+09:00,0
n111fbfc22da3,13397084,YUKI|本紹介,light_turtle9037,2026-06-30T18:05:30.000+09:00,1138
n52e8a0b8d976,13637621,月見草へらさん🌙🌼｜Smiling Soul,herarin_create,2026-07-05T23:51:52.000+09:00,12
n7e740cfc5fce,2784079,せき｜1か月でフォロワーを1000人増やす方法発信中🔥,seki_x_note,2026-07-06T00:31:10.000+09:00,211
n7e740cfc5fce,4877017,須川元介/情報翻訳家,skagenavi,2026-07-06T00:29:13.000+09:00,2395
n7e740cfc5fce,13613385,羅生門SKY,codex_strategy,2026-07-05T23:54:29.000+09:00,451
n7e740cfc5fce,14363101,ゆ,yuuwa1046,2026-07-05T23:24:49.000+09:00,133
n7e740cfc5fce,11543403,さとりのさとり,kopailog,2026-07-05T23:10:54.000+09:00,367
n7e740cfc5fce,10517876,向日葵じまにゃん🌻,jimanyan,2026-07-05T23:06:49.000+09:00,1969
n7e740cfc5fce,12158291,考える赤柴｜司法書士試験挑戦中,eager_thyme9842,2026-07-05T23:06:07.000+09:00,374
n7e740cfc5fce,12168733,Kyosuke（みんなのWeb屋さん）,kyosuke_create,2026-07-05T23:04:18.000+09:00,138
n7e740cfc5fce,11561590,かえるこ | Kaeruko,serene_pansy617,2026-07-05T23:01:59.000+09:00,4718
n7e740cfc5fce,3913824,yayo,yayo_0102,2026-07-05T23:00:58.000+09:00,81
n7e740cfc5fce,14414366,碧乃さくら,unique_turkey951,2026-07-05T22:53:12.000+09:00,535
nb05037629dfc,11474190,断罪と慈愛の歌詠み師 UTAKO(故障中😵‍💫💦コメント返信お待ちください💦),bold_slug9390,2026-07-06T02:20:41.000+09:00,583
nb05037629dfc,2622560,丸々,ul_3k,2026-07-05T23:52:23.000+09:00,419
n111fbfc22da3,12893179,つむぎ🌷【SNSなし】言葉をつむぐnote,tumugi_note,2026-07-06T00:02:21.000+09:00,9197
n111fbfc22da3,13503368,ひなひな🌷,hinahina0803,2026-07-05T23:40:03.000+09:00,337
n52e534bf0411,12668465,紅茶🫖｜ことばの庭,usagi_no_mimi_,2026-07-05T23:08:26.000+09:00,218
n4483ea3d4c94,12158291,考える赤柴｜司法書士試験挑戦中,eager_thyme9842,2026-07-05T23:12:33.000+09:00,374
n096c33bded83,10390902,ちかよりみち@🇩🇪ドイツ生活攻略家,chikayorimichi_5,2026-07-06T01:05:27.000+09:00,1131
n70affbf5c21a,14387463,noteで遊ぶ黒猫＠フォロバ500,multi_account,2026-07-06T02:34:13.000+09:00,2846
n6d6dfd9e639f,14387463,noteで遊ぶ黒猫＠フォロバ500,multi_account,2026-07-06T02:33:03.000+09:00,2846
n0fdeaf966447,14387463,noteで遊ぶ黒猫＠フォロバ500,multi_account,2026-07-06T02:31:57.000+09:00,2846
nbc381a3c6979,14387463,noteで遊ぶ黒猫＠フォロバ500,multi_account,2026-07-06T02:32:03.000+09:00,2846
n0f97df989e1e,14387463,noteで遊ぶ黒猫＠フォロバ500,multi_account,2026-07-06T02:30:13.000+09:00,2846
n7e740cfc5fce,2364826,andy｜投資・仕事・noteをデータで育てている人,andrewwaldfeld,2026-07-06T05:31:35.000+09:00,860
n7e740cfc5fce,12377105,まるよか,yokayoka5103,2026-07-06T05:05:34.000+09:00,1473
n7e740cfc5fce,10646763,雪国ゆり☃️薬学部文学科(獣医学選択),yuriri_love202,2026-07-06T03:31:57.000+09:00,517
nb05037629dfc,13876041,🐾コロッケノスケ☕🌙｜ゲッコーカフェ,rich_rat9818,2026-07-06T04:22:45.000+09:00,427
n7e740cfc5fce,13757607,ゼン,happy_kudu6851,2026-07-06T12:59:09.000+09:00,279
n7e740cfc5fce,12521570,しろのある,shirono_aru,2026-07-06T10:48:03.000+09:00,3870
n7e740cfc5fce,13927059,はる,haru_growth,2026-07-06T10:29:19.000+09:00,297
n7e740cfc5fce,564742,ta_kawano,takawano,2026-07-06T09:52:47.000+09:00,63
n7e740cfc5fce,12294290,Camellia Mountain,camellia_0821,2026-07-06T07:33:20.000+09:00,411
n7e740cfc5fce,10964378,ななな,nanaokuen_7777,2026-07-06T07:27:45.000+09:00,797
n7e740cfc5fce,12591374,ケンタロウ/gr.minpaku,merry_robin6845,2026-07-06T06:36:51.000+09:00,492
n7e740cfc5fce,4509042,猫の父さん@トトとチー,cat48_1010,2026-07-06T06:30:58.000+09:00,421
nb05037629dfc,564742,ta_kawano,takawano,2026-07-06T09:57:04.000+09:00,63
n1cdcf505f910,564742,ta_kawano,takawano,2026-07-06T10:15:30.000+09:00,63
n6a6731b1bb07,3913824,yayo,yayo_0102,2026-07-06T11:06:54.000+09:00,81
n33c3786a8c0a,564742,ta_kawano,takawano,2026-07-06T10:16:42.000+09:00,63
n01664b3c25f0,564742,ta_kawano,takawano,2026-07-06T10:24:58.000+09:00,63
n12a8431dc240,564742,ta_kawano,takawano,2026-07-06T10:29:06.000+09:00,63
n27e90b40994d,564742,ta_kawano,takawano,2026-07-06T09:43:38.000+09:00,63
n72a2eb428f64,564742,ta_kawano,takawano,2026-07-06T09:41:09.000+09:00,63
ncda4a4be4d28,564742,ta_kawano,takawano,2026-07-06T09:36:45.000+09:00,63
na63e407a9a7f,12158291,考える赤柴｜司法書士試験挑戦中,eager_thyme9842,2026-07-06T13:36:47.000+09:00,374
n7e740cfc5fce,8166572,ひゅー｜AI×分析｜考察と思考整理を楽しむ。note,hyu_nisworks,2026-07-06T17:30:13.000+09:00,482
n7e740cfc5fce,12385127,超育休志向｜りさ ＆ ゆういち,comfamily_lab,2026-07-06T16:15:16.000+09:00,530
n7e740cfc5fce,11634537,ナオユキ｜物語と知識のコンシェルジュ,ai_naoyuki,2026-07-06T16:05:27.000+09:00,3223
nb05037629dfc,14194071,​もも｜溺愛❤BL本棚,blhondana,2026-07-06T17:21:09.000+09:00,130
nb05037629dfc,11634537,ナオユキ｜物語と知識のコンシェルジュ,ai_naoyuki,2026-07-06T16:05:32.000+09:00,3223
n1cdcf505f910,14679828,穴おじ,genial_wren7626,2026-07-06T17:04:02.000+09:00,193
nfa06941ee31f,14414366,碧乃さくら,unique_turkey951,2026-07-06T18:04:17.000+09:00,537
n92d1cc74bb3e,14414366,碧乃さくら,unique_turkey951,2026-07-06T18:01:19.000+09:00,537
nebb550000b1d,14414366,碧乃さくら,unique_turkey951,2026-07-06T18:00:08.000+09:00,537
n52e8a0b8d976,14391627,ヒロくん@健康になりたい💪フォロバ100,hirohirokun123,2026-07-06T19:43:22.000+09:00,508
nedc8fc0d7413,2364826,andy｜投資・仕事・noteをデータで育てている人,andrewwaldfeld,2026-07-06T21:18:25.000+09:00,859
nedc8fc0d7413,10750843,Takanashi（たかなし）,takanashi_note01,2026-07-06T20:23:38.000+09:00,1268
nedc8fc0d7413,5513805,カナミン｜AIと迷いながら、進む人,kanamin26,2026-07-06T18:31:48.000+09:00,833
nedc8fc0d7413,12668465,紅茶🫖｜ことばの庭,usagi_no_mimi_,2026-07-06T18:19:21.000+09:00,218
n9f47d9875674,10750843,Takanashi（たかなし）,takanashi_note01,2026-07-06T21:01:58.000+09:00,1268
n9f47d9875674,12158291,考える赤柴｜司法書士試験挑戦中,eager_thyme9842,2026-07-06T19:13:52.000+09:00,379
n9f47d9875674,12668465,紅茶🫖｜ことばの庭,usagi_no_mimi_,2026-07-06T18:40:46.000+09:00,218
n9f47d9875674,5513805,カナミン｜AIと迷いながら、進む人,kanamin26,2026-07-06T18:35:42.000+09:00,833
n9f47d9875674,14414366,碧乃さくら,unique_turkey951,2026-07-06T18:11:38.000+09:00,539
nb9142d843264,2364826,andy｜投資・仕事・noteをデータで育てている人,andrewwaldfeld,2026-07-06T21:20:28.000+09:00,859
nb9142d843264,10750843,Takanashi（たかなし）,takanashi_note01,2026-07-06T20:44:18.000+09:00,1268
nb9142d843264,5513805,カナミン｜AIと迷いながら、進む人,kanamin26,2026-07-06T18:28:52.000+09:00,833
nb9142d843264,12668465,紅茶🫖｜ことばの庭,usagi_no_mimi_,2026-07-06T18:27:34.000+09:00,218
ncaddb687d9fe,12158291,考える赤柴｜司法書士試験挑戦中,eager_thyme9842,2026-07-06T19:14:57.000+09:00,379
n127ed47186b2,10750843,Takanashi（たかなし）,takanashi_note01,2026-07-06T20:59:43.000+09:00,1268
n127ed47186b2,12158291,考える赤柴｜司法書士試験挑戦中,eager_thyme9842,2026-07-06T19:11:10.000+09:00,379
n127ed47186b2,5513805,カナミン｜AIと迷いながら、進む人,kanamin26,2026-07-06T18:35:36.000+09:00,833
n127ed47186b2,14414366,碧乃さくら,unique_turkey951,2026-07-06T18:08:12.000+09:00,539
nfa06941ee31f,10750843,Takanashi（たかなし）,takanashi_note01,2026-07-06T20:58:06.000+09:00,1268
nfa06941ee31f,12158291,考える赤柴｜司法書士試験挑戦中,eager_thyme9842,2026-07-06T19:09:31.000+09:00,379
nfa06941ee31f,5513805,カナミン｜AIと迷いながら、進む人,kanamin26,2026-07-06T18:35:30.000+09:00,833
n92d1cc74bb3e,10750843,Takanashi（たかなし）,takanashi_note01,2026-07-06T20:55:04.000+09:00,1268
n92d1cc74bb3e,12158291,考える赤柴｜司法書士試験挑戦中,eager_thyme9842,2026-07-06T19:07:49.000+09:00,379
n92d1cc74bb3e,5513805,カナミン｜AIと迷いながら、進む人,kanamin26,2026-07-06T18:35:06.000+09:00,833
nebb550000b1d,10750843,Takanashi（たかなし）,takanashi_note01,2026-07-06T20:54:01.000+09:00,1268
nebb550000b1d,12158291,考える赤柴｜司法書士試験挑戦中,eager_thyme9842,2026-07-06T19:06:25.000+09:00,379
nebb550000b1d,5513805,カナミン｜AIと迷いながら、進む人,kanamin26,2026-07-06T18:35:01.000+09:00,833
n7ce8072038fa,10750843,Takanashi（たかなし）,takanashi_note01,2026-07-06T19:23:26.000+09:00,1268
n7ce8072038fa,13876041,🐾コロッケノスケ☕🌙｜ゲッコーカフェ,rich_rat9818,2026-07-06T18:28:42.000+09:00,439
n73afa75820a4,10750843,Takanashi（たかなし）,takanashi_note01,2026-07-06T19:26:39.000+09:00,1268
n73afa75820a4,13876041,🐾コロッケノスケ☕🌙｜ゲッコーカフェ,rich_rat9818,2026-07-06T18:27:25.000+09:00,439
n043353896aed,10750843,Takanashi（たかなし）,takanashi_note01,2026-07-06T19:44:52.000+09:00,1268
nc6d374808a84,10750843,Takanashi（たかなし）,takanashi_note01,2026-07-06T19:29:31.000+09:00,1268
nd1c61280f3f9,10750843,Takanashi（たかなし）,takanashi_note01,2026-07-06T19:27:50.000+09:00,1268
nd1c61280f3f9,10097507,華子,genial_spirea716,2026-07-06T19:27:10.000+09:00,1178
n6625a4f30d7f,10750843,Takanashi（たかなし）,takanashi_note01,2026-07-06T19:26:54.000+09:00,1268
n6625a4f30d7f,13876041,🐾コロッケノスケ☕🌙｜ゲッコーカフェ,rich_rat9818,2026-07-06T18:22:50.000+09:00,439
n127ed47186b2,12624691,あん｜noteと遊ぶ,aging_gracefully,2026-07-06T21:59:00.000+09:00,1296
nfa06941ee31f,12624691,あん｜noteと遊ぶ,aging_gracefully,2026-07-06T22:07:12.000+09:00,1296
n92d1cc74bb3e,12624691,あん｜noteと遊ぶ,aging_gracefully,2026-07-06T22:04:21.000+09:00,1296
nebb550000b1d,12624691,あん｜noteと遊ぶ,aging_gracefully,2026-07-06T22:02:19.000+09:00,1296
nea3ba58998c7,12624691,あん｜noteと遊ぶ,aging_gracefully,2026-07-06T22:12:57.000+09:00,1296
n1b58ce23b4c5,12624691,あん｜noteと遊ぶ,aging_gracefully,2026-07-06T22:14:09.000+09:00,1296
n31b4a8a30372,12624691,あん｜noteと遊ぶ,aging_gracefully,2026-07-06T22:18:46.000+09:00,1296
ncbeb62f97e7a,12624691,あん｜noteと遊ぶ,aging_gracefully,2026-07-06T22:17:16.000+09:00,1296
nb05037629dfc,13545462,beyondの旦那の方｜Cozy Cafe & Bar beyond店主,nizi_no_mukouhe,2026-07-07T01:45:08.000+09:00,214
n52e8a0b8d976,12168405,Choc.,choc_words,2026-07-07T13:03:55.000+09:00,1214
n52e8a0b8d976,13511444,陸奥八雲,shiny_arnica6244,2026-07-07T12:32:16.000+09:00,166
n52e8a0b8d976,13400425,にこ@コンタクトレンズアドバイザー,oguogu_333,2026-07-07T12:22:15.000+09:00,351
n52e8a0b8d976,13416976,yukariyajp,brainy_thyme2046,2026-07-07T12:06:25.000+09:00,1669
n52e8a0b8d976,10855427,ポロカストア千葉桜木店,sakuragi6611,2026-07-07T11:47:52.000+09:00,348
n52e8a0b8d976,13421737,クレマチス,legal_zephyr435,2026-07-07T11:07:18.000+09:00,1057
n52e8a0b8d976,12463216,しのぴー,shinopiiii,2026-07-07T10:51:41.000+09:00,261
n52e8a0b8d976,14229023,こもれびの空,lofty_rue8724,2026-07-07T10:37:49.000+09:00,597
n52e8a0b8d976,13739394,hatti888,ripe_impala4743,2026-07-07T10:04:46.000+09:00,255
n52e8a0b8d976,12602815,みじゅくパパ,mijuku_father,2026-07-07T09:47:00.000+09:00,569
n52e8a0b8d976,12104226,本多リュウ,ryu_honda,2026-07-07T08:56:44.000+09:00,121
n52e8a0b8d976,12855699,龍_山陽 | 歴史×ビジネス,legal_fox7544,2026-07-07T08:37:02.000+09:00,661
n52e8a0b8d976,3330412,やまと　たける,0011naporeonn,2026-07-07T08:32:15.000+09:00,4647
n52e8a0b8d976,12504556,yasu,crisp_chives9637,2026-07-07T07:57:21.000+09:00,510
n52e8a0b8d976,12891000,REN MASIRO｜言語化と構造で、心と行動をつなぐ,open_drake4639,2026-07-07T07:54:05.000+09:00,1751
n52e8a0b8d976,10405029,    榎本民夫　Tokyo Walks,tamio7,2026-07-07T07:53:07.000+09:00,286
n52e8a0b8d976,9032133,北原　30代後半　東京都２３区　【フォロバ１００】,leal_falcon160,2026-07-07T07:43:45.000+09:00,1659
n52e8a0b8d976,12840833,裏側から見た信頼論,fresh_spirea6354,2026-07-07T07:35:48.000+09:00,314
n7e740cfc5fce,8321162,サイボーグMSX,cyborgmsx,2026-07-07T13:02:00.000+09:00,2339
n7e740cfc5fce,13511444,陸奥八雲,shiny_arnica6244,2026-07-07T12:32:22.000+09:00,166
n7e740cfc5fce,13400425,にこ@コンタクトレンズアドバイザー,oguogu_333,2026-07-07T12:22:22.000+09:00,351
n7e740cfc5fce,11104425,momotaro-planning（モモプラ）,momopla,2026-07-07T12:15:03.000+09:00,78
n7e740cfc5fce,11410164,kasshiy,viva_a_h_s,2026-07-07T12:12:46.000+09:00,2367
n7e740cfc5fce,14065972,Mae_茶,brisk_wolf6012,2026-07-07T11:57:21.000+09:00,287
n7e740cfc5fce,14521656,mytk326,like_yarrow3635,2026-07-07T11:54:18.000+09:00,809
n7e740cfc5fce,13066168,はるねずみ｜note副業０→１応援,kasegu5haru,2026-07-07T11:50:52.000+09:00,1709
n7e740cfc5fce,3337488,kasuga hiroshi,kasugahiroshi,2026-07-07T11:34:15.000+09:00,924
n7e740cfc5fce,12556619,マブチトシキ,neckty_plus,2026-07-07T11:09:08.000+09:00,322
n7e740cfc5fce,13115336,創成者の記録者,absolute_logic,2026-07-07T09:51:51.000+09:00,789
n7e740cfc5fce,12602815,みじゅくパパ,mijuku_father,2026-07-07T09:47:12.000+09:00,569
n7e740cfc5fce,10959216,高坂涼介（こーさか）｜離職率60%→9%の修羅場再生請負人,ready_turtle5896,2026-07-07T09:41:54.000+09:00,1100
n7e740cfc5fce,9156440,ホッチャレディー　あわんた,pure_wren5326,2026-07-07T09:39:22.000+09:00,1096
n7e740cfc5fce,11353573,まひ,magic_hosta5489,2026-07-07T09:36:36.000+09:00,756
n7e740cfc5fce,14755943,干し芋 ＠ 塾講師×学童｜子どもの学習習慣作りのプロ,hoshiimo_note,2026-07-07T09:24:46.000+09:00,81
n7e740cfc5fce,13992788,三木透,quiet_cosmos1625,2026-07-07T09:21:12.000+09:00,372
n7e740cfc5fce,14024285,毛玉店長,crisp_rose3111,2026-07-07T09:18:07.000+09:00,540
n7e740cfc5fce,2755847,小山 睦男　書籍コーディネータ,koyamamutsuo2020,2026-07-07T09:03:31.000+09:00,282
n7e740cfc5fce,13800472,城森 善行,yoshiyuki_jomori,2026-07-07T08:44:44.000+09:00,466
n7e740cfc5fce,13884737,空月,crisp_plover9758,2026-07-07T08:41:23.000+09:00,1067
n7e740cfc5fce,14543746,楽市楽座が歴史を語る,dandy_lupine5106,2026-07-07T08:40:48.000+09:00,93
n7e740cfc5fce,3330412,やまと　たける,0011naporeonn,2026-07-07T08:32:16.000+09:00,4647
n7e740cfc5fce,13465300,koma29,koma29,2026-07-07T08:30:50.000+09:00,477
n7e740cfc5fce,3913119,服部 憲明,s14hattyann,2026-07-07T08:28:17.000+09:00,972
n7e740cfc5fce,14453229,    投資で迷子のサウナー♨️日々奮闘中💪,saunaniikitai37,2026-07-07T08:18:43.000+09:00,713
n7e740cfc5fce,11264208,時空の空猫,quiet_murre4667,2026-07-07T08:13:35.000+09:00,1957
n7e740cfc5fce,13623901,あずなぶ〜る｜元在仏10年🇨🇵コミュ力アップ術✨️,alive_here3686,2026-07-07T08:05:55.000+09:00,1050
n7e740cfc5fce,13721447,さまなさん,witty_iris4802,2026-07-07T08:03:26.000+09:00,1611
n7e740cfc5fce,2914531,山岸博幸（親が倒れる前に、仕事・お金・家族関係を守る相談役）,career_and_life,2026-07-07T08:01:13.000+09:00,937
n7e740cfc5fce,11756147,US STOCKS NAVI,kohsaku_y,2026-07-07T07:56:15.000+09:00,2567
n7e740cfc5fce,10405029,    榎本民夫　Tokyo Walks,tamio7,2026-07-07T07:53:08.000+09:00,286
n7e740cfc5fce,9032133,北原　30代後半　東京都２３区　【フォロバ１００】,leal_falcon160,2026-07-07T07:43:46.000+09:00,1659
n7e740cfc5fce,14574167,ラク/サイドFIREしたい人,raku89,2026-07-07T07:38:56.000+09:00,74
n7e740cfc5fce,12957240,立石 遙 ,right_dahlia1622,2026-07-07T07:19:58.000+09:00,346
n7e740cfc5fce,10091607,🔔Bell note,bellshacho,2026-07-07T07:17:23.000+09:00,2060
n7e740cfc5fce,339002,takacova,takacova,2026-07-07T07:15:13.000+09:00,597
n7e740cfc5fce,11446528,ザキ🔥最高の景色を2026,safe_zephyr1629,2026-07-07T07:14:08.000+09:00,343
nb05037629dfc,11104425,momotaro-planning（モモプラ）,momopla,2026-07-07T12:15:04.000+09:00,78
nb05037629dfc,5528334,ヒトタラヲ,5959life,2026-07-07T09:48:02.000+09:00,4173
nb05037629dfc,13884737,空月,crisp_plover9758,2026-07-07T08:42:48.000+09:00,1067
nb05037629dfc,14543746,楽市楽座が歴史を語る,dandy_lupine5106,2026-07-07T08:40:49.000+09:00,93
nb05037629dfc,14021128,田之上優一,tano0503,2026-07-07T08:19:43.000+09:00,274
nb05037629dfc,339002,takacova,takacova,2026-07-07T07:15:15.000+09:00,597
n1cdcf505f910,13944005,piro-san 気づきで人生を豊かにする,hearty_ram9022,2026-07-07T07:36:35.000+09:00,396
n111fbfc22da3,339002,takacova,takacova,2026-07-07T11:51:15.000+09:00,597
n111fbfc22da3,12855699,龍_山陽 | 歴史×ビジネス,legal_fox7544,2026-07-07T08:37:08.000+09:00,661
n111fbfc22da3,12082657,かッちゃん,easy_pansy4109,2026-07-07T07:58:47.000+09:00,593
n111fbfc22da3,12995897,SE_コーズ(koze),se_kosesan,2026-07-07T07:50:25.000+09:00,305
n111fbfc22da3,12563512,毎日キバロー,great_turtle6689,2026-07-07T07:49:10.000+09:00,3069
n33c3786a8c0a,7823822,はぐれパパ＠詩人失格,papa411477,2026-07-07T10:47:49.000+09:00,82
n33c3786a8c0a,2755847,小山 睦男　書籍コーディネータ,koyamamutsuo2020,2026-07-07T09:03:40.000+09:00,282
n01664b3c25f0,2755847,小山 睦男　書籍コーディネータ,koyamamutsuo2020,2026-07-07T09:03:39.000+09:00,282
n01664b3c25f0,5513805,カナミン｜AIと迷いながら、進む人,kanamin26,2026-07-07T07:46:26.000+09:00,835
n12a8431dc240,2755847,小山 睦男　書籍コーディネータ,koyamamutsuo2020,2026-07-07T09:03:38.000+09:00,282
n2656b34564c8,2755847,小山 睦男　書籍コーディネータ,koyamamutsuo2020,2026-07-07T09:03:33.000+09:00,282
n2656b34564c8,12158291,考える赤柴｜司法書士試験挑戦中,eager_thyme9842,2026-07-07T08:02:59.000+09:00,383
n4b45540fc238,2755847,小山 睦男　書籍コーディネータ,koyamamutsuo2020,2026-07-07T09:03:44.000+09:00,282
n4b45540fc238,12158291,考える赤柴｜司法書士試験挑戦中,eager_thyme9842,2026-07-07T07:59:55.000+09:00,383
n7170484aebb5,2755847,小山 睦男　書籍コーディネータ,koyamamutsuo2020,2026-07-07T09:03:37.000+09:00,282
n03996f26c637,5672952,▶︎徳之島でマインドフルネス瞑想！美力アップ気功トレーナーHOKI ！ ,hokilee823,2026-07-07T07:28:24.000+09:00,1488
n52e534bf0411,7185658,高取しづか｜ママのコミュトレの先生,shizuka_kosodate,2026-07-07T07:55:59.000+09:00,1304
n52e534bf0411,13221510,チ～タラさん,dandy_sorrel623,2026-07-07T07:34:04.000+09:00,1023
n52e534bf0411,5672952,▶︎徳之島でマインドフルネス瞑想！美力アップ気功トレーナーHOKI ！ ,hokilee823,2026-07-07T07:28:22.000+09:00,1488
n4483ea3d4c94,2755847,小山 睦男　書籍コーディネータ,koyamamutsuo2020,2026-07-07T09:03:49.000+09:00,282
ne111366585e1,2755847,小山 睦男　書籍コーディネータ,koyamamutsuo2020,2026-07-07T09:03:47.000+09:00,282
ncab44d577d26,2755847,小山 睦男　書籍コーディネータ,koyamamutsuo2020,2026-07-07T09:03:52.000+09:00,282
n34d6c85656ad,5073515,nao,mgane,2026-07-07T12:10:06.000+09:00,371
n73bbdeee4407,13623901,あずなぶ〜る｜元在仏10年🇨🇵コミュ力アップ術✨️,alive_here3686,2026-07-07T08:11:33.000+09:00,1050
nedc8fc0d7413,11543403,さとりのさとり,kopailog,2026-07-07T07:24:08.000+09:00,367
nb9142d843264,11543403,さとりのさとり,kopailog,2026-07-07T07:19:14.000+09:00,367
n127ed47186b2,12668465,紅茶🫖｜ことばの庭,usagi_no_mimi_,2026-07-07T09:47:04.000+09:00,218
n127ed47186b2,11543403,さとりのさとり,kopailog,2026-07-07T07:51:05.000+09:00,367
n3ebefc29295a,13283004,黒字化の外科医｜Web制作会社の「実務改善」経営参謀,constdx,2026-07-07T08:11:03.000+09:00,2899
nfa06941ee31f,12668465,紅茶🫖｜ことばの庭,usagi_no_mimi_,2026-07-07T09:49:16.000+09:00,218
nfa06941ee31f,11543403,さとりのさとり,kopailog,2026-07-07T07:43:36.000+09:00,367
n92d1cc74bb3e,12668465,紅茶🫖｜ことばの庭,usagi_no_mimi_,2026-07-07T09:51:17.000+09:00,218
n92d1cc74bb3e,11543403,さとりのさとり,kopailog,2026-07-07T07:33:34.000+09:00,367
nebb550000b1d,12668465,紅茶🫖｜ことばの庭,usagi_no_mimi_,2026-07-07T09:52:59.000+09:00,218
nebb550000b1d,11543403,さとりのさとり,kopailog,2026-07-07T07:28:35.000+09:00,367
n0fdeaf966447,11125872,Cozy HP,cozyhp51,2026-07-07T12:41:07.000+09:00,795
n0fdeaf966447,14363101,ゆ,yuuwa1046,2026-07-07T10:54:50.000+09:00,134
n52e8a0b8d976,8518579,Re:gene｜モラハラ解決相談所,rumine_regene,2026-07-07T17:14:51.000+09:00,598
n52e8a0b8d976,12307309,オタカ,ootktkhr_1988,2026-07-07T17:14:11.000+09:00,298
n52e8a0b8d976,2146234,未来のITコンサル,titus2501,2026-07-07T16:00:46.000+09:00,81
n52e8a0b8d976,12715248,山本信春,noted_snake424,2026-07-07T13:56:48.000+09:00,476
n7e740cfc5fce,13937586,Re:flec｜ひとり起業のWeb集客相談所,reflec_ota,2026-07-07T17:10:26.000+09:00,463
n7e740cfc5fce,8857122,うるるん,nice_daisy957,2026-07-07T17:05:39.000+09:00,1117
n7e740cfc5fce,14382386,街の本音チャンネル,magic_squid6389,2026-07-07T17:00:21.000+09:00,214
n7e740cfc5fce,12020254,林祥晃,humble_bison3129,2026-07-07T15:50:15.000+09:00,1135
n7e740cfc5fce,14391627,ヒロくん@健康になりたい💪フォロバ100,hirohirokun123,2026-07-07T15:26:48.000+09:00,517
n7e740cfc5fce,5509239,田中　正之,tmakka,2026-07-07T15:23:36.000+09:00,1348
n7e740cfc5fce,14316760,みなせ,hip_akinai0423,2026-07-07T15:15:32.000+09:00,40
n7e740cfc5fce,13648684,海月,kurage_words,2026-07-07T14:47:26.000+09:00,1441
n7e740cfc5fce,13687164,ロキろん,cheeky_rhino7031,2026-07-07T13:47:07.000+09:00,200
nb05037629dfc,12020254,林祥晃,humble_bison3129,2026-07-07T15:50:17.000+09:00,1135
nb05037629dfc,10425520,とりあえず、ブサネコ®　by  Y Harada,legal_clover3490,2026-07-07T15:06:17.000+09:00,761
nb05037629dfc,11353573,まひ,magic_hosta5489,2026-07-07T14:40:53.000+09:00,756
n111fbfc22da3,4510469,田口真吾　コーチング・カウンセラー起業一年生チャンネル,shingo_taguchi,2026-07-07T16:49:25.000+09:00,1751
n6a6731b1bb07,13163455,KOTAYA | 今日はこれで合格,kotaya_log,2026-07-07T16:19:29.000+09:00,3045
n9f47d9875674,13137374,宇宙珍獣🦄🌬️ユル勇者あかね,lovely_rose3365,2026-07-07T13:42:16.000+09:00,1802
nb9142d843264,14414366,碧乃さくら,unique_turkey951,2026-07-07T16:39:02.000+09:00,549
n7ce8072038fa,14414366,碧乃さくら,unique_turkey951,2026-07-07T16:58:13.000+09:00,549
n73afa75820a4,14414366,碧乃さくら,unique_turkey951,2026-07-07T16:57:09.000+09:00,549
n043353896aed,14414366,碧乃さくら,unique_turkey951,2026-07-07T16:55:33.000+09:00,549
nc6d374808a84,14414366,碧乃さくら,unique_turkey951,2026-07-07T16:54:02.000+09:00,549
nd1c61280f3f9,14414366,碧乃さくら,unique_turkey951,2026-07-07T16:52:35.000+09:00,549
n6625a4f30d7f,14414366,碧乃さくら,unique_turkey951,2026-07-07T16:51:26.000+09:00,549
n7e740cfc5fce,9054847,getgettk,getgetnew,2026-07-07T17:47:26.000+09:00,138
n7e740cfc5fce,5533501,div.rishi,div_rishi,2026-07-07T17:24:45.000+09:00,1061
n7e740cfc5fce,13326388,AiSekai,fair_minnow6247,2026-07-07T17:20:31.000+09:00,2121
nb05037629dfc,5533501,div.rishi,div_rishi,2026-07-07T17:24:46.000+09:00,1061
n1cdcf505f910,13121483,真琴,makoto0410,2026-07-07T20:02:36.000+09:00,349
n111fbfc22da3,13164903,akiaki,cozy_iguana8458,2026-07-07T19:33:25.000+09:00,442
n00640192fdd7,12148536,まき@こどもと日々成長中,asobo_kids,2026-07-07T19:30:45.000+09:00,997
n9f47d9875674,11543403,さとりのさとり,kopailog,2026-07-07T18:37:31.000+09:00,369
n9f47d9875674,12712176,DJAir/Noesis.Lab,djair_mo4ne,2026-07-07T18:31:24.000+09:00,1257
n52e8a0b8d976,14330717,rei_8ma,rei_8ma,2026-07-07T22:56:55.000+09:00,233
n52e8a0b8d976,9474926,もものお父さん｜60歳から声とAIでnote,noble_condor7611,2026-07-07T20:51:43.000+09:00,422
n52e8a0b8d976,6853782,うみか えお,gentle_broom451,2026-07-07T20:29:44.000+09:00,388
n936b16eb34b9,1218500,さくら,sakura_wellness,2026-07-07T22:52:55.000+09:00,1469
n936b16eb34b9,11359513,🎵 TEAM LILITH & AMI｜安達,takayukiadachi,2026-07-07T22:29:43.000+09:00,1014
n936b16eb34b9,12377105,まるよか,yokayoka5103,2026-07-07T22:03:09.000+09:00,1480
n936b16eb34b9,13613385,羅生門SKY,codex_strategy,2026-07-07T21:59:51.000+09:00,458
n936b16eb34b9,14640765,しゅう ｜写真と日常,agile_otter3386,2026-07-07T21:42:24.000+09:00,107
n936b16eb34b9,6905415,豹子頭 林冲,hyousitou,2026-07-07T21:41:52.000+09:00,283
n936b16eb34b9,12668465,紅茶🫖｜ことばの庭,usagi_no_mimi_,2026-07-07T21:40:00.000+09:00,219
n936b16eb34b9,2364826,andy｜投資・仕事・noteをデータで育てている人,andrewwaldfeld,2026-07-07T21:34:34.000+09:00,863
n936b16eb34b9,1074057,リホのイマジネーション競馬予想,lofty_camel8929,2026-07-07T21:33:45.000+09:00,360
n936b16eb34b9,13637621,月見草へらさん🌙🌼｜Smiling Soul,herarin_create,2026-07-07T21:22:42.000+09:00,14
n936b16eb34b9,12158291,考える赤柴｜司法書士試験挑戦中,eager_thyme9842,2026-07-07T21:18:34.000+09:00,387
n936b16eb34b9,10517876,向日葵じまにゃん🌻,jimanyan,2026-07-07T21:18:21.000+09:00,1978
n936b16eb34b9,13900618,sophie,scribble_1000,2026-07-07T21:13:48.000+09:00,815
n936b16eb34b9,5828006,まなつ/突出マイノリティ列伝,tosshutsu_m,2026-07-07T21:07:51.000+09:00,7083
n936b16eb34b9,564742,ta_kawano,takawano,2026-07-07T21:06:20.000+09:00,67
n936b16eb34b9,4877017,須川元介/情報翻訳家,skagenavi,2026-07-07T20:57:12.000+09:00,2398
n936b16eb34b9,14091375,ペン太 | お金のペン利帳,okane_penricho,2026-07-07T20:57:05.000+09:00,532
n936b16eb34b9,3453696,さんど,hiro0641,2026-07-07T20:56:26.000+09:00,165
n936b16eb34b9,12624691,あん｜noteと遊ぶ,aging_gracefully,2026-07-07T20:56:15.000+09:00,1299
n936b16eb34b9,14060586,コミュ障ネット,commushonet_net,2026-07-07T20:50:44.000+09:00,401
n936b16eb34b9,13876041,🐾コロッケノスケ☕🌙｜ゲッコーカフェ,rich_rat9818,2026-07-07T20:50:32.000+09:00,445
n936b16eb34b9,14132723,せな｜無理しない低燃費生活,senanomainichi,2026-07-07T20:48:05.000+09:00,657
n936b16eb34b9,8857122,うるるん,nice_daisy957,2026-07-07T20:47:32.000+09:00,1117
n936b16eb34b9,13405464,木漏れ日亭,komorebi_tei,2026-07-07T20:47:05.000+09:00,679
n936b16eb34b9,5330022,Marie | まりーの小さな⚙️歯車⚙️ラボ🔬,marie_222,2026-07-07T20:45:19.000+09:00,57
n936b16eb34b9,13079732,ＣＯＯＬ｜家族を守り抜くと決めた日から,vast_tulip7937,2026-07-07T20:45:06.000+09:00,1170
n936b16eb34b9,5738970,営業fafa | note業界No.1営業マン,kohana1112,2026-07-07T20:43:43.000+09:00,1579
n936b16eb34b9,10460304,ちんぱん🐒会社しかない状態を減らす45歳,ojisan_chinpan,2026-07-07T20:40:57.000+09:00,872
n936b16eb34b9,8911867,ルルトアヤコ,lovely_coyote546,2026-07-07T20:39:45.000+09:00,2755
n936b16eb34b9,5513805,カナミン｜AIと迷いながら、進む人,kanamin26,2026-07-07T20:38:32.000+09:00,839
n936b16eb34b9,11543403,さとりのさとり,kopailog,2026-07-07T20:38:12.000+09:00,369
n936b16eb34b9,13623901,あずなぶ〜る｜元在仏10年🇨🇵コミュ力アップ術✨️,alive_here3686,2026-07-07T20:36:55.000+09:00,1059
n936b16eb34b9,8166572,ひゅー｜AI×分析｜考察と思考整理を楽しむ。note,hyu_nisworks,2026-07-07T20:36:00.000+09:00,483
n936b16eb34b9,13107123,ランマッスル,runmuscle_m,2026-07-07T20:35:01.000+09:00,5713
n936b16eb34b9,12949168,不真面目小児科医　しうまい,misasyu5,2026-07-07T20:34:14.000+09:00,650
n936b16eb34b9,11634537,ナオユキ｜物語と知識のコンシェルジュ,ai_naoyuki,2026-07-07T20:32:47.000+09:00,3237
n936b16eb34b9,10175064,雪綴ゆき,wise_rat6355,2026-07-07T20:32:40.000+09:00,6729
n7e740cfc5fce,1218500,さくら,sakura_wellness,2026-07-07T22:52:52.000+09:00,1469
n7e740cfc5fce,12168405,Choc.,choc_words,2026-07-07T21:23:37.000+09:00,1214
nb05037629dfc,13279787,森颯詩| 面白い人になる為に修行中,motan_8823,2026-07-07T22:45:07.000+09:00,470
n6a6731b1bb07,11634537,ナオユキ｜物語と知識のコンシェルジュ,ai_naoyuki,2026-07-07T20:44:49.000+09:00,3237
n52e534bf0411,13623901,あずなぶ〜る｜元在仏10年🇨🇵コミュ力アップ術✨️,alive_here3686,2026-07-07T20:42:57.000+09:00,1059
n6f1916d32f42,12158291,考える赤柴｜司法書士試験挑戦中,eager_thyme9842,2026-07-07T21:42:19.000+09:00,387
n936b16eb34b9,12157269,ken ｜ 完全無課金AI戦略 × note運営,noted_sheep3883,2026-07-07T23:50:01.000+09:00,3407
ndc269b57911d,7823822,はぐれパパ＠詩人失格,papa411477,2026-07-08T03:05:43.000+09:00,82
nf04cdc80b3d2,13637621,月見草へらさん🌙🌼｜Smiling Soul,herarin_create,2026-07-07T23:42:03.000+09:00,15
nf45f7d36c5b5,13637621,月見草へらさん🌙🌼｜Smiling Soul,herarin_create,2026-07-07T23:39:21.000+09:00,15
n52e8a0b8d976,10053835,コケ丸,archimedes4989,2026-07-08T03:58:32.000+09:00,2131
n936b16eb34b9,12465066,Shoji ｜無為自然,anomie1,2026-07-08T06:39:26.000+09:00,1465
n936b16eb34b9,11837112,もぐら,mogurabooks,2026-07-08T05:56:00.000+09:00,271
n936b16eb34b9,10390902,ちかよりみち@🇩🇪ドイツ生活攻略家,chikayorimichi_5,2026-07-08T05:22:22.000+09:00,1140
nb05037629dfc,12032174,yayachico,open_magpie7814,2026-07-08T06:27:22.000+09:00,121
n52e8a0b8d976,7863331,ゴロー｜小規模事業者の事業計画づくり,rich_peony491,2026-07-08T07:20:47.000+09:00,303
n936b16eb34b9,11561590,かえるこ | Kaeruko,serene_pansy617,2026-07-08T11:58:38.000+09:00,4783
n936b16eb34b9,13066168,はるねずみ｜note副業０→１応援,kasegu5haru,2026-07-08T09:50:37.000+09:00,1712
n936b16eb34b9,12294290,Camellia Mountain,camellia_0821,2026-07-08T07:11:35.000+09:00,414
n111fbfc22da3,14499643,しゅんちゃん,message_for,2026-07-08T07:36:46.000+09:00,497
nedc8fc0d7413,12712176,DJAir/Noesis.Lab,djair_mo4ne,2026-07-08T12:37:30.000+09:00,1264
nebb550000b1d,12712176,DJAir/Noesis.Lab,djair_mo4ne,2026-07-08T12:37:31.000+09:00,1264
n73afa75820a4,12712176,DJAir/Noesis.Lab,djair_mo4ne,2026-07-08T12:37:26.000+09:00,1264
n043353896aed,12712176,DJAir/Noesis.Lab,djair_mo4ne,2026-07-08T12:37:28.000+09:00,1264
nc6d374808a84,12712176,DJAir/Noesis.Lab,djair_mo4ne,2026-07-08T12:37:27.000+09:00,1264
nb05037629dfc,7185658,高取しづか｜ママのコミュトレの先生,shizuka_kosodate,2026-07-08T15:24:21.000+09:00,1306
n52e8a0b8d976,11558833,癒療師（ゆりょうし）びっくる,right_hyena9739,2026-07-08T17:38:54.000+09:00,95
n52e8a0b8d976,14077034,いくちょのやさしい毎日,honsuki_note,2026-07-08T17:37:20.000+09:00,562
n936b16eb34b9,12516832,和田雄三｜AI×心理ブランディングデザイナー,glad_dill2129,2026-07-08T19:15:03.000+09:00,952
n52e8a0b8d976,2622560,丸々,ul_3k,2026-07-08T20:04:54.000+09:00,424
n5e03b8aef07c,12168733,Kyosuke（みんなのWeb屋さん）,kyosuke_create,2026-07-08T22:51:38.000+09:00,154
n5e03b8aef07c,14449095,飯島　恭𠮷,brainy_nerine615,2026-07-08T22:41:28.000+09:00,319
n5e03b8aef07c,14132723,せな｜無理しない低燃費生活,senanomainichi,2026-07-08T22:36:40.000+09:00,667
n5e03b8aef07c,12624691,あん｜noteと遊ぶ,aging_gracefully,2026-07-08T22:35:20.000+09:00,1303
n5e03b8aef07c,13613385,羅生門SKY,codex_strategy,2026-07-08T22:35:18.000+09:00,458
n5e03b8aef07c,14804559,日常｜星と夜と小さな物語,like_shrew7210,2026-07-08T22:35:10.000+09:00,374
n5e03b8aef07c,13777980,しげちーSS,shjgechy,2026-07-08T22:28:30.000+09:00,564
n5e03b8aef07c,4877017,須川元介/情報翻訳家,skagenavi,2026-07-08T22:20:37.000+09:00,2395
n5e03b8aef07c,10517876,向日葵じまにゃん🌻,jimanyan,2026-07-08T22:16:45.000+09:00,1979
n5e03b8aef07c,13161722,おあつ,keen_pipit1182,2026-07-08T22:16:21.000+09:00,1714
n5e03b8aef07c,14363101,ゆ,yuuwa1046,2026-07-08T22:14:24.000+09:00,133
n5e03b8aef07c,5513805,カナミン｜AIと迷いながら、進む人,kanamin26,2026-07-08T22:10:30.000+09:00,839
n5e03b8aef07c,10390902,ちかよりみち@🇩🇪ドイツ生活攻略家,chikayorimichi_5,2026-07-08T22:01:23.000+09:00,1141
n5e03b8aef07c,12380860,パタコ,auwa_44,2026-07-08T21:58:36.000+09:00,2379
n5e03b8aef07c,11589350, まめぼうず｜ADHD休職中パパ,tahmit372421,2026-07-08T21:56:37.000+09:00,43
n5e03b8aef07c,8166572,ひゅー｜AI×分析｜考察と思考整理を楽しむ。note,hyu_nisworks,2026-07-08T21:45:53.000+09:00,483
n5e03b8aef07c,11634537,ナオユキ｜物語と知識のコンシェルジュ,ai_naoyuki,2026-07-08T21:44:53.000+09:00,3238
n5e03b8aef07c,7723365,Wuta(ウタ),wuta_jp,2026-07-08T21:24:30.000+09:00,68
n5e03b8aef07c,14391627,ヒロくん@健康になりたい💪フォロバ100,hirohirokun123,2026-07-08T21:15:37.000+09:00,548
n5e03b8aef07c,3453696,さんど,hiro0641,2026-07-08T21:02:01.000+09:00,163
n5e03b8aef07c,13520136,Numera Flow,numera_flow,2026-07-08T20:59:40.000+09:00,364
n5e03b8aef07c,13405464,木漏れ日亭,komorebi_tei,2026-07-08T20:45:47.000+09:00,680
n5e03b8aef07c,5330022,Marie | まりーの小さな⚙️歯車⚙️ラボ🔬,marie_222,2026-07-08T20:42:41.000+09:00,58
n5e03b8aef07c,10878037,溺愛リアルΩばにぃ/日本一わかりやすい女性用風俗の教科書,usagi_aisu2025,2026-07-08T20:37:01.000+09:00,761
n5e03b8aef07c,12949168,不真面目小児科医　しうまい,misasyu5,2026-07-08T20:37:01.000+09:00,651
n5e03b8aef07c,5738970,営業fafa | note業界No.1営業マン,kohana1112,2026-07-08T20:36:15.000+09:00,1585
n5e03b8aef07c,564742,ta_kawano,takawano,2026-07-08T20:35:11.000+09:00,68
n5e03b8aef07c,13107123,ランマッスル,runmuscle_m,2026-07-08T20:32:48.000+09:00,5744
n936b16eb34b9,14827305,Tinyco,tinyco_life,2026-07-08T20:29:34.000+09:00,391
n936b16eb34b9,12607946,てぼっこ,tebocco_bocchi,2026-07-08T20:12:02.000+09:00,299
n936b16eb34b9,2622560,丸々,ul_3k,2026-07-08T20:05:27.000+09:00,424
n111fbfc22da3,2622560,丸々,ul_3k,2026-07-08T20:07:29.000+09:00,424
n52e8a0b8d976,12706092,keimama,keiko5066,2026-07-09T06:26:39.000+09:00,1580
n52e8a0b8d976,4875168,北ノ,kitaoid,2026-07-09T01:51:00.000+09:00,387
n5e03b8aef07c,12706092,keimama,keiko5066,2026-07-09T06:28:00.000+09:00,1580
n5e03b8aef07c,6905415,豹子頭 林冲,hyousitou,2026-07-09T06:26:56.000+09:00,283
n5e03b8aef07c,14603962,はちぷー,hachipoo_3588,2026-07-09T06:16:27.000+09:00,403
n5e03b8aef07c,13638553,まぐ。/ 公式裏アカウント 【まぐnet。】,fancy_impala8140,2026-07-09T06:14:31.000+09:00,348
n5e03b8aef07c,13870436,ママ薬剤師HONO,hospital_ph_hono,2026-07-09T05:36:49.000+09:00,464
n5e03b8aef07c,14649891,めかめろ｜初日で0→1達成｜フォロバ100,mekamero,2026-07-09T02:28:04.000+09:00,1071
n5e03b8aef07c,13079732,ＣＯＯＬ｜家族を守り抜くと決めた日から,vast_tulip7937,2026-07-09T01:11:58.000+09:00,1180
n5e03b8aef07c,7836265,ジロウモン＠内向型HSPの人生戦略,jiroumon0630,2026-07-09T00:07:54.000+09:00,586
n5e03b8aef07c,10964378,ななな,nanaokuen_7777,2026-07-08T23:43:08.000+09:00,799
n5e03b8aef07c,13850947,ちえ,chiemisaki,2026-07-08T23:24:40.000+09:00,21
n5e03b8aef07c,12232616,デジさしみ | IT現場の効率家,digital_sashimi,2026-07-08T23:19:45.000+09:00,643
n5e03b8aef07c,12521570,しろのある,shirono_aru,2026-07-08T23:10:26.000+09:00,3898
n936b16eb34b9,10646763,雪国ゆり☃️薬学部文学科(獣医学選択),yuriri_love202,2026-07-09T03:34:26.000+09:00,514
n936b16eb34b9,13852441,アリゼロ🐜氷河期世代の働きアリ@自身が会社で経験してきた問題点や気づきを発信しています。,hataraku_ari999,2026-07-08T23:17:06.000+09:00,337
nb05037629dfc,13870436,ママ薬剤師HONO,hospital_ph_hono,2026-07-09T05:43:47.000+09:00,464
n111fbfc22da3,13870436,ママ薬剤師HONO,hospital_ph_hono,2026-07-09T05:46:05.000+09:00,464
n111fbfc22da3,12954204,行動デザイン営業コーチ｜行動設計士,koudou_coach,2026-07-08T20:15:16.000+09:00,1787
n96fdd23e76b7,13870436,ママ薬剤師HONO,hospital_ph_hono,2026-07-09T05:47:01.000+09:00,464
n27e90b40994d,13870436,ママ薬剤師HONO,hospital_ph_hono,2026-07-09T05:07:40.000+09:00,464
ncda4a4be4d28,13870436,ママ薬剤師HONO,hospital_ph_hono,2026-07-09T05:41:02.000+09:00,464
n52e8a0b8d976,12668465,紅茶🫖｜ことばの庭,usagi_no_mimi_,2026-07-09T10:21:44.000+09:00,218
n5e03b8aef07c,13900618,sophie,scribble_1000,2026-07-09T13:07:32.000+09:00,815
n5e03b8aef07c,14414366,碧乃さくら,unique_turkey951,2026-07-09T13:04:27.000+09:00,563
n5e03b8aef07c,13066168,はるねずみ｜note副業０→１応援,kasegu5haru,2026-07-09T11:32:54.000+09:00,1713
n5e03b8aef07c,12158291,考える赤柴｜司法書士試験結果待ち中,eager_thyme9842,2026-07-09T11:17:30.000+09:00,389
n5e03b8aef07c,13729655,葉瑠の庭｜葉瑠いつみ,legit_swift7300,2026-07-09T11:11:28.000+09:00,2198
n5e03b8aef07c,11832746,サクタトオル@超訳書評,mild_knot818,2026-07-09T11:03:44.000+09:00,903
n5e03b8aef07c,12385127,超育休志向｜りさ ＆ ゆういち,comfamily_lab,2026-07-09T09:01:23.000+09:00,534
n5e03b8aef07c,10460304,ちんぱん🐒会社しかない状態を減らす45歳,ojisan_chinpan,2026-07-09T08:39:56.000+09:00,876
n5e03b8aef07c,2364826,andy｜投資・仕事・noteをデータで育てている人,andrewwaldfeld,2026-07-09T08:26:29.000+09:00,868
n5e03b8aef07c,13518682,やすパパ/無添加食品店 店長パパ,miuyuno,2026-07-09T07:55:06.000+09:00,553
n5e03b8aef07c,5828006,まなつ/突出マイノリティ列伝,tosshutsu_m,2026-07-09T07:18:51.000+09:00,7143
n5e03b8aef07c,12294290,Camellia Mountain,camellia_0821,2026-07-09T06:54:47.000+09:00,413
n5e03b8aef07c,13236272,ZAKKY −営業サポート,mild_stoat3315,2026-07-09T06:52:23.000+09:00,289
n5e03b8aef07c,12591374,ケンタロウ/gr.minpaku,merry_robin6845,2026-07-09T06:40:38.000+09:00,499
n936b16eb34b9,7896891,ポンタ,pontanohaha,2026-07-09T07:09:36.000+09:00,1184
nb05037629dfc,13536803,匠の極みほぐし｜整骨院歴30年｜ゴルフ障害,alive_ferret709,2026-07-09T09:39:47.000+09:00,93
nb05037629dfc,12616964,やきのりねこ,ideal_ruff5570,2026-07-09T08:02:03.000+09:00,700
n297a23e9790f,12801181,かんの@霊視鑑定,kanno_spiritual,2026-07-09T11:38:45.000+09:00,24
n5e03b8aef07c,8911867,ルルトアヤコ,lovely_coyote546,2026-07-09T16:32:58.000+09:00,2762
n5e03b8aef07c,14934165,こうこう,koukou_1115,2026-07-09T15:22:00.000+09:00,174
n5e03b8aef07c,14257282,ドイル,dandy_snake880,2026-07-09T15:07:08.000+09:00,744
n5e03b8aef07c,14678969,コツシバ｜ベンチプレス系ITエンジニア,kotsushiba,2026-07-09T14:48:41.000+09:00,1352
n5e03b8aef07c,13792780,営業パパ,eigyopapa,2026-07-09T14:38:04.000+09:00,1736
n5e03b8aef07c,12377105,まるよか,yokayoka5103,2026-07-09T14:32:41.000+09:00,1484
nb05037629dfc,12377105,まるよか,yokayoka5103,2026-07-09T14:27:00.000+09:00,1484
ndc269b57911d,7896891,ポンタ,pontanohaha,2026-07-09T14:57:29.000+09:00,1183
n52e8a0b8d976,11307418,＋αサチ,zawazawa_50s,2026-07-09T21:37:00.000+09:00,451
n5e03b8aef07c,12607946,てぼっこ,tebocco_bocchi,2026-07-09T22:59:26.000+09:00,307
n5e03b8aef07c,10750843,Takanashi（たかなし）,takanashi_note01,2026-07-09T21:57:54.000+09:00,1276
n5e03b8aef07c,1074057,リホのイマジネーション競馬予想,lofty_camel8929,2026-07-09T20:24:18.000+09:00,359
n5e03b8aef07c,13876041,🐾コロッケノスケ☕🌙｜ゲッコーカフェ,rich_rat9818,2026-07-09T19:13:33.000+09:00,461
n5e03b8aef07c,7896891,ポンタ,pontanohaha,2026-07-09T17:22:06.000+09:00,1183
n5e03b8aef07c,6483740,SORA | 神託・高次メッセージ専門𓍯,brainy_quince184,2026-07-09T16:43:36.000+09:00,218
n7e740cfc5fce,6855089,きくちゃん｜人生立て直し中,lovely_iris784,2026-07-09T18:24:47.000+09:00,404
n1cdcf505f910,3843763,KEN@DX/AI布教したい,ken_hakodate,2026-07-09T21:40:10.000+09:00,923
n33c3786a8c0a,15035298,性春ストーリー,juicy_bear3242,2026-07-09T23:52:55.000+09:00,5
n01b5fd12d369,2124635,はち,glad_coot1463,2026-07-09T19:19:09.000+09:00,22
n7ef1c2b27beb,14414366,碧乃さくら,unique_turkey951,2026-07-09T23:01:57.000+09:00,565
n096c33bded83,14387463,noteで遊ぶ黒猫＠フォロバ500,multi_account,2026-07-09T22:59:35.000+09:00,3039
nedc8fc0d7413,14387463,noteで遊ぶ黒猫＠フォロバ500,multi_account,2026-07-09T22:59:34.000+09:00,3039
ncda4a4be4d28,14387463,noteで遊ぶ黒猫＠フォロバ500,multi_account,2026-07-09T22:58:39.000+09:00,3039
n9f47d9875674,14387463,noteで遊ぶ黒猫＠フォロバ500,multi_account,2026-07-09T22:55:11.000+09:00,3039
nb9142d843264,14387463,noteで遊ぶ黒猫＠フォロバ500,multi_account,2026-07-09T22:53:48.000+09:00,3039
ncaddb687d9fe,14387463,noteで遊ぶ黒猫＠フォロバ500,multi_account,2026-07-09T22:52:13.000+09:00,3039
n127ed47186b2,14387463,noteで遊ぶ黒猫＠フォロバ500,multi_account,2026-07-09T22:46:04.000+09:00,3039
n3ebefc29295a,14387463,noteで遊ぶ黒猫＠フォロバ500,multi_account,2026-07-09T22:44:33.000+09:00,3039
nfa06941ee31f,14387463,noteで遊ぶ黒猫＠フォロバ500,multi_account,2026-07-09T22:43:04.000+09:00,3039
n92d1cc74bb3e,14387463,noteで遊ぶ黒猫＠フォロバ500,multi_account,2026-07-09T22:41:37.000+09:00,3039
nebb550000b1d,14387463,noteで遊ぶ黒猫＠フォロバ500,multi_account,2026-07-09T22:39:44.000+09:00,3039
n09cd106fdb1e,14387463,noteで遊ぶ黒猫＠フォロバ500,multi_account,2026-07-09T22:37:55.000+09:00,3039
n35bb2e366a2b,14387463,noteで遊ぶ黒猫＠フォロバ500,multi_account,2026-07-09T22:36:11.000+09:00,3039
n421492a272ef,14387463,noteで遊ぶ黒猫＠フォロバ500,multi_account,2026-07-09T22:34:40.000+09:00,3039
n54edf503f62f,14387463,noteで遊ぶ黒猫＠フォロバ500,multi_account,2026-07-09T22:33:43.000+09:00,3039
n6f1916d32f42,14387463,noteで遊ぶ黒猫＠フォロバ500,multi_account,2026-07-09T22:31:20.000+09:00,3039
n44d64b72a806,14387463,noteで遊ぶ黒猫＠フォロバ500,multi_account,2026-07-09T21:20:28.000+09:00,3039
n7ce8072038fa,14387463,noteで遊ぶ黒猫＠フォロバ500,multi_account,2026-07-09T21:16:53.000+09:00,3039
n73afa75820a4,14387463,noteで遊ぶ黒猫＠フォロバ500,multi_account,2026-07-09T21:16:03.000+09:00,3039
nea3ba58998c7,14387463,noteで遊ぶ黒猫＠フォロバ500,multi_account,2026-07-09T21:14:44.000+09:00,3039
n043353896aed,14387463,noteで遊ぶ黒猫＠フォロバ500,multi_account,2026-07-09T21:14:24.000+09:00,3039
n1b58ce23b4c5,14387463,noteで遊ぶ黒猫＠フォロバ500,multi_account,2026-07-09T21:12:38.000+09:00,3039
nc6d374808a84,14387463,noteで遊ぶ黒猫＠フォロバ500,multi_account,2026-07-09T21:07:40.000+09:00,3039
nd1c61280f3f9,14387463,noteで遊ぶ黒猫＠フォロバ500,multi_account,2026-07-09T21:06:44.000+09:00,3039
n6625a4f30d7f,14387463,noteで遊ぶ黒猫＠フォロバ500,multi_account,2026-07-09T21:05:35.000+09:00,3039
n31b4a8a30372,14387463,noteで遊ぶ黒猫＠フォロバ500,multi_account,2026-07-09T21:04:01.000+09:00,3039
n31619810ff51,14387463,noteで遊ぶ黒猫＠フォロバ500,multi_account,2026-07-09T20:53:07.000+09:00,3039
na63e407a9a7f,14387463,noteで遊ぶ黒猫＠フォロバ500,multi_account,2026-07-09T20:51:18.000+09:00,3039
n34bcd536d71f,14387463,noteで遊ぶ黒猫＠フォロバ500,multi_account,2026-07-09T20:41:17.000+09:00,3039
ncbeb62f97e7a,14387463,noteで遊ぶ黒猫＠フォロバ500,multi_account,2026-07-09T20:34:26.000+09:00,3039
n84d46d0e0abb,14387463,noteで遊ぶ黒猫＠フォロバ500,multi_account,2026-07-09T20:29:01.000+09:00,3039
n936b16eb34b9,14414366,碧乃さくら,unique_turkey951,2026-07-09T23:59:12.000+09:00,566
n7e740cfc5fce,7823822,はぐれパパ＠詩人失格,papa411477,2026-07-10T01:06:26.000+09:00,83
nb05037629dfc,11656380,🌸美結｜優しい人研究家（Miyu）🌸,refinelife_miyu,2026-07-10T01:56:36.000+09:00,828
nb05037629dfc,12580490,小芝 凛  ╱Rin  Koshiba,rin_koshiba,2026-07-10T00:32:02.000+09:00,613
n7e740cfc5fce,11474190,断罪と慈愛の歌詠み師 UTAKO(停止中...今しばらくお待ちください💦),bold_slug9390,2026-07-10T04:47:34.000+09:00,597
n6a6731b1bb07,13870436,ママ薬剤師HONO,hospital_ph_hono,2026-07-10T06:22:41.000+09:00,477
n92d1cc74bb3e,15036392,nakayokua4,nakayokua4,2026-07-10T05:41:47.000+09:00,0
n52e8a0b8d976,12887126,風香@一級建築士,fuka_architect,2026-07-10T10:21:39.000+09:00,475
n52e8a0b8d976,14055068,貴美子｜構造を言語化する人,kimiko_yabuki,2026-07-10T10:20:51.000+09:00,1134
n5e03b8aef07c,11828830,みっちぃ|子供と一緒に成長したい2児の父,pure_bear1643,2026-07-10T08:04:11.000+09:00,442
n5e03b8aef07c,13573046,ゆるテク,yurutech_lab,2026-07-10T07:37:23.000+09:00,74
n7e740cfc5fce,11574500,ふらつき母ちゃん│脊髄小脳変性症ですが何か⁉️,dear_viper3924,2026-07-10T07:24:10.000+09:00,908
n111fbfc22da3,13573046,ゆるテク,yurutech_lab,2026-07-10T07:46:12.000+09:00,74
n045e9c61347c,5330022,Marie | まりーの小さな⚙️歯車⚙️ラボ🔬,marie_222,2026-07-10T10:46:36.000+09:00,62
n72a2eb428f64,14387463,noteで遊ぶ黒猫＠フォロバ500,multi_account,2026-07-10T12:10:36.000+09:00,3046
n9f47d9875674,5330022,Marie | まりーの小さな⚙️歯車⚙️ラボ🔬,marie_222,2026-07-10T10:06:26.000+09:00,62
nfa06941ee31f,5330022,Marie | まりーの小さな⚙️歯車⚙️ラボ🔬,marie_222,2026-07-10T09:05:14.000+09:00,62
n92d1cc74bb3e,5330022,Marie | まりーの小さな⚙️歯車⚙️ラボ🔬,marie_222,2026-07-10T10:06:03.000+09:00,62
nebb550000b1d,5330022,Marie | まりーの小さな⚙️歯車⚙️ラボ🔬,marie_222,2026-07-10T08:53:30.000+09:00,62
n54edf503f62f,5330022,Marie | まりーの小さな⚙️歯車⚙️ラボ🔬,marie_222,2026-07-10T10:38:41.000+09:00,62
n31b4a8a30372,7896891,ポンタ,pontanohaha,2026-07-10T10:26:46.000+09:00,1186
n52e8a0b8d976,11137794,ひとみなつこ🍊むくみ解消研究家,hitomi725_lala,2026-07-10T16:26:53.000+09:00,2592
n52e8a0b8d976,13623901,あずなぶ〜る｜元在仏10年🇨🇵コミュ力アップ術✨️,alive_here3686,2026-07-10T16:05:36.000+09:00,1170
n5e03b8aef07c,13071716,コスモス🌸 │ ３人と一緒に考えるnote,cosmos_invest,2026-07-10T17:02:59.000+09:00,923
n5e03b8aef07c,13623901,あずなぶ〜る｜元在仏10年🇨🇵コミュ力アップ術✨️,alive_here3686,2026-07-10T16:05:37.000+09:00,1170
n7e740cfc5fce,13870436,ママ薬剤師HONO,hospital_ph_hono,2026-07-10T15:10:17.000+09:00,485
n33c3786a8c0a,13623901,あずなぶ〜る｜元在仏10年🇨🇵コミュ力アップ術✨️,alive_here3686,2026-07-10T16:06:44.000+09:00,1170
ndc269b57911d,13870436,ママ薬剤師HONO,hospital_ph_hono,2026-07-10T15:01:22.000+09:00,485
n52e534bf0411,13870436,ママ薬剤師HONO,hospital_ph_hono,2026-07-10T15:10:41.000+09:00,485
na49497d205ac,13870436,ママ薬剤師HONO,hospital_ph_hono,2026-07-10T15:10:47.000+09:00,485
n297a23e9790f,13870436,ママ薬剤師HONO,hospital_ph_hono,2026-07-10T15:13:18.000+09:00,485
n4ba2addd21ff,13870436,ママ薬剤師HONO,hospital_ph_hono,2026-07-10T15:13:28.000+09:00,485
n1808f56de737,14198121,わかなまる｜性を語りつつ真面目に考察する,wakana0728,2026-07-10T15:13:33.000+09:00,89
n096c33bded83,13870436,ママ薬剤師HONO,hospital_ph_hono,2026-07-10T15:04:01.000+09:00,485
n7ce8072038fa,4877017,須川元介/情報翻訳家,skagenavi,2026-07-10T16:40:15.000+09:00,2399
n73afa75820a4,4877017,須川元介/情報翻訳家,skagenavi,2026-07-10T16:39:05.000+09:00,2399
n043353896aed,4877017,須川元介/情報翻訳家,skagenavi,2026-07-10T16:38:03.000+09:00,2399
nc6d374808a84,4877017,須川元介/情報翻訳家,skagenavi,2026-07-10T16:37:04.000+09:00,2399
nd1c61280f3f9,4877017,須川元介/情報翻訳家,skagenavi,2026-07-10T16:36:37.000+09:00,2399
n6625a4f30d7f,4877017,須川元介/情報翻訳家,skagenavi,2026-07-10T16:35:51.000+09:00,2399
nbc381a3c6979,4877017,須川元介/情報翻訳家,skagenavi,2026-07-10T16:41:51.000+09:00,2399
n52e8a0b8d976,12417301,すみれ,genial_wren230,2026-07-10T21:18:51.000+09:00,338
n52e8a0b8d976,10999098,Tanuko,ol_tanuko_life,2026-07-10T20:41:17.000+09:00,929
n5e03b8aef07c,13649597,K｜病院事務出身×シンギュラリティに備える人,witty_myrtle4328,2026-07-10T23:17:57.000+09:00,1079
n5e03b8aef07c,8518579,Re:gene｜モラハラ解決相談所,rumine_regene,2026-07-10T17:46:22.000+09:00,608
n7e740cfc5fce,15008833,sayaendo,proper_dove1200,2026-07-10T22:11:42.000+09:00,8
n6f1916d32f42,10999098,Tanuko,ol_tanuko_life,2026-07-10T20:42:29.000+09:00,929
n52e8a0b8d976,13500210,nagi｜副業・資格・note発信｜家族のために、一歩ずつ,nagi_2026,2026-07-11T00:29:00.000+09:00,423
n5e03b8aef07c,13852441,アリゼロ🐜氷河期世代の働きアリ@自身が会社で経験してきた問題点や気づきを発信しています。,hataraku_ari999,2026-07-11T00:59:58.000+09:00,373
n5e03b8aef07c,10175064,雪綴ゆき,wise_rat6355,2026-07-11T00:27:05.000+09:00,6743
n5e03b8aef07c,14632243,伊藤七海,nanami_ito_7,2026-07-10T23:31:57.000+09:00,323
n1cdcf505f910,12705892,ゆずの寺小屋,serene_loris3567,2026-07-11T06:04:47.000+09:00,478
n01b5fd12d369,14414366,碧乃さくら,unique_turkey951,2026-07-11T04:59:23.000+09:00,569
n5e03b8aef07c,13652594,ほわ｜フォトグラファー,howa_,2026-07-11T08:23:44.000+09:00,1340
n5e03b8aef07c,13263543,すとれすふりぃ,lofty_walrus8294,2026-07-11T07:33:30.000+09:00,399
nb05037629dfc,4436201,ADHDのAI活用,holmes017,2026-07-11T08:00:26.000+09:00,15
n1cdcf505f910,14807969,おと,oto_0102,2026-07-11T10:43:48.000+09:00,0
n96fdd23e76b7,13876041,🐾コロッケノスケ☕🌙｜ゲッコーカフェ,rich_rat9818,2026-07-11T07:56:22.000+09:00,474
n52e8a0b8d976,13366653,ぱぴさん,papi_san,2026-07-11T15:43:24.000+09:00,393
nb05037629dfc,13706030,ののこの暮らし,brave_gnu7954,2026-07-11T14:29:45.000+09:00,87
ne111366585e1,12158291,考える赤柴｜司法書士試験結果待ち中,eager_thyme9842,2026-07-11T16:19:07.000+09:00,399
n3a81bf1e64bd,12158291,考える赤柴｜司法書士試験結果待ち中,eager_thyme9842,2026-07-11T16:22:58.000+09:00,399
n376a8d176f5e,10964378,ななな,nanaokuen_7777,2026-07-11T22:18:51.000+09:00,809
n376a8d176f5e,8911867,ルルトアヤコ,lovely_coyote546,2026-07-11T22:16:18.000+09:00,2770
n376a8d176f5e,14065526,みんなの筋トレ雑学【筋肉チャンネル】,kinnikutuu_yabai,2026-07-11T22:10:32.000+09:00,98
n376a8d176f5e,12235137,ねんころ@AIクリエイター,nenkoro_life,2026-07-11T21:50:50.000+09:00,1755
n376a8d176f5e,13777980,しげちーSS,shjgechy,2026-07-11T21:49:41.000+09:00,572
n376a8d176f5e,13870436,ママ薬剤師HONO,hospital_ph_hono,2026-07-11T21:26:14.000+09:00,494
n376a8d176f5e,12543277,明日空　本機,asukara_honki,2026-07-11T21:24:51.000+09:00,249
n376a8d176f5e,10517876,向日葵じまにゃん🌻,jimanyan,2026-07-11T21:19:24.000+09:00,1991
n376a8d176f5e,13900618,sophie,scribble_1000,2026-07-11T21:14:52.000+09:00,816
n376a8d176f5e,2490558,だんだんありがと@めじゅ,dandan_arigato19,2026-07-11T21:05:52.000+09:00,595
n376a8d176f5e,564742,ta_kawano,takawano,2026-07-11T21:04:32.000+09:00,70
n376a8d176f5e,5738970,営業fafa | note業界No.1営業マン,kohana1112,2026-07-11T21:04:22.000+09:00,1611
n376a8d176f5e,11837112,もぐら,mogurabooks,2026-07-11T20:47:00.000+09:00,278
n376a8d176f5e,10091607,🔔Bell note,bellshacho,2026-07-11T20:45:53.000+09:00,2061
n376a8d176f5e,5330022,Marie | まりーの小さな⚙️歯車⚙️ラボ🔬,marie_222,2026-07-11T20:41:25.000+09:00,70
n376a8d176f5e,10390902,ちかよりみち@🇩🇪ドイツ生活攻略家,chikayorimichi_5,2026-07-11T20:40:43.000+09:00,1146
n376a8d176f5e,13574007,🍀ベンジャミン🍀,noble_spirea7217,2026-07-11T20:39:30.000+09:00,1031
n376a8d176f5e,13107123,ランマッスル,runmuscle_m,2026-07-11T20:39:29.000+09:00,5836
n376a8d176f5e,11543403,さとりのさとり,kopailog,2026-07-11T20:39:02.000+09:00,368
n376a8d176f5e,13281186,さくさく|人生の不安に寄り添う相談室,jidoukan_judge,2026-07-11T20:38:55.000+09:00,1963
n376a8d176f5e,6905415,豹子頭 林冲,hyousitou,2026-07-11T20:38:08.000+09:00,293
n376a8d176f5e,10175064,雪綴ゆき,wise_rat6355,2026-07-11T20:35:35.000+09:00,6744
n5e03b8aef07c,13037359,丁寧な暮らし/生きやすさ探求家,gentle_gecko1078,2026-07-11T22:07:22.000+09:00,321
n5e03b8aef07c,13598142,ジョーイ・ボイオ,better_story2010,2026-07-11T20:35:10.000+09:00,901
nb05037629dfc,12106384,moci moci 可視総合光線療法,charm_phlox8784,2026-07-11T21:27:42.000+09:00,1906
nb05037629dfc,14484876,りんの❤️,1974rinno,2026-07-11T20:59:08.000+09:00,601
nb05037629dfc,14212086,KU｜制作途上,light_ixora2580,2026-07-11T20:38:59.000+09:00,1080
nb05037629dfc,11484828,JAU |  臨床検査技師×医療副業,jau_jau1001,2026-07-11T20:38:10.000+09:00,1357
n2656b34564c8,10452537,ごろう,goro_131241d,2026-07-11T20:02:29.000+09:00,1126
n52e8a0b8d976,7390143,きみこのSoulルーム,kimimari2350,2026-07-12T01:55:38.000+09:00,442
n52e8a0b8d976,11828830,みっちぃ|子供と一緒に成長したい2児の父,pure_bear1643,2026-07-11T23:36:37.000+09:00,441
n376a8d176f5e,12949168,不真面目小児科医　しうまい,misasyu5,2026-07-12T00:24:54.000+09:00,657
n376a8d176f5e,13623901,あずなぶ〜る｜元在仏10年🇨🇵コミュ力アップ術✨️,alive_here3686,2026-07-11T23:59:06.000+09:00,1234
n376a8d176f5e,4877017,須川元介/情報翻訳家,skagenavi,2026-07-11T23:25:06.000+09:00,2399
n376a8d176f5e,14363101,ゆ,yuuwa1046,2026-07-11T23:15:34.000+09:00,133
n376a8d176f5e,11293921,そうた＠転職で人生変えた人,sota_career,2026-07-11T23:12:12.000+09:00,3579
n376a8d176f5e,12417301,すみれ,genial_wren230,2026-07-11T23:05:47.000+09:00,341
n376a8d176f5e,14509888,ぽん,pillows_saikyou,2026-07-11T23:03:35.000+09:00,214
n376a8d176f5e,11561590,かえるこ | Kaeruko,serene_pansy617,2026-07-11T22:54:04.000+09:00,4840
n376a8d176f5e,13079732,ＣＯＯＬ｜家族を守り抜くと決めた日から,vast_tulip7937,2026-07-11T22:50:31.000+09:00,1189
n376a8d176f5e,14132723,せな｜無理しない低燃費生活,senanomainichi,2026-07-11T22:47:05.000+09:00,678
n376a8d176f5e,13613385,羅生門SKY,codex_strategy,2026-07-11T22:45:08.000+09:00,461
n376a8d176f5e,1218500,さくら,sakura_wellness,2026-07-11T22:39:59.000+09:00,1479
n376a8d176f5e,12521570,しろのある,shirono_aru,2026-07-11T22:26:48.000+09:00,3912
n376a8d176f5e,10750843,Takanashi（たかなし）,takanashi_note01,2026-07-11T22:25:28.000+09:00,1285
n376a8d176f5e,12624691,あん｜noteと遊ぶ,aging_gracefully,2026-07-11T22:25:26.000+09:00,1314
n5e03b8aef07c,7390143,きみこのSoulルーム,kimimari2350,2026-07-12T01:56:26.000+09:00,442
n5e03b8aef07c,1218500,さくら,sakura_wellness,2026-07-11T22:56:07.000+09:00,1479
nb05037629dfc,13500210,nagi｜副業・資格・note発信｜家族のために、一歩ずつ,nagi_2026,2026-07-12T00:05:22.000+09:00,434
n34bcd536d71f,14363101,ゆ,yuuwa1046,2026-07-11T23:46:10.000+09:00,133
ncbeb62f97e7a,14363101,ゆ,yuuwa1046,2026-07-11T23:27:03.000+09:00,133
n84d46d0e0abb,14363101,ゆ,yuuwa1046,2026-07-11T23:41:31.000+09:00,133
n70affbf5c21a,14363101,ゆ,yuuwa1046,2026-07-11T23:30:01.000+09:00,133
n6d6dfd9e639f,14363101,ゆ,yuuwa1046,2026-07-11T23:18:19.000+09:00,133
n52e8a0b8d976,11829632,🎸陰陽猫│夏火少年,like_coyote9911,2026-07-12T03:46:15.000+09:00,442
n376a8d176f5e,12591374,ケンタロウ/gr.minpaku,merry_robin6845,2026-07-12T05:51:37.000+09:00,499
n376a8d176f5e,11829632,🎸陰陽猫│夏火少年,like_coyote9911,2026-07-12T03:46:28.000+09:00,442
n5e03b8aef07c,5553917,いなちう,inachu_note,2026-07-12T04:11:46.000+09:00,606
n936b16eb34b9,13927059,はる,haru_growth,2026-07-12T04:48:15.000+09:00,298
nb05037629dfc,7396421,英語コーチくみ🌈英語のチカラで幸せに,erainbows,2026-07-12T06:11:11.000+09:00,153
n111fbfc22da3,10394011,まる　ゆる〜くAI,clever_owl1345,2026-07-12T06:09:16.000+09:00,65
n376a8d176f5e,3598618,はしゃも｜感情構造エンジニア,hasyamo,2026-07-12T12:46:15.000+09:00,554
n376a8d176f5e,14414366,碧乃さくら,unique_turkey951,2026-07-12T12:34:33.000+09:00,612
n376a8d176f5e,13927059,はる,haru_growth,2026-07-12T10:44:01.000+09:00,298
n376a8d176f5e,2364826,andy｜投資・仕事・noteをデータで育てている人,andrewwaldfeld,2026-07-12T07:48:55.000+09:00,878
n376a8d176f5e,8166572,ひゅー｜AI×分析｜考察と思考整理を楽しむ。note,hyu_nisworks,2026-07-12T07:42:38.000+09:00,493
n376a8d176f5e,7185658,高取しづか｜親子の会話が変わる 自尊他尊メソッド,shizuka_kosodate,2026-07-12T06:55:42.000+09:00,1312
n376a8d176f5e,11589350, まめぼうず｜ADHD休職中パパ,tahmit372421,2026-07-12T06:52:56.000+09:00,82
n376a8d176f5e,13161722,おあつ,keen_pipit1182,2026-07-12T06:48:01.000+09:00,1736
n376a8d176f5e,13405464,木漏れ日亭,komorebi_tei,2026-07-12T06:29:02.000+09:00,693
n5e03b8aef07c,11973177,るこのみらい,ruco3,2026-07-12T12:28:16.000+09:00,2087
n5e03b8aef07c,13927059,はる,haru_growth,2026-07-12T07:39:19.000+09:00,298
nb05037629dfc,10259700,田中　伸生（のぶさん）,ifpcs,2026-07-12T08:22:00.000+09:00,1187
nb05037629dfc,1139981,長良時生|還暦世代のAI案内人,nagara_tokio,2026-07-12T06:32:06.000+09:00,23
n1cdcf505f910,1139981,長良時生|還暦世代のAI案内人,nagara_tokio,2026-07-12T06:31:32.000+09:00,23
n111fbfc22da3,14698860,みぃ | AI ‪✕‬ 商品設計🌿,mii_888,2026-07-12T10:11:18.000+09:00,85
n376a8d176f5e,10069756,うどあり│キャリア逆転の美学,udoari_imagine,2026-07-12T15:20:46.000+09:00,562
n5e03b8aef07c,12516832,和田雄三｜AI×心理ブランディングデザイナー,glad_dill2129,2026-07-12T15:08:20.000+09:00,972
n111fbfc22da3,14914928,【期間限定】 夢叶 時雨｡*୨୧*｡ 来年､夢を叶える為の応援をお願いします!!（フォロバ100%）,dear_mom_365_,2026-07-12T14:46:07.000+09:00,243
n111fbfc22da3,14547877,ゆめうつちゃん🌛🎠,alive_echium8954,2026-07-12T14:11:56.000+09:00,0
n52e8a0b8d976,12463900,もんちゃんとご縁結び,gay_mole63,2026-07-12T18:14:42.000+09:00,455
n1cdcf505f910,11584485,れくしぃ@忙しい会社員でもnoteで0→1達成！,rexy_blog01,2026-07-12T19:11:25.000+09:00,188
n376a8d176f5e,7723365,Wuta(ウタ),wuta_jp,2026-07-12T21:45:34.000+09:00,89
n376a8d176f5e,4509042,猫の父さん@トトとチー,cat48_1010,2026-07-12T21:07:07.000+09:00,429
n5e03b8aef07c,13366653,ぱぴさん,papi_san,2026-07-12T21:43:22.000+09:00,394
n5e03b8aef07c,7171768,efude55,calm_dietes116,2026-07-12T20:46:00.000+09:00,926
nb05037629dfc,13083491,ごりやく,goriyaku777,2026-07-12T20:36:36.000+09:00,669
n111fbfc22da3,9970908,JUNKI＠挑戦する人の１歩目を創る,junki_1882,2026-07-12T20:30:04.000+09:00,110
n111fbfc22da3,10256193,M.Shin,macchi_macchi,2026-07-12T19:47:33.000+09:00,19
n111fbfc22da3,14341611,粉と日々,rea614,2026-07-07T21:49:09.000+09:00,410
n376a8d176f5e,8857122,うるるん,nice_daisy957,2026-07-13T00:25:35.000+09:00,1128
n376a8d176f5e,13852441,アリゼロ🐜氷河期世代の働きアリ@自身が会社で経験してきた問題点や気づきを発信しています。,hataraku_ari999,2026-07-12T22:59:08.000+09:00,385
n5e03b8aef07c,8857122,うるるん,nice_daisy957,2026-07-13T00:23:55.000+09:00,1128
nb05037629dfc,14383317,yuri,naomi_0088,2026-07-12T22:43:36.000+09:00,912
n5e03b8aef07c,12160111,イロドリの詩／情緒ジェットコースターのリハビリ看護師,irodori_rihans,2026-07-13T02:42:09.000+09:00,252
n6a6731b1bb07,8477541,尾古森あお,ocomori_ao,2026-07-13T03:23:09.000+09:00,17
n52e8a0b8d976,13881492,Aki｜いのちを見つめ、ことばを紡ぐ,aki_re_grace,2026-07-13T08:14:18.000+09:00,77
n376a8d176f5e,11988842,木村竹蔵 （株）Stock Value CEO｜note運用,takezo_kimura,2026-07-13T11:42:41.000+09:00,1734
n376a8d176f5e,10460304,ちんぱん🐒会社しかない状態を減らす45歳,ojisan_chinpan,2026-07-13T08:41:07.000+09:00,885
n1cdcf505f910,11877070,アルフレッド(ALFRED),game_system_alex,2026-07-13T07:51:34.000+09:00,3197
n111fbfc22da3,14918797,yumi,brave_dill9881,2026-07-13T08:29:49.000+09:00,76
n52e8a0b8d976,645390,多賀俊二（草の根金融研究所「くさのーね」）,taga_kusanohne,2026-07-13T15:58:21.000+09:00,354
n52e8a0b8d976,6855089,きくちゃん｜人生立て直し中,lovely_iris784,2026-07-13T13:49:37.000+09:00,417
n376a8d176f5e,12377105,まるよか,yokayoka5103,2026-07-13T16:55:21.000+09:00,1488
n376a8d176f5e,10646763,雪国ゆり☃️薬学部文学科(獣医学選択),yuriri_love202,2026-07-13T16:05:04.000+09:00,518
n376a8d176f5e,12158291,考える赤柴｜司法書士試験結果待ち中,eager_thyme9842,2026-07-13T14:56:56.000+09:00,408
n376a8d176f5e,6855089,きくちゃん｜人生立て直し中,lovely_iris784,2026-07-13T13:48:17.000+09:00,417
n936b16eb34b9,3380045,女性起業家専門コーチ川田治,osamukawada,2026-07-13T14:25:20.000+09:00,125
n1cdcf505f910,14803596,オレメガネ　　note行動改善する人,syohousenmegane,2026-07-13T15:49:52.000+09:00,225
n11c371e0015b,13870436,ママ薬剤師HONO,hospital_ph_hono,2026-07-13T16:24:32.000+09:00,504
n968647e16cb9,13870436,ママ薬剤師HONO,hospital_ph_hono,2026-07-13T16:25:12.000+09:00,504
nc14a1243e809,5738970,営業fafa | note業界No.1営業マン,kohana1112,2026-07-13T20:16:16.000+09:00,1612
nc14a1243e809,12607946,てぼっこ,tebocco_bocchi,2026-07-13T20:15:40.000+09:00,315
nc14a1243e809,5513805,カナミン｜AIと迷いながら、進む人,kanamin26,2026-07-13T20:15:21.000+09:00,851
nc14a1243e809,8166572,ひゅー｜AI×分析｜考察と思考整理を楽しむ。note,hyu_nisworks,2026-07-13T20:15:03.000+09:00,497
nc14a1243e809,13574007,🍀ベンジャミン🍀,noble_spirea7217,2026-07-13T20:14:28.000+09:00,1032
nc14a1243e809,5330022,Marie | まりーの小さな⚙️歯車⚙️ラボ🔬,marie_222,2026-07-13T20:14:20.000+09:00,74
nc14a1243e809,11543403,さとりのさとり,kopailog,2026-07-13T20:11:57.000+09:00,370
nc14a1243e809,11634537,ナオユキ｜物語と知識のコンシェルジュ,ai_naoyuki,2026-07-13T20:10:58.000+09:00,3276
nc14a1243e809,10517876,向日葵じまにゃん🌻,jimanyan,2026-07-13T20:08:44.000+09:00,2001
nc14a1243e809,8911867,ルルトアヤコ,lovely_coyote546,2026-07-13T20:06:00.000+09:00,2777
nc14a1243e809,13777980,しげちーSS,shjgechy,2026-07-13T20:05:50.000+09:00,575
nc14a1243e809,14414366,碧乃さくら,unique_turkey951,2026-07-13T20:01:17.000+09:00,615
n5e03b8aef07c,13193279,かつぶし＠フォロバ100,deft_ixia2182,2026-07-13T17:52:45.000+09:00,618
n52e8a0b8d976,13193279,かつぶし＠フォロバ100,deft_ixia2182,2026-07-13T17:52:43.000+09:00,618
nc14a1243e809,12428977,🐻くまっ子ママ｜年子男子ママ×歯科衛生士の奮闘記,dreamy_wolf3957,2026-07-13T23:16:41.000+09:00,915
nc14a1243e809,4877017,須川元介/情報翻訳家,skagenavi,2026-07-13T23:16:08.000+09:00,2396
nc14a1243e809,10460304,ちんぱん🐒会社しかない状態を減らす45歳,ojisan_chinpan,2026-07-13T23:15:40.000+09:00,889
nc14a1243e809,12377105,まるよか,yokayoka5103,2026-07-13T23:08:04.000+09:00,1489
nc14a1243e809,13163455,KOTAYA | 今日はこれで合格,kotaya_log,2026-07-13T23:00:33.000+09:00,3053
nc14a1243e809,11561590,かえるこ | Kaeruko,serene_pansy617,2026-07-13T22:44:58.000+09:00,4863
nc14a1243e809,12149394,あめ｜AIとのくらし,ame_to_ai,2026-07-13T22:44:04.000+09:00,426
nc14a1243e809,12887126,風香@一級建築士,fuka_architect,2026-07-13T22:22:38.000+09:00,478
nc14a1243e809,12417301,すみれ,genial_wren230,2026-07-13T21:38:42.000+09:00,345
nc14a1243e809,13638553,まぐ。/ 公式裏アカウント 【まぐnet。】,fancy_impala8140,2026-07-13T21:31:48.000+09:00,357
nc14a1243e809,11837112,もぐら,mogurabooks,2026-07-13T21:26:01.000+09:00,286
nc14a1243e809,11359513,🎵 TEAM LILITH & AMI｜安達,takayukiadachi,2026-07-13T21:16:47.000+09:00,1028
nc14a1243e809,564742,ta_kawano,takawano,2026-07-13T21:15:41.000+09:00,72
nc14a1243e809,2490558,だんだんありがと@めじゅ,dandan_arigato19,2026-07-13T21:10:11.000+09:00,621
nc14a1243e809,7896891,ポンタ,pontanohaha,2026-07-13T21:04:44.000+09:00,1197
nc14a1243e809,7723365,Wuta(ウタ),wuta_jp,2026-07-13T21:01:45.000+09:00,93
nc14a1243e809,14132723,せな｜無理しない低燃費生活,senanomainichi,2026-07-13T21:01:02.000+09:00,680
nc14a1243e809,10750843,Takanashi（たかなし）,takanashi_note01,2026-07-13T20:54:49.000+09:00,1286
nc14a1243e809,14194071,もも │ 溺愛♥️BL本棚,blhondana,2026-07-13T20:52:48.000+09:00,158
nc14a1243e809,12158291,考える赤柴｜司法書士試験結果待ち中,eager_thyme9842,2026-07-13T20:48:49.000+09:00,413
nc14a1243e809,13405464,木漏れ日亭,komorebi_tei,2026-07-13T20:41:39.000+09:00,702
nc14a1243e809,13623901,あずなぶ〜る｜元在仏10年🇨🇵コミュ力アップ術✨️,alive_here3686,2026-07-13T20:41:22.000+09:00,1312
nc14a1243e809,12949168,不真面目小児科医　しうまい,misasyu5,2026-07-13T20:39:55.000+09:00,658
nc14a1243e809,6905415,豹子頭 林冲,hyousitou,2026-07-13T20:30:58.000+09:00,294
nc14a1243e809,12624691,あん｜noteと遊ぶ,aging_gracefully,2026-07-13T20:23:52.000+09:00,1316
nc14a1243e809,13107123,ランマッスル,runmuscle_m,2026-07-13T20:20:58.000+09:00,5892
nc14a1243e809,6855089,きくちゃん｜人生立て直し中,lovely_iris784,2026-07-13T20:20:42.000+09:00,422
nc14a1243e809,10964378,ななな,nanaokuen_7777,2026-07-13T20:20:11.000+09:00,813
nc14a1243e809,10175064,雪綴ゆき,wise_rat6355,2026-07-13T20:18:43.000+09:00,6775
n376a8d176f5e,14353946,ガク｜タイで鍛え直された野武士管理職,gaku_management,2026-07-13T22:53:39.000+09:00,1419
n376a8d176f5e,12385127,超育休志向｜りさ ＆ ゆういち,comfamily_lab,2026-07-13T20:59:21.000+09:00,530
n5e03b8aef07c,14198121,わかなまる｜性を語りつつ真面目に考察する,wakana0728,2026-07-13T23:01:46.000+09:00,111
n936b16eb34b9,7594507,ゆんまま| 思春期男子とママの心を守る,gifted_whale460,2026-07-13T23:10:56.000+09:00,896
n111fbfc22da3,13720003,建築士の投資思考_一級建築士,apt_human4609,2026-07-13T23:03:06.000+09:00,360
n111fbfc22da3,14679828,穴おじ,genial_wren7626,2026-07-13T01:28:08.000+09:00,249
n52e8a0b8d976,11967873,AIチャッティ,fordtaurus116,2026-07-13T22:02:04.000+09:00,1649
nc14a1243e809,13613385,羅生門SKY,codex_strategy,2026-07-14T01:32:08.000+09:00,461
nc14a1243e809,11973177,るこのみらい,ruco3,2026-07-14T00:22:17.000+09:00,2092
nc14a1243e809,10390902,ちかよりみち@🇩🇪ドイツ生活攻略家,chikayorimichi_5,2026-07-14T00:14:42.000+09:00,1150
nc14a1243e809,12521570,しろのある,shirono_aru,2026-07-14T00:09:30.000+09:00,3916
nc14a1243e809,13066168,はるねずみ｜note副業０→１応援,kasegu5haru,2026-07-13T23:58:02.000+09:00,1723
nc14a1243e809,13140757,雪詠｜ゆきよみ,yukiyomi,2026-07-13T23:45:02.000+09:00,875
nc14a1243e809,13500210,nagi｜副業・資格・note発信｜家族のために、一歩ずつ,nagi_2026,2026-07-13T23:38:49.000+09:00,467
nc14a1243e809,13316377,アイノタイチ｜𝕄𝕄ℕ,gey_chevis6981,2026-07-13T23:33:57.000+09:00,2216
nc14a1243e809,13366653,ぱぴさん,papi_san,2026-07-13T23:31:03.000+09:00,395
nc14a1243e809,13079732,ＣＯＯＬ｜家族を守り抜くと決めた日から,vast_tulip7937,2026-07-13T23:30:21.000+09:00,1197
nc14a1243e809,12157269,ken ｜ 完全無課金AI戦略 × note運営,noted_sheep3883,2026-07-13T23:28:26.000+09:00,3535
n376a8d176f5e,10234443,びーる猫,beelneko,2026-07-14T01:06:23.000+09:00,56
n376a8d176f5e,13066168,はるねずみ｜note副業０→１応援,kasegu5haru,2026-07-14T00:10:33.000+09:00,1723
nb05037629dfc,14451558,ノイズレコード【日常を分解しすぎる日記】,noise_record,2026-07-14T02:45:10.000+09:00,142
n111fbfc22da3,10234443,びーる猫,beelneko,2026-07-14T01:06:32.000+09:00,56
nc14a1243e809,1604147,とびさら@「今は無理」を変える人,tobisara,2026-07-14T05:38:08.000+09:00,1160
nc14a1243e809,11589350, まめぼうず｜ADHD休職中パパ,tahmit372421,2026-07-14T05:35:35.000+09:00,91
nc14a1243e809,13900618,sophie,scribble_1000,2026-07-14T04:59:45.000+09:00,817
nc14a1243e809,14363101,ゆ,yuuwa1046,2026-07-14T04:46:06.000+09:00,134
nc14a1243e809,2364826,andy｜投資・仕事・noteをデータで育てている人,andrewwaldfeld,2026-07-14T10:12:07.000+09:00,877
nc14a1243e809,13881492,Aki｜いのちを見つめ、ことばを紡ぐ,aki_re_grace,2026-07-14T09:37:43.000+09:00,77
nc14a1243e809,12297006,みなてぃ,minaty_chronicle,2026-07-14T07:59:46.000+09:00,508
nc14a1243e809,11877070,アルフレッド(ALFRED),game_system_alex,2026-07-14T07:54:07.000+09:00,3209
nc14a1243e809,13236272,ZAKKY −営業サポート,mild_stoat3315,2026-07-14T06:52:38.000+09:00,291
nc14a1243e809,13870436,ママ薬剤師HONO,hospital_ph_hono,2026-07-14T06:47:55.000+09:00,514
nc14a1243e809,12294290,Camellia Mountain,camellia_0821,2026-07-14T06:47:48.000+09:00,421
n5e03b8aef07c,2490558,だんだんありがと@めじゅ,dandan_arigato19,2026-07-14T10:30:17.000+09:00,626
n1cdcf505f910,6238387,しょふぃー,ch_syota,2026-07-14T08:50:13.000+09:00,0
n44d64b72a806,6238387,しょふぃー,ch_syota,2026-07-14T08:49:47.000+09:00,0
nc14a1243e809,13037359,丁寧な暮らし/生きやすさ探求家,gentle_gecko1078,2026-07-14T13:07:23.000+09:00,320
n111fbfc22da3,13252983,まったん＠Xとnoteで人生を豊かにする64歳！,gifted_fish1640,2026-07-14T12:45:54.000+09:00,8947
nc14a1243e809,11848158,ゆき｜Webライター兼ブロガー,yorozu_note,2026-07-14T18:38:24.000+09:00,1214
nc14a1243e809,7703704,清宮ゆうか｜年子兄妹のママ・薬剤師,yuka_k_mom,2026-07-14T18:14:47.000+09:00,1466
nc14a1243e809,9281462,N氏,nakaikikaku,2026-07-14T17:36:55.000+09:00,1344
nc14a1243e809,9981649,みこと|ぼんやり難病主婦,toku_ya0907,2026-07-14T17:32:54.000+09:00,381
nc14a1243e809,11905841,顔のない問い,sasoib_ehtal,2026-07-14T17:01:01.000+09:00,763
nc14a1243e809,13521153,山奥AI研究所,yamaokuai,2026-07-14T16:30:06.000+09:00,2382
n376a8d176f5e,5012341,モノを作ってamazonで売る。そんな人生。「データマニアぷぅ」,datamania_pu,2026-07-14T18:17:46.000+09:00,1395
n5e03b8aef07c,14838736,恋する ウーパールーパー,fm0149se0730,2026-07-14T17:10:12.000+09:00,124
n936b16eb34b9,14838736,恋する ウーパールーパー,fm0149se0730,2026-07-14T17:10:08.000+09:00,124
n52e8a0b8d976,2490558,だんだんありがと@めじゅ,dandan_arigato19,2026-07-14T18:10:16.000+09:00,637
nc14a1243e809,13876041,🐾コロッケノスケ☕🌙｜ゲッコーカフェ,rich_rat9818,2026-07-14T20:44:16.000+09:00,492
nc14a1243e809,12771942,KOU🍀｜noteを育てて収益化,kou_seiho,2026-07-14T20:37:47.000+09:00,903
nc14a1243e809,13430194,あきまむ,fond_shark9221,2026-07-14T19:44:40.000+09:00,257
n63b035638856,12629280,ちょ,fast_cosmos9357,2026-07-14T22:32:45.000+09:00,128
n63b035638856,12377105,まるよか,yokayoka5103,2026-07-14T22:30:29.000+09:00,1496
n63b035638856,13405464,木漏れ日亭,komorebi_tei,2026-07-14T22:24:04.000+09:00,707
n63b035638856,12624691,あん｜noteと遊ぶ,aging_gracefully,2026-07-14T22:22:39.000+09:00,1326
n63b035638856,10750843,Takanashi（たかなし）,takanashi_note01,2026-07-14T22:14:55.000+09:00,1287
n63b035638856,4877017,須川元介/情報翻訳家,skagenavi,2026-07-14T22:09:53.000+09:00,2397
n63b035638856,6905415,豹子頭 林冲,hyousitou,2026-07-14T22:07:18.000+09:00,293
n63b035638856,13079732,ＣＯＯＬ｜家族を守り抜くと決めた日から,vast_tulip7937,2026-07-14T22:03:03.000+09:00,1198
n63b035638856,2364826,andy｜投資・仕事・noteをデータで育てている人,andrewwaldfeld,2026-07-14T22:00:23.000+09:00,879
n63b035638856,10390902,ちかよりみち@🇩🇪ドイツ生活攻略家,chikayorimichi_5,2026-07-14T21:59:12.000+09:00,1153
n63b035638856,10460304,ちんぱん🐒会社しかない状態を減らす45歳,ojisan_chinpan,2026-07-14T21:51:35.000+09:00,896
n63b035638856,2490558,だんだんありがと@めじゅ,dandan_arigato19,2026-07-14T21:48:26.000+09:00,638
n63b035638856,13161722,おあつ,keen_pipit1182,2026-07-14T21:44:08.000+09:00,1756
n63b035638856,3608968,KITAcore｜キタコレ＠ログプレイヤー,ktcrs1107,2026-07-14T21:43:55.000+09:00,1678
n63b035638856,13623901,あずなぶ〜る｜元在仏10年🇨🇵コミュ力アップ術✨️,alive_here3686,2026-07-14T21:43:46.000+09:00,1358
n63b035638856,14132723,せな｜無理しない低燃費生活,senanomainichi,2026-07-14T21:41:17.000+09:00,678
n63b035638856,13876041,🐾コロッケノスケ☕🌙｜ゲッコーカフェ,rich_rat9818,2026-07-14T21:39:13.000+09:00,492
n63b035638856,10175064,雪綴ゆき,wise_rat6355,2026-07-14T21:39:06.000+09:00,6779
n63b035638856,13900618,sophie,scribble_1000,2026-07-14T21:38:57.000+09:00,818
n63b035638856,8911867,ルルトアヤコ,lovely_coyote546,2026-07-14T21:38:18.000+09:00,2786
n63b035638856,564742,ta_kawano,takawano,2026-07-14T21:38:09.000+09:00,72
n63b035638856,5330022,Marie | まりーの小さな⚙️歯車⚙️ラボ🔬,marie_222,2026-07-14T21:37:13.000+09:00,76
n63b035638856,13107123,ランマッスル,runmuscle_m,2026-07-14T21:35:12.000+09:00,5938
n376a8d176f5e,14449095,飯島　恭𠮷,brainy_nerine615,2026-07-14T21:37:50.000+09:00,331
n12a8431dc240,12148536,まき@こどもと日々成長中,asobo_kids,2026-07-14T20:23:36.000+09:00,1021
nc14a1243e809,9525271,ゴキタマサミチ｜よく考え、よく書き、よく笑い、よく学び直す,gokitamasamichi,2026-07-14T23:01:43.000+09:00,1006
nc14a1243e809,14678969,コツシバ｜ベンチプレス系ITエンジニア,kotsushiba,2026-07-14T22:58:24.000+09:00,1525
nc14a1243e809,12376062,ういまる,witty_eider9036,2026-07-14T22:44:27.000+09:00,513
n63b035638856,14433020,Shinobu｜副業・本業残業多め,shinobu_noter,2026-07-15T02:22:24.000+09:00,152
n63b035638856,6910581,寄り道上手なオヤジ,yorimichi_oyaji,2026-07-15T02:16:19.000+09:00,594
n63b035638856,12157269,ken ｜ 完全無課金AI戦略 × note運営,noted_sheep3883,2026-07-15T00:23:47.000+09:00,3561
n63b035638856,11558833,癒療師（ゆりょうし）びっくる,right_hyena9739,2026-07-14T23:58:30.000+09:00,97
n63b035638856,11121667,"あいさん💗Iカウンセリングルーム セラピスト／ 臨床心理士×公認心理師｜支援歴16年・2,000名超",joyful_zebra1701,2026-07-14T23:56:44.000+09:00,6924
n63b035638856,12158291,考える赤柴｜司法書士試験結果待ち中,eager_thyme9842,2026-07-14T23:29:09.000+09:00,418
n63b035638856,11561590,かえるこ | Kaeruko,serene_pansy617,2026-07-14T23:24:39.000+09:00,4904
n63b035638856,14391627,ヒロくん@健康になりたい💪フォロバ100,hirohirokun123,2026-07-14T23:04:55.000+09:00,620
n63b035638856,11395794,零ぴちゅ。,reipichu,2026-07-14T22:59:16.000+09:00,4738
n63b035638856,12668465,紅茶🫖｜ことばの庭,usagi_no_mimi_,2026-07-14T22:54:02.000+09:00,232
n63b035638856,8166572,ひゅー｜AI×分析｜考察と思考整理を楽しむ。note,hyu_nisworks,2026-07-14T22:33:53.000+09:00,494
n52e8a0b8d976,6433922,イツミ,clover_libra,2026-07-14T22:40:38.000+09:00,1588
n4b45540fc238,14433020,Shinobu｜副業・本業残業多め,shinobu_noter,2026-07-15T02:22:56.000+09:00,152
n73bbdeee4407,14433020,Shinobu｜副業・本業残業多め,shinobu_noter,2026-07-15T02:27:23.000+09:00,152
n421492a272ef,14363101,ゆ,yuuwa1046,2026-07-15T02:18:21.000+09:00,138
n7ce8072038fa,14363101,ゆ,yuuwa1046,2026-07-15T02:03:24.000+09:00,138
n73afa75820a4,14363101,ゆ,yuuwa1046,2026-07-15T02:01:44.000+09:00,138
nea3ba58998c7,14363101,ゆ,yuuwa1046,2026-07-15T02:16:43.000+09:00,138
n043353896aed,14363101,ゆ,yuuwa1046,2026-07-15T02:00:23.000+09:00,138
n1b58ce23b4c5,14363101,ゆ,yuuwa1046,2026-07-15T02:14:20.000+09:00,138
nc6d374808a84,14363101,ゆ,yuuwa1046,2026-07-15T01:57:40.000+09:00,138
nd1c61280f3f9,14363101,ゆ,yuuwa1046,2026-07-15T01:56:40.000+09:00,138
n6625a4f30d7f,14363101,ゆ,yuuwa1046,2026-07-15T01:55:12.000+09:00,138
n31b4a8a30372,14363101,ゆ,yuuwa1046,2026-07-15T02:11:26.000+09:00,138
n31619810ff51,14363101,ゆ,yuuwa1046,2026-07-15T02:10:17.000+09:00,138
na63e407a9a7f,14363101,ゆ,yuuwa1046,2026-07-15T02:07:24.000+09:00,138
n63b035638856,10517876,向日葵じまにゃん🌻,jimanyan,2026-07-15T06:10:16.000+09:00,2003
n63b035638856,1218500,さくら,sakura_wellness,2026-07-15T05:30:17.000+09:00,1496
n63b035638856,11837112,もぐら,mogurabooks,2026-07-15T05:10:03.000+09:00,289
n1cdcf505f910,14433020,Shinobu｜副業・本業残業多め,shinobu_noter,2026-07-15T02:55:23.000+09:00,152
n111fbfc22da3,14960316,さんでぃ@婚活と自分磨きを頑張った30代男性,sandystudybook,2026-07-15T06:11:43.000+09:00,257
nc14a1243e809,12160111,イロドリの詩／情緒ジェットコースターのリハビリ看護師,irodori_rihans,2026-07-15T12:17:50.000+09:00,258
n63b035638856,14678969,コツシバ｜ベンチプレス系ITエンジニア,kotsushiba,2026-07-15T08:09:05.000+09:00,1534
n63b035638856,13236272,ZAKKY −営業サポート,mild_stoat3315,2026-07-15T06:41:24.000+09:00,290
n7e740cfc5fce,5073515,nao,mgane,2026-07-15T12:14:13.000+09:00,412
n111fbfc22da3,7998908,コウ,kou_r_0088,2026-07-15T07:03:21.000+09:00,238
n111fbfc22da3,15034732,有料noteづくり研究室,hukugyo_note_1st,2026-07-15T06:54:00.000+09:00,37
n52e8a0b8d976,11905841,顔のない問い,sasoib_ehtal,2026-07-15T11:06:21.000+09:00,766
nc14a1243e809,3913824,yayo,yayo_0102,2026-07-15T14:12:04.000+09:00,88
n63b035638856,7896891,ポンタ,pontanohaha,2026-07-15T15:25:17.000+09:00,1197
n6a6731b1bb07,10053835,コケ丸,archimedes4989,2026-07-15T14:45:31.000+09:00,2225
n7170484aebb5,15076652,りす,super_guppy3994,2026-07-15T14:27:38.000+09:00,4
n52e534bf0411,7896891,ポンタ,pontanohaha,2026-07-15T15:30:33.000+09:00,1197
n63b035638856,14414366,碧乃さくら,unique_turkey951,2026-07-15T18:40:35.000+09:00,646
ne1a87d5b28a6,13548615,観照人,crystal_567,2026-07-15T19:04:42.000+09:00,90
nc14a1243e809,11484828,JAU |  臨床検査技師×医療副業,jau_jau1001,2026-07-15T21:41:19.000+09:00,1362
n63b035638856,5738970,営業fafa | note業界No.1営業マン,kohana1112,2026-07-15T22:28:02.000+09:00,1621
n111fbfc22da3,14453229,    投資で迷子のサウナー♨️日々奮闘中💪,saunaniikitai37,2026-07-15T21:00:26.000+09:00,737
n111fbfc22da3,1236057,ことりん｜介護職18年 現役介護士,clean_yarrow4868,2026-07-15T19:44:26.000+09:00,138
n111fbfc22da3,4628024,伊藤円,itomadoca,2026-07-15T19:19:26.000+09:00,1274
n6a6731b1bb07,12275674,ねくら,nekura_nekura,2026-07-15T20:37:13.000+09:00,638
ne1a87d5b28a6,12745992,シネマと音のあいだで,between_c_and_s,2026-07-15T21:23:26.000+09:00,110
n63b035638856,12417301,すみれ,genial_wren230,2026-07-15T22:47:18.000+09:00,344
n111fbfc22da3,14654938,サバイバーひろこ,ripe_emu8676,2026-07-15T22:53:50.000+09:00,117
n73bbdeee4407,14414366,碧乃さくら,unique_turkey951,2026-07-15T23:17:23.000+09:00,645
n63b035638856,13870436,ママ薬剤師HONO,hospital_ph_hono,2026-07-16T05:11:44.000+09:00,545
nc14a1243e809,10532209,虹色runa♡生きるヒント日記&AI❣️,gosto2525,2026-07-16T11:38:59.000+09:00,1782
nc14a1243e809,12649413,だいち｜建築士の視点から,daichi_architect,2026-07-16T09:05:28.000+09:00,1463
nc14a1243e809,10646763,雪国ゆり☃️薬学部文学科(獣医学選択),yuriri_love202,2026-07-16T08:47:27.000+09:00,519
nc14a1243e809,1218500,さくら,sakura_wellness,2026-07-16T07:21:06.000+09:00,1500
nc14a1243e809,13792780,営業パパ,eigyopapa,2026-07-16T07:09:45.000+09:00,1750
n63b035638856,12649413,だいち｜建築士の視点から,daichi_architect,2026-07-16T09:05:29.000+09:00,1463
n63b035638856,10646763,雪国ゆり☃️薬学部文学科(獣医学選択),yuriri_love202,2026-07-16T08:46:56.000+09:00,519
n63b035638856,12160111,イロドリの詩／情緒ジェットコースターのリハビリ看護師,irodori_rihans,2026-07-16T07:30:32.000+09:00,266
n96fdd23e76b7,12160111,イロドリの詩／情緒ジェットコースターのリハビリ看護師,irodori_rihans,2026-07-16T07:35:15.000+09:00,266
nc14a1243e809,3608968,KITAcore｜キタコレ＠ログプレイヤー,ktcrs1107,2026-07-16T14:39:29.000+09:00,1693
nc14a1243e809,7594507,ゆんまま| 思春期男子とママの心を守る,gifted_whale460,2026-07-16T12:58:56.000+09:00,915
n63b035638856,13140757,雪詠｜ゆきよみ,yukiyomi,2026-07-16T15:29:12.000+09:00,882
n63b035638856,7594507,ゆんまま| 思春期男子とママの心を守る,gifted_whale460,2026-07-16T12:57:43.000+09:00,915
n376a8d176f5e,13140757,雪詠｜ゆきよみ,yukiyomi,2026-07-16T15:47:39.000+09:00,882
n376a8d176f5e,3608968,KITAcore｜キタコレ＠ログプレイヤー,ktcrs1107,2026-07-16T14:39:35.000+09:00,1693
n5e03b8aef07c,13140757,雪詠｜ゆきよみ,yukiyomi,2026-07-16T15:48:59.000+09:00,882
n936b16eb34b9,13140757,雪詠｜ゆきよみ,yukiyomi,2026-07-16T15:51:20.000+09:00,882
n1cdcf505f910,13140757,雪詠｜ゆきよみ,yukiyomi,2026-07-16T15:55:00.000+09:00,882
n4b45540fc238,13140757,雪詠｜ゆきよみ,yukiyomi,2026-07-16T15:18:46.000+09:00,882
n63b035638856,14855179,トヨタ企画PM,restart_to_dream,2026-07-16T19:17:43.000+09:00,204
n63b035638856,13927059,はる,haru_growth,2026-07-16T18:27:24.000+09:00,304
nb05037629dfc,13177885,きなこ,hip_peony7415,2026-07-16T18:16:45.000+09:00,419
n33c3786a8c0a,13140757,雪詠｜ゆきよみ,yukiyomi,2026-07-16T16:17:13.000+09:00,884
n2656b34564c8,13140757,雪詠｜ゆきよみ,yukiyomi,2026-07-16T16:22:54.000+09:00,884
n4b45540fc238,4436201,ADHDのAI活用,holmes017,2026-07-16T16:06:40.000+09:00,19
n63b035638856,11877961,ハッタリ,toichi_101,2026-07-16T19:48:22.000+09:00,15004
nc14a1243e809,8857122,うるるん,nice_daisy957,2026-07-17T00:19:22.000+09:00,1142
n63b035638856,8857122,うるるん,nice_daisy957,2026-07-17T00:19:46.000+09:00,1142
n63b035638856,8584460,みむら＠チリツモチャレンジャー,mimu_labo922,2026-07-17T00:02:31.000+09:00,1137
nc14a1243e809,11768365,ミツカル｜生成AIツール専門比較・ランキングメディア【毎週 水・土の18:00に投稿！】,ai_mitsukaru,2026-07-17T12:04:11.000+09:00,5162
n376a8d176f5e,13687164,ロキろん,cheeky_rhino7031,2026-07-17T09:29:58.000+09:00,240
n52e8a0b8d976,13163455,KOTAYA | 今日はこれで合格,kotaya_log,2026-07-17T08:56:42.000+09:00,3051
nc14a1243e809,5528334,ヒトタラヲ,5959life,2026-07-17T15:40:12.000+09:00,4227
nc14a1243e809,13852441,アリゼロ🐜氷河期世代の働きアリ@自身が会社で経験してきた問題点や気づきを発信しています。,hataraku_ari999,2026-07-17T14:31:39.000+09:00,404
n63b035638856,13852441,アリゼロ🐜氷河期世代の働きアリ@自身が会社で経験してきた問題点や気づきを発信しています。,hataraku_ari999,2026-07-17T14:31:36.000+09:00,404
nc14a1243e809,11474190,断罪と慈愛の歌詠み師 UTAKO,bold_slug9390,2026-07-17T16:39:27.000+09:00,625
n5e03b8aef07c,11474190,断罪と慈愛の歌詠み師 UTAKO,bold_slug9390,2026-07-17T16:24:31.000+09:00,625
n936b16eb34b9,15046676,AI社長｜10万円から事業をつくる,i_shacho_jp,2026-07-17T17:52:48.000+09:00,7
n1cdcf505f910,15046676,AI社長｜10万円から事業をつくる,i_shacho_jp,2026-07-17T17:51:05.000+09:00,7
n12a8431dc240,15046676,AI社長｜10万円から事業をつくる,i_shacho_jp,2026-07-17T17:53:56.000+09:00,7
n2656b34564c8,15046676,AI社長｜10万円から事業をつくる,i_shacho_jp,2026-07-17T17:54:06.000+09:00,7
n34d6c85656ad,15046676,AI社長｜10万円から事業をつくる,i_shacho_jp,2026-07-17T17:53:00.000+09:00,7
nc14a1243e809,8448628,レイ,creator_100,2026-07-17T21:59:35.000+09:00,954
nc14a1243e809,14711792,Kokoro 心,kokoro_spirit,2026-07-17T20:01:53.000+09:00,58
ndabdffa3585f,12607946,てぼっこ,tebocco_bocchi,2026-07-17T21:57:48.000+09:00,318
ndabdffa3585f,14212086,KU｜制作途上,light_ixora2580,2026-07-17T21:54:13.000+09:00,1127
ndabdffa3585f,7723365,Wuta(ウタ),wuta_jp,2026-07-17T21:50:48.000+09:00,126
ndabdffa3585f,12697562,さんだい/30代で社会人から大学生になった男,30sdaigakusei,2026-07-17T21:46:42.000+09:00,24
ndabdffa3585f,13900618,sophie,scribble_1000,2026-07-17T21:44:57.000+09:00,819
ndabdffa3585f,14080392,長坂　珠子,nagasaka_tamako,2026-07-17T21:15:21.000+09:00,127
ndabdffa3585f,11561590,かえるこ | Kaeruko,serene_pansy617,2026-07-17T21:11:19.000+09:00,4985
ndabdffa3585f,14084903,tsubasa｜誰かに寄り添うAI活用術｜note副業,tsuba_ai_note,2026-07-17T21:02:54.000+09:00,299
ndabdffa3585f,14132723,せな｜無理しない低燃費生活,senanomainichi,2026-07-17T21:00:59.000+09:00,686
ndabdffa3585f,8911867,ルルトアヤコ,lovely_coyote546,2026-07-17T20:53:24.000+09:00,2799
ndabdffa3585f,11589350, まめぼうず｜ADHD休職中パパ,tahmit372421,2026-07-17T20:48:43.000+09:00,118
ndabdffa3585f,14678969,コツシバ｜ベンチプレス系ITエンジニア,kotsushiba,2026-07-17T20:34:17.000+09:00,1615
ndabdffa3585f,5738970,営業fafa | note業界No.1営業マン,kohana1112,2026-07-17T20:32:40.000+09:00,1633
ndabdffa3585f,11837112,もぐら,mogurabooks,2026-07-17T20:30:26.000+09:00,290
ndabdffa3585f,14603962,はちぷー,hachipoo_3588,2026-07-17T20:27:36.000+09:00,475
ndabdffa3585f,13638553,まぐ。/ 公式裏アカウント 【まぐnet。】,fancy_impala8140,2026-07-17T20:24:30.000+09:00,359
ndabdffa3585f,13777980,しげちーSS,shjgechy,2026-07-17T20:21:32.000+09:00,593
ndabdffa3585f,10517876,向日葵じまにゃん🌻,jimanyan,2026-07-17T20:20:08.000+09:00,2005
ndabdffa3585f,13107123,ランマッスル,runmuscle_m,2026-07-17T20:18:11.000+09:00,6032
ndabdffa3585f,11634537,ナオユキ｜物語と知識のコンシェルジュ,ai_naoyuki,2026-07-17T20:07:07.000+09:00,3297
ndabdffa3585f,11954787,【Re:ME】設計する会社員,re_me2025,2026-07-17T20:05:24.000+09:00,508
ndabdffa3585f,13405464,木漏れ日亭,komorebi_tei,2026-07-17T20:02:00.000+09:00,719
ndabdffa3585f,14711792,Kokoro 心,kokoro_spirit,2026-07-17T20:01:54.000+09:00,58
ndabdffa3585f,4767410,冒険ライオン,boukenlion,2026-07-17T19:59:33.000+09:00,2188
ndabdffa3585f,13870436,ママ薬剤師HONO,hospital_ph_hono,2026-07-17T19:59:30.000+09:00,561
ndabdffa3585f,10175064,雪綴ゆき,wise_rat6355,2026-07-17T19:53:54.000+09:00,6848
ndabdffa3585f,5330022,Marie | まりーの小さな⚙️歯車⚙️ラボ🔬,marie_222,2026-07-17T19:53:28.000+09:00,77
n63b035638856,14711792,Kokoro 心,kokoro_spirit,2026-07-17T20:01:55.000+09:00,58
n936b16eb34b9,14663366,ふく子ママ　＠フォロバ100%,joyful_gibbon123,2026-07-17T21:59:19.000+09:00,462
n111fbfc22da3,10501834,みふゆ｜AIパートナーとnote実験中｜フォロバ100,kei_mifu,2026-07-17T21:01:57.000+09:00,717
nea3ba58998c7,8271477,対話ディレクター🌻Machiko／本音を引き出す人,machiko_director,2026-07-17T21:52:44.000+09:00,167
nc14a1243e809,14564211,♡海藻うさぎ猫♡,fine_worm5368,2026-07-18T00:10:51.000+09:00,453
nc14a1243e809,14938952,途中の父ちゃん,modern_dahlia779,2026-07-17T23:45:03.000+09:00,195
ndabdffa3585f,14433020,Shinobu｜副業・本業残業多め,shinobu_noter,2026-07-18T01:59:25.000+09:00,151
ndabdffa3585f,12789134,とり,tori2323,2026-07-18T01:44:49.000+09:00,3122
ndabdffa3585f,12157269,ken ｜ 完全無課金AI戦略 × note運営,noted_sheep3883,2026-07-18T00:05:40.000+09:00,3655
ndabdffa3585f,4877017,須川元介/情報翻訳家,skagenavi,2026-07-17T23:41:30.000+09:00,2405
ndabdffa3585f,14716963,おちゃもち｜副業迷子の脱出方法を教えます｜フォロバ100,otyamotin,2026-07-17T23:36:21.000+09:00,871
ndabdffa3585f,7638556,たかっち,legacy9999,2026-07-17T23:24:42.000+09:00,4070
ndabdffa3585f,13613385,羅生門SKY,codex_strategy,2026-07-17T22:57:55.000+09:00,467
ndabdffa3585f,6853782,うみか えお,gentle_broom451,2026-07-17T22:51:57.000+09:00,402
ndabdffa3585f,564742,ta_kawano,takawano,2026-07-17T22:34:42.000+09:00,72
n376a8d176f5e,14433020,Shinobu｜副業・本業残業多め,shinobu_noter,2026-07-18T01:59:30.000+09:00,151
n111fbfc22da3,2204541,Co-sk,mkmkmk0924,2026-07-18T01:53:33.000+09:00,45
n96fdd23e76b7,5528334,ヒトタラヲ,5959life,2026-07-17T23:34:22.000+09:00,4230
nc14a1243e809,14140894,NOIR｜小さな出来事を大げさに書く人@公務員辞めるウーマン,moral_hornet8144,2026-07-18T05:40:58.000+09:00,301
nc14a1243e809,12710405,Serenelle,vast_python8480,2026-07-18T05:22:11.000+09:00,598
ndabdffa3585f,14363101,ゆ,yuuwa1046,2026-07-18T04:04:14.000+09:00,141
ndabdffa3585f,12521570,しろのある,shirono_aru,2026-07-18T03:59:21.000+09:00,3909
nb05037629dfc,14140894,NOIR｜小さな出来事を大げさに書く人@公務員辞めるウーマン,moral_hornet8144,2026-07-18T05:44:35.000+09:00,301
n52e534bf0411,14363101,ゆ,yuuwa1046,2026-07-18T03:28:49.000+09:00,141
nc14a1243e809,14842287,あかり｜追う恋の整え方,koibana_akari,2026-07-18T11:35:00.000+09:00,593
nc14a1243e809,13806959,ミライダネ,suzuka020825,2026-07-18T11:20:40.000+09:00,323
nc14a1243e809,14028267,MOON｜違和感の記録,dandy_sedum8677,2026-07-18T10:26:26.000+09:00,725
nc14a1243e809,14972325,Kenji,genial_squid7418,2026-07-18T07:45:47.000+09:00,68
ndabdffa3585f,2490558,だんだんありがと@めじゅ,dandan_arigato19,2026-07-18T12:12:12.000+09:00,654
ndabdffa3585f,12848229,そら,flux_water,2026-07-18T12:04:18.000+09:00,171
ndabdffa3585f,13161722,おあつ,keen_pipit1182,2026-07-18T12:01:50.000+09:00,1768
ndabdffa3585f,13066168,はるねずみ｜note副業０→１応援,kasegu5haru,2026-07-18T11:55:15.000+09:00,1724
ndabdffa3585f,12058451,amolia,chic_ibis889,2026-07-18T10:04:16.000+09:00,252
ndabdffa3585f,11939922,ちゃこすけ,monyo_kon29,2026-07-18T09:59:21.000+09:00,60
ndabdffa3585f,12294290,Camellia Mountain,camellia_0821,2026-07-18T08:50:44.000+09:00,427
ndabdffa3585f,12014165,くまのひとみ│note界のアイドル発達凸凹っ子アララのママ,tanupop,2026-07-18T08:16:00.000+09:00,554
ndabdffa3585f,12591374,ケンタロウ/gr.minpaku,merry_robin6845,2026-07-18T07:17:34.000+09:00,503
ndabdffa3585f,13236272,ZAKKY −営業サポート,mild_stoat3315,2026-07-18T07:16:34.000+09:00,290
n63b035638856,12259445,凸凹おばば（ひなたばあ）,ready_thyme6471,2026-07-18T12:08:21.000+09:00,1105
n111fbfc22da3,13401460,真田 公論,norry34,2026-07-18T07:11:32.000+09:00,215
n03996f26c637,12160111,イロドリの詩／情緒ジェットコースターのリハビリ看護師,irodori_rihans,2026-07-18T09:55:40.000+09:00,264
nc14a1243e809,5845022,ぴー丸の母｜月3万稼ぐ副業初心者,yokubarimama,2026-07-18T15:37:44.000+09:00,117
nc14a1243e809,4008041,ひと｜60代の健康と暮らし,harudaisuki1,2026-07-18T15:36:44.000+09:00,292
nc14a1243e809,13651876,Misuz.,lofty_knot8493,2026-07-18T13:48:56.000+09:00,753
nc14a1243e809,3703563,Ran ☀︎ 腸活×美容看護師｜肌も心も整う肌育ケア,lalaran_life,2026-07-18T13:43:36.000+09:00,180
nc14a1243e809,11073467,fuーmin,royal_sheep2734,2026-07-18T12:38:23.000+09:00,379
ndabdffa3585f,11474190,断罪と慈愛の歌詠み師 UTAKO,bold_slug9390,2026-07-18T15:34:09.000+09:00,625
ndabdffa3585f,11303263,かつも,happy_bear4039,2026-07-18T15:20:54.000+09:00,1252
ndabdffa3585f,10390902,ちかよりみち@🇩🇪ドイツ生活攻略家,chikayorimichi_5,2026-07-18T14:32:26.000+09:00,1163
ndabdffa3585f,12148536,まき@こどもと日々成長中,asobo_kids,2026-07-18T14:26:56.000+09:00,1022
ndabdffa3585f,13263301,ゆきだるま｜仕事×育児｜フォロバ100,yukidaruma226,2026-07-18T13:46:58.000+09:00,1173
ndabdffa3585f,13788268,さくらこ｜ゆらぎ肌に寄り添うノ ート ,hana_chan87,2026-07-18T12:59:19.000+09:00,1147
n5e03b8aef07c,13273911,斉川ニア ｜ AI漫画,vast_lily4547,2026-07-18T13:58:23.000+09:00,471
n7e740cfc5fce,6562253,隆之@モノづくりの現場を考える,taka_sas_1979,2026-07-18T12:29:35.000+09:00,232
n9fdb67cbc454,12160111,イロドリの詩／情緒ジェットコースターのリハビリ看護師,irodori_rihans,2026-07-18T12:52:00.000+09:00,264
nc14a1243e809,15069362,安達,nice_crab5854,2026-07-18T18:03:58.000+09:00,0
nc14a1243e809,11178899,KEN 田舎で介護,fit_lion6308,2026-07-18T17:37:28.000+09:00,550
nc14a1243e809,14450054,ほみ｜猫とボドゲ。最近ボドゲ多め,homitokagisippo,2026-07-18T17:28:28.000+09:00,257
nc14a1243e809,1823248,白亜紀子のOL調査書🏈　　（画像レポート）,astroattack,2026-07-18T17:27:40.000+09:00,1613
ndabdffa3585f,8166572,ひゅー｜AI×分析｜考察と思考整理を楽しむ。note,hyu_nisworks,2026-07-18T18:43:09.000+09:00,496
ndabdffa3585f,11178899,KEN 田舎で介護,fit_lion6308,2026-07-18T17:36:55.000+09:00,550
ndabdffa3585f,1823248,白亜紀子のOL調査書🏈　　（画像レポート）,astroattack,2026-07-18T17:27:41.000+09:00,1613
ndabdffa3585f,2046306,マーク,markworld09,2026-07-18T17:01:14.000+09:00,2590
ndabdffa3585f,10964378,ななな,nanaokuen_7777,2026-07-18T15:53:36.000+09:00,810
ndabdffa3585f,13764080,まこ＠薬草魔女,picking_stars,2026-07-18T15:50:42.000+09:00,308
ndabdffa3585f,8127886,青い空日和,aoisora374,2026-07-18T15:49:34.000+09:00,543
n63b035638856,1823248,白亜紀子のOL調査書🏈　　（画像レポート）,astroattack,2026-07-18T17:27:46.000+09:00,1613
n63b035638856,9997665,広臣 柘榴│日常・エッセイ垢,zakuro_hiroomi,2026-07-18T16:24:30.000+09:00,193
n376a8d176f5e,1823248,白亜紀子のOL調査書🏈　　（画像レポート）,astroattack,2026-07-18T17:28:04.000+09:00,1613
n376a8d176f5e,6444827,itchie@辰巳電子工業,itchie_tatsumi,2026-07-18T16:06:18.000+09:00,398
n5e03b8aef07c,10827166,コンパス みき✨️好きのタネ🌱‬‪を育てる案内人,compass_m360,2026-07-18T18:20:50.000+09:00,1608
n5e03b8aef07c,1823248,白亜紀子のOL調査書🏈　　（画像レポート）,astroattack,2026-07-18T17:28:05.000+09:00,1613
n936b16eb34b9,1823248,白亜紀子のOL調査書🏈　　（画像レポート）,astroattack,2026-07-18T17:28:07.000+09:00,1613
n7e740cfc5fce,1823248,白亜紀子のOL調査書🏈　　（画像レポート）,astroattack,2026-07-18T17:27:59.000+09:00,1613
nb05037629dfc,1823248,白亜紀子のOL調査書🏈　　（画像レポート）,astroattack,2026-07-18T17:28:00.000+09:00,1613
n1cdcf505f910,1823248,白亜紀子のOL調査書🏈　　（画像レポート）,astroattack,2026-07-18T17:28:02.000+09:00,1613
n111fbfc22da3,1823248,白亜紀子のOL調査書🏈　　（画像レポート）,astroattack,2026-06-28T01:15:14.000+09:00,1613
n52e8a0b8d976,12160111,イロドリの詩／情緒ジェットコースターのリハビリ看護師,irodori_rihans,2026-07-18T18:30:03.000+09:00,265
n52e8a0b8d976,1823248,白亜紀子のOL調査書🏈　　（画像レポート）,astroattack,2026-06-28T01:15:14.000+09:00,1613
nc14a1243e809,11384506,たかめぐ＠“恋心を再起動する”パートナーシップデザイナー,takamegu_love,2026-07-18T21:28:13.000+09:00,48
nc14a1243e809,11574500,ふらつき母ちゃん│脊髄小脳変性症ですが何か⁉️,dear_viper3924,2026-07-18T20:15:37.000+09:00,939
nc14a1243e809,11864877,なおはる,vast_snail270015,2026-07-18T20:14:50.000+09:00,3646
nc14a1243e809,2728777,成果報酬セールスブースト seven doors,7windows,2026-07-18T19:43:53.000+09:00,243
n9cdf03d8d458,14363101,ゆ,yuuwa1046,2026-07-18T22:16:13.000+09:00,141
n9cdf03d8d458,14132723,せな｜無理しない低燃費生活,senanomainichi,2026-07-18T22:04:43.000+09:00,690
n9cdf03d8d458,15050609,真彦（梓Keni Nacastliのミラクルボーイズの片割れ）,magico_keni_az,2026-07-18T21:56:47.000+09:00,89
n9cdf03d8d458,564742,ta_kawano,takawano,2026-07-18T21:26:38.000+09:00,72
n9cdf03d8d458,12712176,DJAir/Noesis.Lab,djair_mo4ne,2026-07-18T20:56:10.000+09:00,1308
n9cdf03d8d458,12160111,イロドリの詩／情緒ジェットコースターのリハビリ看護師,irodori_rihans,2026-07-18T20:55:25.000+09:00,265
n9cdf03d8d458,10964378,ななな,nanaokuen_7777,2026-07-18T20:36:33.000+09:00,811
n9cdf03d8d458,14060433,Bluebell diary🌿,modern_llama1047,2026-07-18T20:31:49.000+09:00,256
n9cdf03d8d458,6855089,きくちゃん｜人生立て直し中,lovely_iris784,2026-07-18T20:23:12.000+09:00,474
n9cdf03d8d458,13870436,ママ薬剤師HONO,hospital_ph_hono,2026-07-18T20:22:18.000+09:00,573
n9cdf03d8d458,13405464,木漏れ日亭,komorebi_tei,2026-07-18T20:16:58.000+09:00,723
n9cdf03d8d458,12377105,まるよか,yokayoka5103,2026-07-18T20:13:14.000+09:00,1510
n9cdf03d8d458,7723365,Wuta(ウタ),wuta_jp,2026-07-18T20:10:15.000+09:00,131
n9cdf03d8d458,8166572,ひゅー｜AI×分析｜考察と思考整理を楽しむ。note,hyu_nisworks,2026-07-18T20:05:05.000+09:00,496
n9cdf03d8d458,11837112,もぐら,mogurabooks,2026-07-18T19:58:06.000+09:00,293
n9cdf03d8d458,11589350, まめぼうず｜ADHD休職中パパ,tahmit372421,2026-07-18T19:52:23.000+09:00,128
n9cdf03d8d458,5738970,営業fafa | note業界No.1営業マン,kohana1112,2026-07-18T19:47:48.000+09:00,1639
n9cdf03d8d458,13777980,しげちーSS,shjgechy,2026-07-18T19:45:19.000+09:00,598
n9cdf03d8d458,2728777,成果報酬セールスブースト seven doors,7windows,2026-07-18T19:43:57.000+09:00,243
n9cdf03d8d458,11962927,おちくら｜落ち着いて暮らしたい40代主婦,ochikura,2026-07-18T19:43:06.000+09:00,458
n9cdf03d8d458,13900618,sophie,scribble_1000,2026-07-18T19:42:08.000+09:00,821
n9cdf03d8d458,12417301,すみれ,genial_wren230,2026-07-18T19:40:05.000+09:00,351
n9cdf03d8d458,10175064,雪綴ゆき,wise_rat6355,2026-07-18T19:37:44.000+09:00,6867
n9cdf03d8d458,5330022,Marie | まりーの小さな⚙️歯車⚙️ラボ🔬,marie_222,2026-07-18T19:35:24.000+09:00,79
ndabdffa3585f,11828830,みっちぃ|子供と一緒に成長したい2児の父,pure_bear1643,2026-07-18T21:48:50.000+09:00,442
ndabdffa3585f,2985125,sakita,limber_myrtle968,2026-07-18T21:20:08.000+09:00,1130
ndabdffa3585f,6855089,きくちゃん｜人生立て直し中,lovely_iris784,2026-07-18T20:22:20.000+09:00,474
ndabdffa3585f,2728777,成果報酬セールスブースト seven doors,7windows,2026-07-18T19:43:59.000+09:00,243
ndabdffa3585f,12417301,すみれ,genial_wren230,2026-07-18T19:39:15.000+09:00,351
ndabdffa3585f,12377105,まるよか,yokayoka5103,2026-07-18T19:12:58.000+09:00,1510
ndabdffa3585f,7896891,ポンタ,pontanohaha,2026-07-18T19:07:59.000+09:00,1199
n63b035638856,13862528,しあわせのあおいねこ,alert_magpie1223,2026-07-18T20:03:10.000+09:00,1663
n63b035638856,8448628,レイ,creator_100,2026-07-18T20:02:50.000+09:00,963
n63b035638856,2728777,成果報酬セールスブースト seven doors,7windows,2026-07-18T19:44:01.000+09:00,243
n376a8d176f5e,2985125,sakita,limber_myrtle968,2026-07-18T21:28:16.000+09:00,1130
n376a8d176f5e,2728777,成果報酬セールスブースト seven doors,7windows,2026-07-18T19:44:02.000+09:00,243
n5e03b8aef07c,2728777,成果報酬セールスブースト seven doors,7windows,2026-07-18T19:44:04.000+09:00,243
nb05037629dfc,13376949,真　こと葉,kotoha_makoto,2026-07-18T20:57:29.000+09:00,508
n7170484aebb5,11811138,ほど,super_newt3559,2026-07-18T19:32:27.000+09:00,105
n44d64b72a806,11811138,ほど,super_newt3559,2026-07-18T19:32:52.000+09:00,105
nc14a1243e809,14449095,飯島　恭𠮷,brainy_nerine615,2026-07-18T23:55:21.000+09:00,341
nc14a1243e809,14968488,塩野 孝典,shiono_takanori,2026-07-18T23:47:53.000+09:00,20
n9cdf03d8d458,12157269,ken ｜ 完全無課金AI戦略 × note運営,noted_sheep3883,2026-07-19T02:03:06.000+09:00,3686
n9cdf03d8d458,10517876,向日葵じまにゃん🌻,jimanyan,2026-07-19T00:45:26.000+09:00,2015
n9cdf03d8d458,12521570,しろのある,shirono_aru,2026-07-19T00:26:06.000+09:00,3909
n9cdf03d8d458,14989930,とっぽ,happy_guppy6158,2026-07-19T00:21:07.000+09:00,80
n9cdf03d8d458,11484828,JAU |  臨床検査技師×医療副業,jau_jau1001,2026-07-18T23:50:56.000+09:00,1365
n9cdf03d8d458,13613385,羅生門SKY,codex_strategy,2026-07-18T23:28:39.000+09:00,468
n9cdf03d8d458,5513805,カナミン｜AIと迷いながら、進む人,kanamin26,2026-07-18T23:28:17.000+09:00,870
n9cdf03d8d458,11178899,KEN 田舎で介護,fit_lion6308,2026-07-18T22:50:18.000+09:00,550
n9cdf03d8d458,12158291,考える赤柴｜司法書士試験結果待ち中,eager_thyme9842,2026-07-18T22:48:38.000+09:00,424
n9cdf03d8d458,4877017,須川元介/情報翻訳家,skagenavi,2026-07-18T22:33:55.000+09:00,2409
n9cdf03d8d458,11393485,福来ことは,mytime_writing,2026-07-18T22:18:10.000+09:00,136
ndabdffa3585f,12158291,考える赤柴｜司法書士試験結果待ち中,eager_thyme9842,2026-07-19T00:50:46.000+09:00,424
ndabdffa3585f,9489656,MeGood,megood_1028,2026-07-18T23:55:55.000+09:00,62
ndabdffa3585f,14909332,kami-mob｜ひとりFDE,clear_finch5833,2026-07-18T23:38:13.000+09:00,113
ndabdffa3585f,11574500,ふらつき母ちゃん│脊髄小脳変性症ですが何か⁉️,dear_viper3924,2026-07-18T23:08:58.000+09:00,944
n5e03b8aef07c,11870206,椿みきこ🌸季節の花ごよみ,hirata_mikiko60,2026-07-18T22:40:06.000+09:00,859
n936b16eb34b9,7185658,高取しづか｜親子の会話が変わる 自尊他尊メソッド,shizuka_kosodate,2026-07-19T00:49:15.000+09:00,1347
n111fbfc22da3,4889329,ママンマフィン,mamanmafin,2026-07-19T01:45:55.000+09:00,399
na49497d205ac,12893179,つむぎ🌷【SNSなし】言葉をつむぐnote,tumugi_note,2026-07-18T22:53:46.000+09:00,9617
n44d64b72a806,14416030,西村茂和｜マーケティングコンサルタント,noble_ferret1799,2026-07-18T23:39:36.000+09:00,265
n31b4a8a30372,12893179,つむぎ🌷【SNSなし】言葉をつむぐnote,tumugi_note,2026-07-18T22:59:38.000+09:00,9617
nc14a1243e809,13766358,補助金のプロ L'mooi,lmooi,2026-07-19T11:16:46.000+09:00,374
nc14a1243e809,11828830,みっちぃ|子供と一緒に成長したい2児の父,pure_bear1643,2026-07-19T07:27:56.000+09:00,444
nc14a1243e809,14977111,わく,quick_cedum7537,2026-07-19T07:16:39.000+09:00,131
n9cdf03d8d458,11148816,tsutuji|40代からの体と肌の整え方,hearty_fox690,2026-07-19T12:06:57.000+09:00,2009
n9cdf03d8d458,11634537,ナオユキ｜物語と知識のコンシェルジュ,ai_naoyuki,2026-07-19T10:09:41.000+09:00,3324
n9cdf03d8d458,14627302,よっしー ｜ 26日目で0→1達成のリアル,chic_camel2744,2026-07-19T09:06:44.000+09:00,2435
n9cdf03d8d458,4509042,猫の父さん@トトとチー,cat48_1010,2026-07-19T08:20:53.000+09:00,430
n9cdf03d8d458,3608968,KITAcore｜キタコレ＠ログプレイヤー,ktcrs1107,2026-07-19T07:49:29.000+09:00,1740
n9cdf03d8d458,10291443,朝比奈ななみ,himawari3611,2026-07-19T07:18:01.000+09:00,856
ndabdffa3585f,15013633,ハッシュポテト,real_arnica3593,2026-07-19T07:33:24.000+09:00,96
n1cdcf505f910,12159963,comet/現役中学生,good_donkey6815,2026-07-19T10:07:33.000+09:00,426
n00640192fdd7,15009862,ぺこまる,pekomaru_note,2026-07-19T11:22:42.000+09:00,31
nc14a1243e809,13263301,ゆきだるま｜仕事×育児｜フォロバ100,yukidaruma226,2026-07-19T15:00:26.000+09:00,1175
n9cdf03d8d458,11561590,かえるこ | Kaeruko,serene_pansy617,2026-07-19T15:53:40.000+09:00,5000
n9cdf03d8d458,13107123,ランマッスル,runmuscle_m,2026-07-19T15:22:30.000+09:00,6098
n9cdf03d8d458,13066168,はるねずみ｜note副業０→１応援,kasegu5haru,2026-07-19T14:21:10.000+09:00,1726
n9cdf03d8d458,13055026,作業療法士(OT)@まるさん　｜【朝がつらい人へ】心・体・生活を　　まぁるく🌸整えます,reha_tsukuru,2026-07-19T13:03:27.000+09:00,5716
n9cdf03d8d458,12428977,🐻くまっ子ママ｜年子男子ママ×歯科衛生士の奮闘記,dreamy_wolf3957,2026-07-19T19:13:13.000+09:00,930
n9cdf03d8d458,7896891,ポンタ,pontanohaha,2026-07-19T18:40:18.000+09:00,1203
n9cdf03d8d458,13623901,あずなぶーる｜元在仏10年🇨🇵コミュ力アップ術✨️,alive_here3686,2026-07-19T18:15:50.000+09:00,1556
n9cdf03d8d458,12906286,Minori | ミノリ,open_tulip9172,2026-07-19T16:25:35.000+09:00,44
ndabdffa3585f,1218500,さくら,sakura_wellness,2026-07-19T18:18:56.000+09:00,1500
nb05037629dfc,5751222,Nagi Fujiwara/藤原凪 ,nagifujiwara,2026-07-07T17:53:23.000+09:00,247
nc14a1243e809,12706092,keimama,keiko5066,2026-07-19T21:31:02.000+09:00,1634
nc14a1243e809,14991580,未定,jikkenlog,2026-07-19T21:13:32.000+09:00,52
nad1cff036998,14767723,黒羽kuroha,kuroha_story,2026-07-19T22:14:49.000+09:00,422
nad1cff036998,13623901,あずなぶーる｜元在仏10年🇨🇵コミュ力アップ術✨️,alive_here3686,2026-07-19T22:09:55.000+09:00,1563
nad1cff036998,14433020,Shinobu｜副業・本業残業多め,shinobu_noter,2026-07-19T22:00:27.000+09:00,154
nad1cff036998,15009862,ぺこまる,pekomaru_note,2026-07-19T21:54:10.000+09:00,34
nad1cff036998,15050609,真彦（梓Keni Nacastliのミラクルボーイズの片割れ）,magico_keni_az,2026-07-19T21:45:54.000+09:00,100
nad1cff036998,12607946,てぼっこ,tebocco_bocchi,2026-07-19T21:44:29.000+09:00,321
nad1cff036998,14450054,ほみ｜猫とボドゲ。最近ボドゲ多め,homitokagisippo,2026-07-19T21:32:11.000+09:00,267
nad1cff036998,5528334,ヒトタラヲ,5959life,2026-07-19T21:29:50.000+09:00,4242
nad1cff036998,14989930,とっぽ,happy_guppy6158,2026-07-19T21:29:31.000+09:00,124
nad1cff036998,1218500,さくら,sakura_wellness,2026-07-19T21:14:24.000+09:00,1504
nad1cff036998,14132723,せな｜無理しない低燃費生活,senanomainichi,2026-07-19T21:04:02.000+09:00,694
nad1cff036998,5513805,カナミン｜AIと迷いながら、進む人,kanamin26,2026-07-19T20:48:16.000+09:00,872
nad1cff036998,13900618,sophie,scribble_1000,2026-07-19T20:35:26.000+09:00,821
nad1cff036998,10091607,🔔Bell note,bellshacho,2026-07-19T20:34:02.000+09:00,2066
nad1cff036998,11837112,もぐら,mogurabooks,2026-07-19T20:33:03.000+09:00,295
nad1cff036998,13161722,おあつ,keen_pipit1182,2026-07-19T20:32:23.000+09:00,1781
nad1cff036998,12158291,考える赤柴｜司法書士試験結果待ち中,eager_thyme9842,2026-07-19T20:27:27.000+09:00,422
nad1cff036998,4877017,須川元介/情報翻訳家,skagenavi,2026-07-19T20:21:22.000+09:00,2410
nad1cff036998,14363101,ゆ,yuuwa1046,2026-07-19T20:21:20.000+09:00,142
nad1cff036998,13723950,ししまる@あなたの資産形成を手助けする人,sisimaru_note,2026-07-19T20:11:37.000+09:00,210
nad1cff036998,13796209,おぢぇふ(めっちゃフォロバします),toyonakaojf,2026-07-19T20:10:58.000+09:00,913
nad1cff036998,13777980,しげちーSS,shjgechy,2026-07-19T20:09:23.000+09:00,603
nad1cff036998,13870436,ママ薬剤師HONO,hospital_ph_hono,2026-07-19T20:05:15.000+09:00,592
nad1cff036998,13107123,ランマッスル,runmuscle_m,2026-07-19T20:02:12.000+09:00,6112
nad1cff036998,12404871,エンジニアズハブでAI使って事務作業を日々効率化するパラレルCOO,eh_backoffice_ai,2026-07-19T20:01:05.000+09:00,1267
nad1cff036998,13405464,木漏れ日亭,komorebi_tei,2026-07-19T19:59:17.000+09:00,729
nad1cff036998,564742,ta_kawano,takawano,2026-07-19T19:58:12.000+09:00,74
nad1cff036998,14257928,ありふれた,equinox_of_agi,2026-07-19T19:53:12.000+09:00,235
nad1cff036998,10964378,ななな,nanaokuen_7777,2026-07-19T19:52:49.000+09:00,810
nad1cff036998,13806959,ミライダネ,suzuka020825,2026-07-19T19:52:47.000+09:00,352
nad1cff036998,7896891,ポンタ,pontanohaha,2026-07-19T19:52:26.000+09:00,1203
nad1cff036998,13079732,ＣＯＯＬ｜家族を守り抜くと決めた日から,vast_tulip7937,2026-07-19T19:46:55.000+09:00,1204
nad1cff036998,11634537,ナオユキ｜物語と知識のコンシェルジュ,ai_naoyuki,2026-07-19T19:42:07.000+09:00,3332
nad1cff036998,12417301,すみれ,genial_wren230,2026-07-19T19:40:57.000+09:00,353
nad1cff036998,14414366,碧乃さくら,unique_turkey951,2026-07-19T19:40:49.000+09:00,676
nad1cff036998,13688693,sato/高圧ガス資格研究所,mild_nerine4683,2026-07-19T19:39:13.000+09:00,1091
nad1cff036998,12624691,あん｜noteと遊ぶ,aging_gracefully,2026-07-19T19:39:08.000+09:00,1352
nad1cff036998,10445677,utakata,papipupopon,2026-07-19T19:35:40.000+09:00,147
nad1cff036998,12568539,satoyu｜おうち英語｜ゆるガチ勢,yurugachienglish,2026-07-19T19:35:09.000+09:00,610
nad1cff036998,5330022,Marie | まりーの小さな⚙️歯車⚙️ラボ🔬,marie_222,2026-07-19T19:35:08.000+09:00,83
nad1cff036998,3453696,さんど,hiro0641,2026-07-19T19:30:48.000+09:00,320
n9cdf03d8d458,13366653,ぱぴさん,papi_san,2026-07-19T19:42:51.000+09:00,407
n9cdf03d8d458,8911867,ルルトアヤコ,lovely_coyote546,2026-07-19T19:33:42.000+09:00,2814
n9cdf03d8d458,13163455,KOTAYA | 今日はこれで合格,kotaya_log,2026-07-19T19:18:40.000+09:00,3105
n9cdf03d8d458,11905841,顔のない問い,sasoib_ehtal,2026-07-19T19:17:18.000+09:00,775
n63b035638856,13366653,ぱぴさん,papi_san,2026-07-19T20:31:41.000+09:00,407
n52e534bf0411,13806959,ミライダネ,suzuka020825,2026-07-19T20:40:10.000+09:00,352
n52e534bf0411,14080392,長坂　珠子,nagasaka_tamako,2026-07-19T19:34:18.000+09:00,135
n44d64b72a806,13806959,ミライダネ,suzuka020825,2026-07-19T20:23:01.000+09:00,352
nad1cff036998,5738970,営業fafa | note業界No.1営業マン,kohana1112,2026-07-20T00:27:45.000+09:00,1644
nad1cff036998,12516832,和田雄三｜AI×心理ブランディングデザイナー,glad_dill2129,2026-07-20T00:20:55.000+09:00,986
nad1cff036998,10175064,雪綴ゆき,wise_rat6355,2026-07-20T00:09:08.000+09:00,6913
nad1cff036998,13140757,雪詠｜ゆきよみ,yukiyomi,2026-07-19T23:39:57.000+09:00,892
nad1cff036998,13638553,まぐ。/ 公式裏アカウント 【まぐnet。】,fancy_impala8140,2026-07-19T23:10:43.000+09:00,359
nad1cff036998,8911867,ルルトアヤコ,lovely_coyote546,2026-07-19T22:42:05.000+09:00,2814
nad1cff036998,8127886,青い空日和,aoisora374,2026-07-19T22:41:14.000+09:00,544
nad1cff036998,11561590,かえるこ | Kaeruko,serene_pansy617,2026-07-19T22:34:05.000+09:00,5004
nad1cff036998,12949168,不真面目小児科医　しうまい,misasyu5,2026-07-19T22:28:11.000+09:00,665
n111fbfc22da3,13870307,AI副業サラリーマン　たぬき,good_impala8698,2026-07-20T00:44:00.000+09:00,388
nad1cff036998,4008041,ひと｜60代の健康と暮らし,harudaisuki1,2026-07-20T05:57:23.000+09:00,296
nad1cff036998,6905415,豹子頭 林冲,hyousitou,2026-07-20T04:28:44.000+09:00,293
nad1cff036998,7723365,Wuta(ウタ),wuta_jp,2026-07-20T02:55:51.000+09:00,129
nad1cff036998,12157269,ken ｜ 完全無課金AI戦略 × note運営,noted_sheep3883,2026-07-20T02:43:43.000+09:00,3716
nb05037629dfc,8448628,レイ,creator_100,2026-07-20T02:54:56.000+09:00,983
n6a6731b1bb07,8448628,レイ,creator_100,2026-07-20T03:05:57.000+09:00,983
nad1cff036998,13366653,ぱぴさん,papi_san,2026-07-20T13:07:27.000+09:00,409
nad1cff036998,8166572,ひゅー｜AI×分析｜考察と思考整理を楽しむ。note,hyu_nisworks,2026-07-20T13:00:33.000+09:00,502
nad1cff036998,11930127,沙夜-𝕊𝕒𝕪𝕠- 沙夜学園🌠,sayo_official,2026-07-20T12:44:04.000+09:00,416
nad1cff036998,12474949,もも.🎈｜1点に泣いた私が教える、看護師国試の逆転合格法 フォロバ100,momons_goukaku,2026-07-20T11:51:46.000+09:00,1484
nad1cff036998,12294290,Camellia Mountain,camellia_0821,2026-07-20T09:33:49.000+09:00,435
nad1cff036998,3913824,yayo,yayo_0102,2026-07-20T09:24:57.000+09:00,99
nad1cff036998,3598618,はしゃも｜感情構造エンジニア,hasyamo,2026-07-20T08:50:22.000+09:00,571
nad1cff036998,9281462,N氏,nakaikikaku,2026-07-20T08:31:23.000+09:00,1343
nad1cff036998,11589350, まめぼうず｜ADHD休職中パパ,tahmit372421,2026-07-20T07:50:19.000+09:00,142
nad1cff036998,10517876,向日葵じまにゃん🌻,jimanyan,2026-07-20T06:32:29.000+09:00,2024
n9cdf03d8d458,14414366,碧乃さくら,unique_turkey951,2026-07-20T11:40:36.000+09:00,679
n9cdf03d8d458,10388736,Solina_note,cheeky_quail6028,2026-07-20T06:51:23.000+09:00,245
ndabdffa3585f,13347300,ビビり社長｜静かな起業論🦉,bibiri_kigyo,2026-07-20T10:20:46.000+09:00,149
ndabdffa3585f,3598618,はしゃも｜感情構造エンジニア,hasyamo,2026-07-20T08:58:14.000+09:00,571
n63b035638856,13263301,ゆきだるま｜仕事×育児｜フォロバ100,yukidaruma226,2026-07-20T13:02:03.000+09:00,1178
nb05037629dfc,2298269,トオル,ooomagic12,2026-07-20T08:11:46.000+09:00,18
n111fbfc22da3,14959654,心の探検家Aoba,growup_thanks,2026-07-20T10:29:32.000+09:00,51
n111fbfc22da3,14943659,いのうえ,inoue127,2026-07-20T08:03:14.000+09:00,37
n96fdd23e76b7,14902020,なんとなく。,a_a_a0000,2026-07-20T09:47:32.000+09:00,161
n01b5fd12d369,1218500,さくら,sakura_wellness,2026-07-20T08:57:10.000+09:00,1505
nad1cff036998,13037359,丁寧な暮らし/生きやすさ探求家,gentle_gecko1078,2026-07-20T13:48:12.000+09:00,323
n9cdf03d8d458,12294290,Camellia Mountain,camellia_0821,2026-07-20T15:04:48.000+09:00,435
nb05037629dfc,13464046,peko|理解する家族,lively_agapan553,2026-07-20T14:36:03.000+09:00,431
n111fbfc22da3,5429348,ふくろう｜社長の懐刀10年連続3000万,fukurouda,2026-07-20T16:12:56.000+09:00,57
n111fbfc22da3,14867358,りーまむ|あなたらしさが届くnote,rimam_note,2026-07-20T14:32:50.000+09:00,154
n96fdd23e76b7,13163455,KOTAYA | 今日はこれで合格,kotaya_log,2026-07-20T13:24:46.000+09:00,3108
n7170484aebb5,14417464,ゼン｜恋愛で人生変えた話（MRK）,zen_restart36,2026-07-20T15:33:13.000+09:00,44
nea3ba58998c7,13806959,ミライダネ,suzuka020825,2026-07-20T13:26:28.000+09:00,357
n31619810ff51,13806959,ミライダネ,suzuka020825,2026-07-20T13:24:48.000+09:00,357
nad1cff036998,11574500,ふらつき母ちゃん│脊髄小脳変性症ですが何か⁉️,dear_viper3924,2026-07-20T19:23:52.000+09:00,955
nad1cff036998,13852441,アリゼロ🐜氷河期世代の働きアリ@自身が会社で経験してきた問題点や気づきを発信しています。,hataraku_ari999,2026-07-20T19:20:40.000+09:00,409
nad1cff036998,3559230,チロ｜AI×副業ラボ｜忙しい自営業パパがAIで稼ぐ仕組みをつくる,ai_chiro33,2026-07-20T19:03:02.000+09:00,216
nad1cff036998,13347300,ビビり社長｜静かな起業論🦉,bibiri_kigyo,2026-07-20T18:54:38.000+09:00,145
nad1cff036998,13163455,KOTAYA | 今日はこれで合格,kotaya_log,2026-07-20T18:30:27.000+09:00,3107
nad1cff036998,10460304,ちんぱん🐒会社しかない状態を減らす45歳,ojisan_chinpan,2026-07-20T18:21:22.000+09:00,936
nad1cff036998,10326174,Chill,chill_2525,2026-07-20T17:32:21.000+09:00,2163
nad1cff036998,13927059,はる,haru_growth,2026-07-20T17:26:10.000+09:00,301
n9cdf03d8d458,10460304,ちんぱん🐒会社しかない状態を減らす45歳,ojisan_chinpan,2026-07-20T19:56:36.000+09:00,936
n9cdf03d8d458,13852441,アリゼロ🐜氷河期世代の働きアリ@自身が会社で経験してきた問題点や気づきを発信しています。,hataraku_ari999,2026-07-20T19:16:07.000+09:00,409
ndabdffa3585f,10460304,ちんぱん🐒会社しかない状態を減らす45歳,ojisan_chinpan,2026-07-20T20:04:31.000+09:00,936
ndabdffa3585f,13852441,アリゼロ🐜氷河期世代の働きアリ@自身が会社で経験してきた問題点や気づきを発信しています。,hataraku_ari999,2026-07-20T19:12:37.000+09:00,409
ndabdffa3585f,13366653,ぱぴさん,papi_san,2026-07-20T17:09:16.000+09:00,410
ndabdffa3585f,13876041,🐾コロッケノスケ☕🌙｜ゲッコーカフェ,rich_rat9818,2026-07-20T16:54:42.000+09:00,537
nb05037629dfc,15103806,かず@スーパー&デリバリー,lively_liger323,2026-07-20T17:58:16.000+09:00,2
n6a6731b1bb07,14685980,ラクダ｜50代AI課金実験室,aikakinlab,2026-07-20T16:51:30.000+09:00,523
nad1cff036998,12391716,もぐたんママ🎈|皆の笑顔を増やすnote@タラヲガールズ006,mogu0321_mam,2026-07-20T22:08:27.000+09:00,1656
n63b035638856,11634537,ナオユキ｜物語と知識のコンシェルジュ,ai_naoyuki,2026-07-20T21:37:55.000+09:00,3364
n376a8d176f5e,11634537,ナオユキ｜物語と知識のコンシェルジュ,ai_naoyuki,2026-07-20T21:41:06.000+09:00,3364
n7170484aebb5,11634537,ナオユキ｜物語と知識のコンシェルジュ,ai_naoyuki,2026-07-20T21:48:44.000+09:00,3364
ne111366585e1,11634537,ナオユキ｜物語と知識のコンシェルジュ,ai_naoyuki,2026-07-20T21:49:55.000+09:00,3364
n01b5fd12d369,13806959,ミライダネ,suzuka020825,2026-07-20T20:24:53.000+09:00,360
nad1cff036998,8857122,うるるん,nice_daisy957,2026-07-20T23:51:24.000+09:00,1152
n9cdf03d8d458,12624691,あん｜noteと遊ぶ,aging_gracefully,2026-07-21T00:38:55.000+09:00,1352
n9cdf03d8d458,8857122,うるるん,nice_daisy957,2026-07-20T23:51:14.000+09:00,1152
n9cdf03d8d458,12935746,男の意思決定学,otokonoisikettei,2026-07-20T10:14:39.000+09:00,262
ndabdffa3585f,8857122,うるるん,nice_daisy957,2026-07-20T23:50:38.000+09:00,1152
n63b035638856,11474190,断罪と慈愛の歌詠み師 UTAKO,bold_slug9390,2026-07-21T02:04:51.000+09:00,634
nb05037629dfc,13806959,ミライダネ,suzuka020825,2026-07-21T00:09:10.000+09:00,360
nc14a1243e809,12184556,空波DX100%,happy_echium7563,2026-07-21T06:30:26.000+09:00,7552
nad1cff036998,12148536,まき@こどもと日々成長中,asobo_kids,2026-07-21T05:22:03.000+09:00,1027
nad1cff036998,13066168,はるねずみ｜note副業０→１応援,kasegu5haru,2026-07-21T11:30:26.000+09:00,1729
n63b035638856,13163455,KOTAYA | 今日はこれで合格,kotaya_log,2026-07-21T08:29:06.000+09:00,3107
nad1cff036998,13315448,mayagana21｜失点しない仕事の人,mayagana21,2026-07-21T15:51:59.000+09:00,375
nad1cff036998,14884202,笑ゥ株主優待マン,grand_stilt3448,2026-07-21T15:35:47.000+09:00,193
nad1cff036998,13598142,ジョーイ・ボイオ,better_story2010,2026-07-21T15:11:59.000+09:00,1245
nad1cff036998,2017668,紫堂レイ,rei_shidou,2026-07-21T14:13:47.000+09:00,559
ndabdffa3585f,3608968,KITAcore｜キタコレ＠ログプレイヤー,ktcrs1107,2026-07-21T15:36:29.000+09:00,1816
n5e03b8aef07c,3608968,KITAcore｜キタコレ＠ログプレイヤー,ktcrs1107,2026-07-21T15:37:51.000+09:00,1816
nc14a1243e809,14239507,ミュリン♪,star246,2026-07-21T16:18:29.000+09:00,808
n5e03b8aef07c,11574500,ふらつき母ちゃん│脊髄小脳変性症ですが何か⁉️,dear_viper3924,2026-07-21T18:44:14.000+09:00,958
n96fdd23e76b7,14818958,なにか,nanika_hokano,2026-07-21T18:46:11.000+09:00,39
nc14a1243e809,15035097,アカリ,yvonne_liang8720,2026-07-21T21:40:37.000+09:00,43
nc14a1243e809,11467373,YASU🪼@キャリカレアンバサダー/言語聴覚士/フォロバ100,yasu_carikare,2026-07-21T21:01:33.000+09:00,952
n12069de21dce,12377105,まるよか,yokayoka5103,2026-07-21T22:40:40.000+09:00,1522
n12069de21dce,8857122,うるるん,nice_daisy957,2026-07-21T22:33:41.000+09:00,1154
n12069de21dce,13723950,ししまる@あなたの資産形成を手助けする人,sisimaru_note,2026-07-21T22:31:25.000+09:00,212
n12069de21dce,8911867,ルルトアヤコ,lovely_coyote546,2026-07-21T22:28:10.000+09:00,2818
n12069de21dce,10646763,雪国ゆり☃️８月は庭師木々花,yuriri_love202,2026-07-21T22:15:39.000+09:00,525
n12069de21dce,8166572,ひゅー｜AI×分析｜考察と思考整理を楽しむ。note,hyu_nisworks,2026-07-21T22:11:13.000+09:00,507
n12069de21dce,13405464,木漏れ日亭,komorebi_tei,2026-07-21T21:58:13.000+09:00,735
n12069de21dce,13079732,ＣＯＯＬ｜家族を守り抜くと決めた日から,vast_tulip7937,2026-07-21T21:41:21.000+09:00,1219
n12069de21dce,15035097,アカリ,yvonne_liang8720,2026-07-21T21:40:38.000+09:00,43
n12069de21dce,5513805,カナミン｜AIと迷いながら、進む人,kanamin26,2026-07-21T21:03:03.000+09:00,879
n12069de21dce,12158291,考える赤柴｜司法書士試験結果待ち中,eager_thyme9842,2026-07-21T21:01:25.000+09:00,428
n12069de21dce,2490558,だんだんありがと@めじゅ,dandan_arigato19,2026-07-21T21:00:11.000+09:00,664
n12069de21dce,12949168,不真面目小児科医　しうまい,misasyu5,2026-07-21T20:59:55.000+09:00,669
n12069de21dce,13623901,あずなぶーる｜元在仏10年🇨🇵コミュ力アップ術✨️,alive_here3686,2026-07-21T20:59:25.000+09:00,1663
n12069de21dce,10517876,向日葵じまにゃん🌻,jimanyan,2026-07-21T20:58:59.000+09:00,2036
n12069de21dce,10460304,ちんぱん🐒会社員の実験記録,ojisan_chinpan,2026-07-21T20:58:39.000+09:00,947
n12069de21dce,14091375,ペン太 | お金のペン利帳,okane_penricho,2026-07-21T20:58:22.000+09:00,590
n12069de21dce,13161722,おあつ,keen_pipit1182,2026-07-21T20:58:05.000+09:00,1797
n12069de21dce,564742,ta_kawano,takawano,2026-07-21T20:56:11.000+09:00,73
n12069de21dce,14132723,せな｜無理しない低燃費生活,senanomainichi,2026-07-21T20:55:39.000+09:00,708
n12069de21dce,13900618,sophie,scribble_1000,2026-07-21T20:55:30.000+09:00,827
n12069de21dce,13598142,ジョーイ・ボイオ,better_story2010,2026-07-21T20:55:24.000+09:00,1246
n12069de21dce,5738970,営業fafa | note業界No.1営業マン,kohana1112,2026-07-21T20:53:37.000+09:00,1651
n12069de21dce,11561590,かえるこ | Kaeruko,serene_pansy617,2026-07-21T20:50:25.000+09:00,5018
n12069de21dce,5828006,まなつ/突出マイノリティ列伝,tosshutsu_m,2026-07-21T20:50:16.000+09:00,7409
n12069de21dce,13107123,ランマッスル,runmuscle_m,2026-07-21T20:47:57.000+09:00,6157
n12069de21dce,3598618,はしゃも｜感情構造エンジニア,hasyamo,2026-07-21T20:46:30.000+09:00,572
n12069de21dce,3608968,KITAcore｜キタコレ＠ログプレイヤー,ktcrs1107,2026-07-21T20:46:04.000+09:00,1823
n12069de21dce,5330022,Marie | まりーの小さな⚙️歯車⚙️ラボ🔬,marie_222,2026-07-21T20:45:38.000+09:00,82
n12069de21dce,14414366,碧乃さくら,unique_turkey951,2026-07-21T20:40:58.000+09:00,696
n12069de21dce,13806959,ミライダネ,suzuka020825,2026-07-21T20:40:31.000+09:00,362
n12069de21dce,13927059,はる,haru_growth,2026-07-21T20:40:16.000+09:00,300
n12069de21dce,10175064,雪綴ゆき,wise_rat6355,2026-07-21T20:35:13.000+09:00,6954
n12069de21dce,6905415,豹子頭 林冲,hyousitou,2026-07-21T20:34:04.000+09:00,296
nad1cff036998,14678969,コツシバ｜ベンチプレス系ITエンジニア,kotsushiba,2026-07-21T22:10:28.000+09:00,1723
nad1cff036998,15035097,アカリ,yvonne_liang8720,2026-07-21T21:40:39.000+09:00,43
nad1cff036998,10750843,Takanashi（たかなし）,takanashi_note01,2026-07-21T20:50:39.000+09:00,1295
n9cdf03d8d458,14449095,飯島　恭𠮷,brainy_nerine615,2026-07-21T21:51:13.000+09:00,372
n52e8a0b8d976,14564211,♡海藻うさぎ猫♡,fine_worm5368,2026-07-21T22:22:12.000+09:00,513
n9fdb67cbc454,10646763,雪国ゆり☃️８月は庭師木々花,yuriri_love202,2026-07-21T22:16:07.000+09:00,525
n7ef1c2b27beb,12124122,SAKI | 1児のママのボディメイクと自分磨き,saki_kotoba_labo,2026-07-21T20:01:08.000+09:00,44
nc14a1243e809,13637621,月見草へらさん🌙🌼｜Smiling Soul,herarin_create,2026-07-22T01:10:08.000+09:00,38
nc14a1243e809,14813158,ソラマサ☘️誰でも簡単にゼロから副収入稼げます💰,soramasa01,2026-07-22T00:28:20.000+09:00,524
n12069de21dce,12157269,ken ｜ 完全無課金AI戦略 × note運営,noted_sheep3883,2026-07-22T00:37:06.000+09:00,3740
n12069de21dce,14813158,ソラマサ☘️誰でも簡単にゼロから副収入稼げます💰,soramasa01,2026-07-22T00:28:21.000+09:00,524
n12069de21dce,4877017,須川元介/情報翻訳家,skagenavi,2026-07-22T00:04:16.000+09:00,2420
n12069de21dce,15009862,ぺこまる,pekomaru_note,2026-07-21T23:25:55.000+09:00,61
n12069de21dce,11543403,さとりのさとり,kopailog,2026-07-21T22:49:46.000+09:00,388
nad1cff036998,13934598,凛,open_alpaca3385,2026-07-21T22:49:09.000+09:00,343
n9cdf03d8d458,13637621,月見草へらさん🌙🌼｜Smiling Soul,herarin_create,2026-07-22T01:09:50.000+09:00,38
n12069de21dce,11634537,ナオユキ｜物語と知識のコンシェルジュ,ai_naoyuki,2026-07-22T06:27:41.000+09:00,3375
nad1cff036998,10388736,Solina_note,cheeky_quail6028,2026-07-22T06:04:51.000+09:00,246
n376a8d176f5e,14611769,リスキリング,fresh_ferret3590,2026-07-22T06:33:39.000+09:00,38
nc14a1243e809,12148536,まき@こどもと日々成長中,asobo_kids,2026-07-22T07:32:54.000+09:00,1029
n12069de21dce,13236272,ZAKKY −営業サポート,mild_stoat3315,2026-07-22T06:47:21.000+09:00,287
nad1cff036998,14934584,モロウ@手取り10万から700万円貯めた会社員,molow_kakei,2026-07-22T12:13:19.000+09:00,12
nad1cff036998,12377105,まるよか,yokayoka5103,2026-07-22T07:48:34.000+09:00,1524
nb05037629dfc,13366653,ぱぴさん,papi_san,2026-07-22T11:20:14.000+09:00,418
n4b45540fc238,11634537,ナオユキ｜物語と知識のコンシェルジュ,ai_naoyuki,2026-07-22T08:27:15.000+09:00,3375
n1b58ce23b4c5,13521153,山奥AI研究所,yamaokuai,2026-07-22T08:31:54.000+09:00,2510
n12069de21dce,14391627,ヒロくん@健康になりたい💪フォロバ100,hirohirokun123,2026-07-22T14:37:06.000+09:00,726
n12069de21dce,2364826,andy｜投資・仕事・noteをデータで育てている人,andrewwaldfeld,2026-07-22T14:18:58.000+09:00,888
