detected_at,event_type,note_key,magazine_key
2026-05-14T21:30:00+09:00,added,n04a058090875,m9186cf842d83
2026-05-14T21:30:00+09:00,added,n04a058090875,m54b2ccd56b12
2026-05-14T21:30:00+09:00,added,n04a058090875,m16095e384518
2026-05-14T21:30:00+09:00,added,n04a058090875,m366756297795
2026-05-14T21:30:00+09:00,added,n04a058090875,m7bda8a37a8a5
2026-05-14T21:30:00+09:00,added,n04a058090875,m26d93ca7080b
2026-05-14T21:30:00+09:00,added,n04a058090875,me50627303786
2026-05-14T21:30:00+09:00,added,n04a058090875,m04367e7cf8fa
2026-05-14T21:30:00+09:00,added,n04a058090875,m68bc05537dcd
2026-05-14T21:30:00+09:00,added,n04a058090875,m6d69812caeed
2026-05-18T21:30:00+09:00,added,n4ab5b9ff0f2e,m9186cf842d83
2026-05-18T21:30:00+09:00,added,n4ab5b9ff0f2e,m662b3185f860
2026-05-18T21:30:00+09:00,added,n4ab5b9ff0f2e,m48b884abb9d9
2026-05-18T21:30:00+09:00,added,n4ab5b9ff0f2e,m559fa39e9163
2026-05-18T21:30:00+09:00,added,n4ab5b9ff0f2e,m1c85d4931804
2026-05-18T21:30:00+09:00,added,n4ab5b9ff0f2e,m278d9869816c
2026-05-18T21:30:00+09:00,added,n4ab5b9ff0f2e,m5fa91e4af0ed
2026-05-18T21:30:00+09:00,added,n4ab5b9ff0f2e,m0921d4d120a8
2026-05-18T21:30:00+09:00,added,n4ab5b9ff0f2e,m16384598a49a
2026-05-18T21:30:00+09:00,added,n4ab5b9ff0f2e,m6d69812caeed
2026-05-18T21:30:00+09:00,added,n4ab5b9ff0f2e,mfec4701d00fb
2026-05-18T21:30:00+09:00,added,n4ab5b9ff0f2e,mbb8ed200c84c
2026-05-18T21:30:00+09:00,added,n4ab5b9ff0f2e,me50627303786
2026-05-16T21:30:00+09:00,added,n65250d53835d,m9186cf842d83
2026-05-16T21:30:00+09:00,added,n65250d53835d,me50627303786
2026-05-16T21:30:00+09:00,added,n65250d53835d,m54b2ccd56b12
2026-05-16T21:30:00+09:00,added,n65250d53835d,mf01abd0cd980
2026-05-16T21:30:00+09:00,added,n65250d53835d,m26d93ca7080b
2026-05-15T21:30:00+09:00,added,n83953612431f,m9186cf842d83
2026-05-15T21:30:00+09:00,added,n83953612431f,m98ea5617eb37
2026-05-15T21:30:00+09:00,added,n83953612431f,m54b2ccd56b12
2026-05-15T21:30:00+09:00,added,n83953612431f,m6484622342c0
2026-05-15T21:30:00+09:00,added,n83953612431f,m500f8b17af7f
2026-05-15T21:30:00+09:00,added,n83953612431f,m18bbc62ac6eb
2026-05-15T21:30:00+09:00,added,n83953612431f,m16095e384518
2026-05-11T21:30:00+09:00,added,n8439a6504e01,m9186cf842d83
2026-05-11T21:30:00+09:00,added,n8439a6504e01,m662b3185f860
2026-05-11T21:30:00+09:00,added,n8439a6504e01,me50627303786
2026-05-11T21:30:00+09:00,added,n8439a6504e01,maea3a9e29763
2026-05-11T21:30:00+09:00,added,n8439a6504e01,m16384598a49a
2026-05-11T21:30:00+09:00,added,n8439a6504e01,m278d9869816c
2026-05-11T21:30:00+09:00,added,n8439a6504e01,m1c85d4931804
2026-05-11T21:30:00+09:00,added,n8439a6504e01,m7de26e2e10de
2026-05-11T21:30:00+09:00,added,n8439a6504e01,m6ff3417d7d3c
2026-05-11T21:30:00+09:00,added,n8439a6504e01,m2a6c7104bbb7
2026-05-11T21:30:00+09:00,added,n8439a6504e01,m5fa91e4af0ed
2026-05-11T21:30:00+09:00,added,n8439a6504e01,m16095e384518
2026-05-11T21:30:00+09:00,added,n8439a6504e01,m6d69812caeed
2026-05-08T21:30:00+09:00,added,nfb784b92e061,m9186cf842d83
2026-05-08T21:30:00+09:00,added,nfb784b92e061,m26d93ca7080b
2026-05-08T21:30:00+09:00,added,nfb784b92e061,m8f2fff482227
2026-05-08T21:30:00+09:00,added,nfb784b92e061,m18485b3d7e40
2026-05-08T21:30:00+09:00,added,nfb784b92e061,m16095e384518
2026-05-08T21:30:00+09:00,added,nfb784b92e061,me50627303786
2026-05-06T21:30:00+09:00,added,n0e4e9046b6d9,m9186cf842d83
2026-05-06T21:30:00+09:00,added,n0e4e9046b6d9,m1b265f22871b
2026-05-06T21:30:00+09:00,added,n0e4e9046b6d9,m83b0e4ce814d
2026-05-06T21:30:00+09:00,added,n0e4e9046b6d9,me50627303786
2026-05-06T21:30:00+09:00,added,n0e4e9046b6d9,m54b2ccd56b12
2026-05-06T21:30:00+09:00,added,n0e4e9046b6d9,mde4c96ef2f7a
2026-05-06T21:30:00+09:00,added,n0e4e9046b6d9,m18bbc62ac6eb
2026-05-06T21:30:00+09:00,added,n0e4e9046b6d9,m5fa91e4af0ed
2026-05-06T21:30:00+09:00,added,n0e4e9046b6d9,m7e72b0b37154
2026-05-03T21:30:00+09:00,added,nb08982e684ad,m9186cf842d83
2026-05-03T21:30:00+09:00,added,nb08982e684ad,m500f8b17af7f
2026-05-03T21:30:00+09:00,added,nb08982e684ad,m18bbc62ac6eb
2026-05-03T21:30:00+09:00,added,nb08982e684ad,mfc9d03c23504
2026-05-03T21:30:00+09:00,added,nb08982e684ad,mc87c22d512fc
2026-05-03T21:30:00+09:00,added,nb08982e684ad,m0921d4d120a8
2026-05-03T21:30:00+09:00,added,nb08982e684ad,me50627303786
2026-05-03T21:30:00+09:00,added,nb08982e684ad,mfc8edd12fdc2
2026-05-03T21:30:00+09:00,added,nb08982e684ad,m5fa91e4af0ed
2026-05-02T21:30:00+09:00,added,n8a9300d1f476,md50e45017b9f
2026-05-02T21:30:00+09:00,added,n8a9300d1f476,m9186cf842d83
2026-05-02T21:30:00+09:00,added,n8a9300d1f476,m54b2ccd56b12
2026-05-02T21:30:00+09:00,added,n8a9300d1f476,m2ff833e36575
2026-05-02T21:30:00+09:00,added,n8a9300d1f476,m18bbc62ac6eb
2026-05-02T21:30:00+09:00,added,n8a9300d1f476,mfc9d03c23504
2026-05-02T21:30:00+09:00,added,n8a9300d1f476,mbc6437030dd2
2026-05-02T21:30:00+09:00,added,n8a9300d1f476,m5fa91e4af0ed
2026-05-02T21:30:00+09:00,added,n8a9300d1f476,me50627303786
2026-04-30T21:30:00+09:00,added,nbd0e43681ca1,m9186cf842d83
2026-04-30T21:30:00+09:00,added,nbd0e43681ca1,m662b3185f860
2026-04-30T21:30:00+09:00,added,nbd0e43681ca1,mdbf1f88c8d0d
2026-04-30T21:30:00+09:00,added,nbd0e43681ca1,m349b3be90eb0
2026-04-30T21:30:00+09:00,added,nbd0e43681ca1,m862869c2ff9e
2026-04-30T21:30:00+09:00,added,nbd0e43681ca1,m11881a67a893
2026-04-30T21:30:00+09:00,added,nbd0e43681ca1,m53a3c3b5d431
2026-04-30T21:30:00+09:00,added,nbd0e43681ca1,mefb73227c372
2026-04-30T21:30:00+09:00,added,nbd0e43681ca1,m6c21ad4983da
2026-04-30T21:30:00+09:00,added,nbd0e43681ca1,m3b898a691902
2026-04-30T21:30:00+09:00,added,nbd0e43681ca1,mfec4701d00fb
2026-04-30T21:30:00+09:00,added,nbd0e43681ca1,mbb8ed200c84c
2026-04-30T21:30:00+09:00,added,nbd0e43681ca1,mde4c96ef2f7a
2026-04-30T21:30:00+09:00,added,nbd0e43681ca1,m18bbc62ac6eb
2026-04-30T21:30:00+09:00,added,nbd0e43681ca1,m1c85d4931804
2026-04-30T21:30:00+09:00,added,nbd0e43681ca1,mca2c344a0f50
2026-04-30T21:30:00+09:00,added,nbd0e43681ca1,m278d9869816c
2026-04-30T21:30:00+09:00,added,nbd0e43681ca1,m8b2a6058aa58
2026-04-30T21:30:00+09:00,added,nbd0e43681ca1,mf7c9271b4e5e
2026-04-30T21:30:00+09:00,added,nbd0e43681ca1,m74b154cd7893
2026-04-30T21:30:00+09:00,added,nbd0e43681ca1,mfc9d03c23504
2026-04-30T21:30:00+09:00,added,nbd0e43681ca1,m7c6250436755
2026-04-28T21:30:00+09:00,added,n72396e629212,m9186cf842d83
2026-04-28T21:30:00+09:00,added,n72396e629212,m1b265f22871b
2026-04-28T21:30:00+09:00,added,n72396e629212,m54b2ccd56b12
2026-04-28T21:30:00+09:00,added,n72396e629212,m18bbc62ac6eb
2026-04-28T21:30:00+09:00,added,n72396e629212,m5fa91e4af0ed
2026-04-28T21:30:00+09:00,added,n72396e629212,me50627303786
2026-04-25T21:30:00+09:00,added,nc13ed026132b,m9186cf842d83
2026-04-25T21:30:00+09:00,added,nc13ed026132b,m662b3185f860
2026-04-25T21:30:00+09:00,added,nc13ed026132b,me50627303786
2026-04-25T21:30:00+09:00,added,nc13ed026132b,m18bbc62ac6eb
2026-04-25T21:30:00+09:00,added,nc13ed026132b,m5fa91e4af0ed
2026-04-24T21:30:00+09:00,added,nfa3e7f5f35dd,m9186cf842d83
2026-04-24T21:30:00+09:00,added,nfa3e7f5f35dd,me50627303786
2026-04-24T21:30:00+09:00,added,nfa3e7f5f35dd,m16384598a49a
2026-04-24T21:30:00+09:00,added,nfa3e7f5f35dd,m18bbc62ac6eb
2026-04-24T21:30:00+09:00,added,nfa3e7f5f35dd,m651aaa4e52a9
2026-04-24T21:30:00+09:00,added,nfa3e7f5f35dd,ma5bd9f7c40cf
2026-04-24T21:30:00+09:00,added,nfa3e7f5f35dd,m98ea5617eb37
2026-04-24T21:30:00+09:00,added,nfa3e7f5f35dd,m7e72b0b37154
2026-04-23T21:30:00+09:00,added,necf8c83a45ce,m9186cf842d83
2026-04-23T21:30:00+09:00,added,necf8c83a45ce,m662b3185f860
2026-04-23T21:30:00+09:00,added,necf8c83a45ce,m1b265f22871b
2026-04-23T21:30:00+09:00,added,necf8c83a45ce,m18bbc62ac6eb
2026-04-23T21:30:00+09:00,added,necf8c83a45ce,m18c09c59705e
2026-04-23T21:30:00+09:00,added,necf8c83a45ce,me50627303786
2026-04-21T21:30:00+09:00,added,n0d6d38bb51dd,m9186cf842d83
2026-04-21T21:30:00+09:00,added,n0d6d38bb51dd,m662b3185f860
2026-04-21T21:30:00+09:00,added,n0d6d38bb51dd,me50627303786
2026-04-21T21:30:00+09:00,added,n0d6d38bb51dd,m6ff3417d7d3c
2026-04-21T21:30:00+09:00,added,n0d6d38bb51dd,m731502c13283
2026-04-21T21:30:00+09:00,added,n0d6d38bb51dd,m5fa91e4af0ed
2026-04-21T21:30:00+09:00,added,n0d6d38bb51dd,m862869c2ff9e
2026-04-21T21:30:00+09:00,added,n0d6d38bb51dd,m53a3c3b5d431
2026-04-21T21:30:00+09:00,added,n0d6d38bb51dd,m3ed4b0ea704e
2026-04-21T21:30:00+09:00,added,n0d6d38bb51dd,m349b3be90eb0
2026-04-21T21:30:00+09:00,added,n0d6d38bb51dd,m11881a67a893
2026-04-21T21:30:00+09:00,added,n0d6d38bb51dd,m3b898a691902
2026-04-21T21:30:00+09:00,added,n0d6d38bb51dd,mefb73227c372
2026-04-21T21:30:00+09:00,added,n0d6d38bb51dd,m6c21ad4983da
2026-04-21T21:30:00+09:00,added,n0d6d38bb51dd,m7dfb2f05ab33
2026-04-21T21:30:00+09:00,added,n0d6d38bb51dd,mdbf1f88c8d0d
2026-04-21T21:30:00+09:00,added,n0d6d38bb51dd,m18bbc62ac6eb
2026-04-21T21:30:00+09:00,added,n0d6d38bb51dd,mef3e6ed657c6
2026-04-19T21:30:00+09:00,added,nb31b29bd6caf,m9186cf842d83
2026-04-19T21:30:00+09:00,added,nb31b29bd6caf,m662b3185f860
2026-04-19T21:30:00+09:00,added,nb31b29bd6caf,m54b2ccd56b12
2026-04-19T21:30:00+09:00,added,nb31b29bd6caf,m18bbc62ac6eb
2026-04-19T21:30:00+09:00,added,nb31b29bd6caf,m0921d4d120a8
2026-04-19T21:30:00+09:00,added,nb31b29bd6caf,m5fa91e4af0ed
2026-04-19T21:30:00+09:00,added,nb31b29bd6caf,m16384598a49a
2026-04-19T21:30:00+09:00,added,nb31b29bd6caf,m7e72b0b37154
2026-04-17T21:30:00+09:00,added,n10c81b4f1246,m9186cf842d83
2026-04-17T21:30:00+09:00,added,n10c81b4f1246,m48b884abb9d9
2026-04-16T21:30:00+09:00,added,nf3a446214ec5,m1b1a035ad15b
2026-04-16T21:30:00+09:00,added,nf3a446214ec5,m9186cf842d83
2026-04-16T21:30:00+09:00,added,nf3a446214ec5,m1b265f22871b
2026-04-16T21:30:00+09:00,added,nf3a446214ec5,m16384598a49a
2026-04-16T21:30:00+09:00,added,nf3a446214ec5,m6484622342c0
2026-04-16T21:30:00+09:00,added,nf3a446214ec5,m54b2ccd56b12
2026-04-16T21:30:00+09:00,added,nf3a446214ec5,m18bbc62ac6eb
2026-04-16T21:30:00+09:00,added,nf3a446214ec5,me50627303786
2026-04-16T21:30:00+09:00,added,nf3a446214ec5,m0921d4d120a8
2026-04-16T21:30:00+09:00,added,nf3a446214ec5,m7e72b0b37154
2026-04-16T21:30:00+09:00,added,nf3a446214ec5,m5fa91e4af0ed
2026-04-13T21:30:00+09:00,added,n2e9bd45f2b57,m68e1fbded795
2026-04-13T21:30:00+09:00,added,n2e9bd45f2b57,m9186cf842d83
2026-04-13T21:30:00+09:00,added,n2e9bd45f2b57,m54b2ccd56b12
2026-04-13T21:30:00+09:00,added,n2e9bd45f2b57,m16384598a49a
2026-04-13T21:30:00+09:00,added,n2e9bd45f2b57,m18bbc62ac6eb
2026-04-13T21:30:00+09:00,added,n2e9bd45f2b57,md1868a762043
2026-04-13T21:30:00+09:00,added,n2e9bd45f2b57,m5e73b64286c2
2026-04-13T21:30:00+09:00,added,n2e9bd45f2b57,me50627303786
2026-04-13T21:30:00+09:00,added,n2e9bd45f2b57,m0921d4d120a8
2026-04-13T21:30:00+09:00,added,n2e9bd45f2b57,m5fa91e4af0ed
2026-04-10T21:30:00+09:00,added,n576e0166a51b,md50e45017b9f
2026-04-10T21:30:00+09:00,added,n576e0166a51b,m9186cf842d83
2026-04-10T21:30:00+09:00,added,n576e0166a51b,mcdf4ee972bd9
2026-04-10T21:30:00+09:00,added,n576e0166a51b,mde4c96ef2f7a
2026-04-10T21:30:00+09:00,added,n576e0166a51b,mbc6437030dd2
2026-04-10T21:30:00+09:00,added,n576e0166a51b,m48b884abb9d9
2026-04-10T21:30:00+09:00,added,n576e0166a51b,m6d3400fb7014
2026-04-10T21:30:00+09:00,added,n576e0166a51b,m18bbc62ac6eb
2026-04-10T21:30:00+09:00,added,n576e0166a51b,m5fa91e4af0ed
2026-04-10T21:30:00+09:00,added,n576e0166a51b,me50627303786
2026-04-10T21:30:00+09:00,added,n576e0166a51b,m5e73b64286c2
2026-04-10T21:30:00+09:00,added,n576e0166a51b,m7e72b0b37154
2026-04-08T21:30:00+09:00,added,n618decbcc90d,m9186cf842d83
2026-04-08T21:30:00+09:00,added,n618decbcc90d,m662b3185f860
2026-04-08T21:30:00+09:00,added,n618decbcc90d,m7e72b0b37154
2026-04-08T21:30:00+09:00,added,n618decbcc90d,mcdf4ee972bd9
2026-04-08T21:30:00+09:00,added,n618decbcc90d,m54b2ccd56b12
2026-04-08T21:30:00+09:00,added,n618decbcc90d,me50627303786
2026-04-08T21:30:00+09:00,added,n618decbcc90d,m349b3be90eb0
2026-04-08T21:30:00+09:00,added,n618decbcc90d,m53a3c3b5d431
2026-04-08T21:30:00+09:00,added,n618decbcc90d,m11881a67a893
2026-04-08T21:30:00+09:00,added,n618decbcc90d,mf2abfea66ec7
2026-04-08T21:30:00+09:00,added,n618decbcc90d,m862869c2ff9e
2026-04-08T21:30:00+09:00,added,n618decbcc90d,mdbf1f88c8d0d
2026-04-08T21:30:00+09:00,added,n618decbcc90d,m151bdf74d66d
2026-04-08T21:30:00+09:00,added,n618decbcc90d,m6d3400fb7014
2026-04-08T21:30:00+09:00,added,n618decbcc90d,mde4c96ef2f7a
2026-04-08T21:30:00+09:00,added,n618decbcc90d,m5e73b64286c2
2026-04-08T21:30:00+09:00,added,n618decbcc90d,m18c09c59705e
2026-04-08T21:30:00+09:00,added,n618decbcc90d,m5fa91e4af0ed
2026-04-08T21:30:00+09:00,added,n618decbcc90d,m16384598a49a
2026-04-08T21:30:00+09:00,added,n618decbcc90d,m26d93ca7080b
2026-04-08T21:30:00+09:00,added,n618decbcc90d,m6484622342c0
2026-04-06T21:30:00+09:00,added,nae05cea8e925,m68e1fbded795
2026-04-06T21:30:00+09:00,added,nae05cea8e925,m9186cf842d83
2026-04-06T21:30:00+09:00,added,nae05cea8e925,m54b2ccd56b12
2026-04-06T21:30:00+09:00,added,nae05cea8e925,m5fa91e4af0ed
2026-04-06T21:30:00+09:00,added,nae05cea8e925,mfa4dbb02c352
2026-04-06T21:30:00+09:00,added,nae05cea8e925,m6d3400fb7014
2026-04-06T21:30:00+09:00,added,nae05cea8e925,m6ff3417d7d3c
2026-04-04T21:30:00+09:00,added,n1d74551f37e5,m9186cf842d83
2026-04-04T21:30:00+09:00,added,n1d74551f37e5,m662b3185f860
2026-04-04T21:30:00+09:00,added,n1d74551f37e5,m79677b03ac7a
2026-04-04T21:30:00+09:00,added,n1d74551f37e5,m18c09c59705e
2026-04-04T21:30:00+09:00,added,n1d74551f37e5,m0102f820d986
2026-04-04T21:30:00+09:00,added,n1d74551f37e5,m1be7ce2dd479
2026-04-04T21:30:00+09:00,added,n1d74551f37e5,m5fa91e4af0ed
2026-04-04T21:30:00+09:00,added,n1d74551f37e5,m7b454ccb8c26
2026-04-04T21:30:00+09:00,added,n1d74551f37e5,me50627303786
2026-04-04T21:30:00+09:00,added,n1d74551f37e5,m26d93ca7080b
2026-04-04T21:30:00+09:00,added,n1d74551f37e5,m7e72b0b37154
2026-04-04T21:30:00+09:00,added,n1d74551f37e5,md1868a762043
2026-04-03T21:30:00+09:00,added,n2ae1c4769e8a,m68e1fbded795
2026-04-03T21:30:00+09:00,added,n2ae1c4769e8a,m9186cf842d83
2026-04-03T21:30:00+09:00,added,n2ae1c4769e8a,m54b2ccd56b12
2026-04-03T21:30:00+09:00,added,n2ae1c4769e8a,me50627303786
2026-04-01T21:30:00+09:00,added,ndd8893f6de76,m9186cf842d83
2026-04-01T21:30:00+09:00,added,ndd8893f6de76,me50627303786
2026-04-01T21:30:00+09:00,added,ndd8893f6de76,m5fa91e4af0ed
2026-04-01T21:30:00+09:00,added,ndd8893f6de76,m6463046852a4
2026-04-01T21:30:00+09:00,added,ndd8893f6de76,mef3e6ed657c6
2026-03-30T21:30:00+09:00,added,n86f4bac75d05,m9186cf842d83
2026-03-30T21:30:00+09:00,added,n86f4bac75d05,m54b2ccd56b12
2026-03-30T21:30:00+09:00,added,n86f4bac75d05,m6d3400fb7014
2026-03-30T21:30:00+09:00,added,n86f4bac75d05,me50627303786
2026-03-30T21:30:00+09:00,added,n86f4bac75d05,m5fa91e4af0ed
2026-03-28T21:30:00+09:00,added,nc65df63fb6b0,m9186cf842d83
2026-03-28T21:30:00+09:00,added,nc65df63fb6b0,m54b2ccd56b12
2026-03-28T21:30:00+09:00,added,nc65df63fb6b0,me50627303786
2026-03-28T21:30:00+09:00,added,nc65df63fb6b0,m6d3400fb7014
2026-03-28T21:30:00+09:00,added,nc65df63fb6b0,m5e73b64286c2
2026-03-28T21:30:00+09:00,added,nc65df63fb6b0,mfc9d03c23504
2026-03-26T21:30:00+09:00,added,n0691f2b95fd1,m9186cf842d83
2026-03-26T21:30:00+09:00,added,n0691f2b95fd1,m662b3185f860
2026-03-26T21:30:00+09:00,added,n0691f2b95fd1,me50627303786
2026-03-26T21:30:00+09:00,added,n0691f2b95fd1,m3e02f69f0d66
2026-03-26T21:30:00+09:00,added,n0691f2b95fd1,m54b2ccd56b12
2026-03-26T21:30:00+09:00,added,n0691f2b95fd1,m6463046852a4
2026-03-26T21:30:00+09:00,added,n0691f2b95fd1,m1925598ad8ee
2026-03-24T21:30:00+09:00,added,n83603357b279,m9186cf842d83
2026-03-24T21:30:00+09:00,added,n83603357b279,m662b3185f860
2026-03-24T21:30:00+09:00,added,n83603357b279,me50627303786
2026-03-24T21:30:00+09:00,added,n83603357b279,m04367e7cf8fa
2026-03-24T21:30:00+09:00,added,n83603357b279,m6463046852a4
2026-03-24T21:30:00+09:00,added,n83603357b279,m731502c13283
2026-03-24T21:30:00+09:00,added,n83603357b279,m7e72b0b37154
2026-03-24T21:30:00+09:00,added,n83603357b279,m48eb9e18dfde
2026-03-24T21:30:00+09:00,added,n83603357b279,m5e73b64286c2
2026-03-24T21:30:00+09:00,added,n83603357b279,mc6c13443e264
2026-03-24T21:30:00+09:00,added,n83603357b279,mef3e6ed657c6
2026-03-24T21:30:00+09:00,added,n83603357b279,m54b2ccd56b12
2026-03-24T21:30:00+09:00,added,n83603357b279,m3e02f69f0d66
2026-03-24T21:30:00+09:00,added,n83603357b279,m71ef129eba08
2026-03-24T21:30:00+09:00,added,n83603357b279,mbe2bbfe76ad5
2026-03-24T21:30:00+09:00,added,n83603357b279,m18c09c59705e
2026-03-24T21:30:00+09:00,added,n83603357b279,m5fa91e4af0ed
2026-03-24T21:30:00+09:00,added,n83603357b279,m6ff3417d7d3c
2026-03-24T21:30:00+09:00,added,n83603357b279,m11881a67a893
2026-03-24T21:30:00+09:00,added,n83603357b279,m3b898a691902
2026-03-24T21:30:00+09:00,added,n83603357b279,m862869c2ff9e
2026-03-24T21:30:00+09:00,added,n83603357b279,mf2abfea66ec7
2026-03-24T21:30:00+09:00,added,n83603357b279,m3ed4b0ea704e
2026-03-24T21:30:00+09:00,added,n83603357b279,m53a3c3b5d431
2026-03-24T21:30:00+09:00,added,n83603357b279,mefb73227c372
2026-03-24T21:30:00+09:00,added,n83603357b279,mdbf1f88c8d0d
2026-03-24T21:30:00+09:00,added,n83603357b279,m349b3be90eb0
2026-03-24T21:30:00+09:00,added,n83603357b279,me60c5ffc62a7
2026-03-24T21:30:00+09:00,added,n83603357b279,m8f01f205d92d
2026-03-24T21:30:00+09:00,added,n83603357b279,md3a54e5874c6
2026-03-24T21:30:00+09:00,added,n83603357b279,mc87c22d512fc
2026-03-22T21:30:00+09:00,added,n8f932884b722,m9186cf842d83
2026-03-22T21:30:00+09:00,added,n8f932884b722,m68e1fbded795
2026-03-20T21:30:00+09:00,added,n05dc7c63e799,m9186cf842d83
2026-03-20T21:30:00+09:00,added,n05dc7c63e799,m04367e7cf8fa
2026-03-20T21:30:00+09:00,added,n05dc7c63e799,m218ebd06e4a1
2026-03-18T21:30:00+09:00,added,n7dd830b721e5,m9186cf842d83
2026-03-18T21:30:00+09:00,added,n7dd830b721e5,m662b3185f860
2026-03-18T21:30:00+09:00,added,n7dd830b721e5,mcdf4ee972bd9
2026-03-18T21:30:00+09:00,added,n7dd830b721e5,me50627303786
2026-03-18T21:30:00+09:00,added,n7dd830b721e5,m8b207cd2e53a
2026-03-18T21:30:00+09:00,added,n7dd830b721e5,m6463046852a4
2026-03-18T21:30:00+09:00,added,n7dd830b721e5,mb4d073f67cfa
2026-03-16T21:30:00+09:00,added,ne41a04334230,md50e45017b9f
2026-03-16T21:30:00+09:00,added,ne41a04334230,m9186cf842d83
2026-03-16T21:30:00+09:00,added,ne41a04334230,m5e73b64286c2
2026-03-16T21:30:00+09:00,added,ne41a04334230,me50627303786
2026-03-16T21:30:00+09:00,added,ne41a04334230,mcdf4ee972bd9
2026-03-16T21:30:00+09:00,added,ne41a04334230,m8b207cd2e53a
2026-03-14T21:30:00+09:00,added,n4e26d3051ebd,m9186cf842d83
2026-03-14T21:30:00+09:00,added,n4e26d3051ebd,m662b3185f860
2026-03-14T21:30:00+09:00,added,n4e26d3051ebd,me50627303786
2026-03-13T21:30:00+09:00,added,nc133da460464,m9186cf842d83
2026-03-13T21:30:00+09:00,added,nc133da460464,m662b3185f860
2026-03-13T21:30:00+09:00,added,nc133da460464,me50627303786
2026-03-13T21:30:00+09:00,added,nc133da460464,m18c09c59705e
2026-03-13T21:30:00+09:00,added,nc133da460464,m0102f820d986
2026-03-13T21:30:00+09:00,added,nc133da460464,mcdf4ee972bd9
2026-03-12T21:30:00+09:00,added,ne4587a43ed00,m9186cf842d83
2026-03-12T21:30:00+09:00,added,ne4587a43ed00,m662b3185f860
2026-03-12T21:30:00+09:00,added,ne4587a43ed00,m30dbf61cf194
2026-03-12T21:30:00+09:00,added,ne4587a43ed00,m5e54fbcf6675
2026-03-12T21:30:00+09:00,added,ne4587a43ed00,me50627303786
2026-03-11T21:30:00+09:00,added,na0889c254d8d,m9186cf842d83
2026-03-11T21:30:00+09:00,added,na0889c254d8d,m662b3185f860
2026-03-11T21:30:00+09:00,added,na0889c254d8d,m6d3400fb7014
2026-03-11T21:30:00+09:00,added,na0889c254d8d,me50627303786
2026-03-11T21:30:00+09:00,added,na0889c254d8d,m7e72b0b37154
2026-03-10T21:30:00+09:00,added,needc78e0cedc,m9186cf842d83
2026-03-10T21:30:00+09:00,added,needc78e0cedc,m662b3185f860
2026-03-10T21:30:00+09:00,added,needc78e0cedc,m76e76573644d
2026-03-10T21:30:00+09:00,added,needc78e0cedc,me50627303786
2026-03-10T21:30:00+09:00,added,needc78e0cedc,m5e73b64286c2
2026-03-09T21:30:00+09:00,added,na974e951fde9,m9186cf842d83
2026-03-09T21:30:00+09:00,added,na974e951fde9,me50627303786
2026-03-08T21:30:00+09:00,added,nee950767ff19,m9186cf842d83
2026-03-08T21:30:00+09:00,added,nee950767ff19,mcdf4ee972bd9
2026-03-08T21:30:00+09:00,added,nee950767ff19,me50627303786
2026-03-08T21:30:00+09:00,added,nee950767ff19,me3590cc8b7e1
2026-03-08T21:30:00+09:00,added,nee950767ff19,m18c09c59705e
2026-03-08T21:30:00+09:00,added,nee950767ff19,m5e73b64286c2
2026-03-08T21:30:00+09:00,added,nee950767ff19,m5fa91e4af0ed
2026-03-07T21:30:00+09:00,added,n6b06060c4a78,m68e1fbded795
2026-03-07T21:30:00+09:00,added,n6b06060c4a78,m9186cf842d83
2026-03-07T21:30:00+09:00,added,n6b06060c4a78,m5e73b64286c2
2026-03-07T21:30:00+09:00,added,n6b06060c4a78,me50627303786
2026-03-07T21:30:00+09:00,added,n6b06060c4a78,mcdf4ee972bd9
2026-03-06T21:30:00+09:00,added,nc6c042aacb53,m68e1fbded795
2026-03-06T21:30:00+09:00,added,nc6c042aacb53,m9186cf842d83
2026-03-06T21:30:00+09:00,added,nc6c042aacb53,m6463046852a4
2026-03-06T21:30:00+09:00,added,nc6c042aacb53,m04f9fe64d6ef
2026-03-06T21:30:00+09:00,added,nc6c042aacb53,me50627303786
2026-03-05T21:30:00+09:00,added,n35903ea8dec0,m9186cf842d83
2026-03-05T21:30:00+09:00,added,n35903ea8dec0,m46619b37427d
2026-03-05T21:30:00+09:00,added,n35903ea8dec0,mcdf4ee972bd9
2026-03-05T21:30:00+09:00,added,n35903ea8dec0,m5e73b64286c2
2026-03-05T21:30:00+09:00,added,n35903ea8dec0,m332f258d34b4
2026-03-05T21:30:00+09:00,added,n35903ea8dec0,mdbf1f88c8d0d
2026-03-05T21:30:00+09:00,added,n35903ea8dec0,m11881a67a893
2026-03-05T21:30:00+09:00,added,n35903ea8dec0,m53a3c3b5d431
2026-03-05T21:30:00+09:00,added,n35903ea8dec0,m862869c2ff9e
2026-03-05T21:30:00+09:00,added,n35903ea8dec0,mf2abfea66ec7
2026-03-05T21:30:00+09:00,added,n35903ea8dec0,m662b3185f860
2026-03-05T21:30:00+09:00,added,n35903ea8dec0,me50627303786
2026-03-05T21:30:00+09:00,added,n35903ea8dec0,m7e72b0b37154
2026-03-05T21:30:00+09:00,added,n35903ea8dec0,m18c09c59705e
2026-03-04T21:30:00+09:00,added,n61981cc68ff0,m9186cf842d83
2026-03-04T21:30:00+09:00,added,n61981cc68ff0,me50627303786
2026-03-03T21:30:00+09:00,added,nc8d3ddfbdc99,m9186cf842d83
2026-03-03T21:30:00+09:00,added,nc8d3ddfbdc99,m2f8a65ebe344
2026-03-03T21:30:00+09:00,added,nc8d3ddfbdc99,me50627303786
2026-03-02T21:30:00+09:00,added,n004898811929,m9186cf842d83
2026-03-02T21:30:00+09:00,added,n004898811929,m7e72b0b37154
2026-03-02T21:30:00+09:00,added,n004898811929,m731502c13283
2026-03-02T21:30:00+09:00,added,n004898811929,me50627303786
2026-03-02T21:30:00+09:00,added,n004898811929,m46619b37427d
2026-03-02T21:30:00+09:00,added,n004898811929,m193d0b844ba5
2026-03-01T20:00:00+09:00,added,nfc2de067f800,m9186cf842d83
2026-03-01T20:00:00+09:00,added,nfc2de067f800,m662b3185f860
2026-03-01T20:00:00+09:00,added,nfc2de067f800,me4d7038e859a
2026-03-01T20:00:00+09:00,added,nfc2de067f800,mde4c96ef2f7a
2026-03-01T20:00:00+09:00,added,nfc2de067f800,me50627303786
2026-03-01T20:00:00+09:00,added,nfc2de067f800,m18c09c59705e
2026-03-01T20:00:00+09:00,added,nfc2de067f800,m6c21ad4983da
2026-03-01T20:00:00+09:00,added,nfc2de067f800,mdbf1f88c8d0d
2026-03-01T20:00:00+09:00,added,nfc2de067f800,m53a3c3b5d431
2026-03-01T20:00:00+09:00,added,nfc2de067f800,mf2abfea66ec7
2026-03-01T20:00:00+09:00,added,nfc2de067f800,m11881a67a893
2026-03-01T20:00:00+09:00,added,nfc2de067f800,m862869c2ff9e
2026-03-01T20:00:00+09:00,added,nfc2de067f800,m5e73b64286c2
2026-03-01T20:00:00+09:00,added,nfc2de067f800,mef3e6ed657c6
2026-03-01T20:00:00+09:00,added,nfc2de067f800,m6463046852a4
2026-02-28T21:30:00+09:00,added,na4329137dc4a,m30dbf61cf194
2026-02-28T21:30:00+09:00,added,na4329137dc4a,me50627303786
2026-02-28T21:30:00+09:00,added,na4329137dc4a,m04367e7cf8fa
2026-02-28T21:30:00+09:00,added,na4329137dc4a,m662b3185f860
2026-02-27T21:30:00+09:00,added,n10478de443f6,m9186cf842d83
2026-02-27T21:30:00+09:00,added,n10478de443f6,m7e72b0b37154
2026-02-27T21:30:00+09:00,added,n10478de443f6,m662b3185f860
2026-02-27T21:30:00+09:00,added,n10478de443f6,mde4c96ef2f7a
2026-02-27T21:30:00+09:00,added,n10478de443f6,me50627303786
2026-02-24T21:30:00+09:00,added,n26ad824aa246,m9186cf842d83
2026-02-24T21:30:00+09:00,added,n26ad824aa246,me50627303786
2026-02-24T21:30:00+09:00,added,n26ad824aa246,mbe2bbfe76ad5
2026-02-24T21:30:00+09:00,added,n26ad824aa246,m6463046852a4
2026-02-24T21:30:00+09:00,added,n26ad824aa246,m662b3185f860
2026-02-24T21:30:00+09:00,added,n26ad824aa246,m5e73b64286c2
2026-02-24T21:30:00+09:00,added,n26ad824aa246,mde4c96ef2f7a
2026-02-24T21:30:00+09:00,added,n26ad824aa246,m11881a67a893
2026-02-24T21:30:00+09:00,added,n26ad824aa246,mf2abfea66ec7
2026-02-24T21:30:00+09:00,added,n26ad824aa246,m862869c2ff9e
2026-02-24T21:30:00+09:00,added,n26ad824aa246,m53a3c3b5d431
2026-02-23T22:32:44+09:00,added,n0fa7d395074b,m9186cf842d83
2026-02-23T22:32:44+09:00,added,n0fa7d395074b,m68e1fbded795
2026-02-23T22:32:44+09:00,added,n0fa7d395074b,m5e73b64286c2
2026-02-23T22:32:44+09:00,added,n0fa7d395074b,me50627303786
2026-02-23T22:32:44+09:00,added,n0fa7d395074b,m218ebd06e4a1
2026-02-23T22:32:44+09:00,added,n0fa7d395074b,m26d93ca7080b
2026-02-22T21:30:00+09:00,added,na3fbedf000cb,m68e1fbded795
2026-02-22T21:30:00+09:00,added,na3fbedf000cb,m9186cf842d83
2026-02-22T21:30:00+09:00,added,na3fbedf000cb,m6463046852a4
2026-02-22T21:30:00+09:00,added,na3fbedf000cb,me50627303786
2026-02-21T21:30:00+09:00,added,n7bb87cf83baa,m9186cf842d83
2026-02-21T21:30:00+09:00,added,n7bb87cf83baa,m662b3185f860
2026-02-21T21:30:00+09:00,added,n7bb87cf83baa,mc6dad877a6d7
2026-02-21T21:30:00+09:00,added,n7bb87cf83baa,m18c09c59705e
2026-02-21T21:30:00+09:00,added,n7bb87cf83baa,m0102f820d986
2026-02-21T21:30:00+09:00,added,n7bb87cf83baa,m6463046852a4
2026-02-21T21:30:00+09:00,added,n7bb87cf83baa,me50627303786
2026-02-20T21:30:00+09:00,added,nc25a66aeb530,m9186cf842d83
2026-02-20T21:30:00+09:00,added,nc25a66aeb530,m48eb9e18dfde
2026-02-20T21:30:00+09:00,added,nc25a66aeb530,m7e72b0b37154
2026-02-20T21:30:00+09:00,added,nc25a66aeb530,m5e73b64286c2
2026-02-20T21:30:00+09:00,added,nc25a66aeb530,m0102f820d986
2026-02-20T21:30:00+09:00,added,nc25a66aeb530,m18c09c59705e
2026-02-20T21:30:00+09:00,added,nc25a66aeb530,mcc9cad7ba862
2026-02-19T21:30:00+09:00,added,n1b3a3ea057df,m9186cf842d83
2026-02-19T21:30:00+09:00,added,n1b3a3ea057df,m48b884abb9d9
2026-02-19T21:30:00+09:00,added,n1b3a3ea057df,m18c09c59705e
2026-02-19T21:30:00+09:00,added,n1b3a3ea057df,m0102f820d986
2026-02-18T21:30:00+09:00,added,nd15f0e02f192,m9186cf842d83
2026-02-17T21:00:00+09:00,added,nfe87b8a2c91a,m9186cf842d83
2026-02-17T21:00:00+09:00,added,nfe87b8a2c91a,m53a3c3b5d431
2026-02-17T21:00:00+09:00,added,nfe87b8a2c91a,m3ed4b0ea704e
2026-02-17T21:00:00+09:00,added,nfe87b8a2c91a,mf2abfea66ec7
2026-02-17T21:00:00+09:00,added,nfe87b8a2c91a,m862869c2ff9e
2026-02-17T21:00:00+09:00,added,nfe87b8a2c91a,m11881a67a893
2026-02-17T21:00:00+09:00,added,nfe87b8a2c91a,mdbf1f88c8d0d
2026-02-17T21:00:00+09:00,added,nfe87b8a2c91a,me50627303786
2026-02-17T21:00:00+09:00,added,nfe87b8a2c91a,m18c09c59705e
2026-02-17T21:00:00+09:00,added,nfe87b8a2c91a,m6463046852a4
2026-02-17T21:00:00+09:00,added,nfe87b8a2c91a,m662b3185f860
2026-02-16T21:30:00+09:00,added,n7c78d30c5025,m9186cf842d83
2026-02-16T21:30:00+09:00,added,n7c78d30c5025,m68e1fbded795
2026-02-15T21:30:00+09:00,added,na546dafb7b5d,m9186cf842d83
2026-02-15T21:30:00+09:00,added,na546dafb7b5d,ma20fd59ebe61
2026-02-15T21:30:00+09:00,added,na546dafb7b5d,m662b3185f860
2026-02-14T21:30:00+09:00,added,ne680d9cf0cf3,m9186cf842d83
2026-02-14T21:30:00+09:00,added,ne680d9cf0cf3,m67911111acea
2026-02-13T21:30:00+09:00,added,n03d1879ab506,m9186cf842d83
2026-02-12T21:30:00+09:00,added,n918d14ad8244,m9186cf842d83
2026-02-12T21:30:00+09:00,added,n918d14ad8244,m5072685e9cf7
2026-02-11T21:30:00+09:00,added,n917c7059c074,m9186cf842d83
2026-02-11T21:30:00+09:00,added,n917c7059c074,m5072685e9cf7
2026-02-11T21:30:00+09:00,added,n917c7059c074,m3c6a24dd1c1d
2026-02-10T21:30:00+09:00,added,ndae66464dd48,m9186cf842d83
2026-02-09T21:30:00+09:00,added,na33bed8fb003,m9186cf842d83
2026-02-09T21:30:00+09:00,added,na33bed8fb003,m662b3185f860
2026-02-08T21:30:00+09:00,added,n48d97abd65a7,m9186cf842d83
2026-02-08T21:30:00+09:00,added,n48d97abd65a7,me4d7038e859a
2026-02-08T21:30:00+09:00,added,n48d97abd65a7,mde4c96ef2f7a
2026-02-07T21:30:00+09:00,added,n7ad6d832d453,m9186cf842d83
2026-02-07T21:30:00+09:00,added,n7ad6d832d453,m6463046852a4
2026-02-07T21:30:00+09:00,added,n7ad6d832d453,m76e76573644d
2026-02-07T21:30:00+09:00,added,n7ad6d832d453,mda0734142644
2026-02-07T21:30:00+09:00,added,n7ad6d832d453,mcc8c36323777
2026-02-06T21:30:00+09:00,added,nbf9d3ed0ab5c,m9186cf842d83
2026-02-06T21:30:00+09:00,added,nbf9d3ed0ab5c,me4d7038e859a
2026-02-05T21:30:00+09:00,added,nd86a4287e392,m9186cf842d83
2026-02-05T21:30:00+09:00,added,nd86a4287e392,mde4c96ef2f7a
2026-02-04T21:30:00+09:00,added,n75667925e2a6,m9186cf842d83
2026-02-02T21:30:00+09:00,added,nc6cfae0ef169,m9186cf842d83
2026-02-02T21:30:00+09:00,added,nc6cfae0ef169,m45eda0c51d1c
2026-02-02T21:30:00+09:00,added,nc6cfae0ef169,m2f8a65ebe344
2026-01-31T21:30:00+09:00,added,nf00af9b7e580,m9186cf842d83
2026-01-31T21:30:00+09:00,added,nf00af9b7e580,mcc9cad7ba862
2026-01-29T21:30:00+09:00,added,nc07874268c00,m9186cf842d83
2026-01-29T21:30:00+09:00,added,nc07874268c00,m38b25daa00b3
2026-01-27T21:30:00+09:00,added,n7b12bfe42f15,m9186cf842d83
2026-01-27T21:30:00+09:00,added,n7b12bfe42f15,m031797f04258
2026-01-26T21:30:00+09:00,added,n097be723a83b,m031797f04258
2026-01-26T21:30:00+09:00,added,n097be723a83b,m9186cf842d83
2026-01-26T21:30:00+09:00,added,n097be723a83b,mafe9c4784c53
2026-01-23T12:30:00+09:00,added,nb50846321052,m031797f04258
2026-01-23T12:30:00+09:00,added,nb50846321052,m9186cf842d83
2026-01-23T12:30:00+09:00,added,nb50846321052,mef3e6ed657c6
2026-01-22T22:38:21+09:00,added,n501070c1d754,m9186cf842d83
2026-01-22T22:38:21+09:00,added,n501070c1d754,m031797f04258
2026-01-22T12:30:00+09:00,added,na9c27b0ed666,m031797f04258
2026-01-22T12:30:00+09:00,added,na9c27b0ed666,m9186cf842d83
2026-01-21T21:30:00+09:00,added,n0519737f7626,m031797f04258
2026-01-21T21:30:00+09:00,added,n0519737f7626,m9186cf842d83
2026-01-21T21:30:00+09:00,added,n0519737f7626,mef3e6ed657c6
2026-01-21T21:30:00+09:00,added,n0519737f7626,mc6c13443e264
2026-01-21T21:30:00+09:00,added,n0519737f7626,mab465cf59984
2026-01-20T21:30:00+09:00,added,n6809970e2daa,m031797f04258
2026-01-20T21:30:00+09:00,added,n6809970e2daa,m9186cf842d83
2026-01-20T21:30:00+09:00,added,n6809970e2daa,m48eb9e18dfde
2026-01-20T21:30:00+09:00,added,n6809970e2daa,m7e72b0b37154
2026-01-19T21:30:00+09:00,added,n9426c0800267,m031797f04258
2026-01-19T21:30:00+09:00,added,n9426c0800267,m9186cf842d83
2026-01-19T21:30:00+09:00,added,n9426c0800267,mef3e6ed657c6
2026-01-19T21:30:00+09:00,added,n9426c0800267,mb4ef98f20710
2026-01-18T21:30:00+09:00,added,n1c2b8e160fec,m031797f04258
2026-01-18T21:30:00+09:00,added,n1c2b8e160fec,m9186cf842d83
2026-01-17T21:30:00+09:00,added,ne22b2f376067,m031797f04258
2026-01-17T21:30:00+09:00,added,ne22b2f376067,m9186cf842d83
2026-01-16T21:30:00+09:00,added,ne751ca42a181,m031797f04258
2026-01-16T21:30:00+09:00,added,ne751ca42a181,m9186cf842d83
2026-01-14T21:30:00+09:00,added,n1bb9670679ef,m031797f04258
2026-01-14T21:30:00+09:00,added,n1bb9670679ef,m9186cf842d83
2026-01-14T21:30:00+09:00,added,n1bb9670679ef,mef3e6ed657c6
2026-01-14T21:30:00+09:00,added,n1bb9670679ef,mc6c13443e264
2026-01-13T21:30:00+09:00,added,n05fb0c6cd3c0,m031797f04258
2026-01-13T21:30:00+09:00,added,n05fb0c6cd3c0,m9186cf842d83
2026-01-13T21:30:00+09:00,added,n05fb0c6cd3c0,mef2d87c00106
2026-01-13T21:30:00+09:00,added,n05fb0c6cd3c0,m862869c2ff9e
2026-01-13T21:30:00+09:00,added,n05fb0c6cd3c0,m53a3c3b5d431
2026-01-13T21:30:00+09:00,added,n05fb0c6cd3c0,m3ed4b0ea704e
2026-01-13T21:30:00+09:00,added,n05fb0c6cd3c0,mdbf1f88c8d0d
2026-01-13T21:30:00+09:00,added,n05fb0c6cd3c0,mf2abfea66ec7
2026-01-13T21:30:00+09:00,added,n05fb0c6cd3c0,m11881a67a893
2026-01-12T19:00:00+09:00,added,n1ffb6b490c26,m031797f04258
2026-01-12T19:00:00+09:00,added,n1ffb6b490c26,m9186cf842d83
2026-01-12T19:00:00+09:00,added,n1ffb6b490c26,m6db3b9c4f372
2026-01-11T21:00:00+09:00,added,n431f9bf677cc,m031797f04258
2026-01-11T21:00:00+09:00,added,n431f9bf677cc,m9186cf842d83
2026-01-11T21:00:00+09:00,added,n431f9bf677cc,m26d93ca7080b
2026-01-11T21:00:00+09:00,added,n431f9bf677cc,m1b265f22871b
2026-01-09T21:00:00+09:00,added,n50421849c60f,m031797f04258
2026-01-07T21:00:00+09:00,added,na7d781135688,m031797f04258
2026-01-07T21:00:00+09:00,added,na7d781135688,md93ccb5f3741
2026-01-05T21:00:00+09:00,added,nfe56c0155f22,m6773a524be37
2026-01-05T21:00:00+09:00,added,nfe56c0155f22,m031797f04258
2026-01-04T21:07:13+09:00,added,nf43bc7b435c0,m031797f04258
2026-01-04T21:07:13+09:00,added,nf43bc7b435c0,me5481b3218cd
2026-01-04T21:07:13+09:00,added,nf43bc7b435c0,m1b265f22871b
2026-01-02T21:00:39+09:00,added,n889d38bdca3c,m031797f04258
2026-01-02T21:00:39+09:00,added,n889d38bdca3c,m2fdf30aeb0e5
2026-01-01T12:52:27+09:00,added,na7c6e6d4dd97,m031797f04258
2025-12-31T20:49:41+09:00,added,nd4ef33c63b39,m031797f04258
2025-12-31T20:49:41+09:00,added,nd4ef33c63b39,m1b1a035ad15b
2025-12-28T20:28:46+09:00,added,n07ef15231656,m031797f04258
2025-12-28T20:28:46+09:00,added,n07ef15231656,m6484622342c0
2025-12-26T18:30:05+09:00,added,n26318c817528,m031797f04258
2025-12-24T18:11:07+09:00,added,nf2f69b684b57,m031797f04258
2025-12-22T18:31:47+09:00,added,n7f2a3fb40595,m031797f04258
2025-12-20T18:19:17+09:00,added,n96bf45808e92,m031797f04258
2025-12-19T17:56:50+09:00,added,n3118d8d5029b,m031797f04258
2025-12-17T18:02:05+09:00,added,nf07e2d77fbbc,m031797f04258
2025-12-15T18:01:57+09:00,added,n836eb9b67603,md50e45017b9f
2025-12-15T18:01:57+09:00,added,n836eb9b67603,m031797f04258
2025-12-15T18:01:57+09:00,added,n836eb9b67603,mbc6437030dd2
2025-12-13T17:55:03+09:00,added,n54793aa3960f,m9186cf842d83
2025-12-13T17:55:03+09:00,added,n54793aa3960f,mf5683f2684a4
2025-12-13T17:55:03+09:00,added,n54793aa3960f,m26d93ca7080b
2025-12-13T17:55:03+09:00,added,n54793aa3960f,m1b265f22871b
2025-12-12T17:56:46+09:00,added,n3148a931dfb9,m031797f04258
2025-12-11T17:50:52+09:00,added,n31d2e0b93051,m031797f04258
2025-12-10T11:55:43+09:00,added,n325bd56ccd16,m031797f04258
2025-12-09T12:07:41+09:00,added,n6ea0fbce1bd6,m031797f04258
2025-12-08T11:53:50+09:00,added,n5ac0fde70269,m031797f04258
2025-12-07T11:57:23+09:00,added,n17e54ce0658a,m031797f04258
2025-12-06T13:06:39+09:00,added,n38728c822118,m031797f04258
2025-12-05T07:40:49+09:00,added,nf5c2a79a1cb5,m031797f04258
2025-12-04T13:10:35+09:00,added,na41b40efa150,m031797f04258
2025-12-03T12:47:04+09:00,added,nd328597ceaa8,m031797f04258
2025-12-03T12:47:04+09:00,added,nd328597ceaa8,m45eda0c51d1c
2025-12-03T12:47:04+09:00,added,nd328597ceaa8,m477950f031a4
2025-12-02T15:26:12+09:00,added,n2a1247b3ec86,m031797f04258
2025-12-01T13:03:33+09:00,added,n7b7243726a89,m178a794c9fd2
2025-12-01T13:03:33+09:00,added,n7b7243726a89,m031797f04258
2025-11-30T12:17:44+09:00,added,nfae4dfef050e,mc607ec0d224b
2025-11-30T12:17:44+09:00,added,nfae4dfef050e,md50e45017b9f
2025-11-29T12:21:53+09:00,added,n0391feb1d159,mc607ec0d224b
2025-11-29T12:21:53+09:00,added,n0391feb1d159,md50e45017b9f
2025-11-28T16:03:04+09:00,added,n5b46511d3376,mc607ec0d224b
2025-11-28T16:03:04+09:00,added,n5b46511d3376,m1b1a035ad15b
2025-11-27T15:13:25+09:00,added,n88d287705a34,mc607ec0d224b
2025-11-27T15:13:25+09:00,added,n88d287705a34,m1b1a035ad15b
2025-11-26T17:31:18+09:00,added,n8e818a1345e5,mc607ec0d224b
2025-11-26T17:31:18+09:00,added,n8e818a1345e5,m1b1a035ad15b
2025-11-25T17:48:07+09:00,added,ncb45fae437e2,mc607ec0d224b
2025-11-25T17:48:07+09:00,added,ncb45fae437e2,m1b1a035ad15b
2025-11-24T16:39:43+09:00,added,nb58a0839ed6f,mc607ec0d224b
2025-11-24T16:39:43+09:00,added,nb58a0839ed6f,m1b1a035ad15b
2025-11-23T14:34:15+09:00,added,n70048f27ab3c,mc607ec0d224b
2025-11-23T14:34:15+09:00,added,n70048f27ab3c,m1b1a035ad15b
2025-11-22T19:43:57+09:00,added,n76e7d1d9590a,mc607ec0d224b
2025-11-22T19:43:57+09:00,added,n76e7d1d9590a,m1b1a035ad15b
2025-11-21T13:10:39+09:00,added,n5e7676f13246,mc607ec0d224b
2025-11-21T13:10:39+09:00,added,n5e7676f13246,m1b1a035ad15b
2025-11-20T14:02:03+09:00,added,necdce78c0986,mc607ec0d224b
2025-11-20T14:02:03+09:00,added,necdce78c0986,m1b1a035ad15b
2025-11-19T13:55:04+09:00,added,n6aff9b966d83,mc607ec0d224b
2025-11-19T13:55:04+09:00,added,n6aff9b966d83,m1b1a035ad15b
2025-11-18T15:07:23+09:00,added,n1629ad066764,mc607ec0d224b
2025-11-18T15:07:23+09:00,added,n1629ad066764,m45eda0c51d1c
2025-11-18T15:07:23+09:00,added,n1629ad066764,m477950f031a4
2025-11-17T13:56:30+09:00,added,n6830f09bc717,mc607ec0d224b
2025-11-17T13:56:30+09:00,added,n6830f09bc717,m45eda0c51d1c
2025-11-16T09:53:15+09:00,added,n55fe03087928,mc607ec0d224b
2025-11-16T09:53:15+09:00,added,n55fe03087928,m35370355b866
2025-11-16T09:53:15+09:00,added,n55fe03087928,m7453c6557b6c
2025-11-16T09:53:15+09:00,added,n55fe03087928,m18c09c59705e
2025-11-16T09:53:15+09:00,added,n55fe03087928,m651aaa4e52a9
2025-11-16T09:53:15+09:00,added,n55fe03087928,ma5bd9f7c40cf
2025-11-16T09:53:15+09:00,added,n55fe03087928,mae22de9970b8
2025-11-16T09:53:15+09:00,added,n55fe03087928,me50627303786
2025-11-16T09:53:15+09:00,added,n55fe03087928,m2acdde7b2565
2025-11-16T09:53:15+09:00,added,n55fe03087928,md6e28900c1ac
2025-11-16T09:53:15+09:00,added,n55fe03087928,m5fa91e4af0ed
2025-11-15T12:12:33+09:00,added,n8bfb9baff5af,mc607ec0d224b
2025-11-14T13:28:07+09:00,added,n478c486b7a37,mc607ec0d224b
2025-11-13T11:53:32+09:00,added,n0d2bc57a087b,mc607ec0d224b
2025-11-13T11:53:32+09:00,added,n0d2bc57a087b,m68e1fbded795
2025-11-12T12:17:14+09:00,added,n5ed105076cc6,mc607ec0d224b
2025-11-12T12:17:14+09:00,added,n5ed105076cc6,m68e1fbded795
2025-11-11T14:36:16+09:00,added,nfe60023d23c6,mc607ec0d224b
2025-11-11T14:36:16+09:00,added,nfe60023d23c6,m9435ba334cbd
2025-11-11T14:36:16+09:00,added,nfe60023d23c6,m68e1fbded795
2025-11-10T11:50:22+09:00,added,n15a7a2fa1a59,mc607ec0d224b
2025-11-10T11:50:22+09:00,added,n15a7a2fa1a59,m26d93ca7080b
2025-11-09T09:15:44+09:00,added,n1cac6108b218,mc607ec0d224b
2025-11-08T11:05:47+09:00,added,na313e6429082,mc607ec0d224b
2025-11-08T10:43:46+09:00,added,n8929728b373c,mb33de64ba0f8
2025-11-07T11:41:14+09:00,added,ncc304227dd2c,mc607ec0d224b
2025-11-06T10:27:58+09:00,added,n3abe7491a959,mc607ec0d224b
2025-11-06T10:27:58+09:00,added,n3abe7491a959,m7f9015f7a6ac
2025-11-05T11:29:37+09:00,added,nc119cb200d6c,mc607ec0d224b
2025-11-04T12:40:48+09:00,added,n8ba99d7cfd6a,mc607ec0d224b
2025-11-03T11:39:55+09:00,added,n1f285a8b7b3d,mc607ec0d224b
2025-11-02T10:27:47+09:00,added,nd8f0b54b2942,mc607ec0d224b
2025-11-02T10:27:47+09:00,added,nd8f0b54b2942,m016668fc27da
2025-11-01T12:13:25+09:00,added,n7d063e123df4,mc607ec0d224b
2025-10-31T13:42:15+09:00,added,nb5594336169a,m097ccf6269d6
2025-10-30T12:07:30+09:00,added,n021a99bb38d9,m097ccf6269d6
2025-10-28T20:52:26+09:00,added,nd615e69edbe9,md50e45017b9f
2025-10-28T20:52:26+09:00,added,nd615e69edbe9,m9186cf842d83
2025-10-27T21:10:41+09:00,added,n881500f8a1b3,m178a794c9fd2
2025-10-25T18:40:19+09:00,added,n478e47478844,md50e45017b9f
2025-10-25T18:40:19+09:00,added,n478e47478844,m9186cf842d83
2025-10-24T19:31:52+09:00,added,n97eb8a65c694,m097ccf6269d6
2025-10-24T19:26:27+09:00,added,n4b8142a572be,m097ccf6269d6
2025-10-22T22:19:08+09:00,added,naabde094b62a,m1b1a035ad15b
2025-10-22T22:19:08+09:00,added,naabde094b62a,m6325783c7939
2025-10-21T12:02:52+09:00,added,nd292b0a4a574,md50e45017b9f
2025-10-21T12:02:52+09:00,added,nd292b0a4a574,m9186cf842d83
2025-10-20T15:26:58+09:00,added,n1a089eea5d39,m097ccf6269d6
2025-10-19T18:00:08+09:00,added,n4f4eb91f154a,md50e45017b9f
2025-10-19T18:00:08+09:00,added,n4f4eb91f154a,m9186cf842d83
2025-10-19T18:00:08+09:00,added,n4f4eb91f154a,m5e73b64286c2
2025-10-19T11:39:01+09:00,added,n73e1cb0fe72e,m1b1a035ad15b
2025-10-19T00:15:51+09:00,added,n8e1ee13d685c,m36e9f57e3df0
2025-10-18T20:05:56+09:00,added,n255092497de4,m178a794c9fd2
2025-10-17T13:01:11+09:00,added,nedf2eb43e646,m097ccf6269d6
2025-10-16T14:32:43+09:00,added,nd8047b719457,m178a794c9fd2
2025-10-16T14:32:43+09:00,added,nd8047b719457,m04f9fe64d6ef
2025-10-15T11:45:43+09:00,added,n9ae806427543,m1b1a035ad15b
2025-10-14T22:53:40+09:00,added,nce637e774678,m1b1a035ad15b
2025-10-13T22:28:10+09:00,added,n83d58d9e3952,m097ccf6269d6
2025-10-12T12:37:03+09:00,added,n8a38834c27ef,m1b1a035ad15b
2025-10-11T22:38:10+09:00,added,n0537db0b3f9e,m097ccf6269d6
2025-10-10T22:06:28+09:00,added,n86431a0ab014,m178a794c9fd2
2025-10-10T16:10:13+09:00,added,nf828b670d0d4,m1b1a035ad15b
2025-10-09T10:05:07+09:00,added,n7268dfe94275,m097ccf6269d6
2025-10-09T10:05:07+09:00,added,n7268dfe94275,m99a4bc4e387f
2025-10-08T21:42:27+09:00,added,nf419af4e0c25,m178a794c9fd2
2025-10-07T22:26:13+09:00,added,n54ae6d105a4b,m097ccf6269d6
2025-10-05T14:19:39+09:00,added,ndb3e3035bcdd,m1b1a035ad15b
2025-10-03T10:08:14+09:00,added,n0927813f34c5,m178a794c9fd2
2025-09-29T14:52:56+09:00,added,nb3f760f9c13b,m097ccf6269d6
2025-09-25T13:12:04+09:00,added,n46326241a34f,m1b1a035ad15b
2025-09-24T13:58:35+09:00,added,n440008a466e8,m178a794c9fd2
2025-09-23T15:39:28+09:00,added,nd807c7c2c885,m1b1a035ad15b
2025-09-15T21:50:32+09:00,added,n6152bfbe3596,m178a794c9fd2
2025-09-11T13:11:49+09:00,added,n6766610194ad,m178a794c9fd2
2025-09-08T12:41:58+09:00,added,n06f2796af2ce,m097ccf6269d6
2025-09-08T12:41:58+09:00,added,n06f2796af2ce,m9186cf842d83
2025-09-07T12:47:49+09:00,added,n95ce4668b20c,m1b1a035ad15b
2025-08-30T11:41:43+09:00,added,ne198a7b0579c,m1b1a035ad15b
2025-08-27T11:54:27+09:00,added,n974b36b91784,m178a794c9fd2
2025-08-23T13:19:07+09:00,added,n61a5f07de22a,m1b1a035ad15b
2025-08-22T14:08:04+09:00,added,nc879e1e7de50,m178a794c9fd2
2025-08-20T13:53:29+09:00,added,ne81ec8184c0d,m1b1a035ad15b
2025-08-17T12:21:28+09:00,added,nb239033707fc,m178a794c9fd2
2025-08-12T12:26:33+09:00,added,n41e9c065a9a0,m1b1a035ad15b
2025-08-08T13:29:36+09:00,added,n89f07783954e,m178a794c9fd2
2025-08-07T17:31:47+09:00,added,n2128d4b797ce,m1b1a035ad15b
2025-08-05T15:16:02+09:00,added,nfdb51c977877,m178a794c9fd2
2025-08-04T13:11:44+09:00,added,n1cc65eb133c7,m1b1a035ad15b
2025-08-02T16:06:52+09:00,added,nd9d3a2484dd2,m178a794c9fd2
2025-08-02T12:54:32+09:00,added,nd5ca3362c68b,m1b1a035ad15b
2025-07-30T15:28:10+09:00,added,n2f1e8a6c379d,m1b1a035ad15b
2025-07-25T13:12:02+09:00,added,ne61770ca66a2,m1b1a035ad15b
2025-07-23T14:13:23+09:00,added,nad6de089fae6,m1b1a035ad15b
2025-07-06T17:33:58+09:00,added,n6c32857d3b72,m1b1a035ad15b
2025-07-02T15:17:02+09:00,added,nbf477d423017,m1b1a035ad15b
2025-06-28T17:35:25+09:00,added,n96c237eb7fde,m1b1a035ad15b
2025-06-25T12:28:32+09:00,added,n7d4eaccd6cec,m1b1a035ad15b
2025-06-23T16:53:10+09:00,added,na235730057a1,m1b1a035ad15b
2025-06-21T13:28:42+09:00,added,n6af163da0a6a,m1b1a035ad15b
2025-06-20T11:28:29+09:00,added,n6d79dda5a52f,m1b1a035ad15b
2025-06-19T17:07:02+09:00,added,n754b5fd0b568,m1b1a035ad15b
2025-06-15T15:44:36+09:00,added,n0a6d462b2f93,m1b1a035ad15b
2025-06-15T15:44:36+09:00,added,n0a6d462b2f93,m8c47ef7c9060
2025-06-10T15:38:11+09:00,added,n26cc52d9f1a1,m1b1a035ad15b
2025-06-08T21:39:21+09:00,added,n869acab80f5c,m1b1a035ad15b
2025-06-08T21:39:21+09:00,added,n869acab80f5c,m1b265f22871b
2025-06-06T19:08:41+09:00,added,n5f7b9bcbec7b,m1b1a035ad15b
2025-06-01T21:18:06+09:00,added,n60ccf4d80225,m1b1a035ad15b
2025-05-31T21:10:12+09:00,added,nf7a363c47da5,m1b1a035ad15b
2025-05-30T22:57:38+09:00,added,naf2c7a1dacec,m1b1a035ad15b
2025-05-29T21:09:19+09:00,added,nf18b6918e007,m1b1a035ad15b
2025-05-29T21:09:19+09:00,added,nf18b6918e007,mc87c22d512fc
2025-05-28T17:39:50+09:00,added,n955af0485a18,m1b1a035ad15b
2025-05-28T17:39:50+09:00,added,n955af0485a18,mc87c22d512fc
2025-05-27T14:45:30+09:00,added,n6abbf4be6ae8,m1b1a035ad15b
2025-05-27T14:45:30+09:00,added,n6abbf4be6ae8,mca2c344a0f50
2025-05-27T14:45:30+09:00,added,n6abbf4be6ae8,m1c85d4931804
2025-05-27T14:45:30+09:00,added,n6abbf4be6ae8,mc87c22d512fc
2025-05-26T11:08:22+09:00,added,n625d9e7ebb80,m1b1a035ad15b
2025-05-26T11:08:22+09:00,added,n625d9e7ebb80,m278d9869816c
2025-05-26T11:08:22+09:00,added,n625d9e7ebb80,mc87c22d512fc
2025-05-25T12:14:09+09:00,added,n69a7ab5eab3f,m1b1a035ad15b
2025-05-25T12:14:09+09:00,added,n69a7ab5eab3f,m278d9869816c
2025-05-25T12:14:09+09:00,added,n69a7ab5eab3f,m5fa91e4af0ed
2025-05-25T12:14:09+09:00,added,n69a7ab5eab3f,m1b265f22871b
2025-05-25T12:14:09+09:00,added,n69a7ab5eab3f,mc87c22d512fc
2026-05-23T15:46:25+09:00,added,n4ab5b9ff0f2e,m16095e384518
2026-05-24T02:19:18+09:00,added,n3b7388174b01,m9186cf842d83
2026-05-24T02:19:18+09:00,added,n3b7388174b01,m662b3185f860
2026-05-24T02:19:18+09:00,added,n3b7388174b01,me50627303786
2026-05-24T05:59:05+09:00,added,n3b7388174b01,m54b2ccd56b12
2026-05-24T11:19:03+09:00,added,n3b7388174b01,mfec4701d00fb
2026-05-25T02:21:53+09:00,added,n3b7388174b01,m26d93ca7080b
2026-05-25T17:30:38+09:00,added,n4ab5b9ff0f2e,m7de26e2e10de
2026-05-25T17:30:38+09:00,added,n8439a6504e01,m7e72b0b37154
2026-05-25T23:45:13+09:00,added,nb777b7fe698c,m9186cf842d83
2026-05-25T23:45:13+09:00,added,nb777b7fe698c,m54b2ccd56b12
2026-05-25T23:45:13+09:00,added,nb777b7fe698c,m7c6250436755
2026-05-25T23:45:13+09:00,added,nb777b7fe698c,me50627303786
2026-05-25T23:45:13+09:00,added,necf8c83a45ce,m1925598ad8ee
2026-05-26T11:18:19+09:00,added,nb777b7fe698c,m26d93ca7080b
2026-05-27T11:26:22+09:00,added,nb777b7fe698c,m500f8b17af7f
2026-05-27T11:26:22+09:00,added,nb777b7fe698c,m18bbc62ac6eb
2026-05-28T17:08:51+09:00,added,n4ab5b9ff0f2e,m18c09c59705e
2026-05-28T21:58:31+09:00,added,nddd050e94edb,m9186cf842d83
2026-05-28T21:58:31+09:00,added,nddd050e94edb,m1b265f22871b
2026-05-28T21:58:31+09:00,added,nb777b7fe698c,m6463046852a4
2026-05-29T11:19:18+09:00,added,nb777b7fe698c,m30a248399fe0
2026-05-29T17:05:23+09:00,added,nddd050e94edb,m7e72b0b37154
2026-05-29T17:05:23+09:00,added,necf8c83a45ce,m30a248399fe0
2026-05-29T23:50:12+09:00,added,nddd050e94edb,m26d93ca7080b
2026-05-29T23:50:12+09:00,added,n8c8e15798401,m9186cf842d83
2026-05-29T23:50:12+09:00,added,n8c8e15798401,m35af4e72190e
2026-05-30T15:59:13+09:00,added,nddd050e94edb,mde4c96ef2f7a
2026-05-30T22:16:48+09:00,added,n0489d0db1801,m9186cf842d83
2026-05-30T22:16:48+09:00,added,n0489d0db1801,m662b3185f860
2026-05-30T22:16:48+09:00,added,n0489d0db1801,m18c09c59705e
2026-05-30T22:16:48+09:00,added,n8c8e15798401,me50627303786
2026-05-31T02:26:22+09:00,added,n0489d0db1801,maea3a9e29763
2026-05-31T02:26:22+09:00,added,n0489d0db1801,mde4c96ef2f7a
2026-05-31T02:26:22+09:00,added,n0489d0db1801,me50627303786
2026-05-31T02:26:22+09:00,added,n0489d0db1801,m7e72b0b37154
2026-05-31T02:26:22+09:00,added,n8c8e15798401,m30a248399fe0
2026-05-31T06:06:16+09:00,added,n431f9bf677cc,mcc9cad7ba862
2026-05-31T11:30:06+09:00,added,n04a058090875,mcc9cad7ba862
2026-05-31T22:31:22+09:00,added,nddd050e94edb,m18c09c59705e
2026-05-31T22:31:22+09:00,added,n7e198f0db52d,m9186cf842d83
2026-05-31T22:31:22+09:00,added,n7e198f0db52d,m662b3185f860
2026-05-31T22:31:22+09:00,added,n7e198f0db52d,m0988ee24cf93
2026-05-31T22:31:22+09:00,added,n7e198f0db52d,m18c09c59705e
2026-05-31T22:31:22+09:00,added,n7e198f0db52d,m0102f820d986
2026-05-31T22:31:22+09:00,added,n7e198f0db52d,m7e72b0b37154
2026-05-31T22:31:22+09:00,added,n7e198f0db52d,m7c6250436755
2026-06-01T11:50:26+09:00,added,n7e198f0db52d,m54b2ccd56b12
2026-06-01T11:50:26+09:00,added,n7e198f0db52d,me50627303786
2026-06-02T10:22:12+09:00,added,nddd050e94edb,mcdf4ee972bd9
2026-06-03T18:08:08+09:00,added,n7e198f0db52d,m5fa91e4af0ed
2026-06-03T22:04:16+09:00,added,n62a61aa180b5,m9186cf842d83
2026-06-04T05:11:33+09:00,added,nddd050e94edb,mb91361b15337
2026-06-04T07:44:13+09:00,added,n62a61aa180b5,m54b2ccd56b12
2026-06-04T11:52:45+09:00,added,n65250d53835d,m5fa91e4af0ed
2026-06-05T23:36:44+09:00,added,nddd050e94edb,me50627303786
2026-06-05T23:36:44+09:00,added,nf1982f6b5790,m9186cf842d83
2026-06-05T23:36:44+09:00,added,nf1982f6b5790,m7c6250436755
2026-06-05T23:36:44+09:00,added,nf1982f6b5790,m54b2ccd56b12
2026-06-06T03:16:58+09:00,added,nddd050e94edb,m278d9869816c
2026-06-06T03:16:58+09:00,added,nddd050e94edb,m1c85d4931804
2026-06-06T03:16:58+09:00,added,nddd050e94edb,m559fa39e9163
2026-06-06T06:39:25+09:00,added,n62a61aa180b5,m7de26e2e10de
2026-06-06T06:39:25+09:00,added,n04a058090875,m1ff1fd18f93c
2026-06-07T11:34:53+09:00,added,nf1982f6b5790,mae514afdd397
2026-06-07T17:07:17+09:00,added,nf1982f6b5790,m7e72b0b37154
2026-06-07T19:51:15+09:00,added,n62a61aa180b5,m7e72b0b37154
2026-06-08T18:06:04+09:00,added,nf1982f6b5790,m30a248399fe0
2026-06-08T18:06:04+09:00,added,nf1982f6b5790,mcdf4ee972bd9
2026-06-09T00:40:39+09:00,added,n8c8e15798401,m7e72b0b37154
2026-06-09T11:14:14+09:00,added,n0489d0db1801,m5fa91e4af0ed
2026-06-10T17:20:36+09:00,added,n8c8e15798401,mfa8c2ae71f8c
2026-06-11T00:04:26+09:00,added,nf1982f6b5790,m278d9869816c
2026-06-11T00:04:26+09:00,added,nf1982f6b5790,m1c85d4931804
2026-06-11T00:04:26+09:00,added,nf1982f6b5790,m559fa39e9163
2026-06-11T00:04:26+09:00,added,ne218884f2907,m9186cf842d83
2026-06-11T00:04:26+09:00,added,ne218884f2907,mf2d7c09eeca9
2026-06-11T03:51:29+09:00,added,ne218884f2907,m54b2ccd56b12
2026-06-11T07:13:07+09:00,added,ne218884f2907,m30a248399fe0
2026-06-11T07:13:07+09:00,added,n62a61aa180b5,m30a248399fe0
2026-06-11T17:49:24+09:00,added,n62a61aa180b5,m6463046852a4
2026-06-12T17:37:56+09:00,added,nf1982f6b5790,m8de28bcde1bf
2026-06-12T21:05:42+09:00,added,n3993803ed949,m9186cf842d83
2026-06-12T21:05:42+09:00,added,ne218884f2907,me50627303786
2026-06-13T11:26:48+09:00,added,nfc1294efa033,m9186cf842d83
2026-06-13T11:26:48+09:00,added,nfc1294efa033,m1b265f22871b
2026-06-13T11:26:48+09:00,added,nfc1294efa033,mca2c344a0f50
2026-06-13T11:26:48+09:00,added,nfc1294efa033,m1c85d4931804
2026-06-13T11:26:48+09:00,added,nfc1294efa033,m278d9869816c
2026-06-13T11:26:48+09:00,added,nfc1294efa033,mf7c9271b4e5e
2026-06-13T11:26:48+09:00,added,nfc1294efa033,m8b2a6058aa58
2026-06-13T11:26:48+09:00,added,nfc1294efa033,m559fa39e9163
2026-06-13T11:26:48+09:00,added,nfc1294efa033,m16580951510b
2026-06-13T11:26:48+09:00,added,nfc1294efa033,m74b154cd7893
2026-06-13T11:26:48+09:00,added,nfc1294efa033,mdfe1a49acaf3
2026-06-13T11:26:48+09:00,added,nfc1294efa033,m54b2ccd56b12
2026-06-14T02:45:23+09:00,added,n3993803ed949,m1b265f22871b
2026-06-14T11:49:59+09:00,added,n3993803ed949,m18c09c59705e
2026-06-14T11:49:59+09:00,added,na4329137dc4a,m18c09c59705e
2026-06-14T17:29:26+09:00,removed,nfc1294efa033,m8b2a6058aa58
2026-06-14T17:29:26+09:00,added,n3993803ed949,m54b2ccd56b12
2026-06-14T17:29:26+09:00,removed,nbd0e43681ca1,m8b2a6058aa58
2026-06-14T20:10:57+09:00,added,nf1982f6b5790,mad52f4ec5055
2026-06-14T20:10:57+09:00,added,n3993803ed949,m1be7ce2dd479
2026-06-14T20:10:57+09:00,added,n3993803ed949,mf2d7c09eeca9
2026-06-14T22:42:06+09:00,added,n3993803ed949,m30a248399fe0
2026-06-14T23:34:13+09:00,added,nfc1294efa033,m30a248399fe0
2026-06-15T02:40:32+09:00,added,n07ef15231656,m9c328b945b93
2026-06-15T11:54:42+09:00,added,n3993803ed949,md060aa7d8db7
2026-06-16T05:08:56+09:00,added,nfc1294efa033,m8b2a6058aa58
2026-06-16T05:08:56+09:00,added,nbd0e43681ca1,m8b2a6058aa58
2026-06-16T18:36:51+09:00,added,nfc1294efa033,me50627303786
2026-06-16T18:36:51+09:00,added,n3993803ed949,me50627303786
2026-06-16T22:18:04+09:00,added,ncbe23217f78d,m9186cf842d83
2026-06-16T22:18:04+09:00,added,ncbe23217f78d,m1b265f22871b
2026-06-16T22:18:04+09:00,added,n3993803ed949,m7e72b0b37154
2026-06-17T07:26:07+09:00,added,ne218884f2907,m5fa91e4af0ed
2026-06-17T07:26:07+09:00,added,ne218884f2907,m5c87df568874
2026-06-17T11:54:07+09:00,added,ncbe23217f78d,mcdf4ee972bd9
2026-06-17T11:54:07+09:00,added,ncbe23217f78d,m5c87df568874
2026-06-17T11:54:07+09:00,added,n3993803ed949,m01114c693eca
2026-06-17T11:54:07+09:00,added,n3993803ed949,m5c87df568874
2026-06-17T11:54:07+09:00,added,na41b40efa150,mcf500208b8d9
2026-06-17T21:39:51+09:00,added,nf9aed028fbc4,m9186cf842d83
2026-06-17T21:39:51+09:00,added,nf9aed028fbc4,m1b265f22871b
2026-06-18T00:04:05+09:00,added,nf9aed028fbc4,m16384598a49a
2026-06-18T00:04:05+09:00,added,ncbe23217f78d,me50627303786
2026-06-18T03:40:31+09:00,added,nf9aed028fbc4,m7c6250436755
2026-06-18T11:51:47+09:00,added,nf9aed028fbc4,m5c87df568874
2026-06-18T11:51:47+09:00,added,nf9aed028fbc4,me50627303786
2026-06-18T17:51:34+09:00,added,nf1982f6b5790,m334fb05a2022
2026-06-18T21:13:35+09:00,added,nf9aed028fbc4,m54c3e22e02f7
2026-06-18T21:13:35+09:00,added,nf9aed028fbc4,mf2d7c09eeca9
2026-06-18T21:13:35+09:00,added,nf9aed028fbc4,m83bb9fd399d2
2026-06-18T23:58:32+09:00,added,nf9aed028fbc4,m30a248399fe0
2026-06-19T07:21:38+09:00,added,ncbe23217f78d,m7de26e2e10de
2026-06-19T21:30:38+09:00,added,nf1982f6b5790,m5c87df568874
2026-06-19T21:30:38+09:00,added,ncbe23217f78d,m30a248399fe0
2026-06-19T21:30:38+09:00,added,nf7a363c47da5,m7c6250436755
2026-06-19T21:30:38+09:00,added,nf18b6918e007,m7c6250436755
2026-06-20T19:57:04+09:00,added,nf9aed028fbc4,md1868a762043
2026-06-20T19:57:04+09:00,added,nf9aed028fbc4,m78e1caab29a1
2026-06-20T22:41:42+09:00,added,n7852f6e0285a,m9186cf842d83
2026-06-20T22:41:42+09:00,added,n7852f6e0285a,m662b3185f860
2026-06-21T11:52:19+09:00,added,n7852f6e0285a,m7e72b0b37154
2026-06-21T17:42:24+09:00,added,n7852f6e0285a,m6463046852a4
2026-06-21T17:42:24+09:00,added,n7852f6e0285a,mf2abfea66ec7
2026-06-21T17:42:24+09:00,added,n7852f6e0285a,m349b3be90eb0
2026-06-21T17:42:24+09:00,added,n7852f6e0285a,m53a3c3b5d431
2026-06-21T17:42:24+09:00,added,n7852f6e0285a,m862869c2ff9e
2026-06-21T17:42:24+09:00,added,n7852f6e0285a,m3ed4b0ea704e
2026-06-21T17:42:24+09:00,added,n7852f6e0285a,m05948736e17f
2026-06-21T17:42:24+09:00,added,n7852f6e0285a,m11881a67a893
2026-06-21T22:50:07+09:00,added,n4beb132f98f7,m9186cf842d83
2026-06-21T22:50:07+09:00,added,n4beb132f98f7,m1b265f22871b
2026-06-21T22:50:07+09:00,added,n7852f6e0285a,mf2d7c09eeca9
2026-06-21T22:50:07+09:00,added,n7852f6e0285a,m54c3e22e02f7
2026-06-22T03:01:51+09:00,added,nf1982f6b5790,mdfe1a49acaf3
2026-06-22T03:01:51+09:00,added,nf1982f6b5790,m8b2a6058aa58
2026-06-22T03:01:51+09:00,added,nf1982f6b5790,mb6fdd52683d6
2026-06-22T03:01:51+09:00,added,nf1982f6b5790,mf7c9271b4e5e
2026-06-22T03:01:51+09:00,added,nf1982f6b5790,mca2c344a0f50
2026-06-22T03:01:51+09:00,added,nf1982f6b5790,m2c2abcaf45bd
2026-06-22T03:01:51+09:00,added,nf1982f6b5790,m95b78222e9b9
2026-06-22T03:01:51+09:00,added,nf1982f6b5790,m1661c964eec9
2026-06-22T03:01:51+09:00,added,n4beb132f98f7,m7e72b0b37154
2026-06-22T03:01:51+09:00,added,n7852f6e0285a,m30a248399fe0
2026-06-22T06:28:16+09:00,added,n4beb132f98f7,m54b2ccd56b12
2026-06-22T22:58:35+09:00,added,n88d17ddf7284,m9186cf842d83
2026-06-22T22:58:35+09:00,added,n88d17ddf7284,m1b265f22871b
2026-06-22T22:58:35+09:00,added,n88d17ddf7284,m54b2ccd56b12
2026-06-22T22:58:35+09:00,added,nf1982f6b5790,mc46d0bdd74a9
2026-06-22T22:58:35+09:00,added,nf1982f6b5790,m74b154cd7893
2026-06-22T22:58:35+09:00,added,nf1982f6b5790,m13d8b36b64dc
2026-06-22T22:58:35+09:00,added,nf1982f6b5790,m432831006c95
2026-06-23T01:42:25+09:00,added,nf9aed028fbc4,mbda81785b82c
2026-06-23T17:00:24+09:00,added,n88d17ddf7284,m8c47ef7c9060
2026-06-23T17:00:24+09:00,added,nf1982f6b5790,m7afa428d1412
2026-06-23T23:36:27+09:00,added,n1f162ee23813,m9186cf842d83
2026-06-23T23:36:27+09:00,added,n1f162ee23813,m1b265f22871b
2026-06-24T03:18:56+09:00,added,n1f162ee23813,me50627303786
2026-06-24T03:18:56+09:00,added,n1f162ee23813,m54b2ccd56b12
2026-06-24T20:13:08+09:00,added,n1f162ee23813,m30a248399fe0
2026-06-24T20:13:08+09:00,added,n88d17ddf7284,m30a248399fe0
2026-06-24T20:13:08+09:00,added,n7852f6e0285a,m6ff3417d7d3c
2026-06-24T20:13:08+09:00,added,ncbe23217f78d,m8de28bcde1bf
2026-06-24T23:20:54+09:00,added,nf1982f6b5790,m48f2da6384f9
2026-06-25T03:15:39+09:00,added,n1f162ee23813,mde4c96ef2f7a
2026-06-25T03:15:39+09:00,added,n7852f6e0285a,me50627303786
2026-06-25T23:16:48+09:00,added,nb6cf9fbc9dbb,m9186cf842d83
2026-06-25T23:16:48+09:00,added,nb6cf9fbc9dbb,m662b3185f860
2026-06-25T23:16:48+09:00,added,nb6cf9fbc9dbb,m1b265f22871b
2026-06-25T23:16:48+09:00,added,nb6cf9fbc9dbb,m54b2ccd56b12
2026-06-26T06:46:37+09:00,added,nb6cf9fbc9dbb,m7c6250436755
2026-06-26T23:46:47+09:00,added,n3993803ed949,mcdf4ee972bd9
2026-06-26T23:46:47+09:00,added,n763c9b7d5b4c,m9186cf842d83
2026-06-26T23:46:47+09:00,added,n763c9b7d5b4c,m1b265f22871b
2026-06-26T23:46:47+09:00,added,n763c9b7d5b4c,me50627303786
2026-06-26T23:46:47+09:00,added,n763c9b7d5b4c,mcdf4ee972bd9
2026-06-26T23:46:47+09:00,added,n763c9b7d5b4c,m6463046852a4
2026-06-26T23:46:47+09:00,added,nb6cf9fbc9dbb,m30a248399fe0
2026-06-26T23:46:47+09:00,added,nb6cf9fbc9dbb,m26d93ca7080b
2026-06-27T03:15:58+09:00,added,n763c9b7d5b4c,m30a248399fe0
2026-06-27T13:20:46+09:00,added,n8c8e15798401,m6d4a1b90798a
2026-06-27T19:15:22+09:00,added,n763c9b7d5b4c,mf2d7c09eeca9
2026-06-27T19:15:22+09:00,added,n763c9b7d5b4c,m54c3e22e02f7
2026-06-27T19:15:22+09:00,added,n763c9b7d5b4c,m6d3400fb7014
2026-06-27T22:24:39+09:00,added,ncad344df8eb8,m9186cf842d83
2026-06-27T22:24:39+09:00,added,ncad344df8eb8,m1b265f22871b
2026-06-27T22:24:39+09:00,added,ncad344df8eb8,m54b2ccd56b12
2026-06-28T13:44:55+09:00,added,ncad344df8eb8,m5c87df568874
2026-06-28T19:40:19+09:00,added,n3993803ed949,maa5a2a7f67c6
2026-06-28T22:30:51+09:00,added,naf5e86b95616,m9186cf842d83
2026-06-28T22:30:51+09:00,added,naf5e86b95616,m1b265f22871b
2026-06-28T22:30:51+09:00,added,naf5e86b95616,m54b2ccd56b12
2026-06-28T22:30:51+09:00,added,ncad344df8eb8,m557b8df5b5d7
2026-06-29T14:04:48+09:00,added,n3993803ed949,m83b0e4ce814d
2026-07-01T17:46:14+09:00,added,naf5e86b95616,m7de26e2e10de
2026-07-01T23:29:41+09:00,added,ncad344df8eb8,me3c1530749d9
2026-07-02T03:27:39+09:00,added,ncad344df8eb8,m30a248399fe0
2026-07-02T22:50:39+09:00,added,naa84313fdee8,m9186cf842d83
2026-07-03T06:29:54+09:00,added,naa84313fdee8,m83b0e4ce814d
2026-07-04T13:08:46+09:00,added,nb6cf9fbc9dbb,m7e72b0b37154
2026-07-04T22:20:34+09:00,added,nd873fb4fc550,m9186cf842d83
2026-07-04T22:20:34+09:00,added,nd873fb4fc550,m1b265f22871b
2026-07-04T22:20:34+09:00,added,nd873fb4fc550,m49e684e1d830
2026-07-04T22:20:34+09:00,added,ncad344df8eb8,mef3e6ed657c6
2026-07-05T02:37:50+09:00,added,nd873fb4fc550,m83b0e4ce814d
2026-07-05T02:37:50+09:00,added,nd873fb4fc550,m992d6f54ad96
2026-07-05T02:37:50+09:00,added,nd873fb4fc550,m210eaca5f035
2026-07-05T02:37:50+09:00,added,nd873fb4fc550,me5481b3218cd
2026-07-05T02:37:50+09:00,added,nd873fb4fc550,m6d69812caeed
2026-07-05T02:37:50+09:00,added,naa84313fdee8,m30a248399fe0
2026-07-05T02:37:50+09:00,added,naf5e86b95616,m30a248399fe0
2026-07-05T13:28:14+09:00,added,nd873fb4fc550,mcc9cad7ba862
2026-07-05T13:28:14+09:00,added,nd873fb4fc550,m6484622342c0
2026-07-05T17:01:19+09:00,added,nd873fb4fc550,mc08cb4916e00
2026-07-05T19:28:16+09:00,added,nd873fb4fc550,mf2d7c09eeca9
2026-07-05T19:28:16+09:00,added,nd873fb4fc550,m7ae6f1512188
2026-07-05T22:29:40+09:00,added,nd873fb4fc550,m53ec9c68032b
2026-07-06T02:42:08+09:00,added,nd873fb4fc550,m6463046852a4
2026-07-08T03:31:12+09:00,added,nd873fb4fc550,m7e72b0b37154
2026-07-08T22:50:55+09:00,added,n13b894492c74,m9186cf842d83
2026-07-08T22:50:55+09:00,added,n13b894492c74,m83b0e4ce814d
2026-07-09T06:32:42+09:00,added,n13b894492c74,m6463046852a4
2026-07-09T23:52:20+09:00,added,nb458a6d73ad7,m9186cf842d83
2026-07-09T23:52:20+09:00,added,nb458a6d73ad7,m83b0e4ce814d
2026-07-09T23:52:20+09:00,added,nb458a6d73ad7,mb0d35701b405
2026-07-09T23:52:20+09:00,added,n13b894492c74,mf2d7c09eeca9
2026-07-09T23:52:20+09:00,added,n13b894492c74,m54c3e22e02f7
2026-07-10T13:21:44+09:00,added,nd873fb4fc550,m7de26e2e10de
2026-07-10T20:08:59+09:00,added,nb458a6d73ad7,mf2d7c09eeca9
2026-07-10T20:08:59+09:00,added,nb458a6d73ad7,m54c3e22e02f7
2026-07-10T23:18:39+09:00,added,nd873fb4fc550,mcdf4ee972bd9
2026-07-10T23:18:39+09:00,added,nb458a6d73ad7,mcdf4ee972bd9
2026-07-11T18:39:33+09:00,added,nd873fb4fc550,m4aeb36de2c8d
2026-07-11T22:15:01+09:00,added,n708dbb899be1,m9186cf842d83
2026-07-11T22:15:01+09:00,added,n708dbb899be1,m16384598a49a
2026-07-12T12:58:11+09:00,added,nd873fb4fc550,me50627303786
2026-07-12T12:58:11+09:00,added,n708dbb899be1,m83b0e4ce814d
2026-07-12T12:58:11+09:00,added,nb458a6d73ad7,me3c1530749d9
2026-07-12T16:09:19+09:00,added,n708dbb899be1,mc8c4a0b255ad
2026-07-12T19:08:06+09:00,added,n708dbb899be1,mcf500208b8d9
2026-07-12T22:17:06+09:00,added,n708dbb899be1,m2ff833e36575
2026-07-13T02:30:52+09:00,added,n708dbb899be1,m5c9c88eb4983
2026-07-13T13:01:18+09:00,added,n708dbb899be1,m54b2ccd56b12
2026-07-13T23:23:04+09:00,added,n6c13d41b1763,m9186cf842d83
2026-07-13T23:23:04+09:00,added,n6c13d41b1763,m662b3185f860
2026-07-13T23:23:04+09:00,added,n6c13d41b1763,m4aeb36de2c8d
2026-07-13T23:23:04+09:00,added,n708dbb899be1,m7afa428d1412
2026-07-13T23:23:04+09:00,added,n708dbb899be1,m48f2da6384f9
2026-07-14T03:26:21+09:00,added,n708dbb899be1,m30a248399fe0
2026-07-14T12:21:04+09:00,added,n6c13d41b1763,m11881a67a893
2026-07-14T12:21:04+09:00,added,n6c13d41b1763,m3ed4b0ea704e
2026-07-14T12:21:04+09:00,added,n6c13d41b1763,m862869c2ff9e
2026-07-14T12:21:04+09:00,added,n6c13d41b1763,m53a3c3b5d431
2026-07-14T12:21:04+09:00,added,n6c13d41b1763,m6c21ad4983da
2026-07-14T12:21:04+09:00,added,n6c13d41b1763,m7dfb2f05ab33
2026-07-14T12:21:04+09:00,added,n6c13d41b1763,mcfaf5355cb0d
2026-07-14T19:09:42+09:00,added,nd873fb4fc550,mcf500208b8d9
2026-07-15T02:45:19+09:00,added,nb458a6d73ad7,md9368566ac59
2026-07-15T15:49:52+09:00,added,nb458a6d73ad7,m7de26e2e10de
2026-07-15T22:32:32+09:00,added,n6c13d41b1763,mf2d7c09eeca9
2026-07-15T22:32:32+09:00,added,n6c13d41b1763,m54c3e22e02f7
2026-07-15T22:32:32+09:00,added,n708dbb899be1,m54c3e22e02f7
2026-07-15T22:32:32+09:00,added,n708dbb899be1,mf2d7c09eeca9
2026-07-16T02:48:43+09:00,added,n6c13d41b1763,me50627303786
2026-07-16T12:43:12+09:00,added,n6c13d41b1763,mcf500208b8d9
2026-07-16T12:43:12+09:00,added,nb458a6d73ad7,m18c09c59705e
2026-07-16T12:43:12+09:00,added,nb458a6d73ad7,m1be7ce2dd479
2026-07-16T19:20:06+09:00,added,n6c13d41b1763,mc08cb4916e00
2026-07-18T18:39:49+09:00,added,nd873fb4fc550,md33c43d62052
2026-07-18T18:39:49+09:00,added,nd873fb4fc550,mc4ce378cb7b9
2026-07-19T02:27:54+09:00,added,nd873fb4fc550,m54b2ccd56b12
2026-07-19T22:13:27+09:00,added,nfb784b92e061,m779787995507
2026-07-20T02:29:50+09:00,added,n6c13d41b1763,mcdf4ee972bd9
2026-07-20T02:29:50+09:00,added,n6c32857d3b72,m4eb56c8bcbc2
2026-07-20T16:21:56+09:00,added,n708dbb899be1,m0485f8d77aa8
2026-07-20T16:21:56+09:00,added,n6c32857d3b72,m26d93ca7080b
2026-07-20T23:10:39+09:00,added,nd59f060ecb2a,m9186cf842d83
2026-07-20T23:10:39+09:00,added,nd59f060ecb2a,m662b3185f860
2026-07-20T23:10:39+09:00,added,nd59f060ecb2a,m4aeb36de2c8d
2026-07-20T23:10:39+09:00,added,nd59f060ecb2a,m83b0e4ce814d
2026-07-21T19:40:35+09:00,added,nd59f060ecb2a,me50627303786
2026-07-21T19:40:35+09:00,added,nd59f060ecb2a,m30a248399fe0
2026-07-22T02:54:11+09:00,added,nb458a6d73ad7,m6463046852a4
2026-07-22T06:34:49+09:00,added,nd59f060ecb2a,m26d93ca7080b
2026-07-22T12:47:45+09:00,added,nd59f060ecb2a,mf2d7c09eeca9
2026-07-22T12:47:45+09:00,added,nd59f060ecb2a,m54c3e22e02f7
2026-07-22T19:40:15+09:00,added,nd59f060ecb2a,mcf500208b8d9
2026-07-22T22:44:49+09:00,added,nd858421ffd8b,m9186cf842d83
2026-07-22T22:44:49+09:00,added,nd858421ffd8b,m4aeb36de2c8d
2026-07-23T02:52:56+09:00,added,nd858421ffd8b,m0c6558a38ac9
2026-07-23T02:52:56+09:00,added,nd858421ffd8b,m30a248399fe0
2026-07-23T16:04:38+09:00,added,nd858421ffd8b,m7de26e2e10de
2026-07-23T22:47:07+09:00,added,nb05a307a67b5,m9186cf842d83
2026-07-23T22:47:07+09:00,added,nb05a307a67b5,m662b3185f860
2026-07-23T22:47:07+09:00,added,nb05a307a67b5,m4aeb36de2c8d
2026-07-23T22:47:07+09:00,added,nb05a307a67b5,m83b0e4ce814d
2026-07-23T22:47:07+09:00,added,nb05a307a67b5,m48b884abb9d9
2026-07-23T22:47:07+09:00,added,nd858421ffd8b,m54c3e22e02f7
2026-07-23T22:47:07+09:00,added,nd858421ffd8b,mf2d7c09eeca9
2026-07-23T22:47:07+09:00,added,nd858421ffd8b,m5e4919cf713c
2026-07-24T16:01:17+09:00,added,nb05a307a67b5,m7e72b0b37154
2026-07-24T19:32:17+09:00,added,nb05a307a67b5,m54c3e22e02f7
2026-07-24T19:32:17+09:00,added,nb05a307a67b5,mf2d7c09eeca9
2026-07-24T22:40:11+09:00,added,nd858421ffd8b,mef3e6ed657c6
2026-07-25T12:47:40+09:00,added,nb05a307a67b5,m7c6250436755
2026-07-25T15:51:44+09:00,added,nb05a307a67b5,m1bd9f36ee13c
2026-07-25T18:52:06+09:00,added,nd873fb4fc550,mcfb504b2261b
2026-07-27T20:28:42+09:00,added,nb05a307a67b5,m30a248399fe0
2026-07-28T03:14:07+09:00,added,nb05a307a67b5,mcf500208b8d9
2026-07-28T06:35:41+09:00,added,n1f162ee23813,m8de28bcde1bf
2026-07-28T12:24:11+09:00,added,nb05a307a67b5,m8de28bcde1bf
2026-07-28T12:24:11+09:00,added,nd858421ffd8b,ma5bd9f7c40cf
2026-07-28T12:24:11+09:00,added,nd858421ffd8b,m651aaa4e52a9
2026-07-28T12:24:11+09:00,added,nd858421ffd8b,mcf500208b8d9
2026-07-28T19:48:54+09:00,added,nd858421ffd8b,m8de28bcde1bf
2026-07-28T22:53:03+09:00,added,n229cff3a0a01,m9186cf842d83
2026-07-28T22:53:03+09:00,added,n229cff3a0a01,m662b3185f860
2026-07-28T22:53:03+09:00,added,n229cff3a0a01,m4aeb36de2c8d
2026-07-28T22:53:03+09:00,added,n229cff3a0a01,m531dee90a84a
2026-07-28T22:53:03+09:00,added,n229cff3a0a01,m54b2ccd56b12
2026-07-28T22:53:03+09:00,added,n229cff3a0a01,m7c6250436755
2026-07-29T06:34:20+09:00,added,nb05a307a67b5,m4eb56c8bcbc2
2026-07-29T12:44:25+09:00,added,n229cff3a0a01,m7e72b0b37154
2026-07-29T12:44:25+09:00,added,n229cff3a0a01,m349b3be90eb0
2026-07-29T12:44:25+09:00,added,n229cff3a0a01,mdbf1f88c8d0d
2026-07-29T12:44:25+09:00,added,n229cff3a0a01,m862869c2ff9e
2026-07-29T12:44:25+09:00,added,n229cff3a0a01,m53a3c3b5d431
2026-07-29T23:08:20+09:00,added,n229cff3a0a01,mf2d7c09eeca9
2026-07-29T23:08:20+09:00,added,n229cff3a0a01,m54c3e22e02f7
2026-07-29T23:08:20+09:00,added,nb05a307a67b5,m26d93ca7080b
2026-07-29T23:08:20+09:00,added,nb05a307a67b5,m16384598a49a
2026-07-29T23:08:20+09:00,added,nb05a307a67b5,m151bdf74d66d
2026-07-30T19:36:06+09:00,added,n229cff3a0a01,m30a248399fe0
2026-08-01T16:05:20+09:00,added,nd59f060ecb2a,m18c09c59705e
2026-08-01T22:17:25+09:00,added,n242d0c1b5374,m9186cf842d83
2026-08-01T22:17:25+09:00,added,n242d0c1b5374,m662b3185f860
2026-08-01T22:17:25+09:00,added,n242d0c1b5374,m4aeb36de2c8d
2026-08-01T22:17:25+09:00,added,n242d0c1b5374,m83b0e4ce814d
2026-08-02T02:33:09+09:00,added,n06f2796af2ce,m4eb56c8bcbc2
2026-08-03T13:01:17+09:00,added,n2abee5e04c9c,me50627303786
2026-08-03T13:01:17+09:00,added,n2abee5e04c9c,m83b0e4ce814d
2026-08-03T13:01:17+09:00,added,n2abee5e04c9c,m6ff3417d7d3c
2026-08-03T17:05:24+09:00,added,n2abee5e04c9c,m5ff00c6a2d49
2026-08-03T17:05:24+09:00,added,n2abee5e04c9c,mde4c96ef2f7a
2026-08-06T06:33:48+09:00,added,n242d0c1b5374,m862869c2ff9e
2026-08-06T06:33:48+09:00,added,n242d0c1b5374,m53a3c3b5d431
2026-08-06T06:33:48+09:00,added,n242d0c1b5374,m349b3be90eb0
2026-08-06T06:33:48+09:00,added,n242d0c1b5374,m11881a67a893
2026-08-06T06:33:48+09:00,added,n242d0c1b5374,m7dfb2f05ab33
2026-08-06T06:33:48+09:00,added,n242d0c1b5374,mefb73227c372
2026-08-06T12:41:35+09:00,added,n2abee5e04c9c,mcdf4ee972bd9
2026-08-06T12:41:35+09:00,added,n2abee5e04c9c,m7de26e2e10de
2026-08-07T22:05:43+09:00,added,ne5f00b0fab89,m68e1fbded795
2026-08-07T22:05:43+09:00,added,ne5f00b0fab89,m9186cf842d83
2026-08-07T22:05:43+09:00,added,ne5f00b0fab89,m4aeb36de2c8d
2026-08-07T22:05:43+09:00,added,ne5f00b0fab89,me50627303786
2026-08-08T02:25:43+09:00,added,ne5f00b0fab89,m83b0e4ce814d
2026-08-08T02:25:43+09:00,added,nfdb51c977877,me759d1c27fae
2026-08-09T17:55:16+09:00,added,ne5f00b0fab89,mf2d7c09eeca9
2026-08-09T17:55:16+09:00,added,ne5f00b0fab89,m54c3e22e02f7
2026-08-09T17:55:16+09:00,added,n618decbcc90d,m4eb56c8bcbc2
2026-08-09T17:55:16+09:00,added,n618decbcc90d,m965e76ed1a02
2026-08-09T17:55:16+09:00,added,n618decbcc90d,mc08cb4916e00
2026-08-09T21:53:05+09:00,added,n877c3f0a5066,m9186cf842d83
2026-08-09T21:53:05+09:00,added,n877c3f0a5066,m662b3185f860
2026-08-09T21:53:05+09:00,added,n877c3f0a5066,m4aeb36de2c8d
2026-08-09T21:53:05+09:00,added,n877c3f0a5066,m83b0e4ce814d
2026-08-10T11:41:00+09:00,added,n877c3f0a5066,m8de28bcde1bf
2026-08-10T15:08:11+09:00,added,nf1982f6b5790,m5859f3e37b5f
2026-08-10T18:32:39+09:00,added,n877c3f0a5066,m54c3e22e02f7
2026-08-10T18:32:39+09:00,added,n877c3f0a5066,mf2d7c09eeca9
2026-08-10T22:07:44+09:00,added,ncb752fc29fb8,m9186cf842d83
2026-08-10T22:07:44+09:00,added,ncb752fc29fb8,m662b3185f860
2026-08-10T22:07:44+09:00,added,ncb752fc29fb8,m4aeb36de2c8d
2026-08-10T22:07:44+09:00,added,ncb752fc29fb8,maed3992edfb5
2026-08-10T22:07:44+09:00,added,ncb752fc29fb8,m83b0e4ce814d
2026-08-10T22:07:44+09:00,added,ncb752fc29fb8,m54b2ccd56b12
2026-08-11T02:26:09+09:00,added,ncb752fc29fb8,m6ff3417d7d3c
2026-08-11T02:26:09+09:00,added,ncb752fc29fb8,mde4c96ef2f7a
2026-08-11T02:26:09+09:00,added,ncb752fc29fb8,m7c6250436755
2026-08-11T11:35:46+09:00,added,n877c3f0a5066,m6463046852a4
2026-08-12T02:30:14+09:00,added,ncb752fc29fb8,m531dee90a84a
2026-08-13T11:57:25+09:00,added,ncb752fc29fb8,m54c3e22e02f7
2026-08-13T11:57:25+09:00,added,ncb752fc29fb8,mf2d7c09eeca9
2026-08-13T22:11:20+09:00,removed,ncad344df8eb8,m5c87df568874
2026-08-13T22:11:20+09:00,removed,nf9aed028fbc4,m5c87df568874
2026-08-13T22:11:20+09:00,removed,ncbe23217f78d,m5c87df568874
2026-08-13T22:11:20+09:00,removed,n3993803ed949,m5c87df568874
2026-08-13T22:11:20+09:00,removed,ne218884f2907,m5c87df568874
2026-08-13T22:11:20+09:00,removed,nf1982f6b5790,m5c87df568874
2026-08-15T21:43:05+09:00,added,n8af3bbcf083f,m9186cf842d83
2026-08-15T21:43:05+09:00,added,n8af3bbcf083f,m4aeb36de2c8d
2026-08-15T21:43:05+09:00,added,n8af3bbcf083f,m7ffeddfdfb3c
2026-08-16T01:58:20+09:00,removed,nd873fb4fc550,m49e684e1d830
2026-08-16T01:58:20+09:00,added,n8af3bbcf083f,m7c6250436755
2026-08-16T05:47:25+09:00,added,n8af3bbcf083f,m30a248399fe0
2026-08-16T05:47:25+09:00,added,n8af3bbcf083f,m83b0e4ce814d
2026-08-16T05:47:25+09:00,added,ne5f00b0fab89,m30a248399fe0
2026-08-16T11:12:59+09:00,added,n8af3bbcf083f,m5859f3e37b5f
2026-08-16T11:12:59+09:00,added,n8af3bbcf083f,m54b2ccd56b12
2026-08-17T01:59:49+09:00,added,n8af3bbcf083f,m6ff3417d7d3c
2026-08-17T14:20:31+09:00,added,n8af3bbcf083f,m531dee90a84a
2026-08-17T21:46:45+09:00,added,n8af3bbcf083f,m6463046852a4
2026-08-19T05:51:46+09:00,added,n8af3bbcf083f,mc46d0bdd74a9
2026-08-19T05:51:46+09:00,added,n8af3bbcf083f,mb6fdd52683d6
2026-08-19T05:51:46+09:00,added,n8af3bbcf083f,m1c85d4931804
2026-08-19T05:51:46+09:00,added,n8af3bbcf083f,m278d9869816c
2026-08-19T11:08:20+09:00,added,n8af3bbcf083f,m432831006c95
2026-08-19T17:50:54+09:00,added,n877c3f0a5066,me50627303786
2026-08-19T21:47:40+09:00,added,nd5c8cfebe4c1,m9186cf842d83
2026-08-19T21:47:40+09:00,added,nd5c8cfebe4c1,m662b3185f860
2026-08-19T21:47:40+09:00,added,nd5c8cfebe4c1,m4aeb36de2c8d
2026-08-19T21:47:40+09:00,added,nd5c8cfebe4c1,maed3992edfb5
2026-08-19T21:47:40+09:00,added,nd5c8cfebe4c1,m54c3e22e02f7
2026-08-19T21:47:40+09:00,added,nd5c8cfebe4c1,mf2d7c09eeca9
2026-08-19T21:47:40+09:00,added,nd5c8cfebe4c1,m11881a67a893
2026-08-19T21:47:40+09:00,added,nd5c8cfebe4c1,mdbf1f88c8d0d
2026-08-19T21:47:40+09:00,added,nd5c8cfebe4c1,m53a3c3b5d431
2026-08-19T21:47:40+09:00,added,nd5c8cfebe4c1,m862869c2ff9e
2026-08-19T21:47:40+09:00,added,nd5c8cfebe4c1,m7c6250436755
2026-08-19T21:47:40+09:00,added,n8af3bbcf083f,mdfe1a49acaf3
2026-08-19T21:47:40+09:00,added,n8af3bbcf083f,mc311c8aba7e2
2026-08-19T21:47:40+09:00,added,n8af3bbcf083f,mca2c344a0f50
2026-08-19T21:47:40+09:00,added,n8af3bbcf083f,mf7c9271b4e5e
2026-08-19T21:47:40+09:00,added,n8af3bbcf083f,m2c2abcaf45bd
2026-08-19T21:47:40+09:00,added,n8af3bbcf083f,m1661c964eec9
2026-08-19T21:47:40+09:00,added,n8af3bbcf083f,m74b154cd7893
2026-08-19T21:47:40+09:00,added,n8af3bbcf083f,m559fa39e9163
2026-08-20T06:03:47+09:00,added,nd5c8cfebe4c1,m83b0e4ce814d
2026-08-20T22:33:38+09:00,added,n72396e629212,m9186cf842d83
2026-08-20T22:33:38+09:00,added,n72396e629212,m1b265f22871b
2026-08-20T22:33:38+09:00,added,n72396e629212,m54b2ccd56b12
2026-08-20T22:33:38+09:00,added,n72396e629212,m18bbc62ac6eb
2026-08-20T22:33:38+09:00,added,n72396e629212,m5fa91e4af0ed
2026-08-20T22:33:38+09:00,added,n72396e629212,me50627303786
2026-08-20T22:33:38+09:00,added,nc13ed026132b,m9186cf842d83
2026-08-20T22:33:38+09:00,added,nc13ed026132b,m662b3185f860
2026-08-20T22:33:38+09:00,added,nc13ed026132b,me50627303786
2026-08-20T22:33:38+09:00,added,nc13ed026132b,m18bbc62ac6eb
2026-08-20T22:33:38+09:00,added,nc13ed026132b,m5fa91e4af0ed
2026-08-20T22:33:38+09:00,added,nfa3e7f5f35dd,m9186cf842d83
2026-08-20T22:33:38+09:00,added,nfa3e7f5f35dd,me50627303786
2026-08-20T22:33:38+09:00,added,nfa3e7f5f35dd,m16384598a49a
2026-08-20T22:33:38+09:00,added,nfa3e7f5f35dd,m18bbc62ac6eb
2026-08-20T22:33:38+09:00,added,nfa3e7f5f35dd,m651aaa4e52a9
2026-08-20T22:33:38+09:00,added,nfa3e7f5f35dd,ma5bd9f7c40cf
2026-08-20T22:33:38+09:00,added,nfa3e7f5f35dd,m98ea5617eb37
2026-08-20T22:33:38+09:00,added,nfa3e7f5f35dd,m7e72b0b37154
2026-08-20T22:33:38+09:00,added,necf8c83a45ce,m9186cf842d83
2026-08-20T22:33:38+09:00,added,necf8c83a45ce,m662b3185f860
2026-08-20T22:33:38+09:00,added,necf8c83a45ce,m1b265f22871b
2026-08-20T22:33:38+09:00,added,necf8c83a45ce,m18bbc62ac6eb
2026-08-20T22:33:38+09:00,added,necf8c83a45ce,m18c09c59705e
2026-08-20T22:33:38+09:00,added,necf8c83a45ce,me50627303786
2026-08-20T22:33:38+09:00,added,necf8c83a45ce,m1925598ad8ee
2026-08-20T22:33:38+09:00,added,necf8c83a45ce,m30a248399fe0
2026-08-20T22:33:38+09:00,added,n0d6d38bb51dd,m9186cf842d83
2026-08-20T22:33:38+09:00,added,n0d6d38bb51dd,m662b3185f860
2026-08-20T22:33:38+09:00,added,n0d6d38bb51dd,me50627303786
2026-08-20T22:33:38+09:00,added,n0d6d38bb51dd,m6ff3417d7d3c
2026-08-20T22:33:38+09:00,added,n0d6d38bb51dd,m731502c13283
2026-08-20T22:33:38+09:00,added,n0d6d38bb51dd,m5fa91e4af0ed
2026-08-20T22:33:38+09:00,added,n0d6d38bb51dd,m862869c2ff9e
2026-08-20T22:33:38+09:00,added,n0d6d38bb51dd,m53a3c3b5d431
2026-08-20T22:33:38+09:00,added,n0d6d38bb51dd,m3ed4b0ea704e
2026-08-20T22:33:38+09:00,added,n0d6d38bb51dd,m349b3be90eb0
2026-08-20T22:33:38+09:00,added,n0d6d38bb51dd,m11881a67a893
2026-08-20T22:33:38+09:00,added,n0d6d38bb51dd,m3b898a691902
2026-08-20T22:33:38+09:00,added,n0d6d38bb51dd,mefb73227c372
2026-08-20T22:33:38+09:00,added,n0d6d38bb51dd,m6c21ad4983da
2026-08-20T22:33:38+09:00,added,n0d6d38bb51dd,m7dfb2f05ab33
2026-08-20T22:33:38+09:00,added,n0d6d38bb51dd,mdbf1f88c8d0d
2026-08-20T22:33:38+09:00,added,n0d6d38bb51dd,m18bbc62ac6eb
2026-08-20T22:33:38+09:00,added,n0d6d38bb51dd,mef3e6ed657c6
2026-08-20T22:33:38+09:00,added,nb31b29bd6caf,m9186cf842d83
2026-08-20T22:33:38+09:00,added,nb31b29bd6caf,m662b3185f860
2026-08-20T22:33:38+09:00,added,nb31b29bd6caf,m54b2ccd56b12
2026-08-20T22:33:38+09:00,added,nb31b29bd6caf,m18bbc62ac6eb
2026-08-20T22:33:38+09:00,added,nb31b29bd6caf,m0921d4d120a8
2026-08-20T22:33:38+09:00,added,nb31b29bd6caf,m5fa91e4af0ed
2026-08-20T22:33:38+09:00,added,nb31b29bd6caf,m16384598a49a
2026-08-20T22:33:38+09:00,added,nb31b29bd6caf,m7e72b0b37154
2026-08-20T22:33:38+09:00,added,n10c81b4f1246,m9186cf842d83
2026-08-20T22:33:38+09:00,added,n10c81b4f1246,m48b884abb9d9
2026-08-20T22:33:38+09:00,added,nf3a446214ec5,m1b1a035ad15b
2026-08-20T22:33:38+09:00,added,nf3a446214ec5,m9186cf842d83
2026-08-20T22:33:38+09:00,added,nf3a446214ec5,m1b265f22871b
2026-08-20T22:33:38+09:00,added,nf3a446214ec5,m16384598a49a
2026-08-20T22:33:38+09:00,added,nf3a446214ec5,m6484622342c0
2026-08-20T22:33:38+09:00,added,nf3a446214ec5,m54b2ccd56b12
2026-08-20T22:33:38+09:00,added,nf3a446214ec5,m18bbc62ac6eb
2026-08-20T22:33:38+09:00,added,nf3a446214ec5,me50627303786
2026-08-20T22:33:38+09:00,added,nf3a446214ec5,m0921d4d120a8
2026-08-20T22:33:38+09:00,added,nf3a446214ec5,m7e72b0b37154
2026-08-20T22:33:38+09:00,added,nf3a446214ec5,m5fa91e4af0ed
2026-08-20T22:33:38+09:00,added,n2e9bd45f2b57,m68e1fbded795
2026-08-20T22:33:38+09:00,added,n2e9bd45f2b57,m9186cf842d83
2026-08-20T22:33:38+09:00,added,n2e9bd45f2b57,m54b2ccd56b12
2026-08-20T22:33:38+09:00,added,n2e9bd45f2b57,m16384598a49a
2026-08-20T22:33:38+09:00,added,n2e9bd45f2b57,m18bbc62ac6eb
2026-08-20T22:33:38+09:00,added,n2e9bd45f2b57,md1868a762043
2026-08-20T22:33:38+09:00,added,n2e9bd45f2b57,m5e73b64286c2
2026-08-20T22:33:38+09:00,added,n2e9bd45f2b57,me50627303786
2026-08-20T22:33:38+09:00,added,n2e9bd45f2b57,m0921d4d120a8
2026-08-20T22:33:38+09:00,added,n2e9bd45f2b57,m5fa91e4af0ed
2026-08-20T22:33:38+09:00,added,n576e0166a51b,md50e45017b9f
2026-08-20T22:33:38+09:00,added,n576e0166a51b,m9186cf842d83
2026-08-20T22:33:38+09:00,added,n576e0166a51b,mcdf4ee972bd9
2026-08-20T22:33:38+09:00,added,n576e0166a51b,mde4c96ef2f7a
2026-08-20T22:33:38+09:00,added,n576e0166a51b,mbc6437030dd2
2026-08-20T22:33:38+09:00,added,n576e0166a51b,m48b884abb9d9
2026-08-20T22:33:38+09:00,added,n576e0166a51b,m6d3400fb7014
2026-08-20T22:33:38+09:00,added,n576e0166a51b,m18bbc62ac6eb
2026-08-20T22:33:38+09:00,added,n576e0166a51b,m5fa91e4af0ed
2026-08-20T22:33:38+09:00,added,n576e0166a51b,me50627303786
2026-08-20T22:33:38+09:00,added,n576e0166a51b,m5e73b64286c2
2026-08-20T22:33:38+09:00,added,n576e0166a51b,m7e72b0b37154
2026-08-20T22:33:38+09:00,added,n618decbcc90d,m9186cf842d83
2026-08-20T22:33:38+09:00,added,n618decbcc90d,m662b3185f860
2026-08-20T22:33:38+09:00,added,n618decbcc90d,m7e72b0b37154
2026-08-20T22:33:38+09:00,added,n618decbcc90d,mcdf4ee972bd9
2026-08-20T22:33:38+09:00,added,n618decbcc90d,m54b2ccd56b12
2026-08-20T22:33:38+09:00,added,n618decbcc90d,me50627303786
2026-08-20T22:33:38+09:00,added,n618decbcc90d,m349b3be90eb0
2026-08-20T22:33:38+09:00,added,n618decbcc90d,m53a3c3b5d431
2026-08-20T22:33:38+09:00,added,n618decbcc90d,m11881a67a893
2026-08-20T22:33:38+09:00,added,n618decbcc90d,mf2abfea66ec7
2026-08-20T22:33:38+09:00,added,n618decbcc90d,m862869c2ff9e
2026-08-20T22:33:38+09:00,added,n618decbcc90d,mdbf1f88c8d0d
2026-08-20T22:33:38+09:00,added,n618decbcc90d,m151bdf74d66d
2026-08-20T22:33:38+09:00,added,n618decbcc90d,m6d3400fb7014
2026-08-20T22:33:38+09:00,added,n618decbcc90d,mde4c96ef2f7a
2026-08-20T22:33:38+09:00,added,n618decbcc90d,m5e73b64286c2
2026-08-20T22:33:38+09:00,added,n618decbcc90d,m18c09c59705e
2026-08-20T22:33:38+09:00,added,n618decbcc90d,m5fa91e4af0ed
2026-08-20T22:33:38+09:00,added,n618decbcc90d,m16384598a49a
2026-08-20T22:33:38+09:00,added,n618decbcc90d,m26d93ca7080b
2026-08-20T22:33:38+09:00,added,n618decbcc90d,m6484622342c0
2026-08-20T22:33:38+09:00,added,n618decbcc90d,m4eb56c8bcbc2
2026-08-20T22:33:38+09:00,added,n618decbcc90d,m965e76ed1a02
2026-08-20T22:33:38+09:00,added,n618decbcc90d,mc08cb4916e00
2026-08-20T22:33:38+09:00,added,nae05cea8e925,m68e1fbded795
2026-08-20T22:33:38+09:00,added,nae05cea8e925,m9186cf842d83
2026-08-20T22:33:38+09:00,added,nae05cea8e925,m54b2ccd56b12
2026-08-20T22:33:38+09:00,added,nae05cea8e925,m5fa91e4af0ed
2026-08-20T22:33:38+09:00,added,nae05cea8e925,mfa4dbb02c352
2026-08-20T22:33:38+09:00,added,nae05cea8e925,m6d3400fb7014
2026-08-20T22:33:38+09:00,added,nae05cea8e925,m6ff3417d7d3c
2026-08-20T22:33:38+09:00,added,n1d74551f37e5,m9186cf842d83
2026-08-20T22:33:38+09:00,added,n1d74551f37e5,m662b3185f860
2026-08-20T22:33:38+09:00,added,n1d74551f37e5,m79677b03ac7a
2026-08-20T22:33:38+09:00,added,n1d74551f37e5,m18c09c59705e
2026-08-20T22:33:38+09:00,added,n1d74551f37e5,m0102f820d986
2026-08-20T22:33:38+09:00,added,n1d74551f37e5,m1be7ce2dd479
2026-08-20T22:33:38+09:00,added,n1d74551f37e5,m5fa91e4af0ed
2026-08-20T22:33:38+09:00,added,n1d74551f37e5,m7b454ccb8c26
2026-08-20T22:33:38+09:00,added,n1d74551f37e5,me50627303786
2026-08-20T22:33:38+09:00,added,n1d74551f37e5,m26d93ca7080b
2026-08-20T22:33:38+09:00,added,n1d74551f37e5,m7e72b0b37154
2026-08-20T22:33:38+09:00,added,n1d74551f37e5,md1868a762043
2026-08-20T22:33:38+09:00,added,n2ae1c4769e8a,m68e1fbded795
2026-08-20T22:33:38+09:00,added,n2ae1c4769e8a,m9186cf842d83
2026-08-20T22:33:38+09:00,added,n2ae1c4769e8a,m54b2ccd56b12
2026-08-20T22:33:38+09:00,added,n2ae1c4769e8a,me50627303786
2026-08-20T22:33:38+09:00,added,ndd8893f6de76,m9186cf842d83
2026-08-20T22:33:38+09:00,added,ndd8893f6de76,me50627303786
2026-08-20T22:33:38+09:00,added,ndd8893f6de76,m5fa91e4af0ed
2026-08-20T22:33:38+09:00,added,ndd8893f6de76,m6463046852a4
2026-08-20T22:33:38+09:00,added,ndd8893f6de76,mef3e6ed657c6
2026-08-20T22:33:38+09:00,added,n86f4bac75d05,m9186cf842d83
2026-08-20T22:33:38+09:00,added,n86f4bac75d05,m54b2ccd56b12
2026-08-20T22:33:38+09:00,added,n86f4bac75d05,m6d3400fb7014
2026-08-20T22:33:38+09:00,added,n86f4bac75d05,me50627303786
2026-08-20T22:33:38+09:00,added,n86f4bac75d05,m5fa91e4af0ed
2026-08-20T22:33:38+09:00,added,nc65df63fb6b0,m9186cf842d83
2026-08-20T22:33:38+09:00,added,nc65df63fb6b0,m54b2ccd56b12
2026-08-20T22:33:38+09:00,added,nc65df63fb6b0,me50627303786
2026-08-20T22:33:38+09:00,added,nc65df63fb6b0,m6d3400fb7014
2026-08-20T22:33:38+09:00,added,nc65df63fb6b0,m5e73b64286c2
2026-08-20T22:33:38+09:00,added,nc65df63fb6b0,mfc9d03c23504
2026-08-20T22:33:38+09:00,added,n0691f2b95fd1,m9186cf842d83
2026-08-20T22:33:38+09:00,added,n0691f2b95fd1,m662b3185f860
2026-08-20T22:33:38+09:00,added,n0691f2b95fd1,me50627303786
2026-08-20T22:33:38+09:00,added,n0691f2b95fd1,m3e02f69f0d66
2026-08-20T22:33:38+09:00,added,n0691f2b95fd1,m54b2ccd56b12
2026-08-20T22:33:38+09:00,added,n0691f2b95fd1,m6463046852a4
2026-08-20T22:33:38+09:00,added,n0691f2b95fd1,m1925598ad8ee
2026-08-20T22:33:38+09:00,added,n83603357b279,m9186cf842d83
2026-08-20T22:33:38+09:00,added,n83603357b279,m662b3185f860
2026-08-20T22:33:38+09:00,added,n83603357b279,me50627303786
2026-08-20T22:33:38+09:00,added,n83603357b279,m04367e7cf8fa
2026-08-20T22:33:38+09:00,added,n83603357b279,m6463046852a4
2026-08-20T22:33:38+09:00,added,n83603357b279,m731502c13283
2026-08-20T22:33:38+09:00,added,n83603357b279,m7e72b0b37154
2026-08-20T22:33:38+09:00,added,n83603357b279,m48eb9e18dfde
2026-08-20T22:33:38+09:00,added,n83603357b279,m5e73b64286c2
2026-08-20T22:33:38+09:00,added,n83603357b279,mc6c13443e264
2026-08-20T22:33:38+09:00,added,n83603357b279,mef3e6ed657c6
2026-08-20T22:33:38+09:00,added,n83603357b279,m54b2ccd56b12
2026-08-20T22:33:38+09:00,added,n83603357b279,m3e02f69f0d66
2026-08-20T22:33:38+09:00,added,n83603357b279,m71ef129eba08
2026-08-20T22:33:38+09:00,added,n83603357b279,mbe2bbfe76ad5
2026-08-20T22:33:38+09:00,added,n83603357b279,m18c09c59705e
2026-08-20T22:33:38+09:00,added,n83603357b279,m5fa91e4af0ed
2026-08-20T22:33:38+09:00,added,n83603357b279,m6ff3417d7d3c
2026-08-20T22:33:38+09:00,added,n83603357b279,m11881a67a893
2026-08-20T22:33:38+09:00,added,n83603357b279,m3b898a691902
2026-08-20T22:33:38+09:00,added,n83603357b279,m862869c2ff9e
2026-08-20T22:33:38+09:00,added,n83603357b279,mf2abfea66ec7
2026-08-20T22:33:38+09:00,added,n83603357b279,m3ed4b0ea704e
2026-08-20T22:33:38+09:00,added,n83603357b279,m53a3c3b5d431
2026-08-20T22:33:38+09:00,added,n83603357b279,mefb73227c372
2026-08-20T22:33:38+09:00,added,n83603357b279,mdbf1f88c8d0d
2026-08-20T22:33:38+09:00,added,n83603357b279,m349b3be90eb0
2026-08-20T22:33:38+09:00,added,n83603357b279,me60c5ffc62a7
2026-08-20T22:33:38+09:00,added,n83603357b279,m8f01f205d92d
2026-08-20T22:33:38+09:00,added,n83603357b279,md3a54e5874c6
2026-08-20T22:33:38+09:00,added,n83603357b279,mc87c22d512fc
2026-08-20T22:33:38+09:00,added,n8f932884b722,m9186cf842d83
2026-08-20T22:33:38+09:00,added,n8f932884b722,m68e1fbded795
2026-08-20T22:33:38+09:00,added,n05dc7c63e799,m9186cf842d83
2026-08-20T22:33:38+09:00,added,n05dc7c63e799,m04367e7cf8fa
2026-08-20T22:33:38+09:00,added,n05dc7c63e799,m218ebd06e4a1
2026-08-20T22:33:38+09:00,added,n7dd830b721e5,m9186cf842d83
2026-08-20T22:33:38+09:00,added,n7dd830b721e5,m662b3185f860
2026-08-20T22:33:38+09:00,added,n7dd830b721e5,mcdf4ee972bd9
2026-08-20T22:33:38+09:00,added,n7dd830b721e5,me50627303786
2026-08-20T22:33:38+09:00,added,n7dd830b721e5,m8b207cd2e53a
2026-08-20T22:33:38+09:00,added,n7dd830b721e5,m6463046852a4
2026-08-20T22:33:38+09:00,added,n7dd830b721e5,mb4d073f67cfa
2026-08-20T22:33:38+09:00,added,ne41a04334230,md50e45017b9f
2026-08-20T22:33:38+09:00,added,ne41a04334230,m9186cf842d83
2026-08-20T22:33:38+09:00,added,ne41a04334230,m5e73b64286c2
2026-08-20T22:33:38+09:00,added,ne41a04334230,me50627303786
2026-08-20T22:33:38+09:00,added,ne41a04334230,mcdf4ee972bd9
2026-08-20T22:33:38+09:00,added,ne41a04334230,m8b207cd2e53a
2026-08-20T22:33:38+09:00,added,n4e26d3051ebd,m9186cf842d83
2026-08-20T22:33:38+09:00,added,n4e26d3051ebd,m662b3185f860
2026-08-20T22:33:38+09:00,added,n4e26d3051ebd,me50627303786
2026-08-20T22:33:38+09:00,added,nc133da460464,m9186cf842d83
2026-08-20T22:33:38+09:00,added,nc133da460464,m662b3185f860
2026-08-20T22:33:38+09:00,added,nc133da460464,me50627303786
2026-08-20T22:33:38+09:00,added,nc133da460464,m18c09c59705e
2026-08-20T22:33:38+09:00,added,nc133da460464,m0102f820d986
2026-08-20T22:33:38+09:00,added,nc133da460464,mcdf4ee972bd9
2026-08-20T22:33:38+09:00,added,ne4587a43ed00,m9186cf842d83
2026-08-20T22:33:38+09:00,added,ne4587a43ed00,m662b3185f860
2026-08-20T22:33:38+09:00,added,ne4587a43ed00,m30dbf61cf194
2026-08-20T22:33:38+09:00,added,ne4587a43ed00,m5e54fbcf6675
2026-08-20T22:33:38+09:00,added,ne4587a43ed00,me50627303786
2026-08-20T22:33:38+09:00,added,na0889c254d8d,m9186cf842d83
2026-08-20T22:33:38+09:00,added,na0889c254d8d,m662b3185f860
2026-08-20T22:33:38+09:00,added,na0889c254d8d,m6d3400fb7014
2026-08-20T22:33:38+09:00,added,na0889c254d8d,me50627303786
2026-08-20T22:33:38+09:00,added,na0889c254d8d,m7e72b0b37154
2026-08-20T22:33:38+09:00,added,needc78e0cedc,m9186cf842d83
2026-08-20T22:33:38+09:00,added,needc78e0cedc,m662b3185f860
2026-08-20T22:33:38+09:00,added,needc78e0cedc,m76e76573644d
2026-08-20T22:33:38+09:00,added,needc78e0cedc,me50627303786
2026-08-20T22:33:38+09:00,added,needc78e0cedc,m5e73b64286c2
2026-08-20T22:33:38+09:00,added,na974e951fde9,m9186cf842d83
2026-08-20T22:33:38+09:00,added,na974e951fde9,me50627303786
2026-08-20T22:33:38+09:00,added,nee950767ff19,m9186cf842d83
2026-08-20T22:33:38+09:00,added,nee950767ff19,mcdf4ee972bd9
2026-08-20T22:33:38+09:00,added,nee950767ff19,me50627303786
2026-08-20T22:33:38+09:00,added,nee950767ff19,me3590cc8b7e1
2026-08-20T22:33:38+09:00,added,nee950767ff19,m18c09c59705e
2026-08-20T22:33:38+09:00,added,nee950767ff19,m5e73b64286c2
2026-08-20T22:33:38+09:00,added,nee950767ff19,m5fa91e4af0ed
2026-08-20T22:33:38+09:00,added,n6b06060c4a78,m68e1fbded795
2026-08-20T22:33:38+09:00,added,n6b06060c4a78,m9186cf842d83
2026-08-20T22:33:38+09:00,added,n6b06060c4a78,m5e73b64286c2
2026-08-20T22:33:38+09:00,added,n6b06060c4a78,me50627303786
2026-08-20T22:33:38+09:00,added,n6b06060c4a78,mcdf4ee972bd9
2026-08-20T22:33:38+09:00,added,nc6c042aacb53,m68e1fbded795
2026-08-20T22:33:38+09:00,added,nc6c042aacb53,m9186cf842d83
2026-08-20T22:33:38+09:00,added,nc6c042aacb53,m6463046852a4
2026-08-20T22:33:38+09:00,added,nc6c042aacb53,m04f9fe64d6ef
2026-08-20T22:33:38+09:00,added,nc6c042aacb53,me50627303786
2026-08-20T22:33:38+09:00,added,n35903ea8dec0,m9186cf842d83
2026-08-20T22:33:38+09:00,added,n35903ea8dec0,m46619b37427d
2026-08-20T22:33:38+09:00,added,n35903ea8dec0,mcdf4ee972bd9
2026-08-20T22:33:38+09:00,added,n35903ea8dec0,m5e73b64286c2
2026-08-20T22:33:38+09:00,added,n35903ea8dec0,m332f258d34b4
2026-08-20T22:33:38+09:00,added,n35903ea8dec0,mdbf1f88c8d0d
2026-08-20T22:33:38+09:00,added,n35903ea8dec0,m11881a67a893
2026-08-20T22:33:38+09:00,added,n35903ea8dec0,m53a3c3b5d431
2026-08-20T22:33:38+09:00,added,n35903ea8dec0,m862869c2ff9e
2026-08-20T22:33:38+09:00,added,n35903ea8dec0,mf2abfea66ec7
2026-08-20T22:33:38+09:00,added,n35903ea8dec0,m662b3185f860
2026-08-20T22:33:38+09:00,added,n35903ea8dec0,me50627303786
2026-08-20T22:33:38+09:00,added,n35903ea8dec0,m7e72b0b37154
2026-08-20T22:33:38+09:00,added,n35903ea8dec0,m18c09c59705e
2026-08-20T22:33:38+09:00,added,n61981cc68ff0,m9186cf842d83
2026-08-20T22:33:38+09:00,added,n61981cc68ff0,me50627303786
2026-08-20T22:33:38+09:00,added,nc8d3ddfbdc99,m9186cf842d83
2026-08-20T22:33:38+09:00,added,nc8d3ddfbdc99,m2f8a65ebe344
2026-08-20T22:33:38+09:00,added,nc8d3ddfbdc99,me50627303786
2026-08-20T22:33:38+09:00,added,n004898811929,m9186cf842d83
2026-08-20T22:33:38+09:00,added,n004898811929,m7e72b0b37154
2026-08-20T22:33:38+09:00,added,n004898811929,m731502c13283
2026-08-20T22:33:38+09:00,added,n004898811929,me50627303786
2026-08-20T22:33:38+09:00,added,n004898811929,m46619b37427d
2026-08-20T22:33:38+09:00,added,n004898811929,m193d0b844ba5
2026-08-20T22:33:38+09:00,added,nfc2de067f800,m9186cf842d83
2026-08-20T22:33:38+09:00,added,nfc2de067f800,m662b3185f860
2026-08-20T22:33:38+09:00,added,nfc2de067f800,me4d7038e859a
2026-08-20T22:33:38+09:00,added,nfc2de067f800,mde4c96ef2f7a
2026-08-20T22:33:38+09:00,added,nfc2de067f800,me50627303786
2026-08-20T22:33:38+09:00,added,nfc2de067f800,m18c09c59705e
2026-08-20T22:33:38+09:00,added,nfc2de067f800,m6c21ad4983da
2026-08-20T22:33:38+09:00,added,nfc2de067f800,mdbf1f88c8d0d
2026-08-20T22:33:38+09:00,added,nfc2de067f800,m53a3c3b5d431
2026-08-20T22:33:38+09:00,added,nfc2de067f800,mf2abfea66ec7
2026-08-20T22:33:38+09:00,added,nfc2de067f800,m11881a67a893
2026-08-20T22:33:38+09:00,added,nfc2de067f800,m862869c2ff9e
2026-08-20T22:33:38+09:00,added,nfc2de067f800,m5e73b64286c2
2026-08-20T22:33:38+09:00,added,nfc2de067f800,mef3e6ed657c6
2026-08-20T22:33:38+09:00,added,nfc2de067f800,m6463046852a4
2026-08-20T22:33:38+09:00,added,na4329137dc4a,m30dbf61cf194
2026-08-20T22:33:38+09:00,added,na4329137dc4a,me50627303786
2026-08-20T22:33:38+09:00,added,na4329137dc4a,m04367e7cf8fa
2026-08-20T22:33:38+09:00,added,na4329137dc4a,m662b3185f860
2026-08-20T22:33:38+09:00,added,na4329137dc4a,m18c09c59705e
2026-08-20T22:33:38+09:00,added,n10478de443f6,m9186cf842d83
2026-08-20T22:33:38+09:00,added,n10478de443f6,m7e72b0b37154
2026-08-20T22:33:38+09:00,added,n10478de443f6,m662b3185f860
2026-08-20T22:33:38+09:00,added,n10478de443f6,mde4c96ef2f7a
2026-08-20T22:33:38+09:00,added,n10478de443f6,me50627303786
2026-08-20T22:33:38+09:00,added,n26ad824aa246,m9186cf842d83
2026-08-20T22:33:38+09:00,added,n26ad824aa246,me50627303786
2026-08-20T22:33:38+09:00,added,n26ad824aa246,mbe2bbfe76ad5
2026-08-20T22:33:38+09:00,added,n26ad824aa246,m6463046852a4
2026-08-20T22:33:38+09:00,added,n26ad824aa246,m662b3185f860
2026-08-20T22:33:38+09:00,added,n26ad824aa246,m5e73b64286c2
2026-08-20T22:33:38+09:00,added,n26ad824aa246,mde4c96ef2f7a
2026-08-20T22:33:38+09:00,added,n26ad824aa246,m11881a67a893
2026-08-20T22:33:38+09:00,added,n26ad824aa246,mf2abfea66ec7
2026-08-20T22:33:38+09:00,added,n26ad824aa246,m862869c2ff9e
2026-08-20T22:33:38+09:00,added,n26ad824aa246,m53a3c3b5d431
2026-08-20T22:33:38+09:00,added,n0fa7d395074b,m9186cf842d83
2026-08-20T22:33:38+09:00,added,n0fa7d395074b,m68e1fbded795
2026-08-20T22:33:38+09:00,added,n0fa7d395074b,m5e73b64286c2
2026-08-20T22:33:38+09:00,added,n0fa7d395074b,me50627303786
2026-08-20T22:33:38+09:00,added,n0fa7d395074b,m218ebd06e4a1
2026-08-20T22:33:38+09:00,added,n0fa7d395074b,m26d93ca7080b
2026-08-20T22:33:38+09:00,added,na3fbedf000cb,m68e1fbded795
2026-08-20T22:33:38+09:00,added,na3fbedf000cb,m9186cf842d83
2026-08-20T22:33:38+09:00,added,na3fbedf000cb,m6463046852a4
2026-08-20T22:33:38+09:00,added,na3fbedf000cb,me50627303786
2026-08-20T22:33:38+09:00,added,n7bb87cf83baa,m9186cf842d83
2026-08-20T22:33:38+09:00,added,n7bb87cf83baa,m662b3185f860
2026-08-20T22:33:38+09:00,added,n7bb87cf83baa,mc6dad877a6d7
2026-08-20T22:33:38+09:00,added,n7bb87cf83baa,m18c09c59705e
2026-08-20T22:33:38+09:00,added,n7bb87cf83baa,m0102f820d986
2026-08-20T22:33:38+09:00,added,n7bb87cf83baa,m6463046852a4
2026-08-20T22:33:38+09:00,added,n7bb87cf83baa,me50627303786
2026-08-20T22:33:38+09:00,added,nc25a66aeb530,m9186cf842d83
2026-08-20T22:33:38+09:00,added,nc25a66aeb530,m48eb9e18dfde
2026-08-20T22:33:38+09:00,added,nc25a66aeb530,m7e72b0b37154
2026-08-20T22:33:38+09:00,added,nc25a66aeb530,m5e73b64286c2
2026-08-20T22:33:38+09:00,added,nc25a66aeb530,m0102f820d986
2026-08-20T22:33:38+09:00,added,nc25a66aeb530,m18c09c59705e
2026-08-20T22:33:38+09:00,added,nc25a66aeb530,mcc9cad7ba862
2026-08-20T22:33:38+09:00,added,n1b3a3ea057df,m9186cf842d83
2026-08-20T22:33:38+09:00,added,n1b3a3ea057df,m48b884abb9d9
2026-08-20T22:33:38+09:00,added,n1b3a3ea057df,m18c09c59705e
2026-08-20T22:33:38+09:00,added,n1b3a3ea057df,m0102f820d986
2026-08-20T22:33:38+09:00,added,nd15f0e02f192,m9186cf842d83
2026-08-20T22:33:38+09:00,added,nfe87b8a2c91a,m9186cf842d83
2026-08-20T22:33:38+09:00,added,nfe87b8a2c91a,m53a3c3b5d431
2026-08-20T22:33:38+09:00,added,nfe87b8a2c91a,m3ed4b0ea704e
2026-08-20T22:33:38+09:00,added,nfe87b8a2c91a,mf2abfea66ec7
2026-08-20T22:33:38+09:00,added,nfe87b8a2c91a,m862869c2ff9e
2026-08-20T22:33:38+09:00,added,nfe87b8a2c91a,m11881a67a893
2026-08-20T22:33:38+09:00,added,nfe87b8a2c91a,mdbf1f88c8d0d
2026-08-20T22:33:38+09:00,added,nfe87b8a2c91a,me50627303786
2026-08-20T22:33:38+09:00,added,nfe87b8a2c91a,m18c09c59705e
2026-08-20T22:33:38+09:00,added,nfe87b8a2c91a,m6463046852a4
2026-08-20T22:33:38+09:00,added,nfe87b8a2c91a,m662b3185f860
2026-08-20T22:33:38+09:00,added,n7c78d30c5025,m9186cf842d83
2026-08-20T22:33:38+09:00,added,n7c78d30c5025,m68e1fbded795
2026-08-20T22:33:38+09:00,added,na546dafb7b5d,m9186cf842d83
2026-08-20T22:33:38+09:00,added,na546dafb7b5d,ma20fd59ebe61
2026-08-20T22:33:38+09:00,added,na546dafb7b5d,m662b3185f860
2026-08-20T22:33:38+09:00,added,ne680d9cf0cf3,m9186cf842d83
2026-08-20T22:33:38+09:00,added,ne680d9cf0cf3,m67911111acea
2026-08-20T22:33:38+09:00,added,n03d1879ab506,m9186cf842d83
2026-08-20T22:33:38+09:00,added,n918d14ad8244,m9186cf842d83
2026-08-20T22:33:38+09:00,added,n918d14ad8244,m5072685e9cf7
2026-08-20T22:33:38+09:00,added,n917c7059c074,m9186cf842d83
2026-08-20T22:33:38+09:00,added,n917c7059c074,m5072685e9cf7
2026-08-20T22:33:38+09:00,added,n917c7059c074,m3c6a24dd1c1d
2026-08-20T22:33:38+09:00,added,ndae66464dd48,m9186cf842d83
2026-08-20T22:33:38+09:00,added,na33bed8fb003,m9186cf842d83
2026-08-20T22:33:38+09:00,added,na33bed8fb003,m662b3185f860
2026-08-20T22:33:38+09:00,added,n48d97abd65a7,m9186cf842d83
2026-08-20T22:33:38+09:00,added,n48d97abd65a7,me4d7038e859a
2026-08-20T22:33:38+09:00,added,n48d97abd65a7,mde4c96ef2f7a
2026-08-20T22:33:38+09:00,added,n7ad6d832d453,m9186cf842d83
2026-08-20T22:33:38+09:00,added,n7ad6d832d453,m6463046852a4
2026-08-20T22:33:38+09:00,added,n7ad6d832d453,m76e76573644d
2026-08-20T22:33:38+09:00,added,n7ad6d832d453,mda0734142644
2026-08-20T22:33:38+09:00,added,n7ad6d832d453,mcc8c36323777
2026-08-20T22:33:38+09:00,added,nbf9d3ed0ab5c,m9186cf842d83
2026-08-20T22:33:38+09:00,added,nbf9d3ed0ab5c,me4d7038e859a
2026-08-20T22:33:38+09:00,added,nd86a4287e392,m9186cf842d83
2026-08-20T22:33:38+09:00,added,nd86a4287e392,mde4c96ef2f7a
2026-08-20T22:33:38+09:00,added,n75667925e2a6,m9186cf842d83
2026-08-20T22:33:38+09:00,added,nc6cfae0ef169,m9186cf842d83
2026-08-20T22:33:38+09:00,added,nc6cfae0ef169,m45eda0c51d1c
2026-08-20T22:33:38+09:00,added,nc6cfae0ef169,m2f8a65ebe344
2026-08-20T22:33:38+09:00,added,nf00af9b7e580,m9186cf842d83
2026-08-20T22:33:38+09:00,added,nf00af9b7e580,mcc9cad7ba862
2026-08-20T22:33:38+09:00,added,nc07874268c00,m9186cf842d83
2026-08-20T22:33:38+09:00,added,nc07874268c00,m38b25daa00b3
2026-08-20T22:33:38+09:00,added,n7b12bfe42f15,m9186cf842d83
2026-08-20T22:33:38+09:00,added,n7b12bfe42f15,m031797f04258
2026-08-20T22:33:38+09:00,added,n097be723a83b,m031797f04258
2026-08-20T22:33:38+09:00,added,n097be723a83b,m9186cf842d83
2026-08-20T22:33:38+09:00,added,n097be723a83b,mafe9c4784c53
2026-08-20T22:33:38+09:00,added,nb50846321052,m031797f04258
2026-08-20T22:33:38+09:00,added,nb50846321052,m9186cf842d83
2026-08-20T22:33:38+09:00,added,nb50846321052,mef3e6ed657c6
2026-08-20T22:33:38+09:00,added,n501070c1d754,m9186cf842d83
2026-08-20T22:33:38+09:00,added,n501070c1d754,m031797f04258
2026-08-20T22:33:38+09:00,added,na9c27b0ed666,m031797f04258
2026-08-20T22:33:38+09:00,added,na9c27b0ed666,m9186cf842d83
2026-08-20T22:33:38+09:00,added,n0519737f7626,m031797f04258
2026-08-20T22:33:38+09:00,added,n0519737f7626,m9186cf842d83
2026-08-20T22:33:38+09:00,added,n0519737f7626,mef3e6ed657c6
2026-08-20T22:33:38+09:00,added,n0519737f7626,mc6c13443e264
2026-08-20T22:33:38+09:00,added,n0519737f7626,mab465cf59984
2026-08-20T22:33:38+09:00,added,n6809970e2daa,m031797f04258
2026-08-20T22:33:38+09:00,added,n6809970e2daa,m9186cf842d83
2026-08-20T22:33:38+09:00,added,n6809970e2daa,m48eb9e18dfde
2026-08-20T22:33:38+09:00,added,n6809970e2daa,m7e72b0b37154
2026-08-20T22:33:38+09:00,added,n9426c0800267,m031797f04258
2026-08-20T22:33:38+09:00,added,n9426c0800267,m9186cf842d83
2026-08-20T22:33:38+09:00,added,n9426c0800267,mef3e6ed657c6
2026-08-20T22:33:38+09:00,added,n9426c0800267,mb4ef98f20710
2026-08-20T22:33:38+09:00,added,n1c2b8e160fec,m031797f04258
2026-08-20T22:33:38+09:00,added,n1c2b8e160fec,m9186cf842d83
2026-08-20T22:33:38+09:00,added,ne22b2f376067,m031797f04258
2026-08-20T22:33:38+09:00,added,ne22b2f376067,m9186cf842d83
2026-08-20T22:33:38+09:00,added,ne751ca42a181,m031797f04258
2026-08-20T22:33:38+09:00,added,ne751ca42a181,m9186cf842d83
2026-08-20T22:33:38+09:00,added,n1bb9670679ef,m031797f04258
2026-08-20T22:33:38+09:00,added,n1bb9670679ef,m9186cf842d83
2026-08-20T22:33:38+09:00,added,n1bb9670679ef,mef3e6ed657c6
2026-08-20T22:33:38+09:00,added,n1bb9670679ef,mc6c13443e264
2026-08-20T22:33:38+09:00,added,n05fb0c6cd3c0,m031797f04258
2026-08-20T22:33:38+09:00,added,n05fb0c6cd3c0,m9186cf842d83
2026-08-20T22:33:38+09:00,added,n05fb0c6cd3c0,mef2d87c00106
2026-08-20T22:33:38+09:00,added,n05fb0c6cd3c0,m862869c2ff9e
2026-08-20T22:33:38+09:00,added,n05fb0c6cd3c0,m53a3c3b5d431
2026-08-20T22:33:38+09:00,added,n05fb0c6cd3c0,m3ed4b0ea704e
2026-08-20T22:33:38+09:00,added,n05fb0c6cd3c0,mdbf1f88c8d0d
2026-08-20T22:33:38+09:00,added,n05fb0c6cd3c0,mf2abfea66ec7
2026-08-20T22:33:38+09:00,added,n05fb0c6cd3c0,m11881a67a893
2026-08-20T22:33:38+09:00,added,n1ffb6b490c26,m031797f04258
2026-08-20T22:33:38+09:00,added,n1ffb6b490c26,m9186cf842d83
2026-08-20T22:33:38+09:00,added,n1ffb6b490c26,m6db3b9c4f372
2026-08-20T22:33:38+09:00,added,n431f9bf677cc,m031797f04258
2026-08-20T22:33:38+09:00,added,n431f9bf677cc,m9186cf842d83
2026-08-20T22:33:38+09:00,added,n431f9bf677cc,m26d93ca7080b
2026-08-20T22:33:38+09:00,added,n431f9bf677cc,m1b265f22871b
2026-08-20T22:33:38+09:00,added,n431f9bf677cc,mcc9cad7ba862
2026-08-20T22:33:38+09:00,added,n50421849c60f,m031797f04258
2026-08-20T22:33:38+09:00,added,na7d781135688,m031797f04258
2026-08-20T22:33:38+09:00,added,na7d781135688,md93ccb5f3741
2026-08-20T22:33:38+09:00,added,nfe56c0155f22,m6773a524be37
2026-08-20T22:33:38+09:00,added,nfe56c0155f22,m031797f04258
2026-08-20T22:33:38+09:00,added,nf43bc7b435c0,m031797f04258
2026-08-20T22:33:38+09:00,added,nf43bc7b435c0,me5481b3218cd
2026-08-20T22:33:38+09:00,added,nf43bc7b435c0,m1b265f22871b
2026-08-20T22:33:38+09:00,added,n889d38bdca3c,m031797f04258
2026-08-20T22:33:38+09:00,added,n889d38bdca3c,m2fdf30aeb0e5
2026-08-20T22:33:38+09:00,added,na7c6e6d4dd97,m031797f04258
2026-08-20T22:33:38+09:00,added,nd4ef33c63b39,m031797f04258
2026-08-20T22:33:38+09:00,added,nd4ef33c63b39,m1b1a035ad15b
2026-08-20T22:33:38+09:00,added,n07ef15231656,m031797f04258
2026-08-20T22:33:38+09:00,added,n07ef15231656,m6484622342c0
2026-08-20T22:33:38+09:00,added,n07ef15231656,m9c328b945b93
2026-08-20T22:33:38+09:00,added,n26318c817528,m031797f04258
2026-08-20T22:33:38+09:00,added,nf2f69b684b57,m031797f04258
2026-08-20T22:33:38+09:00,added,n7f2a3fb40595,m031797f04258
2026-08-20T22:33:38+09:00,added,n96bf45808e92,m031797f04258
2026-08-20T22:33:38+09:00,added,n3118d8d5029b,m031797f04258
2026-08-20T22:33:38+09:00,added,nf07e2d77fbbc,m031797f04258
2026-08-20T22:33:38+09:00,added,n836eb9b67603,md50e45017b9f
2026-08-20T22:33:38+09:00,added,n836eb9b67603,m031797f04258
2026-08-20T22:33:38+09:00,added,n836eb9b67603,mbc6437030dd2
2026-08-20T22:33:38+09:00,added,n54793aa3960f,m9186cf842d83
2026-08-20T22:33:38+09:00,added,n54793aa3960f,mf5683f2684a4
2026-08-20T22:33:38+09:00,added,n54793aa3960f,m26d93ca7080b
2026-08-20T22:33:38+09:00,added,n54793aa3960f,m1b265f22871b
2026-08-20T22:33:38+09:00,added,n3148a931dfb9,m031797f04258
2026-08-20T22:33:38+09:00,added,n31d2e0b93051,m031797f04258
2026-08-20T22:33:38+09:00,added,n325bd56ccd16,m031797f04258
2026-08-20T22:33:38+09:00,added,n6ea0fbce1bd6,m031797f04258
2026-08-20T22:33:38+09:00,added,n5ac0fde70269,m031797f04258
2026-08-20T22:33:38+09:00,added,n17e54ce0658a,m031797f04258
2026-08-20T22:33:38+09:00,added,n38728c822118,m031797f04258
2026-08-20T22:33:38+09:00,added,nf5c2a79a1cb5,m031797f04258
2026-08-20T22:33:38+09:00,added,na41b40efa150,m031797f04258
2026-08-20T22:33:38+09:00,added,na41b40efa150,mcf500208b8d9
2026-08-20T22:33:38+09:00,added,nd328597ceaa8,m031797f04258
2026-08-20T22:33:38+09:00,added,nd328597ceaa8,m45eda0c51d1c
2026-08-20T22:33:38+09:00,added,nd328597ceaa8,m477950f031a4
2026-08-20T22:33:38+09:00,added,n2a1247b3ec86,m031797f04258
2026-08-20T22:33:38+09:00,added,n7b7243726a89,m178a794c9fd2
2026-08-20T22:33:38+09:00,added,n7b7243726a89,m031797f04258
2026-08-20T22:33:38+09:00,added,nfae4dfef050e,mc607ec0d224b
2026-08-20T22:33:38+09:00,added,nfae4dfef050e,md50e45017b9f
2026-08-20T22:33:38+09:00,added,n0391feb1d159,mc607ec0d224b
2026-08-20T22:33:38+09:00,added,n0391feb1d159,md50e45017b9f
2026-08-20T22:33:38+09:00,added,n5b46511d3376,mc607ec0d224b
2026-08-20T22:33:38+09:00,added,n5b46511d3376,m1b1a035ad15b
2026-08-20T22:33:38+09:00,added,n88d287705a34,mc607ec0d224b
2026-08-20T22:33:38+09:00,added,n88d287705a34,m1b1a035ad15b
2026-08-20T22:33:38+09:00,added,n8e818a1345e5,mc607ec0d224b
2026-08-20T22:33:38+09:00,added,n8e818a1345e5,m1b1a035ad15b
2026-08-20T22:33:38+09:00,added,ncb45fae437e2,mc607ec0d224b
2026-08-20T22:33:38+09:00,added,ncb45fae437e2,m1b1a035ad15b
2026-08-20T22:33:38+09:00,added,nb58a0839ed6f,mc607ec0d224b
2026-08-20T22:33:38+09:00,added,nb58a0839ed6f,m1b1a035ad15b
2026-08-20T22:33:38+09:00,added,n70048f27ab3c,mc607ec0d224b
2026-08-20T22:33:38+09:00,added,n70048f27ab3c,m1b1a035ad15b
2026-08-20T22:33:38+09:00,added,n76e7d1d9590a,mc607ec0d224b
2026-08-20T22:33:38+09:00,added,n76e7d1d9590a,m1b1a035ad15b
2026-08-20T22:33:38+09:00,added,n5e7676f13246,mc607ec0d224b
2026-08-20T22:33:38+09:00,added,n5e7676f13246,m1b1a035ad15b
2026-08-20T22:33:38+09:00,added,necdce78c0986,mc607ec0d224b
2026-08-20T22:33:38+09:00,added,necdce78c0986,m1b1a035ad15b
2026-08-20T22:33:38+09:00,added,n6aff9b966d83,mc607ec0d224b
2026-08-20T22:33:38+09:00,added,n6aff9b966d83,m1b1a035ad15b
2026-08-20T22:33:38+09:00,added,n1629ad066764,mc607ec0d224b
2026-08-20T22:33:38+09:00,added,n1629ad066764,m45eda0c51d1c
2026-08-20T22:33:38+09:00,added,n1629ad066764,m477950f031a4
2026-08-20T22:33:38+09:00,added,n6830f09bc717,mc607ec0d224b
2026-08-20T22:33:38+09:00,added,n6830f09bc717,m45eda0c51d1c
2026-08-20T22:33:38+09:00,added,n55fe03087928,mc607ec0d224b
2026-08-20T22:33:38+09:00,added,n55fe03087928,m35370355b866
2026-08-20T22:33:38+09:00,added,n55fe03087928,m7453c6557b6c
2026-08-20T22:33:38+09:00,added,n55fe03087928,m18c09c59705e
2026-08-20T22:33:38+09:00,added,n55fe03087928,m651aaa4e52a9
2026-08-20T22:33:38+09:00,added,n55fe03087928,ma5bd9f7c40cf
2026-08-20T22:33:38+09:00,added,n55fe03087928,mae22de9970b8
2026-08-20T22:33:38+09:00,added,n55fe03087928,me50627303786
2026-08-20T22:33:38+09:00,added,n55fe03087928,m2acdde7b2565
2026-08-20T22:33:38+09:00,added,n55fe03087928,md6e28900c1ac
2026-08-20T22:33:38+09:00,added,n55fe03087928,m5fa91e4af0ed
2026-08-20T22:33:38+09:00,added,n8bfb9baff5af,mc607ec0d224b
2026-08-20T22:33:38+09:00,added,n478c486b7a37,mc607ec0d224b
2026-08-20T22:33:38+09:00,added,n0d2bc57a087b,mc607ec0d224b
2026-08-20T22:33:38+09:00,added,n0d2bc57a087b,m68e1fbded795
2026-08-20T22:33:38+09:00,added,n5ed105076cc6,mc607ec0d224b
2026-08-20T22:33:38+09:00,added,n5ed105076cc6,m68e1fbded795
2026-08-20T22:33:38+09:00,added,nfe60023d23c6,mc607ec0d224b
2026-08-20T22:33:38+09:00,added,nfe60023d23c6,m9435ba334cbd
2026-08-20T22:33:38+09:00,added,nfe60023d23c6,m68e1fbded795
2026-08-20T22:33:38+09:00,added,n15a7a2fa1a59,mc607ec0d224b
2026-08-20T22:33:38+09:00,added,n15a7a2fa1a59,m26d93ca7080b
2026-08-20T22:33:38+09:00,added,n1cac6108b218,mc607ec0d224b
2026-08-20T22:33:38+09:00,added,na313e6429082,mc607ec0d224b
2026-08-20T22:33:38+09:00,added,n8929728b373c,mb33de64ba0f8
2026-08-20T22:33:38+09:00,added,ncc304227dd2c,mc607ec0d224b
2026-08-20T22:33:38+09:00,added,n3abe7491a959,mc607ec0d224b
2026-08-20T22:33:38+09:00,added,n3abe7491a959,m7f9015f7a6ac
2026-08-20T22:33:38+09:00,added,nc119cb200d6c,mc607ec0d224b
2026-08-20T22:33:38+09:00,added,n8ba99d7cfd6a,mc607ec0d224b
2026-08-20T22:33:38+09:00,added,n1f285a8b7b3d,mc607ec0d224b
2026-08-20T22:33:38+09:00,added,nd8f0b54b2942,mc607ec0d224b
2026-08-20T22:33:38+09:00,added,nd8f0b54b2942,m016668fc27da
2026-08-20T22:33:38+09:00,added,n7d063e123df4,mc607ec0d224b
2026-08-20T22:33:38+09:00,added,nb5594336169a,m097ccf6269d6
2026-08-20T22:33:38+09:00,added,n021a99bb38d9,m097ccf6269d6
2026-08-20T22:33:38+09:00,added,nd615e69edbe9,md50e45017b9f
2026-08-20T22:33:38+09:00,added,nd615e69edbe9,m9186cf842d83
2026-08-20T22:33:38+09:00,added,n881500f8a1b3,m178a794c9fd2
2026-08-20T22:33:38+09:00,added,n478e47478844,md50e45017b9f
2026-08-20T22:33:38+09:00,added,n478e47478844,m9186cf842d83
2026-08-20T22:33:38+09:00,added,n97eb8a65c694,m097ccf6269d6
2026-08-20T22:33:38+09:00,added,n4b8142a572be,m097ccf6269d6
2026-08-20T22:33:38+09:00,added,naabde094b62a,m1b1a035ad15b
2026-08-20T22:33:38+09:00,added,naabde094b62a,m6325783c7939
2026-08-20T22:33:38+09:00,added,nd292b0a4a574,md50e45017b9f
2026-08-20T22:33:38+09:00,added,nd292b0a4a574,m9186cf842d83
2026-08-20T22:33:38+09:00,added,n1a089eea5d39,m097ccf6269d6
2026-08-20T22:33:38+09:00,added,n4f4eb91f154a,md50e45017b9f
2026-08-20T22:33:38+09:00,added,n4f4eb91f154a,m9186cf842d83
2026-08-20T22:33:38+09:00,added,n4f4eb91f154a,m5e73b64286c2
2026-08-20T22:33:38+09:00,added,n73e1cb0fe72e,m1b1a035ad15b
2026-08-20T22:33:38+09:00,added,n8e1ee13d685c,m36e9f57e3df0
2026-08-20T22:33:38+09:00,added,n255092497de4,m178a794c9fd2
2026-08-20T22:33:38+09:00,added,nedf2eb43e646,m097ccf6269d6
2026-08-20T22:33:38+09:00,added,nd8047b719457,m178a794c9fd2
2026-08-20T22:33:38+09:00,added,nd8047b719457,m04f9fe64d6ef
2026-08-20T22:33:38+09:00,added,n9ae806427543,m1b1a035ad15b
2026-08-20T22:33:38+09:00,added,nce637e774678,m1b1a035ad15b
2026-08-20T22:33:38+09:00,added,n83d58d9e3952,m097ccf6269d6
2026-08-20T22:33:38+09:00,added,n8a38834c27ef,m1b1a035ad15b
2026-08-20T22:33:38+09:00,added,n0537db0b3f9e,m097ccf6269d6
2026-08-20T22:33:38+09:00,added,n86431a0ab014,m178a794c9fd2
2026-08-20T22:33:38+09:00,added,nf828b670d0d4,m1b1a035ad15b
2026-08-20T22:33:38+09:00,added,n7268dfe94275,m097ccf6269d6
2026-08-20T22:33:38+09:00,added,n7268dfe94275,m99a4bc4e387f
2026-08-20T22:33:38+09:00,added,nf419af4e0c25,m178a794c9fd2
2026-08-20T22:33:38+09:00,added,n54ae6d105a4b,m097ccf6269d6
2026-08-20T22:33:38+09:00,added,ndb3e3035bcdd,m1b1a035ad15b
2026-08-20T22:33:38+09:00,added,n0927813f34c5,m178a794c9fd2
2026-08-20T22:33:38+09:00,added,nb3f760f9c13b,m097ccf6269d6
2026-08-20T22:33:38+09:00,added,n46326241a34f,m1b1a035ad15b
2026-08-20T22:33:38+09:00,added,n440008a466e8,m178a794c9fd2
2026-08-20T22:33:38+09:00,added,nd807c7c2c885,m1b1a035ad15b
2026-08-20T22:33:38+09:00,added,n6152bfbe3596,m178a794c9fd2
2026-08-20T22:33:38+09:00,added,n6766610194ad,m178a794c9fd2
2026-08-20T22:33:38+09:00,added,n06f2796af2ce,m097ccf6269d6
2026-08-20T22:33:38+09:00,added,n06f2796af2ce,m9186cf842d83
2026-08-20T22:33:38+09:00,added,n06f2796af2ce,m4eb56c8bcbc2
2026-08-20T22:33:38+09:00,added,n95ce4668b20c,m1b1a035ad15b
2026-08-20T22:33:38+09:00,added,ne198a7b0579c,m1b1a035ad15b
2026-08-20T22:33:38+09:00,added,n974b36b91784,m178a794c9fd2
2026-08-20T22:33:38+09:00,added,n61a5f07de22a,m1b1a035ad15b
2026-08-20T22:33:38+09:00,added,nc879e1e7de50,m178a794c9fd2
2026-08-20T22:33:38+09:00,added,ne81ec8184c0d,m1b1a035ad15b
2026-08-20T22:33:38+09:00,added,nb239033707fc,m178a794c9fd2
2026-08-20T22:33:38+09:00,added,n41e9c065a9a0,m1b1a035ad15b
2026-08-20T22:33:38+09:00,added,n89f07783954e,m178a794c9fd2
2026-08-20T22:33:38+09:00,added,n2128d4b797ce,m1b1a035ad15b
2026-08-20T22:33:38+09:00,added,nfdb51c977877,m178a794c9fd2
2026-08-20T22:33:38+09:00,added,nfdb51c977877,me759d1c27fae
2026-08-20T22:33:38+09:00,added,n1cc65eb133c7,m1b1a035ad15b
2026-08-20T22:33:38+09:00,added,nd9d3a2484dd2,m178a794c9fd2
2026-08-20T22:33:38+09:00,added,nd5ca3362c68b,m1b1a035ad15b
2026-08-20T22:33:38+09:00,added,n2f1e8a6c379d,m1b1a035ad15b
2026-08-20T22:33:38+09:00,added,ne61770ca66a2,m1b1a035ad15b
2026-08-20T22:33:38+09:00,added,nad6de089fae6,m1b1a035ad15b
2026-08-20T22:33:38+09:00,added,n6c32857d3b72,m1b1a035ad15b
2026-08-20T22:33:38+09:00,added,n6c32857d3b72,m4eb56c8bcbc2
2026-08-20T22:33:38+09:00,added,n6c32857d3b72,m26d93ca7080b
2026-08-20T22:33:38+09:00,added,nbf477d423017,m1b1a035ad15b
2026-08-20T22:33:38+09:00,added,n96c237eb7fde,m1b1a035ad15b
2026-08-20T22:33:38+09:00,added,n7d4eaccd6cec,m1b1a035ad15b
2026-08-20T22:33:38+09:00,added,na235730057a1,m1b1a035ad15b
2026-08-20T22:33:38+09:00,added,n6af163da0a6a,m1b1a035ad15b
2026-08-20T22:33:38+09:00,added,n6d79dda5a52f,m1b1a035ad15b
2026-08-20T22:33:38+09:00,added,n754b5fd0b568,m1b1a035ad15b
2026-08-20T22:33:38+09:00,added,n0a6d462b2f93,m1b1a035ad15b
2026-08-20T22:33:38+09:00,added,n0a6d462b2f93,m8c47ef7c9060
2026-08-20T22:33:38+09:00,added,n26cc52d9f1a1,m1b1a035ad15b
2026-08-20T22:33:38+09:00,added,n869acab80f5c,m1b1a035ad15b
2026-08-20T22:33:38+09:00,added,n869acab80f5c,m1b265f22871b
2026-08-20T22:33:38+09:00,added,n5f7b9bcbec7b,m1b1a035ad15b
2026-08-20T22:33:38+09:00,added,n60ccf4d80225,m1b1a035ad15b
2026-08-20T22:33:38+09:00,added,nf7a363c47da5,m1b1a035ad15b
2026-08-20T22:33:38+09:00,added,nf7a363c47da5,m7c6250436755
2026-08-20T22:33:38+09:00,added,naf2c7a1dacec,m1b1a035ad15b
2026-08-20T22:33:38+09:00,added,nf18b6918e007,m1b1a035ad15b
2026-08-20T22:33:38+09:00,added,nf18b6918e007,mc87c22d512fc
2026-08-20T22:33:38+09:00,added,nf18b6918e007,m7c6250436755
2026-08-20T22:33:38+09:00,added,n955af0485a18,m1b1a035ad15b
2026-08-20T22:33:38+09:00,added,n955af0485a18,mc87c22d512fc
2026-08-20T22:33:38+09:00,added,n6abbf4be6ae8,m1b1a035ad15b
2026-08-20T22:33:38+09:00,added,n6abbf4be6ae8,mca2c344a0f50
2026-08-20T22:33:38+09:00,added,n6abbf4be6ae8,m1c85d4931804
2026-08-20T22:33:38+09:00,added,n6abbf4be6ae8,mc87c22d512fc
2026-08-20T22:33:38+09:00,added,n625d9e7ebb80,m1b1a035ad15b
2026-08-20T22:33:38+09:00,added,n625d9e7ebb80,m278d9869816c
2026-08-20T22:33:38+09:00,added,n625d9e7ebb80,mc87c22d512fc
2026-08-20T22:33:38+09:00,added,n69a7ab5eab3f,m1b1a035ad15b
2026-08-20T22:33:38+09:00,added,n69a7ab5eab3f,m278d9869816c
2026-08-20T22:33:38+09:00,added,n69a7ab5eab3f,m5fa91e4af0ed
2026-08-20T22:33:38+09:00,added,n69a7ab5eab3f,m1b265f22871b
2026-08-20T22:33:38+09:00,added,n69a7ab5eab3f,mc87c22d512fc
2026-08-23T17:45:11+09:00,added,nd5c8cfebe4c1,m54b2ccd56b12
2026-08-23T21:46:14+09:00,added,nd873fb4fc550,m574fe4c37d2f
2026-08-23T21:46:14+09:00,removed,n2abee5e04c9c,m5ff00c6a2d49
2026-08-24T02:03:17+09:00,added,ncb752fc29fb8,mcfb504b2261b
2026-08-24T21:52:56+09:00,added,nb528c4f5ca52,m9186cf842d83
2026-08-24T21:52:56+09:00,added,nb528c4f5ca52,m662b3185f860
2026-08-24T21:52:56+09:00,added,nb528c4f5ca52,m4aeb36de2c8d
2026-08-24T21:52:56+09:00,added,nb528c4f5ca52,maed3992edfb5
2026-08-24T21:52:56+09:00,added,nb528c4f5ca52,mde4c96ef2f7a
2026-08-24T21:52:56+09:00,added,nb528c4f5ca52,m83b0e4ce814d
2026-08-24T21:52:56+09:00,added,nb528c4f5ca52,m54b2ccd56b12
2026-08-25T02:14:03+09:00,added,nb528c4f5ca52,m7c6250436755
2026-08-25T02:14:03+09:00,added,nb528c4f5ca52,m53ec9c68032b
2026-08-25T21:53:03+09:00,added,n68e93dbc6991,m9186cf842d83
2026-08-25T21:53:03+09:00,added,n68e93dbc6991,m662b3185f860
2026-08-25T21:53:03+09:00,added,n68e93dbc6991,m4aeb36de2c8d
2026-08-25T21:53:03+09:00,added,n68e93dbc6991,m83b0e4ce814d
2026-08-25T21:53:03+09:00,added,n68e93dbc6991,mb3dc2cd9766e
2026-08-25T21:53:03+09:00,added,nb528c4f5ca52,m26d93ca7080b
2026-08-26T02:10:49+09:00,added,nd873fb4fc550,m5859f3e37b5f
2026-08-26T02:10:49+09:00,added,n68e93dbc6991,m26d93ca7080b
2026-08-26T11:12:51+09:00,added,n68e93dbc6991,m54b2ccd56b12
2026-08-26T11:12:51+09:00,added,n68e93dbc6991,mdbf1f88c8d0d
2026-08-26T11:12:51+09:00,added,n68e93dbc6991,m349b3be90eb0
2026-08-26T11:12:51+09:00,added,n68e93dbc6991,m53a3c3b5d431
2026-08-26T11:12:51+09:00,added,n68e93dbc6991,m862869c2ff9e
2026-08-26T11:12:51+09:00,added,n68e93dbc6991,m11881a67a893
2026-08-26T11:12:51+09:00,added,n8af3bbcf083f,m99b46114934e
2026-08-26T21:53:19+09:00,added,n68e93dbc6991,m54c3e22e02f7
2026-08-26T21:53:19+09:00,added,n68e93dbc6991,mf2d7c09eeca9
2026-08-27T02:22:23+09:00,added,n68e93dbc6991,mde4c96ef2f7a
2026-08-27T02:22:23+09:00,added,nb528c4f5ca52,m30a248399fe0
2026-08-27T18:09:06+09:00,added,n68e93dbc6991,ma63ebc4d452b
2026-08-27T18:09:06+09:00,added,n68e93dbc6991,m531dee90a84a
2026-08-28T00:39:07+09:00,added,nd873fb4fc550,m4368482f405e
2026-08-28T00:39:07+09:00,added,nd873fb4fc550,m159accc3fe04
2026-08-29T02:00:10+09:00,added,n236084cf5361,m9186cf842d83
2026-08-29T02:00:10+09:00,added,n236084cf5361,m4aeb36de2c8d
2026-08-29T02:00:10+09:00,added,n236084cf5361,m7c6250436755
2026-08-29T02:00:10+09:00,added,n236084cf5361,m83b0e4ce814d
2026-08-29T10:00:04+09:00,added,n8e1ee13d685c,m68e1fbded795
2026-08-29T12:14:47+09:00,added,n236084cf5361,m26d93ca7080b
2026-08-29T12:14:47+09:00,added,n68e93dbc6991,m42d8f904bef0
2026-08-29T12:14:47+09:00,added,n8af3bbcf083f,m5b736bc5ae85
2026-08-29T12:14:47+09:00,added,ncb752fc29fb8,m5b736bc5ae85
2026-08-29T12:14:47+09:00,added,n877c3f0a5066,m5b736bc5ae85
2026-08-29T12:14:47+09:00,added,n2abee5e04c9c,m5b736bc5ae85
2026-08-29T12:14:47+09:00,added,nd858421ffd8b,m5b736bc5ae85
2026-08-29T12:14:47+09:00,added,n6c13d41b1763,m5b736bc5ae85
2026-08-29T12:14:47+09:00,added,n708dbb899be1,m5b736bc5ae85
2026-08-29T12:14:47+09:00,added,nb458a6d73ad7,m68e1fbded795
2026-08-29T12:14:47+09:00,added,n763c9b7d5b4c,m5b736bc5ae85
2026-08-29T12:14:47+09:00,added,nb6cf9fbc9dbb,m5b736bc5ae85
2026-08-29T12:14:47+09:00,added,n1f162ee23813,m5b736bc5ae85
2026-08-29T12:14:47+09:00,added,n88d17ddf7284,m5b736bc5ae85
2026-08-29T12:14:47+09:00,added,nf9aed028fbc4,m5b736bc5ae85
2026-08-29T12:14:47+09:00,added,nfc1294efa033,m5b736bc5ae85
2026-08-29T12:14:47+09:00,added,ne218884f2907,m5b736bc5ae85
2026-08-29T12:14:47+09:00,added,nf1982f6b5790,m5b736bc5ae85
2026-08-29T12:14:47+09:00,added,n62a61aa180b5,m5b736bc5ae85
2026-08-29T12:14:47+09:00,added,n65250d53835d,m5b736bc5ae85
2026-08-29T12:14:47+09:00,added,n04a058090875,m5b736bc5ae85
2026-08-29T12:14:47+09:00,added,n72396e629212,m5b736bc5ae85
2026-08-29T12:14:47+09:00,added,nfa3e7f5f35dd,m5b736bc5ae85
2026-08-29T12:14:47+09:00,added,necf8c83a45ce,m42d8f904bef0
2026-08-29T12:14:47+09:00,added,n10c81b4f1246,m5b736bc5ae85
2026-08-29T12:14:47+09:00,added,n1d74551f37e5,m5b736bc5ae85
2026-08-29T12:14:47+09:00,added,nc65df63fb6b0,m5b736bc5ae85
2026-08-29T12:14:47+09:00,added,na974e951fde9,m5b736bc5ae85
2026-08-29T12:14:47+09:00,added,nc8d3ddfbdc99,m68e1fbded795
2026-08-29T12:14:47+09:00,added,n004898811929,m5b736bc5ae85
2026-08-29T12:14:47+09:00,added,nfc2de067f800,m5b736bc5ae85
2026-08-29T12:14:47+09:00,added,nd15f0e02f192,m42d8f904bef0
2026-08-29T12:14:47+09:00,added,ne680d9cf0cf3,m5b736bc5ae85
2026-08-29T12:14:47+09:00,added,n918d14ad8244,m42d8f904bef0
2026-08-29T12:14:47+09:00,added,n48d97abd65a7,m5b736bc5ae85
2026-08-29T12:14:47+09:00,added,n7ad6d832d453,m42d8f904bef0
2026-08-29T12:14:47+09:00,added,nd86a4287e392,m42d8f904bef0
2026-08-29T12:14:47+09:00,added,n501070c1d754,m5b736bc5ae85
2026-08-29T12:14:47+09:00,added,na7c6e6d4dd97,m5b736bc5ae85
2026-08-29T12:14:47+09:00,added,n2a1247b3ec86,m5b736bc5ae85
2026-08-29T12:14:47+09:00,added,ne2ce00f014a1,m5b736bc5ae85
