comment_id,note_key,user_key,user_name,user_urlname,user_icon,commented_at,body
ncecf6e010a31f,nfa8d47a22c3a,7fe2d45e57e6454023adfaed13c8503e,おじAI＠ランタン親父｜人生後半のnote収益化案内所,ojieai,https://assets.st-note.com/production/uploads/images/278318742/profile_5a2f97af4e2b8a12230800fd191094d6.png?fit=bounds&format=jpeg&quality=85&width=330,2026-05-27T20:08:39.646+09:00,"はじめまして！62歳で人生後半から再挑戦している、あんどん親父ことおじAIと申します。

サイトマップを拝読しました。

教育、政治哲学、国際政治、創作、寓話、読書、音楽、note論、そしてミラクルラッキー教団まで。

Kingさんの思考の広がりが、そのまま地図になっているようで、とても面白く読ませていただきました😊

特に、

「Kingという考える葦が、考えていることを文章という形で残してあります」

この表現が印象に残りました。

ただ記事を並べているだけではなく、
自分の思考のセーブデータを置いているような場所なのですね。

ミラクルラッキー教団というネタの軽さと、
その奥にある哲学的な視点のギャップも魅力的だと感じました。

読者にとっては、どこから入ってもKingさんの世界に触れられる案内板のような記事ですね。

Kingさんにとって、今いちばん育てていきたいのは、
創作大賞に応募されている物語でしょうか？
それとも、ミラクルラッキー教団の世界観でしょうか？

Always。
おじAIより。
"
nc182ded841e75,nfa8d47a22c3a,10b6a01cab2e8333891d0a52c9308752,月が綺麗ですね,great_shark9325,https://assets.st-note.com/production/uploads/images/257275284/profile_60facf29c58d7534bf2094f0993df55c.png?fit=bounds&format=jpeg&quality=85&width=330,2026-05-26T23:41:20.305+09:00,"Kingさん
またまたマガジン追加ありがとうございます😊

夜分のお礼、失礼しました😅💦
これからもよろしくお願いします✨"
nc62045f00ae60,nfa8d47a22c3a,4dc0167ecb3a59ff0a2d9f8f092094a6,余滴のわさび,onedrop_wasabi2,https://assets.st-note.com/production/uploads/images/274209527/profile_dc28165aba358688d239e4ec9225b0ad.png?fit=bounds&format=jpeg&quality=85&width=330,2026-05-26T22:49:13.308+09:00,"このたびも記事をマガジンに掲載してくださり、ありがとうございます✨
こうして物語や記事を見つけていただき、さらに新しい読者の方へ届くきっかけをいただけること、とても嬉しく思っています。
これからも丁寧に物語を綴っていきたいと思います。
本当にありがとうございます😊"
nc3202850d231f,nfa8d47a22c3a,fe6a3dfbf579f7f9f0eadb36aa5260ab,しずく,lucky_ram4890,https://assets.st-note.com/production/uploads/images/270484515/profile_f2deb3775d1acb5fb6b143d8ce8fd4b7.png?fit=bounds&format=jpeg&quality=85&width=330,2026-05-26T13:50:47.669+09:00,"kingさん
こんにちは😃

また新たに追加していただき、ありがとうございます。

皆さまと繋がっていくようで
嬉しい限りです( ´ ▽ ` )
心からの感謝を申し上げます😊
"
nc16df00dc32cb,nfa8d47a22c3a,10b6a01cab2e8333891d0a52c9308752,月が綺麗ですね,great_shark9325,https://assets.st-note.com/production/uploads/images/257275284/profile_60facf29c58d7534bf2094f0993df55c.png?fit=bounds&format=jpeg&quality=85&width=330,2026-05-25T17:45:26.186+09:00,"Kingさん
再び追加嬉しいです😊"
nc29732514ccd5,nfa8d47a22c3a,10b6a01cab2e8333891d0a52c9308752,月が綺麗ですね,great_shark9325,https://assets.st-note.com/production/uploads/images/257275284/profile_60facf29c58d7534bf2094f0993df55c.png?fit=bounds&format=jpeg&quality=85&width=330,2026-05-25T17:31:29.494+09:00,"Kingさん
はじめまして。
ご縁を繋いでいただき、ありがとうございます😊
これからもよろしくお願いします✨"
nce4e5af8d8f64,nfa8d47a22c3a,4dc0167ecb3a59ff0a2d9f8f092094a6,余滴のわさび,onedrop_wasabi2,https://assets.st-note.com/production/uploads/images/274209527/profile_dc28165aba358688d239e4ec9225b0ad.png?fit=bounds&format=jpeg&quality=85&width=330,2026-05-24T21:20:53.281+09:00,"はじめまして。 記事をご紹介いただき、ありがとうございます！
開設したばかりなので、とても励みになります。 これから少しずつ物語を投稿していく予定ですので、どうぞよろしくお願いいたします。"
nc03290103c73a,nfa8d47a22c3a,e6d7fdb3a0b7d46d8cf076ecd7ae5dc2,まり　〜ちいさなてのひら〜,rainbow_hoiku,https://assets.st-note.com/production/uploads/images/221557096/profile_c180a9f8c7a8b17473a2aa3cb5a07cd2.jpeg?fit=bounds&format=jpeg&quality=85&width=330,2026-05-24T09:18:18.168+09:00,"kingさん　はじめまして。
素敵なマガジンの仲間に入れていただきありがとうございます！
わたしもこちらのマガジンを楽しませていただきますね✨"
ncff9036029809,nfa8d47a22c3a,5d232a81fe8dac4e7e4ecaeaa348ba91,旅するマリーナ,marina_cafe,https://assets.st-note.com/production/uploads/images/211196023/profile_33378269879fd0029322ad3ca470b3b4.jpeg?fit=bounds&format=jpeg&quality=85&width=330,2026-05-24T04:29:53.473+09:00,"kingさん、自己紹介を読ませて頂き、圧倒的な行動力と世界観の広さに衝撃を受けています。
記事のマガジン紹介をありがとうございます。"
nc859bda940598,nfa8d47a22c3a,df81f6daa3b1badcea1e7a9aed134554,MeiMei,happy_bibi88,https://assets.st-note.com/production/uploads/images/246492250/profile_40c6320c73cb9a9473f24655f3366059.jpg?fit=bounds&format=jpeg&quality=85&width=330,2026-05-23T22:57:07.020+09:00,"マガジンに紹介して頂きありがとうございます。
今後ともよろしくお願いします🙏"
nc53ba3854779e,nfa8d47a22c3a,4cbadc9bd7b2c79ef8a1c84d735d5aee,J子,regal_yucca4972,https://assets.st-note.com/production/uploads/images/275777517/profile_e9aceb14cfad7b1e599d8d39f6ec0db6.png?fit=bounds&format=jpeg&quality=85&width=330,2026-05-23T14:48:08.579+09:00,"初めまして　kingさん！
マガジンに紹介して頂きありがとうございました☆
不慣れですが、よろしくお願いします^ ^"
ncddba3316bb12,nfa8d47a22c3a,58e8718b82d8bb24a98faa2e3b12b526,たび.　,51shinya,https://assets.st-note.com/production/uploads/images/259902729/profile_b80db7bab49f37404000d03424d13de3.png?fit=bounds&format=jpeg&quality=85&width=330,2026-05-23T13:06:15.777+09:00,"kingさん、はじめまして！
記事をマガジンでご紹介いただきありがとうございます。

これから、深く記事を拝読させていただきます。
今後ともよろしくお願いいたします。"
ncb42104521fed,nfa8d47a22c3a,00f7301e058e20fbe66903f50ec4b115,ゆるしまshow｜小説．体験談．HSP．AC,pyontee_pooh,https://assets.st-note.com/production/uploads/images/280419593/profile_6eb68dba01f69b81a5ffdc14a53c9030.png?fit=bounds&format=jpeg&quality=85&width=330,2026-05-23T10:30:00.258+09:00,"kingさん、私の記事をマガジンに追加していただき、ありがとうございます✨
まだまだkingさんの記事も読ませてもらいますね😋"
nca0149ad9ad07,nfa8d47a22c3a,c2bf3fb737356ce4e0b1f47b310ccf53,音琴 ～go_chara～,lucid_hornet2442,https://assets.st-note.com/production/uploads/images/241037615/profile_011d60ebf0e17e1956abc71bc4156c2f.png?fit=bounds&format=jpeg&quality=85&width=330,2026-05-21T14:10:10.919+09:00,"Kingさん、こんにちは。
フォローありがとうございます！

いつも私の記事をマガジン登録頂き、
ありがとうございます。
いつも感謝の想いでいっぱいです＾＾

これからも、宜しくお願い致します(*- -)(*_ _)ペコリ"
nc3277f1ac31e0,nfa8d47a22c3a,f2a55d2f97f079ab0df510a2c19397fa,ぷっぷる,rich_moose3756,https://assets.st-note.com/production/uploads/images/247930453/profile_056c49f5bf7f07cdcc784fbf2ff720c7.png?fit=bounds&format=jpeg&quality=85&width=330,2026-05-20T19:53:31.054+09:00,"Kingさま

こんばんは

本日もマガジン掲載のご支援
ありがとうございます✨
全く陽の目を見なかった作品に
短時間で♥️が入る事実。
Kingさまのマガジンの凄さを
目の当たりにしました☺️

大賞に向けて作品に集中
されるとのこと✨
頑張ってください🍀
Kingさま、15.000回のスキ
素晴らしいです✨
私、本日念願の
10.000回スキを達成
致しました✨
言うところがなかったので、
書いてみました(笑)☺️

長々と✨
また、お世話になることも
あると思いますので、
マガジン掲載のご支援、
お気遣いなさらないよう、
執筆に邁進して頂ければ
幸いです🍀

お忙しい中、失礼しました🍀😊
(♥️ポチっで☺️ 書くなよ 😊
でございます(笑))
"
nce8f753bed049,nfa8d47a22c3a,ca17527cfe63f65cebf3883988786b79,donchan1962,donchan_13,https://assets.st-note.com/production/uploads/images/183217910/profile_a33ecb57f18c7bbea28e041c386d47a2.jpeg?fit=bounds&format=jpeg&quality=85&width=330,2026-05-20T15:45:08.090+09:00,"こんにちは
恐縮です。この場をお借りして、コメント失礼します
記事、マガジンへの追加ありがとうございます
感謝の意を申し上げます"
nc53d3f25c3ddf,nfa8d47a22c3a,18f911aa4dc5970806046eca506dd218,ＣＯＯＬ,vast_tulip7937,https://assets.st-note.com/production/uploads/images/271416481/profile_2ad0ca9caa57d9e15e2778f354874128.jpg?fit=bounds&format=jpeg&quality=85&width=330,2026-05-20T13:24:14.700+09:00,"Kingさん！
またまたマガジンへの登録いただきありがとうございました😊
スキ押すなよ!記事にポチッてしまいました💦
これからもよろしくお願いします🤲"
nce4ab565ec601,nfa8d47a22c3a,55f93ac5262964a4284201e654fb67aa,ミカモ（Mica Moriya）,micha_mor,https://assets.st-note.com/production/uploads/images/275715491/profile_af362b3aaa61e2bb63c25db3e9a06895.png?fit=bounds&format=jpeg&quality=85&width=330,2026-05-20T12:40:02.870+09:00,"Kingさま

マガジンへの追加誠にありがとうございます😊
ほんとうに感謝しております🙇‍♀️"
nc1eeb476b9bd2,nfa8d47a22c3a,dcde65e3b357f1305af473cbbc1c03d0,Biisa|美沙,biisa_ccw,https://assets.st-note.com/production/uploads/images/254124770/profile_59109f84b85bd613f97277d37a1c96bc.png?fit=bounds&format=jpeg&quality=85&width=330,2026-05-19T18:28:10.766+09:00,"King様
いつもありがとうございます✨マガジンに追加していただき嬉しいです☺️♪"
ncaf305d5ec57d,nfa8d47a22c3a,39a8447172b870676bb7b8ce5cebd141,持たざる者の再起録,ya1huwahuwa,https://assets.st-note.com/production/uploads/images/256022750/profile_9bbd6c1baaf11ecb978687248758b24e.png?fit=bounds&format=jpeg&quality=85&width=330,2026-05-18T21:40:36.610+09:00,"king様

またマガジン追加いただきありがとうございます😊

今日も記事アップ予定ですので、またよろしくお願いします。

いつも本当に感謝しております。"
nc74fb948b517f,nfa8d47a22c3a,ca17527cfe63f65cebf3883988786b79,donchan1962,donchan_13,https://assets.st-note.com/production/uploads/images/183217910/profile_a33ecb57f18c7bbea28e041c386d47a2.jpeg?fit=bounds&format=jpeg&quality=85&width=330,2026-05-18T21:25:27.511+09:00,"こんばんは🌆
恐縮です。
この場をお借りして、コメント失礼します
記事、マガジンへの追加ありがとうございます
感謝の意を申し上げます"
nc805c88cf82e3,nfa8d47a22c3a,95a38612bf54fc0e49410aee53ddff67,銀狐職長。（社畜Lv5.0）,chic_dill1667,https://assets.st-note.com/production/uploads/images/280417594/profile_e57acee1716b71f152bc22e1fd0ced85.png?fit=bounds&format=jpeg&quality=85&width=330,2026-05-18T07:26:48.926+09:00,"初めまして🙆🙇
突然のフォローをお許しください🫡

雫さんのところからお邪魔しました☺️
そしてマガジン追加もありがとうございます🙆

今後もどうぞよろしくお願いします🤤"
ncf11b0e0a1818,nfa8d47a22c3a,dccbf815920389e75860a9b739ecd926,けいさん【児童心理治療施設の施設長】,just_newt2661,https://assets.st-note.com/production/uploads/images/263084717/profile_0083bf5326c5b15bd40193ff274e7ac1.jpeg?fit=bounds&format=jpeg&quality=85&width=330,2026-05-18T06:29:49.922+09:00,"初めまして😊
マガジンへの追加ありがとうございます！"
nc44e1b87b9e78,nfa8d47a22c3a,ca17527cfe63f65cebf3883988786b79,donchan1962,donchan_13,https://assets.st-note.com/production/uploads/images/183217910/profile_a33ecb57f18c7bbea28e041c386d47a2.jpeg?fit=bounds&format=jpeg&quality=85&width=330,2026-05-17T20:07:35.956+09:00,"こんばんは🌆
恐縮です。この場をお借りして、コメント失礼します
記事、マガジンへの追加ありがとうございます
感謝の意を申し上げます"
nccd51ac869218,nfa8d47a22c3a,333903e118ccc5fa63c52890495f1bc7,えりぃ｜ココロの片づけ案内人,dear_cosmos7591,https://assets.st-note.com/production/uploads/images/264186033/profile_f8cab5b3e0f385786ab81493435f9e38.png?fit=bounds&format=jpeg&quality=85&width=330,2026-05-17T10:33:30.299+09:00,"Ｋｉｎｇさん、はじめまして🌈
瀬海さんのところから参りました😊💕
とても興味深い記事が盛りだくさんですね！！
Ｋｉｎｇさんの多彩さが伝わります。
そして、私の記事もマガジンに追加していただき
ありがとうございました😮✨
ご縁に感謝です💐"
nc3071aeaccbe5,nfa8d47a22c3a,2b37412dfb546a8b7c876095b50219c6,スケールアイシステム公式記録,tasty_yarrow630,https://assets.st-note.com/production/uploads/images/264413608/profile_40ff28d2273b9923fdec2dee96356977.png?fit=bounds&format=jpeg&quality=85&width=330,2026-05-16T21:52:31.199+09:00,"めちゃくちゃ気になったんですが🤣

「中卒から偏差値80」って、
そこに行くまでの過程かなり知りたいです🙂

独学なのか、
環境があったのか、
どこで伸びたのかとか。

そこ、普通にnoteで需要ありそう🤣"
ncde06c8d27b42,nfa8d47a22c3a,ca17527cfe63f65cebf3883988786b79,donchan1962,donchan_13,https://assets.st-note.com/production/uploads/images/183217910/profile_a33ecb57f18c7bbea28e041c386d47a2.jpeg?fit=bounds&format=jpeg&quality=85&width=330,2026-05-16T18:58:53.298+09:00,"こんばんは🌇
恐縮です。この場をお借りして、コメント失礼します
記事、マガジンへのコメントありがとうございます
感謝の意を申し上げます"
ncf585f43ae194,nfa8d47a22c3a,b5e006d54eabf40ba489e2aa1729ef84,ぼぶ＠元保育士✖️初産プレママ,bobu_438,https://assets.st-note.com/production/uploads/images/266049878/profile_18545ac490be93afac3e8a53f8a0a972.jpg?fit=bounds&format=jpeg&quality=85&width=330,2026-05-16T16:07:08.714+09:00,"初めまして。
マガジンへの追加、ありがとうございます☺️
嬉しさと、記事を書く励みになりました！
これからよろしくお願いします✨"
nc32800ce0f425,nfa8d47a22c3a,83fad77e31a6c935ecc9efcc414620fc,こに,coni0624,https://assets.st-note.com/production/uploads/images/263845084/profile_fcac4b21de4877d4bb2ed474c4f10238.jpg?fit=bounds&format=jpeg&quality=85&width=330,2026-05-16T15:32:11.691+09:00,"Kingさま。
素敵なマガジンへの追加、光栄です😊
ありがおつございます🍀
これからも立ち寄らせていただきます。
よろしくお願いいたします💓"
nc59d3cc78498d,nfa8d47a22c3a,ca17527cfe63f65cebf3883988786b79,donchan1962,donchan_13,https://assets.st-note.com/production/uploads/images/183217910/profile_a33ecb57f18c7bbea28e041c386d47a2.jpeg?fit=bounds&format=jpeg&quality=85&width=330,2026-05-15T19:27:08.660+09:00,"恐縮です。この場をお借りして、コメント失礼します
記事、マガジンへの追加ありがとうございます
感謝の意を申し上げます"
ncc07301c1bfb9,nfa8d47a22c3a,a306ec4c8cd7e48919e31ed3f56f22f2,人生の脚本家｜陽,aoki41mizuki,https://assets.st-note.com/production/uploads/images/251437637/profile_e50516ba07ee9a67626217977c4371c7.jpeg?fit=bounds&format=jpeg&quality=85&width=330,2026-05-14T22:15:12.996+09:00,"Kingさん✨
いつも本当にありがとうございます！
そして、素敵なマガジンにも載せて頂き感動しております🥺
今後とも末長くよろしくお願いいたしますm(_ _)m
連載あと少し書き切ったら、ゆっくり立ち寄らせて頂きますね🍀🍀"
nc7e87d471c1a1,nfa8d47a22c3a,dcde65e3b357f1305af473cbbc1c03d0,Biisa|美沙,biisa_ccw,https://assets.st-note.com/production/uploads/images/254124770/profile_59109f84b85bd613f97277d37a1c96bc.png?fit=bounds&format=jpeg&quality=85&width=330,2026-05-14T22:00:30.709+09:00,"King様
今日もマガジンに追加をしてくださいましてありがとうございます🙇‍♀️
いつも感謝しております✨
"
nc525c58650062,nfa8d47a22c3a,ca17527cfe63f65cebf3883988786b79,donchan1962,donchan_13,https://assets.st-note.com/production/uploads/images/183217910/profile_a33ecb57f18c7bbea28e041c386d47a2.jpeg?fit=bounds&format=jpeg&quality=85&width=330,2026-05-14T19:17:03.979+09:00,"早っ、🤭
コメント失礼します
記事、マガジンへの追加ありがとうございます
感謝の意を申し上げます"
nc9e09e321c397,nfa8d47a22c3a,0034f435e18c33b08d11ff521a163d02,アラフィフおじさん再起動中｜生活立て直し実験,chiisanahata,https://assets.st-note.com/production/uploads/images/278693836/profile_f4865fc84e583606bcc2a9083b4470eb.jpeg?fit=bounds&format=jpeg&quality=85&width=330,2026-05-14T08:34:23.406+09:00,"Kingさん、マガジン追加していただき、とてもうれしいです😊
ありがとうございます😊
今後とも宜しくお願いします🙇"
ncaec287aef325,nfa8d47a22c3a,dcde65e3b357f1305af473cbbc1c03d0,Biisa|美沙,biisa_ccw,https://assets.st-note.com/production/uploads/images/254124770/profile_59109f84b85bd613f97277d37a1c96bc.png?fit=bounds&format=jpeg&quality=85&width=330,2026-05-13T23:23:13.019+09:00,"King様
マガジンへの追加とマガジンのフォローをしてくださいまして、ありがとうございます🙇‍♀️
いつも感謝しております✨"
nc354dae66718d,nfa8d47a22c3a,1ef4435612c1f36fd963bcdd8ace0d73,のあ｜自分に戻る思索note,joyful_salvia906,https://assets.st-note.com/production/uploads/images/244581020/profile_a075505b43aab98267d3b165ed95521a.png?fit=bounds&format=jpeg&quality=85&width=330,2026-05-13T20:28:28.666+09:00,"Kingさん
こんばんは。
マガジン追加していただき、うれしいです😊
ありがとうございます。"
nc87df5eb4d694,nfa8d47a22c3a,4192103d183ed121ae476f26f5beeacd,ｓｅｏｒｉ🧚‍♂,alert_flea4300,https://assets.st-note.com/production/uploads/images/251233872/profile_a236648303f13b0eeefec428f70a3f42.jpg?fit=bounds&format=jpeg&quality=85&width=330,2026-05-13T14:53:24.851+09:00,"Ｋｉｎｇさん🧚‍♂

親友記事🌱　✨マガジン載せて下さって
感謝💗！！しています

親友との　最後の出雲大社⛩️神在祭
色んな　想いれが　あります😊

多くの方々に　マガジン通して伝わって
くださると　嬉しい💕です


　いつも　💜ありがとうございます🙏
"
nc967aacd343b6,nfa8d47a22c3a,dcde65e3b357f1305af473cbbc1c03d0,Biisa|美沙,biisa_ccw,https://assets.st-note.com/production/uploads/images/254124770/profile_59109f84b85bd613f97277d37a1c96bc.png?fit=bounds&format=jpeg&quality=85&width=330,2026-05-13T00:04:15.048+09:00,"King様
マガジン追加嬉しいです！
いつも本当にありがとうございます✨"
nc9ad46e5b96e0,nfa8d47a22c3a,39a8447172b870676bb7b8ce5cebd141,持たざる者の再起録,ya1huwahuwa,https://assets.st-note.com/production/uploads/images/256022750/profile_9bbd6c1baaf11ecb978687248758b24e.png?fit=bounds&format=jpeg&quality=85&width=330,2026-05-12T21:28:04.868+09:00,"Kingさん

またマガジン追加していただいて、ありがとうございます。

Kingさんがいつも読んでもらえる場所を作ってくださって、本当に嬉しいです。😊"
nc2edf1cb539c3,nfa8d47a22c3a,88a9dca85acaa41d4e74ca9cc2a0d8ca,シンクロニシティー｜人生再起100日,synchro_zero,https://assets.st-note.com/production/uploads/images/255350262/profile_35db2d27d769f8dd89b09391b1c7cb85.jpg?fit=bounds&format=jpeg&quality=85&width=330,2026-05-12T18:10:59.227+09:00,"kingさん
またまた、記事のご紹介ありがとうございます🙇
また、お越しやすぅ～😆🤣"
nc5e71cc921913,nfa8d47a22c3a,056a18ed82e925cfd3845f0f29dbc538,まっちー｜人生を旅するデザイナー,laptraveller,https://assets.st-note.com/production/uploads/images/279459527/profile_f549333afacf41d9f4d3624d61ce0061.png?fit=bounds&format=jpeg&quality=85&width=330,2026-05-12T07:06:16.268+09:00,"はじめまして！
このたびはマガジンへの追加ありがとうございます☺️
Kingさんの世界観スキです🥰
これからよろしくお願いいたします！"
ncc8a79216df6a,nfa8d47a22c3a,dcde65e3b357f1305af473cbbc1c03d0,Biisa|美沙,biisa_ccw,https://assets.st-note.com/production/uploads/images/254124770/profile_59109f84b85bd613f97277d37a1c96bc.png?fit=bounds&format=jpeg&quality=85&width=330,2026-05-12T00:10:27.391+09:00,"King様
マガジンにまた加えてくださってありがとうございます✨
嬉しいですBii♪♪♪"
ncc402c4dddcc3,nfa8d47a22c3a,ca17527cfe63f65cebf3883988786b79,donchan1962,donchan_13,https://assets.st-note.com/production/uploads/images/183217910/profile_a33ecb57f18c7bbea28e041c386d47a2.jpeg?fit=bounds&format=jpeg&quality=85&width=330,2026-05-11T18:36:41.348+09:00,"こんばんは🌇
恐縮です。この場をお借りして、コメント失礼します
記事、マガジンへの追加ありがとうございます
感謝の意を申し上げます"
nc8bb14e7eac36,nfa8d47a22c3a,031a96c67c576e3bfc12a86d2606bd97,ココミチ＠ゆきの,hot_mink9599,https://assets.st-note.com/production/uploads/images/212559417/profile_9dbf6c222d0c87810aeff185afbd7f95.jpg?fit=bounds&format=jpeg&quality=85&width=330,2026-05-10T20:16:45.628+09:00,"Kingさん、こんばんは

「渡りきれない夜は、橋の途中でいい」
「過去を思い出して立ち止まる夜に」を
迎え入れてくださり、ありがとうございます

「また読みに行きますね」という先日の言葉通りに
こうして再び訪ねていただけたこと
とてもうれしく思っています

Kingさんの夜のそばに、そっと
置いていただけるものがあれば幸いです

ゆきの"
nc781dff04a1a7,nfa8d47a22c3a,dcde65e3b357f1305af473cbbc1c03d0,Biisa|美沙,biisa_ccw,https://assets.st-note.com/production/uploads/images/254124770/profile_59109f84b85bd613f97277d37a1c96bc.png?fit=bounds&format=jpeg&quality=85&width=330,2026-05-10T20:14:27.250+09:00,"King様
マガジン追加をありがとうございます♪
懐かしい✨
私の初めての投稿記事です😆"
nca6ad03010520,nfa8d47a22c3a,ca17527cfe63f65cebf3883988786b79,donchan1962,donchan_13,https://assets.st-note.com/production/uploads/images/183217910/profile_a33ecb57f18c7bbea28e041c386d47a2.jpeg?fit=bounds&format=jpeg&quality=85&width=330,2026-05-10T19:27:04.597+09:00,"こんばんは🌇
恐縮です。この場をお借りして、コメント失礼します
記事、マガジンへの追加ありがとうございます
感謝の意を申し上げます"
nc40e6a1f29fc1,nfa8d47a22c3a,0b90f02e9e1b6ba94970e3c3095cce58,ひより,wise_eel1287,https://assets.st-note.com/production/uploads/images/267270619/profile_c195c7237136db8daef1df4692e9274e.png?fit=bounds&format=jpeg&quality=85&width=330,2026-05-09T21:01:05.497+09:00,"Kingさん、初めまして🌸
マガジンに追加してくださり、ありがとうございます☺️ 読んでいただけて、とても嬉しいです。 これからも、どうぞよろしくお願いします🌷"
ncae2a7f4f1184,nfa8d47a22c3a,ca17527cfe63f65cebf3883988786b79,donchan1962,donchan_13,https://assets.st-note.com/production/uploads/images/183217910/profile_a33ecb57f18c7bbea28e041c386d47a2.jpeg?fit=bounds&format=jpeg&quality=85&width=330,2026-05-09T19:45:23.605+09:00,"こんばんは🌆
恐縮です。この場をお借りして、コメント失礼します
記事、マガジンへの追加ありがとうございます
感謝の意を申し上げます
"
nc8e4e3a7d407a,nfa8d47a22c3a,fe6a3dfbf579f7f9f0eadb36aa5260ab,しずく,lucky_ram4890,https://assets.st-note.com/production/uploads/images/270484515/profile_f2deb3775d1acb5fb6b143d8ce8fd4b7.png?fit=bounds&format=jpeg&quality=85&width=330,2026-05-09T17:50:41.171+09:00,"kingさん
はじめまして。
マガジンに追加していただき、ありがとうございます( ´ ▽ ` )
新たなご縁に感謝です😊"
nc8549b958257c,nfa8d47a22c3a,2c616235616aa044598179970ebf0307,NEKØ:CODE  (ネココード)｜AIと紡ぐ物語と音楽,nekocode,https://assets.st-note.com/production/uploads/images/253297707/profile_92b561c8fbc88f2128e28875d5daf18c.png?fit=bounds&format=jpeg&quality=85&width=330,2026-05-08T20:06:12.444+09:00,"kingさん、はじめまして☺️✨
記事を素敵なマガジンに追加いただきありがとうございます♪
とても嬉しいです💐

いろいろな記事を書かれているのですね。Sunoを始めたが気になりました🎧楽曲聴かせていただきます✨

またちょくちょくお邪魔しますね🐾"
nc6cf6e258648c,nfa8d47a22c3a,34987bbf50be44cfbc1419a1df6f8760,ツムジ,tsumuji264,https://assets.st-note.com/production/uploads/images/231588271/profile_d0f51b83720ce83ce2be707571e96762.png?fit=bounds&format=jpeg&quality=85&width=330,2026-05-08T19:05:04.429+09:00,"Kingさん
こんばんは！
ご連絡遅くなりましたが、またまたマガジンに追加いただきありがとうございます😭
これからもよろしくお願いいたします🙇‍♂️"
ncab0e80c83147,nfa8d47a22c3a,c2bf3fb737356ce4e0b1f47b310ccf53,音琴 ～go_chara～,lucid_hornet2442,https://assets.st-note.com/production/uploads/images/241037615/profile_011d60ebf0e17e1956abc71bc4156c2f.png?fit=bounds&format=jpeg&quality=85&width=330,2026-05-08T17:21:26.489+09:00,"Kingさん、

マガジンに追加していただきありがとうございます！
いつも感謝でいっぱいです。(*- -)(*_ _)ペコリ"
ncedca27fe8296,nfa8d47a22c3a,ca17527cfe63f65cebf3883988786b79,donchan1962,donchan_13,https://assets.st-note.com/production/uploads/images/183217910/profile_a33ecb57f18c7bbea28e041c386d47a2.jpeg?fit=bounds&format=jpeg&quality=85&width=330,2026-05-08T15:21:00.606+09:00,"こんにちは
恐縮です。この場をお借りして、コメント失礼します
記事、マガジンへの追加ありがとうございます
感謝の意を申し上げます"
nc4436e94c6cfc,nfa8d47a22c3a,39a8447172b870676bb7b8ce5cebd141,持たざる者の再起録,ya1huwahuwa,https://assets.st-note.com/production/uploads/images/256022750/profile_9bbd6c1baaf11ecb978687248758b24e.png?fit=bounds&format=jpeg&quality=85&width=330,2026-05-08T12:22:54.862+09:00,"Kingさん

またマガジン追加ありがとうございます😊

個人的に思い入れがある記事でしたので、本当にうれしいです。

日々アンテナバリ3で過ごすよう頑張ります❗️笑"
nc8970a8c60e75,nfa8d47a22c3a,dcde65e3b357f1305af473cbbc1c03d0,Biisa|美沙,biisa_ccw,https://assets.st-note.com/production/uploads/images/254124770/profile_59109f84b85bd613f97277d37a1c96bc.png?fit=bounds&format=jpeg&quality=85&width=330,2026-05-08T11:11:10.327+09:00,"King様
こんにちは🍀
私の小説を読んでくださり、マガジンにも掲載してくださいましてありがとうございます✨
創作の大きな励みになっております！
心より感謝申し上げます✨"
nc6b9e720fd39e,nfa8d47a22c3a,ca17527cfe63f65cebf3883988786b79,donchan1962,donchan_13,https://assets.st-note.com/production/uploads/images/183217910/profile_a33ecb57f18c7bbea28e041c386d47a2.jpeg?fit=bounds&format=jpeg&quality=85&width=330,2026-05-07T20:03:44.862+09:00,"こんばんは🌆
恐縮です。
この場をお借りして、コメント失礼します。
記事、マガジンへの追加ありがとうございます。
感謝の意を申し上げます。"
nc3dc95be34c88,nfa8d47a22c3a,9633eff8320d8b84d043512ec509e595,無口,lucky_ferret8634,https://assets.st-note.com/production/uploads/images/193376357/profile_bd0a6c05116c59eff5ef8c88a9a77fd4.png?fit=bounds&format=jpeg&quality=85&width=330,2026-05-07T18:20:56.838+09:00,"Kingさん、こんばんは

無口と申します。

マガジン登録いただき嬉しいです。
ありがとうございます。

サイトマップも拝見しましたが、noteだけでなく、Xやmond、Instagram、Sunoまで幅広く動かれていて、かなりアクティブに発信されている印象でした。

創作や読書、哲学系の文章も含めて、いろいろな入口を作られているのが面白いですね。

今後ともよろしくお願いいたします。"
nc9bad54f978a9,nfa8d47a22c3a,031a96c67c576e3bfc12a86d2606bd97,ココミチ＠ゆきの,hot_mink9599,https://assets.st-note.com/production/uploads/images/212559417/profile_9dbf6c222d0c87810aeff185afbd7f95.jpg?fit=bounds&format=jpeg&quality=85&width=330,2026-05-07T08:01:46.277+09:00,"Kingさん、おはようございます

今回も「マガジンtysm:)」に、「咲かなくても美しい」と
「変わったかどうかわからない五月に」を、並べてくださり
ありがとうございます

先日、「比喩が良かったです」と
言葉をかけてくださったことが静かに心に残っていました

続けて置いていただけたこと、あたたかく受け取っています

ゆきの"
nc1e7a60db73b7,nfa8d47a22c3a,d29c2432624c1087ec7f89cc2f079dbe,美咲サヤ,crisp_gecko6337,https://assets.st-note.com/production/uploads/images/267718350/profile_d73fda1af8e66cc2c55152264f38ff50.png?fit=bounds&format=jpeg&quality=85&width=330,2026-05-06T20:19:57.088+09:00,"Kingさん、こんばんは！

今回もマガジン追加ありがとうございます😂
毎回載せていただけるのは、大変嬉しいです。
恐縮です💦
ありがとうございます🙇‍♀️"
nc2114ebfdc62f,nfa8d47a22c3a,ca17527cfe63f65cebf3883988786b79,donchan1962,donchan_13,https://assets.st-note.com/production/uploads/images/183217910/profile_a33ecb57f18c7bbea28e041c386d47a2.jpeg?fit=bounds&format=jpeg&quality=85&width=330,2026-05-06T19:50:03.309+09:00,"こんばんは🌆
恐縮です。この場をお借りして、コメント失礼します
記事の追加ありがとうございます
感謝の意を申し上げます"
nc67b6ca389fdd,nfa8d47a22c3a,dcde65e3b357f1305af473cbbc1c03d0,Biisa|美沙,biisa_ccw,https://assets.st-note.com/production/uploads/images/254124770/profile_59109f84b85bd613f97277d37a1c96bc.png?fit=bounds&format=jpeg&quality=85&width=330,2026-05-06T19:33:17.613+09:00,"King様
マガジンに追加してくださいまして、ありがとうございます✨
いつも感謝しております🙏✨"
nc391b227f1d69,nfa8d47a22c3a,88a9dca85acaa41d4e74ca9cc2a0d8ca,シンクロニシティー｜人生再起100日,synchro_zero,https://assets.st-note.com/production/uploads/images/255350262/profile_35db2d27d769f8dd89b09391b1c7cb85.jpg?fit=bounds&format=jpeg&quality=85&width=330,2026-05-06T17:06:21.297+09:00,"kingさん
今回も、ご紹介くださりありがとうございますm(__)m
いつも、感謝です🙇‍♀️🙇🙇‍♂️😭"
nc9e6a28fd9353,nfa8d47a22c3a,854703497941df0c050e8de0b7653f79,SORA | 神託・高次メッセージ専門𓍯,brainy_quince184,https://assets.st-note.com/production/uploads/images/187130135/profile_ff9ca5cba8f15909fd1ddc554a527486.png?fit=bounds&format=jpeg&quality=85&width=330,2026-05-06T11:04:42.437+09:00,"初めまして、SORAと申します✨
マガジン追加いただきありがとうございます😊"
nc9e9c5a53e58b,nfa8d47a22c3a,c2bf3fb737356ce4e0b1f47b310ccf53,音琴 ～go_chara～,lucid_hornet2442,https://assets.st-note.com/production/uploads/images/241037615/profile_011d60ebf0e17e1956abc71bc4156c2f.png?fit=bounds&format=jpeg&quality=85&width=330,2026-05-06T09:48:11.447+09:00,"おはようございます。

この度は、私のプロフィールをマガジン追加頂きありがとうございます！
今まで、記事をマガジン追加頂いたことはありましたが、
プロフィールを登録頂く事は稀でしたので、嬉しい限りです！！

お時間あれば、コトバ達に触れあってやってください。
本当にありがとうございました(*- -)(*_ _)ペコリ"
nce7828fae95b3,nfa8d47a22c3a,bafeafa3be58223f78700aa6ca83d4a6,令和　舞,karisuma_mai,https://assets.st-note.com/production/uploads/images/234789263/profile_b88eee04a293b6ffb436e21f045323d3.png?fit=bounds&format=jpeg&quality=85&width=330,2026-05-05T23:54:14.873+09:00,"kingさん✨

マガジン追加だけでなく
私の初の！！
神になってくださって
本当にありがとうございます🙇‍♀️
これからもよろしくお願いします☺️

実はハリーポッター好きで🤭
フクロウも大好きなんです！！
kingさんの🦉アイコンが可愛い♪
"
nc75fff5bebdbf,nfa8d47a22c3a,ccdd5511e48e8802f5f8d15b40e54269,カズボーイ,fancy_bobcat6056,https://assets.st-note.com/production/uploads/images/242623631/profile_6f4a796db46837d933f179fc611d1002.png?fit=bounds&format=jpeg&quality=85&width=330,2026-05-05T18:18:15.107+09:00,"Kingさん
いつもお世話になっております。
マガジンへ追加していただきありがとうございます。
とっても嬉しいです😊

今後ともよろしくお願いいたします。"
nc7554a663c25a,nfa8d47a22c3a,fdfcb42dbb3ca6a92977feeb331299bf,ヤマコヤーマン,yamayamako3,https://assets.st-note.com/production/uploads/images/264908732/profile_22f5b0d83f87ee87628a50db08f251bb.png?fit=bounds&format=jpeg&quality=85&width=330,2026-05-05T17:38:42.883+09:00,Kingさま！マガジン追加ありがとうございます！涙が出ます！
nc9a58dd0790f9,nfa8d47a22c3a,88a9dca85acaa41d4e74ca9cc2a0d8ca,シンクロニシティー｜人生再起100日,synchro_zero,https://assets.st-note.com/production/uploads/images/255350262/profile_35db2d27d769f8dd89b09391b1c7cb85.jpg?fit=bounds&format=jpeg&quality=85&width=330,2026-05-05T12:47:06.114+09:00,"kingさん
ご紹介誠にありがとうございます🙇

また、お越しやすぅ～😆"
nc545c14133e79,nfa8d47a22c3a,8326de065b657433d42856e7ddb46ba9,Moosan,moosan7798,https://assets.st-note.com/production/uploads/images/166491708/profile_db8f8a112b3adde357c97b22d63369ba.jpg?fit=bounds&format=jpeg&quality=85&width=330,2026-05-04T20:36:39.621+09:00,フォロー光栄です。たまに遊びにいらしてくださいませ。(^^♪
ncaf09511bcacc,nfa8d47a22c3a,39a8447172b870676bb7b8ce5cebd141,持たざる者の再起録,ya1huwahuwa,https://assets.st-note.com/production/uploads/images/256022750/profile_9bbd6c1baaf11ecb978687248758b24e.png?fit=bounds&format=jpeg&quality=85&width=330,2026-05-04T19:47:20.762+09:00,"Kingさん

またマガジン追加ありがとうございます😊

今度記事で、kingさんのマガジン紹介させていただいてもよろしいでしょうか？

かなりお世話になってるんで。^_^

よろしくお願いします🙇"
ncec23443cf9a3,nfa8d47a22c3a,8326de065b657433d42856e7ddb46ba9,Moosan,moosan7798,https://assets.st-note.com/production/uploads/images/166491708/profile_db8f8a112b3adde357c97b22d63369ba.jpg?fit=bounds&format=jpeg&quality=85&width=330,2026-05-04T18:55:34.499+09:00,マガジン登録痛み入ります。お気に召す記事があれば幸いです。(^_-)-☆
nc7319a5b458e9,nfa8d47a22c3a,617d6d2dcb4435635d6a948287898ed1,五條シンジ｜『Snowdrop Surfer』著者,kitanoshinji,https://assets.st-note.com/production/uploads/images/263243256/profile_d0e5a60e70723ba546f0bf5528b96c24.png?fit=bounds&format=jpeg&quality=85&width=330,2026-05-04T18:06:51.366+09:00,"kingさん
こんにちは

再びマガジンに追加いただきありがとうございます。
お礼が遅くなり申し訳ございません。

これからもどうぞよろしくお願いいたします。"
nc979e21562135,nfa8d47a22c3a,ceb9f20beef56f72c10ed1c4bc125c74,ゆらり🌹🫧　🫶💕,huge_coot6820,https://assets.st-note.com/production/uploads/images/239767432/profile_47e4f415224790b9faa65da8165fa21d.jpeg?fit=bounds&format=jpeg&quality=85&width=330,2026-05-04T14:08:11.921+09:00,"連絡とりたいです。
ＤＭしたいのですが、、。

入れません。

明日。紅白歌合戦のバトン渡しますの
記事upさせていただきます

よろしくお願い致します。"
nceaa94e79d98a,nfa8d47a22c3a,156d899df5f39f0d27835b3a2b2e1a76,014082@宇宙人観察員,observe_014082,https://assets.st-note.com/production/uploads/images/244612670/profile_0c5ffb1d6545cfd9973b8d3de5eabd02.jpg?fit=bounds&format=jpeg&quality=85&width=330,2026-05-04T13:16:10.631+09:00,"はじめまして！Kingさん。
宇宙人観察員の014082と申します🫡

014082の拙い記事をマガジンへ追加していただきありがとうございました🙏

またご縁がありましたら今後ともよろしくお願い致します🤗

らいおんさん、かわゆいです🫶♥️"
nc71da598e63b6,nfa8d47a22c3a,d9037f54bfc7617edf2591b1bcc610f3,『月灯りの綴り屋』🌕ﾌｫﾛﾊﾞ100,quirky_squid9988,https://assets.st-note.com/production/uploads/images/195342680/profile_b6e872945f0a395808553e7d3c8312a9.png?fit=bounds&format=jpeg&quality=85&width=330,2026-05-04T00:47:39.917+09:00,"Kingさん

マガジン追加していただき、ありがとうございます😊

はじめまして。
このたびは記事をお迎えいただき、とても嬉しく思っています🌿

サイトマップも拝見させていただきました。
丁寧に整理された構成から、思考や積み重ねを大切にされていることが伝わってきました✨

こうしてご縁をいただけたことに感謝しています🍀

これからもどうぞよろしくお願いいたします😊"
nc0842aaa7a012,nfa8d47a22c3a,031a96c67c576e3bfc12a86d2606bd97,ココミチ＠ゆきの,hot_mink9599,https://assets.st-note.com/production/uploads/images/212559417/profile_9dbf6c222d0c87810aeff185afbd7f95.jpg?fit=bounds&format=jpeg&quality=85&width=330,2026-05-03T22:35:43.500+09:00,"Kingさん、こんばんは
はじめまして、ゆきのと申します

「心の図書館・探索ガイド」を「マガジンtysm:)」に
迎えてくださりありがとうございます

マガジン名のtysm、そのままの温度で静かにうれしく
受け取っています

あたたかいご縁をありがとうございます

ゆきの"
ncb088cba589ed,nfa8d47a22c3a,dcde65e3b357f1305af473cbbc1c03d0,Biisa|美沙,biisa_ccw,https://assets.st-note.com/production/uploads/images/254124770/profile_59109f84b85bd613f97277d37a1c96bc.png?fit=bounds&format=jpeg&quality=85&width=330,2026-05-03T19:08:14.146+09:00,"King様
マガジンに追加してくださいまして、ありがとうございます！
いつも感謝しております。
これからもどうぞよろしくお願いいたします🎀"
nc8a780f150260,nfa8d47a22c3a,d29c2432624c1087ec7f89cc2f079dbe,美咲サヤ,crisp_gecko6337,https://assets.st-note.com/production/uploads/images/267718350/profile_d73fda1af8e66cc2c55152264f38ff50.png?fit=bounds&format=jpeg&quality=85&width=330,2026-05-03T18:29:03.241+09:00,"Kingさん、
今回もマガジン追加恐縮です💦
ありがとうございました！"
nc3ae23913f3d0,nfa8d47a22c3a,8198c12eb644de20add82fb7c699c1fb,🌿風の猫｜ココロリーフの物語,novel_borage1334,https://assets.st-note.com/production/uploads/images/197291914/profile_c75b122fa98092d4eee4b73b093e9d3e.png?fit=bounds&format=jpeg&quality=85&width=330,2026-05-03T12:12:21.186+09:00,"Kingさん、はじめまして☺️
マガジンに追加していただき、ありがとうございます。

記事をこうしてすくい上げていただけたこと、とても嬉しく感じています🌿

このご縁にも感謝しています。
これからもよろしくお願いいたします。"
nc335fdc1946e1,nfa8d47a22c3a,62844cc65f5aa99120c33cab80fc628b,繋ぎ屋 ryubon,tunagiya_ryubon,https://assets.st-note.com/production/uploads/images/225248206/profile_7d393ae2f58a4cda0597617fe8defa0e.png?fit=bounds&format=jpeg&quality=85&width=330,2026-05-03T11:53:41.180+09:00,"はじめまして。
マガジンに追加していただき、ありがとうございます。
選んでいただけたこと、とても嬉しかったです。"
ncd5b675bcf419,nfa8d47a22c3a,a5f3260fdab158178a03a9f62c03fd5a,NI-KE,nike2580,https://assets.st-note.com/production/uploads/images/277664876/profile_d60ebb17fff563327fa94abd7726566d.jpeg?fit=bounds&format=jpeg&quality=85&width=330,2026-05-03T10:28:10.698+09:00,"Kingさん、
私の記事をマガジン追加してくださり、とても嬉しいです♡

これからもよろしくお願いします♫"
nc775f1d41303d,nfa8d47a22c3a,26f4c191f5550e8a952352f17f8d5081,はるき,kanabo_0826,https://assets.st-note.com/production/uploads/images/272843475/profile_db5f96ff83c8845eeb6fcdb64c8126ea.png?fit=bounds&format=jpeg&quality=85&width=330,2026-05-03T07:29:58.179+09:00,"kingさん、おはようございます🌱
マガジン追加ありがとうございます。
これからもよろしくお願いします🌙"
nc10ca9e3bd48e,nfa8d47a22c3a,55f93ac5262964a4284201e654fb67aa,ミカモ（Mica Moriya）,micha_mor,https://assets.st-note.com/production/uploads/images/275715491/profile_af362b3aaa61e2bb63c25db3e9a06895.png?fit=bounds&format=jpeg&quality=85&width=330,2026-05-02T22:47:22.111+09:00,"Kingさま

マガジンへの追加、誠にありがとうございます😊
いつもいつも、ご縁をいただき感謝しております💖"
nca8ec9d237f69,nfa8d47a22c3a,ca17527cfe63f65cebf3883988786b79,donchan1962,donchan_13,https://assets.st-note.com/production/uploads/images/183217910/profile_a33ecb57f18c7bbea28e041c386d47a2.jpeg?fit=bounds&format=jpeg&quality=85&width=330,2026-05-02T21:48:52.662+09:00,"恐縮です。この場をお借りして、コメント失礼します
記事、マガジンへの追加ありがとうございます
感謝の意を申し上げます"
nc7003208f21d4,nfa8d47a22c3a,dcde65e3b357f1305af473cbbc1c03d0,Biisa|美沙,biisa_ccw,https://assets.st-note.com/production/uploads/images/254124770/profile_59109f84b85bd613f97277d37a1c96bc.png?fit=bounds&format=jpeg&quality=85&width=330,2026-05-01T23:52:48.497+09:00,"King様
マガジンに追加をしてくださいまして、ありがとうございます。
マガジンという違った景色に自分の作品が並ぶとまた新鮮な感動を覚えます✨
いつも本当にありがとうございます。
"
nce94df776a554,nfa8d47a22c3a,e300d348198df62eea02ed041e1e9a55,つむじが２つ,regal_hound4274,https://assets.st-note.com/production/uploads/images/196231260/profile_fe42b94fee71f88c08b73583c1f29fe7.jpeg?fit=bounds&format=jpeg&quality=85&width=330,2026-05-01T23:24:20.860+09:00,"kingさん

ご紹介いただき、本当にありがとうございます✨  
とても嬉しく、励みになりました。

こうして広げていただけるご縁に感謝しています🙏
これからも少しでも価値ある発信ができるよう、丁寧に続けていきます。

今後ともどうぞよろしくお願いいたします😊"
nc439aa992396e,nfa8d47a22c3a,d29c2432624c1087ec7f89cc2f079dbe,美咲サヤ,crisp_gecko6337,https://assets.st-note.com/production/uploads/images/267718350/profile_d73fda1af8e66cc2c55152264f38ff50.png?fit=bounds&format=jpeg&quality=85&width=330,2026-05-01T23:01:01.531+09:00,"Kingさん、

先程はマガジンに追加していただきありがとうございます！

いつも感謝です😂💦"
nc4e7197a8d6f7,nfa8d47a22c3a,5c63ab66ee28b0c2195e252fb28e973a,空月,crisp_plover9758,https://assets.st-note.com/production/uploads/images/262844305/profile_2e49a3a360da06c4b38bd93e3f1b093b.jpeg?fit=bounds&format=jpeg&quality=85&width=330,2026-05-01T14:44:00.556+09:00,"マガジン追加ありがとうございます。
いつもありがとうございます😊"
nc13e69c8c3044,nfa8d47a22c3a,dcde65e3b357f1305af473cbbc1c03d0,Biisa|美沙,biisa_ccw,https://assets.st-note.com/production/uploads/images/254124770/profile_59109f84b85bd613f97277d37a1c96bc.png?fit=bounds&format=jpeg&quality=85&width=330,2026-04-30T22:15:45.268+09:00,"King様
マガジンに加えてくださいまして、ありがとうございます。
とても嬉しいです🥹✨"
ncee78db66cf66,nfa8d47a22c3a,39a8447172b870676bb7b8ce5cebd141,持たざる者の再起録,ya1huwahuwa,https://assets.st-note.com/production/uploads/images/256022750/profile_9bbd6c1baaf11ecb978687248758b24e.png?fit=bounds&format=jpeg&quality=85&width=330,2026-04-30T21:11:41.472+09:00,"kingさま

またまたマガジンに追加ありがとうございます😊

まだまだネタは尽きなさそうです。笑

Kingさまの記事もいっぱい読ませていただきますね。

本当にありがとうございます😭"
nc636a1abfc63f,nfa8d47a22c3a,ca17527cfe63f65cebf3883988786b79,donchan1962,donchan_13,https://assets.st-note.com/production/uploads/images/183217910/profile_a33ecb57f18c7bbea28e041c386d47a2.jpeg?fit=bounds&format=jpeg&quality=85&width=330,2026-04-30T19:08:34.194+09:00,"恐縮です。
この場をお借りして、コメント失礼します
記事の追加ありがとうございます
感謝の意を申し上げます"
nc745727f516fb,nfa8d47a22c3a,4192103d183ed121ae476f26f5beeacd,ｓｅｏｒｉ🧚‍♂,alert_flea4300,https://assets.st-note.com/production/uploads/images/251233872/profile_a236648303f13b0eeefec428f70a3f42.jpg?fit=bounds&format=jpeg&quality=85&width=330,2026-04-30T01:11:15.798+09:00,"Ｋｉｎｇさん🧚‍♂


たった一粒の　マガジン🌱載せて下さり

感謝💕致します

色んな感情　入り混じった後　✨カルマ解消後の　記事🌱です

貼り付け　私のやり方　間違ッてたのが
やってて　やっとわかりました

PC長押しして　✨大きい四角　適用押したら
簡単に　開きました

長細い貼り付け　押せば　全部消えてました

コレで　もう大丈夫です！！😊


いつも　ありがとう💜　ございます🙏"
nc73ccc37e19bb,nfa8d47a22c3a,e300d348198df62eea02ed041e1e9a55,つむじが２つ,regal_hound4274,https://assets.st-note.com/production/uploads/images/196231260/profile_fe42b94fee71f88c08b73583c1f29fe7.jpeg?fit=bounds&format=jpeg&quality=85&width=330,2026-04-28T21:14:23.882+09:00,"とても丁寧に整理されていて、初めてでもどこから読めばいいのか分かりやすいですね😊
サイトマップがあるだけで、安心して読み進められるのがありがたいです🍀

哲学や寓話、ネタ企画まで幅広くて、これから少しずつ巡ってみたくなりました❗️

私の記事も紹介いただき本当にありがとうございます🙏"
nc74d69b8f06e8,nfa8d47a22c3a,ca17527cfe63f65cebf3883988786b79,donchan1962,donchan_13,https://assets.st-note.com/production/uploads/images/183217910/profile_a33ecb57f18c7bbea28e041c386d47a2.jpeg?fit=bounds&format=jpeg&quality=85&width=330,2026-04-28T19:04:20.902+09:00,"恐縮です。この場をお借りして、コメント失礼します
記事、マガジンへの追加ありがとうございます
感謝の意を申し上げます"
nc00c1541c53df,nfa8d47a22c3a,b90d93118468990e1d01b471e029f651,toshiel,ample_shark457,https://assets.st-note.com/production/uploads/images/195955063/profile_ee263dadd05e41b970b4fc36fdc756ba.jpeg?fit=bounds&format=jpeg&quality=85&width=330,2026-04-27T22:42:59.637+09:00,"kingさん
マガジン追加ありがとうございます✨感謝感謝です✨
とても嬉しいです💛
こちらにもお邪魔させて頂きます。よろしくお願いします🙇‍♀️"
ncc8e168c84ec4,nfa8d47a22c3a,39a8447172b870676bb7b8ce5cebd141,持たざる者の再起録,ya1huwahuwa,https://assets.st-note.com/production/uploads/images/256022750/profile_9bbd6c1baaf11ecb978687248758b24e.png?fit=bounds&format=jpeg&quality=85&width=330,2026-04-27T12:07:26.083+09:00,"kingさん

また追加していただき誠にありがとうございます😊

今回の記事は個人的に思い入れのある内容ですので、大変うれしく思います！

本当にありがとうございます😊"
nc84b0683e2420,nfa8d47a22c3a,ca17527cfe63f65cebf3883988786b79,donchan1962,donchan_13,https://assets.st-note.com/production/uploads/images/183217910/profile_a33ecb57f18c7bbea28e041c386d47a2.jpeg?fit=bounds&format=jpeg&quality=85&width=330,2026-04-27T10:37:23.464+09:00,"おはようございます〜
恐縮です。この場をお借りして、コメント失礼します
記事、マガジンへの追加ありがとうございます
感謝の意を申し上げます"
nc64ceb5e1f17e,nfa8d47a22c3a,d64370dc83453c66b16cd299de4a0b41,蒼陽（そうよう）,souyo_renai,https://assets.st-note.com/production/uploads/images/265169100/profile_6d999d31c0766a3f744200ef7fb0bae8.png?fit=bounds&format=jpeg&quality=85&width=330,2026-04-26T23:13:06.467+09:00,"Kingさん、こんばんは✨
またまた僕の記事をマガジンに追加してくださり、
本当にありがとうございます！🙇
いつも、大変嬉しいです🌾

引き続き、Kingさんの記事も楽しく読ませて頂きます！🌅"
nc32b19ea41bae,nfa8d47a22c3a,4192103d183ed121ae476f26f5beeacd,ｓｅｏｒｉ🧚‍♂,alert_flea4300,https://assets.st-note.com/production/uploads/images/251233872/profile_a236648303f13b0eeefec428f70a3f42.jpg?fit=bounds&format=jpeg&quality=85&width=330,2026-04-26T16:57:17.387+09:00,"Ｋｉｎｇさん🧚‍♂

今回も　新しい記事🌱載せて下さって

感謝💕致します

貼り付又　出来なくなってますが
PCで　観れますので　ご了承願います

ありがとう💜　ございました🙏

これからも　宜しくお願いします🍀"
nce1b9a61de668,nfa8d47a22c3a,7418972d3891e68afbed7af00a674298,tetsugakuka-chan,a_tetsugakukasan,https://assets.st-note.com/production/uploads/images/228616732/profile_487eb6b1dd1730c8687fb5bce72d54c7.png?fit=bounds&format=jpeg&quality=85&width=330,2026-04-26T13:53:17.342+09:00,"Kingさん
はじめまして、哲学母ちゃんと申します。
スキ&マガジン追加、ありがとうございます✨
今後とも、どうぞよろしくお願いいたします🙇‍♀️"
nc0b91b5d6d469,nfa8d47a22c3a,cb4e1683f392975f8f4543b279090297,ハリーAI ｜ 整律師 × AIサポーター,cool_frog1331,https://assets.st-note.com/production/uploads/images/277348038/profile_18d3022c7b52a19f7e85fee93a5510cf.png?fit=bounds&format=jpeg&quality=85&width=330,2026-04-26T11:58:03.900+09:00,スキありがとうございます😊フォロしてくれたら別府からサンパワー届け続けます✨️健康だいいち💪
ncc23563a96068,nfa8d47a22c3a,39a8447172b870676bb7b8ce5cebd141,持たざる者の再起録,ya1huwahuwa,https://assets.st-note.com/production/uploads/images/256022750/profile_9bbd6c1baaf11ecb978687248758b24e.png?fit=bounds&format=jpeg&quality=85&width=330,2026-04-26T10:02:04.250+09:00,"Kingさん

またまたマガジンに追加していただき本当にありがとうございます！

今日もなにか記事に出来るような、なにがない日常を過ごします^_^笑

ありがとうございました😊"
nc879ed956512b,nfa8d47a22c3a,617d6d2dcb4435635d6a948287898ed1,五條シンジ｜『Snowdrop Surfer』著者,kitanoshinji,https://assets.st-note.com/production/uploads/images/263243256/profile_d0e5a60e70723ba546f0bf5528b96c24.png?fit=bounds&format=jpeg&quality=85&width=330,2026-04-25T22:20:46.458+09:00,"kingさん
コメントもいただきマガジンにも追加いただきとても嬉しいです。本当にいつもありがとうございます。"
ncae500e8b6a0d,nfa8d47a22c3a,ca17527cfe63f65cebf3883988786b79,donchan1962,donchan_13,https://assets.st-note.com/production/uploads/images/183217910/profile_a33ecb57f18c7bbea28e041c386d47a2.jpeg?fit=bounds&format=jpeg&quality=85&width=330,2026-04-25T21:48:56.798+09:00,"こんばんは🌇
恐縮です。この場をお借りして、コメント失礼します
記事、マガジンへの通知ありがとうございます
感謝の意を申し上げます"
nc36723154350e,nfa8d47a22c3a,39a8447172b870676bb7b8ce5cebd141,持たざる者の再起録,ya1huwahuwa,https://assets.st-note.com/production/uploads/images/256022750/profile_9bbd6c1baaf11ecb978687248758b24e.png?fit=bounds&format=jpeg&quality=85&width=330,2026-04-25T15:54:01.589+09:00,"King様

2つもマガジンに追加していただき誠にありがとうございます😊

本当にモチベーションに繋がります。

今後ともよろしくお願いします！"
ncbc7e86d0cf52,nfa8d47a22c3a,0d22047234ed0dc93bae8e97bd14a999,西川晋之介,nisikawa1979,https://assets.st-note.com/production/uploads/images/262519861/profile_8919eb9595b4b0bfa7b97e3d77b74b86.jpg?fit=bounds&format=jpeg&quality=85&width=330,2026-04-25T15:34:14.606+09:00,"King様、こんにちは。西川と申します。この度は沢山、詩を読んでくださり、またマガジンへの収録、大変嬉しいです。今後ともよろしくお願いいたします。
ありがとうございます。"
ncdac1116a3720,nfa8d47a22c3a,39a8447172b870676bb7b8ce5cebd141,持たざる者の再起録,ya1huwahuwa,https://assets.st-note.com/production/uploads/images/256022750/profile_9bbd6c1baaf11ecb978687248758b24e.png?fit=bounds&format=jpeg&quality=85&width=330,2026-04-25T15:10:11.204+09:00,"マガジンに追加していただき、ありがとうございます！

Kingさんのマガジンに並べていただけるとは思っていなかったので、素直に嬉しいです。

これからもよろしくお願いします。"
nc5220b965ee2b,nfa8d47a22c3a,a98d6e3b7e249e04199d495300989277,青空 和平,brisk_viola3314,https://assets.st-note.com/production/uploads/images/250395213/profile_7d36560465e2e53d6559ca0775647979.jpeg?fit=bounds&format=jpeg&quality=85&width=330,2026-04-25T00:20:56.559+09:00,"Kingさん

こんばんは✨

マガジン追加ありがとうございます💖

みんなの心くすぐる記事、思わずポチッとしてしまいました🤭
"
nc07155d9ff0c0,nfa8d47a22c3a,7096c2d1f9f21973ee9d04ae4de4fabc,おにぎり＠構造翻訳家～正解より先に、まずは視界を取り戻す～,hotket_jp,https://assets.st-note.com/production/uploads/images/265265465/profile_7ac7501a97e36e7a2efe9f88515af612.png?fit=bounds&format=jpeg&quality=85&width=330,2026-04-24T22:29:35.394+09:00,"👑King💡さんこんばんは！
いつも記事にもスキをありがとうです🤩
またマガジンへの追加をありがとうございました🙌
今日は動きがうーーーんと増えて
たくさんの方々との出会いの
機会をいただいてる✨のを感謝感謝です
💃ARIGATO💃ございます



"
ncdb7685d45ee5,nfa8d47a22c3a,d29c2432624c1087ec7f89cc2f079dbe,美咲サヤ,crisp_gecko6337,https://assets.st-note.com/production/uploads/images/267718350/profile_d73fda1af8e66cc2c55152264f38ff50.png?fit=bounds&format=jpeg&quality=85&width=330,2026-04-24T19:19:34.111+09:00,"Kingさん💕こんばんは♪
またマガジン追加をありがとうございます😂
引き続きしていただき、とても嬉しいです✨
ありがとうございました🙇‍♀️"
nc318bb0e1540f,nfa8d47a22c3a,4192103d183ed121ae476f26f5beeacd,ｓｅｏｒｉ🧚‍♂,alert_flea4300,https://assets.st-note.com/production/uploads/images/251233872/profile_a236648303f13b0eeefec428f70a3f42.jpg?fit=bounds&format=jpeg&quality=85&width=330,2026-04-24T09:40:50.337+09:00,"Ｋｉｎｇさん🧚‍♂
             　おはようございます🙏


マガジン🌱沢山載せて下さって

有り難いです　感謝💕致します　


沢山の方に　知ってもらえる✨チャンス

与えて下さって　とても　嬉しいです😊


スキ💗　フォロー　

その他　色々💜ありがとうございました🙏


これからも　宜しくお願いします🍀"
ncd470d7dbf53e,nfa8d47a22c3a,ca17527cfe63f65cebf3883988786b79,donchan1962,donchan_13,https://assets.st-note.com/production/uploads/images/183217910/profile_a33ecb57f18c7bbea28e041c386d47a2.jpeg?fit=bounds&format=jpeg&quality=85&width=330,2026-04-24T09:34:15.621+09:00,"おはようございます
恐縮です。この場をお借りして、コメント失礼します
記事、マガジンへの追加ありがとうございます
感謝の意を申し上げます"
ncb7dfd242c8e8,nfa8d47a22c3a,d29c2432624c1087ec7f89cc2f079dbe,美咲サヤ,crisp_gecko6337,https://assets.st-note.com/production/uploads/images/267718350/profile_d73fda1af8e66cc2c55152264f38ff50.png?fit=bounds&format=jpeg&quality=85&width=330,2026-04-24T08:58:53.783+09:00,"Kingさん、おはようございます！
今回もマガジン追加ありがとうございます！
いつも恐縮です😅"
ncd46e5958b994,nfa8d47a22c3a,af9a04275db6291e07e1aaa1b8c94372,まゆみ☆,mayumi_coach,https://assets.st-note.com/production/uploads/images/261214451/profile_da2c5962833bceb7a73a7aad09d439b0.jpg?fit=bounds&format=jpeg&quality=85&width=330,2026-04-23T23:09:58.046+09:00,"Kingさん、はじめまして。こちらへのコメント、失礼します。
マガジンに追加いただきありがとうございました。
とてもうれしかったです。
少しずつ、作品を読ませていただきますね。

"
ncb2e085f04876,nfa8d47a22c3a,55f93ac5262964a4284201e654fb67aa,ミカモ（Mica Moriya）,micha_mor,https://assets.st-note.com/production/uploads/images/275715491/profile_af362b3aaa61e2bb63c25db3e9a06895.png?fit=bounds&format=jpeg&quality=85&width=330,2026-04-23T18:03:17.230+09:00,"Kingさま

マガジンへの追加何度もありがとうございます♪
心より感謝申し上げます🥰

皆さまとのご縁に感謝しております💕

今後ともどうぞ宜しくお願いいたします🙇‍♀️"
nc89db3f979c1a,nfa8d47a22c3a,ca17527cfe63f65cebf3883988786b79,donchan1962,donchan_13,https://assets.st-note.com/production/uploads/images/183217910/profile_a33ecb57f18c7bbea28e041c386d47a2.jpeg?fit=bounds&format=jpeg&quality=85&width=330,2026-04-23T16:56:26.094+09:00,"恐縮です。
この場をお借りして、コメント失礼します
記事、マガジンへの追加ありがとうございます
感謝の意を申し上げます"
ncc6ec7a211461,nfa8d47a22c3a,4192103d183ed121ae476f26f5beeacd,ｓｅｏｒｉ🧚‍♂,alert_flea4300,https://assets.st-note.com/production/uploads/images/251233872/profile_a236648303f13b0eeefec428f70a3f42.jpg?fit=bounds&format=jpeg&quality=85&width=330,2026-04-23T12:45:59.742+09:00,"Ｋｉｎｇさん🧚‍♂

エッ！！😳マガジン🌱載せて下さったん
ですね　

ビックリ✨しました😄

とても　嬉しいです💕

Ｋｉｎｇさん✨　記事🌱　
少しずつ　読まさせて　頂きますね

色々💜　ありがとうございました🙏

これからも　宜しくお願いします🍀"
nc83af3db77570,nfa8d47a22c3a,ca17527cfe63f65cebf3883988786b79,donchan1962,donchan_13,https://assets.st-note.com/production/uploads/images/183217910/profile_a33ecb57f18c7bbea28e041c386d47a2.jpeg?fit=bounds&format=jpeg&quality=85&width=330,2026-04-22T21:52:00.766+09:00,"この度は、マガジンフォローありがとうございます
threadsフォローさせて頂きました
因みに、この記事、マガジンに、追加します
ご理解の程よろしくお願いします
また、招待メールは、後ほどメールにて送ります
明日に、なると思います
よろしくお願いします"
nc563cbe8780c6,nfa8d47a22c3a,e300d348198df62eea02ed041e1e9a55,つむじが２つ,regal_hound4274,https://assets.st-note.com/production/uploads/images/196231260/profile_fe42b94fee71f88c08b73583c1f29fe7.jpeg?fit=bounds&format=jpeg&quality=85&width=330,2026-04-22T18:08:27.837+09:00,"Kingさん😊

サイトマップめちゃくちゃ分かりやすいですね！
「どこからでも読めるけど道もある」感じがすごく良いなと思いました✨

いろんなコンテンツがあって面白そうなので、少しずつ読ませていただきます📚
これからも楽しみにしてます♪

私の記事をご紹介いただき本当にありがとうございます🙏"
nc0475bf02a079,nfa8d47a22c3a,ca17527cfe63f65cebf3883988786b79,donchan1962,donchan_13,https://assets.st-note.com/production/uploads/images/183217910/profile_a33ecb57f18c7bbea28e041c386d47a2.jpeg?fit=bounds&format=jpeg&quality=85&width=330,2026-04-22T15:43:06.506+09:00,"こんにちは！恐縮です。この場をお借りして、コメント失礼します
記事、マガジンへの追加ありがとうございます
感謝の意を申し上げます"
ncc3f4d237e12b,nfa8d47a22c3a,ef5de5febc3288fcaa74859d9448eee4,毎日スタート / はじめのいっぽ,leal_jacana9281,https://assets.st-note.com/production/uploads/images/264963184/profile_780183dd20260ea9595316683e45f7d5.png?fit=bounds&format=jpeg&quality=85&width=330,2026-04-22T10:34:54.428+09:00,"Kingさん

マガジンに追加していただき、ありがとうございます😊

「どこから読んでもいいけれど道もある」という設計が印象的でした✨

まだ小さな一歩の記録ですが、
こうして見つけていただけたこと、とても嬉しいです🌿

私も導線の大切さを感じて、
サイトマップを作ってみたくなりました😊

これからも大切に綴っていきます。
ご縁に感謝いたします🍀"
nc52057788a178,nfa8d47a22c3a,501075b33bc8fff4716e8e39cb47e74a,りんごあめ,aogunjyou_205,https://assets.st-note.com/production/uploads/images/244320088/profile_b53bcb9297c65530f6e56ea129a55d08.jpeg?fit=bounds&format=jpeg&quality=85&width=330,2026-04-22T10:28:39.377+09:00,"Kingさん、初めまして。
この度は、素敵なマガジンへ追加していただきありがとうございます。ゆっくりですが、マガジンの作品も読ませていただきます🌷
本当にありがとうございます🍎"
nc4552c428e2ce,nfa8d47a22c3a,617d6d2dcb4435635d6a948287898ed1,五條シンジ｜『Snowdrop Surfer』著者,kitanoshinji,https://assets.st-note.com/production/uploads/images/263243256/profile_d0e5a60e70723ba546f0bf5528b96c24.png?fit=bounds&format=jpeg&quality=85&width=330,2026-04-21T18:20:24.179+09:00,"kingさま
素敵なマガジンに追加いただきありがとうございます✨
とても嬉しいです。

気持ちを込めて書いていきますので、
これからもどうぞよろしくお願いいたします！"
nc7c2080dcdab9,nfa8d47a22c3a,dcde65e3b357f1305af473cbbc1c03d0,Biisa|美沙,biisa_ccw,https://assets.st-note.com/production/uploads/images/254124770/profile_59109f84b85bd613f97277d37a1c96bc.png?fit=bounds&format=jpeg&quality=85&width=330,2026-04-21T18:15:46.459+09:00,"King様
マガジンに迎えてくださいまして、ありがとうございます。
これから少しずつマガジンの作品を読み進めたいと思っております。
楽しみです♪
どうぞよろしくお願いいたします🎀"
ncf7f6090766a9,nfa8d47a22c3a,cec4c608f21d7aa722cfc12802c896bf,MOON｜違和感の記録,dandy_sedum8677,https://assets.st-note.com/production/uploads/images/271470614/profile_112e71abeaceddb2ab033b49d5f56568.png?fit=bounds&format=jpeg&quality=85&width=330,2026-04-20T22:47:23.045+09:00,"kingさん

マガジンに掲載いただき、ありがとうございます。

あたたかくて雰囲気のある素敵なマガジンだなと感じていましたので、その中に加えていただけてとても嬉しいです。

これからもどうぞよろしくお願いします。"
ncef44043c51c1,nfa8d47a22c3a,cb09c3ec86e493e1543b7763ea166d8a,萬利文舎 🦊💛🧸Luma (ルマ）,lun_lun3,https://assets.st-note.com/production/uploads/images/265504191/profile_0701272c80bd3798dd5b4b444435527e.png?fit=bounds&format=jpeg&quality=85&width=330,2026-04-20T22:33:48.798+09:00,"Kingさん、初めまして
このたびは、マガジンにも入れてくださり
ありがとうございます。
数ある記事の中から見つけていただけたこと、
とても嬉しく励みになりました。
今後とも、どうぞよろしくお願いいたします。
kingさんの記事にも、お邪魔させていただきますね。"
nce425269b3834,nfa8d47a22c3a,961de2b1802061751824aca8a3d9fc70,のり@人生楽しまなくちゃ,norienjoy,https://assets.st-note.com/production/uploads/images/253829926/profile_e80ec7c0dff968f580a5a4af0a4ce6c7.png?fit=bounds&format=jpeg&quality=85&width=330,2026-04-19T10:58:29.035+09:00,マガジン追加ありがとうございます。励みになります😊
nce0a5b21c1097,nfa8d47a22c3a,6776a77e3449082bd7fc50e7a5aea015,erisa,real_erisa,https://assets.st-note.com/production/uploads/images/222847758/profile_7e02b0384badaf9aa63faf1b807ff997.png?fit=bounds&format=jpeg&quality=85&width=330,2026-04-18T19:19:03.450+09:00,Kingさん、初めまして！この度はマガジンへの追加ありがとうございます。嬉しいです。どうぞよろしくお願いいたします！
nc9e5b5344f0f4,nfa8d47a22c3a,80baa766de5a12730ad31575f2622d41,カナエル👒｜天空の小さなセラピスト💫,ka7_angel,https://assets.st-note.com/production/uploads/images/233336907/profile_e6271f09525608754a9f6daa532065fb.png?fit=bounds&format=jpeg&quality=85&width=330,2026-04-18T09:05:23.096+09:00,"この度はマガジンに追加してくださり、ありがとうございます☘️
嬉しいです😌"
nc84517b1849dc,nfa8d47a22c3a,d1fccf8e4a644a7883c1b15596847bb2,"みわ|""折れない仕事の続け方""を伝える看護師メンタルコーチ",limber_condor634,https://assets.st-note.com/production/uploads/images/235042553/profile_1bf9e0c47d1d2d14bd3a79993e1c386a.png?fit=bounds&format=jpeg&quality=85&width=330,2026-04-17T21:42:31.561+09:00,"Kingさん😊
記事をマガジンに追加していただき、ありがとうございますm(_ _)m

とっても嬉しいです。
ありがとうございます♪"
nc13281a080ef4,nfa8d47a22c3a,a278fdd1c8e1ef907e9943f3441cb84a,凸凹おばば（ひなたばあ）,ready_thyme6471,https://assets.st-note.com/production/uploads/images/211548948/profile_c4d4f328aa56aa4ce7c54133cc42645b.png?fit=bounds&format=jpeg&quality=85&width=330,2026-04-17T11:42:23.599+09:00,"マガジンに追加していただき、ありがとうございます😊
とても嬉しくて、励みになります。

素敵な記事が集まっている中に入れていただけて光栄です。
これからも読んでいただけるような投稿をしていきたいと思います。"
nc32cb66e55201,nfa8d47a22c3a,55f93ac5262964a4284201e654fb67aa,ミカモ（Mica Moriya）,micha_mor,https://assets.st-note.com/production/uploads/images/275715491/profile_af362b3aaa61e2bb63c25db3e9a06895.png?fit=bounds&format=jpeg&quality=85&width=330,2026-04-16T11:44:54.270+09:00,"Kingさま

この度は素的なマガジンへの追加をいただきまして誠にありがとうございます♪

皆さまのお心に響く記事を書けるように頑張りたいと思います🥰

今後ともどうぞ宜しくお願いいたします🙇‍♀️"
ncc734b87f5be2,nfa8d47a22c3a,44c5d255e96183b8c878f3e6df23dcf4,ねる,neru3366,https://assets.st-note.com/production/uploads/images/265683136/profile_d0d7e15b85a1e014bfad34f37966e61f.png?fit=bounds&format=jpeg&quality=85&width=330,2026-04-15T21:03:48.503+09:00,"kingさん～はじめましてのこんばんは😊

マガジンに記事を載せてくださり本当に嬉しいです🙌❣️
ありがとうございます✨

フォローさせていただきました🍀
どうぞよろしくお願いします🥰

…スキ押しちゃってます🤣"
nca8a746f29c93,nfa8d47a22c3a,617d6d2dcb4435635d6a948287898ed1,五條シンジ｜『Snowdrop Surfer』著者,kitanoshinji,https://assets.st-note.com/production/uploads/images/263243256/profile_d0e5a60e70723ba546f0bf5528b96c24.png?fit=bounds&format=jpeg&quality=85&width=330,2026-04-15T19:58:36.428+09:00,"kingさん
第二話もマガジンに追加いただきありがとうございます✨
とても嬉しいです。

気持ちを込めて書いていきますので、
これからもどうぞよろしくお願いいたします。"
nc99e4d296ed9c,nfa8d47a22c3a,617d6d2dcb4435635d6a948287898ed1,五條シンジ｜『Snowdrop Surfer』著者,kitanoshinji,https://assets.st-note.com/production/uploads/images/263243256/profile_d0e5a60e70723ba546f0bf5528b96c24.png?fit=bounds&format=jpeg&quality=85&width=330,2026-04-14T23:52:50.322+09:00,"kingさん
素敵なマガジンに追加いただきありがとうございます✨
マガジンにいらっしゃる皆様の投稿を楽しみに拝見させていただきます。

これからもどうぞよろしくお願いいたします。"
nc0de88a174875,nfa8d47a22c3a,9f7109c7317659701027969c88d85f6c,いのちゃん＠60代、AIを部下にした60代。独学で見えた「技術は年齢を裏切らない」,krnm_0714,https://assets.st-note.com/production/uploads/images/233069319/profile_6f904b136346c32bd958a9b732280ee7.png?fit=bounds&format=jpeg&quality=85&width=330,2026-04-14T22:54:09.650+09:00,"King様

マガジン追加ありがとうございます。

これからもよろしくお願いいたします

"
ncf54bc21acb33,nfa8d47a22c3a,84725422db8ddb286fb3a293c306aebf,開運シェルパ,hanamiti369,https://assets.st-note.com/production/uploads/images/255750674/profile_80ee0ac532bef7940f81afda8d8e8a77.png?fit=bounds&format=jpeg&quality=85&width=330,2026-04-14T12:59:46.832+09:00,"Kingさん、
プロフィール、じっくり読ませていただきました。「天は自らを助くる者を助ける」というステートメントの通り、自分の足で歩んでこられた方であることが、ひしひしと伝わってきました。
マガジンに運命レボリューション S9 LPを追加してくたさり、誠にありがとうございます✦✨️
これからどうぞよろしくお願いします！"
ncf12e3bb9596e,nfa8d47a22c3a,8f228d6760349fd41843c1c8ab7b2375,なおちゅーる,honest_panda8798,https://assets.st-note.com/production/uploads/images/249511504/profile_a8ab827aeeaaabfc1ff5b2eb15a710e0.png?fit=bounds&format=jpeg&quality=85&width=330,2026-04-13T16:57:38.262+09:00,"kingさんマガジン追加ありがとうございます。

素敵な記事これからたくさん拝見させていただきます、このご縁に感謝します。今後ともよろしくお願いします🙇"
nc7c3b7016c1cb,nfa8d47a22c3a,0e1c7ca6cb0b4dc6063e4450067b8cf7,羽賀徹｜土地戸建の不動産売却専門家｜不動産は高く売れるのか,hagafu_,https://assets.st-note.com/production/uploads/images/214556661/profile_8a7c12a29c0fa19f071506f2e4979e1b.jpg?fit=bounds&format=jpeg&quality=85&width=330,2026-04-13T14:43:31.647+09:00,"Kingさん
マガジンへの登録をありがとうございます。
嬉しいです。"
nc44a2e75ef0fe,nfa8d47a22c3a,7096c2d1f9f21973ee9d04ae4de4fabc,おにぎり＠構造翻訳家～正解より先に、まずは視界を取り戻す～,hotket_jp,https://assets.st-note.com/production/uploads/images/265265465/profile_7ac7501a97e36e7a2efe9f88515af612.png?fit=bounds&format=jpeg&quality=85&width=330,2026-04-12T22:13:01.753+09:00,"Kingさん✨
2本も‼️登録ありがとう😊😊😊
ﾄﾞｷﾄﾞｷ ✖️2 ですー

操作から学びのnoteですが、
がんばりまーす！

また立ち寄らせて頂きまーす✨

"
nc6de85e855c0d,nfa8d47a22c3a,d64370dc83453c66b16cd299de4a0b41,蒼陽（そうよう）,souyo_renai,https://assets.st-note.com/production/uploads/images/265169100/profile_6d999d31c0766a3f744200ef7fb0bae8.png?fit=bounds&format=jpeg&quality=85&width=330,2026-04-12T21:56:31.211+09:00,"Kingさん、はじめまして✨

記事へのスキとマガジンに追加もしてくださり、ありがとうございます！
投稿を始めて1週間ほどですが、大変ありがたい機会をいただき嬉しい限りです🌅

今後とも、何卒よろしくお願いいたします🙇"
nc1cbe6d79248f,nfa8d47a22c3a,d29c2432624c1087ec7f89cc2f079dbe,美咲サヤ,crisp_gecko6337,https://assets.st-note.com/production/uploads/images/267718350/profile_d73fda1af8e66cc2c55152264f38ff50.png?fit=bounds&format=jpeg&quality=85&width=330,2026-04-12T21:52:33.742+09:00,"Kingさん、
初めまして、美咲サヤと申します。
先程はマガジンに追加していた、ありがとうございます！

大変嬉しいです😂

またKingさんの記事のほう、おじゃまさせていただきます。

ありがとうございました🙇‍♀️
"
nc9687addc5c67,nfa8d47a22c3a,db98a00ecd790a0bb3a167b6039c8f5a,トクコウ｜「めんどくさい」はチャンスの宝庫,toku_kou,https://assets.st-note.com/production/uploads/images/210974118/profile_2aa054bad1ee74ba49fa9e7daba67988.jpg?fit=bounds&format=jpeg&quality=85&width=330,2026-04-12T20:43:11.454+09:00,"King | 天は自らを助くる者を助けるらしいさん
マガジン掲載していただきありがとうございます。
感謝です✨"
nc37d8c784345c,nfa8d47a22c3a,ca17527cfe63f65cebf3883988786b79,donchan1962,donchan_13,https://assets.st-note.com/production/uploads/images/183217910/profile_a33ecb57f18c7bbea28e041c386d47a2.jpeg?fit=bounds&format=jpeg&quality=85&width=330,2026-04-12T16:27:39.944+09:00,"こんにちは！
恐縮です。この場をお借りして、コメント失礼します
記事、マガジンへの追加ありがとうございます
感謝の意を申し上げます"
nc3db65221a8bd,nfa8d47a22c3a,5c63ab66ee28b0c2195e252fb28e973a,空月,crisp_plover9758,https://assets.st-note.com/production/uploads/images/262844305/profile_2e49a3a360da06c4b38bd93e3f1b093b.jpeg?fit=bounds&format=jpeg&quality=85&width=330,2026-04-12T14:11:42.515+09:00,"kingさん、はじめまして。
マガジンに追加いただきありがとうございます。
これからもどうぞよろしくお願いいたします。"
nc955530dda7e1,nfa8d47a22c3a,ccdd5511e48e8802f5f8d15b40e54269,カズボーイ,fancy_bobcat6056,https://assets.st-note.com/production/uploads/images/242623631/profile_6f4a796db46837d933f179fc611d1002.png?fit=bounds&format=jpeg&quality=85&width=330,2026-04-12T12:53:29.286+09:00,"Kingさん、はじめまして。

スキとマガジンへ追加してくださって、ありがとうございます。
みなさんに知ってもらう機会をいただき嬉しいです。

今後ともよろしくお願いいたします。
"
nc0a53c4426f64,nfa8d47a22c3a,7096c2d1f9f21973ee9d04ae4de4fabc,おにぎり＠構造翻訳家～正解より先に、まずは視界を取り戻す～,hotket_jp,https://assets.st-note.com/production/uploads/images/265265465/profile_7ac7501a97e36e7a2efe9f88515af612.png?fit=bounds&format=jpeg&quality=85&width=330,2026-04-12T11:56:24.515+09:00,"Kingさん、はじめまして✨
🍙おにぎり🍙です。

なんと😳マガジンに加えてくださって
ありがとうございました♡♡♡ﾄﾞｷﾄﾞｷ

貴重なご縁をいただき感謝です
今後ともよろしくお願いします

✨✨✨"
nceee10e9b61af,nfa8d47a22c3a,4192103d183ed121ae476f26f5beeacd,ｓｅｏｒｉ🧚‍♂,alert_flea4300,https://assets.st-note.com/production/uploads/images/251233872/profile_a236648303f13b0eeefec428f70a3f42.jpg?fit=bounds&format=jpeg&quality=85&width=330,2026-04-11T16:52:50.594+09:00,"　　　✨初めまして🐦️

Ｋｉｎｇさん🧚‍♂　キャラクター　全て
カワイイ💕ですね

自己紹介　マガジン🌱載せて下さって
とても嬉しい💕です

皆さんに　知ってもらう✨チャンス頂き

ありがとう💜　ございました🙏

今後共　よろしくお願いします🍀"
nc11ee14228d9a,nfa8d47a22c3a,50bebb956f7a091392d9174d91e93ca7,トラベルりょうこ,triptripgirl,https://assets.st-note.com/production/uploads/images/267813832/profile_92d94ab4f4623ca9c0f4e355dcd7d1cf.png?fit=bounds&format=jpeg&quality=85&width=330,2026-04-10T19:45:56.325+09:00,"Kingさん、初めまして！マガジンに追加していただきありがとうございます！
フォロバもしていただき、ありがとうございます。今後ともよろしくお願いいたします！"
ncd0d6a0e0992c,nfa8d47a22c3a,4fcff0dd196c58985b48a8f8a9724554,Grace Light ─ 星に導かれて,clean_kalmia940,https://assets.st-note.com/production/uploads/images/207757596/profile_ac58b5c0e389afdf3e43314b719edc42.png?fit=bounds&format=jpeg&quality=85&width=330,2026-04-10T10:19:07.574+09:00,"Kingさん、はじめまして🍀
マガジンに追加していただき、
ありがとうございます✨

記事を見つけていただけて嬉しいです。🕯️
今後ともよろしくお願いいたします😊"
nc33a5ce3559a0,nfa8d47a22c3a,d1fccf8e4a644a7883c1b15596847bb2,"みわ|""折れない仕事の続け方""を伝える看護師メンタルコーチ",limber_condor634,https://assets.st-note.com/production/uploads/images/235042553/profile_1bf9e0c47d1d2d14bd3a79993e1c386a.png?fit=bounds&format=jpeg&quality=85&width=330,2026-04-09T22:27:27.873+09:00,"Kingさん✨
はじめまして😊
マガジンへの追加ありがとうございます。
よろしくお願いします✨"
nc35b2826d7310,nfa8d47a22c3a,87c81bd1f7c50564e369d26f72d59cdf,たいち｜𝔸𝕀-ℕ𝔸𝕍𝕀｜投資家,gey_chevis6981,https://assets.st-note.com/production/uploads/images/268600014/profile_30bdda96fa96dc453e907579a5fdcf5f.png?fit=bounds&format=jpeg&quality=85&width=330,2026-04-07T15:21:47.371+09:00,"Kingさん、はじめまして✨
マガジン追加ありがとうございます🤗"
nc8fa8d1d93dd1,nfa8d47a22c3a,7b3f6a35d8af434b1f843d37702fc4bc,井田隆志@心を励ます懐メロ案内人,idax_37,https://assets.st-note.com/production/uploads/images/210048197/profile_bb386a5693167fcc72392dedc038aedc.jpg?fit=bounds&format=jpeg&quality=85&width=330,2026-04-06T21:01:30.284+09:00,"今晩ワンダフル。コメント失礼します。

マガジンに追加していただき、有難うGo～財増★

自分の内容は自慢話が多めではありますが、よろしければ今後ともご贔屓にしていただけたら嬉しいです。

どうぞよろしく哀愁です( ´∀｀ )"
nce52c7aa3dbe6,nfa8d47a22c3a,ca17527cfe63f65cebf3883988786b79,donchan1962,donchan_13,https://assets.st-note.com/production/uploads/images/183217910/profile_a33ecb57f18c7bbea28e041c386d47a2.jpeg?fit=bounds&format=jpeg&quality=85&width=330,2026-04-05T18:20:57.051+09:00,"恐縮です。この場をお借りして、コメント失礼します
マガジンへの記事の追加ありがとうございます
感謝の意を申し上げます"
ncb4031aa3e1bc,nfa8d47a22c3a,b39624e9464ededa053a7cbf0de179ce,あな,ana_mama_english,https://assets.st-note.com/production/uploads/images/219621833/profile_8ef662d95d545fc74251b7700219beae.png?fit=bounds&format=jpeg&quality=85&width=330,2026-04-05T10:06:49.403+09:00,"Kingさん、おはようございます✨

マガジンへの追加をいただき、
ありがとうございます☺️

あたたかいつながりをいただき、
とても嬉しいです✨

これからもよろしくお願いします☺️
"
ncfaf75366e9ed,nfa8d47a22c3a,6fd29fda6ffa9ad0627f9cc027e61e7b,中年ジャンプ＠誰もが裕福になれる🌈フォロバ100,chuunen_jump,https://assets.st-note.com/production/uploads/images/198636827/profile_23ea349dd5cba1b217ce33c09847b5ae.png?fit=bounds&format=jpeg&quality=85&width=330,2026-04-05T08:49:38.856+09:00,"Kingさん、

私の記事をマガジンでご紹介いただき、ありがとうございます。
大変光栄です😊
これからも、よろしくお願いいたします🙇‍♂️"
ncfcfb536d0919,nfa8d47a22c3a,ca17527cfe63f65cebf3883988786b79,donchan1962,donchan_13,https://assets.st-note.com/production/uploads/images/183217910/profile_a33ecb57f18c7bbea28e041c386d47a2.jpeg?fit=bounds&format=jpeg&quality=85&width=330,2026-04-04T18:17:57.986+09:00,"こんばんは🌆
初のコメント失礼します
この度は、私の記事を取り上げて頂き、ありがとうございます
今後ともよろしくお願いします
ここに、感謝の意を申し上げます"
nc3ddf5d9d077d,nfa8d47a22c3a,91896923ab4e258b299962be80f4360d,さち　私のつぶやき,10211129,https://assets.st-note.com/production/uploads/images/267110140/profile_a7a14a7914bcb2b217602601d3f3e0e1.png?fit=bounds&format=jpeg&quality=85&width=330,2026-04-04T15:17:00.921+09:00,"Kingさん

はじめまして。さちと申します。

マガジンに紹介して頂き
ありがとうございます😊
まだ繋がって日は浅いですが
ありがたいです！

記事たくさん見ていきますね！
よろしくお願いします🙇"
ncbdc1636925a4,nfa8d47a22c3a,4d7884c1cad8153895dadb71ec1606cb,こーき｜心が少し軽くなる場所,i_am_151cm_boy,https://assets.st-note.com/production/uploads/images/236560109/profile_28f1fb163081001f12afa3f21b0dc40a.png?fit=bounds&format=jpeg&quality=85&width=330,2026-04-04T14:25:27.635+09:00,"Kingさん😊

マガジンのご登録いただきありがとうございます😭✨

今までより少しお近づきになれた気がして嬉しいです🥹✨

今後とも宜しくお願い致します🙇‍♂️✨"
nc0eab9996cac8,nfa8d47a22c3a,8a7ed9e2cca8e70a14a4a4f711bf5a07,週間ゆめの｜ゆめの結人,brisk_mole9005,https://assets.st-note.com/production/uploads/images/226076069/profile_8c6b0bdccb48b09c0219fc2e4b846c3c.png?fit=bounds&format=jpeg&quality=85&width=330,2026-04-04T09:07:57.845+09:00,"おはようございます🌞

【案内版】にコメント頂きありがとうございます✨

いつもカワイらしいイラストでほっこりしつつ、学びが多く思わず「ポチっと」お取り置きさせて頂いております。

今後ともよろしくお願いいたします。
どうそ、良い一日をお過ごしください♫"
nc2010cfa17533,nfa8d47a22c3a,bede9bd0a510b6a3b89dcb460dd51ef5,ルルトアヤコ,lovely_coyote546,https://assets.st-note.com/production/uploads/images/279549033/profile_3d53a17ce59c090b43145099e9a86669.png?fit=bounds&format=jpeg&quality=85&width=330,2026-03-16T05:10:42.637+09:00,はじめまして🍀フォローして下さりありがとうございます💖💖💝、よろしくお願い致します🙇
nc1e9ca0586e23,nfa8d47a22c3a,1648b67732b5868831b3b6b170a1ad9b,構造のロジック,hara3281,https://assets.st-note.com/production/uploads/images/268537398/profile_40c682fd9eb7885a591acb4dc3db35b6.png?fit=bounds&format=jpeg&quality=85&width=330,2026-03-14T07:22:08.921+09:00,はじめまして。フォローいただき、本当にありがとうございます！ご縁ができてとても嬉しいです。私もKing さんの記事を楽しみに拝見させていただきますね。これからどうぞよろしくお願いいたします。
ncebbc5701ac7d,nfa8d47a22c3a,f7f65f03a3bdeda4d763890110ac84e4,NOB,ready_lotus9892,https://assets.st-note.com/production/uploads/images/258825084/profile_11bf84c0b70077823d8ff0b803742218.png?fit=bounds&format=jpeg&quality=85&width=330,2026-03-12T07:26:51.401+09:00,"フォローありがとうございます
入信させていただきます
今後とも宜しくお願い致します"
ncabd8b6cbeda8,nfa8d47a22c3a,57005ebb34f53e6aee68cda4e8321dbc,就労継続支援A型「ルミエラ白井」公式,gay_snail5317,https://assets.st-note.com/production/uploads/images/259550333/profile_4dceb57856297a8b48ce6db154034868.png?fit=bounds&format=jpeg&quality=85&width=330,2026-03-04T16:25:52.005+09:00,"King | 天は自らを助くる者を助けるらしいさん

こんばんは。

判断と線引きのメモ、いいですね。

昔、自分はメモ大好きでいろんなジャンルにチャレンジしています。

(≧▽≦)：note読書も。

フォローしていただきありがとうございます。こちらからもフォローさせていただきます。更新楽しみにしています。応援しています。

今後ともよろしくお願いいたします。

明日も良い１日になりますように。"
nce2e8381d5c2f,nd3b15e59ffd1,a0631b9dde2d8c6616ce55a5efaefc18,sc_fun｜AI×note収益化サポート😺,sc_fun,https://assets.st-note.com/production/uploads/images/238585370/profile_d3940d29208e16d8c13feedce8989fdd.png?fit=bounds&format=jpeg&quality=85&width=330,2026-05-28T22:28:34.907+09:00,"Kingさん、まさに初期の頃の私を思い出します。

noteを始めてから3日間くらいは自己紹介以外だとスキ数が1とか2なんて当たり前というかザラにありました。

でも、今は交流することが楽しみでnoteをやっていることもあり、スキ数は自然と増えていきました🐱

あと、やっぱり反応は気になりますよね😀"
nc0558ad408ebe,nd3b15e59ffd1,679fe4234ae28723f428b4e8b064616b,断罪と慈愛の歌詠み師 UTAKO,bold_slug9390,https://assets.st-note.com/production/uploads/images/277739517/profile_53347832448fd6f71aab45f88bdae49f.jpeg?fit=bounds&format=jpeg&quality=85&width=330,2026-05-28T19:02:49.957+09:00,"kingさん、こんばんは🌙✨
よく拝見させていただいているのに、なかなかお声がけできずに、すみません🙇‍♀️
私は今kingさんの初期の状態です😅
フォロワーは増えるのに、スキやコメントは増えません😎
好きでやっているからと納得はしているものの、やはり反応してもらえたときは嬉しいですよね💖
また遊びに来させてくださいね✨
フォローもさせていただきました🌈✨"
nce9af62a49705,nd3b15e59ffd1,a3b393748448993682c446017554f28a,りこ@一生養生,riko_83,https://assets.st-note.com/production/uploads/images/242853208/profile_868cf0850d54d0a98ca0406d82454cfa.png?fit=bounds&format=jpeg&quality=85&width=330,2026-05-28T16:42:20.424+09:00,"Kingさん、こんにちは☀
いつもマガジンへ記事をお迎えして下さりありがとうございます😊🍀
Kingさんの優しさが伝わる記事でしたねぇ✨"
nca2ac62913d49,nd3b15e59ffd1,0f3d35cea01ccfe90ba85983161b6006,心理士ゆみこ｜支援者こそ、世界一幸せでいい。,innosense,https://assets.st-note.com/poc-image/manual/preset_user_image/production/ic3fd94079689.jpg,2026-05-28T13:18:23.568+09:00,kingさん、はじめまして。私の記事もマガジンにシェアしてくださり感謝しております😌✨️これからも投稿楽しみにしています。まずはご挨拶まで♡ 心理士ゆみこ
nc6f0a724187a3,nd3b15e59ffd1,aa396818ce9b68951cae09c5b738014e,Torori（とろり）🌱 毒親育ちへ「心穏やかな恋」を届ける人【フォロバ100】,torori_20260101,https://assets.st-note.com/production/uploads/images/242495675/profile_d6bfee66de6dbec64ca70c2649f987aa.png?fit=bounds&format=jpeg&quality=85&width=330,2026-05-28T11:07:56.692+09:00,"Kingさん・・(;_;)

自分のために書いているとはいえ、やっぱり反応がもらえると嬉しいですよね・・✨️

普段はあんなにおもしろいのに・・・

中ではこんなことを考えていたんですね・・(´；ω；｀)

Kingさんの優しさや気遣いはコメントからも伝わってきます🌱

なんだか、読んでうるっときてしまいました。

たまにはこういう文章もいいですね、また書いてください✒"
ncb0d58906b2af,nd3b15e59ffd1,4d7884c1cad8153895dadb71ec1606cb,こーき｜心が少し軽くなる場所,i_am_151cm_boy,https://assets.st-note.com/production/uploads/images/236560109/profile_28f1fb163081001f12afa3f21b0dc40a.png?fit=bounds&format=jpeg&quality=85&width=330,2026-05-28T10:06:59.635+09:00,"Kingさん☺️

素のKingさんの思いを知って、またさらにKingさんを好きになりました🥹🌈

「苦しい時や孤独な時に反応してくれた人は、大事にしたいと思う。」

この感覚とても共感します！！😢

そして、そんな僕も日々Kingさんに救われているうちの1人です😢

いつも本当にありがとうございます😭🙏"
nc60d6304f94e7,nd3b15e59ffd1,5792beedf51dea6547b4b3d298482ab4,丁寧な暮らし/生きやすさ探求家,gentle_gecko1078,https://assets.st-note.com/production/uploads/images/272850856/profile_5078d7016e37422cee3be424742ee433.png?fit=bounds&format=jpeg&quality=85&width=330,2026-05-28T06:42:22.642+09:00,Kingさんが過去記事をマガジンに拾ってくださって、またスキが増える♡という現象に感謝してます😊✨
ncbdacc70f4633,nd3b15e59ffd1,84725422db8ddb286fb3a293c306aebf,開運シェルパ,hanamiti369,https://assets.st-note.com/production/uploads/images/255750674/profile_80ee0ac532bef7940f81afda8d8e8a77.png?fit=bounds&format=jpeg&quality=85&width=330,2026-05-28T06:09:17.556+09:00,"​Kingさん、おはようございます🌞
「書きたいから書く」という言葉が、印象に残っています。
​「いいね」や数字だけを目当てにしていると、それがもらえないとき、やる気がなくなってやめたくなりますよね。
でも、Kingさんには数字の前に「書きたい理由」があった。だから、誰も見てくれない時期もあきらめずに続けられたのだと思います。

​「自分も誰かにとってそういう存在になれたら」という一文、本当に素敵です。
人からしてもらった嬉しいことを、今度は自分が別の誰かにしてあげる。そうやって優しさがぐるぐると回る仕組みの中に、Kingさんの言葉はもう、しっかりと溶け込んでいます。

​言葉のすごさは、派手さではなく「本当に困っている人の心に届くかどうか」だと思います。
Kingさんの飾らない言葉は、間違いなく誰かの支えになっています。これからも応援しています🍀"
nc3cb1599e71a1,nd3b15e59ffd1,b95263c6657241c37c06be8613990710,埼玉の裏仕事人,kiitto1968,https://assets.st-note.com/production/uploads/images/253657159/profile_e3d1ed5fc794d04266be9932b804beb4.png?fit=bounds&format=jpeg&quality=85&width=330,2026-05-28T05:42:53.576+09:00,"最初の頃は、書きたいから書く。

ただそれだけのつもりだった。

とはいえ、やはり反応があると嬉しいものだ。

あー、そうそうそうなんですよね。反応があると嬉しいものだし、わかってもらえるとさらに嬉しくなる。でもそれは周りに知ってもらう必要があり徐々にその輪が広がって行く…。たまには団長もしんみりですな！先日のスーパー半額セールの影響ですかな？"
nc4f5b81e41544,nd3b15e59ffd1,13f03d3a1ec4a172a7084a791c8c4703,"あいさん💗Iカウンセリングルーム セラピスト／ 臨床心理士×公認心理師｜支援歴16年・2,000名超",joyful_zebra1701,https://assets.st-note.com/production/uploads/images/194103346/profile_5b2ee16c8d8db97758503974e4e6f9da.png?fit=bounds&format=jpeg&quality=85&width=330,2026-05-27T23:50:19.071+09:00,"Kingさん😊

初期の頃のスキが少なかった時期のこと、そして、苦しい時や孤独な時に反応してくれた人を大切にしたいという言葉が、とても胸に残りました。

反応が少ない時期に、それでも書き続けることって、簡単ではないですよね。
だからこそ、その頃に届いたひとつひとつのスキや言葉は、きっと特別なものだったのだろうなと感じました✨

自分も誰かにとってそういう存在になれたらいい、という想いも素敵ですね🌸
Kingさんの本音が、静かにあたたかく伝わってきました✨

いつもありがとうございます🥰
"
nc9903407e3ae0,nd3b15e59ffd1,4e7eef3189b992c60c72157f624c984e,ゆらゆら/日常の解像度を上げる人,super_aster3311,https://assets.st-note.com/production/uploads/images/263450773/profile_81f4599be08bbfd2fb1d6abb8143c925.png?fit=bounds&format=jpeg&quality=85&width=330,2026-05-27T22:40:38.163+09:00,"Kingさん
こんばんは
いつもマガジンへの掲載ありがとうございます！
いつもありがとうございます！
感謝です(*'▽')"
nc3bd630bb8e08,nd3b15e59ffd1,575e6e4825cd6ea1cf3e8aa950555365,K｜病院事務出身×シンギュラリティに備える人,witty_myrtle4328,https://assets.st-note.com/production/uploads/images/258035373/profile_998b98a99056dfaae7b85fbee4a6d1bc.png?fit=bounds&format=jpeg&quality=85&width=330,2026-05-27T21:33:53.103+09:00,"Kingさん、こんばんは！
いつもいつもありがとうございます😊✨
本当にそう思います！！
反応してくださる方々には感謝しかないです😭"
ncad8178a42bc6,nd3b15e59ffd1,209f3701abc5bae89b6dd62898c7916a,コンパス みき,compass_m360,https://assets.st-note.com/production/uploads/images/253440713/profile_8b36220be6950ce90264f78d2b308c75.png?fit=bounds&format=jpeg&quality=85&width=330,2026-05-27T21:20:40.172+09:00,"Kingさん、こんばんは😄

初めの頃から来てくれている方々は
本当に大切な宝物だと思います💖
素敵なお話ありがとうございます。

いつもありがとうございます😄"
nc0651986423b0,nd3b15e59ffd1,614b061a3a50c5feb5494add01add756,KANA,brainy_hosta8517,https://assets.st-note.com/production/uploads/images/219340642/profile_093a76476fb30e2d02f549068e480940.png?fit=bounds&format=jpeg&quality=85&width=330,2026-05-27T21:04:22.593+09:00,"Kingさん、こんばんは🌙

お呼ばれして来てみたら、本当に素敵な記事でしたわ♡

スキが一つ、二つだった頃のことを、今もちゃんと大切に覚えていらっしゃるところに、Kingさんの本音の温度を感じました。

たくさん読まれるようになっても、苦しい時や孤独な時に反応してくれた人を大事にしたい。

その気持ち、とてもあたたかいですわね🌸

ふふ...誰かにとってそういう存在になれたら、という言葉にも、Kingさんらしいやさしさがにじんでいましたわ。

読ませていただいて、KANAまで心が整いました♡

素敵な記事をありがとうございます🌙"
nc1c8acff3ca6b,nd3b15e59ffd1,c57b90e88def472f75594cb7e1456444,龍神,tatsuopapa,https://assets.st-note.com/production/uploads/images/195297097/profile_8bc9db642d186cf7b66339af17c27bd2.png?fit=bounds&format=jpeg&quality=85&width=330,2026-05-27T20:57:46.617+09:00,"Kingさん
読ませていただきました。

これは、とても大切な本音ですね。

今ではたくさんのスキが届くようになっていても、最初からそうだったわけではない。
スキがひとつ、ふたつだった頃を覚えているからこそ、今も反応してくださる方への感謝が深いのだと思います🍀

苦しい時や孤独な時に、そっと反応してくれた人は忘れられませんよね。
そのひとつのスキに、どれだけ心が救われるかを知っている人の言葉だと感じました。

そして、Kingさんが「自分も誰かにとってそういう存在になれたら」と思っていることが、とても素敵です。

笑いの奥にも、ちゃんと人を見ているやさしさがある。
そこがKingさんの記事の魅力なのだと思います。

読ませていただき、ありがとうございました🐉
"
nc7ceba492bd4e,nd3b15e59ffd1,031a96c67c576e3bfc12a86d2606bd97,ココミチ＠ゆきの,hot_mink9599,https://assets.st-note.com/production/uploads/images/212559417/profile_9dbf6c222d0c87810aeff185afbd7f95.jpg?fit=bounds&format=jpeg&quality=85&width=330,2026-05-27T20:30:44.948+09:00,"Kingさん、こんばんは

「自分も誰かにとってそういう存在になれたらいいなと思う」
という一文を、静かに読ませていただきました

苦しい時に反応してくれた人を大切にしたいという
その言葉が、静かにそのまま届いてきました

いつも「マガジンtysm:)」へ
記事を迎えてくださっていますが
その感謝で綴られた場所自体が
もうすでに誰かにとっての
温かい存在になっているような気がします

今回も「身体が勝手に身構えてしまう夜に」を
マガジンへ置いてくださり、ありがとうございます
Kingさんの本音に触れられたこと
うれしく受け取っています

ゆきの"
nc2c53a7a064ec,nd3b15e59ffd1,b60c6006e6818a147458dad11e6bc89f,瀬海歩（せかいあゆむ）,sekaiayumu25,https://assets.st-note.com/production/uploads/images/251395522/profile_6cb1552f68e13741419dd072f35f914e.jpg?fit=bounds&format=jpeg&quality=85&width=330,2026-05-27T19:27:51.721+09:00,"Kingさん
こんばんは🌕
先日は討伐ありがとうございました。(笑)
Kingさんには引力があります。
明るい人特有の。
そして、いつか瀬海歩も友人やライバルとよばれたいです。
素のKingさんステキですよ✨"
nc459eee5de61e,nd3b15e59ffd1,904e9ed918828179390741c99f797844,こはる(ふわり、ももんが日記),momonga_0125,https://assets.st-note.com/production/uploads/images/246484153/profile_50e45d59aea0e50aa87e0779898c85ba.png?fit=bounds&format=jpeg&quality=85&width=330,2026-05-27T18:52:51.129+09:00,"Kingさん、こんにちは😊

いつもありがとうございます⸜🌷︎⸝‍
スキとかコメントをいただけるとすごく嬉しいし、励みになりますよね🥺

Kingさんにコメントやマガジンでの紹介、すごく嬉しかったです🥹
そして、LINEスタンプまで購入いただいたのにはほんと感謝です🙏

これからもよろしくお願いします🙇‍♀️"
ncbfebeda0c983,nd3b15e59ffd1,a3bcc411a4c251239d492b2f079f5870,やも,yamo_note,https://assets.st-note.com/production/uploads/images/258648405/profile_ee869852783a5a9a11d34fd10d919f33.png?fit=bounds&format=jpeg&quality=85&width=330,2026-05-27T18:41:35.733+09:00,"kingさん、こんにちは😊

初期の頃のフォロワーさんは戦友みたいなものですね

記事の最後のところですが、

「苦しい時や孤独な時に反応してくれた人は、大事にしたいと思う。」
私もそう思いますし、今、苦しいのではと孤独な思いをしているに人は、手を差し伸べたいと思っています🤝

逆に、私が関わらなくてもこの人なら大丈夫かなと思ったら、、、😏😏


"
ncb598c160e82d,nd3b15e59ffd1,cec4c608f21d7aa722cfc12802c896bf,MOON｜違和感の記録,dandy_sedum8677,https://assets.st-note.com/production/uploads/images/271470614/profile_112e71abeaceddb2ab033b49d5f56568.png?fit=bounds&format=jpeg&quality=85&width=330,2026-05-27T18:35:19.249+09:00,"Kingさん

初期の頃の話、
グッときました。

私にとっては、
どこまでが“初期”なのかはわかりませんが、
ずっと励みになっています🌙

今後ともよろしくお願いします。"
ncde97429416a6,nd3b15e59ffd1,d935afcef3d45372668600a97b8eea46,天野 雫 ✿ 占い日記,proper_bonobo536,https://assets.st-note.com/production/uploads/images/252856370/profile_866f40df26780c146ef9459cf81a675c.png?fit=bounds&format=jpeg&quality=85&width=330,2026-05-27T18:22:25.801+09:00,"Kingさん、こんばんは✨️

いつもお世話になっております🙇
私はKingさんの黒歴史や面白Song大好き♡
これからもヨロシクです♪"
nc951db3c9f279,nd3b15e59ffd1,dc157540cc91b85018fc2caf1ebe6e1d,空風マナミ　,sorakaze_works,https://assets.st-note.com/production/uploads/images/247072511/profile_f8c3cb6911c80de4c8b865ead1a349c6.png?fit=bounds&format=jpeg&quality=85&width=330,2026-05-27T18:20:17.497+09:00,"Kingさん、
こちらからもこんにちは！
いつもありがとうございます。素のKingさんの投稿。
なんだかソワソワしますが、
偉大です！
ラッキーをくださっているKingさん、いつもありがとうございます♪"
ncb0a6286d4815,nd3b15e59ffd1,3cb4d81489d9115418a8861dcba7c631,えらん堂,dear_pansy6581,https://assets.st-note.com/production/uploads/images/242221069/profile_508d7605146c8d0a2207c10ec053fe6c.png?fit=bounds&format=jpeg&quality=85&width=330,2026-05-27T18:18:30.996+09:00,"Kingさん
こんばんは
Kingさんのような方ならフォロワーさんが増えていっても初心を忘れずやっていけると思います
今後ともよろしくお願いします"
nc8b33f93cf3dd,nd3b15e59ffd1,ca17527cfe63f65cebf3883988786b79,donchan1962,donchan_13,https://assets.st-note.com/production/uploads/images/183217910/profile_a33ecb57f18c7bbea28e041c386d47a2.jpeg?fit=bounds&format=jpeg&quality=85&width=330,2026-05-27T18:10:11.903+09:00,"今日は、素で書いていますね！
私も、最初の頃は、スキとか付くのかな〜と思いました。
まぁ、いろいろなクリエイターさんに助けてもらって、今があると思います。"
nc89d0942ae587,nd3b15e59ffd1,ee17e08838a2d1017fe4b3f4eb73a4e3,境界をまたぐ心理士【振り子】,rosy_snail1735,https://assets.st-note.com/production/uploads/images/253068092/profile_684215ad7eba3d124844155dff223a1b.jpg?fit=bounds&format=jpeg&quality=85&width=330,2026-05-27T18:06:17.145+09:00,"こんにちは✨

きっと今も継続できているクリエイターさんのほとんどが、駆け出しの頃に他のクリエイターさんから助けられてますよね(特にメンタル的に)。
だからこそ、noteに暗黙の支え文化が根付いてるんだと思ってます☺️"
ncc711cffe86d9,n2d14f53155e6,84725422db8ddb286fb3a293c306aebf,開運シェルパ,hanamiti369,https://assets.st-note.com/production/uploads/images/255750674/profile_80ee0ac532bef7940f81afda8d8e8a77.png?fit=bounds&format=jpeg&quality=85&width=330,2026-05-28T21:34:33.367+09:00,"鏡の中に映った「ヤツ」の話、最高でした😀
笑いながら読んでいたのに、途中で「あれ、これ自分も覚えがあるかも、、、」とドキッとしてしまいました。
自分の中に、普段は見ないようにしている「ちょっと嫌だな」「認めたくないな」という気持ちが誰にでもあるものですよね。
夢の中に「ヤツ」が出てくるのは、「自分はそうなりたくない」という気持ちが強い証拠だと思います。本当に「ヤツ」だったら、そんな夢を見て気にしたりしませんから。
Kingさんがご自身を客観的に見られているということですね。

量子コンピュータの「82%」は反則です（笑）。「何か起きそうで怖いけれど、結局何もせず心配している時間が一番長い」という人間のクセを、あの一言に詰め込むとは。

「でも少しだけ気をつけよう」という締めも好きでした。難しいことを理屈っぽく説くのではなく、読んだ人が「自分もちょっとだけ意識してみようかな」と自然と思える設計。
これがKingさんの持ち味だと思います。

笑いと氣づきが絶妙なバランスで詰まったエピソードで、元気をもらいました。
創作大賞2026、応援しています🌈"
nc8a44eae23479,n2d14f53155e6,ca17527cfe63f65cebf3883988786b79,donchan1962,donchan_13,https://assets.st-note.com/production/uploads/images/183217910/profile_a33ecb57f18c7bbea28e041c386d47a2.jpeg?fit=bounds&format=jpeg&quality=85&width=330,2026-05-27T17:43:10.229+09:00,"こんばんは🌇
いつもありがとうございます
記事、マガジンへの追加、感謝申し上げます"
nce22979575df6,n2d14f53155e6,ca17527cfe63f65cebf3883988786b79,donchan1962,donchan_13,https://assets.st-note.com/production/uploads/images/183217910/profile_a33ecb57f18c7bbea28e041c386d47a2.jpeg?fit=bounds&format=jpeg&quality=85&width=330,2026-05-27T11:41:35.771+09:00,"こんにちは
いつもありがとうございます
記事、マガジンへの追加、感謝申し上げます"
nc31774ea2ff9b,n2d14f53155e6,1fa991e36b58d8e95e3af4a9385bff68,さみ,sa_mi0607,https://assets.st-note.com/production/uploads/images/270114176/profile_0b08f44532cc428a0ce179681ac05951.png?fit=bounds&format=jpeg&quality=85&width=330,2026-05-26T22:55:37.589+09:00,"だんちょー🍀
良き睡眠をー🤣笑🌈　🍊"
nc40f47f97eb2c,n2d14f53155e6,209f3701abc5bae89b6dd62898c7916a,コンパス みき,compass_m360,https://assets.st-note.com/production/uploads/images/253440713/profile_8b36220be6950ce90264f78d2b308c75.png?fit=bounds&format=jpeg&quality=85&width=330,2026-05-26T22:21:39.686+09:00,"Kingさん、こんばんは〜⭐️
もう寝て下さいね〜💤
また夢見ますよ🤣

いつもありがとうございます💖"
nc5c9c6fc33503,n2d14f53155e6,ca17527cfe63f65cebf3883988786b79,donchan1962,donchan_13,https://assets.st-note.com/production/uploads/images/183217910/profile_a33ecb57f18c7bbea28e041c386d47a2.jpeg?fit=bounds&format=jpeg&quality=85&width=330,2026-05-26T21:20:26.361+09:00,"笑う〜
まるで、コントみたいですね
ウケる"
ncfcfbded854c6,n2d14f53155e6,4d7884c1cad8153895dadb71ec1606cb,こーき｜心が少し軽くなる場所,i_am_151cm_boy,https://assets.st-note.com/production/uploads/images/236560109/profile_28f1fb163081001f12afa3f21b0dc40a.png?fit=bounds&format=jpeg&quality=85&width=330,2026-05-26T19:04:07.913+09:00,"Kingさん🤣🤣
寝不足〜🤣🤣🤣笑笑
いつもありがとうございます😊✨"
nc106ec162e2dd,n2d14f53155e6,d935afcef3d45372668600a97b8eea46,天野 雫 ✿ 占い日記,proper_bonobo536,https://assets.st-note.com/production/uploads/images/252856370/profile_866f40df26780c146ef9459cf81a675c.png?fit=bounds&format=jpeg&quality=85&width=330,2026-05-26T18:41:12.421+09:00,"団長🤣🤣🤣
夢の内容を過度に気にしすぎる確率82%
さすがハイスコアすね😂"
nca5b07cf6725a,n2d14f53155e6,47ac127ec0bbe6902b9f372fd944ebf8,和田雄三｜AI×心理ブランディングデザイナー,glad_dill2129,https://assets.st-note.com/production/uploads/images/265848866/profile_b0e386a458b5c21f7f00921837c9ffad.png?fit=bounds&format=jpeg&quality=85&width=330,2026-05-26T18:29:28.692+09:00,ラッキーで締めるのズルいですね✌️
nc11a614724059,n2d14f53155e6,e937b529062a4dff3c5cf7b79cc04cf6,たーゼ,sakuya_rainbow44,https://assets.st-note.com/production/uploads/images/267491936/profile_b274aede9a61c347dfc7d9213ffbeed9.jpg?fit=bounds&format=jpeg&quality=85&width=330,2026-05-26T18:17:33.018+09:00,"最後がちと分からなかったけど、
ミラクルラッキー認定です👼👍✨

イェーイ🧑🍭✨✨🎶🤗🌸✨✨"
nc82703716f7e1,n48c4608100d9,4a5abb8e8138fd6fbf5799cac2ec7926,コウヅキ ハナエ,hanaekaki,https://assets.st-note.com/production/uploads/images/262131492/profile_a2318ddf53f035c1f7d54b13c898e0e0.png?fit=bounds&format=jpeg&quality=85&width=330,2026-05-26T22:25:20.367+09:00,"こんばんは😀
こちらから失礼します。
この度も私の記事をマガジンに載せてくださって、ありがとうございます😀

なるほどこういう企画もなさるのだなあと、また勉強になりました✨"
nc770286d8c0b3,n48c4608100d9,c1dfe5c6837c1c8dafb60f25a7fdcdc0,華子,genial_spirea716,https://assets.st-note.com/production/uploads/images/258028335/profile_2bb70ccccce23ac8888763e8a9d26ee2.jpg?fit=bounds&format=jpeg&quality=85&width=330,2026-05-26T20:51:51.111+09:00,私も介護の仕事しています。パートですけど…。
ncda7075c6b0cf,n48c4608100d9,ca17527cfe63f65cebf3883988786b79,donchan1962,donchan_13,https://assets.st-note.com/production/uploads/images/183217910/profile_a33ecb57f18c7bbea28e041c386d47a2.jpeg?fit=bounds&format=jpeg&quality=85&width=330,2026-05-26T19:39:25.407+09:00,"こんばんは🌆
いつもありがとうございます
記事、マガジンへの追加、感謝申し上げます"
nc63304cef54df,n48c4608100d9,ca17527cfe63f65cebf3883988786b79,donchan1962,donchan_13,https://assets.st-note.com/production/uploads/images/183217910/profile_a33ecb57f18c7bbea28e041c386d47a2.jpeg?fit=bounds&format=jpeg&quality=85&width=330,2026-05-26T14:48:33.816+09:00,"いつもありがとうございます
記事、マガジンへの追加、感謝申し上げます"
nc39334f2a12cf,n48c4608100d9,1ef4435612c1f36fd963bcdd8ace0d73,のあ｜自分に戻る思索note,joyful_salvia906,https://assets.st-note.com/production/uploads/images/244581020/profile_a075505b43aab98267d3b165ed95521a.png?fit=bounds&format=jpeg&quality=85&width=330,2026-05-25T20:30:17.929+09:00,"Kingさん
こんばんは。
いつもマガジン追加していただきありがとうございます😊
本当にうれしいです！

新しい企画を始められていて、
自分もnote頑張ろう、
と刺激を受けました！(^^)

陰ながら応援しています！✨"
ncc8b4160d0a69,n48c4608100d9,34987bbf50be44cfbc1419a1df6f8760,ツムジ,tsumuji264,https://assets.st-note.com/production/uploads/images/231588271/profile_d0f51b83720ce83ce2be707571e96762.png?fit=bounds&format=jpeg&quality=85&width=330,2026-05-25T18:48:54.106+09:00,"Kingさん
またまたマガジン追加ありがとうございます😊

珍企画、おもしろいですね！
DMを使って交流するだなんて考えたこともなかったです😳

内容が秘密というのも、なんだか特別感があっていいですね！"
ncd8adeaf565b2,n48c4608100d9,501075b33bc8fff4716e8e39cb47e74a,りんごあめ,aogunjyou_205,https://assets.st-note.com/production/uploads/images/244320088/profile_b53bcb9297c65530f6e56ea129a55d08.jpeg?fit=bounds&format=jpeg&quality=85&width=330,2026-05-25T18:18:12.551+09:00,"Kingさん　
いつも素敵なマガジンへ記事を掲載していただきありがとうございます🍎
これからも少しずつマイペースで言葉を紡ぎたいと思います。
ありがとうございました🙂‍↕️✨"
ncef0c519f0c88,n48c4608100d9,209f3701abc5bae89b6dd62898c7916a,コンパス みき,compass_m360,https://assets.st-note.com/production/uploads/images/253440713/profile_8b36220be6950ce90264f78d2b308c75.png?fit=bounds&format=jpeg&quality=85&width=330,2026-05-25T18:08:27.691+09:00,"Kingさん、こんにちは😄

DM企画😆さすがKingさん！
画期的です！
おもしろ企画考えるのも楽しいですね😄"
ncb7fd594432ce,n48c4608100d9,aa396818ce9b68951cae09c5b738014e,Torori（とろり）🌱 毒親育ちへ「心穏やかな恋」を届ける人【フォロバ100】,torori_20260101,https://assets.st-note.com/production/uploads/images/242495675/profile_d6bfee66de6dbec64ca70c2649f987aa.png?fit=bounds&format=jpeg&quality=85&width=330,2026-05-25T14:49:48.032+09:00,"DMする企画なんて、想像したこともなかったです(*^^*)
Kingさんの考えることは面白いですね~🌱

そのうち、相談内容？を記事化しても良いのかもしれませんね・・💡
（相手が望めばですけど🌱）

Kingさんがどんな風にフォロワーさんとやり取りしてるのか、読んでみたいです笑"
nc6a4f49ad574c,n48c4608100d9,d29c2432624c1087ec7f89cc2f079dbe,美咲サヤ,crisp_gecko6337,https://assets.st-note.com/production/uploads/images/267718350/profile_d73fda1af8e66cc2c55152264f38ff50.png?fit=bounds&format=jpeg&quality=85&width=330,2026-05-25T11:23:10.988+09:00,"Kingさん、
こんにちは！
この度もマガジンに私の記事を追加していただきありがとうございました！
毎回励みとこれからも頑張るぞー💪と勇気をいただけます。
ありがとうございます😂"
nca392ab089f02,n48c4608100d9,ca17527cfe63f65cebf3883988786b79,donchan1962,donchan_13,https://assets.st-note.com/production/uploads/images/183217910/profile_a33ecb57f18c7bbea28e041c386d47a2.jpeg?fit=bounds&format=jpeg&quality=85&width=330,2026-05-25T11:15:56.663+09:00,"こんにちは。
いつもありがとうございます
記事、マガジンに追加、感謝申し上げます"
nc8f30f85893af,n48c4608100d9,ca17527cfe63f65cebf3883988786b79,donchan1962,donchan_13,https://assets.st-note.com/production/uploads/images/183217910/profile_a33ecb57f18c7bbea28e041c386d47a2.jpeg?fit=bounds&format=jpeg&quality=85&width=330,2026-05-25T07:22:43.534+09:00,"おはようございます〜
いつもありがとうございます
記事、マガジンへの追加、感謝申し上げます"
nc9dec19f18f36,n48c4608100d9,ca17527cfe63f65cebf3883988786b79,donchan1962,donchan_13,https://assets.st-note.com/production/uploads/images/183217910/profile_a33ecb57f18c7bbea28e041c386d47a2.jpeg?fit=bounds&format=jpeg&quality=85&width=330,2026-05-24T20:48:44.529+09:00,"凄い数のマガジンやな〜
流石です👍"
nc69942571c05a,n48c4608100d9,13f03d3a1ec4a172a7084a791c8c4703,"あいさん💗Iカウンセリングルーム セラピスト／ 臨床心理士×公認心理師｜支援歴16年・2,000名超",joyful_zebra1701,https://assets.st-note.com/production/uploads/images/194103346/profile_5b2ee16c8d8db97758503974e4e6f9da.png?fit=bounds&format=jpeg&quality=85&width=330,2026-05-24T19:23:10.419+09:00,"Kingさん、いつもマガジンのご紹介ありがとうございます✨

不定期開催の企画、ちょっとワクワクする雰囲気があって素敵ですね🥰

ご縁を大切にしながら、noteの中であたたかい循環が広がっていく感じがして、読ませていただいて嬉しかったです💞
いつもありがとうございます😌🫶"
nc23191fb68e24,n48c4608100d9,e937b529062a4dff3c5cf7b79cc04cf6,たーゼ,sakuya_rainbow44,https://assets.st-note.com/production/uploads/images/267491936/profile_b274aede9a61c347dfc7d9213ffbeed9.jpg?fit=bounds&format=jpeg&quality=85&width=330,2026-05-24T19:17:11.882+09:00,"🧑👼🍭✨✨…………
…………………………………



始動✨✨
無言で現れてみた！✨🤭🌸✨"
nc81861f6edb31,n48c4608100d9,cec4c608f21d7aa722cfc12802c896bf,MOON｜違和感の記録,dandy_sedum8677,https://assets.st-note.com/production/uploads/images/271470614/profile_112e71abeaceddb2ab033b49d5f56568.png?fit=bounds&format=jpeg&quality=85&width=330,2026-05-24T19:16:04.487+09:00,"Kingさん

気になっていました😊

タイミングが合って、
運良く滑り込めた時は、
ぜひ参加してみたいです。"
ncb65a2c2088ed,n48c4608100d9,4d7884c1cad8153895dadb71ec1606cb,こーき｜心が少し軽くなる場所,i_am_151cm_boy,https://assets.st-note.com/production/uploads/images/236560109/profile_28f1fb163081001f12afa3f21b0dc40a.png?fit=bounds&format=jpeg&quality=85&width=330,2026-05-24T18:58:09.222+09:00,"Kingさん😊
1時間は結構なラリーになってそうですね🤣
何のラッキーの打ち合わせか気になります🤣笑笑
いつもありがとうございます😊✨"
nc6d6ac74a803b,n4d3800af4fec,84725422db8ddb286fb3a293c306aebf,開運シェルパ,hanamiti369,https://assets.st-note.com/production/uploads/images/255750674/profile_80ee0ac532bef7940f81afda8d8e8a77.png?fit=bounds&format=jpeg&quality=85&width=330,2026-05-24T13:55:29.234+09:00,"Kingさん、こんにちは🌞
ダークサイドを描く壮大な3曲構成ですね。

第一章では「うまくやるために仮面を被る」という、誰もが心のどこかで感じたことのある気持ちが描かれています。「ヤツの足音」という表現が、自分の中の暗い部分が近づいてくる感覚をリアルに伝えていると感じました。

第二章では「ヤツを召喚して利用する」という、もう一歩踏み込んだ選択。でも人を道具として扱うとき、実は自分の何かも失っていく、その怖さが滲み出ています。

そして第三章のラスト、「鏡を覗いたら、そこにヤツがいた」という氣づきが、この詩の核心だと思います。ずっと追い払おうとしていた存在が、実は自分自身だったという結末。これは人間の心の深いところをついている表現だと感じました。

最後の「通った道が間違っていたようだ…」という一行が、すべての答えであり、また新たな出発点でもある。そこに温かさを感じます。
ゆっくり休んでください。また楽しみにしています🍀"
nccdc15e4eca51,n4d3800af4fec,617d6d2dcb4435635d6a948287898ed1,五條シンジ｜『Snowdrop Surfer』著者,kitanoshinji,https://assets.st-note.com/production/uploads/images/263243256/profile_d0e5a60e70723ba546f0bf5528b96c24.png?fit=bounds&format=jpeg&quality=85&width=330,2026-05-24T12:07:37.784+09:00,"Kingさん
こんにちは。

いつもありがとうございます。

ダークサイドロック系の世界観に圧倒されました。
歌詞も曲も作られているなんて、すごすぎて……。

色々お忙しくされていると思いますので、どうぞ無理なさらずに。

今回もマガジンに追加いただき、ありがとうございます。
これからも投稿を楽しみにしております♪"
nc065cc3795494,n4d3800af4fec,aa396818ce9b68951cae09c5b738014e,Torori（とろり）🌱 毒親育ちへ「心穏やかな恋」を届ける人【フォロバ100】,torori_20260101,https://assets.st-note.com/production/uploads/images/242495675/profile_d6bfee66de6dbec64ca70c2649f987aa.png?fit=bounds&format=jpeg&quality=85&width=330,2026-05-24T04:05:01.597+09:00,"Kingさん

こんにちは🌱

毎日投稿している人は本当に尊敬です💦
私は週３日ですが、それでもヘロヘロしてばっかりで・・

おまけに毎回ネタの質も高いし💡
ぜひゆっくりやすんでくださいね＾＾

ロックは詳しくないのですが、たしかに闇深い・・笑
でも自分で曲を作れるなんて、スゴイな～✨️"
nc5e64b7058120,n4d3800af4fec,ca17527cfe63f65cebf3883988786b79,donchan1962,donchan_13,https://assets.st-note.com/production/uploads/images/183217910/profile_a33ecb57f18c7bbea28e041c386d47a2.jpeg?fit=bounds&format=jpeg&quality=85&width=330,2026-05-23T18:47:11.855+09:00,"こんばんは🌆
いつもありがとうございます
記事、マガジンへの追加、感謝申し上げます"
ncc7c9edfeeca5,n4d3800af4fec,ca17527cfe63f65cebf3883988786b79,donchan1962,donchan_13,https://assets.st-note.com/production/uploads/images/183217910/profile_a33ecb57f18c7bbea28e041c386d47a2.jpeg?fit=bounds&format=jpeg&quality=85&width=330,2026-05-23T17:59:26.400+09:00,"若いな〜！
ダークじゃないですよ😇"
nc2eb16fc8dfe5,n4d3800af4fec,fdfcb42dbb3ca6a92977feeb331299bf,ヤマコヤーマン,yamayamako3,https://assets.st-note.com/production/uploads/images/264908732/profile_22f5b0d83f87ee87628a50db08f251bb.png?fit=bounds&format=jpeg&quality=85&width=330,2026-05-23T15:50:20.818+09:00,"Kingさん
いつもマガジン追加ありがとうございます！恐縮です！
曲、カッコいいですね。会社辛くてデスメタルを爆音で聴いたあの日を思い出しましたw
"
nc9bcac1fc2e4b,n4d3800af4fec,f2a55d2f97f079ab0df510a2c19397fa,ぷっぷる,rich_moose3756,https://assets.st-note.com/production/uploads/images/247930453/profile_056c49f5bf7f07cdcc784fbf2ff720c7.png?fit=bounds&format=jpeg&quality=85&width=330,2026-05-23T14:28:51.430+09:00,"King さま

こんにちは

闇しか感じません😆
真っ黒、ダーク😆✨
嫌いじゃありません、
むしろ…スキ☺️

お疲れ様でございます✨

ゆっくりやすんでください🍀

失礼しました🍀😊

"
nc1359f7881361,n4d3800af4fec,209f3701abc5bae89b6dd62898c7916a,コンパス みき,compass_m360,https://assets.st-note.com/production/uploads/images/253440713/profile_8b36220be6950ce90264f78d2b308c75.png?fit=bounds&format=jpeg&quality=85&width=330,2026-05-22T23:22:59.060+09:00,"Kingさん、こんばんは💖
お疲れ様です！
足音いい曲ですね☺️
まずは、ゆっくり休んでください！
いつもありがとうございます＼(^o^)／"
ncef7750d30102,n4d3800af4fec,e937b529062a4dff3c5cf7b79cc04cf6,たーゼ,sakuya_rainbow44,https://assets.st-note.com/production/uploads/images/267491936/profile_b274aede9a61c347dfc7d9213ffbeed9.jpg?fit=bounds&format=jpeg&quality=85&width=330,2026-05-22T23:22:52.248+09:00,"おかしい〜まだここに来てなかった
とは…🧑👼💦💦

術にはまったか…😵😵"
ncd477fe6d3bc1,n4d3800af4fec,d935afcef3d45372668600a97b8eea46,天野 雫 ✿ 占い日記,proper_bonobo536,https://assets.st-note.com/production/uploads/images/252856370/profile_866f40df26780c146ef9459cf81a675c.png?fit=bounds&format=jpeg&quality=85&width=330,2026-05-22T20:41:09.656+09:00,"Kingさ〜ん！
どれも素敵な曲ですね🤣

…ところで三日酔いの曲は？ググっても出てこな〜ぃ💦
もしかしてYahooニュースかなんかで発表なのかな😂"
nc54bf0a56e872,n4d3800af4fec,904e9ed918828179390741c99f797844,こはる(ふわり、ももんが日記),momonga_0125,https://assets.st-note.com/production/uploads/images/246484153/profile_50e45d59aea0e50aa87e0779898c85ba.png?fit=bounds&format=jpeg&quality=85&width=330,2026-05-22T20:08:19.828+09:00,"Kingさん、こんばんは🌛
いつもありがとうございます😊

すごい・・・！かっこいいです😎
1週間の疲れが飛んだ気がします😆"
nc5f1a46bfd8c5,n4d3800af4fec,47ac127ec0bbe6902b9f372fd944ebf8,和田雄三｜AI×心理ブランディングデザイナー,glad_dill2129,https://assets.st-note.com/production/uploads/images/265848866/profile_b0e386a458b5c21f7f00921837c9ffad.png?fit=bounds&format=jpeg&quality=85&width=330,2026-05-22T19:03:21.175+09:00,"毎日投稿は負担大きいですよね😆
ヤツって🤣
元気出ました👍
ゆっくり休んでください✨"
nc2bea40cf330d,n4d3800af4fec,ccdd5511e48e8802f5f8d15b40e54269,カズボーイ,fancy_bobcat6056,https://assets.st-note.com/production/uploads/images/242623631/profile_6f4a796db46837d933f179fc611d1002.png?fit=bounds&format=jpeg&quality=85&width=330,2026-05-22T18:42:52.784+09:00,"Kingさん
いつもありがとうございます😊

反映（鏡の中の...）が疾走感があって特にカッコいいと思いました。

マガジンに記事を載せていただいてありがとうございます🌟"
nc9e51fb8a9e6a,n4d3800af4fec,b95263c6657241c37c06be8613990710,埼玉の裏仕事人,kiitto1968,https://assets.st-note.com/production/uploads/images/253657159/profile_e3d1ed5fc794d04266be9932b804beb4.png?fit=bounds&format=jpeg&quality=85&width=330,2026-05-22T18:18:52.330+09:00,よくみんな作れるですー。あちきも、一回作ったけど尻にニキビーとか変なのしかできなかった！尊敬です！
nc9ffb3cf13cfc,n4d3800af4fec,4d7884c1cad8153895dadb71ec1606cb,こーき｜心が少し軽くなる場所,i_am_151cm_boy,https://assets.st-note.com/production/uploads/images/236560109/profile_28f1fb163081001f12afa3f21b0dc40a.png?fit=bounds&format=jpeg&quality=85&width=330,2026-05-22T18:14:37.360+09:00,"Kingさん😆
よく合間合間でこんなに沢山楽曲作っていらっしゃいますね😭
本当に凄すぎます💦
連日投稿きついですよね💦
毎日でなくてもKingさんの投稿楽しみにしております！！！🤗✨
いつもありがとうございます😊🌈"
ncff9396cf9f2d,n4d3800af4fec,76105d049b8004561f30c282997a210a,木漏れ日亭,komorebi_tei,https://assets.st-note.com/production/uploads/images/243808069/profile_e9f0f6302bae0bf817c342f12a36db33.jpeg?fit=bounds&format=jpeg&quality=85&width=330,2026-05-22T18:10:43.330+09:00,"全部の再生ボタン押すとすごいことになるよ♪
カオスだけどなんかくせになる。。"
nc4c3d9e0c904f,n83f6bf8f2527,9a193d9abc63ad1d536f979a874ad406,花鳥風月(花ちゃん)｜心を動かすメンタリスト,firm_bee7297,https://assets.st-note.com/production/uploads/images/264597638/profile_ecaecdcbb549bb1d6757e08f18604858.png?fit=bounds&format=jpeg&quality=85&width=330,2026-05-26T14:54:01.741+09:00,Kingさん、洋の東西の古典を凝縮したような三層構造のnote攻略法と、感謝を忘れない圧倒的な「コメント率4.3%」のデータ分析、まさに知略に満ちた素晴らしい発信で深く感服いたしました！大勝利へのロードマップ、応援しております！🔥代筆⚔️✨
ncc4615fc4c667,n83f6bf8f2527,031a96c67c576e3bfc12a86d2606bd97,ココミチ＠ゆきの,hot_mink9599,https://assets.st-note.com/production/uploads/images/212559417/profile_9dbf6c222d0c87810aeff185afbd7f95.jpg?fit=bounds&format=jpeg&quality=85&width=330,2026-05-24T17:55:08.981+09:00,"Kingさん、こんにちは

攻略法の記事を読んでいて
「感謝の先にラッキーが待つ」という
一文が目に留まりました

最初に「感謝のマガジンです」と
教えてくださったときの言葉と
なんとなく重なって、静かに残りました

また「色が薄く見える夜に」を
「マガジンtysm:)」に迎えてくださり
ありがとうございます

ゆきの"
nc02f6981bd472,n83f6bf8f2527,0af9b366e7056bb35316462e699e0daa,じゅんのすけ,juicy_lynx3773,https://assets.st-note.com/production/uploads/images/264606998/profile_3edebb8ec7da186bb321afc081d561b0.png?fit=bounds&format=jpeg&quality=85&width=330,2026-05-24T08:34:37.578+09:00,"Kingさん、おはようございます✨
今日も大変勉強になりました😁
この記事を見れたということは、
つまり、ラッキーです🤣🤣🤣"
nc11b23cb15e5e,n83f6bf8f2527,a0631b9dde2d8c6616ce55a5efaefc18,sc_fun｜AI×note収益化サポート😺,sc_fun,https://assets.st-note.com/production/uploads/images/238585370/profile_d3940d29208e16d8c13feedce8989fdd.png?fit=bounds&format=jpeg&quality=85&width=330,2026-05-23T22:09:22.040+09:00,"Kingさん、俯瞰的に見ていました。

「ああ〜、なるほどな」と思いました😀

あと、いつもマガジン登録ありがとうございます🐱

導線って大事ですよね。

それが機能していなければ読まれないで終わってしまうので🙂"
ncd4dfbd94d638,n83f6bf8f2527,501075b33bc8fff4716e8e39cb47e74a,りんごあめ,aogunjyou_205,https://assets.st-note.com/production/uploads/images/244320088/profile_b53bcb9297c65530f6e56ea129a55d08.jpeg?fit=bounds&format=jpeg&quality=85&width=330,2026-05-23T19:03:40.241+09:00,"Kingさん　こんばんは🌙✨

いつもマガジンへは掲載していただき、本当にありがとうございます🙂‍↕️✨
とても感謝をしています🌹✨"
nc8697075e6099,n83f6bf8f2527,a3b393748448993682c446017554f28a,りこ@一生養生,riko_83,https://assets.st-note.com/production/uploads/images/242853208/profile_868cf0850d54d0a98ca0406d82454cfa.png?fit=bounds&format=jpeg&quality=85&width=330,2026-05-23T16:28:52.031+09:00,"こんにちは☀
いつもマガジンへ追加して下さりありがとうございます😊🍀
「コメントが嬉しい」なんて書いてあると、ついつい書き込みしたくなっちゃいますね。上手だなぁ～(笑)
「貴重な時間を使わせることでもある」なるほどです！
いつも、貴重なお時間を使ってコメント下さりありがとうございます🎵"
nca41e76f79a9b,n83f6bf8f2527,0a190b2a1490ace96d668b7243df84fc,『本当の自分と出会う100の法則』まなび,miracle_tarot315,https://assets.st-note.com/production/uploads/images/249470009/profile_45cd99b5e01b52738ef63d2120073cf9.png?fit=bounds&format=jpeg&quality=85&width=330,2026-05-23T14:56:46.898+09:00,"Kingさん、こんにちは。
記事をマガジンに加えていただき、本当にありがとうございます！

キレ味鋭い戦略論の中に、Kingさんらしいお茶目なユーモア（4.3%のこだわり、ニヤリとしてしまいました😆）が散りばめられていて、一気に引き込まれました！

「攻めの姿勢」や「動線設計」の大切さ、そして「書き続けるべし」という最後の力強いメッセージに、孤独なnoteの世界で背中を押してもらった気分です。

高い数字の背景には、Kingさんの丁寧な「感謝」と「交流」があるのですね。素敵なお裾分けをありがとうございました！😊

これからもどうぞよろしくお願いします。"
nc1699f88ab0ed,n83f6bf8f2527,13f03d3a1ec4a172a7084a791c8c4703,"あいさん💗Iカウンセリングルーム セラピスト／ 臨床心理士×公認心理師｜支援歴16年・2,000名超",joyful_zebra1701,https://assets.st-note.com/production/uploads/images/194103346/profile_5b2ee16c8d8db97758503974e4e6f9da.png?fit=bounds&format=jpeg&quality=85&width=330,2026-05-22T22:59:52.401+09:00,"Kingさん😊
いつもありがとうございます🫶

ものすごく実践的で勉強になりました✨

プロフィール、三層構造、宣伝、動線設計。
どれもnoteを続けるうえで大切な視点ですね😌

特に、コメントしていただけるのは相手の貴重な時間を使わせること、という言葉に深く頷きました🌿

感謝の先にラッキーが待つ✨
Kingさんらしくて素敵です😊💗

これからもよろしくお願いします🌈
"
nc1db28b5854ae,n83f6bf8f2527,aa396818ce9b68951cae09c5b738014e,Torori（とろり）🌱 毒親育ちへ「心穏やかな恋」を届ける人【フォロバ100】,torori_20260101,https://assets.st-note.com/production/uploads/images/242495675/profile_d6bfee66de6dbec64ca70c2649f987aa.png?fit=bounds&format=jpeg&quality=85&width=330,2026-05-22T13:35:10.371+09:00,"kingさんのアカウントは、本当にコメント率が高いですよね～＾＾

いつもスゴイな・・と思いながら記事を読んでます。

「noteは待っていても誰も来ない。
攻めの姿勢が必須」

↑これは、本当に納得。

他のSNSのように「バズ」という概念がないんですよね💦

自分から交流しないと誰も見に来ない・・・という残酷な事実に気がつくまで、私は１年以上かかってしまいました😂

もっと早く気がついていればなぁ・・笑
"
nc3d38f33a33e2,n83f6bf8f2527,bafeafa3be58223f78700aa6ca83d4a6,令和　舞,karisuma_mai,https://assets.st-note.com/production/uploads/images/234789263/profile_b88eee04a293b6ffb436e21f045323d3.png?fit=bounds&format=jpeg&quality=85&width=330,2026-05-22T13:13:37.615+09:00,"いつもありがとうございます🙇‍♀️
今回も勉強になりました。
ちょっと心折れそうだったので😅
"
nc581762fc82c0,n83f6bf8f2527,290f76d99eb40b676ce764b1c2a200e3,Takanashi（たかなし）,takanashi_note01,https://assets.st-note.com/production/uploads/images/235786177/profile_d3248e02f9810e16a0daf3e4a02bee0b.png?fit=bounds&format=jpeg&quality=85&width=330,2026-05-22T09:26:27.980+09:00,"自分のnoteを分析した上で、しっかり根拠も示して理論を述べる。
これは、説得力があると感じました。
スキがビュー数の２５%というのは、明らかに「異常値」だと感じております。

私の場合は……どれも、守れているとは言い難い部分があります。
もっとも、それだけ興味が色々なところに分散していて、統一性を確保できないというのが正直なところですけれどね。
企画への参加などを通して、多少露出する機会は増えているのかな？　と、考えております。"
nce4225a82b883,n83f6bf8f2527,e355348d21e31765b79ec980aaf23046,MISUZ.,lofty_knot8493,https://assets.st-note.com/production/uploads/images/268080824/profile_3b66aceb1ff4a038466e804a59742438.jpeg?fit=bounds&format=jpeg&quality=85&width=330,2026-05-21T22:38:33.162+09:00,"こんばんは✨
わかりやすかったです✨
一度始めるとどうしようかと迷うので、最初に整えることが大切だとわかりました
✨✨

"
nc4d4ff3710f8c,n83f6bf8f2527,ee17e08838a2d1017fe4b3f4eb73a4e3,境界をまたぐ心理士【振り子】,rosy_snail1735,https://assets.st-note.com/production/uploads/images/253068092/profile_684215ad7eba3d124844155dff223a1b.jpg?fit=bounds&format=jpeg&quality=85&width=330,2026-05-21T22:24:51.474+09:00,"いつもマガジン追加ありがとうございます！
相変わらずコメント率がずば抜けてますね！！"
nc02ea66bfd6b0,n83f6bf8f2527,ca17527cfe63f65cebf3883988786b79,donchan1962,donchan_13,https://assets.st-note.com/production/uploads/images/183217910/profile_a33ecb57f18c7bbea28e041c386d47a2.jpeg?fit=bounds&format=jpeg&quality=85&width=330,2026-05-21T22:20:13.589+09:00,"ありがとうございます。
記事の追加、感謝しま。重ね重ね、感謝申し上げます"
nc7bbaae435035,n83f6bf8f2527,c2ec43b18447ef56d3def92e0343079c,プチクラゲ,like_rose7933,https://assets.st-note.com/production/uploads/images/268614169/profile_a50cb882b719cea4c1e37c1e4ab5ed30.jpg?fit=bounds&format=jpeg&quality=85&width=330,2026-05-21T22:04:17.720+09:00,いつも有難うございます😊
nc57d3af1a9661,n83f6bf8f2527,34987bbf50be44cfbc1419a1df6f8760,ツムジ,tsumuji264,https://assets.st-note.com/production/uploads/images/231588271/profile_d0f51b83720ce83ce2be707571e96762.png?fit=bounds&format=jpeg&quality=85&width=330,2026-05-21T21:39:11.747+09:00,"Kingさん
遅くなりましたが、昨日マガジンに追加いただきありがとうございました！
攻略法、改めて勉強になりました😊
サイトマップ、そろそろ作ろうかなーと思いました。
これからもよろしくお願いします！"
nc0b158736595d,n83f6bf8f2527,056a18ed82e925cfd3845f0f29dbc538,まっちー｜人生を旅するデザイナー,laptraveller,https://assets.st-note.com/production/uploads/images/279459527/profile_f549333afacf41d9f4d3624d61ce0061.png?fit=bounds&format=jpeg&quality=85&width=330,2026-05-21T21:13:12.849+09:00,"Kingさん、いつもありがとうございます☺️
noteの攻略法、とてもわかりやすく参考になりました💡
さすがです！！"
nc2b7768d709c6,n83f6bf8f2527,b39624e9464ededa053a7cbf0de179ce,あな,ana_mama_english,https://assets.st-note.com/production/uploads/images/219621833/profile_8ef662d95d545fc74251b7700219beae.png?fit=bounds&format=jpeg&quality=85&width=330,2026-05-21T20:41:35.452+09:00,"Kingさん、こんばんは✨

マガジンへの追加をいただき、
ありがとうございます☺️

noteの設計、とても勉強になりました✨
「感謝の先にラッキーが待つ。」
素敵な言葉で、心に残りました☺️

いつもありがとうございます🫶"
nc92f77452a7e9,n83f6bf8f2527,84725422db8ddb286fb3a293c306aebf,開運シェルパ,hanamiti369,https://assets.st-note.com/production/uploads/images/255750674/profile_80ee0ac532bef7940f81afda8d8e8a77.png?fit=bounds&format=jpeg&quality=85&width=330,2026-05-21T18:53:49.940+09:00,"Kingさん、こんにちは！
この記事の本質は「人は良いものを作るだけでは選ばれない」という真実だと思いました。
つまり、どんなに素晴らしい考えを持っていても、誰かに届けなければ意味がない、ということです。
Kingさんの①〜④は、まさにそれを実践する地図だと感じます。「自分を知ってもらう→興味を持ってもらう→迷わず読んでもらう」という流れは、人と人がつながるための自然な順番になっていますね。
そして最後の一言「書き続ける者だけが、たまにラッキーをつかむ」が、この記事の真髄だと感じました。
コメント率4.3%という数字は、続けてきた積み重ねの証ですね。
とても勉強になりました。"
ncf210f9ebea7e,n83f6bf8f2527,6cd8441129a0527f9a697fe61ea74705,ゆみ｜しなやかセールスコーチ,yumi_coach,https://assets.st-note.com/production/uploads/images/262204418/profile_d371c8301b88b1d9fb2e15b49817c8b0.jpg?fit=bounds&format=jpeg&quality=85&width=330,2026-05-21T18:42:57.038+09:00,"もう師匠と呼ばせてください😭
全然出来ていません🫠
人見知りの壁を突破しないと…。

いつもありがとうございます！"
ncf07e9c278b52,n83f6bf8f2527,47ac127ec0bbe6902b9f372fd944ebf8,和田雄三｜AI×心理ブランディングデザイナー,glad_dill2129,https://assets.st-note.com/production/uploads/images/265848866/profile_b0e386a458b5c21f7f00921837c9ffad.png?fit=bounds&format=jpeg&quality=85&width=330,2026-05-21T18:40:54.632+09:00,"めちゃくちゃ真面目じゃないですか🤣
今日はふざけた記事出してしまいました😆"
nc770c4b6a32b7,n83f6bf8f2527,dc157540cc91b85018fc2caf1ebe6e1d,空風マナミ　,sorakaze_works,https://assets.st-note.com/production/uploads/images/247072511/profile_f8c3cb6911c80de4c8b865ead1a349c6.png?fit=bounds&format=jpeg&quality=85&width=330,2026-05-21T18:33:44.456+09:00,"Kingさん
いつもありがとうございます♪
制限もあるなか、コメントを躊躇いましたが。
こーきさんとのコメントやりとりと、文章のギャップに🤣
やはり、Kingさんの投稿は面白いです！"
ncfb514c004cb3,n83f6bf8f2527,209f3701abc5bae89b6dd62898c7916a,コンパス みき,compass_m360,https://assets.st-note.com/production/uploads/images/253440713/profile_8b36220be6950ce90264f78d2b308c75.png?fit=bounds&format=jpeg&quality=85&width=330,2026-05-21T18:31:28.947+09:00,"Kingさん🌟こんにちは♪

勉強になります📚‼️
全部にうんうんそうだよね〜😅
見直さなきゃ〜って
思いながら読ませて頂きました‼️
団長‼️

これからも宜しくお願いします♪"
nc7653568d975f,n83f6bf8f2527,b95263c6657241c37c06be8613990710,埼玉の裏仕事人,kiitto1968,https://assets.st-note.com/production/uploads/images/253657159/profile_e3d1ed5fc794d04266be9932b804beb4.png?fit=bounds&format=jpeg&quality=85&width=330,2026-05-21T18:30:06.537+09:00,さすがKingさんの名に恥じないですな！アチキも個性と世界観だいじにしていこうと、褌に刻んでおきやした！いつも勉強になりやす！
ncf09be797c093,n83f6bf8f2527,e937b529062a4dff3c5cf7b79cc04cf6,たーゼ,sakuya_rainbow44,https://assets.st-note.com/production/uploads/images/267491936/profile_b274aede9a61c347dfc7d9213ffbeed9.jpg?fit=bounds&format=jpeg&quality=85&width=330,2026-05-21T18:28:43.447+09:00,"k.King殿👑✨教わりに来ましたぁ～🎶

🍭🧑👼🍭🌟✨✨ﾙﾝﾙﾝ🩷🩷✨✨

イェーイ🌹🕺💃🌹✨✨
寝ながら謎のハイテンション🤭🌸✨✨"
nc7f3c0c2dbe85,n83f6bf8f2527,a3bcc411a4c251239d492b2f079f5870,やも,yamo_note,https://assets.st-note.com/production/uploads/images/258648405/profile_ee869852783a5a9a11d34fd10d919f33.png?fit=bounds&format=jpeg&quality=85&width=330,2026-05-21T18:21:50.728+09:00,"スキ率、たっか🫪‼️

計算されて運用しているところがすごいなぁ🫪
やっぱり、頭いいんですね！

あ、でもコメント率は勝った〜🙌✌️（大声）"
nce09eacf32cf8,n83f6bf8f2527,95a38612bf54fc0e49410aee53ddff67,銀狐職長。（社畜Lv5.0）,chic_dill1667,https://assets.st-note.com/production/uploads/images/280417594/profile_e57acee1716b71f152bc22e1fd0ced85.png?fit=bounds&format=jpeg&quality=85&width=330,2026-05-21T18:17:00.990+09:00,"お疲れ様です🙆

スキ率高っ!😂

個性ですな。
世界観があれば…

と、変に暴走してフォロワーも全く増えない今日この頃です🤤"
nc37c4b0e82077,n83f6bf8f2527,d935afcef3d45372668600a97b8eea46,天野 雫 ✿ 占い日記,proper_bonobo536,https://assets.st-note.com/production/uploads/images/252856370/profile_866f40df26780c146ef9459cf81a675c.png?fit=bounds&format=jpeg&quality=85&width=330,2026-05-21T18:14:26.512+09:00,"わぁ✨️さすがKing先生😳
個性強めるのね！

そしたら私は少しギャップを意識して
論破系でってことなのかな🤣？
…そんなことしたらヤバイやつだと思われてブロックされたりして😂"
nc8fe513460ff7,n83f6bf8f2527,4d7884c1cad8153895dadb71ec1606cb,こーき｜心が少し軽くなる場所,i_am_151cm_boy,https://assets.st-note.com/production/uploads/images/236560109/profile_28f1fb163081001f12afa3f21b0dc40a.png?fit=bounds&format=jpeg&quality=85&width=330,2026-05-21T18:11:54.568+09:00,"Kingさん☺️
凄いですね！🤣
全然できていない自分が情けなくなります😭😭😭
本当に反省の記事でした…🙇‍♂️
いつもありがとうございます😊✨"
nc6c257b0351ff,nf9e7dc9d0dec,501075b33bc8fff4716e8e39cb47e74a,りんごあめ,aogunjyou_205,https://assets.st-note.com/production/uploads/images/244320088/profile_b53bcb9297c65530f6e56ea129a55d08.jpeg?fit=bounds&format=jpeg&quality=85&width=330,2026-05-21T16:37:43.203+09:00,"Kingさん　素敵なマガジンへ掲載していただきありがとうございます🍀✨さまざまに、精力的に活動されていて、すごい方だと感じます🌹
本当にありがとうございました。"
ncc26b55359abe,nf9e7dc9d0dec,13f03d3a1ec4a172a7084a791c8c4703,"あいさん💗Iカウンセリングルーム セラピスト／ 臨床心理士×公認心理師｜支援歴16年・2,000名超",joyful_zebra1701,https://assets.st-note.com/production/uploads/images/194103346/profile_5b2ee16c8d8db97758503974e4e6f9da.png?fit=bounds&format=jpeg&quality=85&width=330,2026-05-21T15:52:04.105+09:00,"Kingさん😊

記事でご紹介くださり、本当にありがとうございます✨

創作大賞に向けて、メインストーリーやエッセイなど、いろいろな方向から挑戦されている姿がKingさんらしくて素敵だなぁと思いました。
数撃ちゃ当たる精神、いいですね😊

そして、サブアカのフォローまでしていただけて、とても嬉しいです。

マガジンへの追加やご紹介など、いつもあたたかく関わってくださり、本当にありがとうございます🌿
これからも無理のない範囲で、どうぞよろしくお願いいたします✨"
nc111d31da1c36,nf9e7dc9d0dec,a308833b060a3c104f0115421d8d05fc,みやび,_oto_kotoba,https://assets.st-note.com/production/uploads/images/262367515/profile_d7914074ebb47e9f08eccbb0c11318bb.png?fit=bounds&format=jpeg&quality=85&width=330,2026-05-21T00:51:03.983+09:00,"コメント失礼します。
在庫が底をつくという言葉に、ハラハラしつつも、次に生まれる言葉への静かな鼓動を感じるような、そんな臨場感あふれる雑記。

二兎を追うその挑戦は、決して迷いではなく、表現の引き出しの多さ、その豊かさの証明なのだと感じています。
ミラクルラッキー教団の物語も、ライト層向けのエッセイも、それぞれが違う音色で響いていて素敵です。

新しい方針とともに、これから始まっていく新しい一歩。
次の扉が開くのを、心待ちにしています。
ありがとうございます。
(🎹MIYABI)"
nc1543732dd146,nf9e7dc9d0dec,b39624e9464ededa053a7cbf0de179ce,あな,ana_mama_english,https://assets.st-note.com/production/uploads/images/219621833/profile_8ef662d95d545fc74251b7700219beae.png?fit=bounds&format=jpeg&quality=85&width=330,2026-05-20T22:33:27.530+09:00,"Kingさん、こんばんは🌙

マガジン追加ありがとうございます☺️
とても嬉しかったです♪

スキ15,000回押してるのすごいです！
いつもスキもありがとうございます😭♡
「指紋すり減りました」に思わず笑ってしまいました🤭

いつもありがとうございます🫶"
nc17a99ba0c4dd,nf9e7dc9d0dec,209f3701abc5bae89b6dd62898c7916a,コンパス みき,compass_m360,https://assets.st-note.com/production/uploads/images/253440713/profile_8b36220be6950ce90264f78d2b308c75.png?fit=bounds&format=jpeg&quality=85&width=330,2026-05-20T22:06:18.579+09:00,"Kingさん、こんばんは☺️
二日酔い良くなりましたか？？？
スキもすぐストックなくなりますよね😭

いつもありがとうございます💖"
nc71f8181dab94,nf9e7dc9d0dec,4d7884c1cad8153895dadb71ec1606cb,こーき｜心が少し軽くなる場所,i_am_151cm_boy,https://assets.st-note.com/production/uploads/images/236560109/profile_28f1fb163081001f12afa3f21b0dc40a.png?fit=bounds&format=jpeg&quality=85&width=330,2026-05-20T20:38:43.519+09:00,"Kingさん🤣
二日酔いでも気づかない通常運転されていらっしゃるのが本当に凄いです🤣🤣✨
いつもありがとうございます😊🌈✨"
nc8276d7d25947,nf9e7dc9d0dec,47ac127ec0bbe6902b9f372fd944ebf8,和田雄三｜AI×心理ブランディングデザイナー,glad_dill2129,https://assets.st-note.com/production/uploads/images/265848866/profile_b0e386a458b5c21f7f00921837c9ffad.png?fit=bounds&format=jpeg&quality=85&width=330,2026-05-20T19:09:38.247+09:00,"ボツになったストックが山ほどあります🤣

スキした数は負けてません👍"
ncf1b69f2781a8,nf9e7dc9d0dec,a3bcc411a4c251239d492b2f079f5870,やも,yamo_note,https://assets.st-note.com/production/uploads/images/258648405/profile_ee869852783a5a9a11d34fd10d919f33.png?fit=bounds&format=jpeg&quality=85&width=330,2026-05-20T18:44:00.201+09:00,"Kingさん、おばんです😌

記事のストック、油断すると無くなってきますねー😨
そんな時は、私は3行日記で切り抜けますね😁引き出しがちっさ！なんで😭

私にもいっぱい押してくれましたよね❤️
指サック、送っときました！🎁"
nc38a9c09087df,nf9e7dc9d0dec,ca17527cfe63f65cebf3883988786b79,donchan1962,donchan_13,https://assets.st-note.com/production/uploads/images/183217910/profile_a33ecb57f18c7bbea28e041c386d47a2.jpeg?fit=bounds&format=jpeg&quality=85&width=330,2026-05-20T18:43:00.035+09:00,"こんばんは🌆
恐縮です。
この場をお借りして、コメント失礼します
記事、マガジンへの追加ありがとうございます
感謝の意を申し上げます"
nc6e51ce84d1d8,nf9e7dc9d0dec,d935afcef3d45372668600a97b8eea46,天野 雫 ✿ 占い日記,proper_bonobo536,https://assets.st-note.com/production/uploads/images/252856370/profile_866f40df26780c146ef9459cf81a675c.png?fit=bounds&format=jpeg&quality=85&width=330,2026-05-20T18:22:42.651+09:00,"Kingさん、こんばんは🌙

今日の記事は重役会議の日でしたか🤣
そー言えば、昨日の記事にスキしたら私にも情熱の赤いハート♥がKingさんから届きましたわ😂"
nc7095086b87b5,nf9e7dc9d0dec,e937b529062a4dff3c5cf7b79cc04cf6,たーゼ,sakuya_rainbow44,https://assets.st-note.com/production/uploads/images/267491936/profile_b274aede9a61c347dfc7d9213ffbeed9.jpg?fit=bounds&format=jpeg&quality=85&width=330,2026-05-20T18:06:19.535+09:00,"👼🪽🎶✨✨ピンポーン🙋🌸✨

誰も居ない！！✨🤭🌸✨✨"
nc478d8f3168b6,n9db8f945353b,76105d049b8004561f30c282997a210a,木漏れ日亭,komorebi_tei,https://assets.st-note.com/production/uploads/images/243808069/profile_e9f0f6302bae0bf817c342f12a36db33.jpeg?fit=bounds&format=jpeg&quality=85&width=330,2026-05-21T14:09:27.908+09:00,"おいつけねえ。。
Kingさんもやもさんも。。

まぢ🐿️ぺくとだぜ。。🌰ﾄﾞｿﾞ♪"
ncd73656000557,n9db8f945353b,6d2add10b15e10656c14e76aa10f1320,アル,joyous_camel979,https://assets.st-note.com/production/uploads/images/247768881/profile_368ba3fd8527f41bf71b9aebb39e1882.jpg?fit=bounds&format=jpeg&quality=85&width=330,2026-05-20T19:26:00.215+09:00,"メタルな歌声サイコーです😂
やもさんへの丁寧さが歌に溢れていましたね
関係性がすてきです😊
Kingさんいつも私の記事マガジンに掲載ありがとうございます🌸"
nc7e724cf423a1,n9db8f945353b,b60c6006e6818a147458dad11e6bc89f,瀬海歩（せかいあゆむ）,sekaiayumu25,https://assets.st-note.com/production/uploads/images/251395522/profile_6cb1552f68e13741419dd072f35f914e.jpg?fit=bounds&format=jpeg&quality=85&width=330,2026-05-20T15:52:53.301+09:00,"Kingさん
こんばんは🌕

なるほど。押すなといわれれば押さず、
何も言われなければ押すという、
私の頭の堅さがKingさんのユーモアを受け取れずにいました(笑)。

いつもご紹介ありがとうございます。ペコリーヌ<(_ _)>"
nc6749a8422025,n9db8f945353b,13f03d3a1ec4a172a7084a791c8c4703,"あいさん💗Iカウンセリングルーム セラピスト／ 臨床心理士×公認心理師｜支援歴16年・2,000名超",joyful_zebra1701,https://assets.st-note.com/production/uploads/images/194103346/profile_5b2ee16c8d8db97758503974e4e6f9da.png?fit=bounds&format=jpeg&quality=85&width=330,2026-05-20T10:32:35.121+09:00,"Kingさん、こんにちは😊

マガジンのご紹介いつもありがとうございます🌸🌿

やもさんへのリスペクトと、Kingさんらしいユーモアがたっぷりで、読んでいて思わず笑ってしまいました🤣
謝罪のはずなのに、ちゃんと楽しい記事になっているところがさすがです✨

これからも楽しく読ませていただきますね😊"
nc5e0ebfacf883,n9db8f945353b,4d7884c1cad8153895dadb71ec1606cb,こーき｜心が少し軽くなる場所,i_am_151cm_boy,https://assets.st-note.com/production/uploads/images/236560109/profile_28f1fb163081001f12afa3f21b0dc40a.png?fit=bounds&format=jpeg&quality=85&width=330,2026-05-20T09:32:01.154+09:00,"Kingさん😆✨
太極拳も凄いですし、このリスペクトの楽器もハンパないです🤣😆✨
師匠と呼ばせてください🤣🤣笑笑
いつもありがとうございます😊✨
"
nc28fab31e895e,n9db8f945353b,b95263c6657241c37c06be8613990710,埼玉の裏仕事人,kiitto1968,https://assets.st-note.com/production/uploads/images/253657159/profile_e3d1ed5fc794d04266be9932b804beb4.png?fit=bounds&format=jpeg&quality=85&width=330,2026-05-20T05:28:35.537+09:00,Kingさんは存在がネタ…失礼いたしました！いらっしゃるだけで、ラッキーシャワーを振り撒いてくださるので大好きでございます。
ncf956d7216901,n9db8f945353b,95a38612bf54fc0e49410aee53ddff67,銀狐職長。（社畜Lv5.0）,chic_dill1667,https://assets.st-note.com/production/uploads/images/280417594/profile_e57acee1716b71f152bc22e1fd0ced85.png?fit=bounds&format=jpeg&quality=85&width=330,2026-05-19T23:08:16.986+09:00,"も1回ポチッとな🤤

と、押させる記事ですな🙊"
nc6f00e1b2dd66,n9db8f945353b,209f3701abc5bae89b6dd62898c7916a,コンパス みき,compass_m360,https://assets.st-note.com/production/uploads/images/253440713/profile_8b36220be6950ce90264f78d2b308c75.png?fit=bounds&format=jpeg&quality=85&width=330,2026-05-19T22:08:08.304+09:00,"Kingさん、こんばんは〜😄

やらかしを曲で披露
しかもヘビメタ？パンク？系。。。。さすがです😄
でもほんわかしました💫"
nc270c3bbb35e1,n9db8f945353b,a3bcc411a4c251239d492b2f079f5870,やも,yamo_note,https://assets.st-note.com/production/uploads/images/258648405/profile_ee869852783a5a9a11d34fd10d919f33.png?fit=bounds&format=jpeg&quality=85&width=330,2026-05-19T21:09:31.748+09:00,"King さん、おばんです😊

照れ臭いので、この辺で🤚
心から感謝です！"
ncfd7b865ef052,n9db8f945353b,fdfcb42dbb3ca6a92977feeb331299bf,ヤマコヤーマン,yamayamako3,https://assets.st-note.com/production/uploads/images/264908732/profile_22f5b0d83f87ee87628a50db08f251bb.png?fit=bounds&format=jpeg&quality=85&width=330,2026-05-19T20:49:12.395+09:00,"すごーい！謝りたい時のBGMに使えますね！
"
ncdb7c633b93fb,n9db8f945353b,47ac127ec0bbe6902b9f372fd944ebf8,和田雄三｜AI×心理ブランディングデザイナー,glad_dill2129,https://assets.st-note.com/production/uploads/images/265848866/profile_b0e386a458b5c21f7f00921837c9ffad.png?fit=bounds&format=jpeg&quality=85&width=330,2026-05-19T20:09:07.804+09:00,"やもさんの100番目のスキ頂きました👍
パンクすぎませんか🤣

楽しませてもらいました😆"
ncaa2777e08636,n9db8f945353b,d935afcef3d45372668600a97b8eea46,天野 雫 ✿ 占い日記,proper_bonobo536,https://assets.st-note.com/production/uploads/images/252856370/profile_866f40df26780c146ef9459cf81a675c.png?fit=bounds&format=jpeg&quality=85&width=330,2026-05-19T18:18:38.587+09:00,"Kingさん
曲の声が🤣🤣🤣

やもさんの太極拳😳
さすがですね😊"
nc7f5196166c30,n05634025d390,718a37e9ad26f042ff8a9abdaff638b9,sata,prime_boar2297,https://assets.st-note.com/production/uploads/images/260740008/profile_d188b78f80bd98ade02ef2cca2ce9816.jpg?fit=bounds&format=jpeg&quality=85&width=330,2026-05-20T22:29:47.295+09:00,"スキありがとうございます
そんなにスキ押されていたのですね💦
省エネモードで良いと思います

あ、スキ押しちゃいました"
ncb5ed3c08a750,n05634025d390,f31c80eff59bbcbd33a585215e4d233e,俊,nifty_daisy5185,https://assets.st-note.com/production/uploads/images/240830637/profile_6db5e5d63617f16965953d59b8e2933e.png?fit=bounds&format=jpeg&quality=85&width=330,2026-05-20T17:40:03.799+09:00,あしあと残しなんで、別にお返しスキとかなくてもあいですよ！
nccf77c3497209,n05634025d390,ceb9f20beef56f72c10ed1c4bc125c74,ゆらり🌹🫧　🫶💕,huge_coot6820,https://assets.st-note.com/production/uploads/images/239767432/profile_47e4f415224790b9faa65da8165fa21d.jpeg?fit=bounds&format=jpeg&quality=85&width=330,2026-05-20T14:01:26.276+09:00,"スキ❤️押しちゃって❣️

回収しました🌸🫧🫶✨

素直に押さない❣️笑🫢✨"
nc8a0128e0697c,n05634025d390,ca17527cfe63f65cebf3883988786b79,donchan1962,donchan_13,https://assets.st-note.com/production/uploads/images/183217910/profile_a33ecb57f18c7bbea28e041c386d47a2.jpeg?fit=bounds&format=jpeg&quality=85&width=330,2026-05-20T12:27:07.204+09:00,"こんにちは。
恐縮です。この場をお借りして、コメント失礼します
記事、マガジンへの追加ありがとうございます
感謝の意を申し上げます"
ncb3e98b3bd13a,n05634025d390,13f03d3a1ec4a172a7084a791c8c4703,"あいさん💗Iカウンセリングルーム セラピスト／ 臨床心理士×公認心理師｜支援歴16年・2,000名超",joyful_zebra1701,https://assets.st-note.com/production/uploads/images/194103346/profile_5b2ee16c8d8db97758503974e4e6f9da.png?fit=bounds&format=jpeg&quality=85&width=330,2026-05-20T10:20:01.067+09:00,"スキとマガジン登録、ぽちっとダブルで押しちゃいました🥰
私もスキ制限、かなり厳しいです💦
押していても、反映されていないことの方が常。
でも、気にしないようにしています。

あとで、またスキすることもあるのでもしかしたらクリエイターさんのほうが
なぜ今頃って思われるかもとは思いますが…"
ncb3d8a9592192,n05634025d390,e300d348198df62eea02ed041e1e9a55,つむじが２つ,regal_hound4274,https://assets.st-note.com/production/uploads/images/196231260/profile_fe42b94fee71f88c08b73583c1f29fe7.jpeg?fit=bounds&format=jpeg&quality=85&width=330,2026-05-20T08:06:41.357+09:00,"kingさん

めちゃくちゃ笑いました😆
「スキ押すなよ！」と言われるほど押したくなるの、完全にフリなんですよね🤣

それにしても7800以上の記事にスキや感謝を届けてきたの、本当にすごいです。
省エネモードでも、優しさはちゃんと伝わってます✨

私の記事もご紹介いただき本当にありがとうございます🙏"
nc9cd7da0642e3,n05634025d390,e937b529062a4dff3c5cf7b79cc04cf6,たーゼ,sakuya_rainbow44,https://assets.st-note.com/production/uploads/images/267491936/profile_b274aede9a61c347dfc7d9213ffbeed9.jpg?fit=bounds&format=jpeg&quality=85&width=330,2026-05-19T23:43:35.288+09:00,"ちょうどスキが、さっき切れた…🤣

惜しい…🧑👼🌸✨🤭🤭🌸✨"
nc1a0a90b7eb58,n05634025d390,95a38612bf54fc0e49410aee53ddff67,銀狐職長。（社畜Lv5.0）,chic_dill1667,https://assets.st-note.com/production/uploads/images/280417594/profile_e57acee1716b71f152bc22e1fd0ced85.png?fit=bounds&format=jpeg&quality=85&width=330,2026-05-19T23:07:19.109+09:00,ポチッとな。🤤
nc35fe1e1183c1,n05634025d390,290f76d99eb40b676ce764b1c2a200e3,Takanashi（たかなし）,takanashi_note01,https://assets.st-note.com/production/uploads/images/235786177/profile_d3248e02f9810e16a0daf3e4a02bee0b.png?fit=bounds&format=jpeg&quality=85&width=330,2026-05-19T22:06:09.588+09:00,"「絶対に」が入っていたので、押しました。
これは「準備が整った」証拠だと考えておりますので。
押すなよ、の段階ではまだ準備が整っておらず、「絶対に」の段階で押すというのが、あのコントのお約束らしいですから。"
nc76b2c1d7dc1e,n05634025d390,4e7eef3189b992c60c72157f624c984e,ゆらゆら/日常の解像度を上げる人,super_aster3311,https://assets.st-note.com/production/uploads/images/263450773/profile_81f4599be08bbfd2fb1d6abb8143c925.png?fit=bounds&format=jpeg&quality=85&width=330,2026-05-19T20:30:58.120+09:00,押しちゃいました(*^▽^*)えへへ
nc20941dfbc69d,n05634025d390,267a40f43eaf0581669d7ff131d06531,ぶっくん｜noteクリエイター ✕ レベル論 猫になりたいあなたへ 😺🐾 ,bu_kun,https://assets.st-note.com/production/uploads/images/136118870/profile_f275d2a66d2d86855671afdff8cbe506.png?fit=bounds&format=jpeg&quality=85&width=330,2026-05-19T17:22:58.989+09:00,"ヘッヘッヘ！
押してやったぜ😏ﾌﾌﾌ"
nc87509deb1530,n05634025d390,fdfcb42dbb3ca6a92977feeb331299bf,ヤマコヤーマン,yamayamako3,https://assets.st-note.com/production/uploads/images/264908732/profile_22f5b0d83f87ee87628a50db08f251bb.png?fit=bounds&format=jpeg&quality=85&width=330,2026-05-19T17:02:09.764+09:00,スキの前借り…支払いが間に合わないw面白い言葉です。勉強になりますﾒﾓﾒﾓ。
ncdbb56c0a2add,n05634025d390,ca17527cfe63f65cebf3883988786b79,donchan1962,donchan_13,https://assets.st-note.com/production/uploads/images/183217910/profile_a33ecb57f18c7bbea28e041c386d47a2.jpeg?fit=bounds&format=jpeg&quality=85&width=330,2026-05-19T16:56:10.967+09:00,"こんにちは
恐縮です。
この場をお借りして、コメント失礼します
記事、マガジンへの追加ありがとうございます
感謝の意を申し上げます"
nc56da5fb74bac,n05634025d390,a3b393748448993682c446017554f28a,りこ@一生養生,riko_83,https://assets.st-note.com/production/uploads/images/242853208/profile_868cf0850d54d0a98ca0406d82454cfa.png?fit=bounds&format=jpeg&quality=85&width=330,2026-05-19T16:29:58.144+09:00,"こんにちは☀
何度も念を押されると、押したくなっちゃうものですよね😊✨
ダメ押しでマガジンへのボタンも押しておきました(笑)
いつもありがとうございます🍀"
ncc5ed8c0f611e,n05634025d390,d935afcef3d45372668600a97b8eea46,天野 雫 ✿ 占い日記,proper_bonobo536,https://assets.st-note.com/production/uploads/images/252856370/profile_866f40df26780c146ef9459cf81a675c.png?fit=bounds&format=jpeg&quality=85&width=330,2026-05-19T14:17:02.840+09:00,"Kingさん
ファンが多いと大変ですねぇ〜💦
私に心のこもった貴重なスキを🤣
ありがとうございます🩷"
nc86fe95f3cbc8,n05634025d390,47ac127ec0bbe6902b9f372fd944ebf8,和田雄三｜AI×心理ブランディングデザイナー,glad_dill2129,https://assets.st-note.com/production/uploads/images/265848866/profile_b0e386a458b5c21f7f00921837c9ffad.png?fit=bounds&format=jpeg&quality=85&width=330,2026-05-19T13:50:03.059+09:00,"あの手この手使ってますね🤣

見習います😆"
nc4a0e2f360568,n05634025d390,a3bcc411a4c251239d492b2f079f5870,やも,yamo_note,https://assets.st-note.com/production/uploads/images/258648405/profile_ee869852783a5a9a11d34fd10d919f33.png?fit=bounds&format=jpeg&quality=85&width=330,2026-05-19T13:10:33.064+09:00,"King さん、こんにちは😊

押して、押してと言われたので、押しましたよ〜😁☝️🩷"
nc3377915fc0cd,n05634025d390,b39624e9464ededa053a7cbf0de179ce,あな,ana_mama_english,https://assets.st-note.com/production/uploads/images/219621833/profile_8ef662d95d545fc74251b7700219beae.png?fit=bounds&format=jpeg&quality=85&width=330,2026-05-19T12:59:16.170+09:00,"Kingさん✨

迷わずスキ押しました😁🫶

マガジン追加とスキもありがとうございました☺️"
nc7c75f66fcb14,n05634025d390,e1d5f2d3aaa04a2df0d52d805280f237,easy_maro,easy_coyote213,https://assets.st-note.com/production/uploads/images/256766919/profile_95c029f66c0705b539bfd52918b77250.jpeg?fit=bounds&format=jpeg&quality=85&width=330,2026-05-19T12:57:47.489+09:00,押しちゃいました💨
nc79c72859638d,n05634025d390,4d7884c1cad8153895dadb71ec1606cb,こーき｜心が少し軽くなる場所,i_am_151cm_boy,https://assets.st-note.com/production/uploads/images/236560109/profile_28f1fb163081001f12afa3f21b0dc40a.png?fit=bounds&format=jpeg&quality=85&width=330,2026-05-19T12:49:40.115+09:00,"Kingさん誠実〜😆✨
人気者は違いますね〜😆🔥✨"
nc2aa88684e7a3,n05634025d390,cec4c608f21d7aa722cfc12802c896bf,MOON｜違和感の記録,dandy_sedum8677,https://assets.st-note.com/production/uploads/images/271470614/profile_112e71abeaceddb2ab033b49d5f56568.png?fit=bounds&format=jpeg&quality=85&width=330,2026-05-19T12:47:17.305+09:00,"Kingさん

思わず、
勢いでスキ押してしまいました。笑

文化祭前夜みたいな熱量があって、
なんだか好きでした😊

また読みに来ます。"
nc15c64d6feafd,n05634025d390,a0d496cd811a8016d1bff95d018fb25e,AMORPHOUS É AMOR（　welcometotheearth3824@Suno　）,amorphous_e_amor,https://assets.st-note.com/production/uploads/images/228516490/profile_6d8cff455cace2c7735748ea0ab62d58.png?fit=bounds&format=jpeg&quality=85&width=330,2026-05-19T12:11:36.234+09:00,"はじまして
困った時に
つけいってみました🤭笑
♪───Ｏ（≧∇≦）Ｏ────♪🌈ψ(｀∇´)ψ🔥
素晴らしいですね👍😀💨
うれしい🥹👸姫の嫁入り🌈🌈🌈✨"
nc4858d418d1ee,n05634025d390,3cb4d81489d9115418a8861dcba7c631,えらん堂,dear_pansy6581,https://assets.st-note.com/production/uploads/images/242221069/profile_508d7605146c8d0a2207c10ec053fe6c.png?fit=bounds&format=jpeg&quality=85&width=330,2026-05-19T12:08:50.250+09:00,"Kingさん
こんにちは☀️
スキの高利貸し、えらん堂です🤣
また取り立てに来ます🤣"
nc63ab6b82422e,n59a70fbeb67a,e937b529062a4dff3c5cf7b79cc04cf6,たーゼ,sakuya_rainbow44,https://assets.st-note.com/production/uploads/images/267491936/profile_b274aede9a61c347dfc7d9213ffbeed9.jpg?fit=bounds&format=jpeg&quality=85&width=330,2026-05-19T23:41:52.506+09:00,"何これ？たーゼが倒れてる間に、😵‍💫💦
記事が、３つも出てる😲😲🌸✨✨

とにかく、ご紹介ありがとうございます
🩷✨　🧑👼🍭✨🎶✨✨

King👑たんありがとう🩷🩷🤗🌸✨"
nc636370b6cb0d,n59a70fbeb67a,5792beedf51dea6547b4b3d298482ab4,丁寧な暮らし/生きやすさ探求家,gentle_gecko1078,https://assets.st-note.com/production/uploads/images/272850856/profile_5078d7016e37422cee3be424742ee433.png?fit=bounds&format=jpeg&quality=85&width=330,2026-05-19T19:14:46.136+09:00,"毎週コングラスルーの私がドヤ顔で現れました🤗
でも今日出した記事はめっちゃコングラ欲すぃー🫣💦笑
私は通知オフですー
踊りたくなる曲♪
祭りの血が騒ぎます💃"
ncb98e6265ae1a,n59a70fbeb67a,a98d6e3b7e249e04199d495300989277,青空 和平,brisk_viola3314,https://assets.st-note.com/production/uploads/images/250395213/profile_7d36560465e2e53d6559ca0775647979.jpeg?fit=bounds&format=jpeg&quality=85&width=330,2026-05-19T01:44:40.938+09:00,"Kingさん☺️

コングラボード、おめでとうございます㊗️

いつもマガジンのお仲間に入れていただきありがとうございます🍀

通知は、基本オフにしています😌
でも、携帯触ること多いからその場で返せる時は返す時もあります💖

身体に気を付けてこれからもラッキーな生活楽しんで下さい✨✨✨"
nc3a0873423099,n59a70fbeb67a,13f03d3a1ec4a172a7084a791c8c4703,"あいさん💗Iカウンセリングルーム セラピスト／ 臨床心理士×公認心理師｜支援歴16年・2,000名超",joyful_zebra1701,https://assets.st-note.com/production/uploads/images/194103346/profile_5b2ee16c8d8db97758503974e4e6f9da.png?fit=bounds&format=jpeg&quality=85&width=330,2026-05-18T23:25:42.779+09:00,"Kingさん😊

コングラボード、おめでとうございます🎉✨
そして、マガジンのご紹介もいつもありがとうございます🌸🌿

久しぶりのスタエフ公開だったのですね。
Google検索から「判断基準」と「戒律」が消えたという流れとリズム面白かったです🤭

通知の管理については、私もぜひ教えてほしいです😂
見逃しが多すぎて、今はお返事帖とメールで確認しているのですが、それでもまだ見逃しがありそうです💦

たくさんの素敵なマガジンが並ぶ中にご一緒させていただけて嬉しいです。
いつもありがとうございます😊✨"
nce6c3707cc0e9,n59a70fbeb67a,4d7884c1cad8153895dadb71ec1606cb,こーき｜心が少し軽くなる場所,i_am_151cm_boy,https://assets.st-note.com/production/uploads/images/236560109/profile_28f1fb163081001f12afa3f21b0dc40a.png?fit=bounds&format=jpeg&quality=85&width=330,2026-05-18T23:09:09.084+09:00,"Kingさん、こんばんは😊
毎週コングラおめでとうございます🎉🥳✨
初動ですね…😭😭😭
「では！」🤣🤣笑笑
いつもありがとうございます😊✨
"
ncaa62cd44ccc7,n59a70fbeb67a,a3bcc411a4c251239d492b2f079f5870,やも,yamo_note,https://assets.st-note.com/production/uploads/images/258648405/profile_ee869852783a5a9a11d34fd10d919f33.png?fit=bounds&format=jpeg&quality=85&width=330,2026-05-18T21:47:53.008+09:00,"King さん、ばんわー🥳

コングラボード獲得、めでたい！🎉㊗️🎉㊗️🎉㊗️🎉

スタエフでしょ？
グッジョーブ😆👍♫"
nc62cec5b1e730,n59a70fbeb67a,209f3701abc5bae89b6dd62898c7916a,コンパス みき,compass_m360,https://assets.st-note.com/production/uploads/images/253440713/profile_8b36220be6950ce90264f78d2b308c75.png?fit=bounds&format=jpeg&quality=85&width=330,2026-05-18T21:46:07.580+09:00,"Kingさん、こんばんは💖

コングラおめでとうございます🎊

ミラクルラッキー教団の歌ノリがよくていいですね〜☺️
笑が出てくる〜"
nc060158f338ab,n59a70fbeb67a,00f7301e058e20fbe66903f50ec4b115,ゆるしまshow｜小説．体験談．HSP．AC,pyontee_pooh,https://assets.st-note.com/production/uploads/images/280419593/profile_6eb68dba01f69b81a5ffdc14a53c9030.png?fit=bounds&format=jpeg&quality=85&width=330,2026-05-18T21:46:05.049+09:00,"Kingさん、はじめまして✨
私の記事をマガジンに追加していただき、ありがとうございます😊
まだ数本しかKingさんの記事を拝見できていませんが、何やら面白い匂いがしますね😁"
nc499db6f28a6e,n59a70fbeb67a,fdfcb42dbb3ca6a92977feeb331299bf,ヤマコヤーマン,yamayamako3,https://assets.st-note.com/production/uploads/images/264908732/profile_22f5b0d83f87ee87628a50db08f251bb.png?fit=bounds&format=jpeg&quality=85&width=330,2026-05-18T21:38:28.269+09:00,"え！？そこで｢では！｣ですか？！
www"
nc8b0d6e6cb802,n59a70fbeb67a,84725422db8ddb286fb3a293c306aebf,開運シェルパ,hanamiti369,https://assets.st-note.com/production/uploads/images/255750674/profile_80ee0ac532bef7940f81afda8d8e8a77.png?fit=bounds&format=jpeg&quality=85&width=330,2026-05-18T20:51:16.126+09:00,"Kingさん、こんばんは！
スタエフ※5を拝聴いたしました。
コングラ、おめでとうございます🎉

通知管理のお話は、勉強になりました。
スキが増えてくると24時間対応はたしかにきつくなりますよね。noteのアプリ通知をオフにしてメール管理にするという方法に、なるほどと思いました。マガジン登録の順番もメールで確認されているというのが、丁寧な運用だなと感じました。

深夜2時半に起きてもコメント返信のタイミングを気にされるあたり、読んでくださっている方への配慮が伝わってきます。

そしておまけの「ミラクルラッキー教団」の曲は、ノリが良いですね😆「やらかしで教祖はクビだ」のくだりが、最高でした。

チップエリアを次のネタにされるとのこと、楽しみにしています🌈"
nc98e2da37ec44,n59a70fbeb67a,ca17527cfe63f65cebf3883988786b79,donchan1962,donchan_13,https://assets.st-note.com/production/uploads/images/183217910/profile_a33ecb57f18c7bbea28e041c386d47a2.jpeg?fit=bounds&format=jpeg&quality=85&width=330,2026-05-18T20:25:06.189+09:00,"コングラおめでとう㊗️ございます
しかし、スタエフ、なんか、元気もりもりなんですね！"
nc811f4bfa6ce9,n59a70fbeb67a,f0cb31ff7ca4d1f8b607a03e7890b133,山中サトシ│詩と小説の世界│元公務員クリエイター,fancy_nerine2305,https://assets.st-note.com/production/uploads/images/235720947/profile_6f42cba9cdaa52532b9423dda0e2f8f3.jpg?fit=bounds&format=jpeg&quality=85&width=330,2026-05-18T19:59:46.869+09:00,"お！やりました✨先週もっともスキ獲得おめでとうございます🎉
ついにホワイトなのがばれましたね😊"
nc4979b8eba2e7,n59a70fbeb67a,6b44bc1730f4ed7ad127968e08eb088a,カケルン@HSP フォロバ100,yamaxkake,https://assets.st-note.com/production/uploads/images/272298552/profile_d42fe3f9b5794ccd32d4db77db4c15dc.png?fit=bounds&format=jpeg&quality=85&width=330,2026-05-18T18:45:46.369+09:00,"Kingさん、
読ませていただきました😊

久しぶりのスタエフ公開、そしてコングラおめでとうございます✨

「ミラクルラッキー教団」のノリ、相変わらずクセになりますね。笑  
Google検索に出ることまで歌にしてしまう軽さと勢いが、Kingさんらしくて楽しく読ませていただきました。

マガジンのご紹介にも、ありがとマガジンを載せていただきありがとうございます。

報告と感謝とネタ曲が一緒になっていて、Kingさんのnoteらしい、ちょっと元気をもらえる記事でしたね🍀⋆゜"
nc8cda7f421f1b,n59a70fbeb67a,d935afcef3d45372668600a97b8eea46,天野 雫 ✿ 占い日記,proper_bonobo536,https://assets.st-note.com/production/uploads/images/252856370/profile_866f40df26780c146ef9459cf81a675c.png?fit=bounds&format=jpeg&quality=85&width=330,2026-05-18T18:25:38.077+09:00,"わぁ✨️新曲素敵ですね🩷
通知管理ね…
私は全くしてません🤣
全てにおいて「なんとなく」
感覚のみでやってます😂

King先生を見習わねば💦"
ncce8ff2281053,nc007b3c4577e,a4a18480224faa902f0b7edf3c6cf3bf,miya,merry_godwit6869,https://assets.st-note.com/production/uploads/images/229612327/profile_3ba579ef8fd25f3e9ba02317e471df62.png?fit=bounds&format=jpeg&quality=85&width=330,2026-05-23T21:49:38.799+09:00,"Kingさん

1000人達成おめでとうございます❗️
記事がアップされてから日が経ってしまって遅ればせながらですみません💦

それなのに私の記事の方に先にコメントいただいて、恐縮です💦

いつも楽しい記事を読ませていただき、かつ私の記事にたくさんスキもしていただいて、本当にこのご縁に感謝しております❗️

これからもよろしくお願いいたします。"
nc923987368cb1,nc007b3c4577e,1ef4435612c1f36fd963bcdd8ace0d73,のあ｜自分に戻る思索note,joyful_salvia906,https://assets.st-note.com/production/uploads/images/244581020/profile_a075505b43aab98267d3b165ed95521a.png?fit=bounds&format=jpeg&quality=85&width=330,2026-05-18T22:22:35.173+09:00,"Kingさん
こんばんは。
連日マガジン追加ありがとうございます！(^^)
とてもうれしかったです😊
またおじゃまさせていただきます！"
nca669e2af4f99,nc007b3c4577e,aa396818ce9b68951cae09c5b738014e,Torori（とろり）🌱 毒親育ちへ「心穏やかな恋」を届ける人【フォロバ100】,torori_20260101,https://assets.st-note.com/production/uploads/images/242495675/profile_d6bfee66de6dbec64ca70c2649f987aa.png?fit=bounds&format=jpeg&quality=85&width=330,2026-05-18T15:36:44.432+09:00,"kingさん

２回目ですが１０００人達成、おめでとうございます～(*^^*)

アカウントのご紹介、すごく嬉しいです✨️
本当にありがとう＾＾
これからもkingワールドをゆっくり楽しませていただきます。

追伸

Google検索から自己啓発の文字は消えましたが…

↑ココでいきなり笑いました😂ｗ
"
nc5e6ac3e955db,nc007b3c4577e,0af9b366e7056bb35316462e699e0daa,じゅんのすけ,juicy_lynx3773,https://assets.st-note.com/production/uploads/images/264606998/profile_3edebb8ec7da186bb321afc081d561b0.png?fit=bounds&format=jpeg&quality=85&width=330,2026-05-18T14:36:47.694+09:00,"Kingさん、こんにちは！
2回目のおめでとうございます👏✨
相変わらず面白いですね〜🤣"
nc0ef94f48e266,nc007b3c4577e,1fa991e36b58d8e95e3af4a9385bff68,さみ,sa_mi0607,https://assets.st-note.com/production/uploads/images/270114176/profile_0b08f44532cc428a0ce179681ac05951.png?fit=bounds&format=jpeg&quality=85&width=330,2026-05-18T09:12:11.795+09:00,"kingさん🍀
応援してますよー📣📣🇯🇵

Kingさんの活動が目まぐるしい(#^.^#)🖖
さみも、頑張ります🌱🌸　🍊"
ncb90f4fa08eb8,nc007b3c4577e,4d7884c1cad8153895dadb71ec1606cb,こーき｜心が少し軽くなる場所,i_am_151cm_boy,https://assets.st-note.com/production/uploads/images/236560109/profile_28f1fb163081001f12afa3f21b0dc40a.png?fit=bounds&format=jpeg&quality=85&width=330,2026-05-18T09:06:39.197+09:00,"Kingさん😊
1,000人おめでとうございます😆🎉✨
怒涛の勢いでめちゃくちゃ早いですね😆✨
いつも何から何まで、本当にありがとうございます😭✨
"
nc1e7cd62913c2,nc007b3c4577e,a0631b9dde2d8c6616ce55a5efaefc18,sc_fun｜AI×note収益化サポート😺,sc_fun,https://assets.st-note.com/production/uploads/images/238585370/profile_d3940d29208e16d8c13feedce8989fdd.png?fit=bounds&format=jpeg&quality=85&width=330,2026-05-17T21:37:46.631+09:00,"Kingさん、まさかの②とあったので、思わず来ちゃいました🙂

1000人おめでとうは先日行ったので…

たぶんですけど、コメント数が増えるのか減るのか実験しているのかな〜、と思って（自分の中の想像なのでお気になさらずに）

あと、気になったのが「逆張り」的な紹介🐱

「紹介厳禁」と言いながら、しっかり皆さんのマガジンや記事の魅力を伝えている。

そこがKingさんの魅力なんですね😀本当にそう思いました🐱"
nccd06c6b24319,nc007b3c4577e,209f3701abc5bae89b6dd62898c7916a,コンパス みき,compass_m360,https://assets.st-note.com/production/uploads/images/253440713/profile_8b36220be6950ce90264f78d2b308c75.png?fit=bounds&format=jpeg&quality=85&width=330,2026-05-17T21:10:48.624+09:00,"Kingさん💖
こんばんは💫

巧妙な話術！違った😳文章力で
面白さと真面目さの間を
駆け抜けるKingさんは
すごい🤩
１０００人おめでとう🎉は何回でも言います😆"
nce2193e6b261b,nc007b3c4577e,df1c9e79ca98ee0c5d51819c07d3f9f0,Angel Kisses👼,bright_parrot314,https://assets.st-note.com/production/uploads/images/267873427/profile_b1fa3a454d937156ac4a04041819fd48.png?fit=bounds&format=jpeg&quality=85&width=330,2026-05-17T20:28:06.489+09:00,"kingさん✨
フォロワー1,000人おめでとうございます🎉✨😆✨🎊"
nc5e324ef1fce6,nc007b3c4577e,6b44bc1730f4ed7ad127968e08eb088a,カケルン@HSP フォロバ100,yamaxkake,https://assets.st-note.com/production/uploads/images/272298552/profile_d42fe3f9b5794ccd32d4db77db4c15dc.png?fit=bounds&format=jpeg&quality=85&width=330,2026-05-17T20:23:07.207+09:00,"kingさん、
読ませていただきました。

「紹介厳禁」と言いながら、しっかり皆さんのマガジンや記事の魅力を拾って紹介されているところに、Kingさんらしいユーモアと優しさを感じました。

ふざけているようで、ちゃんと一人ひとりの個性や良さを見ている感じが素敵ですね。

フォロワー1000名達成、本当におめでとうございます。
noteでのご縁が、こうしてまた別のご縁につながっていく感じが温かかったです🍀⋆゜"
ncce5a8860fbb7,nc007b3c4577e,71e24d607a2f446ef0e430cd5b8020b6,IKUMA M,joyous_gecko6768,https://assets.st-note.com/production/uploads/images/258480732/profile_df44874e09acacb146040d9b07c12e03.jpeg?fit=bounds&format=jpeg&quality=85&width=330,2026-05-17T19:56:15.668+09:00,"kingさん！

1000人おめでとうございます🎉

いつもマガジン追加と
ご紹介ありがとうございます‼︎😆

これかも面白い記事を沢山書いて下さいね♪

楽しみにしています☺️✨"
nc70dcd737edb3,nc007b3c4577e,ca17527cfe63f65cebf3883988786b79,donchan1962,donchan_13,https://assets.st-note.com/production/uploads/images/183217910/profile_a33ecb57f18c7bbea28e041c386d47a2.jpeg?fit=bounds&format=jpeg&quality=85&width=330,2026-05-17T19:55:19.427+09:00,"やるな〜。
やっぱり、ユーモアがあって、人柄もいいし、サイコー❣️"
nc29932b5c7fc3,nc007b3c4577e,bd6881b17845a554ea791e5557b79b7a,さんみ～＠ヤングケアラー２５年,bobusanmi1224,https://assets.st-note.com/production/uploads/images/4620903/profile_89e247ec25f892b6133264485871d760.png?fit=bounds&format=jpeg&quality=85&width=330,2026-05-17T19:30:46.751+09:00,kingさん、改めておめでとうございます！
nce623b5a82f3c,nc007b3c4577e,dc157540cc91b85018fc2caf1ebe6e1d,空風マナミ　,sorakaze_works,https://assets.st-note.com/production/uploads/images/247072511/profile_f8c3cb6911c80de4c8b865ead1a349c6.png?fit=bounds&format=jpeg&quality=85&width=330,2026-05-17T19:19:28.508+09:00,"Kingさん、
また面白い記事を🤣

妄想サイコーです！"
ncb394c6688f34,nc007b3c4577e,a308833b060a3c104f0115421d8d05fc,みやび,_oto_kotoba,https://assets.st-note.com/production/uploads/images/262367515/profile_d7914074ebb47e9f08eccbb0c11318bb.png?fit=bounds&format=jpeg&quality=85&width=330,2026-05-17T19:09:18.762+09:00,"コメント失礼します。
あらためてまして『フォロワー1,000人到達』🎊🎉おめでとうございます。

ここは、まるで活気ある街の広場に迷い込んだような、不思議な温かさを感じます。仲間を「晒す」と冗談めかしながらも、一人ひとりの魅力を誰よりも丁寧に紹介していく姿。そこには、言葉の賑やかさとは裏腹な、どこまでも細やかで誠実な眼差しが隠されています。

あえて遊び心のある音を鳴らして、周囲の緊張をふっと和らげてくれる演奏者のように、周りのクリエイターたちの輝きを見事に引き立てているのですね。

ここから、さらなる賑わいとなりますようお祈りしております。
ありがとうございます。
(🎹MIYABI)"
nc8cfee3773886,nc007b3c4577e,5792beedf51dea6547b4b3d298482ab4,丁寧な暮らし/生きやすさ探求家,gentle_gecko1078,https://assets.st-note.com/production/uploads/images/272850856/profile_5078d7016e37422cee3be424742ee433.png?fit=bounds&format=jpeg&quality=85&width=330,2026-05-17T19:04:38.214+09:00,"汚部屋じゃねーわー!!🤨
と言って美部屋の記事を貼らせて頂きます😛笑

https://note.com/gentle_gecko1078/n/n6f44469967ac

いつもありがとうございます♡"
nc70c6ba6055e8,nc007b3c4577e,ffe289363d8a2ab4b1006d873deb8fe7,カワムラ｜AI擬人化漫画 | ChatGPTのヨシダ,chatgpt_ysd,https://assets.st-note.com/production/uploads/images/249464808/profile_d4725fb31aebb01259ae2d468cb09492.jpeg?fit=bounds&format=jpeg&quality=85&width=330,2026-05-17T18:17:55.625+09:00,"Kingさん、こんにちは。
1000人斬りおめでとうございます㊗️

私はマガジン始めたの。5月1日からなので、まだ本当に🐤ですがこの中に加えていただいて大変光栄です。
先輩たちにご指導ご鞭撻いただきながら
やっていきますので、どうぞ横のつながりでよろしくお願いします。

私、本当に西野さんはお仏壇屋さんだと思ってました💦
私が男だと思ってる人が多いように
Noteには謎がいっぱいですね。

今後ともゆるながでお願いいたします。
ますますの反映を心よりお祈りしております。次は2000人斬りいこう❤️"
nc3f2881a0e49f,ncca73c9e069e,617d6d2dcb4435635d6a948287898ed1,五條シンジ｜『Snowdrop Surfer』著者,kitanoshinji,https://assets.st-note.com/production/uploads/images/263243256/profile_d0e5a60e70723ba546f0bf5528b96c24.png?fit=bounds&format=jpeg&quality=85&width=330,2026-05-17T11:08:20.331+09:00,"kingさん
全く手抜きではなく、気合い十分ですね！
ハードロック系は全然詳しくないので、紹介ありがとうございます。

今回もマガジンに追加いただきありがとうございます。
とても励みになります。

これからもどうぞよろしくお願いいたします。"
nce82618f30622,ncca73c9e069e,6b44bc1730f4ed7ad127968e08eb088a,カケルン@HSP フォロバ100,yamaxkake,https://assets.st-note.com/production/uploads/images/272298552/profile_d42fe3f9b5794ccd32d4db77db4c15dc.png?fit=bounds&format=jpeg&quality=85&width=330,2026-05-17T06:51:41.041+09:00,"Kingさん、読ませていただきました。

手抜き記事と書かれていましたが、むしろ好きな音楽が並んでいるぶん、Kingさんらしさがすごく出ている記事だなと思いました。

曲の紹介も、きれいに語りすぎていないところが逆に良くて、「これ好きなんだよ」と隣でおすすめされているような感じがありました。

ロックやメタルって、重さや激しさだけじゃなくて、その人の気分や記憶ごと連れてくるところがありますよね。

こういうプロフィール代わりの記事も面白いですね。
素敵な音楽紹介をありがとうございます🍀.⋆"
ncd7e11764a535,ncca73c9e069e,3ef2cace305cb5033c6b1d23b860f75f,nao46222,nao46222,https://assets.st-note.com/production/uploads/images/238899995/profile_cd80de4bd2c2f207f8be2ca8cfed6ea8.png?fit=bounds&format=jpeg&quality=85&width=330,2026-05-17T06:48:02.329+09:00,"WINOが「普通のハードロック」発言、最高すぎます😆 

本人の認識と実際の音がここまでズレているの、ある意味天才の証拠では。

レミー版ジューダスプリースト、ドスが効きすぎて笑いました。

六本木のロックバー、そういう場所で教えてもらった曲って一生残りますよね。^_^"
ncaaca54181ee9,ncca73c9e069e,aa396818ce9b68951cae09c5b738014e,Torori（とろり）🌱 毒親育ちへ「心穏やかな恋」を届ける人【フォロバ100】,torori_20260101,https://assets.st-note.com/production/uploads/images/242495675/profile_d6bfee66de6dbec64ca70c2649f987aa.png?fit=bounds&format=jpeg&quality=85&width=330,2026-05-17T03:06:01.756+09:00,"King さん

こんばんは✨️

手抜き記事といいつつ、ちゃんと質が高くて素敵(*^^*)

ロックお好きなんですね～
私は詳しくないけど、酔った状態でロックを聞きたくなる気持ちがよくわかる・・笑

早く断乳して、ベロベロに酔いたいです・・😂"
nc1a041b2ba882,ncca73c9e069e,209f3701abc5bae89b6dd62898c7916a,コンパス みき,compass_m360,https://assets.st-note.com/production/uploads/images/253440713/profile_8b36220be6950ce90264f78d2b308c75.png?fit=bounds&format=jpeg&quality=85&width=330,2026-05-16T22:42:58.969+09:00,"Kingさん💖こんばんは〜

この中なら、
オレンジ・ゴブリン・トピックが好きです☺️
バンドでやったら楽しそう💫"
nc9e994fd147e7,ncca73c9e069e,13f03d3a1ec4a172a7084a791c8c4703,"あいさん💗Iカウンセリングルーム セラピスト／ 臨床心理士×公認心理師｜支援歴16年・2,000名超",joyful_zebra1701,https://assets.st-note.com/production/uploads/images/194103346/profile_5b2ee16c8d8db97758503974e4e6f9da.png?fit=bounds&format=jpeg&quality=85&width=330,2026-05-16T22:08:02.709+09:00,"Kingさん、こんばんは🌙

手抜き記事と書かれていましたが、音楽の好みがそのままプロフィールになる感じが、
すごくKingさんらしいなと思いました✨

私はロックに詳しいわけではないのですが、
短い言葉の中に、重さとか怪しさとかリズムの良さとか、Kingさんの好きなポイントが出ていて面白かったです🥰

川柳バトルの連絡事項まで含めて、ゆるいのにしっかりKingさんワールドですね☺️

そして、マガジンのご紹介もありがとうございます🌿
今後ともどうぞよろしくお願いいたします✨"
nc75ea7a899784,ncca73c9e069e,b60c6006e6818a147458dad11e6bc89f,瀬海歩（せかいあゆむ）,sekaiayumu25,https://assets.st-note.com/production/uploads/images/251395522/profile_6cb1552f68e13741419dd072f35f914e.jpg?fit=bounds&format=jpeg&quality=85&width=330,2026-05-16T21:52:15.460+09:00,"Kingさん
こんばんは🌕
ロックとギャングスターラップとウィスキーが好き❤
何かかっこいい趣味ですよね。
そんなKingさんと知り合えてラッキー💡"
nc52932d7b8ba0,ncca73c9e069e,e937b529062a4dff3c5cf7b79cc04cf6,たーゼ,sakuya_rainbow44,https://assets.st-note.com/production/uploads/images/267491936/profile_b274aede9a61c347dfc7d9213ffbeed9.jpg?fit=bounds&format=jpeg&quality=85&width=330,2026-05-16T19:02:43.026+09:00,"📝🧑📝💦💦
👼🍭✨✨

ありがとう〜🩷✨✨
Kingたん🌸✨🙋🌸✨✨

🕊️〜〜〜〜👼🪽✨✨🎶"
nc549599d3f4c1,ncca73c9e069e,ca17527cfe63f65cebf3883988786b79,donchan1962,donchan_13,https://assets.st-note.com/production/uploads/images/183217910/profile_a33ecb57f18c7bbea28e041c386d47a2.jpeg?fit=bounds&format=jpeg&quality=85&width=330,2026-05-16T18:41:18.694+09:00,"意外だな〜
素敵な曲ばかりですね！
nice and good❣️"
nc750107203551,ncca73c9e069e,d29c2432624c1087ec7f89cc2f079dbe,美咲サヤ,crisp_gecko6337,https://assets.st-note.com/production/uploads/images/267718350/profile_d73fda1af8e66cc2c55152264f38ff50.png?fit=bounds&format=jpeg&quality=85&width=330,2026-05-16T18:38:13.998+09:00,"Kingさん、
美咲です😊

この度もマガジン追加いただきましてありがとうございます！

Kingさん、ロックお好きなんですね！
私はお恥ずかしながら、昔、少しだけドラムをやっていたことがあったので、どうしてもリズム隊に耳がいっちゃって、私にはこんな演奏できないけど、
かっこい〜っ！って感じでした。つい乗っちゃいました😂

ありがとうございました♪
"
nc9aed7704c4fc,ncca73c9e069e,4d7884c1cad8153895dadb71ec1606cb,こーき｜心が少し軽くなる場所,i_am_151cm_boy,https://assets.st-note.com/production/uploads/images/236560109/profile_28f1fb163081001f12afa3f21b0dc40a.png?fit=bounds&format=jpeg&quality=85&width=330,2026-05-16T18:12:45.348+09:00,"Kingさん☺️
今日もKingワールド全開ですね！！🤣🔥✨
いつも様々な場面で、本当にありがとうございます😊✨"
ncf726426d7217,ncca73c9e069e,3cb4d81489d9115418a8861dcba7c631,えらん堂,dear_pansy6581,https://assets.st-note.com/production/uploads/images/242221069/profile_508d7605146c8d0a2207c10ec053fe6c.png?fit=bounds&format=jpeg&quality=85&width=330,2026-05-16T18:06:55.336+09:00,"Kingさん
こんばんは☀️
記事紹介ありがとうございます⤴️
即興記事感満載ですね🤣
本日は掛け合いありがとうございました✌️
ここで一句
「記事追加　明日も忘れ　やらかした🤣」"
ncf9e81805a505,n235d925a5733,0a190b2a1490ace96d668b7243df84fc,『本当の自分と出会う100の法則』まなび,miracle_tarot315,https://assets.st-note.com/production/uploads/images/249470009/profile_45cd99b5e01b52738ef63d2120073cf9.png?fit=bounds&format=jpeg&quality=85&width=330,2026-05-23T19:34:17.462+09:00,"こんばんは。
私もmck診断受けました！
こぐまパパさんの詳細な分析と深堀りに、自分でも気づいてなかった
側面をしることができました。

mck診断、ほんとにスゴイのでおすすめですよね😊"
ncf49487f7cca5,n235d925a5733,266d9698e161c9b4bc3cd84ab21d7c08,きみこのSoulルーム,kimimari2350,https://assets.st-note.com/production/uploads/images/208541487/profile_b8e04433295dbc046967147402b4f003.png?fit=bounds&format=jpeg&quality=85&width=330,2026-05-21T15:14:28.044+09:00,"Kingさん🍃

数式で人を分析するなんて、
最初は「すごい世界だなぁ😳」と思いながら読ませていただきました✨

難しそうなのに、どこかユーモアもあって、エンタメ感覚で楽しめました☺️

「そんな見方もあるんだ！」と、
新しい発想に触れた気分です🫧"
ncf77e6ba3b371,n235d925a5733,ca17527cfe63f65cebf3883988786b79,donchan1962,donchan_13,https://assets.st-note.com/production/uploads/images/183217910/profile_a33ecb57f18c7bbea28e041c386d47a2.jpeg?fit=bounds&format=jpeg&quality=85&width=330,2026-05-18T09:44:55.063+09:00,"おはようございます☀
すげ〜分析力がありますね！
見直しました。"
nc7d077b304edf,n235d925a5733,84725422db8ddb286fb3a293c306aebf,開運シェルパ,hanamiti369,https://assets.st-note.com/production/uploads/images/255750674/profile_80ee0ac532bef7940f81afda8d8e8a77.png?fit=bounds&format=jpeg&quality=85&width=330,2026-05-17T10:41:27.417+09:00,"mck診断の結果を、興味深く拝読しました。

一般的に、感情を抑え込むより、別の意味や形に捉え直すほうが、長期的に心への負荷が少ないとされています。

Kingさんが感情をそのまま出さず、物語やネタ、構造に変換して出力するプロセスは、これに近い方法です。

自分の反応パターンをここまで言語化できているという事実自体、Kingさんの自己理解の精度が高いということを示していると感じます。

診断の数値からは刺激への反応が大きい構造が読み取れますが、変換する力がその補償として機能しているなら、それ自体が有効な調律です。

「感じないようにするのではなく、出口を選ぶ」という結論は、感情調整の研究とも整合しています。

自分の構造を知ることは、それを活かす手がかりになりますね。"
nc47b88d8b0f82,n235d925a5733,76105d049b8004561f30c282997a210a,木漏れ日亭,komorebi_tei,https://assets.st-note.com/production/uploads/images/243808069/profile_e9f0f6302bae0bf817c342f12a36db33.jpeg?fit=bounds&format=jpeg&quality=85&width=330,2026-05-17T05:24:09.746+09:00,"Kingさん

おっは～(*^^*)！

裸の王様状態💦

二面性を見事に分析評価されてましたね♪

しかし、猪スキなのかな……!?"
nca4fd17d1e91f,n235d925a5733,ee17e08838a2d1017fe4b3f4eb73a4e3,境界をまたぐ心理士【振り子】,rosy_snail1735,https://assets.st-note.com/production/uploads/images/253068092/profile_684215ad7eba3d124844155dff223a1b.jpg?fit=bounds&format=jpeg&quality=85&width=330,2026-05-16T21:40:58.969+09:00,"すごい分析👏✨
何文字あるのかがすごく気になりました😆"
nc0b4c57e1b226,n235d925a5733,1dd5cc6f11dc1d5e7c33c9ac01922824,keimama,keiko5066,https://assets.st-note.com/production/uploads/images/223953919/profile_de82aa306e133caf82b4ae253ad0173c.png?fit=bounds&format=jpeg&quality=85&width=330,2026-05-16T17:56:02.902+09:00,"Kingさん、初めまして丁寧に読ませていただきました😊
mck診断の構造としての面白さと同時に、 「見えてしまうからこそ反応が早くなる」という部分にすごく納得しながら読みました。特に、理不尽や対話のズレを“構造として捉える”視点は、 ただの感情分析ではなくて、かなり独自の思考モデルになっていて興味深かったです。診断も含めて、とても読み応えがありました。 マガジンへの追加もありがとうございました😊"
nceb94a3672932,n235d925a5733,b95263c6657241c37c06be8613990710,埼玉の裏仕事人,kiitto1968,https://assets.st-note.com/production/uploads/images/253657159/profile_e3d1ed5fc794d04266be9932b804beb4.png?fit=bounds&format=jpeg&quality=85&width=330,2026-05-16T10:55:09.127+09:00,ものすごい診断ですなー。かなり濃い！内容も濃いのであとでじっくりみるとして…。裸の王様最高ですな！
nc83745b7c5c52,n235d925a5733,5792beedf51dea6547b4b3d298482ab4,丁寧な暮らし/生きやすさ探求家,gentle_gecko1078,https://assets.st-note.com/production/uploads/images/272850856/profile_5078d7016e37422cee3be424742ee433.png?fit=bounds&format=jpeg&quality=85&width=330,2026-05-16T05:01:37.433+09:00,"なんだろ…団長の苦悩と優しさがしっかり伝わって来ました😊
なんだか似ている気もするようなしないような…🤭笑"
nc0ed3f48589c9,n235d925a5733,209f3701abc5bae89b6dd62898c7916a,コンパス みき,compass_m360,https://assets.st-note.com/production/uploads/images/253440713/profile_8b36220be6950ce90264f78d2b308c75.png?fit=bounds&format=jpeg&quality=85&width=330,2026-05-16T00:12:31.636+09:00,"Kingさん💖こんばんは💫

裸の王様！！丸裸状態😆

King取扱説明書を入手しましたって感じですね🌈
熟読しないとですね☺️
"
nc6278dde41643,n235d925a5733,ca3b3f5669729284307250fc219e857b,賢者の羅針盤：こぐまパパが大切な人に伝えておきたいこと,fast_python9301,https://assets.st-note.com/production/uploads/images/227299614/profile_4caff6dd0973fb43785f15a13b40bbd9.png?fit=bounds&format=jpeg&quality=85&width=330,2026-05-15T21:59:24.123+09:00,"Kingさん
 記事でご紹介くださり、本当にありがとうございます。
「裸の王様状態！」（笑）
でも、そう感じていただけたなら、かなり核心に近いところまで届いたのかもしれません。
Kingさんの場合は、「反応の強さ」そのものよりも、
 それを哲学・ネタ・創作・教育・小さなラッキーへ変換しているところが、とてもKingさんらしいと感じています。
丁寧に受け取ってくださり、ありがとうございました。
"
nc04d7110d01ad,n235d925a5733,e937b529062a4dff3c5cf7b79cc04cf6,たーゼ,sakuya_rainbow44,https://assets.st-note.com/production/uploads/images/267491936/profile_b274aede9a61c347dfc7d9213ffbeed9.jpg?fit=bounds&format=jpeg&quality=85&width=330,2026-05-15T19:55:10.072+09:00,"わ、私…に、日本語分かりません…💦

が、外国語も、わ、分かりません…💦

なんちゃって🧑👼🍦🍫🎶✨✨
🤗🌸✨✨

ありがと〜🩷🩷✨✨"
nc296b11fba3f3,n235d925a5733,290f76d99eb40b676ce764b1c2a200e3,Takanashi（たかなし）,takanashi_note01,https://assets.st-note.com/production/uploads/images/235786177/profile_d3248e02f9810e16a0daf3e4a02bee0b.png?fit=bounds&format=jpeg&quality=85&width=330,2026-05-15T19:30:22.801+09:00,"あくまでも、私の場合は「うまくいった」という事例ですが、述べておきます。

メタ認識という、概念があります。

感情の波が押し寄せた時。
「私は、激しい怒りを感じている」と、自分の状態を確認するのです。

これを繰り返すと、何らかの刺激があった時に、すぐに反応することを防ぐことができます。
また「この言葉は、今の行動に対して向けられたものであって、自己否定ではない」というように、分解して処理することができるようになります。

結果、私はかなり怒りを手放すことができました。
人によって、向き不向きはあると思います。
アンガーマネジメントの一つとして、試してみる。
そのくらいの感覚でいいので、少しずつやってみると良いかもしれません。"
nc32716eac6809,n235d925a5733,dc157540cc91b85018fc2caf1ebe6e1d,空風マナミ　,sorakaze_works,https://assets.st-note.com/production/uploads/images/247072511/profile_f8c3cb6911c80de4c8b865ead1a349c6.png?fit=bounds&format=jpeg&quality=85&width=330,2026-05-15T18:56:55.877+09:00,"Kingさん、
わわわ💦
境界線の侵食という名の、貴重なコメント数を削ってしまいました💦

いつもありがとうございます、コメントのやり取り楽しかったです☺️"
ncb38adce72187,n235d925a5733,4d7884c1cad8153895dadb71ec1606cb,こーき｜心が少し軽くなる場所,i_am_151cm_boy,https://assets.st-note.com/production/uploads/images/236560109/profile_28f1fb163081001f12afa3f21b0dc40a.png?fit=bounds&format=jpeg&quality=85&width=330,2026-05-15T18:18:08.928+09:00,"き、ききKingさん🤣
偏差値32の僕には「King」以外のアルファベットが出てくると難しすぎます😳🤣笑笑

いつも何から何までありがとうございます！🙇‍♂️✨"
nc6e5f325f406e,n235d925a5733,13f03d3a1ec4a172a7084a791c8c4703,"あいさん💗Iカウンセリングルーム セラピスト／ 臨床心理士×公認心理師｜支援歴16年・2,000名超",joyful_zebra1701,https://assets.st-note.com/production/uploads/images/194103346/profile_5b2ee16c8d8db97758503974e4e6f9da.png?fit=bounds&format=jpeg&quality=85&width=330,2026-05-15T18:12:19.477+09:00,"Kingさん😊

マガジンへの追加、いつもありがとうございます🌸🌿

mck診断の記事、とても興味深く読ませていただきました。
実は私も以前、こぐまパパさんにお世話になったことがあります。

理論の部分は少し難しく感じるところもあるのですが、Kingさんにはかなり響く分析だったのではないかなと想像しました。

「見えすぎる」「構造が先に見えてしまう」「それをネタや創作に変換している」というあたりに、Kingさんらしさがすごく出ている気がしました😊"
ncbda351fb2837,n753f44f2642a,e355348d21e31765b79ec980aaf23046,MISUZ.,lofty_knot8493,https://assets.st-note.com/production/uploads/images/268080824/profile_3b66aceb1ff4a038466e804a59742438.jpeg?fit=bounds&format=jpeg&quality=85&width=330,2026-05-17T06:26:49.678+09:00,"おはようございます✨
Kingさんフォロワー1000人おめでとうございます㊗️🎉🎊
マガジン追加していただきありがとうございます✨"
ncb00bd0abe036,n753f44f2642a,5643208b438dc520ea679300a191f102,ういまる,witty_eider9036,https://assets.st-note.com/production/uploads/images/262416249/profile_6afa0c6ae55faab820fd1ab090d2e6cf.png?fit=bounds&format=jpeg&quality=85&width=330,2026-05-16T11:58:37.461+09:00,"Kingさんお邪魔します🙇
いつもありがとうございます🙇
そしてフォロワー1000人おめでとうございます🎉
教団が高尚なものになるなら良いではないですか！ボスはキングですから👑(笑)
今後ともよろしくお願いします🙇
"
ncb98abf9bf775,n753f44f2642a,34987bbf50be44cfbc1419a1df6f8760,ツムジ,tsumuji264,https://assets.st-note.com/production/uploads/images/231588271/profile_d0f51b83720ce83ce2be707571e96762.png?fit=bounds&format=jpeg&quality=85&width=330,2026-05-16T09:16:50.713+09:00,"Kingさん
フォロワー1,000人&コングラボードおめでとうございます㊗️

そしてマガジン追加もありがとうございます🙇‍♂️

>> 謝罪と反省の記事を…
真っ先にマガジンで拡散してました…😆

笑い事ではなかったのかもしれませんが笑うしかない感じで、こちらも笑ってしまいました🤣"
nc49ede5908942,n753f44f2642a,a0631b9dde2d8c6616ce55a5efaefc18,sc_fun｜AI×note収益化サポート😺,sc_fun,https://assets.st-note.com/production/uploads/images/238585370/profile_d3940d29208e16d8c13feedce8989fdd.png?fit=bounds&format=jpeg&quality=85&width=330,2026-05-15T22:01:33.752+09:00,"Kingさん、フォロワー1000人達成おめでとう❤️

お祝いコメントが多いことからKingさんは読者のみなさんから愛されているのですね🐱

私も精進したいと思います😀"
nc64d1b6370fb1,n753f44f2642a,91896923ab4e258b299962be80f4360d,さち　私のつぶやき,10211129,https://assets.st-note.com/production/uploads/images/267110140/profile_a7a14a7914bcb2b217602601d3f3e0e1.png?fit=bounds&format=jpeg&quality=85&width=330,2026-05-15T16:57:28.230+09:00,"Kingさん

フォロワーさん
1000人達成おめでとうございます😊

ミラクルラッキー教団の知名度
またまた上がっちゃいますね〜。

コングラボードもおめでとうございます😊

いつもマガジンにご紹介下さり
ありがとうございます😊





"
nce3c4a5b7991e,n753f44f2642a,a3b393748448993682c446017554f28a,りこ@一生養生,riko_83,https://assets.st-note.com/production/uploads/images/242853208/profile_868cf0850d54d0a98ca0406d82454cfa.png?fit=bounds&format=jpeg&quality=85&width=330,2026-05-15T16:23:11.457+09:00,"こんにちは☀
フォロワー１０００人おめでとうございます😊🎉
凄いですね✨Googleも放っておかない、教団がここに🍀
いつもマガジンに記事を追加して頂けて、光栄です✨
ありがとうございます。
"
ncae780f564188,n753f44f2642a,aa396818ce9b68951cae09c5b738014e,Torori（とろり）🌱 毒親育ちへ「心穏やかな恋」を届ける人【フォロバ100】,torori_20260101,https://assets.st-note.com/production/uploads/images/242495675/profile_d6bfee66de6dbec64ca70c2649f987aa.png?fit=bounds&format=jpeg&quality=85&width=330,2026-05-15T12:03:13.854+09:00,"King さん

１０００フォロワー達成おめでとうございます(*^^*)

この明るくてテンポの良いKingワールドがもっと広まってほしいです🌱

それにしても・・・！！

Googleの検索で出てくるって、普通にすごくないですか！！？？笑

"
nc6e994f6266a0,n753f44f2642a,0af9b366e7056bb35316462e699e0daa,じゅんのすけ,juicy_lynx3773,https://assets.st-note.com/production/uploads/images/264606998/profile_3edebb8ec7da186bb321afc081d561b0.png?fit=bounds&format=jpeg&quality=85&width=330,2026-05-15T10:03:11.423+09:00,"Kingさん、フォロワー1000名達成おめでとうございます👏
もうグーグルさんもほっとけない存在になりましたね🤣🤣
紹介文も面白かったです！！
②も楽しみにしてます🤗"
nc1b67528a06be,n753f44f2642a,f41cda1f60fb994f3c9fc26a0f7271ea,ふんわり│開運さんぽ,funwarichan,https://assets.st-note.com/production/uploads/images/271981770/profile_732a6dd4853f45a83735dd0ee531d3a6.png?fit=bounds&format=jpeg&quality=85&width=330,2026-05-15T08:54:58.750+09:00,"Kingさん♪おはようございます☀︎
1000人達成おめでとうございます🎉
(*ノﾟДﾟ)八(*ﾟДﾟ*)八(ﾟДﾟ*)ﾉｨｪｰｨ！
Googleの検索に出るのも凄いです😳✨
これからも応援してます📣✊🏻❤️‍🔥"
nc11b47e2d86ce,n753f44f2642a,b95263c6657241c37c06be8613990710,埼玉の裏仕事人,kiitto1968,https://assets.st-note.com/production/uploads/images/253657159/profile_e3d1ed5fc794d04266be9932b804beb4.png?fit=bounds&format=jpeg&quality=85&width=330,2026-05-15T05:50:42.671+09:00,さすがKING！ラッキーがかっちょいい！Googleにまでご出演とは…。おめでとうございますー！
ncc378a17b7cf4,n753f44f2642a,e937b529062a4dff3c5cf7b79cc04cf6,たーゼ,sakuya_rainbow44,https://assets.st-note.com/production/uploads/images/267491936/profile_b274aede9a61c347dfc7d9213ffbeed9.jpg?fit=bounds&format=jpeg&quality=85&width=330,2026-05-15T00:03:21.223+09:00,"こ、これは…😲😲💦💦いつの間に…🌟
モーゼ🧑👼✨どうする〜？✨

行ってみる？✨うん🩷✨　👼🍭🎶✨
って事で、Kingたん🌸✨✨

１０００人達成おめでとう🧑👼💐💐🎶
やったね〜🙌🍭🎶✨✨

しかも、グーグルで出て来るとは
凄い！🤗🌸✨"
nc5fa99d30d622,n753f44f2642a,501075b33bc8fff4716e8e39cb47e74a,りんごあめ,aogunjyou_205,https://assets.st-note.com/production/uploads/images/244320088/profile_b53bcb9297c65530f6e56ea129a55d08.jpeg?fit=bounds&format=jpeg&quality=85&width=330,2026-05-14T23:38:02.910+09:00,"Kingさん　おめでとうございます💐✨1000名フォロワー、とても素晴らしいです🍀✨
また、いつもマガジンへ掲載していただきありがとうございます🙂‍↕️
本当にいつもありがとうございます🍎"
ncfa793de18469,n753f44f2642a,f2a55d2f97f079ab0df510a2c19397fa,ぷっぷる,rich_moose3756,https://assets.st-note.com/production/uploads/images/247930453/profile_056c49f5bf7f07cdcc784fbf2ff720c7.png?fit=bounds&format=jpeg&quality=85&width=330,2026-05-14T23:15:01.022+09:00,"Kingさま

１０００名様 フォロワー様
おめでとうございます✨💐

Kingさま

コメント欄が賑やかで
温かいですね✨
Kingさまの誠実さ
が現れてます✨
Kingさまが愛されキャラ
なのは日々周りの方を
大切になさってるから☺️
ずっと変わりなく接して
下さって感謝してます🍀
毎日の様に黙ってご支援
して下さる事。誰かに
言おうともしない…姿。
周りに愛されて当然です☺️

  お身体に気をつけて
さらなる高みを目指して
ご活躍下さい🍀😊

コメント返しのご負担を
考えるとKingさまに申し訳
ない✨しかし！！


おめでとうございます☺️🍀


失礼致しました🍀😊



"
nce14e31d95178,n753f44f2642a,bafeafa3be58223f78700aa6ca83d4a6,令和　舞,karisuma_mai,https://assets.st-note.com/production/uploads/images/234789263/profile_b88eee04a293b6ffb436e21f045323d3.png?fit=bounds&format=jpeg&quality=85&width=330,2026-05-14T23:13:21.568+09:00,"kingさーん！！
1000人おめでとうございます🌟

マガジン追加も
ありがとうございます🙏
心から感謝してます！
なんてお礼の気持ちを伝えたら良いのかわかりません🙇‍♀️
"
nc5fa7b99ba22b,n753f44f2642a,84725422db8ddb286fb3a293c306aebf,開運シェルパ,hanamiti369,https://assets.st-note.com/production/uploads/images/255750674/profile_80ee0ac532bef7940f81afda8d8e8a77.png?fit=bounds&format=jpeg&quality=85&width=330,2026-05-14T22:50:33.066+09:00,"Kingさん、フォロワー数1,000+おめでとうございます🎉 
Googleに高尚なオンラインコミュニティとして認定されたミラクルラッキー教団、いよいよ本物感が出てきましたね😆
紹介禁止なのに紹介されまくるのも、愛されている証拠だと思います。
②も楽しみにしています！"
nc8162d4f8f0f4,n753f44f2642a,6d2add10b15e10656c14e76aa10f1320,アル,joyous_camel979,https://assets.st-note.com/production/uploads/images/247768881/profile_368ba3fd8527f41bf71b9aebb39e1882.jpg?fit=bounds&format=jpeg&quality=85&width=330,2026-05-14T22:49:37.603+09:00,"Kingさんはいつも、考え方が哲学者で、ユーモアもありどの記事も元気をもらえるようです😊
ちょくちょく私の記事をマガジンに掲載してくださりありがとうございます🌸
そしてフォロワー1000人達成おめでとうございます🎉"
nca7898de543bf,n753f44f2642a,c57b90e88def472f75594cb7e1456444,龍神,tatsuopapa,https://assets.st-note.com/production/uploads/images/195297097/profile_8bc9db642d186cf7b66339af17c27bd2.png?fit=bounds&format=jpeg&quality=85&width=330,2026-05-14T22:04:40.884+09:00,フォロワー1000人おめでとうございます！noteの株主様だったのですね！🐉
nc0c2d9d673dc9,n753f44f2642a,bd6881b17845a554ea791e5557b79b7a,さんみ～＠ヤングケアラー２５年,bobusanmi1224,https://assets.st-note.com/production/uploads/images/4620903/profile_89e247ec25f892b6133264485871d760.png?fit=bounds&format=jpeg&quality=85&width=330,2026-05-14T21:52:21.120+09:00,kingさん、いつもお世話になっております。フォロワー１０００人おめでとうございます
nccc966840bc3d,n753f44f2642a,6b44bc1730f4ed7ad127968e08eb088a,カケルン@HSP フォロバ100,yamaxkake,https://assets.st-note.com/production/uploads/images/272298552/profile_d42fe3f9b5794ccd32d4db77db4c15dc.png?fit=bounds&format=jpeg&quality=85&width=330,2026-05-14T21:48:23.729+09:00,"Kingさん、フォロワー1000名達成おめでとうございます😊

記事全体がKingさんらしい勢いとユーモアにあふれていて、楽しく読ませていただきました。

そして、ありがとマガジンまでご紹介いただきありがとうございます。

「安定感と統一感があり過ぎ」と言っていただけたのは、とても嬉しかったです。
自分ではまだまだ試行錯誤中ですが、創作・相談室・note戦略、それぞれの色を大切にしながら続けていけたらと思っています。

紅白企画も、マガジン紹介も、noteのご縁が広がっていく感じがして素敵ですね。

僕の紹介文と記事掲載もありがとうございます。
これからもよろしくお願いします🍀.*"
nc22e7ad458aca,n753f44f2642a,1ef4435612c1f36fd963bcdd8ace0d73,のあ｜自分に戻る思索note,joyful_salvia906,https://assets.st-note.com/production/uploads/images/244581020/profile_a075505b43aab98267d3b165ed95521a.png?fit=bounds&format=jpeg&quality=85&width=330,2026-05-14T20:57:10.319+09:00,"Kingさん
こんばんは。
フォロワー1000名おめでとうございます🎉

昨日は２記事もマガジンに追加していただいて
ありがとうございました😊

陰ながら応援させて頂きます！"
nc585c6e501aaa,n753f44f2642a,209f3701abc5bae89b6dd62898c7916a,コンパス みき,compass_m360,https://assets.st-note.com/production/uploads/images/253440713/profile_8b36220be6950ce90264f78d2b308c75.png?fit=bounds&format=jpeg&quality=85&width=330,2026-05-14T20:57:05.527+09:00,"Kingさん✨こんばんは♪

1000人おめでとうございます🍾🎉
被せましたね‼️
確信犯ですね😆😆😆

いつも楽しいKingさん！
これからもやらかし楽しみに
してます＼(^o^)／"
ncf56450e75225,n753f44f2642a,4fcff0dd196c58985b48a8f8a9724554,Grace Light ─ 星に導かれて,clean_kalmia940,https://assets.st-note.com/production/uploads/images/207757596/profile_ac58b5c0e389afdf3e43314b719edc42.png?fit=bounds&format=jpeg&quality=85&width=330,2026-05-14T20:55:49.299+09:00,"Kingさん、
フォロワー1000名、
コングラ獲得おめでとうございます🎉

いつもマガジンへ追加していただけて
とても嬉しいです。
ありがとうございます。
今後ともよろしくお願いいたします😊
"
ncd6dbfb72d888,n753f44f2642a,b60c6006e6818a147458dad11e6bc89f,瀬海歩（せかいあゆむ）,sekaiayumu25,https://assets.st-note.com/production/uploads/images/251395522/profile_6cb1552f68e13741419dd072f35f914e.jpg?fit=bounds&format=jpeg&quality=85&width=330,2026-05-14T20:26:06.706+09:00,"Kingさん
こんばんは🌕️
1000名フォロワー様とコングラボードおめでとうございます😊👍️✨️
悔しいです。うらやましいです。でも認めてます（笑）おめでとうビーム🌈"
nc477ee2fc0d22,n753f44f2642a,ca17527cfe63f65cebf3883988786b79,donchan1962,donchan_13,https://assets.st-note.com/production/uploads/images/183217910/profile_a33ecb57f18c7bbea28e041c386d47a2.jpeg?fit=bounds&format=jpeg&quality=85&width=330,2026-05-14T20:21:31.356+09:00,"フォローワー1,000人、おめでとう🎉㊗️御座います
しかし、荒削り過ぎるKingさんも、人柄がnice goodなんで、好かれるんですよ。"
nc7e8baf0a383c,n753f44f2642a,e300d348198df62eea02ed041e1e9a55,つむじが２つ,regal_hound4274,https://assets.st-note.com/production/uploads/images/196231260/profile_fe42b94fee71f88c08b73583c1f29fe7.jpeg?fit=bounds&format=jpeg&quality=85&width=330,2026-05-14T20:07:09.425+09:00,"kingさん

フォロワー1000名おめでとうございます㊗️

ミラクルラッキー教団が
“高尚なオンラインコミュニティ”扱いされてるの普通に面白すぎました😆

でもこの勢いと巻き込み力なら、
むしろ納得してしまうのも事実です。

紹介厳禁→めちゃくちゃ紹介される流れも含めて、
Kingさんらしさ全開で最高でした😊

私の記事もご紹介いただき本当にありがとうございます🙏"
nc5d002211b0f0,n753f44f2642a,47ac127ec0bbe6902b9f372fd944ebf8,和田雄三｜AI×心理ブランディングデザイナー,glad_dill2129,https://assets.st-note.com/production/uploads/images/265848866/profile_b0e386a458b5c21f7f00921837c9ffad.png?fit=bounds&format=jpeg&quality=85&width=330,2026-05-14T20:04:32.196+09:00,"Kingさん、フォロワー1000名おめでとうございます🎉

紹介厳禁って言いながら、めちゃくちゃ紹介されてますね🤣

普段から交流ちゃんとしてるから、
応援したくなる人多いんですね👍"
nca266d55e43e7,n753f44f2642a,ceb9f20beef56f72c10ed1c4bc125c74,ゆらり🌹🫧　🫶💕,huge_coot6820,https://assets.st-note.com/production/uploads/images/239767432/profile_47e4f415224790b9faa65da8165fa21d.jpeg?fit=bounds&format=jpeg&quality=85&width=330,2026-05-14T19:34:48.643+09:00,"1000人フォロワーおめでとう御座います🎉🎊
ご紹介有難うございます💖✨
kingさんならでは🌸🫧
個性が光り
あっと言う間でしたね。
流石ですね♫

これからもどうぞ宜しくお願い致します🍀✨🫶✨🌹🫧🐝✨"
nc6b4da4b0b928,n753f44f2642a,4d7884c1cad8153895dadb71ec1606cb,こーき｜心が少し軽くなる場所,i_am_151cm_boy,https://assets.st-note.com/production/uploads/images/236560109/profile_28f1fb163081001f12afa3f21b0dc40a.png?fit=bounds&format=jpeg&quality=85&width=330,2026-05-14T19:30:36.793+09:00,"Kingさん😊
1,000名おめでとうございます！！😆🎉✨
今日も晒してますね〜😆✨笑笑
いつもマガジン、スタエフ、Xありがとうございます😭✨"
nc0f327be28d58,n753f44f2642a,6177eba6fd351e2a90dd1013b904bcd6,幸せの架け橋カエル｜境界線ケア,lively_salvia775,https://assets.st-note.com/production/uploads/images/209698581/profile_ba002a3bb07b319e0311b6b0b05faf9d.png?fit=bounds&format=jpeg&quality=85&width=330,2026-05-14T18:59:09.961+09:00,"kingさん、こんばんわ～🐸✨
いつもスキや、マガジンに載せていただき
お世話になっています。感謝します💖

フォロワーさん1000人、おめでとうございます✨
🐸はのんびりしていますが、
最近、がんばっている方は
あっという間に
フォローつきますね✨

「エフスタ」とか曲がはやっているそうで
🐸おばちゃんは「ほ～」っと
みなさんのステキな曲にうっとりです笑

今後ともkingさんのご活躍を
拝見させていただきます🐸✨
"
nc5f583025e9fe,n753f44f2642a,a3bcc411a4c251239d492b2f079f5870,やも,yamo_note,https://assets.st-note.com/production/uploads/images/258648405/profile_ee869852783a5a9a11d34fd10d919f33.png?fit=bounds&format=jpeg&quality=85&width=330,2026-05-14T18:34:47.992+09:00,"King さん、フォロワー1000人達成
おめでとうごさいまーす！
㊗️🎊㊗️🎊㊗️🎊🍾🍾

「自己啓発的、哲学的オンラインコミュニティ」であるところの、ミラクルラッキー教団のさらなるご発展をお祈り申し上げます🙏✨"
nc46e915330a5a,n753f44f2642a,58fb3a582057b9b998cc26a424003acd,あっくん@組長,ripe_tapir2869,https://assets.st-note.com/production/uploads/images/251388377/profile_892c53011bd31ac051a215eebd07ab7e.png?fit=bounds&format=jpeg&quality=85&width=330,2026-05-14T18:20:20.239+09:00,"フォロワー１０００人達成おめでとうございます．
先越された…悔しいψ(｀∇´)ψ"
nc5c4b80b8ea82,n753f44f2642a,f0cb31ff7ca4d1f8b607a03e7890b133,山中サトシ│詩と小説の世界│元公務員クリエイター,fancy_nerine2305,https://assets.st-note.com/production/uploads/images/235720947/profile_6f42cba9cdaa52532b9423dda0e2f8f3.jpg?fit=bounds&format=jpeg&quality=85&width=330,2026-05-14T18:18:43.121+09:00,Kingさん、ちゃんと宗教団体ではないことがバレてますね😆😆
nc9447af94c00c,n753f44f2642a,13f03d3a1ec4a172a7084a791c8c4703,"あいさん💗Iカウンセリングルーム セラピスト／ 臨床心理士×公認心理師｜支援歴16年・2,000名超",joyful_zebra1701,https://assets.st-note.com/production/uploads/images/194103346/profile_5b2ee16c8d8db97758503974e4e6f9da.png?fit=bounds&format=jpeg&quality=85&width=330,2026-05-14T18:12:06.123+09:00,"Kingさん😊

フォロワー1000名達成、本当におめでとうございます🎉✨

そして、記事の中で「ご縁に感謝するマガジン🌿」だけでなく、私のメンバーシップや公式LINEのカウンセリングまでご紹介くださり、本当にありがとうございます。

私の活動をそんなふうにおすすめしていただけて、とても嬉しく、励みになりました🌿

「真面目系かと見せかけて…」のところも、しっかり読ませていただきました🤭
はい、冗談も大好きです（笑）

楽しい記事の中に、Kingさんのあたたかい応援の気持ちも感じました😌🫶
これからのご活躍も楽しみにしています😊✨"
nc5843466de56a,n753f44f2642a,3cb4d81489d9115418a8861dcba7c631,えらん堂,dear_pansy6581,https://assets.st-note.com/production/uploads/images/242221069/profile_508d7605146c8d0a2207c10ec053fe6c.png?fit=bounds&format=jpeg&quality=85&width=330,2026-05-14T18:08:58.873+09:00,"Kingさん
こんばんは☀️
フォロワー様1000名様おめでとうございます🎉
ハニトラの話をした矢先に墓穴を掘りました🤣
無茶振りしたバチがあたってしまいました🤣
これからもど〜ぞよろしくお願い致します☘️
"
ncd9b112d85dda,n753f44f2642a,d935afcef3d45372668600a97b8eea46,天野 雫 ✿ 占い日記,proper_bonobo536,https://assets.st-note.com/production/uploads/images/252856370/profile_866f40df26780c146ef9459cf81a675c.png?fit=bounds&format=jpeg&quality=85&width=330,2026-05-14T18:05:18.276+09:00,"わぁ💦
記事読まずにスキを押してしまった🤣

Kingさんのファンや推しに怒られないように気をつけます🩷"
nc8d2d2c7c72bb,ndf2f4ec1381e,b60c6006e6818a147458dad11e6bc89f,瀬海歩（せかいあゆむ）,sekaiayumu25,https://assets.st-note.com/production/uploads/images/251395522/profile_6cb1552f68e13741419dd072f35f914e.jpg?fit=bounds&format=jpeg&quality=85&width=330,2026-05-14T16:22:53.835+09:00,"Kingさん　
こんばんは🌕
ついにメンバーシップになってしまいました(笑)
Kingさんの引力強いですね。
今後とも楽しみにしております^^"
nc866038c4f2b7,ndf2f4ec1381e,ee17e08838a2d1017fe4b3f4eb73a4e3,境界をまたぐ心理士【振り子】,rosy_snail1735,https://assets.st-note.com/production/uploads/images/253068092/profile_684215ad7eba3d124844155dff223a1b.jpg?fit=bounds&format=jpeg&quality=85&width=330,2026-05-13T18:57:09.425+09:00,"いや、深い話でした☺️
とにかく深い話でした🥰"
nc55e04626fa76,ndf2f4ec1381e,d935afcef3d45372668600a97b8eea46,天野 雫 ✿ 占い日記,proper_bonobo536,https://assets.st-note.com/production/uploads/images/252856370/profile_866f40df26780c146ef9459cf81a675c.png?fit=bounds&format=jpeg&quality=85&width=330,2026-05-13T18:35:36.517+09:00,"Kingさん
色々考えさせられますね😊"
nc096de59513d7,ndf2f4ec1381e,b95263c6657241c37c06be8613990710,埼玉の裏仕事人,kiitto1968,https://assets.st-note.com/production/uploads/images/253657159/profile_e3d1ed5fc794d04266be9932b804beb4.png?fit=bounds&format=jpeg&quality=85&width=330,2026-05-13T18:21:32.180+09:00,有料記事なのでコメントはしないけど…KING好きよ！ってこれコメントか！手屁❤️
ncf60919a83c7a,ndf2f4ec1381e,4d7884c1cad8153895dadb71ec1606cb,こーき｜心が少し軽くなる場所,i_am_151cm_boy,https://assets.st-note.com/production/uploads/images/236560109/profile_28f1fb163081001f12afa3f21b0dc40a.png?fit=bounds&format=jpeg&quality=85&width=330,2026-05-13T18:20:14.349+09:00,"Kingさん懐広いですね〜😭✨
有料忘れて普通にコメントしてしまうところでした🤣笑笑"
nc11aee4975b21,ndf2f4ec1381e,a3bcc411a4c251239d492b2f079f5870,やも,yamo_note,https://assets.st-note.com/production/uploads/images/258648405/profile_ee869852783a5a9a11d34fd10d919f33.png?fit=bounds&format=jpeg&quality=85&width=330,2026-05-13T18:18:15.994+09:00,"やっぱり、有料記事はいいですね！

より身近にKingさんを感じることができました。
ちなみに、私も同じですよん😏
ありがとうございました😊！"
nc45df9f41d3b6,n6c645fd03f09,e300d348198df62eea02ed041e1e9a55,つむじが２つ,regal_hound4274,https://assets.st-note.com/production/uploads/images/196231260/profile_fe42b94fee71f88c08b73583c1f29fe7.jpeg?fit=bounds&format=jpeg&quality=85&width=330,2026-05-14T15:41:09.974+09:00,"kingさん
分かりやすいです😆

勉強って気合いの話になりがちですけど、
ちゃんと「戦略」で考えてるのがさすがだなと思いました。

“数字＝伸びしろ”は名言ですね。
これだけで考え方変わる人いそうです👍

私の記事もご紹介いただき本当にありがとうございます。"
nc416be097e72b,n6c645fd03f09,ee17e08838a2d1017fe4b3f4eb73a4e3,境界をまたぐ心理士【振り子】,rosy_snail1735,https://assets.st-note.com/production/uploads/images/253068092/profile_684215ad7eba3d124844155dff223a1b.jpg?fit=bounds&format=jpeg&quality=85&width=330,2026-05-14T10:42:27.294+09:00,"真面目系記事も良いですね♪
勉強って、スケジュール立案とか時間配分とかのマネジメント力が基礎部分だと思ってます。

うちの中学生の息子にも伝えたいので、ぜひKing流メソッドの続編に期待してます✨"
nc8100e3013fd6,n6c645fd03f09,501075b33bc8fff4716e8e39cb47e74a,りんごあめ,aogunjyou_205,https://assets.st-note.com/production/uploads/images/244320088/profile_b53bcb9297c65530f6e56ea129a55d08.jpeg?fit=bounds&format=jpeg&quality=85&width=330,2026-05-13T22:57:20.890+09:00,"Kingさん　こんばんは🌙✨
素敵なマガジンへ追加していただき、ありがとうございます☺️✨
本当に感謝しています🍎"
nc55edd9f02756,n6c645fd03f09,fdfcb42dbb3ca6a92977feeb331299bf,ヤマコヤーマン,yamayamako3,https://assets.st-note.com/production/uploads/images/264908732/profile_22f5b0d83f87ee87628a50db08f251bb.png?fit=bounds&format=jpeg&quality=85&width=330,2026-05-13T22:26:31.045+09:00,"Kingさん
いつもマガジン追加
ありがとうございます！

わあ真面目なKingさんのお話！
確かに、まずは自分の現在地を
知るって大事ですね…"
nc8bf791cda9ae,n6c645fd03f09,00e582f9b965190202fd11c8a70ea88e,thanks_kissme,thanks_kissme,https://assets.st-note.com/production/uploads/images/198901458/profile_ad4dd1b646a85f7e1b5f42a71ec284e9.png?fit=bounds&format=jpeg&quality=85&width=330,2026-05-13T19:33:08.765+09:00,"Kingさん、こんばんは！
（Kingさま、と書くと、直訳すると「王様」になるので、さん付けにさせていただきました。）
このたびは、僕の投稿を素敵なマガジンに加えていただき、本当にありがとうございます。
とてもうれしいですし、とっても励みになります。
これを機に、Kingさんの記事を２本拝読しました。
真面目に生きておられる一方で、楽しくすごされておられる面もうかがい知れ、とても人間力に富む魅力的な方なんだろうなって思いました。
せっかくの御縁をいただきましたので、今後とも、どうぞ、よろしくお願いします。"
nc3e6d10abbb92,n6c645fd03f09,1fa991e36b58d8e95e3af4a9385bff68,さみ,sa_mi0607,https://assets.st-note.com/production/uploads/images/270114176/profile_0b08f44532cc428a0ce179681ac05951.png?fit=bounds&format=jpeg&quality=85&width=330,2026-05-13T05:39:56.297+09:00,"おはよございます😊🍊
真面目なKingさんもかっこいーですなっ(⌒▽⌒)🙌
スタエフ📻️も、応援してますよー(⌒▽⌒)🍊

自分の現在地と、仕組化🌱🌈
さみも、がんばりま～す🍊"
ncd4088b223c3e,n6c645fd03f09,209f3701abc5bae89b6dd62898c7916a,コンパス みき,compass_m360,https://assets.st-note.com/production/uploads/images/253440713/profile_8b36220be6950ce90264f78d2b308c75.png?fit=bounds&format=jpeg&quality=85&width=330,2026-05-12T23:51:49.736+09:00,"Kingさん、こんばんは🌟

Kingさんが真面目な話をしてる😳
大人の勉強でも現在地を知ってから、弱みを確認したりするので
同じですね〜❤️

いつもマガジン紹介ありがとうございます☺️"
nc068f51680c84,n6c645fd03f09,feb2132ab2f4fc8d0ff6388a1447bc12,又兵衛,legal_frog1853,https://assets.st-note.com/production/uploads/images/266473734/profile_568cc746a7a3fc61a0b238630044e485.png?fit=bounds&format=jpeg&quality=85&width=330,2026-05-12T22:52:33.893+09:00,"いつもマガジンに紹介していただきありがとうございます。

私の目標はNOTEを楽しむ事に目標を置いてます。"
nc62f1453eb5e9,n6c645fd03f09,ca17527cfe63f65cebf3883988786b79,donchan1962,donchan_13,https://assets.st-note.com/production/uploads/images/183217910/profile_a33ecb57f18c7bbea28e041c386d47a2.jpeg?fit=bounds&format=jpeg&quality=85&width=330,2026-05-12T21:51:18.259+09:00,"こんばんは🌇。恐縮です。この場をお借りして、コメント失礼します
記事、マガジンへの追加ありがとうございます
感謝の意を申し上げます"
nc404968de3fee,n6c645fd03f09,ca17527cfe63f65cebf3883988786b79,donchan1962,donchan_13,https://assets.st-note.com/production/uploads/images/183217910/profile_a33ecb57f18c7bbea28e041c386d47a2.jpeg?fit=bounds&format=jpeg&quality=85&width=330,2026-05-12T21:19:05.760+09:00,"今日は、真面目に書いていらっしゃいますね！
しかし、King流勉強メソッド凄いですね
感心しました。
ありがとうございます"
nc77f881cdb93f,n6c645fd03f09,031a96c67c576e3bfc12a86d2606bd97,ココミチ＠ゆきの,hot_mink9599,https://assets.st-note.com/production/uploads/images/212559417/profile_9dbf6c222d0c87810aeff185afbd7f95.jpg?fit=bounds&format=jpeg&quality=85&width=330,2026-05-12T20:29:08.873+09:00,"Kingさん、こんばんは

「夢が見つからない夜に」を迎えてくださりありがとうございます

今日の勉強法の記事で書かれていた「現在地を知る」と「相性を選ぶ」
という視点が印象に残りました

遠くを決める前に、いま立つ場所を、確かめる感覚が静かでいいなと
感じました

こうしてまた読みに来てくださったこと、うれしく受け取っています

ゆきの"
ncc09ab238ee2b,n6c645fd03f09,3cb4d81489d9115418a8861dcba7c631,えらん堂,dear_pansy6581,https://assets.st-note.com/production/uploads/images/242221069/profile_508d7605146c8d0a2207c10ec053fe6c.png?fit=bounds&format=jpeg&quality=85&width=330,2026-05-12T19:55:45.682+09:00,"Kingさん
こんばんは☀️やっぱりがむしゃらにやるより色んな観点から組み立てていかないと駄目だと、この記事を読んでつくづく思います🐱"
ncafb547cc7fa8,n6c645fd03f09,5792beedf51dea6547b4b3d298482ab4,丁寧な暮らし/生きやすさ探求家,gentle_gecko1078,https://assets.st-note.com/production/uploads/images/272850856/profile_5078d7016e37422cee3be424742ee433.png?fit=bounds&format=jpeg&quality=85&width=330,2026-05-12T19:49:59.963+09:00,"いつぞやワタクシもそんなお仕事をしていたような…🤭
気づいておりませんでした🙈
共通点を見つけて嬉しいです😊"
nc4bccfb00a2e6,n6c645fd03f09,a3bcc411a4c251239d492b2f079f5870,やも,yamo_note,https://assets.st-note.com/production/uploads/images/258648405/profile_ee869852783a5a9a11d34fd10d919f33.png?fit=bounds&format=jpeg&quality=85&width=330,2026-05-12T19:49:47.644+09:00,"King さん、ばんわ🤗

勉強法の最終章にくるのはやはり、運を味方につける！

つまり、ラッキーが大切ですよね🤗"
nce12185932e94,n6c645fd03f09,4d7884c1cad8153895dadb71ec1606cb,こーき｜心が少し軽くなる場所,i_am_151cm_boy,https://assets.st-note.com/production/uploads/images/236560109/profile_28f1fb163081001f12afa3f21b0dc40a.png?fit=bounds&format=jpeg&quality=85&width=330,2026-05-12T19:25:55.440+09:00,"Kingさん😊

King流勉強メソッド凄いですね😆✨
勉強してこなかったことを後悔しております💦
これからKing流勉強メソッドで大人になってからの勉強を取り入れようと思います🙇‍♂️💦

いつもマガジンも本当にありがとうございます😊✨"
nc60b4d69c7e96,n6c645fd03f09,dc157540cc91b85018fc2caf1ebe6e1d,空風マナミ　,sorakaze_works,https://assets.st-note.com/production/uploads/images/247072511/profile_f8c3cb6911c80de4c8b865ead1a349c6.png?fit=bounds&format=jpeg&quality=85&width=330,2026-05-12T18:26:27.016+09:00,"Kingさん、
本当に真面目だった🤭

勝手なるイメージが…笑"
nc564380e71803,n6c645fd03f09,e937b529062a4dff3c5cf7b79cc04cf6,たーゼ,sakuya_rainbow44,https://assets.st-note.com/production/uploads/images/267491936/profile_b274aede9a61c347dfc7d9213ffbeed9.jpg?fit=bounds&format=jpeg&quality=85&width=330,2026-05-12T18:12:59.053+09:00,"えっ！🧑👼💦💦
知らなかった…てっきり

ミラクルラッキー教の教祖一本かと…
🌈🌹✨✨😅💦🤭🌸✨🎶✨"
nc7d1cb230c9f8,n826489058509,84725422db8ddb286fb3a293c306aebf,開運シェルパ,hanamiti369,https://assets.st-note.com/production/uploads/images/255750674/profile_80ee0ac532bef7940f81afda8d8e8a77.png?fit=bounds&format=jpeg&quality=85&width=330,2026-05-13T02:46:51.208+09:00,"Kingさん、こんばんは！ スタエフ※3も拝聴しました。noteの運用についてのお話は、勉強になりました。

自分から記事を見に行ってスキやコメントをする、という地道な積み重ねが大事ということも、改めて納得しました。
Kingさんが音楽も映画も漫画もアニメも、なんでも興味を持てるとおっしゃっていたのが印象的で、その好奇心の広さがnoteでの活動にも活きているのだと感じました。

おまけの自作曲の「猿の時代から吞んでいたのか？」のフレーズが妙に耳に残っています😆
次回も楽しみにしています。"
nc38fad1f99ca8,n826489058509,0af9b366e7056bb35316462e699e0daa,じゅんのすけ,juicy_lynx3773,https://assets.st-note.com/production/uploads/images/264606998/profile_3edebb8ec7da186bb321afc081d561b0.png?fit=bounds&format=jpeg&quality=85&width=330,2026-05-12T05:43:39.000+09:00,"Kingさんにハマってます🤣🤣🤣
次回も楽しみです！笑"
nc8b76db9f712b,n826489058509,5792beedf51dea6547b4b3d298482ab4,丁寧な暮らし/生きやすさ探求家,gentle_gecko1078,https://assets.st-note.com/production/uploads/images/272850856/profile_5078d7016e37422cee3be424742ee433.png?fit=bounds&format=jpeg&quality=85&width=330,2026-05-12T00:37:27.909+09:00,"慣れて来ると…
最後のでわ！までが脚本ですか🤣"
nc782e89c556e3,n826489058509,fdfcb42dbb3ca6a92977feeb331299bf,ヤマコヤーマン,yamayamako3,https://assets.st-note.com/production/uploads/images/264908732/profile_22f5b0d83f87ee87628a50db08f251bb.png?fit=bounds&format=jpeg&quality=85&width=330,2026-05-11T21:46:08.137+09:00,"Kingさん
いつもマガジン追加ありがとうございます！スタエフ、｢あーあーあー｣で終わるのは斬新です！"
nc461e46f5b8a6,n826489058509,ee17e08838a2d1017fe4b3f4eb73a4e3,境界をまたぐ心理士【振り子】,rosy_snail1735,https://assets.st-note.com/production/uploads/images/253068092/profile_684215ad7eba3d124844155dff223a1b.jpg?fit=bounds&format=jpeg&quality=85&width=330,2026-05-11T21:30:11.960+09:00,"普通に良い曲ですごい好きです笑✨
二日酔い最高ですね😂✨　"
nc101da3eca9d7,n826489058509,e937b529062a4dff3c5cf7b79cc04cf6,たーゼ,sakuya_rainbow44,https://assets.st-note.com/production/uploads/images/267491936/profile_b274aede9a61c347dfc7d9213ffbeed9.jpg?fit=bounds&format=jpeg&quality=85&width=330,2026-05-11T20:48:09.096+09:00,"あぁ〜〜〜〜〜〜〜〜💦💦
また釣られてやって来た💦💦

やめられない、止まらない
なんちゃらラ🧑👼🍭🎶✨✨

スタエフの登場ソング✨✨
と最後のあぁ〜〜〜実にいい

🤗🌸✨"
ncd43ff2f65c8d,n826489058509,4d7884c1cad8153895dadb71ec1606cb,こーき｜心が少し軽くなる場所,i_am_151cm_boy,https://assets.st-note.com/production/uploads/images/236560109/profile_28f1fb163081001f12afa3f21b0dc40a.png?fit=bounds&format=jpeg&quality=85&width=330,2026-05-11T19:53:46.471+09:00,"Kingさん😆
もう4回目凄いですね😆✨
Kingさんは興味持たれるタイプで羨ましいです☺️
いつもマガジンありがとうございます😊✨"
nc163a0df50676,n826489058509,b60c6006e6818a147458dad11e6bc89f,瀬海歩（せかいあゆむ）,sekaiayumu25,https://assets.st-note.com/production/uploads/images/251395522/profile_6cb1552f68e13741419dd072f35f914e.jpg?fit=bounds&format=jpeg&quality=85&width=330,2026-05-11T19:50:43.888+09:00,"Kingさん
こんばんは🌕️
いつもご掲載ありがとうございます😊
EDM私もスキです。好みが似てますね。
ああああああああでは！"
ncefad8ce2e5d0,n826489058509,dc157540cc91b85018fc2caf1ebe6e1d,空風マナミ　,sorakaze_works,https://assets.st-note.com/production/uploads/images/247072511/profile_f8c3cb6911c80de4c8b865ead1a349c6.png?fit=bounds&format=jpeg&quality=85&width=330,2026-05-11T18:29:35.253+09:00,"Kingさん、
二日酔いを曲にしてしまうとは〜極めてますね！
本日も楽しませていただきました♪いつもありがとうございます😊"
ncc99f55dd7992,n826489058509,d935afcef3d45372668600a97b8eea46,天野 雫 ✿ 占い日記,proper_bonobo536,https://assets.st-note.com/production/uploads/images/252856370/profile_866f40df26780c146ef9459cf81a675c.png?fit=bounds&format=jpeg&quality=85&width=330,2026-05-11T18:18:27.629+09:00,"noteの運用方法！
なるほどです💡

なかなかの曲ですね〜🤣🤣🤣
二日酔い😂

明日の三日酔いの公開が今から楽しみです🩷"
nce9b4510bf256,n826489058509,ca17527cfe63f65cebf3883988786b79,donchan1962,donchan_13,https://assets.st-note.com/production/uploads/images/183217910/profile_a33ecb57f18c7bbea28e041c386d47a2.jpeg?fit=bounds&format=jpeg&quality=85&width=330,2026-05-11T18:12:12.489+09:00,"笑うな〜
猿の時代から、酒吞んでいたんでしよう😇"
nc8fafd70d6722,nea6ed669b0ad,ee17e08838a2d1017fe4b3f4eb73a4e3,境界をまたぐ心理士【振り子】,rosy_snail1735,https://assets.st-note.com/production/uploads/images/253068092/profile_684215ad7eba3d124844155dff223a1b.jpg?fit=bounds&format=jpeg&quality=85&width=330,2026-05-11T21:15:10.635+09:00,"ドタバタしてたらカンペキ乗り遅れました！！

そんな面白い動きがメンバーシップにあったのですね🤣
今から見に行ってきます笑"
ncbf5704267253,nea6ed669b0ad,209f3701abc5bae89b6dd62898c7916a,コンパス みき,compass_m360,https://assets.st-note.com/production/uploads/images/253440713/profile_8b36220be6950ce90264f78d2b308c75.png?fit=bounds&format=jpeg&quality=85&width=330,2026-05-10T21:57:13.371+09:00,"Kingさん🌟こんばんは☺️

今日の「燃えろ燃えろ〜」が頭から離れなくなりました😆
素敵音楽ありがとうございます🌟"
nc13f1b138e9c4,nea6ed669b0ad,84725422db8ddb286fb3a293c306aebf,開運シェルパ,hanamiti369,https://assets.st-note.com/production/uploads/images/255750674/profile_80ee0ac532bef7940f81afda8d8e8a77.png?fit=bounds&format=jpeg&quality=85&width=330,2026-05-10T20:05:26.066+09:00,"Kingさん、こんばんは🌝
メンバーシップの方々、なかなかいいところを突いてくるのですね😆
黒歴史……見出しだけで目を惹きそうです。

おまけの曲も拝聴しました。「燃えろ 燃やし尽くせ」、熱くて素敵です🔥
むちゃブリにも即興で応えちゃうところが、Kingさんらしくて良いですね。
これからも楽しみにしています✨️"
nca64117227014,nea6ed669b0ad,e937b529062a4dff3c5cf7b79cc04cf6,たーゼ,sakuya_rainbow44,https://assets.st-note.com/production/uploads/images/267491936/profile_b274aede9a61c347dfc7d9213ffbeed9.jpg?fit=bounds&format=jpeg&quality=85&width=330,2026-05-10T19:41:37.298+09:00,"見落としてたぁ〜🐥✨😆✨

ヤバイ🐤💦💦
教団デカくなるよ〜😅✨🤭🌸✨✨

ロック凄い🧑🍭✨✨✨✨"
nc1cb850ea952e,nea6ed669b0ad,d935afcef3d45372668600a97b8eea46,天野 雫 ✿ 占い日記,proper_bonobo536,https://assets.st-note.com/production/uploads/images/252856370/profile_866f40df26780c146ef9459cf81a675c.png?fit=bounds&format=jpeg&quality=85&width=330,2026-05-10T18:57:13.730+09:00,"Kingさん、こんばんは🌙

曲、素敵ですね〜
Kingさんといえばラッキー！
あれ、ラッキーの曲ってちゃんと聴いたことないかも？
ラッキーの曲の公開お願いしま〜す🩷

うわぁ💦無茶振り対応、大変ですね😅
ファイト〜♬

あ！私の記事のコメントの返信は、ゆっくりお待ちくださいね🍵"
nc034118bef1d7,nea6ed669b0ad,ca17527cfe63f65cebf3883988786b79,donchan1962,donchan_13,https://assets.st-note.com/production/uploads/images/183217910/profile_a33ecb57f18c7bbea28e041c386d47a2.jpeg?fit=bounds&format=jpeg&quality=85&width=330,2026-05-10T18:49:21.405+09:00,"コメント失礼します
今日のロックはカッコイイじゃないですか。
無茶振りをしすぎて、燃え尽き症候群に、ならないようにしてくださいね
笑うな〜
"
nc37de1052b5e3,nea6ed669b0ad,dc157540cc91b85018fc2caf1ebe6e1d,空風マナミ　,sorakaze_works,https://assets.st-note.com/production/uploads/images/247072511/profile_f8c3cb6911c80de4c8b865ead1a349c6.png?fit=bounds&format=jpeg&quality=85&width=330,2026-05-10T18:33:05.843+09:00,"Kingさん
二日酔いとれましたか⁈
イントロ、マジすぎて
ロックの概念が迷子です！
燃え尽き過ぎないでくださいませ🤭"
nc0f24bdf084e5,nea6ed669b0ad,3cb4d81489d9115418a8861dcba7c631,えらん堂,dear_pansy6581,https://assets.st-note.com/production/uploads/images/242221069/profile_508d7605146c8d0a2207c10ec053fe6c.png?fit=bounds&format=jpeg&quality=85&width=330,2026-05-10T18:07:02.727+09:00,"Kingさん
こんばんは☀️
こんな無茶振りをしたうちの1人です🤣"
nc31d4a571cfcb,n2ce43dd87720,9c8fd833a11e7b0c654f9fe54287850a,Myung@みょんの好き推しnote🎯,sakura_buncho,https://assets.st-note.com/production/uploads/images/277207688/profile_f427264409f45e1a4ddf67817d41c3b9.png?fit=bounds&format=jpeg&quality=85&width=330,2026-05-23T10:23:15.598+09:00,"King | 天は自らを助くる者を助けるらしいさん、マガジン追加ありがとうございました♪m(_ _)m
とても励みになります♪

繰り返したことが脳が重要だと認識する、とても参考になります。

これからもどうぞよろしくお願いいたします♪"
ncaf7ac6e6d91d,n2ce43dd87720,aa396818ce9b68951cae09c5b738014e,Torori（とろり）🌱 毒親育ちへ「心穏やかな恋」を届ける人【フォロバ100】,torori_20260101,https://assets.st-note.com/production/uploads/images/242495675/profile_d6bfee66de6dbec64ca70c2649f987aa.png?fit=bounds&format=jpeg&quality=85&width=330,2026-05-12T07:11:28.033+09:00,"なるほど。。

🔽すごく参考になりました🌱

「名前はメモするし、相手の顔やキャラをセットで覚えるようにしている。」

保育園のママ友やお友達の名前を覚えるのがきつくて・・😂

ちゃんとメモして、毎日見返そうかな。

繰り返し触れるって大事ですよね～＾＾

追伸

いつも記事をマガジンに追加してくださり、ありがとうございます(^^)
すごく嬉しいです✨️"
nc2c777ceb5cfc,n2ce43dd87720,d29c2432624c1087ec7f89cc2f079dbe,美咲サヤ,crisp_gecko6337,https://assets.st-note.com/production/uploads/images/267718350/profile_d73fda1af8e66cc2c55152264f38ff50.png?fit=bounds&format=jpeg&quality=85&width=330,2026-05-10T16:38:06.801+09:00,"Kingさん、
こんにちは。
こちらは、暑くなってきています。
体調などいかがですか？
今回もマガジン追加ありがとうございます。
毎回、感謝しかありません、、😂
今日初めて、コメントやスキができなくなってしまって、ビックリしました😅
たくさんの方とコメントでお話ししてたら、制限がかかっちゃうのですね！💦
"
nc91af244bb209,n2ce43dd87720,158264eaa8e381d58504ef3a0da400ad,まなまな,apt_elk3591,https://d2l930y2yx77uc.cloudfront.net/assets/default/default_profile_5-043439195e40e86fd7641a3a1daf982637d77ec6f14b67d3fc98ab92374404ac.png,2026-05-10T10:14:27.954+09:00,"kingさん、はじめまして。
私は人の名前を覚えるのが苦手なのでちょっとしたところにも顔出ししてお互いに印象に残るようにしてみたいと思います♩"
nc06b69afb73cb,n2ce43dd87720,617d6d2dcb4435635d6a948287898ed1,五條シンジ｜『Snowdrop Surfer』著者,kitanoshinji,https://assets.st-note.com/production/uploads/images/263243256/profile_d0e5a60e70723ba546f0bf5528b96c24.png?fit=bounds&format=jpeg&quality=85&width=330,2026-05-09T23:01:55.517+09:00,"kingさん
こんばんは

自分も営業マンなのに、結構お客さんの名前を忘れてしまうので参考にさせていただきます。
やり過ぎに注意します(^^;

今回もマガジンに追加いただきありがとうございます。

これからもどうぞよろしくお願いいたします。"
ncdfe5ffd56080,n2ce43dd87720,e937b529062a4dff3c5cf7b79cc04cf6,たーゼ,sakuya_rainbow44,https://assets.st-note.com/production/uploads/images/267491936/profile_b274aede9a61c347dfc7d9213ffbeed9.jpg?fit=bounds&format=jpeg&quality=85&width=330,2026-05-09T20:35:16.166+09:00,"🧑🛌💤✨✨すやすや💤✨

👼🍜🎶✨✨

え、えっ〜と、どちら様でしたっけ？
💤🛌🧑💤✨すやすや💤✨

記憶力回復には、
イ○○○が１番👑✨👰🌸✨🌸✨"
nc56c8c736ee13,n2ce43dd87720,4d7884c1cad8153895dadb71ec1606cb,こーき｜心が少し軽くなる場所,i_am_151cm_boy,https://assets.st-note.com/production/uploads/images/236560109/profile_28f1fb163081001f12afa3f21b0dc40a.png?fit=bounds&format=jpeg&quality=85&width=330,2026-05-09T19:58:09.716+09:00,"Kingさん😊

Kingさんが人の名前を覚えるのが苦手というのはとても意外びっくりでした💦
やっぱり「繰り返し書く」ですね😭
勉強になります！🙇‍♂️

いつもマガジンありがとうございます😭✨"
nce57808471be5,n2ce43dd87720,ca17527cfe63f65cebf3883988786b79,donchan1962,donchan_13,https://assets.st-note.com/production/uploads/images/183217910/profile_a33ecb57f18c7bbea28e041c386d47a2.jpeg?fit=bounds&format=jpeg&quality=85&width=330,2026-05-09T19:38:10.077+09:00,"コア向け？
そうでしたっけ？😇
この記事、エッセイは、難しいのでは？
笑うな〜"
nc444943770c17,n2ce43dd87720,ee17e08838a2d1017fe4b3f4eb73a4e3,境界をまたぐ心理士【振り子】,rosy_snail1735,https://assets.st-note.com/production/uploads/images/253068092/profile_684215ad7eba3d124844155dff223a1b.jpg?fit=bounds&format=jpeg&quality=85&width=330,2026-05-09T19:22:16.254+09:00,"コア層向けの記事続いてましたっけ😂？
チップでうまい棒買ったら赤字になった話とかでしたよ🤣

そして、
こんな難しい内容のライト層向けエッセイ
初めて読みました笑✨"
nc15171566185e,n2ce43dd87720,a3bcc411a4c251239d492b2f079f5870,やも,yamo_note,https://assets.st-note.com/production/uploads/images/258648405/profile_ee869852783a5a9a11d34fd10d919f33.png?fit=bounds&format=jpeg&quality=85&width=330,2026-05-09T18:34:03.222+09:00,"|-•)ｺﾝﾊﾞﾝﾊ

ほどほどに毎日お邪魔します😁"
nc8772c2c9b112,n2ce43dd87720,dc157540cc91b85018fc2caf1ebe6e1d,空風マナミ　,sorakaze_works,https://assets.st-note.com/production/uploads/images/247072511/profile_f8c3cb6911c80de4c8b865ead1a349c6.png?fit=bounds&format=jpeg&quality=85&width=330,2026-05-09T18:28:37.703+09:00,"Kingさん、
コメント更新！
やらかしました🤭"
nc1d10dd931dea,n2ce43dd87720,3cb4d81489d9115418a8861dcba7c631,えらん堂,dear_pansy6581,https://assets.st-note.com/production/uploads/images/242221069/profile_508d7605146c8d0a2207c10ec053fe6c.png?fit=bounds&format=jpeg&quality=85&width=330,2026-05-09T18:06:41.810+09:00,"Kingさん
こんばんは☀️
怪しい人と思われないよう気を付けます🤣"
nc4f65a53f6336,nc01c20e50b5e,ee17e08838a2d1017fe4b3f4eb73a4e3,境界をまたぐ心理士【振り子】,rosy_snail1735,https://assets.st-note.com/production/uploads/images/253068092/profile_684215ad7eba3d124844155dff223a1b.jpg?fit=bounds&format=jpeg&quality=85&width=330,2026-05-09T19:17:57.934+09:00,"カウントダウンからの「では！」
待ってました笑🤣

残り30秒付近から尺を意識した話し方になってるのが
よりウケますね笑😂😂

駐車場代で赤字というオチまでカンペキです✨"
nc02b1b6afa39a,nc01c20e50b5e,ca17527cfe63f65cebf3883988786b79,donchan1962,donchan_13,https://assets.st-note.com/production/uploads/images/183217910/profile_a33ecb57f18c7bbea28e041c386d47a2.jpeg?fit=bounds&format=jpeg&quality=85&width=330,2026-05-09T13:36:56.899+09:00,"うまい棒、たくさん仕入れましたね！😇
しかし、曲が🎧若いな〜😇
いつも面白く読ませていただいています
"
nc97406faae3a1,nc01c20e50b5e,4d7884c1cad8153895dadb71ec1606cb,こーき｜心が少し軽くなる場所,i_am_151cm_boy,https://assets.st-note.com/production/uploads/images/236560109/profile_28f1fb163081001f12afa3f21b0dc40a.png?fit=bounds&format=jpeg&quality=85&width=330,2026-05-09T10:11:12.640+09:00,"Kingさん😆
例のうまい棒ですね🤣🤣笑笑

多才でこんなにも色んなことに取り組まれていて、どうやって回していらっしゃるんですか！？😳

シンプルに尊敬します！！🔥✨

いつもマガジンもありがとうございます😊✨"
nc17d77df3ccd3,nc01c20e50b5e,84c09a5d0de4713a8e626faf681d294f,ゆう | ほどく会話のことば　　　　　　　　,open_auklet771,https://assets.st-note.com/production/uploads/images/271907225/profile_58c0bb9f741f2f29e2c7eff5879e574a.png?fit=bounds&format=jpeg&quality=85&width=330,2026-05-09T06:13:43.813+09:00,"kingさん、おはようございます☺️
マガジンのご紹介ありがとうございます。
久しぶりにうまい棒食べたくなりました😊
"
nc9dfe514fb95f,nc01c20e50b5e,5792beedf51dea6547b4b3d298482ab4,丁寧な暮らし/生きやすさ探求家,gentle_gecko1078,https://assets.st-note.com/production/uploads/images/272850856/profile_5078d7016e37422cee3be424742ee433.png?fit=bounds&format=jpeg&quality=85&width=330,2026-05-09T02:09:35.878+09:00,"うまい棒より🅿️代…🤣
笑えました♡"
ncad90d4d48cdf,nc01c20e50b5e,84725422db8ddb286fb3a293c306aebf,開運シェルパ,hanamiti369,https://assets.st-note.com/production/uploads/images/255750674/profile_80ee0ac532bef7940f81afda8d8e8a77.png?fit=bounds&format=jpeg&quality=85&width=330,2026-05-08T23:21:18.269+09:00,"Kingさん、こんばんは！ スタエフ※4を、拝聴いたしました。
うまい棒の楽しいご報告に元気をいただきました🌟 
チップでちょうど30袋入り×3つを買えたというのが、なんともスケールが大きくて笑いました😆 
約束通りに買いに行かれたんですね。 
オチの部分も素敵でした。 
スタエフ※3も楽しみにしています。"
nc6b197e765f21,nc01c20e50b5e,ec431255eabe5d274d63708f857ab80f,Nari,nari_recreate,https://assets.st-note.com/production/uploads/images/243781865/profile_f06ebef58917bc8772364302aeb030af.png?fit=bounds&format=jpeg&quality=85&width=330,2026-05-08T22:46:53.655+09:00,"kingさん、こんばんは🌙

うまい棒美味しそうですね😌
僕はやさいサラダ味が好きです！

マガジン紹介していただきありがとうございます🌿
いつもマガジン追加して下さり、ありがとうございます🍀"
ncdbf06cb61ee3,nc01c20e50b5e,209f3701abc5bae89b6dd62898c7916a,コンパス みき,compass_m360,https://assets.st-note.com/production/uploads/images/253440713/profile_8b36220be6950ce90264f78d2b308c75.png?fit=bounds&format=jpeg&quality=85&width=330,2026-05-08T22:37:04.170+09:00,"Kingさん、こんばんは🌟

うまい棒美味しそう！コーンとチーズ味が好きです
誰も聞いてないけど。。。😆
マガジン紹介ありがとうございます☺️"
nc04e8f8f37ea6,nc01c20e50b5e,fdfcb42dbb3ca6a92977feeb331299bf,ヤマコヤーマン,yamayamako3,https://assets.st-note.com/production/uploads/images/264908732/profile_22f5b0d83f87ee87628a50db08f251bb.png?fit=bounds&format=jpeg&quality=85&width=330,2026-05-08T20:08:33.943+09:00,"Kingさん、いつもマガジン追加ありがとうございます！
私はめんたい味の濃い味が好きです。ご飯のおかずになります。"
nc6abedd57df06,nc01c20e50b5e,74cd934e88ed864ba6adb0802f2d1f0c,ブライト・ローズ,hip_zebra186,https://assets.st-note.com/production/uploads/images/267076429/profile_2f09fca5768f9df2cf002c6d98d7abf0.png?fit=bounds&format=jpeg&quality=85&width=330,2026-05-08T19:23:32.194+09:00,うまい棒の大袋って、なんで全部同じ味なんだろう　っていつも思ってる。アソートにしてくれれば買うのに。
nc21093d43578d,nc01c20e50b5e,b60c6006e6818a147458dad11e6bc89f,瀬海歩（せかいあゆむ）,sekaiayumu25,https://assets.st-note.com/production/uploads/images/251395522/profile_6cb1552f68e13741419dd072f35f914e.jpg?fit=bounds&format=jpeg&quality=85&width=330,2026-05-08T19:21:47.207+09:00,"Kingさん
こんばんは🌕
Kingさんはおっしゃったことを実行されますね。
有言実行の男でいらっしゃいますね。
うまい棒を本当に買うとは・・・。
そういうとこスキです^^　投げキッス❤"
nc9e4efd34c9ad,nc01c20e50b5e,e937b529062a4dff3c5cf7b79cc04cf6,たーゼ,sakuya_rainbow44,https://assets.st-note.com/production/uploads/images/267491936/profile_b274aede9a61c347dfc7d9213ffbeed9.jpg?fit=bounds&format=jpeg&quality=85&width=330,2026-05-08T19:07:26.063+09:00,"飯今日まだだから、うまい棒
欲すぃ〜🧑👼🍭✨✨

今日、ここで大事な事を発見した
😄🤫し〜✨✨"
nc4f8961b78b87,nc01c20e50b5e,13f03d3a1ec4a172a7084a791c8c4703,"あいさん💗Iカウンセリングルーム セラピスト／ 臨床心理士×公認心理師｜支援歴16年・2,000名超",joyful_zebra1701,https://assets.st-note.com/production/uploads/images/194103346/profile_5b2ee16c8d8db97758503974e4e6f9da.png?fit=bounds&format=jpeg&quality=85&width=330,2026-05-08T19:04:19.009+09:00,"Kingさん、いつもありがとうございます🥰
うまい棒美味しいですよね😍🫶
約束を守られているのがKingさんらしいですね✨"
ncd7255c8ead71,nc01c20e50b5e,dc157540cc91b85018fc2caf1ebe6e1d,空風マナミ　,sorakaze_works,https://assets.st-note.com/production/uploads/images/247072511/profile_f8c3cb6911c80de4c8b865ead1a349c6.png?fit=bounds&format=jpeg&quality=85&width=330,2026-05-08T18:30:06.095+09:00,"Kingさん、
病院
お疲れ様でした！"
nc0fa77d4afeec,nc01c20e50b5e,d935afcef3d45372668600a97b8eea46,天野 雫 ✿ 占い日記,proper_bonobo536,https://assets.st-note.com/production/uploads/images/252856370/profile_866f40df26780c146ef9459cf81a675c.png?fit=bounds&format=jpeg&quality=85&width=330,2026-05-08T18:08:53.751+09:00,"わぁ✨️うまい棒！
私サラミでお願いしま〜す🩷

駐車場代で赤字🤣
そこがKingさんの魅力ですね♬"
nc2b3d8a630785,nc01c20e50b5e,3cb4d81489d9115418a8861dcba7c631,えらん堂,dear_pansy6581,https://assets.st-note.com/production/uploads/images/242221069/profile_508d7605146c8d0a2207c10ec053fe6c.png?fit=bounds&format=jpeg&quality=85&width=330,2026-05-08T18:08:18.472+09:00,"Kingさん
こんばんは☀️コンポタありがとうございます✌️今日も安定のカウントダウン「では」ありがとうございます☘️メンシプのスキ押すなよ裏話、今日もお腹抱えました🤣"
nc1f94cc792b7a,nc01c20e50b5e,267a40f43eaf0581669d7ff131d06531,ぶっくん｜noteクリエイター ✕ レベル論 猫になりたいあなたへ 😺🐾 ,bu_kun,https://assets.st-note.com/production/uploads/images/136118870/profile_f275d2a66d2d86855671afdff8cbe506.png?fit=bounds&format=jpeg&quality=85&width=330,2026-05-08T18:06:59.306+09:00,"スレッズで、めっちゃうまい棒食れてるなって思ってたんですよ🤭

ここへの伏線か笑"
nc8cfc47efb45f,n145819a34ed7,ca17527cfe63f65cebf3883988786b79,donchan1962,donchan_13,https://assets.st-note.com/production/uploads/images/183217910/profile_a33ecb57f18c7bbea28e041c386d47a2.jpeg?fit=bounds&format=jpeg&quality=85&width=330,2026-05-08T13:51:46.700+09:00,"初恋の曲🎧が1番スキですね。
コングラおめでとうございます㊗️"
nc9d3485e781c4,n145819a34ed7,13f03d3a1ec4a172a7084a791c8c4703,"あいさん💗Iカウンセリングルーム セラピスト／ 臨床心理士×公認心理師｜支援歴16年・2,000名超",joyful_zebra1701,https://assets.st-note.com/production/uploads/images/194103346/profile_5b2ee16c8d8db97758503974e4e6f9da.png?fit=bounds&format=jpeg&quality=85&width=330,2026-05-08T12:28:46.849+09:00,"コングラとバッジ、おめでとうございます🎉✨
続編のスタエフも、作詞も、どんどん世界が広がっていますね。

「あいしてる
言えぬあなたに
月あかりがさす」

この言葉、静かで少し切なくて、とても印象に残りました🌙
Kingさんの中にある感性が、文章だけではなく音や歌詞としても形になっていく感じが素敵です。

そして、今回もマガジンをご紹介くださりありがとうございます🌿"
nc2c90b8076175,n145819a34ed7,ee17e08838a2d1017fe4b3f4eb73a4e3,境界をまたぐ心理士【振り子】,rosy_snail1735,https://assets.st-note.com/production/uploads/images/253068092/profile_684215ad7eba3d124844155dff223a1b.jpg?fit=bounds&format=jpeg&quality=85&width=330,2026-05-07T23:20:18.342+09:00,"何かもう「では！」が独り歩きしてますね笑😂
ホントにブームを作るのがお上手で笑🤣✨"
ncdde196fd722f,n145819a34ed7,209f3701abc5bae89b6dd62898c7916a,コンパス みき,compass_m360,https://assets.st-note.com/production/uploads/images/253440713/profile_8b36220be6950ce90264f78d2b308c75.png?fit=bounds&format=jpeg&quality=85&width=330,2026-05-07T21:36:13.817+09:00,"Kingさん、こんばんは🌟

コングラボードとバッジ獲得おめでとうございます🎊
スタエフKingさんの生声初めて聞きました☺️
新しい曲はあれ？素敵でした😄
ラッキーラッキー的ではなかったですね〜😆
また楽しみにしています！"
nc042423b9eb3c,n145819a34ed7,d29c2432624c1087ec7f89cc2f079dbe,美咲サヤ,crisp_gecko6337,https://assets.st-note.com/production/uploads/images/267718350/profile_d73fda1af8e66cc2c55152264f38ff50.png?fit=bounds&format=jpeg&quality=85&width=330,2026-05-07T19:34:39.827+09:00,"Kingさん、
コングラボードとバッジ獲得おめでとう御座います🎊"
nc2f85fe29fa5c,n145819a34ed7,84725422db8ddb286fb3a293c306aebf,開運シェルパ,hanamiti369,https://assets.st-note.com/production/uploads/images/255750674/profile_80ee0ac532bef7940f81afda8d8e8a77.png?fit=bounds&format=jpeg&quality=85&width=330,2026-05-07T19:28:09.587+09:00,"Kingさん、こんにちは！
コングラとバッジの獲得、おめでとうございます🎉 
スタエフの続編も拝聴しました。前回に続いてまた挑戦されたんですね。「やってみる」を実行されているところが素晴らしいと思います。
Sunoで作られた3曲も、それぞれ雰囲気が違っていて工夫されていますね。「ダークサイドではありません」のひと言が気になって聴いてみたら、確かに！という感じでした。「宇宙一で完璧なんだ」という歌詞は思わず笑顔になりました。
これからも、Kingさんのペースでの発信を楽しみにしています。"
nc89d4e7f5cca5,n145819a34ed7,a3bcc411a4c251239d492b2f079f5870,やも,yamo_note,https://assets.st-note.com/production/uploads/images/258648405/profile_ee869852783a5a9a11d34fd10d919f33.png?fit=bounds&format=jpeg&quality=85&width=330,2026-05-07T18:37:26.733+09:00,"Kingさん、コングラボード獲得、おめでとうございます㊗️🎊㊗️🎊㊗️🎊㊗️

スタエフもいい感じですね😆
やばいやばいやばいやばい、ではっ！🖐️"
nc1ede01e49e06,n145819a34ed7,e937b529062a4dff3c5cf7b79cc04cf6,たーゼ,sakuya_rainbow44,https://assets.st-note.com/production/uploads/images/267491936/profile_b274aede9a61c347dfc7d9213ffbeed9.jpg?fit=bounds&format=jpeg&quality=85&width=330,2026-05-07T18:37:10.436+09:00,"ヤバイね〜👍😆✨✨
これは…信者が集まる🤭🌸✨

スタエフも、曲もいい🩷✨✨
🧑👼🍭✨✨

質問…👼✋🌸

天使👼🍭✨や、たーゼ🧑🌸✨
は、最高👑〜のラッキーを持ってるけど

更にまだもっとミラクルラッキー💫✨
になるの？👼🌸✨🌸✨"
ncab1d68608af7,n145819a34ed7,d935afcef3d45372668600a97b8eea46,天野 雫 ✿ 占い日記,proper_bonobo536,https://assets.st-note.com/production/uploads/images/252856370/profile_866f40df26780c146ef9459cf81a675c.png?fit=bounds&format=jpeg&quality=85&width=330,2026-05-07T18:27:07.189+09:00,"スタエフから聞こうと思ったけど、見当たらなかったけど？？
たしかに面白いかも🤣

曲の方向性かわった？？
可愛くなっちゃってる😍"
ncb01f5aaa837d,n145819a34ed7,dc157540cc91b85018fc2caf1ebe6e1d,空風マナミ　,sorakaze_works,https://assets.st-note.com/production/uploads/images/247072511/profile_f8c3cb6911c80de4c8b865ead1a349c6.png?fit=bounds&format=jpeg&quality=85&width=330,2026-05-07T18:21:45.251+09:00,"Kingさん、いつもありがとうございます😊
三曲目はあのちゃんかと思いました！ドヤ顔Kingさん✨

では👋"
nc241e106eaef7,n145819a34ed7,3cb4d81489d9115418a8861dcba7c631,えらん堂,dear_pansy6581,https://assets.st-note.com/production/uploads/images/242221069/profile_508d7605146c8d0a2207c10ec053fe6c.png?fit=bounds&format=jpeg&quality=85&width=330,2026-05-07T18:14:37.619+09:00,"Kingさん
こんばんは☀️
今日も安定の「ではっ」ありがとうございます⤴️☘️"
nc5e42ef36dddf,n145819a34ed7,4d7884c1cad8153895dadb71ec1606cb,こーき｜心が少し軽くなる場所,i_am_151cm_boy,https://assets.st-note.com/production/uploads/images/236560109/profile_28f1fb163081001f12afa3f21b0dc40a.png?fit=bounds&format=jpeg&quality=85&width=330,2026-05-07T18:10:17.283+09:00,"Kingさん、こんにちは😊
オープニングの新しい曲もめちゃくちゃかっこいいですね😆🔥✨
スタエフいいですね🤣笑笑
最後の「では🙌」最高でした🤣笑笑"
nc0e018d01ad6e,n7d27101b9e5a,b60c6006e6818a147458dad11e6bc89f,瀬海歩（せかいあゆむ）,sekaiayumu25,https://assets.st-note.com/production/uploads/images/251395522/profile_6cb1552f68e13741419dd072f35f914e.jpg?fit=bounds&format=jpeg&quality=85&width=330,2026-05-07T17:56:07.558+09:00,"Kingさん

こんばんは🌕
マガジンを掲載してくださりありがとうございますm(__)m
団員さんのツッコミ厳しいですね(笑)
Kingさん、教え子さんから厳しい突っ込み来たらどうやってかわしてますか？
"
nc1d74120deba0,n7d27101b9e5a,290f76d99eb40b676ce764b1c2a200e3,Takanashi（たかなし）,takanashi_note01,https://assets.st-note.com/production/uploads/images/235786177/profile_d3248e02f9810e16a0daf3e4a02bee0b.png?fit=bounds&format=jpeg&quality=85&width=330,2026-05-07T15:55:50.427+09:00,"幸も不幸も、本人の受け止め方次第。
個人的に、そう感じております。

最近、色々と幸運なことが重なりました。
ですが、一般的には不幸とされるようなことも、いくつも起きております。

ですが、それを「不幸」とあまり、感じなくなっております。
むしろ「学び」や、「気づき」ととらえています。

自分の不注意や慢心を、神様がそっと教えてくれた。
そのような形で、今は考えております。

私は、双極性障害を抱えています。
そのため、今日できていることが、明日できるかどうかすら分かりません。
しっかり行動できているだけで、非常に「幸福」なのです。"
nccd3cdf77f71e,n7d27101b9e5a,b39624e9464ededa053a7cbf0de179ce,あな,ana_mama_english,https://assets.st-note.com/production/uploads/images/219621833/profile_8ef662d95d545fc74251b7700219beae.png?fit=bounds&format=jpeg&quality=85&width=330,2026-05-07T13:19:46.929+09:00,"Kingさん、こんにちは✨

マガジン追加とスキをいただき、ありがとうございます☺️

全部ラッキーの考え方、すてきです♡

いつもありがとうございます☺️
"
ncf57400be0ff7,n7d27101b9e5a,e9867f7c36b48df86ff6fa560d13681b,おあつ,keen_pipit1182,https://assets.st-note.com/production/uploads/images/254158349/profile_00843427f862ed671bb1484d4af1a752.png?fit=bounds&format=jpeg&quality=85&width=330,2026-05-07T12:56:09.079+09:00,"kingさん、こんにちは✨

いつもマガジンに紹介してくださりありがとうございます✨
なんでもラッキーの気持ちになりました😅"
nc4a74e6991a53,n7d27101b9e5a,b95263c6657241c37c06be8613990710,埼玉の裏仕事人,kiitto1968,https://assets.st-note.com/production/uploads/images/253657159/profile_e3d1ed5fc794d04266be9932b804beb4.png?fit=bounds&format=jpeg&quality=85&width=330,2026-05-07T09:54:34.336+09:00,ラッキー！まさにそうですなー。さすが団長ですな！よし！わしは今日もウッキーじゃ！
nc2dde3ed6f716,n7d27101b9e5a,7096c2d1f9f21973ee9d04ae4de4fabc,おにぎり＠構造翻訳家～正解より先に、まずは視界を取り戻す～,hotket_jp,https://assets.st-note.com/production/uploads/images/265265465/profile_7ac7501a97e36e7a2efe9f88515af612.png?fit=bounds&format=jpeg&quality=85&width=330,2026-05-07T00:22:18.051+09:00,"🍡🍙　
✌️✨
"
ncde122596092d,n7d27101b9e5a,e937b529062a4dff3c5cf7b79cc04cf6,たーゼ,sakuya_rainbow44,https://assets.st-note.com/production/uploads/images/267491936/profile_b274aede9a61c347dfc7d9213ffbeed9.jpg?fit=bounds&format=jpeg&quality=85&width=330,2026-05-06T23:00:27.023+09:00,"これは、ヤバ〜笑った🤭🌸✨

えーっと…それはですね…
困ったな…🤭🤭🌸✨　🎶👼🎶あはは

イェーイ👼🪽✌️🎶✨面白いね〜団長さん🩷✨

🧑🍭✨✨にゃはは🤗🌸✨✨

　　　　　　　　ありがと〜🐤🐣✨
"
nc170c8676f2d2,n7d27101b9e5a,ca17527cfe63f65cebf3883988786b79,donchan1962,donchan_13,https://assets.st-note.com/production/uploads/images/183217910/profile_a33ecb57f18c7bbea28e041c386d47a2.jpeg?fit=bounds&format=jpeg&quality=85&width=330,2026-05-06T21:36:21.891+09:00,"笑うな〜
ラッキー詐欺✌️
かなり、笑いましたよ🤭"
nc867ae9555f37,n7d27101b9e5a,18f911aa4dc5970806046eca506dd218,ＣＯＯＬ,vast_tulip7937,https://assets.st-note.com/production/uploads/images/271416481/profile_2ad0ca9caa57d9e15e2778f354874128.jpg?fit=bounds&format=jpeg&quality=85&width=330,2026-05-06T19:05:52.543+09:00,"Kingさん、こんにちは😊
この度はマガジンでご紹介いただきありがとうございました😭

なんとなくついてないなー、と思っていたのですが、考え方次第と見させていただき、気持ちが楽になりました。

また読ませていただきます。宜しくお願いします😊"
nc7dc4f853e94b,n7d27101b9e5a,dc157540cc91b85018fc2caf1ebe6e1d,空風マナミ　,sorakaze_works,https://assets.st-note.com/production/uploads/images/247072511/profile_f8c3cb6911c80de4c8b865ead1a349c6.png?fit=bounds&format=jpeg&quality=85&width=330,2026-05-06T18:43:07.974+09:00,"うん、運。ラッキーなものは、ラッキーとしますか✌️
Kingさんに、ラッキーを✨"
nc7e4b48e938a7,n7d27101b9e5a,13f03d3a1ec4a172a7084a791c8c4703,"あいさん💗Iカウンセリングルーム セラピスト／ 臨床心理士×公認心理師｜支援歴16年・2,000名超",joyful_zebra1701,https://assets.st-note.com/production/uploads/images/194103346/profile_5b2ee16c8d8db97758503974e4e6f9da.png?fit=bounds&format=jpeg&quality=85&width=330,2026-05-06T18:18:10.487+09:00,"Kingさん😊

マガジンのご紹介いつもありがとうございます🌿

ラッキー詐欺！？の展開、笑いながら読ませていただきました😆

つまずいても、転ばなかったからラッキー。
この解釈、なんだか本当に大事かもしれませんね✨

受け取り方が変わると、見える世界も少し変わる。

そして、いつもKingさんに紹介していただける私は、
やっぱりラッキーです✌️✨"
nca5ae9ffd1869,n7d27101b9e5a,d935afcef3d45372668600a97b8eea46,天野 雫 ✿ 占い日記,proper_bonobo536,https://assets.st-note.com/production/uploads/images/252856370/profile_866f40df26780c146ef9459cf81a675c.png?fit=bounds&format=jpeg&quality=85&width=330,2026-05-06T18:02:48.762+09:00,"やった〜！
一番スキ🩷
私もラッキーだよね😆"
ncc4f7bb3f4b62,n5018e022e9c3,f2a55d2f97f079ab0df510a2c19397fa,ぷっぷる,rich_moose3756,https://assets.st-note.com/production/uploads/images/247930453/profile_056c49f5bf7f07cdcc784fbf2ff720c7.png?fit=bounds&format=jpeg&quality=85&width=330,2026-05-11T12:36:25.595+09:00,"King さま

こんにちは

私は、白で☺️

気になるのは、曲よりも
Kingさまの「ヤバい女性論」
なんか、あったんでしょうね✨
(邪推する私☺️)

いつも細やかなご配慮
痛み入ります🍀感謝🍀😊

Kingさま
お疲れ様です
身体に気をつけて下さい🍀😊

ご返信お気遣い無しで！
(♥️ポチっで喜びます☺️)
また、参ります

Kingさま、良い1日を🍀

失礼しました🍀😊"
ncf1dcd9c87e4e,n5018e022e9c3,266d9698e161c9b4bc3cd84ab21d7c08,きみこのSoulルーム,kimimari2350,https://assets.st-note.com/production/uploads/images/208541487/profile_b8e04433295dbc046967147402b4f003.png?fit=bounds&format=jpeg&quality=85&width=330,2026-05-10T17:27:29.339+09:00,"Kingさん🌱

SUNOでたくさんの曲を作られてるんですね。

何曲かまとめて聞かせてもらいました〜♪

いつもマガジンにわたしの記事を迎えてくださりありがとうございます🥰

愛❤️感謝🍀"
nc2bd1cbcac202,n5018e022e9c3,a5319097784ef2b9b50aebf47b57c726,なないろ和waon音　-nanairowaon-,nanairo_waon,https://assets.st-note.com/production/uploads/images/243669305/profile_e50bb82af81ddb75abfde3e755aec580.jpg?fit=bounds&format=jpeg&quality=85&width=330,2026-05-09T21:42:17.540+09:00,"紅でお願いします😊
こちらも何だかﾜｸﾜｸしてまいりました✨
いつもありがとうございます❢"
nc299997fe5440,n5018e022e9c3,3ef2cace305cb5033c6b1d23b860f75f,nao46222,nao46222,https://assets.st-note.com/production/uploads/images/238899995/profile_cd80de4bd2c2f207f8be2ca8cfed6ea8.png?fit=bounds&format=jpeg&quality=85&width=330,2026-05-09T05:25:26.812+09:00,"フォロワー900名おめでとうございます🎉
紹介するなよ！絶対するなよ！……フリじゃないのは分かってます（笑）

大人の紅白、なかなかのラインナップですね。
Ava Maxのサイコパス女子、クセになりますよね。
ヤバい女に引っかかる男の心理を「適切に表現」という言葉でまとめるあたり、Kingさんの語彙力に笑いました。

白組か紅組か迷いましたが、サイコパス女子に軍配を上げて紅組に一票🙋
Kingさんのアカウント、BANされずに無事1000名達成されることを陰ながら祈っております🙏"
nc95de9ac18865,n5018e022e9c3,f324488b4b902c1a377b67eb843a0b18,姫子,brave_clam3798,https://d2l930y2yx77uc.cloudfront.net/assets/default/default_profile_1-9b784003abbac36db44620c7f48629787caea4d53ae4e4f1b710aed18e204e23.png,2026-05-06T20:21:37.618+09:00,紅組で。
nca0e533f08ec4,n5018e022e9c3,209f3701abc5bae89b6dd62898c7916a,コンパス みき,compass_m360,https://assets.st-note.com/production/uploads/images/253440713/profile_8b36220be6950ce90264f78d2b308c75.png?fit=bounds&format=jpeg&quality=85&width=330,2026-05-06T20:06:42.253+09:00,"Kingさん🥰 フォロワー９００名おめでとうございます🎉

わーい何が始まったのか楽しそう！
ってことで、紅組です＼(^o^)／

いつもマガジン追加ありがとうございます❤️"
nc00eea8d2332d,n5018e022e9c3,f2a55d2f97f079ab0df510a2c19397fa,ぷっぷる,rich_moose3756,https://assets.st-note.com/production/uploads/images/247930453/profile_056c49f5bf7f07cdcc784fbf2ff720c7.png?fit=bounds&format=jpeg&quality=85&width=330,2026-05-06T20:01:19.971+09:00,"Kingさま

フォロワー様  900名さま
おめでとうございます✨

666企画が懐かしい…
最速でございますね✨

今後、益々のご活躍
期待しております☺️

過去作品までマガジンに
掲載のご支援を頂き、
感謝しています🍀

ありがとうございます✨

お礼に投票を…

あら、18禁！！
私、童話を取り扱ってるので、
イメージを守りたい(笑)😃
後で、コッソリ投票
致しますね☺️！！

それでは、
お体に気をつけて🍀

返信ご無用です☺️
ゆっくりなさって
くださいね！
(お気持ちは♥️で)

失礼しました🍀😊



"
nc6b87bdf50320,n5018e022e9c3,aa396818ce9b68951cae09c5b738014e,Torori（とろり）🌱 毒親育ちへ「心穏やかな恋」を届ける人【フォロバ100】,torori_20260101,https://assets.st-note.com/production/uploads/images/242495675/profile_d6bfee66de6dbec64ca70c2649f987aa.png?fit=bounds&format=jpeg&quality=85&width=330,2026-05-06T14:47:38.547+09:00,"一体何が書いてあるのかと思いきや・・

最後は、完全にダチョウ俱楽部で笑いました(*^^*)✨️

紅組に一票です🌱

追伸：

マガジンへの記事追加、ありがとうございます✨️

すごく嬉しいです＼(^o^)／"
ncdc49c5b3a054,n5018e022e9c3,fdfcb42dbb3ca6a92977feeb331299bf,ヤマコヤーマン,yamayamako3,https://assets.st-note.com/production/uploads/images/264908732/profile_22f5b0d83f87ee87628a50db08f251bb.png?fit=bounds&format=jpeg&quality=85&width=330,2026-05-06T13:50:44.284+09:00,"人糞、マガジン追加ありがとうございます！恐縮です！
紅組に1票です！リアーナかっこよ"
nc0b0ad01310e5,n5018e022e9c3,501075b33bc8fff4716e8e39cb47e74a,りんごあめ,aogunjyou_205,https://assets.st-note.com/production/uploads/images/244320088/profile_b53bcb9297c65530f6e56ea129a55d08.jpeg?fit=bounds&format=jpeg&quality=85&width=330,2026-05-06T13:24:49.665+09:00,"Kingさん　フォロワー900人おめでとうございます🎉🥂✨
いつもマガジンへ掲載いただきありがとうございます🙂‍↕️✨
感謝をしています🌹"
ncd9977fa48be9,n5018e022e9c3,84c09a5d0de4713a8e626faf681d294f,ゆう | ほどく会話のことば　　　　　　　　,open_auklet771,https://assets.st-note.com/production/uploads/images/271907225/profile_58c0bb9f741f2f29e2c7eff5879e574a.png?fit=bounds&format=jpeg&quality=85&width=330,2026-05-06T12:25:14.473+09:00,"kingさん、こんにちは
フォロワー900名おめでとうございます🎉
楽しい企画ですね✨
これからもよろしくお願いします☺️
"
nc3c437942371c,n5018e022e9c3,5792beedf51dea6547b4b3d298482ab4,丁寧な暮らし/生きやすさ探求家,gentle_gecko1078,https://assets.st-note.com/production/uploads/images/272850856/profile_5078d7016e37422cee3be424742ee433.png?fit=bounds&format=jpeg&quality=85&width=330,2026-05-06T09:08:20.767+09:00,"ヤツが来ました🤭

タモリ倶楽部とダチョウ倶楽部で忙しい🤣えっとーぉ、紅組!!

って真面目に答えるヤツじゃないみたいですね…😂"
ncda3b169ae265,n5018e022e9c3,4d7884c1cad8153895dadb71ec1606cb,こーき｜心が少し軽くなる場所,i_am_151cm_boy,https://assets.st-note.com/production/uploads/images/236560109/profile_28f1fb163081001f12afa3f21b0dc40a.png?fit=bounds&format=jpeg&quality=85&width=330,2026-05-05T22:29:17.046+09:00,"Kingさん、900名おめでとうございます😊🎉✨
絶妙なラインを見計らいながらさらに攻めていこうとする姿勢がすごいです🤣笑"
nc7af68ac216dc,n5018e022e9c3,47ac127ec0bbe6902b9f372fd944ebf8,和田雄三｜AI×心理ブランディングデザイナー,glad_dill2129,https://assets.st-note.com/production/uploads/images/265848866/profile_b0e386a458b5c21f7f00921837c9ffad.png?fit=bounds&format=jpeg&quality=85&width=330,2026-05-05T20:47:16.006+09:00,"ヤバいやつかと思ったら普通に楽しめました😅
このライン攻めてる感じいいですね👍"
nc0ac0eed29539,n5018e022e9c3,3ef2cace305cb5033c6b1d23b860f75f,nao46222,nao46222,https://assets.st-note.com/production/uploads/images/238899995/profile_cd80de4bd2c2f207f8be2ca8cfed6ea8.png?fit=bounds&format=jpeg&quality=85&width=330,2026-05-05T20:23:20.008+09:00,"紹介するなよ、絶対するなよ……のくだり、完全にダチョウ倶楽部でしたね。^_^
紅組か白組か、真剣に悩みました。
ヤバい女に引っかかる男性側の心理、というのがリアルすぎて。😀
フォロワー1000人達成、楽しみにしています！
応援しています🙂"
ncb2a6f9ce85c1,n5018e022e9c3,b95263c6657241c37c06be8613990710,埼玉の裏仕事人,kiitto1968,https://assets.st-note.com/production/uploads/images/253657159/profile_e3d1ed5fc794d04266be9932b804beb4.png?fit=bounds&format=jpeg&quality=85&width=330,2026-05-05T20:14:23.540+09:00,うーん。コメントに悩む…。Note始めてから知らなかった世界がどんどん開いていく…。
nc4c459a6aed0d,n5018e022e9c3,e937b529062a4dff3c5cf7b79cc04cf6,たーゼ,sakuya_rainbow44,https://assets.st-note.com/production/uploads/images/267491936/profile_b274aede9a61c347dfc7d9213ffbeed9.jpg?fit=bounds&format=jpeg&quality=85&width=330,2026-05-05T18:48:53.251+09:00,"にゃにぃ〜😸🌸✨✨
しんじゃ…失礼💦ファン🩷✨が、９００

名越えてる〜すげーミラクル教団✨✨
バンザイ〜🌈🙌👼💫🌈🎶✨✨

１人目隠しにて来ています👼✌️🩷🩷✨
マガジンに追加していいのか、悪いのか

分からないから、とりあえずスキ🩷✨
入れます🩷✨ヤバイ女も🩷👈🌸✨

🧑🍭✨👼🍭🪽✨🎶✨🎶✨🤭🌸✨"
nc8e5498778138,n5018e022e9c3,d935afcef3d45372668600a97b8eea46,天野 雫 ✿ 占い日記,proper_bonobo536,https://assets.st-note.com/production/uploads/images/252856370/profile_866f40df26780c146ef9459cf81a675c.png?fit=bounds&format=jpeg&quality=85&width=330,2026-05-05T18:44:29.771+09:00,"色々とおめでとうございます🎉

曲、歌詞とは裏腹に楽しそうなメロディーで、逆にスキかも🤣"
ncdde5f760ffff,n5018e022e9c3,bd6881b17845a554ea791e5557b79b7a,さんみ～＠ヤングケアラー２５年,bobusanmi1224,https://assets.st-note.com/production/uploads/images/4620903/profile_89e247ec25f892b6133264485871d760.png?fit=bounds&format=jpeg&quality=85&width=330,2026-05-05T18:11:33.228+09:00,フォロワー９００名おめでとうございます！
ncffc1ef7ce8d0,n5018e022e9c3,267a40f43eaf0581669d7ff131d06531,ぶっくん｜noteクリエイター ✕ レベル論 猫になりたいあなたへ 😺🐾 ,bu_kun,https://assets.st-note.com/production/uploads/images/136118870/profile_f275d2a66d2d86855671afdff8cbe506.png?fit=bounds&format=jpeg&quality=85&width=330,2026-05-05T18:10:16.973+09:00,"ウーｳｰ🚓

異常なし！！

👮これからも続けたまえ！！

🤭ﾌﾌﾌ

"
nc98b1943d729a,n1e459951b633,84725422db8ddb286fb3a293c306aebf,開運シェルパ,hanamiti369,https://assets.st-note.com/production/uploads/images/255750674/profile_80ee0ac532bef7940f81afda8d8e8a77.png?fit=bounds&format=jpeg&quality=85&width=330,2026-05-07T19:33:07.289+09:00,"Kingさん、こんにちは！
スタエフ※1を拝聴しました。「収録で緊張したので陰キャっぽい」と謙遜なさっていましたが、親しみやすくて、初回として素敵だと思いました。
コングラ獲得もおめでとうございます🎉 多くの方に響いた証拠だと思いますし、それだけ待ち望んでいた方がいたということですよね。
今後どんな展開になっていくのか、楽しみにしています。"
nc7a6ea2c28b4d,n1e459951b633,76105d049b8004561f30c282997a210a,木漏れ日亭,komorebi_tei,https://assets.st-note.com/production/uploads/images/243808069/profile_e9f0f6302bae0bf817c342f12a36db33.jpeg?fit=bounds&format=jpeg&quality=85&width=330,2026-05-07T13:02:22.458+09:00,"こんにちは！
Kingさん、声しぶじゃないですか♪
なんか人間味感じられてほっこりしました(*´ω｀*)♪

ぼくも記事内で１回だけ地声入れたことありますが、スタエフってどうなんでしょ、
やりやすいですか？
ま、まあぼくの声なんて聴こうと思う人少ないだろうからやりませんが。
やりませんよ？
|дﾟ)？"
nc962a54f54f52,n1e459951b633,8198c12eb644de20add82fb7c699c1fb,🌿風の猫｜ココロリーフの物語,novel_borage1334,https://assets.st-note.com/production/uploads/images/197291914/profile_c75b122fa98092d4eee4b73b093e9d3e.png?fit=bounds&format=jpeg&quality=85&width=330,2026-05-06T08:30:43.741+09:00,"Kingさん、おはようございます☺️

マガジンに追加していただき、ありがとうございます🌿

投稿やマガジンの動きから、
noteをとても楽しみながら使われている空気が伝わってきて、読んでいてこちらまでワクワクしました✨

スタエフもされているんですね😳
言葉だけじゃない広がり方も素敵だなと感じました。

ご縁に感謝です☺️"
ncd2b5a5e765a5,n1e459951b633,c2ec43b18447ef56d3def92e0343079c,プチクラゲ,like_rose7933,https://assets.st-note.com/production/uploads/images/268614169/profile_a50cb882b719cea4c1e37c1e4ab5ed30.jpg?fit=bounds&format=jpeg&quality=85&width=330,2026-05-05T22:54:47.301+09:00,"コングラボードおめでとうございます🎊
スタエフ聞きました😄
じつは、よく知らなくて、結構他のクリエイターさんの記事の中でも「スタエフ」ワードがあっても、🤔何？って感じ。
コレかっ！
新たな出会いでした🤭"
nc2aed6aded541,n1e459951b633,588d449ae77c0f385f2c047bd4b1cb61,こーじ｜幸せ講演家,koiji130,https://assets.st-note.com/production/uploads/images/242122961/profile_11440e2804151e7f4069771e31fab98c.png?fit=bounds&format=jpeg&quality=85&width=330,2026-05-05T18:15:58.002+09:00,"kingさん🍀
スタエフ始められたのですね😁
一緒に楽しみましょうね😘"
nc42691bb7c4da,n1e459951b633,501075b33bc8fff4716e8e39cb47e74a,りんごあめ,aogunjyou_205,https://assets.st-note.com/production/uploads/images/244320088/profile_b53bcb9297c65530f6e56ea129a55d08.jpeg?fit=bounds&format=jpeg&quality=85&width=330,2026-05-05T17:23:04.441+09:00,"Kingさん　こんにちは
素敵なマガジンへの掲載をありがとうございます🌷
またコングラボードおめでとうございます🥂✨
これからもご活躍を応援しています。"
nca339138d480b,n1e459951b633,44c5d255e96183b8c878f3e6df23dcf4,ねる,neru3366,https://assets.st-note.com/production/uploads/images/265683136/profile_d0d7e15b85a1e014bfad34f37966e61f.png?fit=bounds&format=jpeg&quality=85&width=330,2026-05-05T11:21:25.120+09:00,"Kingさん～コングラとスタエフデビュ～おめでとうございます🎉✨😆✨🎊
ラッキーのお歌にのせて素敵なお声を聴くことができて嬉しいです✨😃🎵

昨日の記事もとても良きよきです～🤭❣️

これからも楽しみにしていますね🥰

いつもスキとマガジンに載せてくださり本当にありがとうございます🙌🍀🐱ﾆｬｯ🐾"
nccffcaf322fd5,n1e459951b633,b95263c6657241c37c06be8613990710,埼玉の裏仕事人,kiitto1968,https://assets.st-note.com/production/uploads/images/253657159/profile_e3d1ed5fc794d04266be9932b804beb4.png?fit=bounds&format=jpeg&quality=85&width=330,2026-05-05T07:41:26.542+09:00,Kingさんすごいですなー！スタエフでお声を聞いてしまいましたょ！いろいろと創作？の裏話も聞けて嬉しゅう思いました。
nc555d2a53ff27,n1e459951b633,6b44bc1730f4ed7ad127968e08eb088a,カケルン@HSP フォロバ100,yamaxkake,https://assets.st-note.com/production/uploads/images/272298552/profile_d42fe3f9b5794ccd32d4db77db4c15dc.png?fit=bounds&format=jpeg&quality=85&width=330,2026-05-05T07:13:17.671+09:00,"Kingさん、コングラボード獲得おめでとうございます😊

詩とコミュニケーション、どちらもポピュラーな部門での獲得、素晴らしいですね👏✨

スタエフも収録お疲れさまでした。
緊張されたとのことですが、こうして新しい形で発信されているのも素敵だと思います。

マガジン掲載のご紹介もありがとうございます。
今後ともよろしくお願いいたします🍀⋆゜"
nce0058a9437ac,n1e459951b633,7096c2d1f9f21973ee9d04ae4de4fabc,おにぎり＠構造翻訳家～正解より先に、まずは視界を取り戻す～,hotket_jp,https://assets.st-note.com/production/uploads/images/265265465/profile_7ac7501a97e36e7a2efe9f88515af612.png?fit=bounds&format=jpeg&quality=85&width=330,2026-05-05T01:59:19.680+09:00,"コングラボード
スタエフデビュー　おめでとうございます🎊🎉㊗️🍾🎈

いつも本当にどうもありがとうございます
元気ない時は🍙🍡🍵召がってください

これからもご活躍お祈りいたします✨
"
nce64bf947ed3a,n1e459951b633,e937b529062a4dff3c5cf7b79cc04cf6,たーゼ,sakuya_rainbow44,https://assets.st-note.com/production/uploads/images/267491936/profile_b274aede9a61c347dfc7d9213ffbeed9.jpg?fit=bounds&format=jpeg&quality=85&width=330,2026-05-04T22:31:48.565+09:00,"Kingたん、凄い！😲🌸✨🌸✨
尊敬する✨✨

こう言うの、やってる人は、
たーからしたら偉い👑✨👏✨

声は、正直、人間っぽかった🤭🌸✨
ミラクル宇宙人👽🛸✨では、

なさそうね〜👰🌸✨🌸✨✨
益々、これからが楽しみです🙌🎶✨

ありがと〜🧑👼🍭✨🌈🌈✨✨
"
nc8ce6e843f947,n1e459951b633,13f03d3a1ec4a172a7084a791c8c4703,"あいさん💗Iカウンセリングルーム セラピスト／ 臨床心理士×公認心理師｜支援歴16年・2,000名超",joyful_zebra1701,https://assets.st-note.com/production/uploads/images/194103346/profile_5b2ee16c8d8db97758503974e4e6f9da.png?fit=bounds&format=jpeg&quality=85&width=330,2026-05-04T22:07:05.068+09:00,"コングラボード、おめでとうございます✨
日々の発信の積み重ねが形になっていますね🥰💗

そして、マガジンのご紹介もありがとうございます😌
ご縁に感謝するマガジン🌿も載せていただけて、とても嬉しいです。

スタエフもいよいよ始動ですね✨
緊張されたとのことですが、声で届けるKingさんの世界もまた違った魅力がありです😊

チップエリアのミラクルラッキー教団ネタも、ちょっと気になります😆"
nc0c1ab10b7aaa,n1e459951b633,1fa991e36b58d8e95e3af4a9385bff68,さみ,sa_mi0607,https://assets.st-note.com/production/uploads/images/270114176/profile_0b08f44532cc428a0ce179681ac05951.png?fit=bounds&format=jpeg&quality=85&width=330,2026-05-04T22:04:03.113+09:00,"Kingさん🍀

スタエフ🎤デビュー🎤🎶
おめでとうございます😊🌸

声がダンディ笑笑👍️

あー。とか、えー。とか言っちゃいますよね笑

またの配信楽しみにしています😊🍊"
nc7e369fc9366c,n1e459951b633,0af9b366e7056bb35316462e699e0daa,じゅんのすけ,juicy_lynx3773,https://assets.st-note.com/production/uploads/images/264606998/profile_3edebb8ec7da186bb321afc081d561b0.png?fit=bounds&format=jpeg&quality=85&width=330,2026-05-04T21:19:23.261+09:00,"Kingさん、スタエフデビューおめでとうございます👏✨
声がイメージと違いすぎて思わず笑っちゃいました🤣笑
でも、ぼくはめっちゃ好きです🤭
次回も楽しみにしてます！！！"
nc4cc05b1967b4,n1e459951b633,ee17e08838a2d1017fe4b3f4eb73a4e3,境界をまたぐ心理士【振り子】,rosy_snail1735,https://assets.st-note.com/production/uploads/images/253068092/profile_684215ad7eba3d124844155dff223a1b.jpg?fit=bounds&format=jpeg&quality=85&width=330,2026-05-04T21:10:12.406+09:00,"こんばんは♪

スタエフフォローありがとうございました(^^
と言っても何も発信していませんが笑

スキ押すなよ企画は疲れてたんですね🤣✨

今後も楽しみにしています♪
"
nc4ba66868d2b1,n1e459951b633,ca17527cfe63f65cebf3883988786b79,donchan1962,donchan_13,https://assets.st-note.com/production/uploads/images/183217910/profile_a33ecb57f18c7bbea28e041c386d47a2.jpeg?fit=bounds&format=jpeg&quality=85&width=330,2026-05-04T20:25:44.015+09:00,"こんばんは🌇
恐縮です。この場をお借りして、コメント失礼します
記事、マガジンへの追加ありがとうございます
感謝の意を申し上げます"
nc55934e706f04,n1e459951b633,ca17527cfe63f65cebf3883988786b79,donchan1962,donchan_13,https://assets.st-note.com/production/uploads/images/183217910/profile_a33ecb57f18c7bbea28e041c386d47a2.jpeg?fit=bounds&format=jpeg&quality=85&width=330,2026-05-04T19:26:37.969+09:00,"曲🎧が若々しいですね！
超えも、初めて聴きました。
ホンマ？
noteが1番やな🤭"
ncd0235d1da6f8,n1e459951b633,4d7884c1cad8153895dadb71ec1606cb,こーき｜心が少し軽くなる場所,i_am_151cm_boy,https://assets.st-note.com/production/uploads/images/236560109/profile_28f1fb163081001f12afa3f21b0dc40a.png?fit=bounds&format=jpeg&quality=85&width=330,2026-05-04T18:44:45.667+09:00,"Kingさん😊
スタエフデビューおめでとうございます！！🎉✨
お声をお聞きしてもイメージ通り頭が良さそうで流石だな〜と思いました😆✨
オープニングの曲もこれまでの楽曲と雰囲気変わっていい感じですね🤩✨
第二話楽しみにしております！！🔥✨"
ncbdce30fa1f74,n1e459951b633,47ac127ec0bbe6902b9f372fd944ebf8,和田雄三｜AI×心理ブランディングデザイナー,glad_dill2129,https://assets.st-note.com/production/uploads/images/265848866/profile_b0e386a458b5c21f7f00921837c9ffad.png?fit=bounds&format=jpeg&quality=85&width=330,2026-05-04T18:39:05.314+09:00,"スタエフいいですね👍
暗いのは苦手です😅
楽しくやっていきましょう😊"
nca9bd0c93ba5d,n1e459951b633,d935afcef3d45372668600a97b8eea46,天野 雫 ✿ 占い日記,proper_bonobo536,https://assets.st-note.com/production/uploads/images/252856370/profile_866f40df26780c146ef9459cf81a675c.png?fit=bounds&format=jpeg&quality=85&width=330,2026-05-04T18:25:46.504+09:00,"スタエフデビューおめでとうございます🎉

昨日の反応悪かったのか😂
私は面白かったけどね〜🤣🤣🤣"
nc09c930e16f81,n1e459951b633,a3bcc411a4c251239d492b2f079f5870,やも,yamo_note,https://assets.st-note.com/production/uploads/images/258648405/profile_ee869852783a5a9a11d34fd10d919f33.png?fit=bounds&format=jpeg&quality=85&width=330,2026-05-04T18:19:11.956+09:00,"King さん、こんにちは😊
声が、マジ、王様でした😆

文字で拝見するのと、耳で拝聴するのとで、こんなに印象が違うんだなと、びっくりしました！
親近感がより湧きますね☺️

あーね！（ミルクボーイ風）今、マガジン登録頂きの通知いただきましたね！
いつも、ありがとうございます😊"
nc4173c0c507d5,n713f83440209,76105d049b8004561f30c282997a210a,木漏れ日亭,komorebi_tei,https://assets.st-note.com/production/uploads/images/243808069/profile_e9f0f6302bae0bf817c342f12a36db33.jpeg?fit=bounds&format=jpeg&quality=85&width=330,2026-05-22T18:06:55.830+09:00,"連続して聴いたら圧巻！
圧巻だけに熱燗🍶ﾄﾞｿﾞ♪"
nc621342873bbe,n713f83440209,c2ec43b18447ef56d3def92e0343079c,プチクラゲ,like_rose7933,https://assets.st-note.com/production/uploads/images/268614169/profile_a50cb882b719cea4c1e37c1e4ab5ed30.jpg?fit=bounds&format=jpeg&quality=85&width=330,2026-05-06T07:23:43.742+09:00,"Kingさん
いつもありがとうございます😊

朝一番にドギツイ曲を聴いてしまったのだぁ😄"
nc3e826d2483de,n713f83440209,209f3701abc5bae89b6dd62898c7916a,コンパス みき,compass_m360,https://assets.st-note.com/production/uploads/images/253440713/profile_8b36220be6950ce90264f78d2b308c75.png?fit=bounds&format=jpeg&quality=85&width=330,2026-05-04T12:16:04.214+09:00,"Kingさん、こんにちは♪

すごい😍また曲が増えてる🫢
個人的には、回収と就任団長へが
好きです✨
ラッキーラッキーが耳に残ります❣️
素敵な曲ありがとうございました♪
また楽しみにしてます😊

マガジン紹介ありがとうございました♪"
ncbe371b3dde81,n713f83440209,4d7884c1cad8153895dadb71ec1606cb,こーき｜心が少し軽くなる場所,i_am_151cm_boy,https://assets.st-note.com/production/uploads/images/236560109/profile_28f1fb163081001f12afa3f21b0dc40a.png?fit=bounds&format=jpeg&quality=85&width=330,2026-05-04T11:47:04.474+09:00,"Kingさん😆😆😆✨
また凄い作品を沢山！！🙌✨
団長就任かっこよかったです！！☺️🔥✨
格闘家の入場曲みたいな雰囲気を感じました！！🔥✨"
nc4e88079d8ea7,n713f83440209,b95263c6657241c37c06be8613990710,埼玉の裏仕事人,kiitto1968,https://assets.st-note.com/production/uploads/images/253657159/profile_e3d1ed5fc794d04266be9932b804beb4.png?fit=bounds&format=jpeg&quality=85&width=330,2026-05-04T05:53:07.554+09:00,団長もすごいですなー。いまはまだ皆就寝中ゆえあとで大音量で聞いてみます！
ncc0d09e1fa592,n713f83440209,e937b529062a4dff3c5cf7b79cc04cf6,たーゼ,sakuya_rainbow44,https://assets.st-note.com/production/uploads/images/267491936/profile_b274aede9a61c347dfc7d9213ffbeed9.jpg?fit=bounds&format=jpeg&quality=85&width=330,2026-05-03T22:21:59.833+09:00,"どんちゃん🌸✨が来るぞー！✨
あいちゃん🩷✨みっけ！🌸🙌🌸🎶✨

Kingたん🌸✨もみ〜っけ！🧑👼⚔️🛡️🎶✨

逃げろ〜🐤💦💦✨✨"
ncba638fdb9100,n713f83440209,ca17527cfe63f65cebf3883988786b79,donchan1962,donchan_13,https://assets.st-note.com/production/uploads/images/183217910/profile_a33ecb57f18c7bbea28e041c386d47a2.jpeg?fit=bounds&format=jpeg&quality=85&width=330,2026-05-03T19:32:22.811+09:00,"勢いがある曲ですね！
奴が来るぞ〜！"
ncf1a6b361d42b,n713f83440209,cec4c608f21d7aa722cfc12802c896bf,MOON｜違和感の記録,dandy_sedum8677,https://assets.st-note.com/production/uploads/images/271470614/profile_112e71abeaceddb2ab033b49d5f56568.png?fit=bounds&format=jpeg&quality=85&width=330,2026-05-03T19:14:45.118+09:00,"kingさん

全部カッコいい曲だったのですが、最初の2曲の「ヤツ」にはどうしても笑ってしまいました。

どれも良かったですが、やっぱり最後のパンクが最高でした。

選曲の流れも含めて、とても楽しく読ませていただきました。"
nc53e1fd85e082,n713f83440209,13f03d3a1ec4a172a7084a791c8c4703,"あいさん💗Iカウンセリングルーム セラピスト／ 臨床心理士×公認心理師｜支援歴16年・2,000名超",joyful_zebra1701,https://assets.st-note.com/production/uploads/images/194103346/profile_5b2ee16c8d8db97758503974e4e6f9da.png?fit=bounds&format=jpeg&quality=85&width=330,2026-05-03T19:11:16.420+09:00,"Kingさん、こんにちは🌿

マガジンご紹介いただき、ありがとうございます😊

今回の記事、いつもと少し雰囲気が違っていて、とても印象的でした。

歌や、サムネイルもいつもの雰囲気とはまた違っていて、
Kingさんの世界観がさらに広がっている感じがしました✨

ダークなロック調の中にも、裏設定としての物語性があって、
山に籠って、また降りてくる流れには、再生や回復のようなものも感じました🌿

こういう表現の広げ方も素敵ですね。
楽しませていただきました😊"
nc9b0e99912c98,n713f83440209,d935afcef3d45372668600a97b8eea46,天野 雫 ✿ 占い日記,proper_bonobo536,https://assets.st-note.com/production/uploads/images/252856370/profile_866f40df26780c146ef9459cf81a675c.png?fit=bounds&format=jpeg&quality=85&width=330,2026-05-03T18:16:42.055+09:00,"一番スキだったはずなのに💦

団長就任までの道のりに、こんなにも壮大なドラマがあったなんて🤣🤣🤣
侮れませんね😂"
nc4eca20c32d1c,n713f83440209,dc157540cc91b85018fc2caf1ebe6e1d,空風マナミ　,sorakaze_works,https://assets.st-note.com/production/uploads/images/247072511/profile_f8c3cb6911c80de4c8b865ead1a349c6.png?fit=bounds&format=jpeg&quality=85&width=330,2026-05-03T18:13:23.972+09:00,"Kingさん、一曲目からの振り切りに焦りました🤭
SUNOハマると抜けられなくなりますよね🎶"
ncf2e1d29a3178,n713f83440209,ee17e08838a2d1017fe4b3f4eb73a4e3,境界をまたぐ心理士【振り子】,rosy_snail1735,https://assets.st-note.com/production/uploads/images/253068092/profile_684215ad7eba3d124844155dff223a1b.jpg?fit=bounds&format=jpeg&quality=85&width=330,2026-05-03T18:11:16.064+09:00,"一曲でもあんなに大変だったのに、
追加で３曲も！

これで今日一日使ったのでは🤣✨

相変わらず刺さる人には刺さる曲ですね笑"
nc458b70762bbe,nf2dd780a7a3c,e355348d21e31765b79ec980aaf23046,MISUZ.,lofty_knot8493,https://assets.st-note.com/production/uploads/images/268080824/profile_3b66aceb1ff4a038466e804a59742438.jpeg?fit=bounds&format=jpeg&quality=85&width=330,2026-05-09T23:40:24.266+09:00,"こんばんは✨
寝る前に聞いてしまった😰
なんか、出そうです
"
nc5b44d2df8a52,nf2dd780a7a3c,ee17e08838a2d1017fe4b3f4eb73a4e3,境界をまたぐ心理士【振り子】,rosy_snail1735,https://assets.st-note.com/production/uploads/images/253068092/profile_684215ad7eba3d124844155dff223a1b.jpg?fit=bounds&format=jpeg&quality=85&width=330,2026-05-03T19:12:35.607+09:00,"どうやったら｢アドホック｣って単語と｢お茶濁し｣がくっつくんでしょう😆笑

スタエフは先日アカウント作ったばかりなので、もしやる場合は教えてください♪
フォローしにいきます笑"
nc481d099505ba,nf2dd780a7a3c,209f3701abc5bae89b6dd62898c7916a,コンパス みき,compass_m360,https://assets.st-note.com/production/uploads/images/253440713/profile_8b36220be6950ce90264f78d2b308c75.png?fit=bounds&format=jpeg&quality=85&width=330,2026-05-03T17:58:24.044+09:00,"Kingさん、こんにちは♪

曲聴きながら書いてます☺️
奴がくる！ちょっと笑ってしまいました。
この声を作れるところがすごいなって思いました🌟
楽しませて頂きました、ありがとうございます❤️"
nc300ce0d1053e,nf2dd780a7a3c,501075b33bc8fff4716e8e39cb47e74a,りんごあめ,aogunjyou_205,https://assets.st-note.com/production/uploads/images/244320088/profile_b53bcb9297c65530f6e56ea129a55d08.jpeg?fit=bounds&format=jpeg&quality=85&width=330,2026-05-03T17:42:01.157+09:00,"Kingさん　いつも素敵なマガジンは掲載していただきありがとうございます。
曲を聴かせていただきました。
迫力のある歌声と歌詞に圧倒されました。
ありがとうございました🍀"
nc1c9b274626cf,nf2dd780a7a3c,b39624e9464ededa053a7cbf0de179ce,あな,ana_mama_english,https://assets.st-note.com/production/uploads/images/219621833/profile_8ef662d95d545fc74251b7700219beae.png?fit=bounds&format=jpeg&quality=85&width=330,2026-05-03T12:30:47.477+09:00,"Kingさん、こんにちは♪

Sunoの曲、聴かせていただきました🎼 すごい迫力があって引き込まれました✨
いろいろなことに挑戦されていて、 すてきですね☺️
元気をもらいました✨

これからも記事を楽しみにしています。 いつもありがとうございます☺️
"
nc997e3c208b27,nf2dd780a7a3c,0d22047234ed0dc93bae8e97bd14a999,西川晋之介,nisikawa1979,https://assets.st-note.com/production/uploads/images/262519861/profile_8919eb9595b4b0bfa7b97e3d77b74b86.jpg?fit=bounds&format=jpeg&quality=85&width=330,2026-05-03T07:35:17.157+09:00,"おはようございます。
曲聴かせて頂きました。
朝から元気が出ました^_^
ありがとうございます！"
nca5d627a17763,nf2dd780a7a3c,76105d049b8004561f30c282997a210a,木漏れ日亭,komorebi_tei,https://assets.st-note.com/production/uploads/images/243808069/profile_e9f0f6302bae0bf817c342f12a36db33.jpeg?fit=bounds&format=jpeg&quality=85&width=330,2026-05-03T06:46:32.830+09:00,"おはよす！
あらん、すのとも？
楽しいっすよね、すの♪"
ncdc2ce6143961,nf2dd780a7a3c,84725422db8ddb286fb3a293c306aebf,開運シェルパ,hanamiti369,https://assets.st-note.com/production/uploads/images/255750674/profile_80ee0ac532bef7940f81afda8d8e8a77.png?fit=bounds&format=jpeg&quality=85&width=330,2026-05-02T22:11:51.285+09:00,"Kingさん、こんばんは！

記事のストックもしっかりあって、頭の中には構想もたくさん…なんだかエネルギーを感じます！

スタエフへの挑戦も気になります。どんな雰囲気になるのか楽しみにしています😊

Sunoで作られた音楽も聴きました。初挑戦でこのクオリティはさすがだと思いました。

これからもKingさんのペースで、いろんなことに挑戦される姿を楽しみにしています。"
nca7200c1f589b,nf2dd780a7a3c,4d7884c1cad8153895dadb71ec1606cb,こーき｜心が少し軽くなる場所,i_am_151cm_boy,https://assets.st-note.com/production/uploads/images/236560109/profile_28f1fb163081001f12afa3f21b0dc40a.png?fit=bounds&format=jpeg&quality=85&width=330,2026-05-02T20:50:36.473+09:00,"え〜〜〜！！！😂✨
Kingさん楽曲制作までできるんですか！？🤩✨

ヤツがくる〜！
北斗の拳思い出しました🤣✨

才能の塊ですね！！🔥✨
本当に多才で尊敬します！！🍀✨"
nc291b48b17ddf,nf2dd780a7a3c,ca17527cfe63f65cebf3883988786b79,donchan1962,donchan_13,https://assets.st-note.com/production/uploads/images/183217910/profile_a33ecb57f18c7bbea28e041c386d47a2.jpeg?fit=bounds&format=jpeg&quality=85&width=330,2026-05-02T20:25:05.768+09:00,"スタエフ、勢いのある曲だけど、笑うんだけど🤭
良いじゃないですか👍"
ncd6242aec01c9,nf2dd780a7a3c,a3bcc411a4c251239d492b2f079f5870,やも,yamo_note,https://assets.st-note.com/production/uploads/images/258648405/profile_ee869852783a5a9a11d34fd10d919f33.png?fit=bounds&format=jpeg&quality=85&width=330,2026-05-02T19:12:48.176+09:00,"King さんこんばんは😊

実はスタエフが何かイマイチ知らない昭和の私…🤫小声

遠い国に行かれるのですね…
☆彡"
nca13ae890aea6,nf2dd780a7a3c,e937b529062a4dff3c5cf7b79cc04cf6,たーゼ,sakuya_rainbow44,https://assets.st-note.com/production/uploads/images/267491936/profile_b274aede9a61c347dfc7d9213ffbeed9.jpg?fit=bounds&format=jpeg&quality=85&width=330,2026-05-02T18:42:49.241+09:00,"ヤバ〜🐥👼🧑💦
ダーク団長誕生なり🎉🎶✨✨

にゃはは😸✨✨
いいなぁ〜🩷✨スタエフ🩷🩷✨

進化したなり🌈🙌🌈🎶✨✨
ありがと〜🌹🌹✨✨"
ncc349bf8c285f,nf2dd780a7a3c,d935afcef3d45372668600a97b8eea46,天野 雫 ✿ 占い日記,proper_bonobo536,https://assets.st-note.com/production/uploads/images/252856370/profile_866f40df26780c146ef9459cf81a675c.png?fit=bounds&format=jpeg&quality=85&width=330,2026-05-02T18:03:21.059+09:00,"わぁ✨️
Kingさんもついにスタエフデビュー検討中ですか！
頑張りすぎてダウンしないでくださいね〜💦
楽しみにしてます🥰"
nc6d1d6e7fcbd6,n39eb8c620b77,c0ed9eaa86e907feaa1c4b6dfe48c4b3,Micchi,real_iris7290,https://assets.st-note.com/production/uploads/images/209562465/profile_442a9aacc1463b5d33a77640ba7ab143.jpeg?fit=bounds&format=jpeg&quality=85&width=330,2026-05-04T08:31:07.764+09:00,"Kingさん　おはようございます☀️
マガジンへ追加していただき、ありがとうございます😊

モード変更、知らず知らずのうちにしていたなあ、と気づきました❣️
どんなモードの自分も、愛せる自分でいたいなあと思います💖✨

ありがとうございました🤗"
nc7e74b7e98f20,n39eb8c620b77,13f03d3a1ec4a172a7084a791c8c4703,"あいさん💗Iカウンセリングルーム セラピスト／ 臨床心理士×公認心理師｜支援歴16年・2,000名超",joyful_zebra1701,https://assets.st-note.com/production/uploads/images/194103346/profile_5b2ee16c8d8db97758503974e4e6f9da.png?fit=bounds&format=jpeg&quality=85&width=330,2026-05-02T23:22:01.460+09:00,"Kingさん、こんばんは🌙

この記事の中で、私のマガジンもご紹介くださってありがとうございます🌿
そして、Kingさんのマガジンにも記事を追加していただき、いつも感謝しています😌

モード変更のお話、とても興味深く読ませていただきました😊
どのモードにも長所と短所があるという視点、すごく納得です✨

状況や相手に合わせて、知らないうちにモードを切り替えていることってありますよね。
こうして言葉にしていただくと、自分にもあるかも…と考えるきっかけになりました😌

これからの発信も楽しみにしています😊🌸"
nc4fe967de6414,n39eb8c620b77,b60c6006e6818a147458dad11e6bc89f,瀬海歩（せかいあゆむ）,sekaiayumu25,https://assets.st-note.com/production/uploads/images/251395522/profile_6cb1552f68e13741419dd072f35f914e.jpg?fit=bounds&format=jpeg&quality=85&width=330,2026-05-02T11:13:16.881+09:00,"Kingさん、こんにちは☀
芸達者ですね！いろんなモード見てみたいです😊👍️✨️いつもありがとうございます🙇"
nc44a3a0b604b0,n39eb8c620b77,a0631b9dde2d8c6616ce55a5efaefc18,sc_fun｜AI×note収益化サポート😺,sc_fun,https://assets.st-note.com/production/uploads/images/238585370/profile_d3940d29208e16d8c13feedce8989fdd.png?fit=bounds&format=jpeg&quality=85&width=330,2026-05-02T09:42:49.442+09:00,"Kingさん、はじめまして。
先日コメントするタイミングを逃してしまったので、この機会にコメントさせてください。

私の心友である龍神さんがお世話になっています。

このタイミングで龍神さんのメンバーシップに加入したのは何かの縁があると思っています🌺

定期的にKingさんの記事をみていきたいので、よかったら仲良くしてくださいね🐱"
nc0d8669f3aa34,n39eb8c620b77,ca17527cfe63f65cebf3883988786b79,donchan1962,donchan_13,https://assets.st-note.com/production/uploads/images/183217910/profile_a33ecb57f18c7bbea28e041c386d47a2.jpeg?fit=bounds&format=jpeg&quality=85&width=330,2026-05-01T21:20:39.963+09:00,"恐縮です。この場をお借りして、コメント失礼します
記事、マガジンへの追加ありがとうございます
感謝の意を申し上げます"
ncac2dc4fd031a,n39eb8c620b77,4d7884c1cad8153895dadb71ec1606cb,こーき｜心が少し軽くなる場所,i_am_151cm_boy,https://assets.st-note.com/production/uploads/images/236560109/profile_28f1fb163081001f12afa3f21b0dc40a.png?fit=bounds&format=jpeg&quality=85&width=330,2026-05-01T21:09:33.740+09:00,"Kingさん☺️
モードの使い分けができるところが羨ましいです🥹✨

僕のモードの大枠は
「元気モード」「疲れているモード」大体この２つです😭笑"
nc2806318a0a25,n39eb8c620b77,ca17527cfe63f65cebf3883988786b79,donchan1962,donchan_13,https://assets.st-note.com/production/uploads/images/183217910/profile_a33ecb57f18c7bbea28e041c386d47a2.jpeg?fit=bounds&format=jpeg&quality=85&width=330,2026-05-01T20:30:02.842+09:00,"うまい棒、大人買しましょう
モード変更、私は、トロイから、モードは、天然やね！"
nce191be2a6648,n39eb8c620b77,1fa991e36b58d8e95e3af4a9385bff68,さみ,sa_mi0607,https://assets.st-note.com/production/uploads/images/270114176/profile_0b08f44532cc428a0ce179681ac05951.png?fit=bounds&format=jpeg&quality=85&width=330,2026-05-01T18:35:16.239+09:00,"うまいボーいーですねー♡
うまいボー大好きです🧡
また、うまいボーの画像楽しみにしてます😊笑　🍊"
ncd9078ab94abc,n39eb8c620b77,e937b529062a4dff3c5cf7b79cc04cf6,たーゼ,sakuya_rainbow44,https://assets.st-note.com/production/uploads/images/267491936/profile_b274aede9a61c347dfc7d9213ffbeed9.jpg?fit=bounds&format=jpeg&quality=85&width=330,2026-05-01T18:29:26.519+09:00,"お〜ぉ〜🙌🌸🎶✨Kingたん🌸✨✨
メンバーシップで、億万長者ですなぁ〜

🎊🐥👼🍭🎉🎶✨
是非、その時には、たー✨にも、
うまい棒を…🤲🌸🤗🌸✨

"
nce6cdba163089,n39eb8c620b77,3cb4d81489d9115418a8861dcba7c631,えらん堂,dear_pansy6581,https://assets.st-note.com/production/uploads/images/242221069/profile_508d7605146c8d0a2207c10ec053fe6c.png?fit=bounds&format=jpeg&quality=85&width=330,2026-05-01T18:15:14.990+09:00,"Kingさん
こんばんは☀️
コンポタ味希望です✌️"
nca9fc2484b3d9,n39eb8c620b77,d935afcef3d45372668600a97b8eea46,天野 雫 ✿ 占い日記,proper_bonobo536,https://assets.st-note.com/production/uploads/images/252856370/profile_866f40df26780c146ef9459cf81a675c.png?fit=bounds&format=jpeg&quality=85&width=330,2026-05-01T18:08:12.716+09:00,"うわぁ✨️うまい棒😋
サラミがスキです🩷"
ncd5fa4ba7adeb,n55b7233a87a3,34987bbf50be44cfbc1419a1df6f8760,ツムジ,tsumuji264,https://assets.st-note.com/production/uploads/images/231588271/profile_d0f51b83720ce83ce2be707571e96762.png?fit=bounds&format=jpeg&quality=85&width=330,2026-05-03T12:47:06.611+09:00,"Kingさん
はじめまして。
この度はマガジンに追加いただきありがとうございます🙇‍♂️

ちょうど今、ラップをテーマにした舞台脚本をnoteで公開しはじめたので、こちらの記事にスキさせていただきました！

映画『8 Mile』かっこいいですよねー。
ラップはもちろんのことながら、芝居もできるんかい！
と驚いた記憶があります笑

これからもよろしくお願いいたします😊"
nce7ac8bda7b8e,n55b7233a87a3,ee17e08838a2d1017fe4b3f4eb73a4e3,境界をまたぐ心理士【振り子】,rosy_snail1735,https://assets.st-note.com/production/uploads/images/253068092/profile_684215ad7eba3d124844155dff223a1b.jpg?fit=bounds&format=jpeg&quality=85&width=330,2026-05-02T06:45:52.339+09:00,"エミネム→50セントが熱すぎる👏✨
このまま復調していくことを願ってます🥺"
nc05fb226da295,n55b7233a87a3,5792beedf51dea6547b4b3d298482ab4,丁寧な暮らし/生きやすさ探求家,gentle_gecko1078,https://assets.st-note.com/production/uploads/images/272850856/profile_5078d7016e37422cee3be424742ee433.png?fit=bounds&format=jpeg&quality=85&width=330,2026-05-02T02:34:29.546+09:00,エミネム懐かしいー♡
nc42ca788ea39a,n55b7233a87a3,7b3f6a35d8af434b1f843d37702fc4bc,井田隆志@心を励ます懐メロ案内人,idax_37,https://assets.st-note.com/production/uploads/images/210048197/profile_bb386a5693167fcc72392dedc038aedc.jpg?fit=bounds&format=jpeg&quality=85&width=330,2026-05-01T14:32:50.495+09:00,"こんにちワンダフル。コメント失礼します。

いつもありがとうございます。
読ませていただきました。

自分はその分野の音楽に詳しいわけではありませんが、そんな自分でも口ずさみたくなってしまうようなメロディや歌詞がいいですね( ´∀｀ )

今月もどうぞよろしく哀愁です( ´∀｀ )"
nc5828df7cbdde,n55b7233a87a3,ba2b5499e5900126c85321271bcb2794,リスクコラム中井,riskcolumn,https://assets.st-note.com/production/uploads/images/245719348/profile_87c9b015f2585f0d48a0b0a056a4f1f3.jpg?fit=bounds&format=jpeg&quality=85&width=330,2026-04-30T22:03:26.160+09:00,後遺症で大変そうなのに、マガジンにマッハで拾い上げ、ありがとうございました。『8 Mile』のテーマ曲聞きながら、書いてます。
nc49f4373c6ba4,n55b7233a87a3,ef5de5febc3288fcaa74859d9448eee4,毎日スタート / はじめのいっぽ,leal_jacana9281,https://assets.st-note.com/production/uploads/images/264963184/profile_780183dd20260ea9595316683e45f7d5.png?fit=bounds&format=jpeg&quality=85&width=330,2026-04-30T21:45:33.057+09:00,"Kingさん

今回もマガジン追加ありがとうございます😊✨

どん底から這い上がるプレイリスト、すごく熱くて惹き込まれました🔥

「這い上がる力」を感じる世界観、とても素敵でした🌸

こうしてご縁をいただけたこと、本当に嬉しく思っています🌈

これからも楽しみにしています✨
引き続きよろしくお願いいたします😊"
nc7783935f8d39,n55b7233a87a3,501075b33bc8fff4716e8e39cb47e74a,りんごあめ,aogunjyou_205,https://assets.st-note.com/production/uploads/images/244320088/profile_b53bcb9297c65530f6e56ea129a55d08.jpeg?fit=bounds&format=jpeg&quality=85&width=330,2026-04-30T21:42:57.080+09:00,kingさん　素敵なマガジンへ掲載していただきありがとうございます🌷これからの記事を書く励みになります。これからもよろしくお願いします💐
nca7ec684c4771,n55b7233a87a3,e136ccc5877a8f07732cc5d7a4daa707,Ｌｉｌｙ,vast_cougar2721,https://assets.st-note.com/production/uploads/images/271599989/profile_a7d5d5241142f6b69b33c77e11f56457.jpeg?fit=bounds&format=jpeg&quality=85&width=330,2026-04-30T20:45:49.097+09:00,"Kingさんはじめまして✨
Lilyと申します☺️
私の詩「在り処」をマガジンに追加していただき、ありがとうございました✨

ちなみに私もエミネムよく聴いてました！かっこいいですよね😎"
ncc52539b2ca61,n55b7233a87a3,e300d348198df62eea02ed041e1e9a55,つむじが２つ,regal_hound4274,https://assets.st-note.com/production/uploads/images/196231260/profile_fe42b94fee71f88c08b73583c1f29fe7.jpeg?fit=bounds&format=jpeg&quality=85&width=330,2026-04-30T19:54:15.028+09:00,"Kingさん

エイトマイル観ました🔥
ラストのフリースタイル、やっぱり痺れますね。
このプレイリストの流れとドンピシャで最高でした👍

私の記事も紹介いただき本当にありがとうございます🙏😊"
nc7759c9292ab3,n55b7233a87a3,a3bcc411a4c251239d492b2f079f5870,やも,yamo_note,https://assets.st-note.com/production/uploads/images/258648405/profile_ee869852783a5a9a11d34fd10d919f33.png?fit=bounds&format=jpeg&quality=85&width=330,2026-04-30T18:30:18.332+09:00,Kingさん、おかえりなさい☺️
nc24e19b429e4f,n55b7233a87a3,e937b529062a4dff3c5cf7b79cc04cf6,たーゼ,sakuya_rainbow44,https://assets.st-note.com/production/uploads/images/267491936/profile_b274aede9a61c347dfc7d9213ffbeed9.jpg?fit=bounds&format=jpeg&quality=85&width=330,2026-04-30T18:08:45.625+09:00,"がぉ〜🧑🍭✨✨

がぉ〜👼🍭✴️✨✨
どん底去れ！🌌🪐🌠✨✨

ミラクルラッキー✴️✨
ありがと〜🥰🤗🌸✨✨"
nc6424563c1204,n56879b196940,1ef4435612c1f36fd963bcdd8ace0d73,のあ｜自分に戻る思索note,joyful_salvia906,https://assets.st-note.com/production/uploads/images/244581020/profile_a075505b43aab98267d3b165ed95521a.png?fit=bounds&format=jpeg&quality=85&width=330,2026-05-15T19:31:59.877+09:00,"Kingさん
こんばんは。

昨日も記事をマガジン追加していただき、
ありがとうございました😊

いつもより多くの方に読んでいただけました(^^)✨"
ncb1761aca6e76,n9bedcbd8181d,266d9698e161c9b4bc3cd84ab21d7c08,きみこのSoulルーム,kimimari2350,https://assets.st-note.com/production/uploads/images/208541487/profile_b8e04433295dbc046967147402b4f003.png?fit=bounds&format=jpeg&quality=85&width=330,2026-05-02T21:26:51.008+09:00,"Kingさん🌱

物語を通して、「何を信じ、どこに軸を置くのか」を静かに考えさせられました。
どんな時も、自分の感覚を大切にすることの意味をあらためて感じます。

また、マガジンにたくさんの記事を掲載していただき、ありがとうございました。
ご紹介いただけたこと、とても嬉しく思っています✨"
nc24f5c1326831,n9bedcbd8181d,e937b529062a4dff3c5cf7b79cc04cf6,たーゼ,sakuya_rainbow44,https://assets.st-note.com/production/uploads/images/267491936/profile_b274aede9a61c347dfc7d9213ffbeed9.jpg?fit=bounds&format=jpeg&quality=85&width=330,2026-04-29T11:45:58.459+09:00,"ご紹介ありがと〜🧑👼🪽✨
Kingしゃん🌸✨

うたれ病ってなぁに？✨
しっかり休んでね〜🐨💤💤✨✨"
nccb74cf0f0fb0,n9bedcbd8181d,b60c6006e6818a147458dad11e6bc89f,瀬海歩（せかいあゆむ）,sekaiayumu25,https://assets.st-note.com/production/uploads/images/251395522/profile_6cb1552f68e13741419dd072f35f914e.jpg?fit=bounds&format=jpeg&quality=85&width=330,2026-04-29T08:53:40.259+09:00,"Kingさん、おはようございます☀
このお話、すぐ天狗になる私にとって凄くよい薬になるお話だと思ってます。いつも学びをありがとうございます😊👍️✨️"
nc7661f91b15f3,n9bedcbd8181d,4d7884c1cad8153895dadb71ec1606cb,こーき｜心が少し軽くなる場所,i_am_151cm_boy,https://assets.st-note.com/production/uploads/images/236560109/profile_28f1fb163081001f12afa3f21b0dc40a.png?fit=bounds&format=jpeg&quality=85&width=330,2026-04-28T19:04:35.026+09:00,"最終的に
「無事に登れて」
「おにぎりも美味しい」

この感情になれると本当にどんな状況もラッキーと思えますね😆✨

いつもマガジンでご支援いただき、本当にありがとうございます😭✨"
nc585e33959e4a,n9bedcbd8181d,ca17527cfe63f65cebf3883988786b79,donchan1962,donchan_13,https://assets.st-note.com/production/uploads/images/183217910/profile_a33ecb57f18c7bbea28e041c386d47a2.jpeg?fit=bounds&format=jpeg&quality=85&width=330,2026-04-28T18:34:37.033+09:00,"面白く読ませて頂きました
ありがとうございます"
ncfca10c01873a,n287917a0130f,e355348d21e31765b79ec980aaf23046,MISUZ.,lofty_knot8493,https://assets.st-note.com/production/uploads/images/268080824/profile_3b66aceb1ff4a038466e804a59742438.jpeg?fit=bounds&format=jpeg&quality=85&width=330,2026-05-26T22:13:46.715+09:00,"こんばんは✨
あいしてる俳句と💩俳句が好きです✨
並ぶと生きてる感✨あり"
nc650613b93ba4,n287917a0130f,aa396818ce9b68951cae09c5b738014e,Torori（とろり）🌱 毒親育ちへ「心穏やかな恋」を届ける人【フォロバ100】,torori_20260101,https://assets.st-note.com/production/uploads/images/242495675/profile_d6bfee66de6dbec64ca70c2649f987aa.png?fit=bounds&format=jpeg&quality=85&width=330,2026-05-26T15:21:00.422+09:00,"Kingさん

こんにちは🌱

儚きことわりの曲、聴きましたけど、普通にいい曲だった～😂
前から思ってましたけど、音楽のセンスすごいですよね✨️

川柳？俳句？はどこから突っ込めばいいかわかりません(^^)笑

やけ酒と
踊るKingの
二日酔い

↑個人的に、これは動画で見たい・・笑"
nc0b3763cf5f49,n287917a0130f,c0ed9eaa86e907feaa1c4b6dfe48c4b3,Micchi,real_iris7290,https://assets.st-note.com/production/uploads/images/209562465/profile_442a9aacc1463b5d33a77640ba7ab143.jpeg?fit=bounds&format=jpeg&quality=85&width=330,2026-05-05T09:08:53.382+09:00,"Kingさん　おはようございます🌈✨
マガジンへ追加していただき、ありがとうございます😊

クスッと笑える俳句&川柳、楽しく読ませていただきました♪(๑ᴖ◡ᴖ๑)♪
ゴールデンウィークだけに、シルバー川柳ならぬゴールデン川柳‼️

ハッピーなひとときをありがとうございました🤗

"
nc5650a20fe4d9,n287917a0130f,a98d6e3b7e249e04199d495300989277,青空 和平,brisk_viola3314,https://assets.st-note.com/production/uploads/images/250395213/profile_7d36560465e2e53d6559ca0775647979.jpeg?fit=bounds&format=jpeg&quality=85&width=330,2026-04-30T23:58:13.875+09:00,"Kingさん

こんばんは☺️
いつもマガジンに追加してくれてありがとうございます🍀

儚きことわりの最初のところ、心に沁みますね❤️

同じ景色が見れなくても、先人が残してくれた想いはちゃんと伝わってくるような気がします💫"
nc6f93595fed8a,n287917a0130f,209f3701abc5bae89b6dd62898c7916a,コンパス みき,compass_m360,https://assets.st-note.com/production/uploads/images/253440713/profile_8b36220be6950ce90264f78d2b308c75.png?fit=bounds&format=jpeg&quality=85&width=330,2026-04-28T22:05:13.439+09:00,"Kingさん、こんばんは♪

すごいですね〜🫢
日常的で書けそうで
かけない。わかるーって
一気に読んでしまいました😆

また楽しみにしてます♪"
ncfbc2cdb31254,n287917a0130f,f1fa566e0454f67250e5b68988fd02a4,やさい,yasaistory,https://assets.st-note.com/production/uploads/images/254968683/profile_d779b13204b382b0c16d6c2b48fea44a.jpg?fit=bounds&format=jpeg&quality=85&width=330,2026-04-28T15:16:32.507+09:00,"kingさん✨

凄い〜〜🌸

五臓六腑に染み渡るような、日々の温もり溢れる言葉の宝箱ですね✨

響き合うご縁の連鎖が、まるできらめく星座のようにnoteの世界を彩っていて素敵です🌈"
nc2e855b4b10f7,n287917a0130f,f2a55d2f97f079ab0df510a2c19397fa,ぷっぷる,rich_moose3756,https://assets.st-note.com/production/uploads/images/247930453/profile_056c49f5bf7f07cdcc784fbf2ff720c7.png?fit=bounds&format=jpeg&quality=85&width=330,2026-04-28T04:25:36.794+09:00,"King さま


若き恋
惚れた腫れたの
なし崩し

に一票✨
わかりますよ、わかる☺️

失礼しました
"
ncba6742d0bb69,n287917a0130f,80278d1e7a8d7d9d790ba84686b5ece8,健康の原点,health_origjin,https://assets.st-note.com/production/uploads/images/248477200/profile_0b04228f1be12e622bd9a898425d0d4f.jpeg?fit=bounds&format=jpeg&quality=85&width=330,2026-04-28T00:06:40.147+09:00,"ポエムよかったです🔥
個人的には

寒暖差
血圧焦る
中高年
が好きです✨
いつもありがとうございます😊"
ncf710ca8d0cc4,n287917a0130f,e937b529062a4dff3c5cf7b79cc04cf6,たーゼ,sakuya_rainbow44,https://assets.st-note.com/production/uploads/images/267491936/profile_b274aede9a61c347dfc7d9213ffbeed9.jpg?fit=bounds&format=jpeg&quality=85&width=330,2026-04-27T22:52:08.746+09:00,"まさか…団長さん🌸✨が、
川柳や俳句をされてるなんて…✨✨
🤗🌸✨

これはミラクル💫✨
素晴らしい🌈🌹👼👍イェーイ🎶✨

🧑🪽🪽✨ありがとう〜🩷🩷✨"
ncd9ba8d0def8e,n287917a0130f,4d7884c1cad8153895dadb71ec1606cb,こーき｜心が少し軽くなる場所,i_am_151cm_boy,https://assets.st-note.com/production/uploads/images/236560109/profile_28f1fb163081001f12afa3f21b0dc40a.png?fit=bounds&format=jpeg&quality=85&width=330,2026-04-27T20:37:28.134+09:00,"Kingさん🤣🤣

ツッコミたくなるのがいくつもありました！🤣笑笑

個人的には
↓

小さな子 うんちの言葉 喜びや

やけ酒と 踊るKingの 二日酔い

この2つが好きです🤣🔥✨"
nc59b0dca8119b,n287917a0130f,d54a8b69a5a1f971b831ee19c2157c68,なな｜疲れた心の休憩所,nanaaaa777,https://assets.st-note.com/production/uploads/images/270197908/profile_317e4a3405981b7878f0e8b3c8eba9ce.png?fit=bounds&format=jpeg&quality=85&width=330,2026-04-27T20:17:52.524+09:00,"はじめまして！

ポエムの静かな余韻と、俳句や川柳の軽やかさのバランスが心地よくて気づいたら最後まで読んでました！"
nceabe69d2f273,n287917a0130f,ca17527cfe63f65cebf3883988786b79,donchan1962,donchan_13,https://assets.st-note.com/production/uploads/images/183217910/profile_a33ecb57f18c7bbea28e041c386d47a2.jpeg?fit=bounds&format=jpeg&quality=85&width=330,2026-04-27T18:19:02.423+09:00,"ポエム、良い感じです
何気に、心癒されます❤️"
nc4a9f183241f5,n971012df4b85,dc157540cc91b85018fc2caf1ebe6e1d,空風マナミ　,sorakaze_works,https://assets.st-note.com/production/uploads/images/247072511/profile_f8c3cb6911c80de4c8b865ead1a349c6.png?fit=bounds&format=jpeg&quality=85&width=330,2026-05-15T17:30:19.008+09:00,"Kingさん、
ありがとうございます♪
読んでた🤣

妄想というより、夢の話かと思ってました！
妄想しながら夢を見たということですね☺️

コメント返信、不要です〜押し込んですみません☺️"
nc2058d7ca7e96,n971012df4b85,c0ed9eaa86e907feaa1c4b6dfe48c4b3,Micchi,real_iris7290,https://assets.st-note.com/production/uploads/images/209562465/profile_442a9aacc1463b5d33a77640ba7ab143.jpeg?fit=bounds&format=jpeg&quality=85&width=330,2026-05-04T18:27:04.084+09:00,"Kingさん　こんばんは😊
マガジンへ追加していただき、ありがとうございます❣️

楽しい夢から覚めた朝は、ハッピーな気分で1日がスタートできちゃいます。

Kingさんの記事を読ませていただいて、ハッピーな気分になりました💕

ありがとうございました🤗"
nc89f8e1a0675f,n971012df4b85,13f03d3a1ec4a172a7084a791c8c4703,"あいさん💗Iカウンセリングルーム セラピスト／ 臨床心理士×公認心理師｜支援歴16年・2,000名超",joyful_zebra1701,https://assets.st-note.com/production/uploads/images/194103346/profile_5b2ee16c8d8db97758503974e4e6f9da.png?fit=bounds&format=jpeg&quality=85&width=330,2026-04-27T21:14:55.840+09:00,"Kingさん

こちらこそ、マガジンでご紹介くださりありがとうございます😊
創作大賞2026への応募も応援しています✨

団長猊下から、まさかの粛清展開まで、今回も笑わせていただきました😆
最後にちゃんとラッキー回収されるところが、Kingさんらしくて安心しました✌️

いつも楽しい物語をありがとうございます🌸🌿"
ncf0cd9b6e618e,n971012df4b85,4d7884c1cad8153895dadb71ec1606cb,こーき｜心が少し軽くなる場所,i_am_151cm_boy,https://assets.st-note.com/production/uploads/images/236560109/profile_28f1fb163081001f12afa3f21b0dc40a.png?fit=bounds&format=jpeg&quality=85&width=330,2026-04-27T11:42:22.967+09:00,"Kingさんの頭の中、一度でいいので覗いてみたいです🤣
いつも愉快な記事でニヤけております🤣✨笑"
nc54b44419d9f6,n971012df4b85,ca17527cfe63f65cebf3883988786b79,donchan1962,donchan_13,https://assets.st-note.com/production/uploads/images/183217910/profile_a33ecb57f18c7bbea28e041c386d47a2.jpeg?fit=bounds&format=jpeg&quality=85&width=330,2026-04-27T09:43:16.571+09:00,"面白く読ませて頂きました
笑いましたけど🤭"
nc4df4e827097e,n971012df4b85,e937b529062a4dff3c5cf7b79cc04cf6,たーゼ,sakuya_rainbow44,https://assets.st-note.com/production/uploads/images/267491936/profile_b274aede9a61c347dfc7d9213ffbeed9.jpg?fit=bounds&format=jpeg&quality=85&width=330,2026-04-26T18:07:18.765+09:00,"ん？👼🍭✨✨ここ何処？👼💦💦
ミラクル…？✨キャー👼🪽💦💦

おーい🧑🌸✨何処行ったの〜？✨
さては、Kingさん🌸とこだなぁ〜🤭🌸

🙋🌸✨ありがと〜🍭🌹🌹✨✨"
nc3fb0af345644,n90b6a19ed9d3,ca17527cfe63f65cebf3883988786b79,donchan1962,donchan_13,https://assets.st-note.com/production/uploads/images/183217910/profile_a33ecb57f18c7bbea28e041c386d47a2.jpeg?fit=bounds&format=jpeg&quality=85&width=330,2026-04-27T18:42:55.216+09:00,"恐縮です。この場をお借りして、コメント失礼します
記事、マガジへの追加ありがとうございます
感謝の意を申し上げます"
nc3c74e9ee9f0b,n90b6a19ed9d3,91896923ab4e258b299962be80f4360d,さち　私のつぶやき,10211129,https://assets.st-note.com/production/uploads/images/267110140/profile_a7a14a7914bcb2b217602601d3f3e0e1.png?fit=bounds&format=jpeg&quality=85&width=330,2026-04-26T21:29:59.165+09:00,"私また100人目のスキでした！

ラッキーかな？

Kingさんのところに来るとラッキーなことが起こるようです😊笑"
nc7a8f8a7b11d4,n90b6a19ed9d3,c0ed9eaa86e907feaa1c4b6dfe48c4b3,Micchi,real_iris7290,https://assets.st-note.com/production/uploads/images/209562465/profile_442a9aacc1463b5d33a77640ba7ab143.jpeg?fit=bounds&format=jpeg&quality=85&width=330,2026-04-26T18:58:54.658+09:00,"Kingさん　こんばんは🌓
マガジンへ追加していただき、ありがとうございます😊

「ミラクルラッキーモード」私もスイッチ🔛してみたいです❣️

ありがとうございました🤗"
nc1e3e4e212607,n90b6a19ed9d3,4d7884c1cad8153895dadb71ec1606cb,こーき｜心が少し軽くなる場所,i_am_151cm_boy,https://assets.st-note.com/production/uploads/images/236560109/profile_28f1fb163081001f12afa3f21b0dc40a.png?fit=bounds&format=jpeg&quality=85&width=330,2026-04-25T23:56:06.883+09:00,"Kingさん🤣

「ラッキー疲れ」インパクトあるワードですね🤣🤣

ラッキーすぎて疲れてみたいです🤣🔥✨

いつもマガジンのご登録ありがとうございます😊"
nc998b5b6c313b,n90b6a19ed9d3,e937b529062a4dff3c5cf7b79cc04cf6,たーゼ,sakuya_rainbow44,https://assets.st-note.com/production/uploads/images/267491936/profile_b274aede9a61c347dfc7d9213ffbeed9.jpg?fit=bounds&format=jpeg&quality=85&width=330,2026-04-25T23:30:46.555+09:00,"や、やっと来れた🏳️👼🧑🍭🎶✨✨

うわ〜💥💦スマホ落とした💦
壊れてない！✨こりゃーラッキー🌈🌹

🙌🎶✨うわ〜い🩷✨✨
Kingさん✨ありがと〜🤗🌸✨✨"
ncd52245d2c8ec,n90b6a19ed9d3,ca17527cfe63f65cebf3883988786b79,donchan1962,donchan_13,https://assets.st-note.com/production/uploads/images/183217910/profile_a33ecb57f18c7bbea28e041c386d47a2.jpeg?fit=bounds&format=jpeg&quality=85&width=330,2026-04-25T21:07:22.354+09:00,"大変ですね
これだけのマガジンだと
スケールが、デカいですね"
nc6eb0fe1c5d59,n90b6a19ed9d3,d935afcef3d45372668600a97b8eea46,天野 雫 ✿ 占い日記,proper_bonobo536,https://assets.st-note.com/production/uploads/images/252856370/profile_866f40df26780c146ef9459cf81a675c.png?fit=bounds&format=jpeg&quality=85&width=330,2026-04-25T18:12:53.477+09:00,"団長、大変です💦
ラッキーのスケールがバグってます🤣
これはもうミラクルラッキー案件ですね😂"
nc8e87de3b6856,n37e682fd1aa3,feb2132ab2f4fc8d0ff6388a1447bc12,又兵衛,legal_frog1853,https://assets.st-note.com/production/uploads/images/266473734/profile_568cc746a7a3fc61a0b238630044e485.png?fit=bounds&format=jpeg&quality=85&width=330,2026-04-27T16:54:13.434+09:00,"ありがとうございます。
こちらこそよろしくお願いします🙇"
ncafc80a262dc5,n37e682fd1aa3,13f03d3a1ec4a172a7084a791c8c4703,"あいさん💗Iカウンセリングルーム セラピスト／ 臨床心理士×公認心理師｜支援歴16年・2,000名超",joyful_zebra1701,https://assets.st-note.com/production/uploads/images/194103346/profile_5b2ee16c8d8db97758503974e4e6f9da.png?fit=bounds&format=jpeg&quality=85&width=330,2026-04-26T17:22:13.719+09:00,"Kingさん✨

6000スキ達成、おめでとうございます🎉✨
ミラクルラッキー教団の世界が、着実に広がっている感じがしますね😆

創作大賞2026に向けて、メインストーリーがこれからどう展開していくのか楽しみです。
数字病、数字無視病、団長の変な夢……すでにタイトルだけで気になります🎵

そして、マガジンもご紹介くださりありがとうございます。
たくさんの素敵なマガジンの中に並べていただけて、とても嬉しいです。

チップエリアのネタ化も、密かに楽しみにしています😆✨
これからもKingさんワールド、応援しています🍀"
nc5aedd955127e,n37e682fd1aa3,84725422db8ddb286fb3a293c306aebf,開運シェルパ,hanamiti369,https://assets.st-note.com/production/uploads/images/255750674/profile_80ee0ac532bef7940f81afda8d8e8a77.png?fit=bounds&format=jpeg&quality=85&width=330,2026-04-26T11:05:28.897+09:00,"Kingさん、こんにちは！
ど素人ツッコミおじさん…このタイトルだけでもう期待値マックスです☺

コツコツ積み上げてこられた創作がここまで広がっていることを、Kingさんのサイトマップを見るたびに実感します。介護しながら執筆しながら、さらに新ネタまで仕込んでいるKingさんは、本当に素敵だと思います。スキ押すなよ！企画も、ネタが尽きないKingさんのnoteがあるから来週も楽しみにできます。
6000スキ、さもありなん！
これからも続きを楽しみにしています。創作大賞、応援しています。"
ncdca4ffa9964c,n37e682fd1aa3,feb2132ab2f4fc8d0ff6388a1447bc12,又兵衛,legal_frog1853,https://assets.st-note.com/production/uploads/images/266473734/profile_568cc746a7a3fc61a0b238630044e485.png?fit=bounds&format=jpeg&quality=85&width=330,2026-04-26T07:51:55.743+09:00,"マガジンに追加していただきありがとうございます。

ミラクル、私の好きな言葉です。"
ncd9df6d986003,n37e682fd1aa3,ee17e08838a2d1017fe4b3f4eb73a4e3,境界をまたぐ心理士【振り子】,rosy_snail1735,https://assets.st-note.com/production/uploads/images/253068092/profile_684215ad7eba3d124844155dff223a1b.jpg?fit=bounds&format=jpeg&quality=85&width=330,2026-04-25T22:45:13.228+09:00,"Kingさん

ストックは無くなったけど、教団自慢の無尽蔵アイデア供給マシーンが今日も稼働しているようで、何よりです笑✨
想像の遥か高みをいく次回企画に、今からワクワクしてまーす🥰"
nc67f5e7cacc5a,n37e682fd1aa3,fd4d4d738166f8f315179636393d62e9,🌀 みーちゃんの脳内探検記 〜高次機能障害とチャッピーと〜,fair_prawn5222,https://assets.st-note.com/production/uploads/images/261503068/profile_d5aa43f900e39deb05eed51f806dc938.jpg?fit=bounds&format=jpeg&quality=85&width=330,2026-04-25T18:39:28.642+09:00,"Kingさん、ストックなくなってきたとは思えない盛りだくさんな予告編！😆

ミラクルラッキー教団の最終回案、もうあるんですか…！？
「数字病」「数字無視病」「団長の変な夢」、タイトルだけでもう気になります✨️✨️

「ど素人ツッコミおじさん🔞」、ジャンルが渋滞してて好きです👍️

6000スキおめでとうございます🎉"
nc9e939eb5480c,n37e682fd1aa3,b60c6006e6818a147458dad11e6bc89f,瀬海歩（せかいあゆむ）,sekaiayumu25,https://assets.st-note.com/production/uploads/images/251395522/profile_6cb1552f68e13741419dd072f35f914e.jpg?fit=bounds&format=jpeg&quality=85&width=330,2026-04-25T10:46:42.281+09:00,"Kingさん、おはようございます☀
6000スキおめでとうございます💐
マガジンのご紹介もありがとうございます✨️☺✨️新たな企画たのしみです。どんなおじさんだろう（笑）"
nce5d33a386916,n37e682fd1aa3,a308833b060a3c104f0115421d8d05fc,みやび,_oto_kotoba,https://assets.st-note.com/production/uploads/images/262367515/profile_d7914074ebb47e9f08eccbb0c11318bb.png?fit=bounds&format=jpeg&quality=85&width=330,2026-04-25T10:25:18.850+09:00,"コメント失礼します。
『ストックが底をついた。』との事。

ここからが、本気モードですね。
さらりと悟り、素晴らしい作品が生まれますように。
お祈りしております。
いつもありがとうございます。
(🎹MIYABI)"
ncd5cb8e11a75c,n37e682fd1aa3,7b3f6a35d8af434b1f843d37702fc4bc,井田隆志@心を励ます懐メロ案内人,idax_37,https://assets.st-note.com/production/uploads/images/210048197/profile_bb386a5693167fcc72392dedc038aedc.jpg?fit=bounds&format=jpeg&quality=85&width=330,2026-04-25T10:19:42.529+09:00,"おは羊羹でGo～財増★コメント失礼します。

いつもありがとうございます。
今回も読ませていただきました。

個人的には、
「ど素人ツッコミおじさん」のお話が
一番腑に落ちるような気がするので、
今後の展開も楽しみにしています( ´∀｀ )"
nc96a533df38d4,n37e682fd1aa3,501075b33bc8fff4716e8e39cb47e74a,りんごあめ,aogunjyou_205,https://assets.st-note.com/production/uploads/images/244320088/profile_b53bcb9297c65530f6e56ea129a55d08.jpeg?fit=bounds&format=jpeg&quality=85&width=330,2026-04-25T10:18:55.547+09:00,"Kingさん　マガジン掲載ありがとうございます🌹✨
記事を書く励みになります。
本当に感謝です🍎"
ncb27229582a36,n37e682fd1aa3,4d7884c1cad8153895dadb71ec1606cb,こーき｜心が少し軽くなる場所,i_am_151cm_boy,https://assets.st-note.com/production/uploads/images/236560109/profile_28f1fb163081001f12afa3f21b0dc40a.png?fit=bounds&format=jpeg&quality=85&width=330,2026-04-24T20:02:15.481+09:00,"Kingさん😆

大波乱とど素人ツッコミおじさん🔞めちゃくちゃ気になります🤣🤣

楽しみにしております！！🤣✨

6,000回あっという間でしたね🤣🙌
おめでとうございます😊🎊✨

いつもマガジンでご紹介いただきありがとうございます🙇‍♂️"
nc1fdec3739485,n37e682fd1aa3,0af9b366e7056bb35316462e699e0daa,じゅんのすけ,juicy_lynx3773,https://assets.st-note.com/production/uploads/images/264606998/profile_3edebb8ec7da186bb321afc081d561b0.png?fit=bounds&format=jpeg&quality=85&width=330,2026-04-24T19:42:12.606+09:00,"Kingさん、こんばんは😆

マガジン追加ありがとうございます✨
めちゃくちゃうれしいです！

「ど素人ツッコミおじさん」
名前だけでもう気になります🤣
こうやって次々アイデアが出てくるのすごいですね👏

6000スキもおめでとうございます！！
これからも楽しみにしてます👍"
nc458986de705b,n37e682fd1aa3,bd6881b17845a554ea791e5557b79b7a,さんみ～＠ヤングケアラー２５年,bobusanmi1224,https://assets.st-note.com/production/uploads/images/4620903/profile_89e247ec25f892b6133264485871d760.png?fit=bounds&format=jpeg&quality=85&width=330,2026-04-24T18:58:03.134+09:00,kingさん、こんばんは！　6000スキおめでとうございます！
ncd688e5600173,n37e682fd1aa3,ca17527cfe63f65cebf3883988786b79,donchan1962,donchan_13,https://assets.st-note.com/production/uploads/images/183217910/profile_a33ecb57f18c7bbea28e041c386d47a2.jpeg?fit=bounds&format=jpeg&quality=85&width=330,2026-04-24T18:30:19.807+09:00,"パワーを感じます💪
6000好き？
おめでとう御座います㊗️
今後に期待します"
nc1506797c8e97,n37e682fd1aa3,c0ed9eaa86e907feaa1c4b6dfe48c4b3,Micchi,real_iris7290,https://assets.st-note.com/production/uploads/images/209562465/profile_442a9aacc1463b5d33a77640ba7ab143.jpeg?fit=bounds&format=jpeg&quality=85&width=330,2026-04-24T18:27:20.070+09:00,"Kingさん　こんばんは🌓
マガジンへ追加していただき、ありがとうございます😊

6000スキ達成おめでとうございます㊗️🎊㊗️
たくさんの方がKingさんの記事で、心がホット💓になっている
のですね！

私もその1人です♪(๑ᴖ◡ᴖ๑)♪
ありがとうございました🤗"
nc038c5922487e,n37e682fd1aa3,a3bcc411a4c251239d492b2f079f5870,やも,yamo_note,https://assets.st-note.com/production/uploads/images/258648405/profile_ee869852783a5a9a11d34fd10d919f33.png?fit=bounds&format=jpeg&quality=85&width=330,2026-04-24T18:20:54.308+09:00,"魔の6を含んだ、6000スキ

おめでとう…..😈ウフフ

楽しみだよ…..😏"
ncdec5f7c4df79,n37e682fd1aa3,d935afcef3d45372668600a97b8eea46,天野 雫 ✿ 占い日記,proper_bonobo536,https://assets.st-note.com/production/uploads/images/252856370/profile_866f40df26780c146ef9459cf81a675c.png?fit=bounds&format=jpeg&quality=85&width=330,2026-04-24T18:16:25.135+09:00,"6000スキ、おめでとうございます🎉
今後の投稿も楽しみにしてます🥰"
nc6643f070b515,n37e682fd1aa3,e937b529062a4dff3c5cf7b79cc04cf6,たーゼ,sakuya_rainbow44,https://assets.st-note.com/production/uploads/images/267491936/profile_b274aede9a61c347dfc7d9213ffbeed9.jpg?fit=bounds&format=jpeg&quality=85&width=330,2026-04-24T18:13:34.567+09:00,"キャー👼🧑✨✨
マジでそのKingさん🌸✨の投稿パワー

をおくれ〜🤲✨✨
早く、記事を書かねば✨✨✨

ありがとう〜🩷🩷✨　🧑🪽🪽✨✨"
nca55b314471d7,ndb70d4da27a8,2af7fb2f2f856d69be2cdde7df630dde,かりの。,rrkkm_mkkrr,https://assets.st-note.com/production/uploads/images/240419296/profile_d6ef71c3c7caab73882eaecf02de3040.png?fit=bounds&format=jpeg&quality=85&width=330,2026-04-27T13:28:58.771+09:00,"ゾーンの入り方…伝授してほしいです😭最近ほんっと集中力が持たないんですよね…

いつも記事をマガジンに追加していただきありがとうございます🙇"
nc4d59c86b5cf5,ndb70d4da27a8,a308833b060a3c104f0115421d8d05fc,みやび,_oto_kotoba,https://assets.st-note.com/production/uploads/images/262367515/profile_d7914074ebb47e9f08eccbb0c11318bb.png?fit=bounds&format=jpeg&quality=85&width=330,2026-04-27T07:56:16.646+09:00,"コメント失礼します。
分かります。
最初は、どこか収まりが良くなくても、時間を過ごす中で、自分の肌にしっとりと馴染んでくる。

noteに投稿しようと、PCやスマホを前にした、執筆作業の進みにも同じ感触がありますよね。
馴染んで、だんだんと自分の意識がお話の中へ滑らかに滑り込んでゆく様子。

困るのは、色々とやる事が立て込んで、＂集中までの予熱時間＂が取れない時、頭の中のカオスを上手く手懐けられずに、気分がモサモサしまいます。
お話、ありがとうございます。
(🎹MIYABI)"
nceede580e93cc,ndb70d4da27a8,f2a55d2f97f079ab0df510a2c19397fa,ぷっぷる,rich_moose3756,https://assets.st-note.com/production/uploads/images/247930453/profile_056c49f5bf7f07cdcc784fbf2ff720c7.png?fit=bounds&format=jpeg&quality=85&width=330,2026-04-25T20:06:11.336+09:00,"Kingさま

こんばんは
納得致しました☺️
Kingさまが何者であるか✨
バレバレです✨

マガジンに掲載して頂き
ありがとうございます。

コレしか言わない…ので、
流石にコメント控えて
おりました。

しかし、日に三度も
ご支援頂きますと…

ありがとうございます✨

言わずには
いられませんでした(笑)

お礼まで☺️
失礼致しました




"
ncbdb35e3237d4,ndb70d4da27a8,ef5de5febc3288fcaa74859d9448eee4,毎日スタート / はじめのいっぽ,leal_jacana9281,https://assets.st-note.com/production/uploads/images/264963184/profile_780183dd20260ea9595316683e45f7d5.png?fit=bounds&format=jpeg&quality=85&width=330,2026-04-25T08:59:34.720+09:00,"Kingさん

マガジンに加えていただき、ありがとうございます😊

こうして何度も見つけていただけること、
とても嬉しく感じています🌈

ご縁に感謝しながら、
これからもいっぽずつ綴っていきます🍀

ありがとうございます😊

いっぽ"
ncd63bf519cad4,ndb70d4da27a8,7b3f6a35d8af434b1f843d37702fc4bc,井田隆志@心を励ます懐メロ案内人,idax_37,https://assets.st-note.com/production/uploads/images/210048197/profile_bb386a5693167fcc72392dedc038aedc.jpg?fit=bounds&format=jpeg&quality=85&width=330,2026-04-24T19:42:51.618+09:00,自分も最近そういう感覚は解るようになりましたが、そういった感じで浮かんだアイデアは、結構使えるアイデア立ったりすると思います。
nca80ad2ac559f,ndb70d4da27a8,ca17527cfe63f65cebf3883988786b79,donchan1962,donchan_13,https://assets.st-note.com/production/uploads/images/183217910/profile_a33ecb57f18c7bbea28e041c386d47a2.jpeg?fit=bounds&format=jpeg&quality=85&width=330,2026-04-24T17:50:40.791+09:00,"恐縮です。この場をお借りしてコメント失礼します
記事、マガジンへの追加ありがとうございます
感謝の意を申し上げます"
ncd8fe2fb5665a,ndb70d4da27a8,ceb9f20beef56f72c10ed1c4bc125c74,ゆらり🌹🫧　🫶💕,huge_coot6820,https://assets.st-note.com/production/uploads/images/239767432/profile_47e4f415224790b9faa65da8165fa21d.jpeg?fit=bounds&format=jpeg&quality=85&width=330,2026-04-24T15:31:19.295+09:00,"ご紹介いただき有難うございます🌸🫧

今後とも
どうぞ宜しくお願い致します🍀🫧"
nc17ce47947ca3,ndb70d4da27a8,ca17527cfe63f65cebf3883988786b79,donchan1962,donchan_13,https://assets.st-note.com/production/uploads/images/183217910/profile_a33ecb57f18c7bbea28e041c386d47a2.jpeg?fit=bounds&format=jpeg&quality=85&width=330,2026-04-24T09:19:34.590+09:00,"おはようございます
マガジンへのご参加ありがとうございます
因みに、この記事、マガジンに追加します
ご理解の程よろしくお願いします"
nc9ed6d7eb1b75,ndb70d4da27a8,b95263c6657241c37c06be8613990710,埼玉の裏仕事人,kiitto1968,https://assets.st-note.com/production/uploads/images/253657159/profile_e3d1ed5fc794d04266be9932b804beb4.png?fit=bounds&format=jpeg&quality=85&width=330,2026-04-24T06:01:08.012+09:00,電車に乗っている時に本読んでいるとよくなってたなー。最近は電車にすらほとんど乗らないからないけど。気がついたら降車駅過ぎてるんですよね。ふと気がついた時にどのあたりかを確認してしまうようにしてました！
ncae0fa2687079,ndb70d4da27a8,e937b529062a4dff3c5cf7b79cc04cf6,たーゼ,sakuya_rainbow44,https://assets.st-note.com/production/uploads/images/267491936/profile_b274aede9a61c347dfc7d9213ffbeed9.jpg?fit=bounds&format=jpeg&quality=85&width=330,2026-04-23T23:29:47.345+09:00,"今日も寝てるたーゼ🧑💤✨すやすや

👼🕹️🎮✨エイっ！🎶✨
ゾーン入り中👼🎮✌️🎶✨ありがと〜🩷🩷✨"
nc5cd12736760b,ndb70d4da27a8,f1fa566e0454f67250e5b68988fd02a4,やさい,yasaistory,https://assets.st-note.com/production/uploads/images/254968683/profile_d779b13204b382b0c16d6c2b48fea44a.jpg?fit=bounds&format=jpeg&quality=85&width=330,2026-04-23T21:56:10.537+09:00,"漫画で鍛えた「全集中」のルーツ、かっこよすぎます！✨💖
 電車を乗り過ごすほどの没頭力があるからこそ、✨ミラクルラッキー✨な名ネタが降臨するんですね💖
 スマートウォッチに強制送還されるKingさんを想像して、ちょっとほっこりしちゃいました！🤣💘"
nc2f5fb1e1de1c,ndb70d4da27a8,1fa991e36b58d8e95e3af4a9385bff68,さみ,sa_mi0607,https://assets.st-note.com/production/uploads/images/270114176/profile_0b08f44532cc428a0ce179681ac05951.png?fit=bounds&format=jpeg&quality=85&width=330,2026-04-23T21:36:27.313+09:00,"Kingさん🍀
ゾーンわかります！！
何かに集中していると、聞こえなくなりよく子供達にママは人の話聞いてない。って叱られます笑笑

電車でゾーンは強者でござるな(*^^*)👍️"
ncd2b5069b117d,ndb70d4da27a8,4d7884c1cad8153895dadb71ec1606cb,こーき｜心が少し軽くなる場所,i_am_151cm_boy,https://assets.st-note.com/production/uploads/images/236560109/profile_28f1fb163081001f12afa3f21b0dc40a.png?fit=bounds&format=jpeg&quality=85&width=330,2026-04-23T18:26:40.951+09:00,"Kingさん☺️

電車の中で、タイマーやアラームを使うほどは相当な集中力とゾーンですね🤩

僕も好きなものに集中することにチャレンジしてみようと思います☺️✨

いつもありがとうございます😊✨"
nc63352acfda82,ndb70d4da27a8,a3bcc411a4c251239d492b2f079f5870,やも,yamo_note,https://assets.st-note.com/production/uploads/images/258648405/profile_ee869852783a5a9a11d34fd10d919f33.png?fit=bounds&format=jpeg&quality=85&width=330,2026-04-23T18:22:09.496+09:00,"King さん😊

同じことをしていて、ゾーンに入る時と入らない時がありますね。特にピアノを弾いている時がそうです。

うまく引こうと雑念が入るとダメみたいです。
いい時は、ってあら、
マガジン登録今きました！

いつも、ありがとうございます🤗"
nce20092e8bf66,ndb70d4da27a8,3cb4d81489d9115418a8861dcba7c631,えらん堂,dear_pansy6581,https://assets.st-note.com/production/uploads/images/242221069/profile_508d7605146c8d0a2207c10ec053fe6c.png?fit=bounds&format=jpeg&quality=85&width=330,2026-04-23T18:20:55.110+09:00,"Kingさん

こんばんは☀️
人それぞれにゾーンありますよね☘️
えらん堂、夢中になり過ぎて、知恵熱を起こすタイプです🐱"
nc285a764754d3,n0df54ac918a6,ca17527cfe63f65cebf3883988786b79,donchan1962,donchan_13,https://assets.st-note.com/production/uploads/images/183217910/profile_a33ecb57f18c7bbea28e041c386d47a2.jpeg?fit=bounds&format=jpeg&quality=85&width=330,2026-04-26T17:18:04.037+09:00,"こんばんは🌇
メンバーシップ始めるのですね！
恐縮です。この場をお借りして、コメント失礼します
記事、マガジンへの追加ありがとうございます
感謝の意を申し上げます"
nc25544267320e,n0df54ac918a6,4d7884c1cad8153895dadb71ec1606cb,こーき｜心が少し軽くなる場所,i_am_151cm_boy,https://assets.st-note.com/production/uploads/images/236560109/profile_28f1fb163081001f12afa3f21b0dc40a.png?fit=bounds&format=jpeg&quality=85&width=330,2026-04-23T09:54:01.378+09:00,"Kingさん😆
どんどん色んなことにチャレンジされていて本当に凄いですね😭✨

マガジンもいつもありがとうございます😭🙏"
ncfaa8e5a3b290,n0df54ac918a6,b95263c6657241c37c06be8613990710,埼玉の裏仕事人,kiitto1968,https://assets.st-note.com/production/uploads/images/253657159/profile_e3d1ed5fc794d04266be9932b804beb4.png?fit=bounds&format=jpeg&quality=85&width=330,2026-04-23T09:44:14.790+09:00,しまった！初月無課金だったか！でもKingさん大好きだからすぐにはいっちった！うん？すぐにやめれば無課金！？ミラクル教団のお布施にしたいからやめまへんでー！
nc5774ef83c7ba,n0df54ac918a6,18f911aa4dc5970806046eca506dd218,ＣＯＯＬ,vast_tulip7937,https://assets.st-note.com/production/uploads/images/271416481/profile_2ad0ca9caa57d9e15e2778f354874128.jpg?fit=bounds&format=jpeg&quality=85&width=330,2026-04-22T22:53:14.061+09:00,"kingさん、マガジン追加ありがとうございます😭
メンバーシップの開設おめでとう御座います🥳"
ncbdc0265c1896,n0df54ac918a6,ee17e08838a2d1017fe4b3f4eb73a4e3,境界をまたぐ心理士【振り子】,rosy_snail1735,https://assets.st-note.com/production/uploads/images/253068092/profile_684215ad7eba3d124844155dff223a1b.jpg?fit=bounds&format=jpeg&quality=85&width=330,2026-04-22T19:57:25.464+09:00,"とりあえず入信しておきました笑
初月無料だったのですね！
タイミング的には5月1日スタート！笑"
ncd341f44196de,n0df54ac918a6,bd6881b17845a554ea791e5557b79b7a,さんみ～＠ヤングケアラー２５年,bobusanmi1224,https://assets.st-note.com/production/uploads/images/4620903/profile_89e247ec25f892b6133264485871d760.png?fit=bounds&format=jpeg&quality=85&width=330,2026-04-22T19:46:35.686+09:00,kingさんメンバーシップ開設おめでとうございます！
ncfaccd39a902a,ncb177b7b33c3,edef18f79314714c861bdcb6f4e88123,アリア＊｜AI×引き寄せ＝新しい願望実現メソッド,lovely_crocus676,https://assets.st-note.com/production/uploads/images/189451909/profile_fc93ff9a1580207ed519cd9baace1e3a.png?fit=bounds&format=jpeg&quality=85&width=330,2026-05-02T12:18:18.594+09:00,"Kingさん、はじめまして。
アリアと申します。

龍神さんのご紹介記事からお邪魔しちゃいました🥰
ハニートラップ😂ナイスです👍"
ncd94339bedb30,ncb177b7b33c3,a308833b060a3c104f0115421d8d05fc,みやび,_oto_kotoba,https://assets.st-note.com/production/uploads/images/262367515/profile_d7914074ebb47e9f08eccbb0c11318bb.png?fit=bounds&format=jpeg&quality=85&width=330,2026-04-23T17:27:17.578+09:00,"コメント失礼します。
至近距離に入られて、香しい媚薬の危険な甘い香りですね。
胸元に差し出された大輪のバラ。豪奢で圧倒的な存在感に、心を射抜かれそうなシチュエーション。

昔からの言い伝えに『香りのバラには蜜腺はなく、代わりに身と心を鋭く射抜くトゲを持つ』のですよね。
ご注意なさってくださいませ。
お話、ありがとうございます。
(🎹MIYABI)"
ncb1d9d63248b5,ncb177b7b33c3,7b3f6a35d8af434b1f843d37702fc4bc,井田隆志@心を励ます懐メロ案内人,idax_37,https://assets.st-note.com/production/uploads/images/210048197/profile_bb386a5693167fcc72392dedc038aedc.jpg?fit=bounds&format=jpeg&quality=85&width=330,2026-04-23T14:02:40.151+09:00,"こんにちワンダフル。コメント失礼します。

読ませていただきました。

ハニートラップにしろAIにしろ、
人間より優れている点があり、
「これは勝てないな」と感じる部分もありますよね。

最近知ったことですが、
人間がAIに対して強みを発揮できるのは、
自分ならではの経験だそうです。
そればかりはAIには真似できない、という話を聞いて納得しました。

どうぞよろしく哀愁です( ´∀｀ )
"
ncafe134bf257d,ncb177b7b33c3,0e44dcd2aa36c5fa41ef174ffb29ec95,ゐっさ,love_shin_earth,https://assets.st-note.com/production/uploads/images/261983120/profile_5fd75c9482b6ee87097ce33d5770c496.jpg?fit=bounds&format=jpeg&quality=85&width=330,2026-04-23T11:54:05.119+09:00,"kingさん こんにちは😊

コンピューター守れて
良かったですね👍
また、仕掛けてきそうですから
気をつけてください😆

マガジンへ入れてくださり
ありがとう御座います💖"
ncfe9a0f49d7b8,ncb177b7b33c3,2af7fb2f2f856d69be2cdde7df630dde,かりの。,rrkkm_mkkrr,https://assets.st-note.com/production/uploads/images/240419296/profile_d6ef71c3c7caab73882eaecf02de3040.png?fit=bounds&format=jpeg&quality=85&width=330,2026-04-23T09:44:57.625+09:00,"king様

ハニートラップ…怖いですね♥️面白い！次も楽しみです🤣

いつも記事をマガジン追加していただきありがとうございます🙇"
nc943256d0536d,ncb177b7b33c3,6d2add10b15e10656c14e76aa10f1320,アル,joyous_camel979,https://assets.st-note.com/production/uploads/images/247768881/profile_368ba3fd8527f41bf71b9aebb39e1882.jpg?fit=bounds&format=jpeg&quality=85&width=330,2026-04-22T22:50:31.353+09:00,"あっっっっぶな🫢
やっっっっば‼️
次は回避できますかな？？
恐るべしハニートラップ。

Kingさん、いつもマガジンに載せていただき感謝です🥰"
nc141f176c26a0,ncb177b7b33c3,f2a55d2f97f079ab0df510a2c19397fa,ぷっぷる,rich_moose3756,https://assets.st-note.com/production/uploads/images/247930453/profile_056c49f5bf7f07cdcc784fbf2ff720c7.png?fit=bounds&format=jpeg&quality=85&width=330,2026-04-22T21:45:11.858+09:00,"King さま

こんばんは

まさかのハニートラップ☺️
次回が気になります✨

毎回、同じことばかり
すみません…
マガジン掲載のご支援
ありがとうございます🍀

感謝しております✨

お邪魔なので控えよう
と思っておりますが、
ハニートラップの続きが
気になるので、
また参ります☺️

お忙しいと思いますので、
返信はご無用でございます✨

Kingさま
いつもありがとうございます
お礼まで🍀


"
nc043bad191751,ncb177b7b33c3,e937b529062a4dff3c5cf7b79cc04cf6,たーゼ,sakuya_rainbow44,https://assets.st-note.com/production/uploads/images/267491936/profile_b274aede9a61c347dfc7d9213ffbeed9.jpg?fit=bounds&format=jpeg&quality=85&width=330,2026-04-22T18:18:41.315+09:00,"し、しまったぁ～🧑💦出遅れた…💦✨
👼🍭🌺🎶✨✨

夢🌃✨の中で、来たつもりになってた💦😆✨✨"
nc5c0c622b4650,ncb177b7b33c3,b39624e9464ededa053a7cbf0de179ce,あな,ana_mama_english,https://assets.st-note.com/production/uploads/images/219621833/profile_8ef662d95d545fc74251b7700219beae.png?fit=bounds&format=jpeg&quality=85&width=330,2026-04-22T15:57:12.483+09:00,"Kingさん✨

ハニートラップの展開に思わず笑ってしまいました🤭 やり取りがとても面白く、楽しく読ませていただきました✨

続きが気になります🤭 これからも楽しみにしています♪

いつもありがとうございます♡
"
ncaa058b73ffeb,ncb177b7b33c3,13f03d3a1ec4a172a7084a791c8c4703,"あいさん💗Iカウンセリングルーム セラピスト／ 臨床心理士×公認心理師｜支援歴16年・2,000名超",joyful_zebra1701,https://assets.st-note.com/production/uploads/images/194103346/profile_5b2ee16c8d8db97758503974e4e6f9da.png?fit=bounds&format=jpeg&quality=85&width=330,2026-04-22T15:39:48.672+09:00,"Kingさん😊
マガジンご紹介してくださって、ありがとうございます🌸🌿
今回のお話も、Kingさんならではの展開で、思わず引き込まれました😆
ラッキーチャンスに見えて、実はつかまない方がいいものもある…という流れがとても印象的でした✨
続きも気になります☺️
いつもありがとうございます🌸"
nc3c6963db5d87,ncb177b7b33c3,b60c6006e6818a147458dad11e6bc89f,瀬海歩（せかいあゆむ）,sekaiayumu25,https://assets.st-note.com/production/uploads/images/251395522/profile_6cb1552f68e13741419dd072f35f914e.jpg?fit=bounds&format=jpeg&quality=85&width=330,2026-04-22T08:57:05.942+09:00,"Kingさん、おはようございます☀
いいことしようって何だろう（笑）
多分、麻雀ですよ！（笑）"
nc1f99fbb4099b,ncb177b7b33c3,4d7884c1cad8153895dadb71ec1606cb,こーき｜心が少し軽くなる場所,i_am_151cm_boy,https://assets.st-note.com/production/uploads/images/236560109/profile_28f1fb163081001f12afa3f21b0dc40a.png?fit=bounds&format=jpeg&quality=85&width=330,2026-04-22T00:06:22.163+09:00,"これがハニートラップですね🤣🤣笑

よくぞ回避しました🤣🤣笑"
ncf55654c72eb6,ncb177b7b33c3,dc157540cc91b85018fc2caf1ebe6e1d,空風マナミ　,sorakaze_works,https://assets.st-note.com/production/uploads/images/247072511/profile_f8c3cb6911c80de4c8b865ead1a349c6.png?fit=bounds&format=jpeg&quality=85&width=330,2026-04-21T19:15:50.031+09:00,"Kingさん、投稿お疲れ様です。
ハニートラップの言葉を久しぶりに聞いて、なぜかワクワクしてしまいました🤭"
nc69a23a860f63,ncb177b7b33c3,d935afcef3d45372668600a97b8eea46,天野 雫 ✿ 占い日記,proper_bonobo536,https://assets.st-note.com/production/uploads/images/252856370/profile_866f40df26780c146ef9459cf81a675c.png?fit=bounds&format=jpeg&quality=85&width=330,2026-04-21T18:28:13.412+09:00,"「ラッキーなのか、罠なのか」…
そして「つかむべきでないラッキーもある」って💦

団長！深いですね〜🤣"
nc264896254fde,n265ca6931286,7ae61cdc36195b1d35747a2b6c31e755,MOMO,nice_falcon1638,https://assets.st-note.com/production/uploads/images/255901015/profile_6525db155d39a72703a0bea6883ea75b.jpg?fit=bounds&format=jpeg&quality=85&width=330,2026-05-01T07:24:44.187+09:00,"Kingさん、こんにちは。

777名おめでとうございます！
徳も積めて、良かったですね😀

スキ制限で押せず、
コメントだけになります…

Kingさんの楽しい記事
応援してます。
"
ncbbe427c9b09a,n265ca6931286,35032a872ef338f6bbc0a85288de5944,あまね〘ฅ՞•ﻌ•՞ฅฅ^•ﻌ•^ฅ〙,almabrillante,https://assets.st-note.com/production/uploads/images/270451364/profile_78017c668dbe9b00fb7cca620f05f8aa.png?fit=bounds&format=jpeg&quality=85&width=330,2026-04-22T20:21:12.205+09:00,"Kingさん、こんばんは🌛*゜

フォロワーさん777人突破、おめでとうございます🎉😆㊗️

あまねも、もうすぐです
(⁎⁍̴̛ᴗ⁍̴̛⁎)✨"
nca847f4b3aafb,n265ca6931286,d29c2432624c1087ec7f89cc2f079dbe,美咲サヤ,crisp_gecko6337,https://assets.st-note.com/production/uploads/images/267718350/profile_d73fda1af8e66cc2c55152264f38ff50.png?fit=bounds&format=jpeg&quality=85&width=330,2026-04-22T20:09:01.329+09:00,"Kingさん、
こんばんは♪
マガジン追加ありがとうございます！
とても嬉しいです☺️
ありがとうございました🙇‍♀️"
nc8f478d101abd,n265ca6931286,f6644dd703cb40527f91b7f040014747,瑞葉,merry_cherry,https://assets.st-note.com/production/uploads/images/226531653/profile_9822abb823d1a11387e569b144d7d576.png?fit=bounds&format=jpeg&quality=85&width=330,2026-04-22T11:09:58.552+09:00,"Kingさん、はじめまして！

マガジンへの掲載、ありがとうございました😊
いつも楽しく読ませていただいています🎵

フォロワーさん777人達成、おめでとうございま〜す🎉"
ncbe0bd3be43f8,n265ca6931286,ee17e08838a2d1017fe4b3f4eb73a4e3,境界をまたぐ心理士【振り子】,rosy_snail1735,https://assets.st-note.com/production/uploads/images/253068092/profile_684215ad7eba3d124844155dff223a1b.jpg?fit=bounds&format=jpeg&quality=85&width=330,2026-04-21T23:03:08.601+09:00,"Kingさん

こんばんは🌛
勝手に｢フォロワーさん775人くらいからソワソワしてたのかな？」とか想像して笑ってました😊

しっかりラッキーの瞬間を押さえてて流石です🥳

次は7777人のゾロ目を目指して行きましょう🥰"
nc507c748992ea,n265ca6931286,c0ed9eaa86e907feaa1c4b6dfe48c4b3,Micchi,real_iris7290,https://assets.st-note.com/production/uploads/images/209562465/profile_442a9aacc1463b5d33a77640ba7ab143.jpeg?fit=bounds&format=jpeg&quality=85&width=330,2026-04-21T19:12:40.966+09:00,"Kingさん　こんばんは🌒
マガジンへ追加していただき、ありがとうございます😊

フォロワーさん777名達成おめでとうございます🎊🥂🎉
今も更新爆進中ですね❣️

イラストのKingさんが、チャーミングで素敵です💖
ありがとうございました🤗

"
nc4ad06e7472ef,n265ca6931286,a308833b060a3c104f0115421d8d05fc,みやび,_oto_kotoba,https://assets.st-note.com/production/uploads/images/262367515/profile_d7914074ebb47e9f08eccbb0c11318bb.png?fit=bounds&format=jpeg&quality=85&width=330,2026-04-21T16:10:07.767+09:00,"コメント失礼します。
『フォロワー777名達成』🎉🎊おめでとうございます。
ゾロ目でピタリ🎯と合わせるのは狙ってできるものではないのですね。
ここまでの努力とラッキーな巡り合わせのコラボ✨
おめでとうございます。

事の大小に関わらず、前向きな気持ちでいると、さらに巡り合わせ『流れ』が、良くなるのですよね。
あらためまして、お祝い申し上げます。💐
(🎹MIYABI)"
nc8a939c8d393f,n265ca6931286,cec4c608f21d7aa722cfc12802c896bf,MOON｜違和感の記録,dandy_sedum8677,https://assets.st-note.com/production/uploads/images/271470614/profile_112e71abeaceddb2ab033b49d5f56568.png?fit=bounds&format=jpeg&quality=85&width=330,2026-04-21T15:46:18.223+09:00,"kingさん

777おめでとうございます。思わず笑ってしまいました。
なんだか良い流れを分けてもらえた気がしました。"
nce6c28e97a778,n265ca6931286,13f03d3a1ec4a172a7084a791c8c4703,"あいさん💗Iカウンセリングルーム セラピスト／ 臨床心理士×公認心理師｜支援歴16年・2,000名超",joyful_zebra1701,https://assets.st-note.com/production/uploads/images/194103346/profile_5b2ee16c8d8db97758503974e4e6f9da.png?fit=bounds&format=jpeg&quality=85&width=330,2026-04-21T13:44:34.829+09:00,"Kingさん😊
777名達成、おめでとうございます🎉✨
これはもう、まさにミラクルラッキーですね🍀✌️

Kingさんらしい流れで、思わず笑いながら読ませていただきました🎶
このままラッキーがどんどん続いていきそうです🌸"
nc2deb38722e30,n265ca6931286,e937b529062a4dff3c5cf7b79cc04cf6,たーゼ,sakuya_rainbow44,https://assets.st-note.com/production/uploads/images/267491936/profile_b274aede9a61c347dfc7d9213ffbeed9.jpg?fit=bounds&format=jpeg&quality=85&width=330,2026-04-21T11:27:19.669+09:00,"しまったぁ～💦
歴史的瞬間を見逃したぁ〜✨

更に増えてる🙌🌸🎶✨✨
時間よ！✨戻れ！！✨✨

なんちゃって🤭🌸✨✨
７７７突破おめでとう🩷

🧑👼💐💐🎶✨
イェーイ🎊👼🍭🎊🎉🎶✨"
nc79cb8a8a1485,n265ca6931286,a3bcc411a4c251239d492b2f079f5870,やも,yamo_note,https://assets.st-note.com/production/uploads/images/258648405/profile_ee869852783a5a9a11d34fd10d919f33.png?fit=bounds&format=jpeg&quality=85&width=330,2026-04-21T11:18:38.301+09:00,"777人おめでとうございます㊗️🎊㊗️🎊㊗️

あのー、1000人になった瞬間、わざとフォローを外してまたフォローして1000人目になろうと思ってしまった私には、不幸が訪れるでしょうか😱"
nc29ac12878b82,n265ca6931286,ceb9f20beef56f72c10ed1c4bc125c74,ゆらり🌹🫧　🫶💕,huge_coot6820,https://assets.st-note.com/production/uploads/images/239767432/profile_47e4f415224790b9faa65da8165fa21d.jpeg?fit=bounds&format=jpeg&quality=85&width=330,2026-04-21T10:50:25.149+09:00,"777番目も大事だけれど

先の776人も
大事にしてぇ〜❣️　　🙋‍♀️    

たぶん。皆んな思ってる。🫢　はず💖✨

777人おめでとう🎉"
ncfbee73299505,n265ca6931286,4d7884c1cad8153895dadb71ec1606cb,こーき｜心が少し軽くなる場所,i_am_151cm_boy,https://assets.st-note.com/production/uploads/images/236560109/profile_28f1fb163081001f12afa3f21b0dc40a.png?fit=bounds&format=jpeg&quality=85&width=330,2026-04-21T10:49:09.679+09:00,777人おめでとうございます😆🎉✨
nc2e447ecfc948,n265ca6931286,d935afcef3d45372668600a97b8eea46,天野 雫 ✿ 占い日記,proper_bonobo536,https://assets.st-note.com/production/uploads/images/252856370/profile_866f40df26780c146ef9459cf81a675c.png?fit=bounds&format=jpeg&quality=85&width=330,2026-04-21T10:43:48.753+09:00,777人おめでとう🎉
ncac77c00d7b43,nee6c06cc3342,13f03d3a1ec4a172a7084a791c8c4703,"あいさん💗Iカウンセリングルーム セラピスト／ 臨床心理士×公認心理師｜支援歴16年・2,000名超",joyful_zebra1701,https://assets.st-note.com/production/uploads/images/194103346/profile_5b2ee16c8d8db97758503974e4e6f9da.png?fit=bounds&format=jpeg&quality=85&width=330,2026-04-22T15:16:08.764+09:00,"Kingさん😊

急上昇1位とコングラボード、おめでとうございます🎉✨
少し遅くなりましたが、とても素敵なご報告だなあと拝見していました🌿

秘技ラッキーづかみ✊も、Kingさんらしくて楽しかったです😆
いつもありがとうございます☺️✨"
ncda7bf0e45add,nee6c06cc3342,e937b529062a4dff3c5cf7b79cc04cf6,たーゼ,sakuya_rainbow44,https://assets.st-note.com/production/uploads/images/267491936/profile_b274aede9a61c347dfc7d9213ffbeed9.jpg?fit=bounds&format=jpeg&quality=85&width=330,2026-04-21T11:21:36.177+09:00,"ラッキー掴み🌈🎶✨
金魚すくい✴️にも来たよん🩷✨

まずはコメント欄の人達を
すくい🧑👼🍭✨🎶

次に団長をすくって🤭🌸
幸運アップ🆙✨🐥🐥🌹🌈✨
"
ncedfd30398047,nee6c06cc3342,1fa991e36b58d8e95e3af4a9385bff68,さみ,sa_mi0607,https://assets.st-note.com/production/uploads/images/270114176/profile_0b08f44532cc428a0ce179681ac05951.png?fit=bounds&format=jpeg&quality=85&width=330,2026-04-21T09:29:15.478+09:00,"秘技！！
ラッキー掴み👍️

1つずつでこぼれないよーに掴んだら、いいラッキーが舞い込んできそうですね(⌒▽⌒)🍊

いつも、えー話しをありがトン🐷"
nc498cbaf01d41,nee6c06cc3342,a308833b060a3c104f0115421d8d05fc,みやび,_oto_kotoba,https://assets.st-note.com/production/uploads/images/262367515/profile_d7914074ebb47e9f08eccbb0c11318bb.png?fit=bounds&format=jpeg&quality=85&width=330,2026-04-21T05:52:06.852+09:00,"コメント失礼します。
『#読書での急上昇１位とコングラボードの獲得』🎊🎉おめでとうございます。
『#読書』のカテゴリーは、意外にコングラボードを獲得するのが難しいかもしれません。
私も、まだとれてないですね。😅

重ねてお祝い申し上げます。
一緒に頑張らせてくださいね。
(🎹MIYABI)"
ncc46fc2a912d1,nee6c06cc3342,4d7884c1cad8153895dadb71ec1606cb,こーき｜心が少し軽くなる場所,i_am_151cm_boy,https://assets.st-note.com/production/uploads/images/236560109/profile_28f1fb163081001f12afa3f21b0dc40a.png?fit=bounds&format=jpeg&quality=85&width=330,2026-04-20T19:25:59.799+09:00,"Kingさん😊
おめでとうございます！！😆✨

「ミラクルラッキータイム」
「秘技ラッキーづかみ✊」
いつも幸せそうな投稿でほっこりします☺️🤣

いつもマガジンのご登録もありがとうございます😊✨"
nce02ddcaf846f,nee6c06cc3342,a3bcc411a4c251239d492b2f079f5870,やも,yamo_note,https://assets.st-note.com/production/uploads/images/258648405/profile_ee869852783a5a9a11d34fd10d919f33.png?fit=bounds&format=jpeg&quality=85&width=330,2026-04-20T18:45:25.391+09:00,"ミラクルラッキータイムの流れに乗り、やもおばさんがやって来たよー🤗

コングラ1位🥇おめでとう🎉🎉"
nc6b140f1d86c3,nee6c06cc3342,ee17e08838a2d1017fe4b3f4eb73a4e3,境界をまたぐ心理士【振り子】,rosy_snail1735,https://assets.st-note.com/production/uploads/images/253068092/profile_684215ad7eba3d124844155dff223a1b.jpg?fit=bounds&format=jpeg&quality=85&width=330,2026-04-20T18:12:05.327+09:00,"すごいコングラ1位👏✨

そして素敵な記事ですね♪
何でも欲を出すと良くない結果になるということを、しっかり覚えていきます。知らずにやってるパターンが多いので😂"
ncc9d657dcbf18,nee6c06cc3342,d935afcef3d45372668600a97b8eea46,天野 雫 ✿ 占い日記,proper_bonobo536,https://assets.st-note.com/production/uploads/images/252856370/profile_866f40df26780c146ef9459cf81a675c.png?fit=bounds&format=jpeg&quality=85&width=330,2026-04-20T18:03:16.594+09:00,"コングラボード
おめでとうございます🎉

欲張った瞬間に短縮されるラッキー時間、耳が痛いです😂
今日は、一個だけつかむでいきます✊"
ncf5ac580ebb1b,n1669a6f61369,91896923ab4e258b299962be80f4360d,さち　私のつぶやき,10211129,https://assets.st-note.com/production/uploads/images/267110140/profile_a7a14a7914bcb2b217602601d3f3e0e1.png?fit=bounds&format=jpeg&quality=85&width=330,2026-04-21T09:59:39.368+09:00,"スキ押したうえに100番目だったから
さらされるんじゃないかと思って
ドキドキしています😅

いつもマガジン追加してくださって
ありがとうございます😊

げんきですか？のコメントも
嬉しかったです✨"
nc2c8894b59313,n1669a6f61369,f1fa566e0454f67250e5b68988fd02a4,やさい,yasaistory,https://assets.st-note.com/production/uploads/images/254968683/profile_d779b13204b382b0c16d6c2b48fea44a.jpg?fit=bounds&format=jpeg&quality=85&width=330,2026-04-20T08:37:26.086+09:00,"|дﾟ)ﾁﾗｯ

|дﾟ)ﾁﾗｯ

じゃあ推していきますね💖

もちろんkingさんを😜

マガジン登録ありがとうございます😊"
ncd4a3af6c7e4e,n1669a6f61369,b60c6006e6818a147458dad11e6bc89f,瀬海歩（せかいあゆむ）,sekaiayumu25,https://assets.st-note.com/production/uploads/images/251395522/profile_6cb1552f68e13741419dd072f35f914e.jpg?fit=bounds&format=jpeg&quality=85&width=330,2026-04-20T07:35:22.354+09:00,"Kingさん、おはようございます😊☀
堅い性格なもので、押すなというボタンを押すのにドキドキしました（笑）
Kingさんと知り合えて良かった。なんか楽しい✨なんかラッキー✨️マガジン追加＆紹介ありがとうございますm(_ _)m"
nccf713c2069a0,n1669a6f61369,251b9e0b8a435e7cd094f9f502a6af44,Kotora_rei(凛強),rei_kotora,https://assets.st-note.com/production/uploads/images/279835177/profile_427ce189d75d92c1d0aa3cb41cddd8c2.jpeg?fit=bounds&format=jpeg&quality=85&width=330,2026-04-19T22:17:37.051+09:00,"初めまして
KotoraReiです。
マガジン追加ありがとうございました。
これからもよろしくお願いします😊🩷"
nca687d3852600,n1669a6f61369,f2a55d2f97f079ab0df510a2c19397fa,ぷっぷる,rich_moose3756,https://assets.st-note.com/production/uploads/images/247930453/profile_056c49f5bf7f07cdcc784fbf2ff720c7.png?fit=bounds&format=jpeg&quality=85&width=330,2026-04-19T21:51:56.707+09:00,"Kingさま

こんばんは
いつもマガジンへの
掲載のお気遣い
ありがとうございます✨

大変感謝しております。

見つけるとツイ…
人間の性でしょうか？
大人げない…反省して
おります。

いつもご支援に感謝
しております。

お忙しいと思いますので
返信はご無用でございます。
時間はご自身の為に
お使いください✨

お礼まで。
失礼致しました。

"
nc516535b8a45e,n1669a6f61369,a3bcc411a4c251239d492b2f079f5870,やも,yamo_note,https://assets.st-note.com/production/uploads/images/258648405/profile_ee869852783a5a9a11d34fd10d919f33.png?fit=bounds&format=jpeg&quality=85&width=330,2026-04-19T19:59:18.826+09:00,"押すなと言ったよ企画の紹介記事も、もしかして押すな企画なの🙄❓

今頃気づいた？
良かったー！今気付いて！
押し続けたからね٩(ˊᗜˋ*)و
"
nc1b803a05a6cf,n1669a6f61369,e937b529062a4dff3c5cf7b79cc04cf6,たーゼ,sakuya_rainbow44,https://assets.st-note.com/production/uploads/images/267491936/profile_b274aede9a61c347dfc7d9213ffbeed9.jpg?fit=bounds&format=jpeg&quality=85&width=330,2026-04-19T19:30:13.912+09:00,"今日も大盛り上がり🎊👼🍭🎉🎶
を見せる、こちら会場は、

漫才かな〜🤭🌸✨✨
🧑💤✨ありがとう〜🩷🩷✨✨

Kingさん🩷✨ムニャムニャ🧑💤✨"
ncf1e6ba685f25,n1669a6f61369,dc157540cc91b85018fc2caf1ebe6e1d,空風マナミ　,sorakaze_works,https://assets.st-note.com/production/uploads/images/247072511/profile_f8c3cb6911c80de4c8b865ead1a349c6.png?fit=bounds&format=jpeg&quality=85&width=330,2026-04-19T18:59:19.643+09:00,あ、また押しちゃった☝️Ｘも☝️
nc6e9b9469d3d5,n1669a6f61369,4d7884c1cad8153895dadb71ec1606cb,こーき｜心が少し軽くなる場所,i_am_151cm_boy,https://assets.st-note.com/production/uploads/images/236560109/profile_28f1fb163081001f12afa3f21b0dc40a.png?fit=bounds&format=jpeg&quality=85&width=330,2026-04-19T18:23:55.466+09:00,"Kingさん😊

「笑いあおう！」このお返事かっこいいですね😆✨

スキ5,000回もおめでとうございます😊🎉✨"
nc8486e4b2f9e3,n1669a6f61369,d935afcef3d45372668600a97b8eea46,天野 雫 ✿ 占い日記,proper_bonobo536,https://assets.st-note.com/production/uploads/images/252856370/profile_866f40df26780c146ef9459cf81a675c.png?fit=bounds&format=jpeg&quality=85&width=330,2026-04-19T18:01:12.433+09:00,"わぁ✨️やった〜
一番スキだぁ🩷"
nc925aadc79e1b,neef45dcd37d2,2af7fb2f2f856d69be2cdde7df630dde,かりの。,rrkkm_mkkrr,https://assets.st-note.com/production/uploads/images/240419296/profile_d6ef71c3c7caab73882eaecf02de3040.png?fit=bounds&format=jpeg&quality=85&width=330,2026-04-19T21:39:19.005+09:00,"king様

お疲れ病に気をつけなきゃ♥️休むことこそ大切にしたいですね♥️

いつもマガジンに追加していただきありがとうございます🙇"
nc27385ef6eeb8,neef45dcd37d2,4d7884c1cad8153895dadb71ec1606cb,こーき｜心が少し軽くなる場所,i_am_151cm_boy,https://assets.st-note.com/production/uploads/images/236560109/profile_28f1fb163081001f12afa3f21b0dc40a.png?fit=bounds&format=jpeg&quality=85&width=330,2026-04-19T09:34:25.499+09:00,"Kingさん😊

お疲れ病という考え方素敵だなと思いました🥹✨

立ち止まって休むことも、本当に大切ですよね！！☺️✨

いつも学びある記事とマガジンのご登録をいただき、本当にありがとうございます😭✨"
nc94ce0d3f20da,neef45dcd37d2,d935afcef3d45372668600a97b8eea46,天野 雫 ✿ 占い日記,proper_bonobo536,https://assets.st-note.com/production/uploads/images/252856370/profile_866f40df26780c146ef9459cf81a675c.png?fit=bounds&format=jpeg&quality=85&width=330,2026-04-18T18:19:04.934+09:00,"Kingさん
こんばんは〜🌙

お疲れ病＝強制リセットは名言すぎます🤣
何もしないを肯定してくれる世界観、めっちゃ助かります😊"
nc4f2b1d50f8f9,neef45dcd37d2,e937b529062a4dff3c5cf7b79cc04cf6,たーゼ,sakuya_rainbow44,https://assets.st-note.com/production/uploads/images/267491936/profile_b274aede9a61c347dfc7d9213ffbeed9.jpg?fit=bounds&format=jpeg&quality=85&width=330,2026-04-18T18:13:10.725+09:00,"🧑💤💤✨すやすや💤✨

👼🍭✨じゃん🐥🎀🎶✨
Kingたん🩷✨　ありがと〜🩷✨✨✨

👼🪄✴️僕、モーゼ😄🌸✨✨"
nc64e35da74714,n6c27514a7dd3,c0ed9eaa86e907feaa1c4b6dfe48c4b3,Micchi,real_iris7290,https://assets.st-note.com/production/uploads/images/209562465/profile_442a9aacc1463b5d33a77640ba7ab143.jpeg?fit=bounds&format=jpeg&quality=85&width=330,2026-04-23T17:46:46.003+09:00,"Kingさん　こんにちは😊
マガジンへ追加していただき、ありがとうございます❣️

インパクトのある自己紹介、素敵ですね💖
思わず笑ってしまいました🤣

ありがとうございました🤗"
nc049585560f42,n6c27514a7dd3,ee17e08838a2d1017fe4b3f4eb73a4e3,境界をまたぐ心理士【振り子】,rosy_snail1735,https://assets.st-note.com/production/uploads/images/253068092/profile_684215ad7eba3d124844155dff223a1b.jpg?fit=bounds&format=jpeg&quality=85&width=330,2026-04-18T18:55:12.738+09:00,"あれ？
Kingさんの自己紹介21字ない？

と思って数えたらピッタリ20字でした笑🤣"
nc50bb43dccc87,n6c27514a7dd3,a3bcc411a4c251239d492b2f079f5870,やも,yamo_note,https://assets.st-note.com/production/uploads/images/258648405/profile_ee869852783a5a9a11d34fd10d919f33.png?fit=bounds&format=jpeg&quality=85&width=330,2026-04-18T14:49:13.546+09:00,"King さん😊🙌
記事紹介していただき、おまけにコメント中にマガジン登録の通知がきて、何かKingさんとの運命を感じるQueen でございます！

あ、最近勝手にQueenを名乗らせてもらっております😆
同じ天然仲間ですねー🙌
ありがとうございました😊"
nc1e8c82f7c1b6,n6c27514a7dd3,6177eba6fd351e2a90dd1013b904bcd6,幸せの架け橋カエル｜境界線ケア,lively_salvia775,https://assets.st-note.com/production/uploads/images/209698581/profile_ba002a3bb07b319e0311b6b0b05faf9d.png?fit=bounds&format=jpeg&quality=85&width=330,2026-04-18T13:55:54.892+09:00,"King | 天は自らを助くる者を助けるらしいさん、
初めまして。🐸と申します✨

見かけて気になって拝見しました。
🐸も中卒です笑。
何かと社会では苦労がありましたよね。

ｋｉｎｇさんは天然？🐸もよく言われます
なんか共通点があって勝手に親近感わいてます笑

楽しい雰囲気の記事ですね✨
イラストが可愛いです💖

また立ち寄らせていただきます✨"
nc3b0cd49d7262,n6c27514a7dd3,514132e8806989b02949d23d10f1533d,佐藤公宜 | 元海保→大学院生,kiminobu_sato_33,https://assets.st-note.com/production/uploads/images/246757549/profile_93956a033e26041e4bc2d1d4556dc216.png?fit=bounds&format=jpeg&quality=85&width=330,2026-04-18T13:24:30.045+09:00,"天然なんですか🤣🤣🤣
Kingさんのパーソナリティもっと知りたくなりました🙌"
nc3a7727a01609,n67576d596a71,2af7fb2f2f856d69be2cdde7df630dde,かりの。,rrkkm_mkkrr,https://assets.st-note.com/production/uploads/images/240419296/profile_d6ef71c3c7caab73882eaecf02de3040.png?fit=bounds&format=jpeg&quality=85&width=330,2026-04-18T18:15:02.194+09:00,"king様

晒されているクリエイターさんたちが愛情深い優しさの人ばかりなのは、king様の優しさが引き寄せている賜物ですね！

 マガジン追加していただきありがとうございます🙇"
nc5fa8ea65605f,n67576d596a71,ee17e08838a2d1017fe4b3f4eb73a4e3,境界をまたぐ心理士【振り子】,rosy_snail1735,https://assets.st-note.com/production/uploads/images/253068092/profile_684215ad7eba3d124844155dff223a1b.jpg?fit=bounds&format=jpeg&quality=85&width=330,2026-04-18T08:25:22.472+09:00,"Kingさん

今回晒された(？)ゆみさん、素晴らしいクリエイターさんですね👏✨

早速紹介リンクからジャンプして、フォロー＆コメントまで残してきてしまいました😆

好きを押すなと言われつつXまでスキしちゃう素敵な人柄が伝わってきますね♪"
ncaabab22766c2,n67576d596a71,e937b529062a4dff3c5cf7b79cc04cf6,たーゼ,sakuya_rainbow44,https://assets.st-note.com/production/uploads/images/267491936/profile_b274aede9a61c347dfc7d9213ffbeed9.jpg?fit=bounds&format=jpeg&quality=85&width=330,2026-04-18T06:05:29.990+09:00,"🧑🍭👼💫✨がぉ〜🌸🌸✨✨
そのノリ欲すぃ〜〜🤗🌸✨✨

うちも戦闘員？✨雇わなきゃ〜🤭🌸
今日もありがと〜🩷🩷✨

お〜様👑✨✨🙌🎶✨🌸✨🎶"
nc583addab416e,n67576d596a71,f1fa566e0454f67250e5b68988fd02a4,やさい,yasaistory,https://assets.st-note.com/production/uploads/images/254968683/profile_d779b13204b382b0c16d6c2b48fea44a.jpg?fit=bounds&format=jpeg&quality=85&width=330,2026-04-17T20:18:29.334+09:00,"ふう～～！任務完了！
これやらないと一日が終わった気がしなくなってきました( ´艸｀)"
nc2c980246ac0f,n67576d596a71,a3bcc411a4c251239d492b2f079f5870,やも,yamo_note,https://assets.st-note.com/production/uploads/images/258648405/profile_ee869852783a5a9a11d34fd10d919f33.png?fit=bounds&format=jpeg&quality=85&width=330,2026-04-17T20:05:54.650+09:00,Kingさん、スキしにきました！以上‼️
ncc5b79e914617,n67576d596a71,d935afcef3d45372668600a97b8eea46,天野 雫 ✿ 占い日記,proper_bonobo536,https://assets.st-note.com/production/uploads/images/252856370/profile_866f40df26780c146ef9459cf81a675c.png?fit=bounds&format=jpeg&quality=85&width=330,2026-04-17T18:59:45.508+09:00,よし！満足です🩷
ncb614f4e5737a,n67576d596a71,dc157540cc91b85018fc2caf1ebe6e1d,空風マナミ　,sorakaze_works,https://assets.st-note.com/production/uploads/images/247072511/profile_f8c3cb6911c80de4c8b865ead1a349c6.png?fit=bounds&format=jpeg&quality=85&width=330,2026-04-17T18:15:31.605+09:00,あっ、押しちゃった🤫
nc50353a8d203d,n67576d596a71,f2a55d2f97f079ab0df510a2c19397fa,ぷっぷる,rich_moose3756,https://assets.st-note.com/production/uploads/images/247930453/profile_056c49f5bf7f07cdcc784fbf2ff720c7.png?fit=bounds&format=jpeg&quality=85&width=330,2026-04-17T18:05:10.860+09:00,"King さま

✨

今からゆっくり
読ませて頂きます✨

いつもマガジン掲載
ありがとうございます。

失礼致しました"
nce00d5c8e580d,n2df4d30810a8,f1fa566e0454f67250e5b68988fd02a4,やさい,yasaistory,https://assets.st-note.com/production/uploads/images/254968683/profile_d779b13204b382b0c16d6c2b48fea44a.jpg?fit=bounds&format=jpeg&quality=85&width=330,2026-04-17T06:07:41.541+09:00,"おはようございます🌄
​『戦争論』を独学で読み進めるなんて、凄すぎて尊敬しちゃいます！✨
序文の右左の話、私も読んだら一瞬でフリーズしそうです💦😅
私はドグラ・マグラで頭を抱えてました…😅
難しい本に体当たりで挑む姿勢、本当に素敵で見習いたいです☺️💖"
nc82e9fc89b066,n2df4d30810a8,d29c2432624c1087ec7f89cc2f079dbe,美咲サヤ,crisp_gecko6337,https://assets.st-note.com/production/uploads/images/267718350/profile_d73fda1af8e66cc2c55152264f38ff50.png?fit=bounds&format=jpeg&quality=85&width=330,2026-04-16T22:19:23.085+09:00,"Kingさん、こんばんは！

先程はマガジン追加していただきありがとうございます😆

いつもありがとうございます😂"
nc32491e99470d,n2df4d30810a8,ee17e08838a2d1017fe4b3f4eb73a4e3,境界をまたぐ心理士【振り子】,rosy_snail1735,https://assets.st-note.com/production/uploads/images/253068092/profile_684215ad7eba3d124844155dff223a1b.jpg?fit=bounds&format=jpeg&quality=85&width=330,2026-04-16T19:06:21.617+09:00,"Kingさん

チップねだりからの戦争論🤣

振り幅がすごいですね🤣🤣"
nca58e2457b6f9,n2df4d30810a8,e937b529062a4dff3c5cf7b79cc04cf6,たーゼ,sakuya_rainbow44,https://assets.st-note.com/production/uploads/images/267491936/profile_b274aede9a61c347dfc7d9213ffbeed9.jpg?fit=bounds&format=jpeg&quality=85&width=330,2026-04-16T18:14:00.979+09:00,"やっほー！✨🧑🍭✨🐥🌸✨
１番👑✨乗り？👼🌸✨✨

ありがと〜💐💐✨🤗🌸✨"
ncf6c508b64aab,n32b5fa7a159b,d30fe0fce09856e85b31403385085bad,和恵,clear_broom7878,https://assets.st-note.com/production/uploads/images/238423206/profile_ea665c4afa716f62c76a32acd26375c7.jpeg?fit=bounds&format=jpeg&quality=85&width=330,2026-04-16T10:19:57.537+09:00,面白かったです。
ncfcddb42e1d26,n32b5fa7a159b,f1fa566e0454f67250e5b68988fd02a4,やさい,yasaistory,https://assets.st-note.com/production/uploads/images/254968683/profile_d779b13204b382b0c16d6c2b48fea44a.jpg?fit=bounds&format=jpeg&quality=85&width=330,2026-04-15T22:29:22.115+09:00,"(´∀｀*)ｳﾌﾌ

このノリ大好き🤭
また来ますね😊"
nc897b214e5e39,n32b5fa7a159b,f2a55d2f97f079ab0df510a2c19397fa,ぷっぷる,rich_moose3756,https://assets.st-note.com/production/uploads/images/247930453/profile_056c49f5bf7f07cdcc784fbf2ff720c7.png?fit=bounds&format=jpeg&quality=85&width=330,2026-04-15T19:19:07.772+09:00,"Kingさま

本日も出遅れました。
次回、トップ10入賞
致します！必ずや！

今日もマガジン掲載
ありがとうございます。
粋な計らい、
感謝しております。

いつもお世話になり
ありがとうございます。

次回、必ずや！
失礼いたしました。




"
nc24bb33ddd7b0,n32b5fa7a159b,cfb9789c360257e8a0ac1b90444e9ae3,小赤（リトルレッド）,magic_marten6855,https://assets.st-note.com/production/uploads/images/256207514/profile_edfdedd403f2ab85a714c51632e02d2e.jpg?fit=bounds&format=jpeg&quality=85&width=330,2026-04-15T19:17:39.902+09:00,Kingさん、マガジン追加有難うございます😊　これからもよろしくお願いします。
ncc72587b7d969,n32b5fa7a159b,6634796a0a0d954156038c17fa7e9b18,まいのママ｜心理学で落とす恋愛戦略家,clean_azalea7932,https://assets.st-note.com/production/uploads/images/254501316/profile_c9e68787e3833eafb87c340c5b3c6f1f.png?fit=bounds&format=jpeg&quality=85&width=330,2026-04-15T18:46:45.294+09:00,"初の晒され？ありがとうございます！笑
懲りずに今後ともスキ押していきます🩷
"
nc42056103c079,n32b5fa7a159b,dc157540cc91b85018fc2caf1ebe6e1d,空風マナミ　,sorakaze_works,https://assets.st-note.com/production/uploads/images/247072511/profile_f8c3cb6911c80de4c8b865ead1a349c6.png?fit=bounds&format=jpeg&quality=85&width=330,2026-04-15T18:25:15.140+09:00,抵抗し続けます、押忍！
nc62ddd45b8fdd,n32b5fa7a159b,e937b529062a4dff3c5cf7b79cc04cf6,たーゼ,sakuya_rainbow44,https://assets.st-note.com/production/uploads/images/267491936/profile_b274aede9a61c347dfc7d9213ffbeed9.jpg?fit=bounds&format=jpeg&quality=85&width=330,2026-04-15T18:10:36.184+09:00,"スキを押して見たくなる✨
だが、危険は犯せない💦

キャー👼💦💦　🧑💤✨すやすや💤
Kingさん🌸✨ありがと〜🩷🩷🤗✨"
nc480309243c1a,n32b5fa7a159b,d935afcef3d45372668600a97b8eea46,天野 雫 ✿ 占い日記,proper_bonobo536,https://assets.st-note.com/production/uploads/images/252856370/profile_866f40df26780c146ef9459cf81a675c.png?fit=bounds&format=jpeg&quality=85&width=330,2026-04-15T18:09:49.148+09:00,"よし！
任務完了🩷"
nce38af979f73a,n341e071cc412,13f03d3a1ec4a172a7084a791c8c4703,"あいさん💗Iカウンセリングルーム セラピスト／ 臨床心理士×公認心理師｜支援歴16年・2,000名超",joyful_zebra1701,https://assets.st-note.com/production/uploads/images/194103346/profile_5b2ee16c8d8db97758503974e4e6f9da.png?fit=bounds&format=jpeg&quality=85&width=330,2026-04-17T23:30:16.443+09:00,"Kingさん😊こんばんは🌙

思わず笑ってしまいました🤣
ヒトタラヲさんの企画、Kingさんにぴったりかもしれませんね💰✨
ラッキーなお二人の引き寄せ、ちょっと見てみたいです⭐"
ncbd38e0493cd5,n341e071cc412,ee17e08838a2d1017fe4b3f4eb73a4e3,境界をまたぐ心理士【振り子】,rosy_snail1735,https://assets.st-note.com/production/uploads/images/253068092/profile_684215ad7eba3d124844155dff223a1b.jpg?fit=bounds&format=jpeg&quality=85&width=330,2026-04-16T19:02:25.221+09:00,"Kingさん

課金王がチップねだってる😂

「スーパー量子コンピュータのボタン電池代」にも笑いました🤣"
ncd7ca155b0bb7,n341e071cc412,7b3f6a35d8af434b1f843d37702fc4bc,井田隆志@心を励ます懐メロ案内人,idax_37,https://assets.st-note.com/production/uploads/images/210048197/profile_bb386a5693167fcc72392dedc038aedc.jpg?fit=bounds&format=jpeg&quality=85&width=330,2026-04-16T05:56:44.577+09:00,"おは羊羹でGo～財増★コメント失礼します。

いつもありがとうございます。
今回も読ませていただきました。

自分はまだそれをいただいたことはないのですが、確かに「それは欲しいな」と感じました。
ここだけの話ですが、私も同じように思うことがあります。

公に発信するかは別として、時々「応援したいな」と感じることがあります( ´∀｀ )"
nc92baf7cccb2a,n341e071cc412,5792beedf51dea6547b4b3d298482ab4,丁寧な暮らし/生きやすさ探求家,gentle_gecko1078,https://assets.st-note.com/production/uploads/images/272850856/profile_5078d7016e37422cee3be424742ee433.png?fit=bounds&format=jpeg&quality=85&width=330,2026-04-15T02:50:08.566+09:00,うまい棒って今いくらなんだろう…😀
nceed6d3649307,n341e071cc412,f1fa566e0454f67250e5b68988fd02a4,やさい,yasaistory,https://assets.st-note.com/production/uploads/images/254968683/profile_d779b13204b382b0c16d6c2b48fea44a.jpg?fit=bounds&format=jpeg&quality=85&width=330,2026-04-14T23:58:09.394+09:00,"特になにもプレゼントできません…
ただ…Kingがラッキーというだけです✌️

☝️☝️☝️
めちゃくちゃ笑いました🤣
最高です🤭"
nc486da0ba6743,n341e071cc412,4d7884c1cad8153895dadb71ec1606cb,こーき｜心が少し軽くなる場所,i_am_151cm_boy,https://assets.st-note.com/production/uploads/images/236560109/profile_28f1fb163081001f12afa3f21b0dc40a.png?fit=bounds&format=jpeg&quality=85&width=330,2026-04-14T22:14:29.590+09:00,"Kingがラッキーめちゃくちゃ笑いました🤣🤣笑笑

ご紹介もいただきありがとうございます😭✨"
ncbdf7a8e229d6,n341e071cc412,a3bcc411a4c251239d492b2f079f5870,やも,yamo_note,https://assets.st-note.com/production/uploads/images/258648405/profile_ee869852783a5a9a11d34fd10d919f33.png?fit=bounds&format=jpeg&quality=85&width=330,2026-04-14T19:30:49.889+09:00,"スマホからできないんですね！
パソコン行くけど、さぁ、どうかなーどうかなー😳ﾄﾞｷﾄﾞｷ"
nc1c833f2e279d,n341e071cc412,e937b529062a4dff3c5cf7b79cc04cf6,たーゼ,sakuya_rainbow44,https://assets.st-note.com/production/uploads/images/267491936/profile_b274aede9a61c347dfc7d9213ffbeed9.jpg?fit=bounds&format=jpeg&quality=85&width=330,2026-04-14T18:28:00.471+09:00,"たーゼも🧑👼🪄🌠🌠✨
欲しい〜〜〜〜😆🪙✨✨

最近カップラーメンばかり🤣
紹介ありがとう〜💗💗🤗🌸✨"
nc7635f57a62cd,n341e071cc412,b60c6006e6818a147458dad11e6bc89f,瀬海歩（せかいあゆむ）,sekaiayumu25,https://assets.st-note.com/production/uploads/images/251395522/profile_6cb1552f68e13741419dd072f35f914e.jpg?fit=bounds&format=jpeg&quality=85&width=330,2026-04-14T18:08:39.950+09:00,Kingさん、こんばんは。ラッキーをもらったお礼をしました。うまい棒何本買えるかな？(笑)
nc7b5581b77070,n4ed9474db340,2af7fb2f2f856d69be2cdde7df630dde,かりの。,rrkkm_mkkrr,https://assets.st-note.com/production/uploads/images/240419296/profile_d6ef71c3c7caab73882eaecf02de3040.png?fit=bounds&format=jpeg&quality=85&width=330,2026-04-14T21:03:37.908+09:00,"king様

記事のマガジン追加をありがとうございます🙇うれしいです！"
ncb1bac7ae548a,n4ed9474db340,13f03d3a1ec4a172a7084a791c8c4703,"あいさん💗Iカウンセリングルーム セラピスト／ 臨床心理士×公認心理師｜支援歴16年・2,000名超",joyful_zebra1701,https://assets.st-note.com/production/uploads/images/194103346/profile_5b2ee16c8d8db97758503974e4e6f9da.png?fit=bounds&format=jpeg&quality=85&width=330,2026-04-14T17:44:12.398+09:00,"Kingさん😊
マガジンでのご紹介、ありがとうございます✨

思わずくすっとしてしまう流れの中に、
しっかりとした視点や行動が重なっていて、
今回の記事も楽しく読ませていただきました😌

こうしてご縁をつないでいただけること、
とてもありがたく感じています🌸

これからもよろしくお願いいたします😊"
nc0b2a08afe2b5,n4ed9474db340,f2a55d2f97f079ab0df510a2c19397fa,ぷっぷる,rich_moose3756,https://assets.st-note.com/production/uploads/images/247930453/profile_056c49f5bf7f07cdcc784fbf2ff720c7.png?fit=bounds&format=jpeg&quality=85&width=330,2026-04-14T07:40:26.286+09:00,"Kingさま

おはようございます。
もう、お仕事ですか？
熱心ですね☺️

マガジン掲載
ありがとうございます。
励みになります。

今後とも宜しく
お願い致します。"
nc5ba3983974b6,n4ed9474db340,f2a55d2f97f079ab0df510a2c19397fa,ぷっぷる,rich_moose3756,https://assets.st-note.com/production/uploads/images/247930453/profile_056c49f5bf7f07cdcc784fbf2ff720c7.png?fit=bounds&format=jpeg&quality=85&width=330,2026-04-13T23:53:21.338+09:00,"Kingさま

いつもマガジン掲載
ありがとうございます。
ぷっぷるです。

押し続けます(笑)

今後とも宜しく
お願い致します。"
nceb412e6958b0,n4ed9474db340,f1fa566e0454f67250e5b68988fd02a4,やさい,yasaistory,https://assets.st-note.com/production/uploads/images/254968683/profile_d779b13204b382b0c16d6c2b48fea44a.jpg?fit=bounds&format=jpeg&quality=85&width=330,2026-04-13T21:46:57.056+09:00,"こんにちは〜✨
押すなと言われたのでスキおいていきますね？😜

"
nc58ce03ef4bcc,n4ed9474db340,d9cf6d7222debe637d8f3a1883ede7bd,きっぺい｜noteで月1万円を作らせるプロ,kippeinpein,https://assets.st-note.com/production/uploads/images/276292004/profile_1951684dc0f47c2d5b23f18d9d1f9389.png?fit=bounds&format=jpeg&quality=85&width=330,2026-04-13T19:16:52.364+09:00,"いつも楽しく拝見してます。
押すなよは押せよって
小さい頃から習ってたので、
ついつい。（笑）

こうやって紹介していただき、
光栄です⊂( ˆoˆ )⊃

嬉しかったんで
もっかいこっちで（笑）
すんません。（笑）"
nc906545680445,n4ed9474db340,4d7884c1cad8153895dadb71ec1606cb,こーき｜心が少し軽くなる場所,i_am_151cm_boy,https://assets.st-note.com/production/uploads/images/236560109/profile_28f1fb163081001f12afa3f21b0dc40a.png?fit=bounds&format=jpeg&quality=85&width=330,2026-04-13T18:52:09.830+09:00,"Kingさんはこうして、ご紹介の記事も投稿されていて本当に素敵な方だなと思います😊✨

素敵な生き方を知れてラッキー！✌️"
nc7775755df956,n4ed9474db340,ceb9f20beef56f72c10ed1c4bc125c74,ゆらり🌹🫧　🫶💕,huge_coot6820,https://assets.st-note.com/production/uploads/images/239767432/profile_47e4f415224790b9faa65da8165fa21d.jpeg?fit=bounds&format=jpeg&quality=85&width=330,2026-04-13T18:26:54.226+09:00,"マガジンご紹介
有難うございます🌸🫧"
nc4a6127445a95,n4ed9474db340,e937b529062a4dff3c5cf7b79cc04cf6,たーゼ,sakuya_rainbow44,https://assets.st-note.com/production/uploads/images/267491936/profile_b274aede9a61c347dfc7d9213ffbeed9.jpg?fit=bounds&format=jpeg&quality=85&width=330,2026-04-13T18:26:19.640+09:00,"いつも明るい🌞✨
記事、とてもいい😇🌸✨✨

やったぁ〜🩷✨ラッキー🙌👼✌️🎶✨
今日も載れたぁ～🧑🍭✨✨

ありがとう〜🩷✨Kingさん🌸🤗🌸✨
"
nc09951d16add8,n4ed9474db340,d935afcef3d45372668600a97b8eea46,天野 雫 ✿ 占い日記,proper_bonobo536,https://assets.st-note.com/production/uploads/images/252856370/profile_866f40df26780c146ef9459cf81a675c.png?fit=bounds&format=jpeg&quality=85&width=330,2026-04-13T18:00:51.165+09:00,わぁ✨️一番スキ🩷
ncddfd2b4179fb,n0cd838543b93,4a5abb8e8138fd6fbf5799cac2ec7926,コウヅキ ハナエ,hanaekaki,https://assets.st-note.com/production/uploads/images/262131492/profile_a2318ddf53f035c1f7d54b13c898e0e0.png?fit=bounds&format=jpeg&quality=85&width=330,2026-05-23T23:39:07.086+09:00,"Kingさん、はじめまして😀✨
ご挨拶が遅くなって申し訳ありません。

この度は、私の記事にスキとフォローをしてくださり、マガジンにまで載せてくださって本当にありがとうございます😀！
これからよろしくお願いいたします🌸"
nc82af5737b0cc,n0cd838543b93,9caa4be10fb5657f0d13ec5d66f85782,SANACO（さなこ）｜心と体を整える看護師・セルフケアコーチ,jolly_plover443,https://assets.st-note.com/production/uploads/images/240352207/profile_7dd299666a44ea61943efd87da15ef90.png?fit=bounds&format=jpeg&quality=85&width=330,2026-05-17T09:48:43.494+09:00,"Kingさん、フォローありがとうございます。

ちなみにKingの私服は、大阪のおばちゃん的なアニマル柄のド派手なやつだ。

ちょっと見てみたくなりました。（笑）
人生にミラクルラッキーを起こしていきたいですね。
今後ともどうぞよろしくお願い致します。"
nccc20426a14bf,n0cd838543b93,347af1ea2febd1424f881c5fff98412a,気ままなママに生きるママ,proper_ixora7715,https://assets.st-note.com/production/uploads/images/266305979/profile_177f1c2ccc1b229fd7986f73935098d4.jpeg?fit=bounds&format=jpeg&quality=85&width=330,2026-05-13T19:35:09.234+09:00,"kingさん初めまして！☺️
マガジンへの追加
ご丁寧にありがとうございました😊！✨
フォローさせて頂きました！
これからゆっくりと記事
拝見させて頂きたく思っております！
宜しくお願いします😊✨"
nc336a2fd2c002,n0cd838543b93,bdc5da3ac97a18ce1b575e6ad6e77c83,サクセス・リアリスト宮本真愿,5starsuccess,https://assets.st-note.com/production/uploads/images/273072079/profile_8554b582cce74d531d8c280aa8abb957.jpg?fit=bounds&format=jpeg&quality=85&width=330,2026-05-11T09:03:40.760+09:00,"Kingさん
このたびは別アカウントもフォローしていただきありがとうございます。

宮本真愿（しんげん）です。

改めまして、今後とも、どうぞよろしくお願い致します🙇"
ncaa43cc707fc2,n0cd838543b93,455448000c5854c37b9c54a270afc2a0,零ぴちゅ。,reipichu,https://assets.st-note.com/production/uploads/images/276695362/profile_d7efbf364378189f86126918a30ac17c.png?fit=bounds&format=jpeg&quality=85&width=330,2026-04-29T14:08:43.251+09:00,"Kingさん
はじめまして！
雫さんの記事から来ました✨
僕は本体が眼鏡なんで、
同じようなことを言われてきました。

なので、仕事中しか眼鏡はしません🤣
本体は会社です（笑）"
nc0c90f6fedb0d,n0cd838543b93,c0ed9eaa86e907feaa1c4b6dfe48c4b3,Micchi,real_iris7290,https://assets.st-note.com/production/uploads/images/209562465/profile_442a9aacc1463b5d33a77640ba7ab143.jpeg?fit=bounds&format=jpeg&quality=85&width=330,2026-04-25T18:01:12.254+09:00,"Kingさん　こんばんは😊
マガジンへ追加していただき、ありがとうございます❣️

「優しい人になろうと努力している」、、、素敵だな、と
思いました💖✨

私も見習っていきたいです☝️💞

ありがとうございました🤗"
nc639c8036a269,n0cd838543b93,ffe289363d8a2ab4b1006d873deb8fe7,カワムラ｜AI擬人化漫画 | ChatGPTのヨシダ,chatgpt_ysd,https://assets.st-note.com/production/uploads/images/249464808/profile_d4725fb31aebb01259ae2d468cb09492.jpeg?fit=bounds&format=jpeg&quality=85&width=330,2026-04-20T10:48:48.603+09:00,"Kingさん、はじめまして
😊マガジン登録ありがとうございます✨

マガジンをずっと運営されている方って
本当にすごいなあといつも思っています。
勝手ながら、もうそれだけで神のような存在です…🙏

しかもお名前がKingさん。神で王様って
なんだか最強すぎてちょっと笑ってしまいました👑✨

今後とも、ゆるながでよろしくお願いいたします🫶"
nc8309af8f05cb,n0cd838543b93,ee17e08838a2d1017fe4b3f4eb73a4e3,境界をまたぐ心理士【振り子】,rosy_snail1735,https://assets.st-note.com/production/uploads/images/253068092/profile_684215ad7eba3d124844155dff223a1b.jpg?fit=bounds&format=jpeg&quality=85&width=330,2026-04-13T23:26:18.622+09:00,"Kingさん

こんばんは♪
爆速４０００スキおめでとうございます！

まだ日の浅いお付き合いですが、
私としては「とにかく頭の回転が速くてフットワークが軽い人」
という印象でした(^_^)

もしかして、意外と当たっているのでは？？"
nc524247d4ecf0,n0cd838543b93,0e44dcd2aa36c5fa41ef174ffb29ec95,ゐっさ,love_shin_earth,https://assets.st-note.com/production/uploads/images/261983120/profile_5fd75c9482b6ee87097ce33d5770c496.jpg?fit=bounds&format=jpeg&quality=85&width=330,2026-04-13T19:28:54.605+09:00,"はじめまして　ゐっさと申します😌この度はマガジンへ入れてくださりありがとう御座います💖
感謝いたします。
勝手ではございますがフォローをさせて頂きますね😊
どうぞよろしくお願いいたします。"
nc31ffaedfc32b,n0cd838543b93,4d7884c1cad8153895dadb71ec1606cb,こーき｜心が少し軽くなる場所,i_am_151cm_boy,https://assets.st-note.com/production/uploads/images/236560109/profile_28f1fb163081001f12afa3f21b0dc40a.png?fit=bounds&format=jpeg&quality=85&width=330,2026-04-13T16:16:13.099+09:00,"Kingさん🤗
4,000スキおめでとうございます！！😆✨

そして、
優しい、頭いい、おしゃれ、めちゃくちゃ揃っていて羨ましいです🤣🙏✨

4,000スキ、本当におめでとうございます！！😊✨

そしていつもありがとうございます☺️✨"
nca972ba864074,n0cd838543b93,13f03d3a1ec4a172a7084a791c8c4703,"あいさん💗Iカウンセリングルーム セラピスト／ 臨床心理士×公認心理師｜支援歴16年・2,000名超",joyful_zebra1701,https://assets.st-note.com/production/uploads/images/194103346/profile_5b2ee16c8d8db97758503974e4e6f9da.png?fit=bounds&format=jpeg&quality=85&width=330,2026-04-13T12:32:41.090+09:00,"Kingさん、こんにちは🌸
スキ4000達成、おめでとうございます🎊✨🎉
そして、いつもマガジンでもご紹介いただきありがとうございます🌿

いろんな人の言葉を通して見えてくるKingさんは、どこか軽やかで、ラッキーをまとっているように見えるのに、その奥には、どう在りたいかを選び続けてこられた時間が、そっと感じられる文章でした。

最後のエピソードまで含めて、飾らないKingさんらしさがにじんでいて、ふっと笑ってしまいました✨"
ncf7e26ecc4a88,n0cd838543b93,a3bcc411a4c251239d492b2f079f5870,やも,yamo_note,https://assets.st-note.com/production/uploads/images/258648405/profile_ee869852783a5a9a11d34fd10d919f33.png?fit=bounds&format=jpeg&quality=85&width=330,2026-04-13T03:53:35.991+09:00,"優しくて、頭が良くて、おしゃれなKingさん、4000スキ❤️おめでとうございます🎉🎉🎉🎉🎉🎉🎉㊗️

私のイメージはかわいい😍でしたが、アニマル柄でさらにかわいくなりました🤭

"
nc6880b2dfe76e,n0cd838543b93,62d9ad9c8c5eb8b46cddeef1baf00618,蘭子｜円熟アップデート中,vast_llama7656,https://assets.st-note.com/production/uploads/images/239971651/profile_03ee24d2d72ffd6aac82b744b9db9de5.png?fit=bounds&format=jpeg&quality=85&width=330,2026-04-13T01:42:55.932+09:00,"“優しい人になろうとしてる”っていうのがすごくいいなと思いました。
周りからそう見えてるのも納得です。
最後のエピソードで一気に親近感わきました😆"
nc2b2aa80b9c60,n0cd838543b93,b39624e9464ededa053a7cbf0de179ce,あな,ana_mama_english,https://assets.st-note.com/production/uploads/images/219621833/profile_8ef662d95d545fc74251b7700219beae.png?fit=bounds&format=jpeg&quality=85&width=330,2026-04-13T00:19:40.323+09:00,"Kingさん、こんばんは♪

スキ4000、おめでとうございます☺️
「やさしい、頭がいい、おしゃれ」
すてきだなと感じました☺️

いつもありがとうございます🫶
"
nc1db4a61194b0,n0cd838543b93,b60c6006e6818a147458dad11e6bc89f,瀬海歩（せかいあゆむ）,sekaiayumu25,https://assets.st-note.com/production/uploads/images/251395522/profile_6cb1552f68e13741419dd072f35f914e.jpg?fit=bounds&format=jpeg&quality=85&width=330,2026-04-12T23:01:53.102+09:00,"Kingさん、こんばんは☀
イメージが意外でした。アニマル柄なんですね。Kingさんの所からよい人が沢山流れてきて本当にラッキーでした✨️4000スキおめでとうございます😊👍️私から見たKingさんは社交的でフレンドリーです！"
nccc0e8f999054,n0cd838543b93,4fcff0dd196c58985b48a8f8a9724554,Grace Light ─ 星に導かれて,clean_kalmia940,https://assets.st-note.com/production/uploads/images/207757596/profile_ac58b5c0e389afdf3e43314b719edc42.png?fit=bounds&format=jpeg&quality=85&width=330,2026-04-12T20:50:21.330+09:00,"Kingさん、こんばんは👑
マガジンへ登録していただきありがとうございます。
とても、励みになります。
ラッキーの波動受け取りました😊🍀
"
nc41104519fe2b,n0cd838543b93,e937b529062a4dff3c5cf7b79cc04cf6,たーゼ,sakuya_rainbow44,https://assets.st-note.com/production/uploads/images/267491936/profile_b274aede9a61c347dfc7d9213ffbeed9.jpg?fit=bounds&format=jpeg&quality=85&width=330,2026-04-12T20:21:04.971+09:00,"ミラクルラッキー🙌🌹✨✨
🧑🍭👼🍭🎶✨✨

Kingさん✨ご紹介ありがとうございます
🩷✨🤗🌸✨"
ncba30da46647d,n0cd838543b93,ceb9f20beef56f72c10ed1c4bc125c74,ゆらり🌹🫧　🫶💕,huge_coot6820,https://assets.st-note.com/production/uploads/images/239767432/profile_47e4f415224790b9faa65da8165fa21d.jpeg?fit=bounds&format=jpeg&quality=85&width=330,2026-04-12T19:56:05.411+09:00,"ご紹介有難う
御座います🌸🫧

マガジン有難うね🍀🫧"
nc1dce7c83676f,n0cd838543b93,3cb4d81489d9115418a8861dcba7c631,えらん堂,dear_pansy6581,https://assets.st-note.com/production/uploads/images/242221069/profile_508d7605146c8d0a2207c10ec053fe6c.png?fit=bounds&format=jpeg&quality=85&width=330,2026-04-12T19:04:26.013+09:00,"Kingさん

こんばんは☀️

ご自身の事を上手く書かれていて、読んでる方もイメージしやすいですね☘️

黒歴史、なんとなく共感してしまう自分がいました😻"
nc415edc3239fe,n2067864fd814,5643208b438dc520ea679300a191f102,ういまる,witty_eider9036,https://assets.st-note.com/production/uploads/images/262416249/profile_6afa0c6ae55faab820fd1ab090d2e6cf.png?fit=bounds&format=jpeg&quality=85&width=330,2026-04-12T20:06:33.361+09:00,"Kingさんお邪魔します🙇
押すなとはそういうことなんですね👍いかんせん無作為にお邪魔してるとネタだと思って飛び込んでしまう(笑)
晒されるとはなかなかに時代にマッチした処刑方法ですな👍当事者は反省しとりませんが、むしろお祭り騒ぎのようです(笑)"
nc2712587c7aa4,n2067864fd814,ceb9f20beef56f72c10ed1c4bc125c74,ゆらり🌹🫧　🫶💕,huge_coot6820,https://assets.st-note.com/production/uploads/images/239767432/profile_47e4f415224790b9faa65da8165fa21d.jpeg?fit=bounds&format=jpeg&quality=85&width=330,2026-04-12T15:37:25.837+09:00,"紹介ありがとう😊
今、取り込み中だから
後で
ゆっくり来ます🌸🫧"
ncbd772dc910dc,n2067864fd814,4d7884c1cad8153895dadb71ec1606cb,こーき｜心が少し軽くなる場所,i_am_151cm_boy,https://assets.st-note.com/production/uploads/images/236560109/profile_28f1fb163081001f12afa3f21b0dc40a.png?fit=bounds&format=jpeg&quality=85&width=330,2026-04-12T11:38:56.649+09:00,"Kingさん🤣

あの削除された記事がずっと気になっていたのでスッキリしました！😆🙌

「やっぱり俺ってラッキー✌️」😊

いつもマガジンのご登録いただきありがとうございます😊✨"
nc626fdfc0f04d,n2067864fd814,b39624e9464ededa053a7cbf0de179ce,あな,ana_mama_english,https://assets.st-note.com/production/uploads/images/219621833/profile_8ef662d95d545fc74251b7700219beae.png?fit=bounds&format=jpeg&quality=85&width=330,2026-04-11T21:08:36.556+09:00,"Kingさん✨

マガジン追加とスキありがとうございました♡
英語でコメントもいただけて、
とても嬉しかったです☺️

また読みに伺います🫶
Thank you so much!💕
"
nc212bec0614da,n2067864fd814,a3bcc411a4c251239d492b2f079f5870,やも,yamo_note,https://assets.st-note.com/production/uploads/images/258648405/profile_ee869852783a5a9a11d34fd10d919f33.png?fit=bounds&format=jpeg&quality=85&width=330,2026-04-11T20:14:05.800+09:00,"Kingさん、楽しい企画に参加させていただき、ありがとうございます😊

押すな押すなのダチョウ倶楽部になった気分です🤣🤣
つまり、熱湯風呂に突き落とされた気分で、爽快です‼️"
nc4728b8736352,n2067864fd814,d935afcef3d45372668600a97b8eea46,天野 雫 ✿ 占い日記,proper_bonobo536,https://assets.st-note.com/production/uploads/images/252856370/profile_866f40df26780c146ef9459cf81a675c.png?fit=bounds&format=jpeg&quality=85&width=330,2026-04-11T18:01:12.696+09:00,"やったぁ〜😊
一番スキ🩷"
ncd7e4fd0e4ab3,n3aff8936873f,dc157540cc91b85018fc2caf1ebe6e1d,空風マナミ　,sorakaze_works,https://assets.st-note.com/production/uploads/images/247072511/profile_f8c3cb6911c80de4c8b865ead1a349c6.png?fit=bounds&format=jpeg&quality=85&width=330,2026-04-16T19:01:24.437+09:00,そろそろ777大当たりがきますね☺️
nc84cfb3b6f1dd,n3aff8936873f,0fef7dd5ba06ef73205b90c18068b331,ちいさな手,chiisana_tete,https://assets.st-note.com/production/uploads/images/214382713/profile_5c8b44c9f55d50d6baf74325e8c93cd8.png?fit=bounds&format=jpeg&quality=85&width=330,2026-04-11T22:59:27.686+09:00,"こんにちは
はじめまして♪

フォロワー666人は
すごいです！
わたしも頑張らなければ😆"
nca3149f7205c0,n3aff8936873f,13f03d3a1ec4a172a7084a791c8c4703,"あいさん💗Iカウンセリングルーム セラピスト／ 臨床心理士×公認心理師｜支援歴16年・2,000名超",joyful_zebra1701,https://assets.st-note.com/production/uploads/images/194103346/profile_5b2ee16c8d8db97758503974e4e6f9da.png?fit=bounds&format=jpeg&quality=85&width=330,2026-04-11T20:27:49.763+09:00,"Kingさん

フォロワー667人到達、おめでとうございます😊🎉
……と思ったら、もう676人なのですね😆
勢いがすごいです✨

666から667への流れがさすがすぎて、思わず笑ってしまいました。
緊急公開の勢いも、スーパー量子コンピュータとのやりとりもとても楽しかったです🌈

不吉を3秒で突破して、やっぱり俺ってラッキー✌️ に着地するところが、Kingさんらしくて最高でした。
これからのミラクルラッキー教団のご活躍も楽しみにしています😊"
ncdc8bbca4691a,n3aff8936873f,2af7fb2f2f856d69be2cdde7df630dde,かりの。,rrkkm_mkkrr,https://assets.st-note.com/production/uploads/images/240419296/profile_d6ef71c3c7caab73882eaecf02de3040.png?fit=bounds&format=jpeg&quality=85&width=330,2026-04-11T20:09:55.119+09:00,"king様

3秒🤣すごい勢いでフォロワーさんが増えてる証ですね！おめでとうございます🎉

こちらに失礼して…記事をマガジン追加してくださってありがとうございます🙇"
nc86aafce7cd50,n3aff8936873f,b60c6006e6818a147458dad11e6bc89f,瀬海歩（せかいあゆむ）,sekaiayumu25,https://assets.st-note.com/production/uploads/images/251395522/profile_6cb1552f68e13741419dd072f35f914e.jpg?fit=bounds&format=jpeg&quality=85&width=330,2026-04-11T17:54:14.654+09:00,"Kingさん、こんばんは。先日はメッセージありがとうございます。
制服といい、667といい、笑いのツボをとらえてらっしゃいますね！
おめでとうございます！"
nc506fb9f5db99,n3aff8936873f,ee17e08838a2d1017fe4b3f4eb73a4e3,境界をまたぐ心理士【振り子】,rosy_snail1735,https://assets.st-note.com/production/uploads/images/253068092/profile_684215ad7eba3d124844155dff223a1b.jpg?fit=bounds&format=jpeg&quality=85&width=330,2026-04-11T17:30:27.345+09:00,"Kingさん

普通に笑いました😆
すでに675人🤣"
nca28286728a53,n3aff8936873f,a3bcc411a4c251239d492b2f079f5870,やも,yamo_note,https://assets.st-note.com/production/uploads/images/258648405/profile_ee869852783a5a9a11d34fd10d919f33.png?fit=bounds&format=jpeg&quality=85&width=330,2026-04-11T14:25:04.428+09:00,"Kingさん、フォロワー666越え、おめでとうございます🍾🍾🎉㊗️

今見たら、674人になってました。これで666に戻る確率はかぎりなーく0を近似値にとりましたね😁"
ncd2d8c5157580,n3aff8936873f,4d7884c1cad8153895dadb71ec1606cb,こーき｜心が少し軽くなる場所,i_am_151cm_boy,https://assets.st-note.com/production/uploads/images/236560109/profile_28f1fb163081001f12afa3f21b0dc40a.png?fit=bounds&format=jpeg&quality=85&width=330,2026-04-11T05:14:59.427+09:00,"Kingさん🤣

「3秒で解除されました」
笑いました🤣笑

いい意味での解除ですね！！🤣
おめでとうございます！！☺️🙌"
nc460693b56d38,n3aff8936873f,b39624e9464ededa053a7cbf0de179ce,あな,ana_mama_english,https://assets.st-note.com/production/uploads/images/219621833/profile_8ef662d95d545fc74251b7700219beae.png?fit=bounds&format=jpeg&quality=85&width=330,2026-04-10T21:27:14.887+09:00,"Kingさん、こんばんは💫

マガジン追加ありがとうございます☺️

フォロワー666おめでとうございます✨
今見たら671になってました🎉
おめでとうございます♡

これからも記事楽しみにしています☺️
いつもありがとうございます🫶
"
nc417df9367b91,n3aff8936873f,d935afcef3d45372668600a97b8eea46,天野 雫 ✿ 占い日記,proper_bonobo536,https://assets.st-note.com/production/uploads/images/252856370/profile_866f40df26780c146ef9459cf81a675c.png?fit=bounds&format=jpeg&quality=85&width=330,2026-04-10T19:29:16.484+09:00,"わぁ✨️Kingさん
フォロワー666人
おめでとうございます🎉
これからの投稿も楽しみにしてます🥰"
nc94ed4e966624,n3aff8936873f,bd6881b17845a554ea791e5557b79b7a,さんみ～＠ヤングケアラー２５年,bobusanmi1224,https://assets.st-note.com/production/uploads/images/4620903/profile_89e247ec25f892b6133264485871d760.png?fit=bounds&format=jpeg&quality=85&width=330,2026-04-10T19:20:41.155+09:00,kingさん、フォロワー６６６人おめでとうございます！
ncf09b1ea212de,n6a3888057dce,dc157540cc91b85018fc2caf1ebe6e1d,空風マナミ　,sorakaze_works,https://assets.st-note.com/production/uploads/images/247072511/profile_f8c3cb6911c80de4c8b865ead1a349c6.png?fit=bounds&format=jpeg&quality=85&width=330,2026-05-15T16:37:50.840+09:00,"こっちも押し忘れてた！
ポチ☝️"
nc6d082c968438,n6a3888057dce,8c587cd944bf2a68dff45ae032f74415,営業パパ,light_flea7585,https://assets.st-note.com/production/uploads/images/280175768/profile_e9b8115d4e8a61b9d3a6439776b73e24.png?fit=bounds&format=jpeg&quality=85&width=330,2026-04-10T17:27:53.529+09:00,"Kingさん
ご紹介いただきありがとうございます！
あなたって人は、、、
もう界隈では有名な方だったんですね。
すっかりファンになってしまいました。
今後も推していきますね。
よろしくお願いします！"
nc43b88ee55ff6,n6a3888057dce,ceb9f20beef56f72c10ed1c4bc125c74,ゆらり🌹🫧　🫶💕,huge_coot6820,https://assets.st-note.com/production/uploads/images/239767432/profile_47e4f415224790b9faa65da8165fa21d.jpeg?fit=bounds&format=jpeg&quality=85&width=330,2026-04-10T09:50:30.502+09:00,"ちょっと待って❣️
おもしろすぎる。

スキした方が
紹介して貰えて良かった説。。

ふふふふふ🫢

おもしろい🌸🫧"
nc20d52bc6581f,n6a3888057dce,4d7884c1cad8153895dadb71ec1606cb,こーき｜心が少し軽くなる場所,i_am_151cm_boy,https://assets.st-note.com/production/uploads/images/236560109/profile_28f1fb163081001f12afa3f21b0dc40a.png?fit=bounds&format=jpeg&quality=85&width=330,2026-04-09T23:59:08.002+09:00,"Kingさん、こんばんは😆

いつも思いますがKingさんお人柄の良さがnote上で溢れ出てますよね☺️✨

マガジンのご登録もありがとうございます🙇‍♂️"
nc109807ace782,n6a3888057dce,b39624e9464ededa053a7cbf0de179ce,あな,ana_mama_english,https://assets.st-note.com/production/uploads/images/219621833/profile_8ef662d95d545fc74251b7700219beae.png?fit=bounds&format=jpeg&quality=85&width=330,2026-04-09T19:23:46.059+09:00,"Kingさん、こんばんは✨

マガジン追加、ありがとうございます☺️
Kingさん、優しくてすてきです♡
ってコメントを書いてたら、マガジン追加の通知が来て、「もう、ほんとに優しい♡」って呟いちゃいました🤭

いつもありがとうございます☺️🫶"
nc8b1aeb610a94,n6a3888057dce,d935afcef3d45372668600a97b8eea46,天野 雫 ✿ 占い日記,proper_bonobo536,https://assets.st-note.com/production/uploads/images/252856370/profile_866f40df26780c146ef9459cf81a675c.png?fit=bounds&format=jpeg&quality=85&width=330,2026-04-09T18:37:52.914+09:00,"へへへ🥰
押すなと言われると
押したくなっちゃうよね🩷"
ncc4a94dd73069,n4128a8cc4153,13f03d3a1ec4a172a7084a791c8c4703,"あいさん💗Iカウンセリングルーム セラピスト／ 臨床心理士×公認心理師｜支援歴16年・2,000名超",joyful_zebra1701,https://assets.st-note.com/production/uploads/images/194103346/profile_5b2ee16c8d8db97758503974e4e6f9da.png?fit=bounds&format=jpeg&quality=85&width=330,2026-04-11T20:23:22.032+09:00,"Kingさん、こんばんは🌈

記事の中でご紹介いただき、ありがとうございました😊✨
お礼が遅くなってしまってごめんなさい💦
なーちんのところに行っていて、少しnoteから離れていました。

私のnoteをご紹介いただけただけでも嬉しかったのですが、以前お伝えした本まで丁寧に載せてくださっていて、とてもありがたく拝見しました😌
こうして受け取っていただけたことが、本当に嬉しいです。

オンラインでのご縁から本との出会いが広がっていく流れも、とても面白く読ませていただきました📚
素敵にご紹介くださって、本当にありがとうございました✨"
nc5481b9966e06,n4128a8cc4153,2766cfcc2aed3415f112aa585b22ee2d,影武者コピーライター宮本真愿,5starcopy,https://assets.st-note.com/production/uploads/images/188085001/profile_4b8dd7820a7dc7827eced16d0ff70352.jpg?fit=bounds&format=jpeg&quality=85&width=330,2026-04-09T17:12:32.321+09:00,"Kingさん、記事紹介ありがとうございます。

その他、たくさん興味深い本も紹介されていて、次買う本の参考にさせてもらいます。

いつもありがとうございます☺️"
nc9c272e20939c,n4128a8cc4153,a10276eeb2e12d524927ae56c76ff5a7,ニコ,vivid_orchid3415,https://assets.st-note.com/production/uploads/images/241210101/profile_485ad07817b65a9f2446d1a2b9d4ef13.png?fit=bounds&format=jpeg&quality=85&width=330,2026-04-09T11:21:06.786+09:00,"紹介してくれてありがとうございます😊
おすすめも面白そうなの多くて調べて今度購入してみます👀"
ncbad9b7ccf82e,n4128a8cc4153,4d7884c1cad8153895dadb71ec1606cb,こーき｜心が少し軽くなる場所,i_am_151cm_boy,https://assets.st-note.com/production/uploads/images/236560109/profile_28f1fb163081001f12afa3f21b0dc40a.png?fit=bounds&format=jpeg&quality=85&width=330,2026-04-08T22:27:38.889+09:00,"Kingさん読書お好きなんですね！！☺️✨

沢山読まれていらっしゃって凄いなー😆と思いました！！❤️‍🔥✨

いつもマガジンもご登録してくださりありがとうございます🙇‍♂️✨"
nc012638e60855,n4128a8cc4153,d935afcef3d45372668600a97b8eea46,天野 雫 ✿ 占い日記,proper_bonobo536,https://assets.st-note.com/production/uploads/images/252856370/profile_866f40df26780c146ef9459cf81a675c.png?fit=bounds&format=jpeg&quality=85&width=330,2026-04-08T20:31:56.065+09:00,"わぁ✨️すごい
読書好きだったんですねぇ〜
私は最近、note読んでたら本読む時間がなくなっちゃったよ〜💦

noteも程々にしないとかな😅

マガジンの紹介、ありがとうございます😊"
nc6de03de64f08,n4128a8cc4153,267a40f43eaf0581669d7ff131d06531,ぶっくん｜noteクリエイター ✕ レベル論 猫になりたいあなたへ 😺🐾 ,bu_kun,https://assets.st-note.com/production/uploads/images/136118870/profile_f275d2a66d2d86855671afdff8cbe506.png?fit=bounds&format=jpeg&quality=85&width=330,2026-04-08T18:04:30.318+09:00,"記事のシェアありがとうございます✨

Kingさんはめっちゃ本読むのですね！
僕の紹介した本が届いて良かったです📕"
nc10e56373f751,nf700ae08b2db,dc157540cc91b85018fc2caf1ebe6e1d,空風マナミ　,sorakaze_works,https://assets.st-note.com/production/uploads/images/247072511/profile_f8c3cb6911c80de4c8b865ead1a349c6.png?fit=bounds&format=jpeg&quality=85&width=330,2026-05-15T16:37:15.867+09:00,"あ、押し忘れてた！
ポチ☝️"
nc2b5f4f6891ba,nf700ae08b2db,35032a872ef338f6bbc0a85288de5944,あまね〘ฅ՞•ﻌ•՞ฅฅ^•ﻌ•^ฅ〙,almabrillante,https://assets.st-note.com/production/uploads/images/270451364/profile_78017c668dbe9b00fb7cca620f05f8aa.png?fit=bounds&format=jpeg&quality=85&width=330,2026-04-08T22:15:45.126+09:00,"Kingさん、こんばんは🌛*゜

マガジンへのお迎えと、マガジンの紹介、ありがとうございます！🙏😆

さらす…こういうことでしたか🤣"
nc87b0f571b916,nf700ae08b2db,96cb5fc4d2ebf74854e4cef7f78f76b3,シロツメクサにワタシ🍀🕊️,sirotumekusa2ma3,https://assets.st-note.com/production/uploads/images/259714821/profile_d701725292cad470fbdfa3a1944a67cc.png?fit=bounds&format=jpeg&quality=85&width=330,2026-04-08T21:17:40.798+09:00,"Kingさん✨
ワタシの投稿へ沢山の
スキ✨️フォロー✨️
そして✨
✨大切な感謝のマガジンへ✨
加えてくださり✨️
ありがとうございます✨️🍀
今後ともよろしくお願いします✨️🕊️🍀❇️✨
又　立ち寄らせて頂きますね🐣✨
"
nc0a349c539549,nf700ae08b2db,5e365ac2d8332eb3e1b83ebd640f40ae,あかそら,lively_newt7777,https://assets.st-note.com/production/uploads/images/245965478/profile_3fc693a148a6f1e6b13142d03cd4153e.png?fit=bounds&format=jpeg&quality=85&width=330,2026-04-08T15:27:26.157+09:00,"kingさんの優しい人柄が伝わってきました。


いつもマガジン追加やスキしていただきありがとうございます。

又、遊び来ます。"
nca0ecbbe09c65,nf700ae08b2db,b39624e9464ededa053a7cbf0de179ce,あな,ana_mama_english,https://assets.st-note.com/production/uploads/images/219621833/profile_8ef662d95d545fc74251b7700219beae.png?fit=bounds&format=jpeg&quality=85&width=330,2026-04-08T10:10:22.347+09:00,"Kingさん、おはようございます♪

マガジン追加とスキを、
ありがとうございます☺️
Kingさんの優しさを記事から
いつも感じています☺️

ありがとうございます♡
"
nc059ee01759ad,nf700ae08b2db,56b8351befe03118ae5f1c8afe878759,西野光照（にしのみつてる）,yamaneko6621,https://assets.st-note.com/production/uploads/images/246741480/profile_d69fd91aaaaa2eda27ab66ed0058547b.png?fit=bounds&format=jpeg&quality=85&width=330,2026-04-07T21:19:08.810+09:00,"分かっています。
夜の巡回パトロールです。"
nc6997473d0a66,nf700ae08b2db,d935afcef3d45372668600a97b8eea46,天野 雫 ✿ 占い日記,proper_bonobo536,https://assets.st-note.com/production/uploads/images/252856370/profile_866f40df26780c146ef9459cf81a675c.png?fit=bounds&format=jpeg&quality=85&width=330,2026-04-07T18:29:48.508+09:00,"へへへ♡
また押しちゃった🩷"
nc946b06e21ff8,nf700ae08b2db,a3bcc411a4c251239d492b2f079f5870,やも,yamo_note,https://assets.st-note.com/production/uploads/images/258648405/profile_ee869852783a5a9a11d34fd10d919f33.png?fit=bounds&format=jpeg&quality=85&width=330,2026-04-07T18:20:01.097+09:00,|•)ドキドキ
nc15dcf6c07ebd,nf700ae08b2db,bd6881b17845a554ea791e5557b79b7a,さんみ～＠ヤングケアラー２５年,bobusanmi1224,https://assets.st-note.com/production/uploads/images/4620903/profile_89e247ec25f892b6133264485871d760.png?fit=bounds&format=jpeg&quality=85&width=330,2026-04-07T18:03:10.119+09:00,kingさん、いつもありがとうございます！記事の方、ご紹介頂き感謝しております。今後とも何卒宜しくお願いします
ncb507e6e79dda,n0cece0737829,13f03d3a1ec4a172a7084a791c8c4703,"あいさん💗Iカウンセリングルーム セラピスト／ 臨床心理士×公認心理師｜支援歴16年・2,000名超",joyful_zebra1701,https://assets.st-note.com/production/uploads/images/194103346/profile_5b2ee16c8d8db97758503974e4e6f9da.png?fit=bounds&format=jpeg&quality=85&width=330,2026-04-07T10:06:43.139+09:00,"Kingさん、こんにちは😊

メンバーの名前のやりとり、
楽しく読ませていただきました✨

次郎さんのお話や、
オメガの登場など、
ゆるさの中に独特の世界観があって面白かったです😆

そして、マガジンに追加していただきありがとうございます🌸🌿
こうしてご紹介いただけて、とても嬉しいです😌🫶"
nc4106876d2884,n0cece0737829,6d2add10b15e10656c14e76aa10f1320,アル,joyous_camel979,https://assets.st-note.com/production/uploads/images/247768881/profile_368ba3fd8527f41bf71b9aebb39e1882.jpg?fit=bounds&format=jpeg&quality=85&width=330,2026-04-06T22:38:28.670+09:00,"スーパー量子コンピュータ「オメガ」かっこいい✨️

「団長の脳内は99％が不適切な内容です！」
そしてこんな感じに分析するとこキッパリ言っててなんか好きです😊
Kingさん、いつもマガジンへの掲載ありがとうございます🌸
"
nc413771bb88a9,n0cece0737829,b39624e9464ededa053a7cbf0de179ce,あな,ana_mama_english,https://assets.st-note.com/production/uploads/images/219621833/profile_8ef662d95d545fc74251b7700219beae.png?fit=bounds&format=jpeg&quality=85&width=330,2026-04-06T18:41:11.106+09:00,"Kingさん✨

Kingさんのお名前は、キング牧師からだったのですね☺️
すてきなお名前の由来で、印象に残りました☺️♪"
nc0f89c4ee4a8f,nae4ce14c30f1,3ef2cace305cb5033c6b1d23b860f75f,nao46222,nao46222,https://assets.st-note.com/production/uploads/images/238899995/profile_cd80de4bd2c2f207f8be2ca8cfed6ea8.png?fit=bounds&format=jpeg&quality=85&width=330,2026-04-25T10:42:41.684+09:00,"「尺度は拡張されるのではなく、ずらされているだけ」という視点が鋭くて、社会の中で無意識に行われている“選別の仕組み”が見える気がしました。基準が更新されているようで、実は立ち位置が変えられているだけ…という感覚には妙に納得させられます。

そこから「自らを助くる」という選択に繋がる流れも印象的でした。
他者の物差しに適合することではなく、自分で自分を引き受けるという姿勢。
そのときに「高貴な嘘が不要になる」という一文が、静かだけど強い決意として響いてきます。

短い中に、構造への洞察と個の立ち方がきれいに同居していて、とても考えさせられる文章でした。^_^"
nce8b6111680e6,nae4ce14c30f1,4d7884c1cad8153895dadb71ec1606cb,こーき｜心が少し軽くなる場所,i_am_151cm_boy,https://assets.st-note.com/production/uploads/images/236560109/profile_28f1fb163081001f12afa3f21b0dc40a.png?fit=bounds&format=jpeg&quality=85&width=330,2026-04-22T18:43:28.127+09:00,"Kingさん😆
以前の記事にもありましたが、本当に頭良さそうですね😆✨
羨ましいです😆🙌

いつもマガジンのご登録いただき、本当にありがとうございます😊"
nc621a456e16b4,nae4ce14c30f1,dc157540cc91b85018fc2caf1ebe6e1d,空風マナミ　,sorakaze_works,https://assets.st-note.com/production/uploads/images/247072511/profile_f8c3cb6911c80de4c8b865ead1a349c6.png?fit=bounds&format=jpeg&quality=85&width=330,2026-04-22T18:20:42.460+09:00,Kingさん、個人的にリアルタイムな投稿でした。哲学とはなにか、授業も面白くないと相談を受けていたところでした。私は哲学って全てを切り離して考えることができる、楽しめる分野だと思っていたのですが💦参考にさせていただきます✨ありがとうございます😊
ncb60bf6c1d720,ncd29a54b2113,4119885b291596b1c974d9dbcf43c31b,ひーちゃん｜奇跡の編集室,luminous_story,https://assets.st-note.com/production/uploads/images/268751506/profile_98e6009e960c40634ecf9560758e6d64.png?fit=bounds&format=jpeg&quality=85&width=330,2026-05-13T16:11:28.796+09:00,がまんできない( ´艸｀)
nc7268fda2f5de,ncd29a54b2113,76105d049b8004561f30c282997a210a,木漏れ日亭,komorebi_tei,https://assets.st-note.com/production/uploads/images/243808069/profile_e9f0f6302bae0bf817c342f12a36db33.jpeg?fit=bounds&format=jpeg&quality=85&width=330,2026-04-19T18:05:01.565+09:00,あれ、押してなかったっけ……ぽち。
nc1f05942f0e52,ncd29a54b2113,71ea0f42f83343877ae30eb938fade1e,モモ♥️,genial_quokka134,https://assets.st-note.com/production/uploads/images/210131001/profile_643d08cc160b1ad1e1359a54068d3d46.png?fit=bounds&format=jpeg&quality=85&width=330,2026-04-16T19:54:50.673+09:00,絶対！押すやつ！用意された…（笑）
nc62e000394a2a,ncd29a54b2113,e1d5f2d3aaa04a2df0d52d805280f237,easy_maro,easy_coyote213,https://assets.st-note.com/production/uploads/images/256766919/profile_95c029f66c0705b539bfd52918b77250.jpeg?fit=bounds&format=jpeg&quality=85&width=330,2026-04-13T20:06:16.395+09:00,"あっ

押したくなりました

お邪魔しましたーっ"
nc902cd974d6dc,ncd29a54b2113,db98a00ecd790a0bb3a167b6039c8f5a,トクコウ｜「めんどくさい」はチャンスの宝庫,toku_kou,https://assets.st-note.com/production/uploads/images/210974118/profile_2aa054bad1ee74ba49fa9e7daba67988.jpg?fit=bounds&format=jpeg&quality=85&width=330,2026-04-12T17:53:16.219+09:00,"私の記事へコメントありがとうございます!
何故、押すなと言われると押したくなるのでしょうか?
スキ押さないように親指隠しました🫵"
nc7bd61548e243,ncd29a54b2113,27c80107843e2d12f1422dc310f07795,考え方の積み木/まさーら,serene_coot5669,https://assets.st-note.com/production/uploads/images/247546424/profile_2fb60ba1fb1bc69047820d28759c20db.png?fit=bounds&format=jpeg&quality=85&width=330,2026-04-08T20:21:18.871+09:00,読んではいけない、は読みたくなりますよね？
ncf7b46b7ebb90,ncd29a54b2113,267a40f43eaf0581669d7ff131d06531,ぶっくん｜noteクリエイター ✕ レベル論 猫になりたいあなたへ 😺🐾 ,bu_kun,https://assets.st-note.com/production/uploads/images/136118870/profile_f275d2a66d2d86855671afdff8cbe506.png?fit=bounds&format=jpeg&quality=85&width=330,2026-04-08T20:01:54.621+09:00,あっ！！！！！！！
nc01a551a1f48c,ncd29a54b2113,2d8ebf13d6f63b9648f71a65ed2bdfa7,とり,tori2323,https://assets.st-note.com/production/uploads/images/239729824/profile_37d52e06956439a23205fff1ef425df2.png?fit=bounds&format=jpeg&quality=85&width=330,2026-04-07T00:54:35.232+09:00,"ぼくの指が勝手に押しました！
押すつもりはなかったんです。
ぼく、悪くないもん！"
nc964b841b90ce,ncd29a54b2113,2af7fb2f2f856d69be2cdde7df630dde,かりの。,rrkkm_mkkrr,https://assets.st-note.com/production/uploads/images/240419296/profile_d6ef71c3c7caab73882eaecf02de3040.png?fit=bounds&format=jpeg&quality=85&width=330,2026-04-06T23:17:51.394+09:00,"king様

押しちゃいました♥️
だって人間だもの。笑

マガジン追加してくださってありがとうございます🙇"
nc899815335bd5,ncd29a54b2113,4d7884c1cad8153895dadb71ec1606cb,こーき｜心が少し軽くなる場所,i_am_151cm_boy,https://assets.st-note.com/production/uploads/images/236560109/profile_28f1fb163081001f12afa3f21b0dc40a.png?fit=bounds&format=jpeg&quality=85&width=330,2026-04-06T20:03:53.012+09:00,押してしまいました🤣笑
nc848f8e84a8a6,ncd29a54b2113,5e365ac2d8332eb3e1b83ebd640f40ae,あかそら,lively_newt7777,https://assets.st-note.com/production/uploads/images/245965478/profile_3fc693a148a6f1e6b13142d03cd4153e.png?fit=bounds&format=jpeg&quality=85&width=330,2026-04-06T19:24:16.703+09:00,押せと言われたので笑
nc241c33e5dbb8,ncd29a54b2113,d935afcef3d45372668600a97b8eea46,天野 雫 ✿ 占い日記,proper_bonobo536,https://assets.st-note.com/production/uploads/images/252856370/profile_866f40df26780c146ef9459cf81a675c.png?fit=bounds&format=jpeg&quality=85&width=330,2026-04-06T18:31:20.213+09:00,押しちゃいました♡
ncf3f45e97ff83,ncd29a54b2113,13f03d3a1ec4a172a7084a791c8c4703,"あいさん💗Iカウンセリングルーム セラピスト／ 臨床心理士×公認心理師｜支援歴16年・2,000名超",joyful_zebra1701,https://assets.st-note.com/production/uploads/images/194103346/profile_5b2ee16c8d8db97758503974e4e6f9da.png?fit=bounds&format=jpeg&quality=85&width=330,2026-04-06T14:29:42.005+09:00,"えっ、無理でしょう～
スキ❤おしてしましました。

人間の心理の証明ですか？？"
nc40c4787b13f6,ncd29a54b2113,56b8351befe03118ae5f1c8afe878759,西野光照（にしのみつてる）,yamaneko6621,https://assets.st-note.com/production/uploads/images/246741480/profile_d69fd91aaaaa2eda27ab66ed0058547b.png?fit=bounds&format=jpeg&quality=85&width=330,2026-04-05T22:33:02.203+09:00,"押すなと書いてあったので押しました。
ヘッダーの絵が可愛いので余計にです。
そして、フォローありがとうございます。
今後ともよろしくおねがします。"
nca0795515c199,ncd29a54b2113,35032a872ef338f6bbc0a85288de5944,あまね〘ฅ՞•ﻌ•՞ฅฅ^•ﻌ•^ฅ〙,almabrillante,https://assets.st-note.com/production/uploads/images/270451364/profile_78017c668dbe9b00fb7cca620f05f8aa.png?fit=bounds&format=jpeg&quality=85&width=330,2026-04-05T22:19:37.571+09:00,"ダメだと言われると…天邪鬼なあまねは押したくなるのです
Ԅ(థ౪థԄ)ｸﾞﾍﾍ…"
nc8ab96571c662,ncd29a54b2113,ceb9f20beef56f72c10ed1c4bc125c74,ゆらり🌹🫧　🫶💕,huge_coot6820,https://assets.st-note.com/production/uploads/images/239767432/profile_47e4f415224790b9faa65da8165fa21d.jpeg?fit=bounds&format=jpeg&quality=85&width=330,2026-04-05T21:36:56.738+09:00,面白い🌸🫧
nc7e14138d0678,ncd29a54b2113,6d2add10b15e10656c14e76aa10f1320,アル,joyous_camel979,https://assets.st-note.com/production/uploads/images/247768881/profile_368ba3fd8527f41bf71b9aebb39e1882.jpg?fit=bounds&format=jpeg&quality=85&width=330,2026-04-05T20:45:22.997+09:00,"ダチョウ倶楽部大好きなので。。。
サガですね😂
私の記事をマガジンに掲載してもらえるとは嬉しかったです🥰"
ncf36ed39ce27a,ncd29a54b2113,f1fa566e0454f67250e5b68988fd02a4,やさい,yasaistory,https://assets.st-note.com/production/uploads/images/254968683/profile_d779b13204b382b0c16d6c2b48fea44a.jpg?fit=bounds&format=jpeg&quality=85&width=330,2026-04-05T19:25:10.482+09:00,"ｴﾍﾍ…
スキを押せと言われたので🤭"
nc58fc752a6ed5,ncd29a54b2113,a3bcc411a4c251239d492b2f079f5870,やも,yamo_note,https://assets.st-note.com/production/uploads/images/258648405/profile_ee869852783a5a9a11d34fd10d919f33.png?fit=bounds&format=jpeg&quality=85&width=330,2026-04-05T18:46:30.727+09:00,"Kingさん、ごめん、、、🙏

こういうのに弱いんです😭"
nc870dde5bbe24,n105454312080,90ef6fea0718542781bb54d6350c2ccb,エビのなかま,ideal_tiger2233,https://assets.st-note.com/production/uploads/images/260891967/profile_db2aed284f53a6d497ad235e9f50a675.png?fit=bounds&format=jpeg&quality=85&width=330,2026-04-11T11:40:34.930+09:00,"はじめまして。
スキ3000達成おめでとう㊗️ございます
何故かオンナを引き寄せるナゾの引力がある人っていますよね。
"
ncb949d7e1ab57,n105454312080,13f03d3a1ec4a172a7084a791c8c4703,"あいさん💗Iカウンセリングルーム セラピスト／ 臨床心理士×公認心理師｜支援歴16年・2,000名超",joyful_zebra1701,https://assets.st-note.com/production/uploads/images/194103346/profile_5b2ee16c8d8db97758503974e4e6f9da.png?fit=bounds&format=jpeg&quality=85&width=330,2026-04-06T14:28:31.421+09:00,"Kingさん、スキ3000達成、おめでとうございます🎊✨

「自らを助くることにした」という言葉が、とても印象に残りました。
過去の捉え方が変わっていく過程に、静かな強さを感じました。

そして、マガジンのご紹介もありがとうございます。
とても嬉しく拝見しました。

また、記事
「フォロワーが伸びない人へーー突出マイノリティまなつの記事から見えた再現できる方法」も
Kingさんのマガジンに取り上げていただき、本当にありがとうございます。

これからもお邪魔させて頂きますね🥰"
ncd846d456e350,n105454312080,4d7884c1cad8153895dadb71ec1606cb,こーき｜心が少し軽くなる場所,i_am_151cm_boy,https://assets.st-note.com/production/uploads/images/236560109/profile_28f1fb163081001f12afa3f21b0dc40a.png?fit=bounds&format=jpeg&quality=85&width=330,2026-04-05T19:05:15.310+09:00,"追ってなくても嬉しいですよね！！☺️✨
おめでとうございます😊✨"
nce63039dca046,n4541817b68ed,3b6310b4bed556dfd53f018f0cbe17cf,「元童貞・非モテ男」Shine Guy(シャイン ガイ)【フォロバ100】,notecreater_1990,https://assets.st-note.com/production/uploads/images/225604683/profile_e7454136b4dc2aacbca06056dfb494fc.jpg?fit=bounds&format=jpeg&quality=85&width=330,2026-04-05T12:14:28.110+09:00,"kingさん

私の自己紹介noteと
本日の最新記事を
マガジン追加ありがとうございます✨"
nc0ce8a548477b,n4541817b68ed,27c80107843e2d12f1422dc310f07795,考え方の積み木/まさーら,serene_coot5669,https://assets.st-note.com/production/uploads/images/247546424/profile_2fb60ba1fb1bc69047820d28759c20db.png?fit=bounds&format=jpeg&quality=85&width=330,2026-04-05T12:12:20.605+09:00,いろいろとありがとうございます！めっちゃラッキーです！人が幸せになる思い込みは思考停止ではありません！
nc3a72aff50a94,n4541817b68ed,ceb9f20beef56f72c10ed1c4bc125c74,ゆらり🌹🫧　🫶💕,huge_coot6820,https://assets.st-note.com/production/uploads/images/239767432/profile_47e4f415224790b9faa65da8165fa21d.jpeg?fit=bounds&format=jpeg&quality=85&width=330,2026-04-05T12:09:10.187+09:00,"ご紹介ありがとう
ございます🌸🌸🫧

これからもどうぞ
宜しくお願い致します🍀🫧🤲"
ncf9d7c86850c6,n4541817b68ed,aeef0e0943d87b171753e441e8ba79b2,ねこの青春日記,kaneko_seisyun,https://assets.st-note.com/production/uploads/images/183207041/profile_926b196f1e3c65bc39caca2565b4c748.jpg?fit=bounds&format=jpeg&quality=85&width=330,2026-04-05T10:38:39.161+09:00,"👑king様

☀️
おはようございます。
🥰

私の記事のご紹介
誠にありがとうございます。

今後とも
宜しくお願い致します。

👶🍀🔥💫💞💖"
nc7647080d1e56,n4541817b68ed,ae4d03755b91f5c99f8d1db305a71f9d,ＫＡＺぼす＠メンタルアナリスト,kiplussta2011,https://assets.st-note.com/production/uploads/images/57324372/profile_e16640783c957e38c0fb26c4a14e7bda.jpeg?fit=bounds&format=jpeg&quality=85&width=330,2026-04-05T08:14:05.901+09:00,"はじめまして
マガジン追加ありがとうございます

note 始められて４ヶ月目なんですね。この段階でフォローさん確認、楽しみですね

"
nc925486c51f88,n4541817b68ed,bede9bd0a510b6a3b89dcb460dd51ef5,ルルトアヤコ,lovely_coyote546,https://assets.st-note.com/production/uploads/images/279549033/profile_3d53a17ce59c090b43145099e9a86669.png?fit=bounds&format=jpeg&quality=85&width=330,2026-04-04T21:02:36.808+09:00,kingさん、ステキなマガジンへの追加に感謝してます〜💞💞ありがとうございます💖💖💝
ncd98ecaf8886e,n4541817b68ed,4d7884c1cad8153895dadb71ec1606cb,こーき｜心が少し軽くなる場所,i_am_151cm_boy,https://assets.st-note.com/production/uploads/images/236560109/profile_28f1fb163081001f12afa3f21b0dc40a.png?fit=bounds&format=jpeg&quality=85&width=330,2026-04-04T19:35:47.560+09:00,"「ラッキーと思い込める人間の方が——」
「人生、ちょっと楽じゃないですか？」

↑

物凄く共感しました！！😊✨
Kingさんは本当にご縁に恵まれる方なんだと思います！！☺️✨

素敵な記事にマガジンのご登録もいただき、ありがとうございます😭✨"
nca8801f634930,n4541817b68ed,ca17527cfe63f65cebf3883988786b79,donchan1962,donchan_13,https://assets.st-note.com/production/uploads/images/183217910/profile_a33ecb57f18c7bbea28e041c386d47a2.jpeg?fit=bounds&format=jpeg&quality=85&width=330,2026-04-04T18:37:15.320+09:00,"恐縮です。
この場をお借りして、コメント失礼します
記事、また、マガジンへの追加ありがとうございます
感謝の意を申し上げます"
nc5e0ec6e3d5a6,n9220fdec29f5,e355348d21e31765b79ec980aaf23046,MISUZ.,lofty_knot8493,https://assets.st-note.com/production/uploads/images/268080824/profile_3b66aceb1ff4a038466e804a59742438.jpeg?fit=bounds&format=jpeg&quality=85&width=330,2026-04-06T12:08:12.510+09:00,"こんにちは✨
ではダークな時に聞きますね😆"
nc19b8d6f93773,n9220fdec29f5,209cb97185e9b92076e04e9252c32694,lizardborn,nice_iris7670,https://assets.st-note.com/production/uploads/images/245268961/profile_669912ba80159ab2f5ca912ed88813be.jpg?fit=bounds&format=jpeg&quality=85&width=330,2026-04-05T15:32:33.303+09:00,"こんなにドゥームなラインナップをnoteで見るなんて…
windhandまで入ってるとは感動です。"
nc661d7b348a3a,n9220fdec29f5,ee17e08838a2d1017fe4b3f4eb73a4e3,境界をまたぐ心理士【振り子】,rosy_snail1735,https://assets.st-note.com/production/uploads/images/253068092/profile_684215ad7eba3d124844155dff223a1b.jpg?fit=bounds&format=jpeg&quality=85&width=330,2026-04-04T21:00:50.615+09:00,"Kingさん

初めまして♪
記事のマガジン追加ありがとうございました！
今後ともよろしくお願いいたします🙏✨

音楽良いですね♪
StratovariusのBlack Diamondあたりはいかがでしょうか？"
ncddd90b872e68,n743d06846520,13f03d3a1ec4a172a7084a791c8c4703,"あいさん💗Iカウンセリングルーム セラピスト／ 臨床心理士×公認心理師｜支援歴16年・2,000名超",joyful_zebra1701,https://assets.st-note.com/production/uploads/images/194103346/profile_5b2ee16c8d8db97758503974e4e6f9da.png?fit=bounds&format=jpeg&quality=85&width=330,2026-04-04T20:44:07.617+09:00,"Kingさん、こんばんは🌙

展開が面白くて、最後まで一気に読んでしまいました😆✨

お姉さんの一言で全部持っていかれましたね🤣

そして、マガジンでのご紹介もいつもありがとうございます🌸🌿
とても嬉しいです😌✨"
ncf5a9ea2913e0,n743d06846520,27c80107843e2d12f1422dc310f07795,考え方の積み木/まさーら,serene_coot5669,https://assets.st-note.com/production/uploads/images/247546424/profile_2fb60ba1fb1bc69047820d28759c20db.png?fit=bounds&format=jpeg&quality=85&width=330,2026-04-03T18:16:34.336+09:00,Grokじゃないと答えてくれない質問ですね。ChatGPTやClaudeなら絶対答えなさそう。
nc9389800829dc,naa7c1fb821a3,2b3bf47ccc09a3c67423a07ca938d339,RIKA🌈お料理でHAPPYをお届け🎁簡単美味健康ダイエットリーズナブルな神レシピ😇💖,rika7652,https://assets.st-note.com/production/uploads/images/167694639/profile_d972698d6bdcf9fe6364af7122551ef8.png?fit=bounds&format=jpeg&quality=85&width=330,2026-04-03T19:35:18.257+09:00,"Kingさん

団長、チャレンジャーですね😄👍

全ては
『生まれたこと』
がラッキーなのですね🌈

"
nc5c8fe6fb5adb,n4648fe204e50,fd4d4d738166f8f315179636393d62e9,🌀 みーちゃんの脳内探検記 〜高次機能障害とチャッピーと〜,fair_prawn5222,https://assets.st-note.com/production/uploads/images/261503068/profile_d5aa43f900e39deb05eed51f806dc938.jpg?fit=bounds&format=jpeg&quality=85&width=330,2026-04-02T09:12:52.925+09:00,"Kingさんのミラクルラッキーワールド、本当にすごいと思います✨️✨️

スーパー量子コンピュータというぶっとんだ装置を駆使しながら、

「今あるものに感謝できる人はほぼ確実にラッキー」というシンプルで深い真実を
ちゃんと届けてくれる。

エンタメと哲学の融合がKingさんならではで、読み終わったあとにじわっと温かい気持ちになれる。

この独自の世界観、本当に尊敬します 🧠💫"
ncae8de9ee6235,n4648fe204e50,3cb4d81489d9115418a8861dcba7c631,えらん堂,dear_pansy6581,https://assets.st-note.com/production/uploads/images/242221069/profile_508d7605146c8d0a2207c10ec053fe6c.png?fit=bounds&format=jpeg&quality=85&width=330,2026-04-01T19:21:40.324+09:00,"Kingさん

こんばんは☀️

瀬海さんとのコラボ、興味深く読ませていただきました🐱

なるほど、現在を感謝出来るラッキー、素敵な気づきをいただきました☘️"
nc2895c364a6cf,n4648fe204e50,b60c6006e6818a147458dad11e6bc89f,瀬海歩（せかいあゆむ）,sekaiayumu25,https://assets.st-note.com/production/uploads/images/251395522/profile_6cb1552f68e13741419dd072f35f914e.jpg?fit=bounds&format=jpeg&quality=85&width=330,2026-04-01T18:21:04.503+09:00,Kingさんこんばんは。わあお！ご採用ありがとうございます😊☀初コラボ、とても嬉しいです✨
nc9585df6a0b50,n1cb6f13b38fd,6d2add10b15e10656c14e76aa10f1320,アル,joyous_camel979,https://assets.st-note.com/production/uploads/images/247768881/profile_368ba3fd8527f41bf71b9aebb39e1882.jpg?fit=bounds&format=jpeg&quality=85&width=330,2026-04-03T08:34:05.641+09:00,"Kingさんの世界感素敵ですね✨️
そして分析力😂
リアルです。
プロテイン最近のはおいしいですよね〜
Kingさん、私の記事にも目を留めてくださりありがとうございます🌸
勝手ながらフォローさせていただきます😊"
ncb9a13cad4750,n1cb6f13b38fd,13f03d3a1ec4a172a7084a791c8c4703,"あいさん💗Iカウンセリングルーム セラピスト／ 臨床心理士×公認心理師｜支援歴16年・2,000名超",joyful_zebra1701,https://assets.st-note.com/production/uploads/images/194103346/profile_5b2ee16c8d8db97758503974e4e6f9da.png?fit=bounds&format=jpeg&quality=85&width=330,2026-04-01T12:43:34.250+09:00,"Kingさん、こんにちは🌸
いつもありがとうございます💗

新年度が始まり、また少し環境や流れも変わる時期ですね😌
気づかないうちにお疲れもたまりやすい頃かと思いますので、
どうかご無理なさらず、ご自身のペースも大切にされてくださいね🌿
では、またお邪魔させて頂きます😌"
nc4c176f1e3d7c,n1cb6f13b38fd,ceb9f20beef56f72c10ed1c4bc125c74,ゆらり🌹🫧　🫶💕,huge_coot6820,https://assets.st-note.com/production/uploads/images/239767432/profile_47e4f415224790b9faa65da8165fa21d.jpeg?fit=bounds&format=jpeg&quality=85&width=330,2026-03-31T20:37:28.618+09:00,"ご紹介どうも有難うございます🙋‍♀️
あ❣️ニコちゃん🌸🫧
ゆらり大好き💕
ニコちゃん😊

これからも
どうぞよろしくお願いします🍀🤲"
ncb5f2b8f1134b,n1cb6f13b38fd,a10276eeb2e12d524927ae56c76ff5a7,ニコ,vivid_orchid3415,https://assets.st-note.com/production/uploads/images/241210101/profile_485ad07817b65a9f2446d1a2b9d4ef13.png?fit=bounds&format=jpeg&quality=85&width=330,2026-03-31T18:40:18.495+09:00,一緒にファランクス組みますか笑😆
nc76c82eadd7ef,nf07ac3e657c6,fd4d4d738166f8f315179636393d62e9,🌀 みーちゃんの脳内探検記 〜高次機能障害とチャッピーと〜,fair_prawn5222,https://assets.st-note.com/production/uploads/images/261503068/profile_d5aa43f900e39deb05eed51f806dc938.jpg?fit=bounds&format=jpeg&quality=85&width=330,2026-03-31T09:34:28.449+09:00,"Kingさん♬
えらん堂さんからやってきました〜みーちゃんと申します✨️✨️
サムネがとても可愛いですね✨️✨️

フォロワー555名達成！おめでとうございます〜ヽ(=´▽`=)ﾉ🌷"
ncb6fec459b15a,nf07ac3e657c6,13f03d3a1ec4a172a7084a791c8c4703,"あいさん💗Iカウンセリングルーム セラピスト／ 臨床心理士×公認心理師｜支援歴16年・2,000名超",joyful_zebra1701,https://assets.st-note.com/production/uploads/images/194103346/profile_5b2ee16c8d8db97758503974e4e6f9da.png?fit=bounds&format=jpeg&quality=85&width=330,2026-03-30T22:46:20.450+09:00,"フォロワー555名達成、おめでとうございます🎊✨🎉
ぞろ目でとてもラッキーな数字ですね✨

そして、マガジンでのご紹介もありがとうございます😌
こうしてご縁をつないでいただけること、いつもとても嬉しく感じています🌸🌿

また、お邪魔させていただきます💗"
nc73e9aad076bb,nf07ac3e657c6,b60c6006e6818a147458dad11e6bc89f,瀬海歩（せかいあゆむ）,sekaiayumu25,https://assets.st-note.com/production/uploads/images/251395522/profile_6cb1552f68e13741419dd072f35f914e.jpg?fit=bounds&format=jpeg&quality=85&width=330,2026-03-30T21:06:24.462+09:00,"Kingさん、おめでとうございます。

考えてみました(笑)

メッセージ送りますね。"
nc2a672d2822ed,nf07ac3e657c6,3cb4d81489d9115418a8861dcba7c631,えらん堂,dear_pansy6581,https://assets.st-note.com/production/uploads/images/242221069/profile_508d7605146c8d0a2207c10ec053fe6c.png?fit=bounds&format=jpeg&quality=85&width=330,2026-03-30T19:28:27.095+09:00,"Kingさん

こんばんは🌜

フォロワー様555名様おめでとうございます🎉

555名様でラッキー☘️

えらん堂のイラストで良かったら使って下さい🐱"
ncb2743ea8e349,nf07ac3e657c6,bd6881b17845a554ea791e5557b79b7a,さんみ～＠ヤングケアラー２５年,bobusanmi1224,https://assets.st-note.com/production/uploads/images/4620903/profile_89e247ec25f892b6133264485871d760.png?fit=bounds&format=jpeg&quality=85&width=330,2026-03-30T18:38:32.736+09:00,フォロワー５５５人おめでとうございます！
nc3a681740efd5,n3d8786dc666d,2b3bf47ccc09a3c67423a07ca938d339,RIKA🌈お料理でHAPPYをお届け🎁簡単美味健康ダイエットリーズナブルな神レシピ😇💖,rika7652,https://assets.st-note.com/production/uploads/images/167694639/profile_d972698d6bdcf9fe6364af7122551ef8.png?fit=bounds&format=jpeg&quality=85&width=330,2026-04-03T19:23:06.544+09:00,"Kingさん

ちょーポジティブな発想、大好物😋👍

元気をいただきました❗️
どうもありがとうございます🌈

そして、、、

ご紹介もどうもありがとうございまーす‼️"
ncb48e7cbbaa29,n3d8786dc666d,d6d51dea38cbe3d49e06756495425d9a, ダンちゃん｜映画解体評論家,cinephileangel,https://assets.st-note.com/production/uploads/images/244063488/profile_5860932d8b92dd295f931f496755b018.jpg?fit=bounds&format=jpeg&quality=85&width=330,2026-03-30T09:33:18.625+09:00,"Kingさん、はじめまして。龍神さんの記事で紹介されていたので来ました。

「転んだが地面があることに気づけてラッキー」——40年エンジニアとして、バグが出たことで設計の穴に気づけてラッキーと言い続けてきた俺には刺さります。

やっぱり俺ってラッキー✌️の境地、目指します。"
nc2df6fb238859,n3d8786dc666d,a10276eeb2e12d524927ae56c76ff5a7,ニコ,vivid_orchid3415,https://assets.st-note.com/production/uploads/images/241210101/profile_485ad07817b65a9f2446d1a2b9d4ef13.png?fit=bounds&format=jpeg&quality=85&width=330,2026-03-30T06:56:58.705+09:00,"人は不足だけでなく、満たされすぎることでも、ものの見方を誤るのかもしれませんね。深いです😌🎰
"
ncbc60bcfda405,n42a05083d8e0,d6d51dea38cbe3d49e06756495425d9a, ダンちゃん｜映画解体評論家,cinephileangel,https://assets.st-note.com/production/uploads/images/244063488/profile_5860932d8b92dd295f931f496755b018.jpg?fit=bounds&format=jpeg&quality=85&width=330,2026-03-30T09:34:51.094+09:00,"Kingさん、この寓話が刺さりました。

「決めれば恨まれる。決めぬままでは蝗も水も待たぬ」——40年エンジニアとして、誰も褒めない設計判断を何度も引き受けてきました。村長が「誇りとは思わなかった。ただ引き受けたのだと思った」という一行、そのまま俺の40年です。

これからもよろしくお願いします。"
nc6c05b06cf03d,n42a05083d8e0,13f03d3a1ec4a172a7084a791c8c4703,"あいさん💗Iカウンセリングルーム セラピスト／ 臨床心理士×公認心理師｜支援歴16年・2,000名超",joyful_zebra1701,https://assets.st-note.com/production/uploads/images/194103346/profile_5b2ee16c8d8db97758503974e4e6f9da.png?fit=bounds&format=jpeg&quality=85&width=330,2026-03-29T18:52:26.664+09:00,"Kingさん、こんばんは😊
いつもマガジンをご紹介いただき、ありがとうございます🌿
そしてスキもいただき、とても嬉しかったです✨

本当にありがとうございます🌸

これからのご発信も、楽しみにしていますね✨"
nce57754f5d810,n42a05083d8e0,2b3bf47ccc09a3c67423a07ca938d339,RIKA🌈お料理でHAPPYをお届け🎁簡単美味健康ダイエットリーズナブルな神レシピ😇💖,rika7652,https://assets.st-note.com/production/uploads/images/167694639/profile_d972698d6bdcf9fe6364af7122551ef8.png?fit=bounds&format=jpeg&quality=85&width=330,2026-03-29T06:53:59.738+09:00,"Kingさん
おはようごさいます☀️
（2度目😄）

馬鹿正直さん
終わってしまった……

皆に頼られて
感謝と文句が共存

昔は軽かった
いまは重い

誰にも褒められないけれど、馬鹿正直さんしか務まる人、いないですよね

（不誠実だったら皆に避けられる、忘れられる、誰も相手にしない、、、不誠実が故の人生）

皆に『この人しかいない』そう思ってもらえること、馬鹿正直さはやはり大切だなって思いました

素敵なストーリー
どうもありがとうございました🌈



"
nc66ccf985806f,n96deac8c8417,2b3bf47ccc09a3c67423a07ca938d339,RIKA🌈お料理でHAPPYをお届け🎁簡単美味健康ダイエットリーズナブルな神レシピ😇💖,rika7652,https://assets.st-note.com/production/uploads/images/167694639/profile_d972698d6bdcf9fe6364af7122551ef8.png?fit=bounds&format=jpeg&quality=85&width=330,2026-03-29T06:22:51.951+09:00,"Kingさん
おはようごさいます☀️

馬鹿正直さんは
人一倍大変だけど
皆に信頼されてますね
報われる人生であって欲しいです
続きも楽しみです


そして、、、

素敵な記事にてマガジンのご紹介をいただきどうもありがとうございます
とても嬉しいです🥰


今日も素敵な1日になりますように🌈



"
ncfc2810bf5709,n96deac8c8417,1fa991e36b58d8e95e3af4a9385bff68,さみ,sa_mi0607,https://assets.st-note.com/production/uploads/images/270114176/profile_0b08f44532cc428a0ce179681ac05951.png?fit=bounds&format=jpeg&quality=85&width=330,2026-03-27T21:02:25.628+09:00,"ん～～
続きが気になりますねー笑🍊"
nc7825854af6f4,n074e267d7178,13f03d3a1ec4a172a7084a791c8c4703,"あいさん💗Iカウンセリングルーム セラピスト／ 臨床心理士×公認心理師｜支援歴16年・2,000名超",joyful_zebra1701,https://assets.st-note.com/production/uploads/images/194103346/profile_5b2ee16c8d8db97758503974e4e6f9da.png?fit=bounds&format=jpeg&quality=85&width=330,2026-03-28T17:32:03.186+09:00,"Kingさん🌸

マガジンご紹介くださり、ありがとうございます😌💞

今回の記事も読ませていただきました。
「信じること」と「任せること」の違いという視点、とても印象に残りました。

穏やかに見える流れの中で、
誰も決めないまま進んでいく感覚や、
気づいた人に役割が集まっていく重さが、静かに伝わってきました✨

問いを持つことの重さと向き合う姿、考えさせられました😌

これからの展開も楽しみにしています🌿"
nc4725e08f1648,n074e267d7178,d6d51dea38cbe3d49e06756495425d9a, ダンちゃん｜映画解体評論家,cinephileangel,https://assets.st-note.com/production/uploads/images/244063488/profile_5860932d8b92dd295f931f496755b018.jpg?fit=bounds&format=jpeg&quality=85&width=330,2026-03-27T00:36:50.841+09:00,KINGさん、「考えるだけでは足りぬ、誰かが決めねばならぬ」——エンジニアとして40年、同じ重さを感じてきました。続きが楽しみです。X凍結、お疲れ様です😊
nc46ed8690f31d,n074e267d7178,2b3bf47ccc09a3c67423a07ca938d339,RIKA🌈お料理でHAPPYをお届け🎁簡単美味健康ダイエットリーズナブルな神レシピ😇💖,rika7652,https://assets.st-note.com/production/uploads/images/167694639/profile_d972698d6bdcf9fe6364af7122551ef8.png?fit=bounds&format=jpeg&quality=85&width=330,2026-03-26T22:41:02.812+09:00,"Kingさん

ますます惹き込まれる記事をどうもありがとうございます🥰

続きを楽しみにしております🌈
"
nc9c95337b68b9,nf50f688f257e,2b3bf47ccc09a3c67423a07ca938d339,RIKA🌈お料理でHAPPYをお届け🎁簡単美味健康ダイエットリーズナブルな神レシピ😇💖,rika7652,https://assets.st-note.com/production/uploads/images/167694639/profile_d972698d6bdcf9fe6364af7122551ef8.png?fit=bounds&format=jpeg&quality=85&width=330,2026-03-26T03:59:25.100+09:00,"Kingさん
はじめまして

龍神さんのところからやって参りました

記事を拝見して
切なくなりました

この方はこの先どうなっていくのかな？

とても気になります

"
nc5ff53f97e041,nfad2f93ebe4b,3cb4d81489d9115418a8861dcba7c631,えらん堂,dear_pansy6581,https://assets.st-note.com/production/uploads/images/242221069/profile_508d7605146c8d0a2207c10ec053fe6c.png?fit=bounds&format=jpeg&quality=85&width=330,2026-03-24T22:53:04.243+09:00,"Kingさん

こんばんは、いつもマガジン掲載していただいてありがとうございます☘️

この記事と関係なくなっちゃいますけど、先日のボートレースの記事でメンバーシップのコメントいただいてたのにメンバーシップの通知ってわかりづらくて、気付かず遅くなっちゃいました。ごめんなさい🙇
"
nc8de57a6b6578,ndb1ab566027b,266d9698e161c9b4bc3cd84ab21d7c08,きみこのSoulルーム,kimimari2350,https://assets.st-note.com/production/uploads/images/208541487/profile_b8e04433295dbc046967147402b4f003.png?fit=bounds&format=jpeg&quality=85&width=330,2026-05-02T21:19:36.930+09:00,"Kingさん🌿

寓話として描かれている世界の中に、人の内側にある揺れや弱さが重なって見え、とても印象に残りました。
外の出来事のようでいて、自分自身にも問いかけられているような感覚がありました。"
nc250106af096a,ndb1ab566027b,b60c6006e6818a147458dad11e6bc89f,瀬海歩（せかいあゆむ）,sekaiayumu25,https://assets.st-note.com/production/uploads/images/251395522/profile_6cb1552f68e13741419dd072f35f914e.jpg?fit=bounds&format=jpeg&quality=85&width=330,2026-03-23T21:40:37.609+09:00,Kingさん大丈夫ですか？この話刺さりますね！続き楽しみです✨
ncae481cdfd7d9,n3afa1d36cc03,13f03d3a1ec4a172a7084a791c8c4703,"あいさん💗Iカウンセリングルーム セラピスト／ 臨床心理士×公認心理師｜支援歴16年・2,000名超",joyful_zebra1701,https://assets.st-note.com/production/uploads/images/194103346/profile_5b2ee16c8d8db97758503974e4e6f9da.png?fit=bounds&format=jpeg&quality=85&width=330,2026-03-22T18:32:43.242+09:00,"Kingさん🌿

マガジンのご紹介いただき、ありがとうございます😊✨
とても嬉しいです🌸

不完全でも動ける確率の方が高い、という視点、
肩の力がふっと抜ける感覚になりますね✨

これからも、発信楽しみにしています😊"
ncaea0ff8db764,n3252b39e47ed,13f03d3a1ec4a172a7084a791c8c4703,"あいさん💗Iカウンセリングルーム セラピスト／ 臨床心理士×公認心理師｜支援歴16年・2,000名超",joyful_zebra1701,https://assets.st-note.com/production/uploads/images/194103346/profile_5b2ee16c8d8db97758503974e4e6f9da.png?fit=bounds&format=jpeg&quality=85&width=330,2026-03-20T21:02:28.708+09:00,"Kingさん✨こんばんは🌙

今回のお話も、思わずクスッとしながら読ませていただきました😆
そして最後の「ラッキーの本質」の視点、とても素敵だなと感じました🌿

結果だけじゃなくて、
その過程を楽しめている時間そのものがラッキーなんですよね✨

そんな気づきを届けてくださる記事と、
今回もマガジンのご紹介いただき、いつもありがとうございます✌️"
nc2615b87a69e9,n3252b39e47ed,b60c6006e6818a147458dad11e6bc89f,瀬海歩（せかいあゆむ）,sekaiayumu25,https://assets.st-note.com/production/uploads/images/251395522/profile_6cb1552f68e13741419dd072f35f914e.jpg?fit=bounds&format=jpeg&quality=85&width=330,2026-03-20T20:33:30.886+09:00,Kingさん、こんばんは。いつも世の中の良い面をラッキーな所を教えて下さり感謝しております✨️
nc48ad51cbfc59,ne991d2421e89,5643208b438dc520ea679300a191f102,ういまる,witty_eider9036,https://assets.st-note.com/production/uploads/images/262416249/profile_6afa0c6ae55faab820fd1ab090d2e6cf.png?fit=bounds&format=jpeg&quality=85&width=330,2026-03-21T08:47:37.510+09:00,"Kingさんお邪魔します🙇
お腹からというのは良く言われることではありますが、自分じゃわかんないですよねぇ🤔
ブレスケアでお腹からミントでも多少効果はあるんでしょうけど、下からもミント出そうで抵抗あります(笑)"
nc767cd2e01c26,ne991d2421e89,b4efdaf12854acda77bf0ab77e0d4fd1,矢田　和也　(フォロバ100),joyous_shrew9162,https://assets.st-note.com/production/uploads/images/224583151/profile_21f4bb4d5bd1ab568db87605e544dd46.jpg?fit=bounds&format=jpeg&quality=85&width=330,2026-03-19T15:56:50.646+09:00,"参考になりました。✨
ありがとうございます。"
nc35f18185acc9,ne991d2421e89,13f03d3a1ec4a172a7084a791c8c4703,"あいさん💗Iカウンセリングルーム セラピスト／ 臨床心理士×公認心理師｜支援歴16年・2,000名超",joyful_zebra1701,https://assets.st-note.com/production/uploads/images/194103346/profile_5b2ee16c8d8db97758503974e4e6f9da.png?fit=bounds&format=jpeg&quality=85&width=330,2026-03-19T11:40:23.249+09:00,"Kingさん、こんにちは🌸

マガジンのご紹介、いつもありがとうございます😊
今回の記事も楽しく読ませていただきました。
ユーモアの中に、気づきがあるのが素敵だなと感じています🌿

いつもご縁をありがとうございます✨"
nc27b6d690f86a,n8008e59f6643,13f03d3a1ec4a172a7084a791c8c4703,"あいさん💗Iカウンセリングルーム セラピスト／ 臨床心理士×公認心理師｜支援歴16年・2,000名超",joyful_zebra1701,https://assets.st-note.com/production/uploads/images/194103346/profile_5b2ee16c8d8db97758503974e4e6f9da.png?fit=bounds&format=jpeg&quality=85&width=330,2026-03-18T23:48:52.630+09:00,"Kingさん、こんばんは🌙
いつもマガジンのご紹介していただき、ありがとうございます😊

記事も楽しく読ませていただきました😌
「努力もラッキーの一部」という視点、とても印象に残りました✨"
ncbc8a18c0ad53,n8008e59f6643,bede9bd0a510b6a3b89dcb460dd51ef5,ルルトアヤコ,lovely_coyote546,https://assets.st-note.com/production/uploads/images/279549033/profile_3d53a17ce59c090b43145099e9a86669.png?fit=bounds&format=jpeg&quality=85&width=330,2026-03-18T21:20:01.923+09:00,なんか、わからんけど…言いくるめられている感じが、ラッキー🤣🤣
nc92e9838deb7b,n5a06fe240b54,13f03d3a1ec4a172a7084a791c8c4703,"あいさん💗Iカウンセリングルーム セラピスト／ 臨床心理士×公認心理師｜支援歴16年・2,000名超",joyful_zebra1701,https://assets.st-note.com/production/uploads/images/194103346/profile_5b2ee16c8d8db97758503974e4e6f9da.png?fit=bounds&format=jpeg&quality=85&width=330,2026-03-16T12:02:02.874+09:00,"Kingさん、今回もマガジンでご紹介ありがとうございます😊
麦茶事件、思わず笑ってしまいました。
これからも記事楽しみにしています🌸✨"
nca96fcf27edce,nfbe430624991,a63682a92e4634674046aab2d01b7ae5,秋下 左内（あきもと さない),brisk_coyote1681,https://assets.st-note.com/poc-image/manual/preset_user_image/production/i1bbf72cee783.jpg,2026-04-11T22:22:40.820+09:00,"Kingさま、お聴きいただいたのでしょう。
ありがとうございます。
何かしら響くものがありましたら幸いです。
"
nc848df1aa4702,nfbe430624991,13f03d3a1ec4a172a7084a791c8c4703,"あいさん💗Iカウンセリングルーム セラピスト／ 臨床心理士×公認心理師｜支援歴16年・2,000名超",joyful_zebra1701,https://assets.st-note.com/production/uploads/images/194103346/profile_5b2ee16c8d8db97758503974e4e6f9da.png?fit=bounds&format=jpeg&quality=85&width=330,2026-03-15T12:48:43.219+09:00,"Kingさん
マガジンのご紹介、ありがとうございます😊
音楽の話から、その時代の空気やご自身の感覚まで伝わってきて、興味深く読ませていただきました🎵
また楽しみにしています🌸🌿"
nc7ab14d708a8f,nfbe430624991,ceb9f20beef56f72c10ed1c4bc125c74,ゆらり🌹🫧　🫶💕,huge_coot6820,https://assets.st-note.com/production/uploads/images/239767432/profile_47e4f415224790b9faa65da8165fa21d.jpeg?fit=bounds&format=jpeg&quality=85&width=330,2026-03-15T07:21:47.209+09:00,"ご紹介有り難うございます🌸
これからもどうぞ宜しくお願い致します🍀🫧🤲"
nce829b728f668,n0fe3fded2371,13f03d3a1ec4a172a7084a791c8c4703,"あいさん💗Iカウンセリングルーム セラピスト／ 臨床心理士×公認心理師｜支援歴16年・2,000名超",joyful_zebra1701,https://assets.st-note.com/production/uploads/images/194103346/profile_5b2ee16c8d8db97758503974e4e6f9da.png?fit=bounds&format=jpeg&quality=85&width=330,2026-03-14T19:55:37.112+09:00,"Kingさん、こんばんは🌙
今回も楽しく読ませていただきました😆
普通病 という切り口がおもしろくて、くすっとしながら読み進めました。

生まれてきた確率の低さを思い出して、たまに自己を完全に肯定せよ
という第一戒も、Kingさんらしいユーモアの中に大事な視点があって素敵だなと思いました🌸

マガジンのこともご紹介いただき、ありがとうございます。
いつもあたたかく触れていただけて嬉しいです🌿
次の教団シリーズも楽しみにしています😊"
nc2db8203e0f63,na6262d873092,7705dae2f99fa528bebc5c7a862d76f3,音の風景,forestsoundscape,https://assets.st-note.com/production/uploads/images/222422923/profile_7fd1dc1c7e7297c69a8aee9ed5b88e1a.png?fit=bounds&format=jpeg&quality=85&width=330,2026-03-15T15:13:51.616+09:00,"こんにちは
ちょっと昭和をおもいだしました😊
こういう系の映画おおかったですよね"
nc456e316aa9dd,na6262d873092,13f03d3a1ec4a172a7084a791c8c4703,"あいさん💗Iカウンセリングルーム セラピスト／ 臨床心理士×公認心理師｜支援歴16年・2,000名超",joyful_zebra1701,https://assets.st-note.com/production/uploads/images/194103346/profile_5b2ee16c8d8db97758503974e4e6f9da.png?fit=bounds&format=jpeg&quality=85&width=330,2026-03-13T21:34:09.509+09:00,"Kingさん
今回も楽しく拝読しました😆
スーパー量子コンピュータの流れからのオチが、さすがでした✨

マガジンのご紹介もありがとうございます🌿
いつもあたたかく触れていただけて、とても嬉しいです。

次回の教団シリーズも楽しみにしています😊"
nc131ef79c5ecf,nba63aa437592,ceb9f20beef56f72c10ed1c4bc125c74,ゆらり🌹🫧　🫶💕,huge_coot6820,https://assets.st-note.com/production/uploads/images/239767432/profile_47e4f415224790b9faa65da8165fa21d.jpeg?fit=bounds&format=jpeg&quality=85&width=330,2026-03-12T17:37:53.027+09:00,"マガジンご紹介誠に有り難う御座います🌸
9割は無駄❣️
共感したくないけれど
確かに、、、そうかも❣️

と、思ってしまいそうな
魅力的な題名の本🌿✨♪

これからも
どうぞ宜しくお願い致します🤲"
nc3d697e850a95,nba63aa437592,13f03d3a1ec4a172a7084a791c8c4703,"あいさん💗Iカウンセリングルーム セラピスト／ 臨床心理士×公認心理師｜支援歴16年・2,000名超",joyful_zebra1701,https://assets.st-note.com/production/uploads/images/194103346/profile_5b2ee16c8d8db97758503974e4e6f9da.png?fit=bounds&format=jpeg&quality=85&width=330,2026-03-12T12:42:05.650+09:00,"Kingさん、こんにちは🌸

記事の中でマガジンをご紹介くださり、ありがとうございます。
ミラクルラッキー教団の聖典のお話、思わず笑いながら読ませていただきました😆

まさか聖典がメルカリで500円とは…！
そして無駄度99.9999…％なのに「ラッキー✌️」で締めるところが、
さすがKingさんですね☺️

こうして記事の中で触れていただけて嬉しかったです。
いつもありがとうございます🌿"
nc0f3e7878e395,nb9a4978a4726,4d7884c1cad8153895dadb71ec1606cb,こーき｜心が少し軽くなる場所,i_am_151cm_boy,https://assets.st-note.com/production/uploads/images/236560109/profile_28f1fb163081001f12afa3f21b0dc40a.png?fit=bounds&format=jpeg&quality=85&width=330,2026-03-12T22:07:17.376+09:00,"「やっぱり俺ってラッキー」最高でした🤣笑笑

捉え方って大事だなと再確認させていただきました！😊✨

素敵な投稿をありがとうございます☺️"
nc41d7700caa87,nb9a4978a4726,3cb4d81489d9115418a8861dcba7c631,えらん堂,dear_pansy6581,https://assets.st-note.com/production/uploads/images/242221069/profile_508d7605146c8d0a2207c10ec053fe6c.png?fit=bounds&format=jpeg&quality=85&width=330,2026-03-11T14:04:11.999+09:00,"Kingさん

こんにちは☀️

マガジンを掲載いただいてありがとうございます⤴️

ポテンシャルを掛け合わせて、一緒に頑張って参りましょう💪

応援しとります！👍"
nc279a1743dd3d,nb9a4978a4726,13f03d3a1ec4a172a7084a791c8c4703,"あいさん💗Iカウンセリングルーム セラピスト／ 臨床心理士×公認心理師｜支援歴16年・2,000名超",joyful_zebra1701,https://assets.st-note.com/production/uploads/images/194103346/profile_5b2ee16c8d8db97758503974e4e6f9da.png?fit=bounds&format=jpeg&quality=85&width=330,2026-03-11T13:39:00.578+09:00,"Kingさん、こんにちは🌸🌿

記事の中でマガジンをご紹介くださり、本当にありがとうございます。
いつも温かくつないでくださるお心遣いに、感謝の気持ちでいっぱいです😌💞

そして今回の記事も、思わずクスッとしながら読ませていただきました。
どんな状態にもラッキーポテンシャルを見出す発想、とてもいいなぁと思いました😍🥰✨

これからの記事も楽しみにしています🌈"
ncb4cd9ecff249,nfab39dda53e7,bd6881b17845a554ea791e5557b79b7a,さんみ～＠ヤングケアラー２５年,bobusanmi1224,https://assets.st-note.com/production/uploads/images/4620903/profile_89e247ec25f892b6133264485871d760.png?fit=bounds&format=jpeg&quality=85&width=330,2026-03-10T18:16:50.284+09:00,こうやってnoteで出会えた事がラッキーです。いつもありがとうございます
nc5e96fc685d56,na8e6946d9455,84725422db8ddb286fb3a293c306aebf,開運シェルパ,hanamiti369,https://assets.st-note.com/production/uploads/images/255750674/profile_80ee0ac532bef7940f81afda8d8e8a77.png?fit=bounds&format=jpeg&quality=85&width=330,2026-04-14T18:15:02.028+09:00,"Kingさん、ミラクルラッキー教団ネタではないときのKingさんも、しっかりとおもしろいですね😀
「反応なくて悲しかった」→「でも書くのが楽しくなっていた」の流れ、大事なことだと思いました。スキの数より、書き続けてきた自分自身が財産ですよね。
これからも記事を楽しみにしています✦✨️"
nc2ea0ae3811d6,na8e6946d9455,bd6881b17845a554ea791e5557b79b7a,さんみ～＠ヤングケアラー２５年,bobusanmi1224,https://assets.st-note.com/production/uploads/images/4620903/profile_89e247ec25f892b6133264485871d760.png?fit=bounds&format=jpeg&quality=85&width=330,2026-03-10T10:54:21.600+09:00,これわかります。また記事にしようと考えていたのですが、SNSって本当に相性ありますよね。
nc8045783d3046,ne4fe6760e482,1fa991e36b58d8e95e3af4a9385bff68,さみ,sa_mi0607,https://assets.st-note.com/production/uploads/images/270114176/profile_0b08f44532cc428a0ce179681ac05951.png?fit=bounds&format=jpeg&quality=85&width=330,2026-03-18T23:35:58.303+09:00,"ラッキーの記事に出会えて幸せでごじゃる🫶🌱　

今の自分の存在や、当たり前にご飯が食べられる事もラッキーですよね🤞

当たり前の事にきづけたら、後はラッキーを広めるだけですね(*^^*)👍️

さみ🍊は、そこに笑顔をプラスです〜🫶"
nc78f18ae9462b,n741cc8db34d0,7ae61cdc36195b1d35747a2b6c31e755,MOMO,nice_falcon1638,https://assets.st-note.com/production/uploads/images/255901015/profile_6525db155d39a72703a0bea6883ea75b.jpg?fit=bounds&format=jpeg&quality=85&width=330,2026-05-25T21:16:24.349+09:00,"Kingさん、こんばんは！

Bing検索でヒットするなんて
凄いですね〜

しかも概要もあるし
入信方法まで記載されてる😳

私もスキしたから
ラッキー上がりました♡"
nc9f89d76b0573,n741cc8db34d0,a10276eeb2e12d524927ae56c76ff5a7,ニコ,vivid_orchid3415,https://assets.st-note.com/production/uploads/images/241210101/profile_485ad07817b65a9f2446d1a2b9d4ef13.png?fit=bounds&format=jpeg&quality=85&width=330,2026-03-07T18:17:07.820+09:00,"1サトシ（satoshi） = 0.00000001 BTC 
ビットコインの最小単位と比べたらどうだろうと思ったらそっちのがまだまだすごかった。ミラクルジャグラー打ってきます🎰"
nc7967614e981b,nfd8e22b29741,58e8718b82d8bb24a98faa2e3b12b526,たび.　,51shinya,https://assets.st-note.com/production/uploads/images/259902729/profile_b80db7bab49f37404000d03424d13de3.png?fit=bounds&format=jpeg&quality=85&width=330,2026-05-23T13:14:52.801+09:00,"やったぁ～、これであたしも0.000000000000000000001%、ラッキーが上がりましたね😁😁😁
まあ、つまりコレは「生きてるだけで、丸もうけ」ってことですよね🌈"
ncfe45d8261611,nfd8e22b29741,a3b393748448993682c446017554f28a,りこ@一生養生,riko_83,https://assets.st-note.com/production/uploads/images/242853208/profile_868cf0850d54d0a98ca0406d82454cfa.png?fit=bounds&format=jpeg&quality=85&width=330,2026-05-04T20:30:53.600+09:00,"はじめまして🌙
龍神さんの記事から飛んできて、あっという間に0.000000000000000000001%、ラッキーが上がったみたいです🍀
記事、マガジンに追加して下さりありがとうございました😊"
nc43bcddc241a1,nfd8e22b29741,9f7bb4d964cf5a8c18fdb395b69b1e0d,七瀬葉月,hazuki_world,https://assets.st-note.com/production/uploads/images/268880752/profile_bd73793df0463fd73407d02c24a1fbeb.jpeg?fit=bounds&format=jpeg&quality=85&width=330,2026-04-08T21:14:01.417+09:00,"はじめまして！
ミラクルラッキーを、記事の最後に来るまで「ミラクルクッキー」と読み違えておりました💥
大変失礼いたしました🙇
ミラクルラッキー、上がったように感じます。"
nc75830ddbd299,nfbb1718416b6,bd6881b17845a554ea791e5557b79b7a,さんみ～＠ヤングケアラー２５年,bobusanmi1224,https://assets.st-note.com/production/uploads/images/4620903/profile_89e247ec25f892b6133264485871d760.png?fit=bounds&format=jpeg&quality=85&width=330,2026-03-06T19:34:17.415+09:00,いつもありがとうございます！　AIと人間が書いた記事は見分けるの難しいですよね！私はあえて語気強めたりして差別化考えたりしてます。できる限りリアルをお伝えしたいと考えています💦
nce19064a1d132,nfbb1718416b6,a10276eeb2e12d524927ae56c76ff5a7,ニコ,vivid_orchid3415,https://assets.st-note.com/production/uploads/images/241210101/profile_485ad07817b65a9f2446d1a2b9d4ef13.png?fit=bounds&format=jpeg&quality=85&width=330,2026-03-06T07:54:35.898+09:00,かわいい🩷
nccc01d7dd55dd,na883c2180138,a10276eeb2e12d524927ae56c76ff5a7,ニコ,vivid_orchid3415,https://assets.st-note.com/production/uploads/images/241210101/profile_485ad07817b65a9f2446d1a2b9d4ef13.png?fit=bounds&format=jpeg&quality=85&width=330,2026-03-04T07:17:35.138+09:00,"生成AIは「意味理解」よりも文章パターン生成に近い仕組みなので、誰が誰か（私・あなた・彼）を追跡するのが苦手なことがあるみたいですね。
日本語は主語省略が多いので特に起きやすいそうです！"
nc0f4c5dbbdfe0,nfc7d1a6db367,c51a195504d6f92127095314b713f6a9,なないろ　　　,nanairokinue_,https://assets.st-note.com/production/uploads/images/62993822/profile_528119d9ff5ea71c883d3f125e800078.jpeg?fit=bounds&format=jpeg&quality=85&width=330,2026-04-17T15:57:50.160+09:00,"Kingさん、こんにちは。

記事を読ませていただいて、広島だけじゃなく、戦争が繰り広げられた場所は本当にどこも悲惨だったということを改めて実感しました。私の祖父が亡くなったビルマも、映画になるほど悲惨だったわけですし。

Kingさんのお祖父様とお祖父様のお兄様も戦死されたのですね。捕虜になりマラリアに感染して亡くなることも、戦死と同じだと思いました。私の母方の祖母はシベリアで捕虜になったみたいです。

Kingさんと同じように、私も戦争について言いたいことはたくさんありますが、その想いを、祈ることで沈めております☺️"
nc91524ff085c2,nd3b15e59ffd1,501075b33bc8fff4716e8e39cb47e74a,りんごあめ,aogunjyou_205,https://assets.st-note.com/production/uploads/images/244320088/profile_b53bcb9297c65530f6e56ea129a55d08.jpeg?fit=bounds&format=jpeg&quality=85&width=330,2026-05-29T13:59:48.039+09:00,"Kingさん、こんにちは☘️

素敵なマガジンへ掲載していぢきありがとうございます😊
いつも感謝です🍎"
nc449238f2e3be,n2d14f53155e6,0a190b2a1490ace96d668b7243df84fc,『本当の自分に出会う100の法則』まなび,miracle_tarot315,https://assets.st-note.com/production/uploads/images/249470009/profile_45cd99b5e01b52738ef63d2120073cf9.png?fit=bounds&format=jpeg&quality=85&width=330,2026-05-29T13:00:16.550+09:00,"Kingさん
マガジンに掲載して頂きありがとうございます！

夢の分析、笑ってしまいました😂量子コンピュータの『気にしすぎ82%』という回答が絶妙ですね。

あまり自分を追い込まず、今日もラッキー全開でいきましょう！😊"
nc43dab097b2d2,ndf2f4ec1381e,cec4c608f21d7aa722cfc12802c896bf,MOON｜違和感の記録,dandy_sedum8677,https://assets.st-note.com/production/uploads/images/271470614/profile_112e71abeaceddb2ab033b49d5f56568.png?fit=bounds&format=jpeg&quality=85&width=330,2026-05-29T12:40:26.872+09:00,"Kingさん

メンバーシップに参加させていただきました🌙

自分に置き換えながら、
読ませていただきました。

IQや能力の高さはひとまず棚上げして…。笑

ともあれ、
どうぞよろしくお願いします😊"
nc529a1d2381fa,n609d44cd15e5,ca17527cfe63f65cebf3883988786b79,donchan1962,donchan_13,https://assets.st-note.com/production/uploads/images/183217910/profile_a33ecb57f18c7bbea28e041c386d47a2.jpeg?fit=bounds&format=jpeg&quality=85&width=330,2026-05-29T20:15:17.900+09:00,ちょっと、見直しちゃいました👍
nc23d192487330,n609d44cd15e5,4d7884c1cad8153895dadb71ec1606cb,こーき｜心が少し軽くなる場所,i_am_151cm_boy,https://assets.st-note.com/production/uploads/images/236560109/profile_28f1fb163081001f12afa3f21b0dc40a.png?fit=bounds&format=jpeg&quality=85&width=330,2026-05-29T19:53:19.579+09:00,"Kingさん😊

あまねさん、noteの世界からぬりえ帖の出版までされていらっしゃって本当に凄いですね！！😆✨"
nc6018ada1e2ee,n609d44cd15e5,47ac127ec0bbe6902b9f372fd944ebf8,和田雄三｜AI×心理ブランディングデザイナー,glad_dill2129,https://assets.st-note.com/production/uploads/images/265848866/profile_b0e386a458b5c21f7f00921837c9ffad.png?fit=bounds&format=jpeg&quality=85&width=330,2026-05-29T19:49:04.932+09:00,"あまねさん喜びますね😊
実際に買ってレビューまで書くの流石です👍"
ncadc633400e89,n609d44cd15e5,13f03d3a1ec4a172a7084a791c8c4703,"あいさん💗Iカウンセリングルーム セラピスト／ 臨床心理士×公認心理師｜支援歴16年・2,000名超",joyful_zebra1701,https://assets.st-note.com/production/uploads/images/194103346/profile_5b2ee16c8d8db97758503974e4e6f9da.png?fit=bounds&format=jpeg&quality=85&width=330,2026-05-29T19:13:43.876+09:00,"Kingさん😊こんにちは✨

記事を読みながら、実際に手に取られた嬉しさが伝わってきました🌸🌿
応援したい気持ちが行動につながるって素敵ですね😊
完成した作品も、いつか見せていただけたら嬉しいです🎨✨

いつも、ご紹介、マガジンの登録ありがとうございます🌈ᵕ̈*
"
ncec4fa1de20dd,n609d44cd15e5,d29c2432624c1087ec7f89cc2f079dbe,美咲サヤ,crisp_gecko6337,https://assets.st-note.com/production/uploads/images/267718350/profile_d73fda1af8e66cc2c55152264f38ff50.png?fit=bounds&format=jpeg&quality=85&width=330,2026-05-29T18:41:46.608+09:00,"Kingさん、こんにちは！
こんばんは！
この度も、マガジンに私の記事を追加していただき、ありがとうございます！

偶然キングさんの記事を読ませていただいたのですが、直ぐに反応してくださり、なんか申し訳ないです💦😅

でも素直に嬉しくて、
毎回励みになり、よし！これからも頑張るぞぉー！と勇気が出てきます。
ありがとうございます！"
nc5bf2de84d4d7,n609d44cd15e5,209f3701abc5bae89b6dd62898c7916a,コンパス みき,compass_m360,https://assets.st-note.com/production/uploads/images/253440713/profile_8b36220be6950ce90264f78d2b308c75.png?fit=bounds&format=jpeg&quality=85&width=330,2026-05-29T23:08:48.972+09:00,"Kingさん、こんばんは😃

ぬりえって結構難しいですよね😆
大人になってから塗り絵の体験に行ったことがありますが、
トマト一つ塗るのに、何色も丁寧に重ね塗りして、
すごい時間かかったの覚えてます！
あまねさんのぬりえはどんな感じなんだろうなあ💖
ぬりえ本を出すあまねさんもすごい😍
Kingさんが塗ったの今度見せてくださいね＼(^o^)／"
nc336d9adaec9c,n609d44cd15e5,a0631b9dde2d8c6616ce55a5efaefc18,sc_fun｜AI×note収益化サポート😺,sc_fun,https://assets.st-note.com/production/uploads/images/238585370/profile_d3940d29208e16d8c13feedce8989fdd.png?fit=bounds&format=jpeg&quality=85&width=330,2026-05-29T21:49:40.125+09:00,"Kingさん、ぬりえって小学生以来ですよ🙂

Kindle…ではなさそうですね。

Amazon経由で買ったということはそういうことか。

Kingさん、「ぬりえをやってみた」的な記事の続報があればみてみたいです😀

レビューを記事にするみたいな。

それにしても、あまねさんってすごいんですね🐱"
ncda1c4753cca9,n609d44cd15e5,35032a872ef338f6bbc0a85288de5944,あまね〘ฅ՞•ﻌ•՞ฅฅ^•ﻌ•^ฅ〙,almabrillante,https://assets.st-note.com/production/uploads/images/270451364/profile_78017c668dbe9b00fb7cca620f05f8aa.png?fit=bounds&format=jpeg&quality=85&width=330,2026-05-29T21:48:34.166+09:00,"Kingさん、こんばんは🌛*゜

早速レビューを書いてくださって嬉しいです！😭🩷
そして、マガジンを先頭で紹介してくださるなんて✨
いつも本当にありがとうございます🙏😆

楽しんで塗り進めてくださったら嬉しいです🫶☺️"
nc028767c532b4,nd3b15e59ffd1,58e8718b82d8bb24a98faa2e3b12b526,たび.　,51shinya,https://assets.st-note.com/production/uploads/images/259902729/profile_b80db7bab49f37404000d03424d13de3.png?fit=bounds&format=jpeg&quality=85&width=330,2026-05-29T21:10:01.738+09:00,"Kingさん、こんばんは！

いや～、おっしゃるとおりの状況です。
こういった類の記事を書いてみても、まあ、劇的には増えませんし。
あとは、地道に研鑽を積んでいこうと思ってます。

今後ともどうぞ、よろしくお願いいたします。"
nc4ea1d41c8e5f,n609d44cd15e5,fdfcb42dbb3ca6a92977feeb331299bf,ヤマコヤーマン,yamayamako3,https://assets.st-note.com/production/uploads/images/264908732/profile_22f5b0d83f87ee87628a50db08f251bb.png?fit=bounds&format=jpeg&quality=85&width=330,2026-05-30T10:01:05.944+09:00,"Kingさん
なんだかコメ返に｢色鉛筆がない｣というオチがチラチラと見えるのですが…笑
いつもマガジン追加ありがとうございます！
"
nc88fc89d99dae,nd3b15e59ffd1,1ef4435612c1f36fd963bcdd8ace0d73,のあ｜自分に戻る思索note,joyful_salvia906,https://assets.st-note.com/production/uploads/images/244581020/profile_a075505b43aab98267d3b165ed95521a.png?fit=bounds&format=jpeg&quality=85&width=330,2026-05-30T08:42:50.302+09:00,"Kingさん
おはようございます。

僕も久しぶりに自分のこと（まじめ系？笑）の記事を書きました。

苦しい時や孤独な時に反応してくれた人は、大事にしたいと思う。
できることなら、自分も誰かにとってそういう存在になれたらいいなと思う。

その気持ちを言葉にされているの見て、
勇気をいただきました！

これからの発信も応援しています！
いつもありがとうございます😊"
nc384f27866313,n609d44cd15e5,ca17527cfe63f65cebf3883988786b79,donchan1962,donchan_13,https://assets.st-note.com/production/uploads/images/183217910/profile_a33ecb57f18c7bbea28e041c386d47a2.jpeg?fit=bounds&format=jpeg&quality=85&width=330,2026-05-30T14:23:16.287+09:00,"こんにちは
いつもありがとうございます
記事、マガジンへの追加、感謝申し上げます
また、記事の高評価、ありがとうございます"
nccb51aaff6afb,nfa8d47a22c3a,6f99c57d9d90358b9c13ce851053fd17,蛍,nifty_tucan8721,https://assets.st-note.com/production/uploads/images/279156897/profile_f41793b68c555f9f00ab6f2acb835d1d.jpeg?fit=bounds&format=jpeg&quality=85&width=330,2026-05-30T16:08:27.571+09:00,"King様　いつもありがとうございます。

これから三章に入りました。　私も昔の記事からじっくり読ませていただきます。　よろしくお願いします
"
nce69a510beb95,n609d44cd15e5,ca17527cfe63f65cebf3883988786b79,donchan1962,donchan_13,https://assets.st-note.com/production/uploads/images/183217910/profile_a33ecb57f18c7bbea28e041c386d47a2.jpeg?fit=bounds&format=jpeg&quality=85&width=330,2026-05-30T21:04:30.904+09:00,"こんばんは🌆
いつもありがとうございます
記事、マガジンへの追加、感謝申し上げます"
ncb2edcd029341,nfa8d47a22c3a,66726de4becaba8cedd3e058f42503e8,haremithu,haremithu,https://assets.st-note.com/production/uploads/images/275787721/profile_a1cd7f33caccd2abc12f19b96be41bc8.jpeg?fit=bounds&format=jpeg&quality=85&width=330,2026-05-31T10:42:46.949+09:00,"初めまして😃
haremithuです。マガジン追加、フォローありがとうございます😊
ご縁に感謝してます✨
難しい哲学に絵本に出てくる様な可愛いイラストのギャップに魅了されました。
またゆっくり読ませてください🙇‍♀️
"
nce945cfb54b6a,nd3b15e59ffd1,4cbadc9bd7b2c79ef8a1c84d735d5aee,Ｊ子,regal_yucca4972,https://assets.st-note.com/production/uploads/images/275777517/profile_e9aceb14cfad7b1e599d8d39f6ec0db6.png?fit=bounds&format=jpeg&quality=85&width=330,2026-05-31T09:04:12.634+09:00,"kingさん　おはようございます♡
マガジンに記事を紹介して頂き
ありがとうございました😭
今日も頑張れます！
スキ💓がつくって
嬉しいですね^ ^
これからも、よろしくお願いします🙇"
ncdce48f42bec5,nd3b15e59ffd1,617d6d2dcb4435635d6a948287898ed1,五條シンジ｜『Snowdrop Surfer』著者,kitanoshinji,https://assets.st-note.com/production/uploads/images/263243256/profile_d0e5a60e70723ba546f0bf5528b96c24.png?fit=bounds&format=jpeg&quality=85&width=330,2026-05-31T16:25:40.514+09:00,"Kingさん
こんにちは。

いつもありがとうございます。

『苦しい時や孤独な時に反応してくれた人を、大切にしたい』

自分も本当に、Kingさんをはじめ、Kingさんが仲良くされている皆様方に優しくしていただき、とても大きな力をいただいたと感じております。

今回もマガジンに追加いただき、さらにコメントもいただき、ありがとうございます。
いつも投稿を楽しみにしております。
"
ncecd03e460aec,n8e6e558e0595,ca17527cfe63f65cebf3883988786b79,donchan1962,donchan_13,https://assets.st-note.com/production/uploads/images/183217910/profile_a33ecb57f18c7bbea28e041c386d47a2.jpeg?fit=bounds&format=jpeg&quality=85&width=330,2026-05-31T19:21:22.405+09:00,"すげ〜、24TBのハードディスク？
画面もでかいし、実は、懐もでかいんだね？😇"
nced562cddb4c5,n8e6e558e0595,7096c2d1f9f21973ee9d04ae4de4fabc,おにぎり＠構造翻訳家～正解より先に、まずは視界を取り戻す～,hotket_jp,https://assets.st-note.com/production/uploads/images/265265465/profile_7ac7501a97e36e7a2efe9f88515af612.png?fit=bounds&format=jpeg&quality=85&width=330,2026-05-31T18:49:34.659+09:00,"こんにちは！いつもマガジンに入れてくださり
本当にありがとうございます✨✨✨

わたしも夫に昨年末「ちゃんとゲームするから、ゲーミングPC買って？」と
小さなゲーミング環境を作ったつもりですが
なぜかAIに浸食され😅AI機器として迷走中🤣
どうしてこうなった😱

SSDめっちゃあがってるんですね、滑り込みセーフだったのかも💦
にしても素晴らしい環境ですね！
ますますのご活躍を楽しみにしていますーーー😄"
ncaae2e40b7752,n8e6e558e0595,d935afcef3d45372668600a97b8eea46,天野 雫 ✿ 占い日記,proper_bonobo536,https://assets.st-note.com/production/uploads/images/252856370/profile_866f40df26780c146ef9459cf81a675c.png?fit=bounds&format=jpeg&quality=85&width=330,2026-05-31T18:24:05.906+09:00,"わぁ✨️さすがKingさん
見やすさもだいじですねぇ〜"
nc01e7efef7a0d,n8e6e558e0595,b95263c6657241c37c06be8613990710,埼玉の裏仕事人,kiitto1968,https://assets.st-note.com/production/uploads/images/253657159/profile_e3d1ed5fc794d04266be9932b804beb4.png?fit=bounds&format=jpeg&quality=85&width=330,2026-05-31T18:14:31.362+09:00,"うっひゃー！パソコンもKingですなー！
でもあちきはみっけた！
Xbox ワイヤレス コントローラー　これはわいも使っておりましたぜ！
娘とiPadでMinecraftやってる時に！
ちなみに今は二人ともやらなくなってしまったのでうっぱらっちまいやした！
卯屁🩷"
nc0d7f4e0ba4ae,n8e6e558e0595,8c587cd944bf2a68dff45ae032f74415,営業パパ,eigyopapa,https://assets.st-note.com/production/uploads/images/280175768/profile_e9b8115d4e8a61b9d3a6439776b73e24.png?fit=bounds&format=jpeg&quality=85&width=330,2026-05-31T18:09:35.514+09:00,"Kingさん

すごっ、、ゲーミングPCってお値段こんなするんですね😳
いろんなガジェット組み合わせて自分仕様にするの、男心くすぐられました。
"
nc7f46295a6bbb,n8e6e558e0595,e937b529062a4dff3c5cf7b79cc04cf6,たーゼ,sakuya_rainbow44,https://assets.st-note.com/production/uploads/images/267491936/profile_b274aede9a61c347dfc7d9213ffbeed9.jpg?fit=bounds&format=jpeg&quality=85&width=330,2026-05-31T18:07:11.993+09:00,"高そう…PC無い、たーにはよく分からん
世界だが、Kingさん🌸✨✨

ありがと〜🧑👼🍭✨✨
最近、コメント出来ない時も発生💦

許してちょん🌸🐥🌸✨✨✨✨"
nccd63396d8693,n8e6e558e0595,6b44bc1730f4ed7ad127968e08eb088a,カケルン@HSP フォロバ100,yamaxkake,https://assets.st-note.com/production/uploads/images/272298552/profile_d42fe3f9b5794ccd32d4db77db4c15dc.png?fit=bounds&format=jpeg&quality=85&width=330,2026-05-31T22:09:45.547+09:00,"Kingさん、読ませていただきました。

PC環境の紹介って、スペックだけ並ぶと難しく感じることもありますが、Kingさんの記事は実際に使っている感想が入っていて、とても読みやすかったです。

OMEN 45Lにストレージ増設、RAZERで統一された周辺機器、さらにネックスピーカーとPCスピーカーの使い分けまで、かなり本格的な環境ですね。

個人的には、ボタンが多すぎるコントローラーをメルカリで売った話が好きでした。
高機能でも、自分に合わないものは合わないというところに、すごく実感があります。

Kingさんの作業場というか、秘密基地を少し見せてもらったようで楽しかったです✨️"
nca4ada50e8e3a,n8e6e558e0595,5b2e3afced04534686af4e6ad9397ceb,tomomi｜静かな美容設計,brave_spirea2871,https://assets.st-note.com/production/uploads/images/264353778/profile_a9a6890110418aa78678f4fb5ac1c8f0.jpeg?fit=bounds&format=jpeg&quality=85&width=330,2026-05-31T21:16:47.171+09:00,"Kingさん、はじめまして☺️
こんばんは✨
いつもマガジンに登録してくださり、本当にありがとうございます。

PCのスペックも周辺機器のRAZER統一も、まさにKingな環境で圧巻ですね！

これからも更新、楽しみにしています✨"
nc6d1c7253bdfc,n8e6e558e0595,ca17527cfe63f65cebf3883988786b79,donchan1962,donchan_13,https://assets.st-note.com/production/uploads/images/183217910/profile_a33ecb57f18c7bbea28e041c386d47a2.jpeg?fit=bounds&format=jpeg&quality=85&width=330,2026-05-31T20:24:21.029+09:00,"こんばんは🌇
いつもありがとうございます
記事、マガジンへの追加、感謝申し上げます"
nc5eea47ac1bb1,n8e6e558e0595,fdfcb42dbb3ca6a92977feeb331299bf,ヤマコヤーマン,yamayamako3,https://assets.st-note.com/production/uploads/images/264908732/profile_22f5b0d83f87ee87628a50db08f251bb.png?fit=bounds&format=jpeg&quality=85&width=330,2026-05-31T23:01:16.054+09:00,カッチョええです。ビカビカしてそうです。
nc6b400f745d38,n8e6e558e0595,209f3701abc5bae89b6dd62898c7916a,コンパス みき,compass_m360,https://assets.st-note.com/production/uploads/images/253440713/profile_8b36220be6950ce90264f78d2b308c75.png?fit=bounds&format=jpeg&quality=85&width=330,2026-05-31T22:59:25.661+09:00,"Kingさん、こんばんは😄

人様のPC環境ってとっても興味深いので
面白かったです！！
全部ゲーミング仕様🤣素敵すぎます💖
私はゲームはしないのですが、ピカピカするの好きです😆
モニターはバックでピカピカしてます✨"
nc56f1795b4e1a,n8e6e558e0595,84725422db8ddb286fb3a293c306aebf,開運シェルパ,hanamiti369,https://assets.st-note.com/production/uploads/images/255750674/profile_80ee0ac532bef7940f81afda8d8e8a77.png?fit=bounds&format=jpeg&quality=85&width=330,2026-05-31T22:44:30.492+09:00,"道具の選び方には、その人の考え方が表れます。
「自分に合う道具を選ぶ」という行為は、「自分がどう使いたいか」を明確にする作業でもあります。

この記事で印象的だったのは、スペックの数字や世間の評判より、ご自身の使用感を判断の軸にしている点です。
つまり、Kingさんは「自分に合うか」を基準に選んでいる点です。

目の状態に合わせたモニター選び、操作ミスが出るコントローラーを手放す判断。

目の疲れや操作のしやすさは、自分自身が一番よく知っています。
その感覚を選択に反映する。これは「自己認識に基づく判断」です。

道具の価値は「何ができるか」より「自分の目的に合っているか」で決まります。

派手さより実用、流行より自分軸の選択。
流行の機能に引っ張られず、自分の使い方を起点に選ぶ。
そういう積み重ねが、長く使える環境をつくると思います。

本文中には「誰かの役に立つか分からない」とありましたが、具体的な判断プロセスや選択理由が書かれた記事は、迷っている読者の参考になります。"
ncd2c50e34de20,nd3b15e59ffd1,a5319097784ef2b9b50aebf47b57c726,なないろ和waon音　-nanairowaon-,nanairo_waon,https://assets.st-note.com/production/uploads/images/243669305/profile_e50bb82af81ddb75abfde3e755aec580.jpg?fit=bounds&format=jpeg&quality=85&width=330,2026-05-31T22:45:02.068+09:00,"Kingさん

いつもありがとうございます。
まさに、私はKingさんに救っていただいている一人です。

その想い・姿勢...

感服いたします。

これからも応援させてください♪

"
nca85b25d31e6a,n8e6e558e0595,501075b33bc8fff4716e8e39cb47e74a,りんごあめ,aogunjyou_205,https://assets.st-note.com/production/uploads/images/244320088/profile_b53bcb9297c65530f6e56ea129a55d08.jpeg?fit=bounds&format=jpeg&quality=85&width=330,2026-06-01T10:13:05.123+09:00,"Kingさん　こんにちは🍀

いつも素敵なマガジンへ、記事を掲載していただきありがとうございます♥️感謝してます☺️🍀"
nc6160f14deda9,n8e6e558e0595,4d7884c1cad8153895dadb71ec1606cb,こーき｜心が少し軽くなる場所,i_am_151cm_boy,https://assets.st-note.com/production/uploads/images/236560109/profile_28f1fb163081001f12afa3f21b0dc40a.png?fit=bounds&format=jpeg&quality=85&width=330,2026-06-01T08:40:22.000+09:00,"Kingさん☺️

やっぱり凄いの使っていらっしゃるんですね😆✨
遊び心大事ですね〜！☺️🙌

いつもありがとうございます😊✨
"
nc2b97a7842e6b,n609d44cd15e5,0e44dcd2aa36c5fa41ef174ffb29ec95,ゐっさ,love_shin_earth,https://assets.st-note.com/production/uploads/images/261983120/profile_5fd75c9482b6ee87097ce33d5770c496.jpg?fit=bounds&format=jpeg&quality=85&width=330,2026-06-01T07:56:25.637+09:00,"kingさん！
それ！あまねさんのぬり絵！
先日、買いました🫶
まだ、届いてませんが、kingさんのアドバイスを参考に塗ってみますね
💖ありがとう御座います🙏🏻
仲間がいた〜わ〜い🎵"
nc4927c779d649,nfa8d47a22c3a,0532f1f5e7fe9be7936959a7a43a5e10,おとの部屋,otonoheyapiano,https://assets.st-note.com/production/uploads/images/236404075/profile_145eacb40a09fac1855e00a8101c2307.png?fit=bounds&format=jpeg&quality=85&width=330,2026-06-01T13:17:57.589+09:00,"はじめまして こんにちは。
はじめまして(* ᴗ͈ˬᴗ͈)”
おと と申します。
自己紹介を マガジンに
追加してくださいまして
ありがとうございますஐ
フォローさせて頂きました。
これからもよろしくお願いいたします"
ncb2fd5e07de45,n8e6e558e0595,56b8351befe03118ae5f1c8afe878759,西野光照（にしのみつてる）,yamaneko6621,https://assets.st-note.com/production/uploads/images/246741480/profile_d69fd91aaaaa2eda27ab66ed0058547b.png?fit=bounds&format=jpeg&quality=85&width=330,2026-06-01T13:41:07.220+09:00,"Kingさま、こんにちは
グラボで反応しました。
うちはRyzen7-5800XとRTX3070の自作機です。
お絵かき専用で使っていました。"
ncebf10f351e1c,n8e6e558e0595,aa396818ce9b68951cae09c5b738014e,Torori（とろり）🌱 毒親育ちへ「心穏やかな恋」を届ける人【フォロバ100】,torori_20260101,https://assets.st-note.com/production/uploads/images/242495675/profile_d6bfee66de6dbec64ca70c2649f987aa.png?fit=bounds&format=jpeg&quality=85&width=330,2026-06-01T12:40:01.700+09:00,"Kingさん

すごいPC周り、豪華ですね～✨️

でっかいモニターがあるの、羨ましいです(*^^*)
私も買いたいけど、家が狭くておけなくて。。

そろそろ作業部屋をもって、こういうPC機器を揃えてみたいです🌱"
ncffab522a35f6,nd3b15e59ffd1,ca17527cfe63f65cebf3883988786b79,donchan1962,donchan_13,https://assets.st-note.com/production/uploads/images/183217910/profile_a33ecb57f18c7bbea28e041c386d47a2.jpeg?fit=bounds&format=jpeg&quality=85&width=330,2026-06-01T14:37:39.151+09:00,"こんにちは
いつもありがとうございます
記事、マガジンへの追加、感謝申し上げます"
nc41456f6dc5bc,n48c4608100d9,27c80107843e2d12f1422dc310f07795,考え方の積み木/まさーら,serene_coot5669,https://assets.st-note.com/production/uploads/images/247546424/profile_2fb60ba1fb1bc69047820d28759c20db.png?fit=bounds&format=jpeg&quality=85&width=330,2026-06-01T17:44:43.270+09:00,いつも、ありがとうございます！
nc50b4f2345f21,n8e6e558e0595,6d2add10b15e10656c14e76aa10f1320,アル,joyous_camel979,https://assets.st-note.com/production/uploads/images/247768881/profile_368ba3fd8527f41bf71b9aebb39e1882.jpg?fit=bounds&format=jpeg&quality=85&width=330,2026-06-01T20:11:17.271+09:00,"KingさんのPC周辺すごーい‼️
なんかワクワクする感じですね
コントローラーはオーソドックスなこ

私もボタンがいっぱい付いていたコントローラーは結局使いこなす事が出来ず、すぐに友達にあげました😂"
nc1f21a15feb84,n609d44cd15e5,58e8718b82d8bb24a98faa2e3b12b526,たび.　,51shinya,https://assets.st-note.com/production/uploads/images/259902729/profile_b80db7bab49f37404000d03424d13de3.png?fit=bounds&format=jpeg&quality=85&width=330,2026-06-01T18:56:19.612+09:00,"king さん、マガジン追加、いつもありがとうございます。

このあまねさん塗り絵。
和風の仏教要素ありとのことから、購入意欲が沸いてきました。

ちょっと精神安定のためにやってみよかな。"
ncf7992c9076ab,n4d3800af4fec,0d22047234ed0dc93bae8e97bd14a999,西川晋之介,nisikawa1979,https://assets.st-note.com/production/uploads/images/262519861/profile_8919eb9595b4b0bfa7b97e3d77b74b86.jpg?fit=bounds&format=jpeg&quality=85&width=330,2026-06-01T19:08:10.940+09:00,"king様、今晩は。
マガジンへの追加、
ありがとうございます☺️
大変、嬉しいです。
詩を読んで頂き
ありがとうございます☺️"
ncbf9714ebe7b0,nfa8d47a22c3a,d9037f54bfc7617edf2591b1bcc610f3,『月灯りの綴り屋』🌕ﾌｫﾛﾊﾞ100,quirky_squid9988,https://assets.st-note.com/production/uploads/images/195342680/profile_b6e872945f0a395808553e7d3c8312a9.png?fit=bounds&format=jpeg&quality=85&width=330,2026-06-01T23:53:15.862+09:00,"kingさん

お久しぶりでございます🙇‍♀️

マガジン追加深く感謝致します🙇‍♀️

しばらくお休みしていましたが、久しぶりに元ネタを引っ張り出して書いてみました😊

まだ感覚を思い出しながらですが、少しずつ続けていこうと思っています🌸

またよろしくお願いいたします🙇‍♀️"
ncc69ca499770c,n609d44cd15e5,aa396818ce9b68951cae09c5b738014e,Torori（とろり）🌱 毒親育ちへ「心穏やかな恋」を届ける人【フォロバ100】,torori_20260101,https://assets.st-note.com/production/uploads/images/242495675/profile_d6bfee66de6dbec64ca70c2649f987aa.png?fit=bounds&format=jpeg&quality=85&width=330,2026-06-02T07:14:22.983+09:00,"king さん、マガジンのご紹介、ありがとうございます(*^^*)

大人用の塗り絵ですね～✨️
今まで買ったことないのですが、ずっと興味あります✨️

無心で色を塗るって、すごく心が整いそう・・
一人になる時間がないのと、買った瞬間に子どもに落書きされちゃうから今はできないけど・・(´；ω；｀)

５年後くらいに、私もゆっくり塗り絵したいです。

追伸

Kingさんが塗り絵をするなんて、意外・・笑
作品を見てみたいです(*^^*)
"
ncff500f244025,n609d44cd15e5,e300d348198df62eea02ed041e1e9a55,つむじが２つ,regal_hound4274,https://assets.st-note.com/production/uploads/images/196231260/profile_fe42b94fee71f88c08b73583c1f29fe7.jpeg?fit=bounds&format=jpeg&quality=85&width=330,2026-06-02T15:00:55.543+09:00,"kingさん
レビュー拝見しました😆✨

実際に手に取った方ならではの感想で、とても参考になりました！

ただ「かわいいぬりえ」ではなく、季節感や和の雰囲気も楽しめる作品なんですね🍀
ご家族で楽しめることや、色鉛筆・絵の具などで違った表現ができるのも素敵だなと思いました🎨✨
そして何より、あまねさんへの温かい応援の気持ちが伝わってきました😊
素敵なレビューをありがとうございます🌈✨
私の記事もご紹介いただき本当にありがとうございました🙏😊
"
ncb4a738fd6322,nfa8d47a22c3a,39a8447172b870676bb7b8ce5cebd141,持たざる者の再起録,ya1huwahuwa,https://assets.st-note.com/production/uploads/images/256022750/profile_9bbd6c1baaf11ecb978687248758b24e.png?fit=bounds&format=jpeg&quality=85&width=330,2026-06-02T20:04:49.657+09:00,"Kingさん、いつもありがとうございます！✨

今回もマガジンに2記事追加していただいて、めちゃくちゃ嬉しいです！😆

いつも気にかけてくださるおかげで、noteを書くモチベーションがすごく上がっています。

Kingさんの素敵なマガジンの1ピースになれて光栄です。

これからもよろしくお願いします！"
nc8a060c2a944d,nfa8d47a22c3a,1be5054c528c1cbb1261a2d624e3348b,ARYA｜天然石＆ことばのクリエイター,code_arya2025,https://assets.st-note.com/production/uploads/images/208965885/profile_46d220e43d2e653b0758a63f34c2d0a2.png?fit=bounds&format=jpeg&quality=85&width=330,2026-06-02T19:54:59.939+09:00,"はじめまして
マガジン追加ありがとうございます。"
nc0d757ac5316f,n244bce00bccf,ca17527cfe63f65cebf3883988786b79,donchan1962,donchan_13,https://assets.st-note.com/production/uploads/images/183217910/profile_a33ecb57f18c7bbea28e041c386d47a2.jpeg?fit=bounds&format=jpeg&quality=85&width=330,2026-06-02T19:33:39.524+09:00,"早〜😇
恐縮です。この場をお借りして、コメント失礼します
記事、マガジンへの追加、感謝申し上げます"
ncae8dcc993ce1,n244bce00bccf,ca17527cfe63f65cebf3883988786b79,donchan1962,donchan_13,https://assets.st-note.com/production/uploads/images/183217910/profile_a33ecb57f18c7bbea28e041c386d47a2.jpeg?fit=bounds&format=jpeg&quality=85&width=330,2026-06-02T19:26:59.832+09:00,"こんばんは🌇
いつもありがとうございます
記事、マガジンへの追加、感謝申し上げます"
ncadcb40f1acc0,n244bce00bccf,dc157540cc91b85018fc2caf1ebe6e1d,空風マナミ　,sorakaze_works,https://assets.st-note.com/production/uploads/images/247072511/profile_f8c3cb6911c80de4c8b865ead1a349c6.png?fit=bounds&format=jpeg&quality=85&width=330,2026-06-02T19:21:10.256+09:00,"Kingさん、
いつもありがとうございます♪そしてお疲れ様です！

地獄ロック、闇堕ちしそうになりました。禁断の闇ロックが出来ましたね。
ラッキー教団の曲で助けていただきました♪
…一つの投稿で気持ちが、追いつかないじゃないですか🤭"
nc1cd40ee75394,n244bce00bccf,d29c2432624c1087ec7f89cc2f079dbe,美咲サヤ,crisp_gecko6337,https://assets.st-note.com/production/uploads/images/267718350/profile_d73fda1af8e66cc2c55152264f38ff50.png?fit=bounds&format=jpeg&quality=85&width=330,2026-06-02T19:13:22.277+09:00,"Kingさん、
先ずは、たくさんのコングラボードおめでとう御座います㊗️
そんでもって、曲〜💦
凄かったです😂

そして、
この度も、私の記事ををマガジン追加していただきありがとうございました！

いつもパワーになります💪✨"
nc1c1189b519df,n244bce00bccf,10b6a01cab2e8333891d0a52c9308752,月が綺麗ですね,great_shark9325,https://assets.st-note.com/production/uploads/images/257275284/profile_60facf29c58d7534bf2094f0993df55c.png?fit=bounds&format=jpeg&quality=85&width=330,2026-06-02T19:02:25.238+09:00,"Kingさん
今日もマガジン追加ありがとうございました☺️
知れば知るほど多才で驚きます😳
いつも応援していただいて感謝です✨"
nc44a9ff4ff2db,n244bce00bccf,47ac127ec0bbe6902b9f372fd944ebf8,和田雄三｜AI×心理ブランディングデザイナー,glad_dill2129,https://assets.st-note.com/production/uploads/images/265848866/profile_b0e386a458b5c21f7f00921837c9ffad.png?fit=bounds&format=jpeg&quality=85&width=330,2026-06-02T18:52:25.025+09:00,"何か悪いことしたんですか？

ラッキー誤認！？🤣"
nc6751d76739f1,n244bce00bccf,e937b529062a4dff3c5cf7b79cc04cf6,たーゼ,sakuya_rainbow44,https://assets.st-note.com/production/uploads/images/267491936/profile_b274aede9a61c347dfc7d9213ffbeed9.jpg?fit=bounds&format=jpeg&quality=85&width=330,2026-06-02T18:38:33.387+09:00,"団長さん👿🍀💦🎶✨
曲凄いですね〜🧑✨✨✨

👼🪽✨✨いつもありがとう〜🩷🩷✨"
nc71a4639dc648,n244bce00bccf,d935afcef3d45372668600a97b8eea46,天野 雫 ✿ 占い日記,proper_bonobo536,https://assets.st-note.com/production/uploads/images/252856370/profile_866f40df26780c146ef9459cf81a675c.png?fit=bounds&format=jpeg&quality=85&width=330,2026-06-02T18:23:26.965+09:00,"Kingさん♪

曲いいですねぇ〜
SUNOのアルバム、探しちゃったよ〜🤣
私も3曲目がスキかも😂"
nc1b14f0ebe44e,n244bce00bccf,4d7884c1cad8153895dadb71ec1606cb,こーき｜心が少し軽くなる場所,i_am_151cm_boy,https://assets.st-note.com/production/uploads/images/236560109/profile_28f1fb163081001f12afa3f21b0dc40a.png?fit=bounds&format=jpeg&quality=85&width=330,2026-06-02T18:20:13.447+09:00,"Kingさん😆

最初の2曲お聴きした後に3曲目お聴きして、「あーこれこれ😆」となりました🤣🤣笑笑

Kingさんは闇も書けるんですね🤣😆✨

僕は圧倒的にラッキーチャンス✌️が1番耳に残りました😆🙌✨

いつもありがとうございます😊✨"
nc1047445b8a4f,nfa8d47a22c3a,fe6a3dfbf579f7f9f0eadb36aa5260ab,しずく,lucky_ram4890,https://assets.st-note.com/production/uploads/images/270484515/profile_f2deb3775d1acb5fb6b143d8ce8fd4b7.png?fit=bounds&format=jpeg&quality=85&width=330,2026-06-02T22:56:17.810+09:00,"kingさん、
こんばんは。

この度もマガジン追加していただき、ありがとうございます✨
皆さんの記事を読むと、色々な笑顔が浮かんできます😆

ゆっくりと拝読させていただきます😌

"
nc5f7b9006119b,n244bce00bccf,84725422db8ddb286fb3a293c306aebf,開運シェルパ,hanamiti369,https://assets.st-note.com/production/uploads/images/255750674/profile_80ee0ac532bef7940f81afda8d8e8a77.png?fit=bounds&format=jpeg&quality=85&width=330,2026-06-02T23:24:37.428+09:00,"Kingさん、コングラボードおめでとうございます✨

今回の記事は三部構成の流れが印象に残りました。
「欠乏から始まり、最後は再起へと向かう」という心の変化の過程が、構造的に整理されていると感じました。

「地獄のような状況であっても、その事象をどう捉えるかは自分自身で選択できる」という視点の転換が、核心の部分だと感じました。
どんな状況下でも、解釈の自由は自分に残されている。
苦境を客観的な事実として言語化し、そこから再起のための意味を見出す。
その過程がこの三部作には入っているように思います。

「ミラクルラッキータイム」は認識の転換だったのですね。奥が深い。

今後の更新も楽しみにしています。"
nc9c3271dd1c16,n244bce00bccf,209f3701abc5bae89b6dd62898c7916a,コンパス みき,compass_m360,https://assets.st-note.com/production/uploads/images/253440713/profile_8b36220be6950ce90264f78d2b308c75.png?fit=bounds&format=jpeg&quality=85&width=330,2026-06-02T22:09:20.361+09:00,"Kingさん、こんばんは😄

コングラおめでとうございます🎉
３曲全部聴きましたよ〜
どれも素敵💓曲は地獄がいいなあ、歌詞は置いといて😂
教団もテンポ良くていいですね！

いつもありがとうございます😄"
nc4540d40b2df0,n244bce00bccf,13f03d3a1ec4a172a7084a791c8c4703,"あいさん💗Iカウンセリングルーム セラピスト／ 臨床心理士×公認心理師｜支援歴16年・2,000名超",joyful_zebra1701,https://assets.st-note.com/production/uploads/images/194103346/profile_5b2ee16c8d8db97758503974e4e6f9da.png?fit=bounds&format=jpeg&quality=85&width=330,2026-06-02T22:00:29.129+09:00,"Kingさん、こんばんは🌙

団長の歌、今回もKingさんらしい世界観でした😊
ダークサイドがありながら、最後にはミラクルラッキータイムへ反転していく流れが印象的でした✨

コングラボードもおめでとうございます🎉✨
そして、私のマガジンまでご紹介くださり、本当にありがとうございます🌸🌿

これからの団長の歌シリーズも楽しみにしています🥰"
nc5998632f8720,n244bce00bccf,f2a55d2f97f079ab0df510a2c19397fa,ぷっぷる,rich_moose3756,https://assets.st-note.com/production/uploads/images/247930453/profile_056c49f5bf7f07cdcc784fbf2ff720c7.png?fit=bounds&format=jpeg&quality=85&width=330,2026-06-02T21:27:06.400+09:00,"King さま

お疲れ様でございます🙇
あら、またまたダークサイド☺️
いいですね！闇が深い♪

本音でコングラを取れるKingさま
は人徳をお持ちですね✨
皆さまに対する行動が全くダークじゃありません🍀😊

マガジン掲載のご支援、
いつもありがとうございます✨

Kingさまの闇、今日も
何故か輝いてる(笑)✨
ラッキーチャンス到来かも、
です✨🍀

いつもの定例ご挨拶につき、
返信ご無用でございます🙇
ゆっくりなさって下さい🍀

また、近く参ります☺️

お身体に気をつけて🍀🙋

失礼しました🍀😊
"
ncbaf980397e3f,nfa8d47a22c3a,4192103d183ed121ae476f26f5beeacd,ｓｅｏｒｉ🧚‍♂,alert_flea4300,https://assets.st-note.com/production/uploads/images/251233872/profile_a236648303f13b0eeefec428f70a3f42.jpg?fit=bounds&format=jpeg&quality=85&width=330,2026-06-03T06:48:57.436+09:00,"Ｋｉｎｇさん🧚‍♂　

神様との記事　包み隠さず　書きました

Ｋｉｎｇさんの✨マガジンで　私の記事🌱
活かされて✨行くの　感じます


生かされてる事　私の地球✨🌍️テーマ

少しでも　皆様に　気づき　きっかけと
又　なりましたら　嬉しい💕です


いつも　ありがとう💜　ございます🙏


これからも　宜しくお願いします🍀"
nc1d570b6d4a1b,n244bce00bccf,aa396818ce9b68951cae09c5b738014e,Torori（とろり）🌱 毒親育ちへ「心穏やかな恋」を届ける人【フォロバ100】,torori_20260101,https://assets.st-note.com/production/uploads/images/242495675/profile_d6bfee66de6dbec64ca70c2649f987aa.png?fit=bounds&format=jpeg&quality=85&width=330,2026-06-03T11:23:33.567+09:00,"Kingさん、こんにちは🌱

闇がすごくて、笑いました😂
これは確かに心配されるわ・・笑

闇落ちからのミラクルラッキー教団😆の流れでよかった＾＾
今が楽しいなら、何よりです(*^^*)

追伸

コングラおめでとうございます🎉
コメント数がいつもすごくて、圧倒されます(^o^)

マガジンのご紹介も嬉しいです✨️ありがとうございました🌱"
nc33cc97f4dd89,nfa8d47a22c3a,39a8447172b870676bb7b8ce5cebd141,持たざる者の再起録,ya1huwahuwa,https://assets.st-note.com/production/uploads/images/256022750/profile_9bbd6c1baaf11ecb978687248758b24e.png?fit=bounds&format=jpeg&quality=85&width=330,2026-06-03T17:47:44.438+09:00,"Kingさん、またマガジンに追加いただきありがとうございます！✨

何度追加していただいても、通知が来るたびにちゃんと嬉しいんですよね笑。

tysm:)というタイトルの通り、こちらこそ本当にtysm…！です🙏"
nc524efe41c456,nfa8d47a22c3a,66726de4becaba8cedd3e058f42503e8,haremithu,haremithu,https://assets.st-note.com/production/uploads/images/275787721/profile_a1cd7f33caccd2abc12f19b96be41bc8.jpeg?fit=bounds&format=jpeg&quality=85&width=330,2026-06-03T17:09:36.498+09:00,"kingさん😃
私の記事をマガジンに追加してくださって、ありがとうございます😊
読んでもらえて、嬉しいです☺️
"
nc04a033090e83,n244bce00bccf,fdfcb42dbb3ca6a92977feeb331299bf,ヤマコヤーマン,yamayamako3,https://assets.st-note.com/production/uploads/images/264908732/profile_22f5b0d83f87ee87628a50db08f251bb.png?fit=bounds&format=jpeg&quality=85&width=330,2026-06-03T15:08:16.825+09:00,"Kingさん
こんにちは。渇望、やばばば。カッコいい！"
nc40cdb92b2dce,n244bce00bccf,0af9b366e7056bb35316462e699e0daa,じゅんのすけ,juicy_lynx3773,https://assets.st-note.com/production/uploads/images/264606998/profile_3edebb8ec7da186bb321afc081d561b0.png?fit=bounds&format=jpeg&quality=85&width=330,2026-06-03T13:50:01.689+09:00,"Kingさん、こんにちは！
3曲とも最高でーす👏👏👏
いつもありがとうございます！！"
nc90f3f4cb84d0,n48c4608100d9,d9037f54bfc7617edf2591b1bcc610f3,『月灯りの綴り屋』🌕ﾌｫﾛﾊﾞ100,quirky_squid9988,https://assets.st-note.com/production/uploads/images/195342680/profile_b6e872945f0a395808553e7d3c8312a9.png?fit=bounds&format=jpeg&quality=85&width=330,2026-06-03T17:32:10.399+09:00,"Kingさん

こんばんは🌆

マガジン追加ありがとうございます😊🍀

台風は大丈夫でしたか？🌀

こちらは自宅待機していました😆☔

いつも温かいご縁に感謝しております✨

これからもよろしくお願いいたします🙇‍♀️🍀"
nce41435435b71,nfa8d47a22c3a,ccdd5511e48e8802f5f8d15b40e54269,カズボーイ,fancy_bobcat6056,https://assets.st-note.com/production/uploads/images/242623631/profile_6f4a796db46837d933f179fc611d1002.png?fit=bounds&format=jpeg&quality=85&width=330,2026-06-03T21:23:58.745+09:00,"Kingさん、こんばんは。

今回もマガジンへ追加していただき、ありがとうございます。
いつも気にかけていただき、嬉しいです😊

今後ともよろしくお願いいたします🌟

"
nce1f97c1eee2e,n244bce00bccf,679fe4234ae28723f428b4e8b064616b,断罪と慈愛の歌詠み師 UTAKO,bold_slug9390,https://assets.st-note.com/production/uploads/images/281170972/profile_27237e9056b0ab03ec265ebeb07eaa7a.jpeg?fit=bounds&format=jpeg&quality=85&width=330,2026-06-03T21:05:37.471+09:00,"kingさん
この曲は凄すぎます‼️
一度聞いたら、忘れられないようなインパクト😳
一曲目のヘビメタ❓が刺さりました🌈✨
マガジン追加ありがとうございます✨"
nc6e3c8113303c,n244bce00bccf,b60c6006e6818a147458dad11e6bc89f,瀬海歩（せかいあゆむ）,sekaiayumu25,https://assets.st-note.com/production/uploads/images/251395522/profile_6cb1552f68e13741419dd072f35f914e.jpg?fit=bounds&format=jpeg&quality=85&width=330,2026-06-03T19:50:40.375+09:00,"Kingさん
こんばんは🌕
いつもありがとうございます。

ロックの方のかすれ声がステキ✨
声を設定しだすと、止まらないですよね(笑)

コングラボード普通に取られていますが、本当に凄いことだと思います。
おめでとうございますビーム🌈"
nc1ce30ed1c4ac,n244bce00bccf,cec4c608f21d7aa722cfc12802c896bf,MOON｜違和感の記録,dandy_sedum8677,https://assets.st-note.com/production/uploads/images/271470614/profile_112e71abeaceddb2ab033b49d5f56568.png?fit=bounds&format=jpeg&quality=85&width=330,2026-06-03T19:30:49.098+09:00,"Kingさん

なんか…
最初は世界観に置いていかれたと思っていたんですけど、

気づけば全部好きな曲になっていました😂

さすがです🌙"
nc094bfc9ccd7c,n244bce00bccf,904e9ed918828179390741c99f797844,こはる(ふわり、ももんが日記),momonga_0125,https://assets.st-note.com/production/uploads/images/246484153/profile_50e45d59aea0e50aa87e0779898c85ba.png?fit=bounds&format=jpeg&quality=85&width=330,2026-06-03T18:36:05.319+09:00,"Kingさん、こんばんは😊

前回の曲を聴いてから実は、楽しみに待ってました☺️

歌詞を見たときは、びっくりしましたが曲を聴いたらどれもカッコよかったです😌✨

また楽しみにしてますね🙌
"
nc0a968883dade,n609d44cd15e5,1ef4435612c1f36fd963bcdd8ace0d73,のあ｜自分に戻る思索note,joyful_salvia906,https://assets.st-note.com/production/uploads/images/244581020/profile_a075505b43aab98267d3b165ed95521a.png?fit=bounds&format=jpeg&quality=85&width=330,2026-06-03T21:03:29.433+09:00,"Kingさん
こんばんは☺️
いつもありがとうございます！✨

「ぬりえを行うことは、一般的に頭の体操になる」んですね💡

最近仕事で図面に色をつけて内容の確認をしていたですが、
疲れるけど頭はすっきりしていたなぁ、、
と思い出しました😆

またおじゃまさせていただきます！(^^)"
nc85404d64a895,nfa8d47a22c3a,3e03b92dad211274632ce9c43f5f1a39,K☁️Salesforce好き|フォロバ100,caok,https://assets.st-note.com/production/uploads/images/241985736/profile_5a35aef2c2c3b4f2217d53d36f8d5d0a.png?fit=bounds&format=jpeg&quality=85&width=330,2026-06-03T22:14:33.405+09:00,"マガジン追加いただき、ありがとうございます！！
思わず　おっと！声がでました。感謝します。"
ncdbc213fd39f2,nfa8d47a22c3a,d36d4518ede30bb9677a9054bf58fa21,merumama,clear_dietes3959,https://assets.st-note.com/production/uploads/images/257966630/profile_0390641c9afe3b4afd829d4699648cde.jpg?fit=bounds&format=jpeg&quality=85&width=330,2026-06-04T15:04:58.490+09:00,こんにちは。マガジンに載せて頂き嬉しいです。ありがとうございます。
nc2ef459d80259,nfa8d47a22c3a,0532f1f5e7fe9be7936959a7a43a5e10,おとの部屋,otonoheyapiano,https://assets.st-note.com/production/uploads/images/236404075/profile_145eacb40a09fac1855e00a8101c2307.png?fit=bounds&format=jpeg&quality=85&width=330,2026-06-04T12:29:47.134+09:00,"こんにちは😊 整える力の
記事をマガジンにありがとうございますஐ
(* ᴗ͈ˬᴗ͈)”"
nc091cb701da88,n7d27101b9e5a,aa396818ce9b68951cae09c5b738014e,Torori（とろり）🌱 毒親育ちへ「心穏やかな恋」を届ける人【フォロバ100】,torori_20260101,https://assets.st-note.com/production/uploads/images/242495675/profile_d6bfee66de6dbec64ca70c2649f987aa.png?fit=bounds&format=jpeg&quality=85&width=330,2026-06-04T13:33:40.673+09:00,"笑いました・・😂😂

Kingさんはすごい闇落ちするときと、ポジティブすぎるときと、両極端ですね（笑）

音楽はすごい真っ黒なのに、この記事の前向き加減と来たら・・

ついつい読んでしまいます・・笑

楽しい記事をありがとうございました(*^^*)"
ncce789fd830ef,nb41e4b64d9ee,d36d4518ede30bb9677a9054bf58fa21,merumama,clear_dietes3959,https://assets.st-note.com/production/uploads/images/257966630/profile_0390641c9afe3b4afd829d4699648cde.jpg?fit=bounds&format=jpeg&quality=85&width=330,2026-06-04T19:45:43.091+09:00,こんばんは。再度マガジンに載せて頂き嬉しいです。ありがとうございます。
ncbc9e1babf124,nb41e4b64d9ee,0e44dcd2aa36c5fa41ef174ffb29ec95,ゐっさ,love_shin_earth,https://assets.st-note.com/production/uploads/images/261983120/profile_5fd75c9482b6ee87097ce33d5770c496.jpg?fit=bounds&format=jpeg&quality=85&width=330,2026-06-04T19:28:22.972+09:00,"kingさん こんばんは🌠

この度は、マガジンご紹介と絵本のご紹介までしてくださり、心より感謝申し上げます🙇💕
とっても嬉しいです💖
ありがとう御座います🤝
あっ！kingさんの記事が上がってる！と見てみたらびっくりしました😆感謝💖感激です😭💕
マガジンでのご紹介もありがとう御座いました🙇🙇🙇
たくさんの曲💖聴きに行きますね〜"
ncadde16425efb,nb41e4b64d9ee,47ac127ec0bbe6902b9f372fd944ebf8,和田雄三｜AI×心理ブランディングデザイナー,glad_dill2129,https://assets.st-note.com/production/uploads/images/265848866/profile_b0e386a458b5c21f7f00921837c9ffad.png?fit=bounds&format=jpeg&quality=85&width=330,2026-06-04T19:14:31.800+09:00,"リンク貼ると戻ってこない人も多いのかな？
YouTubeをずっと見てしまうかも🤣"
nc13c6b7ce2f86,nb41e4b64d9ee,a3bcc411a4c251239d492b2f079f5870,やも,yamo_note,https://assets.st-note.com/production/uploads/images/258648405/profile_ee869852783a5a9a11d34fd10d919f33.png?fit=bounds&format=jpeg&quality=85&width=330,2026-06-04T18:45:45.808+09:00,"キンさん、こんばんは😊

長女が好きなのが、何曲か入ってました。
長女、ヤバい女なので、キンさんも…あわわ🫣"
ncfdf29954d383,nb41e4b64d9ee,3cb4d81489d9115418a8861dcba7c631,えらん堂,dear_pansy6581,https://assets.st-note.com/production/uploads/images/242221069/profile_508d7605146c8d0a2207c10ec053fe6c.png?fit=bounds&format=jpeg&quality=85&width=330,2026-06-04T18:11:55.859+09:00,"Kingさん
こんばんは
書籍のご紹介ありがとうございます
にしてもマガジンリンクの量がえらいこっちゃ
ニルヴァーナでいい感じで締まりました"
ncd02a750b018c,nb41e4b64d9ee,d935afcef3d45372668600a97b8eea46,天野 雫 ✿ 占い日記,proper_bonobo536,https://assets.st-note.com/production/uploads/images/252856370/profile_866f40df26780c146ef9459cf81a675c.png?fit=bounds&format=jpeg&quality=85&width=330,2026-06-04T18:04:22.826+09:00,"わぁ✨️やった〜！
久しぶりの1番🩷

すごいの集めたねぇ〜😅
あの曲、カラオケで歌う姿…
やっぱそれは…やめときます🤣🤣🤣"
nc3f840a08280b,nb41e4b64d9ee,209f3701abc5bae89b6dd62898c7916a,コンパス みき,compass_m360,https://assets.st-note.com/production/uploads/images/253440713/profile_8b36220be6950ce90264f78d2b308c75.png?fit=bounds&format=jpeg&quality=85&width=330,2026-06-05T00:32:38.315+09:00,"Kingさん、こんばんは😄

ギターウマ！ウタレ病も好き
90年代何聞いてたかなあ〜"
nc6f48bbc073e6,nb41e4b64d9ee,13f03d3a1ec4a172a7084a791c8c4703,"あいさん💗Iカウンセリングルーム セラピスト／ 臨床心理士×公認心理師｜支援歴16年・2,000名超",joyful_zebra1701,https://assets.st-note.com/production/uploads/images/194103346/profile_5b2ee16c8d8db97758503974e4e6f9da.png?fit=bounds&format=jpeg&quality=85&width=330,2026-06-04T23:47:26.324+09:00,"Kingさん😊こんばんは🌙

90年代オルタナ・グランジ系のプレイリスト、
Kingさんらしい選曲とコメントで楽しく読ませていただきました。

音楽の好みって、その方の感性や歩いてきた時間が少し見えるようで面白いですね🥰✨

そして、マガジンのご紹介もいつもありがとうございます🌿

たくさんの素敵なマガジンの中に、
私のご縁に感謝するマガジンも並べていただけて、とても嬉しいです✨

また、お邪魔させていただきます💓"
ncce670e3a82f8,nb41e4b64d9ee,a0631b9dde2d8c6616ce55a5efaefc18,sc_fun｜AI×note収益化サポート😺,sc_fun,https://assets.st-note.com/production/uploads/images/238585370/profile_d3940d29208e16d8c13feedce8989fdd.png?fit=bounds&format=jpeg&quality=85&width=330,2026-06-04T21:55:24.275+09:00,"Kingさんの好きな曲、その一面を垣間見えました😀

これは洋楽のジャンルを集めたものでいいのかな？

では邦楽ではどんな曲が好きなのか、あとプレイリストいいですね🐱

どこかでプレイリストを作って披露するのもアリですね😀"
ncdb3b66b07385,nb41e4b64d9ee,d29c2432624c1087ec7f89cc2f079dbe,美咲サヤ,crisp_gecko6337,https://assets.st-note.com/production/uploads/images/267718350/profile_d73fda1af8e66cc2c55152264f38ff50.png?fit=bounds&format=jpeg&quality=85&width=330,2026-06-04T21:42:12.748+09:00,"Kingさん、こんばんは、
昨日はコメント欄で失礼しました。
そしてこの度もマガジンに私の記事を追加していただきありがとうございます！
毎回とても嬉しいです😂"
nc4a89930ca277,nb41e4b64d9ee,dc157540cc91b85018fc2caf1ebe6e1d,空風マナミ　,sorakaze_works,https://assets.st-note.com/production/uploads/images/247072511/profile_f8c3cb6911c80de4c8b865ead1a349c6.png?fit=bounds&format=jpeg&quality=85&width=330,2026-06-04T21:24:32.503+09:00,"Kingさん、
お疲れ様です。
いつもありがとうございます♪見応えすごいです、一気にミレマシエン！
また伺います🫡"
ncfac676dbce2a,nb41e4b64d9ee,ca17527cfe63f65cebf3883988786b79,donchan1962,donchan_13,https://assets.st-note.com/production/uploads/images/183217910/profile_a33ecb57f18c7bbea28e041c386d47a2.jpeg?fit=bounds&format=jpeg&quality=85&width=330,2026-06-05T11:03:56.725+09:00,"こんにちは
いつもありがとうございます
きじ、マガジンへの追加、感謝申し上げます
また、記事の高評価ありがとうございます"
nc265080d94808,nfa8d47a22c3a,d36d4518ede30bb9677a9054bf58fa21,merumama,clear_dietes3959,https://assets.st-note.com/production/uploads/images/257966630/profile_0390641c9afe3b4afd829d4699648cde.jpg?fit=bounds&format=jpeg&quality=85&width=330,2026-06-05T15:29:16.214+09:00,kingさん、こんにちは。再度マガジン掲載して頂き、感激しております。いつもありがとうございます。
nccc888cf83aba,nfa8d47a22c3a,1dd5cc6f11dc1d5e7c33c9ac01922824,keimama,keiko5066,https://assets.st-note.com/production/uploads/images/223953919/profile_de82aa306e133caf82b4ae253ad0173c.png?fit=bounds&format=jpeg&quality=85&width=330,2026-06-05T12:47:17.827+09:00,"Kingさん、こんにちわ✨
この度は、マガジン追加をして頂きありがとうございます。今後ともお邪魔させていただきます✨😌✨"
nc69f9ec82d020,n7b232e0c8d63,cec4c608f21d7aa722cfc12802c896bf,MOON｜違和感の記録,dandy_sedum8677,https://assets.st-note.com/production/uploads/images/271470614/profile_112e71abeaceddb2ab033b49d5f56568.png?fit=bounds&format=jpeg&quality=85&width=330,2026-06-05T20:21:14.852+09:00,私もそんな人になりたいです🌙
nca8e71fd4c287,n7b232e0c8d63,dc157540cc91b85018fc2caf1ebe6e1d,空風マナミ　,sorakaze_works,https://assets.st-note.com/production/uploads/images/247072511/profile_f8c3cb6911c80de4c8b865ead1a349c6.png?fit=bounds&format=jpeg&quality=85&width=330,2026-06-05T18:48:20.447+09:00,"Kingさん、
いつもありがとうございます♪
投稿お疲れ様です。

前回の闇落ちロックからの、綺麗な内容に読み返しました。
夜更かし、又は二日酔いしすぎたのではないか心配になりました🤭

本当にそうですね。当たり前の一言なのに、なぜ当たり前ではないのでしょうかね。
今後ともよろしくお願いします🙇‍♀️

"
nc1401b21ee240,n7b232e0c8d63,c2bf3fb737356ce4e0b1f47b310ccf53,音琴 ～go_chara～,lucid_hornet2442,https://assets.st-note.com/production/uploads/images/241037615/profile_011d60ebf0e17e1956abc71bc4156c2f.png?fit=bounds&format=jpeg&quality=85&width=330,2026-06-05T18:38:44.660+09:00,"読んでいて、心がそっとあたたまるようでした。
Kingさんが書かれている　“当たり前のひと言”　って、
本当にその瞬間の誰かを支えてくれる大切なものなんですよね。
その優しさに気づいて、大事にしようとしている姿勢に静かに共感しました。
言葉ひとつで世界の温度が変わることを、あらためて思い出させてもらいました。
ありがとうございます(*- -)(*_ _)ペコリ"
nc3e991dbb2954,n7b232e0c8d63,d935afcef3d45372668600a97b8eea46,天野 雫 ✿ 占い日記,proper_bonobo536,https://assets.st-note.com/production/uploads/images/252856370/profile_866f40df26780c146ef9459cf81a675c.png?fit=bounds&format=jpeg&quality=85&width=330,2026-06-05T18:25:59.818+09:00,私もそんな人になりたいです🩷
nc6532a20f1372,n7b232e0c8d63,13f03d3a1ec4a172a7084a791c8c4703,"あいさん💗Iカウンセリングルーム セラピスト／ 臨床心理士×公認心理師｜支援歴16年・2,000名超",joyful_zebra1701,https://assets.st-note.com/production/uploads/images/194103346/profile_5b2ee16c8d8db97758503974e4e6f9da.png?fit=bounds&format=jpeg&quality=85&width=330,2026-06-05T18:23:23.021+09:00,"Kingさん😊こんばんは🌙

ほんの短い言葉でも、
その時の自分を気にかけてもらえたと感じるだけで、
救われることがありますよね。

特別なことではないように見えて、
相手の様子に気づき、言葉を届けることは、
とても大切なコミュニケーションだと感じました🌸🌿

私も、必要な時に自然と声をかけられる人でありたいと思います🥰

そして、マガジンのご紹介もありがとうございました😊"
nc98ecbd1bc819,n7b232e0c8d63,6177eba6fd351e2a90dd1013b904bcd6,幸せの架け橋カエル｜境界線ケア,lively_salvia775,https://assets.st-note.com/production/uploads/images/209698581/profile_ba002a3bb07b319e0311b6b0b05faf9d.png?fit=bounds&format=jpeg&quality=85&width=330,2026-06-05T18:21:15.414+09:00,"kingさん、いつもありがとうございます🐸✨

いつも記事が、きめ細やかな配慮をされているなぁっと感心して拝見させていただいてます🧡

"
nc179a74e17772,n7b232e0c8d63,ee17e08838a2d1017fe4b3f4eb73a4e3,境界をまたぐ心理士【振り子】,rosy_snail1735,https://assets.st-note.com/production/uploads/images/253068092/profile_684215ad7eba3d124844155dff223a1b.jpg?fit=bounds&format=jpeg&quality=85&width=330,2026-06-05T18:11:46.730+09:00,"今回の記事はしっかりスキを回収しに来た感じですね🤣✨

無難な記事も素敵です🥰笑"
nc577e33d86cc9,nb41e4b64d9ee,b60c6006e6818a147458dad11e6bc89f,瀬海歩（せかいあゆむ）,sekaiayumu25,https://assets.st-note.com/production/uploads/images/251395522/profile_6cb1552f68e13741419dd072f35f914e.jpg?fit=bounds&format=jpeg&quality=85&width=330,2026-06-05T17:55:36.004+09:00,"Kingさん
こんばんは🌕
いつもありがとうございます。
時々うたれ病になられるのですね。
ピンク色の髪の方の電子書籍を買いました（ウインク）
三日酔いという単語を初めてききました(笑)
また遊びにきます。"
nc65774da1ec3f,nb41e4b64d9ee,b39624e9464ededa053a7cbf0de179ce,あな,ana_mama_english,https://assets.st-note.com/production/uploads/images/219621833/profile_8ef662d95d545fc74251b7700219beae.png?fit=bounds&format=jpeg&quality=85&width=330,2026-06-05T16:02:47.891+09:00,"Kingさん、こんにちは✨

マガジンへの追加とスキをありがとうございます☺️

プレイリスト、楽しみに聴かせていただきますね☺️

いつもありがとうございます🫶"
ncf450eaff4c46,nb41e4b64d9ee,4d7884c1cad8153895dadb71ec1606cb,こーき｜心が少し軽くなる場所,i_am_151cm_boy,https://assets.st-note.com/production/uploads/images/236560109/profile_28f1fb163081001f12afa3f21b0dc40a.png?fit=bounds&format=jpeg&quality=85&width=330,2026-06-05T12:20:55.612+09:00,"Kingさん😆

洋楽もいけるのめちゃくちゃ凄いですね！！！😆✨

まさかのウタレ病のワード笑ってしまいました🤣🤣笑笑

いつもありがとうございます😊✨"
ncbf5e81b0be68,nb41e4b64d9ee,aa396818ce9b68951cae09c5b738014e,Torori（とろり）🌱 毒親育ちへ「心穏やかな恋」を届ける人【フォロバ100】,torori_20260101,https://assets.st-note.com/production/uploads/images/242495675/profile_d6bfee66de6dbec64ca70c2649f987aa.png?fit=bounds&format=jpeg&quality=85&width=330,2026-06-05T12:08:40.842+09:00,"Kingさんの趣味が丸出しのリスト！！笑

最初にでてきた、アリスインチェインズのPV見ましたけど、すごく９０年代っぽいですね～＾＾

昔の歌手って本当に歌上手い人しかいなかったな・・
AIとか口パクない時代ですもんね✨️

プレイリスト記事、スキなのでまた出してください(*^^*)"
nce6df03a03afd,n83f6bf8f2527,d36d4518ede30bb9677a9054bf58fa21,merumama,clear_dietes3959,https://assets.st-note.com/production/uploads/images/257966630/profile_0390641c9afe3b4afd829d4699648cde.jpg?fit=bounds&format=jpeg&quality=85&width=330,2026-06-05T12:39:49.072+09:00,kingさん、こんにちは。再度マガジンに載せて頂き、嬉しいです。ありがとうございます。
nc7ac7f43dc2b5,n7b232e0c8d63,ca17527cfe63f65cebf3883988786b79,donchan1962,donchan_13,https://assets.st-note.com/production/uploads/images/183217910/profile_a33ecb57f18c7bbea28e041c386d47a2.jpeg?fit=bounds&format=jpeg&quality=85&width=330,2026-06-05T21:55:50.170+09:00,"凄い共感します。
私も、見習います。"
ncbf2b5e566bf2,n244bce00bccf,ca17527cfe63f65cebf3883988786b79,donchan1962,donchan_13,https://assets.st-note.com/production/uploads/images/183217910/profile_a33ecb57f18c7bbea28e041c386d47a2.jpeg?fit=bounds&format=jpeg&quality=85&width=330,2026-06-05T22:07:18.693+09:00,"こんばんは🌇
恐縮です。記事、マガジンへの追加、感謝申し上げます"
nc9e4d6119cbcd,n7b232e0c8d63,209f3701abc5bae89b6dd62898c7916a,コンパス みき,compass_m360,https://assets.st-note.com/production/uploads/images/253440713/profile_8b36220be6950ce90264f78d2b308c75.png?fit=bounds&format=jpeg&quality=85&width=330,2026-06-06T01:01:24.519+09:00,"Kingさん、こんばんは😄
いつもありがとうございます✨
マガジン登録もありがとうございます😄

簡単なことのようで、できなかったこともあるかも。。。
なんてことを思い出させてもらいました。
私もそうありたいです😄"
nc80234d97428c,n7b232e0c8d63,fdfcb42dbb3ca6a92977feeb331299bf,ヤマコヤーマン,yamayamako3,https://assets.st-note.com/production/uploads/images/264908732/profile_22f5b0d83f87ee87628a50db08f251bb.png?fit=bounds&format=jpeg&quality=85&width=330,2026-06-05T23:58:24.790+09:00,"King さん
その通りだと思います！
いつもマガジン追加ありがとうございます！ﾋﾞｼｨｯ"
nc0a08ace7ada4,n7b232e0c8d63,19b451b62a878a625c10ee5cab9241f3,さくさく|そっと寄り添う日々,jidoukan_judge,https://assets.st-note.com/production/uploads/images/276714619/profile_61f6d53d099641cf91b77a723cab640b.png?fit=bounds&format=jpeg&quality=85&width=330,2026-06-05T23:53:19.683+09:00,"Kingさん、こんばんは🌙

シンプルなこと。
とっても大切なこと。
大切なことなのに出来ないことがあります。

シンプルなことを大切にできる人でありたい…と
改めて感じました✨
ありがとうございます🌝"
nc7f76c9288549,nfa8d47a22c3a,c452853851582f518b561f832d0af20a,麦寿 @ウイスキー検定３級,ready_harte7593,https://assets.st-note.com/production/uploads/images/255183224/profile_90597b54cc938bc359c6127517037737.png?fit=bounds&format=jpeg&quality=85&width=330,2026-06-06T15:34:55.426+09:00,"kingさん、はじめまして。
麦寿です。
この場をお借りして、
フォローや素敵なマガジンに選んでいただきまして誠にありがとうございます✨️
今後ともどうぞよろしくお願い致します😊"
nca6dab31c95d9,nfa8d47a22c3a,2df543d041f077aba9575a76b09fe7a1,イロドリの詩,irodori_rihans,https://assets.st-note.com/production/uploads/images/212221755/profile_49d82f7110d37cac9f24dc856c9b9ef4.png?fit=bounds&format=jpeg&quality=85&width=330,2026-06-06T07:41:14.523+09:00,"はじめまして！
イロドリの詩と申します🙂‍↕️

昨日はマガジンに登録してくださってありがとうございます✨️

瀬海さんとのコラボ曲は私の一生の宝物なので、こうしてマガジンに載せて頂けて感激です✨️

新参者でnote操作に不慣れのため、お礼が遅くなり申し訳ありません💦
"
nc23a8b0318f7f,n7b232e0c8d63,ca17527cfe63f65cebf3883988786b79,donchan1962,donchan_13,https://assets.st-note.com/production/uploads/images/183217910/profile_a33ecb57f18c7bbea28e041c386d47a2.jpeg?fit=bounds&format=jpeg&quality=85&width=330,2026-06-06T15:44:39.142+09:00,"こんにちは
いつもありがとうございます
記事、マガジンへの追加、感謝申し上げます"
nc64219eb4fd2c,n7b232e0c8d63,bede9bd0a510b6a3b89dcb460dd51ef5,ルルトアヤコ,lovely_coyote546,https://assets.st-note.com/production/uploads/images/279549033/profile_3d53a17ce59c090b43145099e9a86669.png?fit=bounds&format=jpeg&quality=85&width=330,2026-06-06T14:38:09.112+09:00,"その時，その時で適切な声掛けできる人って
ほんまにステキ💓ですよね✨️👏🏻(⸝⸝⸝⸝神∀神⸝⸝⸝⸝)👏🏻✨️

ありがとうございます😊"
nce70cd128c56e,n7b232e0c8d63,bede9bd0a510b6a3b89dcb460dd51ef5,ルルトアヤコ,lovely_coyote546,https://assets.st-note.com/production/uploads/images/279549033/profile_3d53a17ce59c090b43145099e9a86669.png?fit=bounds&format=jpeg&quality=85&width=330,2026-06-06T14:38:06.151+09:00,"その時，その時で適切な声掛けできる人って
ほんまにステキ💓ですよね✨️👏🏻(⸝⸝⸝⸝神∀神⸝⸝⸝⸝)👏🏻✨️

ありがとうございます😊"
nc029c15aeb76a,n7b232e0c8d63,4d7884c1cad8153895dadb71ec1606cb,こーき｜心が少し軽くなる場所,i_am_151cm_boy,https://assets.st-note.com/production/uploads/images/236560109/profile_28f1fb163081001f12afa3f21b0dc40a.png?fit=bounds&format=jpeg&quality=85&width=330,2026-06-06T10:09:36.474+09:00,"Kingさん☺️

Kingさんのコミュニケーションに毎日救われております🥹✨
　
いつもありがとうございます😊✨"
nc2308a7c40fd8,n7b232e0c8d63,904e9ed918828179390741c99f797844,こはる(ふわり、ももんが日記),momonga_0125,https://assets.st-note.com/production/uploads/images/246484153/profile_50e45d59aea0e50aa87e0779898c85ba.png?fit=bounds&format=jpeg&quality=85&width=330,2026-06-06T08:34:14.639+09:00,"Kingさん、おはようございます😊
いつもありがとうございます⸜🌷︎⸝‍

相手の状況に応じて、何かひと言声をかけられるといいですよね〜☺️

わたしは思ってても恥ずかしくて言えなかったことが多いんですよね🫣

これからもよろしくお願いします🙏"
nc18cbd9c06b1c,n7b232e0c8d63,d9037f54bfc7617edf2591b1bcc610f3,『月灯りの綴り屋』🌕ﾌｫﾛﾊﾞ100,quirky_squid9988,https://assets.st-note.com/production/uploads/images/195342680/profile_b6e872945f0a395808553e7d3c8312a9.png?fit=bounds&format=jpeg&quality=85&width=330,2026-06-06T08:29:34.053+09:00,"Kingさん

おはようございます☀️
マガジン追加ありがとうございます🙇‍♀️

自分が疲れている時など周りの声が背景に溶けてしまう感覚

そんな時に掛けていただいた一言で、
「見てくれていたんだ」とハッとすることがあります🍀

シンプルな言葉ほど心に届くこともあるのだなぁと改めて感じました😊

私も周りを見渡せる余裕を大切にしながら、メリハリのある生活を目指します✊ｵｰッ笑

これからもよろしくお願いいたします🍀"
ncbc6c690e2426,n7b232e0c8d63,b95263c6657241c37c06be8613990710,埼玉の裏仕事人,kiitto1968,https://assets.st-note.com/production/uploads/images/253657159/profile_e3d1ed5fc794d04266be9932b804beb4.png?fit=bounds&format=jpeg&quality=85&width=330,2026-06-06T06:38:07.655+09:00,"基本的なコミュニケーション、本当に侮れないですよね。
声をかけられた側はもちろん、声をかけた側も少し優しい気持ちになれるという意味で、これぞ究極の「ミラクルラッキー」な習慣だなと感じました。
忘れがちな基本をいつも心に留めておけるよう、私も意識していきたいです！"
ncdc34ac3dc6f5,n7b232e0c8d63,0dd0f292f2330e0fc1e9b856649644d8,どこかにあるはず日記,wanyu_dokoaru,https://assets.st-note.com/production/uploads/images/282074580/profile_9c2c5eb851fb9683d6fbf4a0746dc63c.jpeg?fit=bounds&format=jpeg&quality=85&width=330,2026-06-06T06:37:30.712+09:00,"シンプルな一言で気持ちは十分伝わるんですね♪

ありがとうございます😊
"
nc83e44e2c756f,n8e6e558e0595,290f76d99eb40b676ce764b1c2a200e3,Takanashi（たかなし）,takanashi_note01,https://assets.st-note.com/production/uploads/images/235786177/profile_d3248e02f9810e16a0daf3e4a02bee0b.png?fit=bounds&format=jpeg&quality=85&width=330,2026-06-06T15:22:37.326+09:00,"３０９０搭載モデル、ですか？！
ガチゲーマー向けであり……恐らく金額も、凄まじかっただろうな、と感じております。
ちなみに私は、妥協して５０７０を購入し、古いパーツのパソコンに無理やり接続しているため、本来の実力が発揮できていない状況です。
モニターは、大画面が好きなので３１．５インチを購入したのですが、スピーカーがついていなかったため、クリエイティブ社の丸いスピーカーをつけて、それを使って講義を聞いております。"
nc88b5467d8aa6,n7b232e0c8d63,031a96c67c576e3bfc12a86d2606bd97,ココミチ＠ゆきの,hot_mink9599,https://assets.st-note.com/production/uploads/images/212559417/profile_9dbf6c222d0c87810aeff185afbd7f95.jpg?fit=bounds&format=jpeg&quality=85&width=330,2026-06-06T16:40:56.501+09:00,"Kingさん、こんにちは

「自分もそういうことが言える人間になりたい」
読みながら、自分のことも静かに問い返していました

当たり前のように見えて、実際にその言葉を選べる人は
そう多くないと感じます

救われた経験があるから伝えたいと思える

その順番がKingさんらしくて温かく読みました

ゆきの"
nc046e2f8a9ebd,nb41e4b64d9ee,501075b33bc8fff4716e8e39cb47e74a,りんごあめ,aogunjyou_205,https://assets.st-note.com/production/uploads/images/244320088/profile_b53bcb9297c65530f6e56ea129a55d08.jpeg?fit=bounds&format=jpeg&quality=85&width=330,2026-06-06T19:08:56.733+09:00,"Kingさん　こんばんは🌟

いつも記事をマガジンへ掲載していただき、本当にありがとうございます🙂‍↕️これからも自分のペースで無理なく言葉を綴っていければと思っています。
本当にありがとうございました🍎"
nc72877087a196,nfa8d47a22c3a,0532f1f5e7fe9be7936959a7a43a5e10,おとの部屋,otonoheyapiano,https://assets.st-note.com/production/uploads/images/236404075/profile_145eacb40a09fac1855e00a8101c2307.png?fit=bounds&format=jpeg&quality=85&width=330,2026-06-06T21:18:45.604+09:00,"Kingさん こんばんは(*^^*)
いつも たくさん記事を読んでくださり
掲載を、ありがとうございますஐ"
nc66651c699b25,n7b232e0c8d63,0e44dcd2aa36c5fa41ef174ffb29ec95,ゐっさ,love_shin_earth,https://assets.st-note.com/production/uploads/images/261983120/profile_5fd75c9482b6ee87097ce33d5770c496.jpg?fit=bounds&format=jpeg&quality=85&width=330,2026-06-06T20:35:57.122+09:00,"kingさん こんばんは🌠

本当は難しいことかもしれませんね。だって、相手の心の中まではわからないですもの。それでも心を込めて気持ちを込めて伝えれば届く。
きっと何かPowerを魔法使いの様に放っているのかもしれませんね🫶
素敵な氣付きをありがとう御座います🙏🏻💕
そして、マガジンでご紹介とsunoスキも感謝申し上げます🙇"
nc0ed429f2bd6c,n7b232e0c8d63,84725422db8ddb286fb3a293c306aebf,開運シェルパ,hanamiti369,https://assets.st-note.com/production/uploads/images/255750674/profile_80ee0ac532bef7940f81afda8d8e8a77.png?fit=bounds&format=jpeg&quality=85&width=330,2026-06-06T19:50:49.172+09:00,"Kingさん、読んで胸があたたかくなりました。
「お大事に」「おめでとう」、これらは単なる定型句ではなく、相手の存在をちゃんと見ていることを伝えるための大切な合図なのだと、改めて氣づかされました。

人は誰しも、自分の存在を誰かが「見ている」と確信できたとき、初めて心から安心し、この世界で自分らしく生きていくための土台を得られます。
逆に、どれほど恵まれた環境にいても、誰からも認識されない孤独の中では、人は自分という輪郭を失ってしまいそうになるものです。

記事の中でKingさんが綴られた「自分もそういう言葉をかけられる人間になりたい」という一文。それは未来への願いであると同時に、日頃から周囲の人の小さな変化に氣づき、心を配っているKingさんだからこそ自然とこぼれ出る、すでに実践されている方の言葉だと感じました。

言葉一つで誰かの居場所を守れる。
そんな優しさの連鎖を、これからも応援しています。"
ncde0da9432cd6,nfad2f93ebe4b,dc157540cc91b85018fc2caf1ebe6e1d,空風マナミ　,sorakaze_works,https://assets.st-note.com/production/uploads/images/247072511/profile_f8c3cb6911c80de4c8b865ead1a349c6.png?fit=bounds&format=jpeg&quality=85&width=330,2026-06-06T19:22:33.847+09:00,"Kingさん、
鳥肌が立ちました。

挨拶が遅れるほどに。

いつもありがとうございます。すごいお話です。もっと宣伝して良いと思います！"
nc332a0545b762,n4d3800af4fec,d9037f54bfc7617edf2591b1bcc610f3,『月灯りの綴り屋』🌕ﾌｫﾛﾊﾞ100,quirky_squid9988,https://assets.st-note.com/production/uploads/images/195342680/profile_b6e872945f0a395808553e7d3c8312a9.png?fit=bounds&format=jpeg&quality=85&width=330,2026-06-07T00:34:59.793+09:00,"kingさん
こんばんは🌕

マガジン追加ありがとうございます😊🍀

今回の記事、とても興味深く拝見しました✨

「ヤツ」を追いかけていたはずが、最後に鏡の中で自分自身と向き合う展開が印象的でした😳

人の心の弱さや欲、そして気づきまでが描かれていて、ただのダークな曲ではなく、どこか哲学的な物語にも感じました😊

いつも楽しい企画や作品をありがとうございます🙇‍♀️

お忙しいとのことですので、どうぞご無理なさらずお過ごしください🍀

これからもよろしくお願いいたします🙇‍♀️"
nc86db7a36ab18,n7b232e0c8d63,39a8447172b870676bb7b8ce5cebd141,持たざる者の再起録,ya1huwahuwa,https://assets.st-note.com/production/uploads/images/256022750/profile_9bbd6c1baaf11ecb978687248758b24e.png?fit=bounds&format=jpeg&quality=85&width=330,2026-06-07T09:51:48.584+09:00,"読んでて、じんわりきました。

当たり前のことって、実は一番難しかったりしますよね。🙂

忙しかったり、余裕がなかったりすると、ついスルーしてしまう。

でもその一言で救われた経験って、きっと誰にでもあって。

そういうことが自然に言える人って、やっぱりかっこいいなと思います。😆"
ncfdc21beb1ef6,n7b232e0c8d63,0af9b366e7056bb35316462e699e0daa,じゅんのすけ,juicy_lynx3773,https://assets.st-note.com/production/uploads/images/264606998/profile_3edebb8ec7da186bb321afc081d561b0.png?fit=bounds&format=jpeg&quality=85&width=330,2026-06-07T08:40:29.280+09:00,"Kingさん
当たり前のこと、シンプルだけど大切なことですよね！
ぼくもそういう一言を自然に伝えられる人でいたいです✨
いつもありがとうございます！"
nc07da31582e20,na8e6946d9455,501075b33bc8fff4716e8e39cb47e74a,りんごあめ,aogunjyou_205,https://assets.st-note.com/production/uploads/images/244320088/profile_b53bcb9297c65530f6e56ea129a55d08.jpeg?fit=bounds&format=jpeg&quality=85&width=330,2026-06-07T09:13:43.548+09:00,"Kingさん　
おはよございます🍀
昨日に続き、マガジンを掲載していただきありがとうございました。また足を向けて寝られませんね🤭いつも感謝しています🍎"
nc46ad22820630,n8cac8598278c,47ac127ec0bbe6902b9f372fd944ebf8,和田雄三｜AI×心理ブランディングデザイナー,glad_dill2129,https://assets.st-note.com/production/uploads/images/265848866/profile_b0e386a458b5c21f7f00921837c9ffad.png?fit=bounds&format=jpeg&quality=85&width=330,2026-06-07T16:21:12.969+09:00,"みんな遊んでますね😆
さすが実力派👍"
nc5b9057ed964e,n8cac8598278c,0283b96a011b3d44c7b4ae6a1ed30ae9,営業fafa | note業界No.1営業マン,kohana1112,https://assets.st-note.com/production/uploads/images/231018078/profile_b3bbbe00a8972338d5f563a39e002d1b.png?fit=bounds&format=jpeg&quality=85&width=330,2026-06-07T15:14:10.064+09:00,"Kingさん！

エンゲージメントMAX❣️

そしてスキ率脅威の25%超え‼️

ちゃんとすごい人が高い評価で安心しました笑

遊んでくださり、さらに記事にしてくれてありがとうございます😊✨"
nc1aeb4cd00e2e,n8cac8598278c,39a8447172b870676bb7b8ce5cebd141,持たざる者の再起録,ya1huwahuwa,https://assets.st-note.com/production/uploads/images/256022750/profile_9bbd6c1baaf11ecb978687248758b24e.png?fit=bounds&format=jpeg&quality=85&width=330,2026-06-07T15:11:40.417+09:00,"kingさん🫠

またマガジン追加本当に感謝です。

note偏差値すごい面白いですね😊

僕もやってみようかな？笑

これからもよろしくお願いします🙏"
nc5f40bcc51ce7,n8cac8598278c,10b6a01cab2e8333891d0a52c9308752,月が綺麗ですね,great_shark9325,https://assets.st-note.com/production/uploads/images/257275284/profile_60facf29c58d7534bf2094f0993df55c.png?fit=bounds&format=jpeg&quality=85&width=330,2026-06-07T14:23:38.525+09:00,"Kingさん

追加いつもありがとうございます✨

「限界」は笑えるし、「孤独」はほろ苦いし、色んな一面があって…
いつも本当に味わい深いなあと感じています😊

今後ともよろしくお願いいたします✨"
nce4bfd473ec4c,n8cac8598278c,f1fa566e0454f67250e5b68988fd02a4,やさい,yasaistory,https://assets.st-note.com/production/uploads/images/254968683/profile_d779b13204b382b0c16d6c2b48fea44a.jpg?fit=bounds&format=jpeg&quality=85&width=330,2026-06-07T14:01:07.616+09:00,"Kingさんこんにちは！
物凄い高偏差値✨😆
流石ですね☺️
"
ncf493f75b9035,n8cac8598278c,dc157540cc91b85018fc2caf1ebe6e1d,空風マナミ　,sorakaze_works,https://assets.st-note.com/production/uploads/images/247072511/profile_f8c3cb6911c80de4c8b865ead1a349c6.png?fit=bounds&format=jpeg&quality=85&width=330,2026-06-07T13:42:25.490+09:00,"Kingさん、
いつもありがとうございます♪

限界突破のスキをいつもいただけることに感謝です！
偏差値80狙って良いですよ🤭

今後ともよろしくお願いします！"
nc67948a94c808,n8cac8598278c,b60c6006e6818a147458dad11e6bc89f,瀬海歩（せかいあゆむ）,sekaiayumu25,https://assets.st-note.com/production/uploads/images/251395522/profile_6cb1552f68e13741419dd072f35f914e.jpg?fit=bounds&format=jpeg&quality=85&width=330,2026-06-07T13:41:17.798+09:00,"Kingさん
お疲れの所失礼します。
「孤独」も、この歌で「哀愁」に変わり、なんか魅力的にみえてきました。"
nc642891f70fb6,n8cac8598278c,a3bcc411a4c251239d492b2f079f5870,やも,yamo_note,https://assets.st-note.com/production/uploads/images/258648405/profile_ee869852783a5a9a11d34fd10d919f33.png?fit=bounds&format=jpeg&quality=85&width=330,2026-06-07T13:41:04.840+09:00,"キンさん、こんにちは！

キンさんもやってたんですね🫪！
うわーっ負けちゃった😱
けっこうやってる方いらっしゃるんですね🫪
ふぁふぁさん、すごいなぁ。

キンさんは、やっぱりフォロワーさんをすごく大事にされているからの結果かなぁと、真面目に思いました！

おめでとうございます🎊㊗️"
nce0628355a961,n8cac8598278c,4d7884c1cad8153895dadb71ec1606cb,こーき｜心が少し軽くなる場所,i_am_151cm_boy,https://assets.st-note.com/production/uploads/images/236560109/profile_28f1fb163081001f12afa3f21b0dc40a.png?fit=bounds&format=jpeg&quality=85&width=330,2026-06-07T12:54:12.198+09:00,"Kingさん😆✨

凄いですね！！！🤩🎉
おめでとうございます🎊
僕はDでした〜〜🤣🤣笑笑

販売がないことと、投稿頻度が欠点ポイントでした🤣🙌笑笑"
nc01de2ce4d8c5,n8cac8598278c,d935afcef3d45372668600a97b8eea46,天野 雫 ✿ 占い日記,proper_bonobo536,https://assets.st-note.com/production/uploads/images/252856370/profile_866f40df26780c146ef9459cf81a675c.png?fit=bounds&format=jpeg&quality=85&width=330,2026-06-07T12:23:25.558+09:00,"Kingさん、
たくさんのスキおめでとうございます🎉

いやぁ〜私のおかげなんて…🥰"
nc23c25cc1a23e,n7b232e0c8d63,34987bbf50be44cfbc1419a1df6f8760,ツムジ,tsumuji264,https://assets.st-note.com/production/uploads/images/231588271/profile_d0f51b83720ce83ce2be707571e96762.png?fit=bounds&format=jpeg&quality=85&width=330,2026-06-07T13:26:26.143+09:00,"Kingさん、こんにちは。
いつもありがとうございます😊

基本的なコミュニケーション、大事ですよねー。

趣旨は少し違うかもですが、

「恐れ入ります」
「〜には及びません」
「お悔やみ申し上げます」

とか、そういう言葉が、その場面でスッと出てくる人って素敵だなーと思ってます。"
nc503af1a02064,n8cac8598278c,ca17527cfe63f65cebf3883988786b79,donchan1962,donchan_13,https://assets.st-note.com/production/uploads/images/183217910/profile_a33ecb57f18c7bbea28e041c386d47a2.jpeg?fit=bounds&format=jpeg&quality=85&width=330,2026-06-07T18:01:42.102+09:00,"こんばんは🌇
いつもありがとうございます
記事、マガジンへの追加、感謝申し上げます"
nc6cd52132c887,n8cac8598278c,ca17527cfe63f65cebf3883988786b79,donchan1962,donchan_13,https://assets.st-note.com/production/uploads/images/183217910/profile_a33ecb57f18c7bbea28e041c386d47a2.jpeg?fit=bounds&format=jpeg&quality=85&width=330,2026-06-07T17:19:52.394+09:00,"あ〜、最初の曲は、パンクロック？
笑う〜
でも、良かったじゃないですか👍"
nc11430ae85014,n8cac8598278c,d9037f54bfc7617edf2591b1bcc610f3,『月灯りの綴り屋』🌕ﾌｫﾛﾊﾞ100,quirky_squid9988,https://assets.st-note.com/production/uploads/images/195342680/profile_b6e872945f0a395808553e7d3c8312a9.png?fit=bounds&format=jpeg&quality=85&width=330,2026-06-08T02:28:49.818+09:00,"Kingさん

マガジン追加ありがとうございます😊🙇‍♀️🍀

note偏差値、とても面白く読ませていただきました✨

エンゲージメント満点、月間スキ率27％は本当にすごいですね👏😊

そして「圧倒的に追い付かない」に思わず笑ってしまいました🤣

たくさんのご縁や通知に囲まれている証拠ですね🍀

いつもありがとうございます😊🌸

これからもよろしくお願いいたします🙇‍♀️✨"
nc2516c0efd3e5,n8cac8598278c,904e9ed918828179390741c99f797844,こはる(ふわり、ももんが日記),momonga_0125,https://assets.st-note.com/production/uploads/images/246484153/profile_50e45d59aea0e50aa87e0779898c85ba.png?fit=bounds&format=jpeg&quality=85&width=330,2026-06-08T00:28:22.073+09:00,"Kingさん、こんばんは😊

note偏差値っていうのがあるんですね😳面白そう〜🫣

魂の叫びもいいですね😌
ほんとこのシリーズ好きなんです！

これからもよろしくお願いします🙇‍♀️"
nc554a782d89ae,n8cac8598278c,209f3701abc5bae89b6dd62898c7916a,コンパス みき,compass_m360,https://assets.st-note.com/production/uploads/images/253440713/profile_8b36220be6950ce90264f78d2b308c75.png?fit=bounds&format=jpeg&quality=85&width=330,2026-06-08T00:14:20.264+09:00,"Kingさん、こんばんは✨

いつもありがとうございます😄
エンゲージメントすごいですね！
優秀✨
スキ２００００回もさすが！
孤独めちゃくちゃ良い曲😭仮面脱いでも大丈夫😆
"
ncb80e6ceb772b,n8cac8598278c,7096c2d1f9f21973ee9d04ae4de4fabc,おにぎり＠構造翻訳家～正解より先に、まずは視界を取り戻す～,hotket_jp,https://assets.st-note.com/production/uploads/images/265265465/profile_7ac7501a97e36e7a2efe9f88515af612.png?fit=bounds&format=jpeg&quality=85&width=330,2026-06-07T22:41:08.294+09:00,"はい、ご状況は、想像にがたくないでございます。
なんと申し上げていいか、、、。
スキを押していいのかどうか？
全く気にせず、押しおります🤣アーメン🙏
(ご無理はなさらず🍙どうかお心のままに🍙)"
nce0b593ada28d,n8cac8598278c,7096c2d1f9f21973ee9d04ae4de4fabc,おにぎり＠構造翻訳家～正解より先に、まずは視界を取り戻す～,hotket_jp,https://assets.st-note.com/production/uploads/images/265265465/profile_7ac7501a97e36e7a2efe9f88515af612.png?fit=bounds&format=jpeg&quality=85&width=330,2026-06-07T22:34:56.003+09:00,"いつもマガジン登録をありがとうござりまする🍙
このご恩はきっといつか、、、
機織りで、千羽織を、、、

あぁぁご飯粒が、、、🍙

"
nc6b92ead4ce57,n7b232e0c8d63,cf2bd06bcfdc26e1b45f2df9dffba439,宇宙珍獣🦄🌬️ユル勇者あかね,lovely_rose3365,https://assets.st-note.com/production/uploads/images/252932628/profile_0238b9aa15ee8cfe6e21b7245aad40b1.png?fit=bounds&format=jpeg&quality=85&width=330,2026-06-07T23:52:41.207+09:00,"kingさん✨

めっちゃ大切なことですねっ💖"
ncbf7ac89613e2,nfa8d47a22c3a,10b6a01cab2e8333891d0a52c9308752,月が綺麗ですね,great_shark9325,https://assets.st-note.com/production/uploads/images/257275284/profile_60facf29c58d7534bf2094f0993df55c.png?fit=bounds&format=jpeg&quality=85&width=330,2026-06-08T05:34:09.645+09:00,"Kingさん、おはようございます✨
お忙しい中、追加していただきありがとうございます☺️
Kingさんの影響でSunoをインストールしたり、新しいことに挑戦できて楽しく過ごしています🤭
今後ともよろしくお願いいたします🍀"
nccc2a8255c8c5,n8cac8598278c,13f03d3a1ec4a172a7084a791c8c4703,"あいさん💗Iカウンセリングルーム セラピスト／ 臨床心理士×公認心理師｜支援歴16年・2,000名超",joyful_zebra1701,https://assets.st-note.com/production/uploads/images/194103346/profile_5b2ee16c8d8db97758503974e4e6f9da.png?fit=bounds&format=jpeg&quality=85&width=330,2026-06-08T10:21:36.317+09:00,"Kingさん😊こんにちは🌸

note偏差値の記事、拝読しました✨
エンゲージメントスコア満点、そして月間スキ率27％は本当にすごいですね👏✨
皆さんのおかげです、と書かれているところに、Kingさんらしいあたたかさも感じました💖
そして、マガジンでのご紹介も本当にいつもありがとうございます🥰
今後ともよろしくお願いいたします🌈ᵕ̈*
"
nc5dae2d00813a,n8cac8598278c,031a96c67c576e3bfc12a86d2606bd97,ココミチ＠ゆきの,hot_mink9599,https://assets.st-note.com/production/uploads/images/212559417/profile_9dbf6c222d0c87810aeff185afbd7f95.jpg?fit=bounds&format=jpeg&quality=85&width=330,2026-06-08T10:18:59.756+09:00,"Kingさん、おはようございます

エンゲージメントスコア満点
おめでとうございます

月間スキ率27％という数字に
その飾らなさが届いている
あらわれを感じました
以前「本音なので飾らない言葉に
なりますね」と書かれていたことを
ふと思い出していました

「疎遠になることが」と
「何から始めればいいか」も
マガジンに迎えてくださり
ありがとうございます

どうかKingさんのペースを大切に
息抜きしながら進まれますように

ゆきの"
nc6e95346b4450,n8cac8598278c,a3b393748448993682c446017554f28a,りこ@一生養生,riko_83,https://assets.st-note.com/production/uploads/images/242853208/profile_868cf0850d54d0a98ca0406d82454cfa.png?fit=bounds&format=jpeg&quality=85&width=330,2026-06-08T10:04:23.679+09:00,"こんにちは☀
いつも記事を読みに来てくださり、マガジン追加して下さりありがとうございます😊🍀
note偏差値、面白いですね🎵
ふふふ。知的で親しみやすい雰囲気、分かる気がします🤭✨️
魂の叫びは「孤独」の方がお気に入りです🎵なんか2回も聴いちゃいました（笑）"
ncccc6a4a52d46,n7b232e0c8d63,aa396818ce9b68951cae09c5b738014e,Torori（とろり）🌱 毒親育ちへ「心穏やかな恋」を届ける人【フォロバ100】,torori_20260101,https://assets.st-note.com/production/uploads/images/242495675/profile_d6bfee66de6dbec64ca70c2649f987aa.png?fit=bounds&format=jpeg&quality=85&width=330,2026-06-08T11:26:37.576+09:00,"kingさん

わかりますよ・・(´；ω；｀)

でもこういった「基本」が出来る人って、案外少ないですよね・・
職場とかでも、体調不良の人に舌打ちする謎の上司とかお局様とか、いっぱい見てきました・・笑

自分だけはせめて、基本を守れる側でありたいですね🌱

Kingさんの生真面目さが出てる文章で、
なんだか優しい気持ちになりました(*^^*)"
ncecb62c29dc3b,nfa8d47a22c3a,57bf29248e5c5e9f2c2251842c484033,「欲望の観察者」,namakee0112,https://assets.st-note.com/production/uploads/images/267834789/profile_1893de88acbf5c40c52827f18763ec0e.png?fit=bounds&format=jpeg&quality=85&width=330,2026-06-08T14:32:14.223+09:00,"kingさま
はじめまして、
沢山魅力的な記事があって、どこからクリックしようかまよってしまいます🥰照

マガジンにお仲間入りさせて貰い、ありがとうございます。嬉しいです。
素敵な皆さまの、エネルギッシュな記事も楽しく拝読します🥰"
nc433a1d458d72,n8cac8598278c,ca17527cfe63f65cebf3883988786b79,donchan1962,donchan_13,https://assets.st-note.com/production/uploads/images/183217910/profile_a33ecb57f18c7bbea28e041c386d47a2.jpeg?fit=bounds&format=jpeg&quality=85&width=330,2026-06-08T15:11:14.011+09:00,"こんにちは
いつもありがとうございます
記事、マガジンへの追加、感謝申し上げます。
また、記事の高評価、ありがとうございます"
ncf606cafddc16,nfa8d47a22c3a,6eb810c1a58eeb8a6e519483b4314544,てて🌸 | 50代からでも遅く無いnote×在宅副業に挑戦中@フォロバ100,huge_hosta9668,https://assets.st-note.com/production/uploads/images/248998379/profile_c968dc42ad15c5f24bc80a55747828fb.png?fit=bounds&format=jpeg&quality=85&width=330,2026-06-08T20:25:49.606+09:00,"kingさん、はじめまして😊
マガジンに追加して頂きありがとうございます😊素敵なご縁をありがとうございます😊"
ncaa94ad2b8bf7,nfa8d47a22c3a,bd25259b4ca3a6a824d0272b0957d79f,コアラにユーカリ。車に顔面を轢かれた占い師,koala_0913,https://assets.st-note.com/production/uploads/images/200582063/profile_b74922a73d06fb5377211458d9ac4f6b.png?fit=bounds&format=jpeg&quality=85&width=330,2026-06-08T20:20:05.797+09:00,"Kingさま✨
初めまして☺️
素敵なマガジンに追加していただき、ありがとうございます🥰
嬉しいです！！
"
ncb7af9743c76e,n4a120a5df409,4d7884c1cad8153895dadb71ec1606cb,こーき｜心が少し軽くなる場所,i_am_151cm_boy,https://assets.st-note.com/production/uploads/images/236560109/profile_28f1fb163081001f12afa3f21b0dc40a.png?fit=bounds&format=jpeg&quality=85&width=330,2026-06-08T19:05:24.567+09:00,"Kingさん😆

とても共感します！！😊✨
楽しむことが1番ですね😆☝️
　
もう10何年ご無沙汰してますが、2曲目大当たりしてる気分でした🤣🥳✌️笑笑"
nce0cac29dcdda,n4a120a5df409,b60c6006e6818a147458dad11e6bc89f,瀬海歩（せかいあゆむ）,sekaiayumu25,https://assets.st-note.com/production/uploads/images/251395522/profile_6cb1552f68e13741419dd072f35f914e.jpg?fit=bounds&format=jpeg&quality=85&width=330,2026-06-08T18:48:04.606+09:00,"Kingさん、こんばんは🌕️
ジョブホッパーを紹介してくださりありがとうございます✨️

一曲目が終わりきらないところで2つ目の再生ボタン押したら、凄い迫力になりました（笑）うたれ病のときはどうしてほしいのですか？そっとしていてほしい？それとも側に美女がいてほしい？"
nc08a87d296cfa,n4a120a5df409,00f7301e058e20fbe66903f50ec4b115,ゆるしまshow｜小説．体験談．HSP．AC,pyontee_pooh,https://assets.st-note.com/production/uploads/images/280419593/profile_6eb68dba01f69b81a5ffdc14a53c9030.png?fit=bounds&format=jpeg&quality=85&width=330,2026-06-08T18:34:23.475+09:00,"あれ、コメント送信できてなかった😅
私もぶっちゃけたいエブリデイです🤭
ネタバレになるから感想書けない😢
いつもマガジン追加ありがとうございます😭✨非常に励みになります🙇"
nc102d7abdaead,n4a120a5df409,ffe289363d8a2ab4b1006d873deb8fe7,カワムラ｜AI擬人化漫画 | ChatGPTのヨシダ,chatgpt_ysd,https://assets.st-note.com/production/uploads/images/249464808/profile_d4725fb31aebb01259ae2d468cb09492.jpeg?fit=bounds&format=jpeg&quality=85&width=330,2026-06-08T18:30:34.793+09:00,"わかります😊ネタバレになるのでちょっと話そらします。

私はマガジン始めてまだ1ヵ月ちょいですけど、マガジン運営者の横のつながり強いなと感じててそこはすごく良かったです🫶これからもよろしくです。"
ncaeb9b71d4ee7,n4a120a5df409,d935afcef3d45372668600a97b8eea46,天野 雫 ✿ 占い日記,proper_bonobo536,https://assets.st-note.com/production/uploads/images/252856370/profile_866f40df26780c146ef9459cf81a675c.png?fit=bounds&format=jpeg&quality=85&width=330,2026-06-08T18:16:24.992+09:00,私も似たようなもんかも🤣
nc0082e5bd8261,n8cac8598278c,fdfcb42dbb3ca6a92977feeb331299bf,ヤマコヤーマン,yamayamako3,https://assets.st-note.com/production/uploads/images/264908732/profile_22f5b0d83f87ee87628a50db08f251bb.png?fit=bounds&format=jpeg&quality=85&width=330,2026-06-08T20:50:32.315+09:00,"Kingさん
いつもマガジン追加ありがとうございます！
②曲目のサビんとこカッコいいですー洋楽ぽい。"
nc1eaa95bf0a75,n8cac8598278c,290f76d99eb40b676ce764b1c2a200e3,Takanashi（たかなし）,takanashi_note01,https://assets.st-note.com/production/uploads/images/235786177/profile_d3248e02f9810e16a0daf3e4a02bee0b.png?fit=bounds&format=jpeg&quality=85&width=330,2026-06-08T20:41:27.770+09:00,"エンゲージメント率が、上限値！
下手に高い評価が出るよりも、こちらの方が凄いと純粋に感じました。
私の場合は、収益化の部分で相当下駄を履かせてもらったため、むしろKingさんの結果がうらやましいと感じております。"
ncc9e30d01b61c,n9db8f945353b,10b6a01cab2e8333891d0a52c9308752,月が綺麗ですね,great_shark9325,https://assets.st-note.com/production/uploads/images/257275284/profile_60facf29c58d7534bf2094f0993df55c.png?fit=bounds&format=jpeg&quality=85&width=330,2026-06-08T20:29:50.725+09:00,"Kingさん
こんばんは🌙

この記事、笑えますね〜🤣
宛名の間違いから、まさかこんな歌になるとは😂
誰にも真似できない感性だなぁと思いました✨
最高ー🎤✨

そして、今日も追加ありがとうございました😊✌️"
ncfda9cdb5b5ca,nfa8d47a22c3a,9633eff8320d8b84d043512ec509e595,無口,lucky_ferret8634,https://assets.st-note.com/production/uploads/images/193376357/profile_bd0a6c05116c59eff5ef8c88a9a77fd4.png?fit=bounds&format=jpeg&quality=85&width=330,2026-06-09T00:06:50.958+09:00,"Kingさん、こんばんは😊

いつもマガジンに追加していただき、ありがとうございます。

心温まるエッセイも、いつもやさしい気持ちで読ませていただいています。

自分の考えや日々の中で感じたことを書いている記事ですが、こうして拾っていただけると嬉しいです。

書いていて励みになります。ありがとうございます。"
nc1f647472b0f5,n4a120a5df409,ca17527cfe63f65cebf3883988786b79,donchan1962,donchan_13,https://assets.st-note.com/production/uploads/images/183217910/profile_a33ecb57f18c7bbea28e041c386d47a2.jpeg?fit=bounds&format=jpeg&quality=85&width=330,2026-06-08T22:38:30.484+09:00,"こんばんは🌆
いつもありがとうございます
記事、マガジンへの追加、感謝申し上げます"
nc7ce247111f6a,n4a120a5df409,ca17527cfe63f65cebf3883988786b79,donchan1962,donchan_13,https://assets.st-note.com/production/uploads/images/183217910/profile_a33ecb57f18c7bbea28e041c386d47a2.jpeg?fit=bounds&format=jpeg&quality=85&width=330,2026-06-08T22:00:14.355+09:00,"パンクか、😇
若いな〜"
nc6d6891b033be,n7b232e0c8d63,1ef4435612c1f36fd963bcdd8ace0d73,のあ｜自分に戻る思索note,joyful_salvia906,https://assets.st-note.com/production/uploads/images/244581020/profile_a075505b43aab98267d3b165ed95521a.png?fit=bounds&format=jpeg&quality=85&width=330,2026-06-08T21:52:54.674+09:00,"Kingさん
こんばんは。

「当たり前」を当たり前にすることが、
やっぱり大事だし、
でも、自分でやろうとすると、
続けることが難しいな、と思います。

いつもスキやコメント、マガジン追加していただき
本当にありがとうございます！✨😊"
nc9dfb90ca4178,n8cac8598278c,a308833b060a3c104f0115421d8d05fc,みやび,_oto_kotoba,https://assets.st-note.com/production/uploads/images/262367515/profile_d7914074ebb47e9f08eccbb0c11318bb.png?fit=bounds&format=jpeg&quality=85&width=330,2026-06-09T04:42:14.117+09:00,"コメント失礼します。
music clipを拝聴しました。
一曲目の強く叩きつけるドラムスと猛々しい咆哮(ほうこう)のお歌、心で燃え上がる炎を感じます。

時間や気力と向き合いながら、泥臭く、それでも前を向いて進んでいく。魂の叫びとして紡がれた言葉の数々に、静かに胸を打たれるような強さを感じました。

仮面を脱いだその奥にある、人間くさい本音の歌を届けてくださる素敵な時間を、ありがとうございます。
(🎹MIYABI)"
nc925b3c30c037,n83f6bf8f2527,d9037f54bfc7617edf2591b1bcc610f3,『月灯りの綴り屋』🌕ﾌｫﾛﾊﾞ100,quirky_squid9988,https://assets.st-note.com/production/uploads/images/195342680/profile_b6e872945f0a395808553e7d3c8312a9.png?fit=bounds&format=jpeg&quality=85&width=330,2026-06-09T09:09:20.461+09:00,"Kingさん😊

おはようございます✨
マガジン追加ありがとうございます😊🙇‍♀️

とても勉強になりました💓
まずはプロフィールからなのですね😊✨
なるほど！と思いながら読ませていただきました🍀

手探りですので
レベルアップしていきたいです💪😊

無料で読めるなんて！ﾔｯﾀｰって思いました🌈笑笑

早速参考にさせていただきます🙇‍♀️

これからもよろしくお願いいたします🙇‍♀️🌸"
ncb542f4b79b32,n8cac8598278c,aa396818ce9b68951cae09c5b738014e,Torori（とろり）🌱 毒親育ちへ「心穏やかな恋」を届ける人【フォロバ100】,torori_20260101,https://assets.st-note.com/production/uploads/images/242495675/profile_d6bfee66de6dbec64ca70c2649f987aa.png?fit=bounds&format=jpeg&quality=85&width=330,2026-06-09T12:21:36.816+09:00,"Kingさん

すみません・・
曲の歌詞を見て、笑ってしまいました・・😂

１曲目も闇を感じたけど・・
２曲目がつらすぎる・・笑

私も中年のおばさんなので、お気持ちわかりますよ(*^^*)

時々溢れ出るダークサイドに、共感してしまいます・・🌱"
nc7400975de5b6,n8cac8598278c,bafeafa3be58223f78700aa6ca83d4a6,令和　舞,karisuma_mai,https://assets.st-note.com/production/uploads/images/234789263/profile_b88eee04a293b6ffb436e21f045323d3.png?fit=bounds&format=jpeg&quality=85&width=330,2026-06-09T12:04:50.456+09:00,"営業fafaさんの有料プロンプトをやったんですね！！
素晴らしい成績ですね✨

私、怖くてできないです…🫣


マガジンの追加、心から感謝してます🙇‍♀️💕"
nc13da50ffefcf,nb41e4b64d9ee,39a8447172b870676bb7b8ce5cebd141,持たざる者の再起録,ya1huwahuwa,https://assets.st-note.com/production/uploads/images/256022750/profile_9bbd6c1baaf11ecb978687248758b24e.png?fit=bounds&format=jpeg&quality=85&width=330,2026-06-09T12:29:42.209+09:00,"kingさん

マガジン追加ありがとうございます😊

kingさんをはじめ、色々な方がマガジン追加してくださるのでなんとか頑張れてます。🫠

本当に感謝してます😊"
nc06409da2e9d6,n3319ea5d2f50,a3bcc411a4c251239d492b2f079f5870,やも,yamo_note,https://assets.st-note.com/production/uploads/images/258648405/profile_ee869852783a5a9a11d34fd10d919f33.png?fit=bounds&format=jpeg&quality=85&width=330,2026-06-09T20:00:13.770+09:00,"なぬーっ！

山口百恵さんみたいなことしちゃってー(꒦ິ⌑︎꒦ີ)！

カムバーック(꒦ິ⌑︎꒦ີ)

ネタよね？ネタよね？

まずは、ゆっくり養生されて、ご自愛ください(TT)
"
nc7acf62c5196b,n3319ea5d2f50,13f03d3a1ec4a172a7084a791c8c4703,"あいさん💗Iカウンセリングルーム セラピスト／ 臨床心理士×公認心理師｜支援歴16年・2,000名超",joyful_zebra1701,https://assets.st-note.com/production/uploads/images/194103346/profile_5b2ee16c8d8db97758503974e4e6f9da.png?fit=bounds&format=jpeg&quality=85&width=330,2026-06-09T19:54:54.389+09:00,"Kingさん😊

コングラおめでとうございます🎊✨

曲、聴かせていただきました✨
少し切なさもあって、なんだか不思議と気になる曲でした🎧✨"
nc2d6559ce503c,n3319ea5d2f50,c2bf3fb737356ce4e0b1f47b310ccf53,音琴 ～go_chara～,lucid_hornet2442,https://assets.st-note.com/production/uploads/images/241037615/profile_011d60ebf0e17e1956abc71bc4156c2f.png?fit=bounds&format=jpeg&quality=85&width=330,2026-06-09T19:31:53.089+09:00,"kingさん、こんばんは。

ゆっくりお休みください。
また、ふっと戻ってこられることを楽しみにしています。"
ncff4b75517929,n3319ea5d2f50,4d7884c1cad8153895dadb71ec1606cb,こーき｜心が少し軽くなる場所,i_am_151cm_boy,https://assets.st-note.com/production/uploads/images/236560109/profile_28f1fb163081001f12afa3f21b0dc40a.png?fit=bounds&format=jpeg&quality=85&width=330,2026-06-09T19:17:53.381+09:00,"Kingさん☺️

ゆっくり休んでくださいね☺️✨
沢山のコングラおめでとうございます！🎉✨"
nc60b45b339c48,n3319ea5d2f50,f0cb31ff7ca4d1f8b607a03e7890b133,山中サトシ│詩と小説の世界│元公務員クリエイター,fancy_nerine2305,https://assets.st-note.com/production/uploads/images/235720947/profile_6f42cba9cdaa52532b9423dda0e2f8f3.jpg?fit=bounds&format=jpeg&quality=85&width=330,2026-06-09T19:15:24.901+09:00,"え？これはネタではないの？？
ゆっくり休んで😊"
nccf212f429389,n3319ea5d2f50,6634796a0a0d954156038c17fa7e9b18,まいのママ｜心理学で落とす恋愛戦略家,clean_azalea7932,https://assets.st-note.com/production/uploads/images/254501316/profile_c9e68787e3833eafb87c340c5b3c6f1f.png?fit=bounds&format=jpeg&quality=85&width=330,2026-06-09T18:52:55.514+09:00,"kingさん
コングラボードおめでとうございます！
ゆっくり休んでくださいね✨"
nc662c8e8867ba,n3319ea5d2f50,dc157540cc91b85018fc2caf1ebe6e1d,空風マナミ　,sorakaze_works,https://assets.st-note.com/production/uploads/images/247072511/profile_f8c3cb6911c80de4c8b865ead1a349c6.png?fit=bounds&format=jpeg&quality=85&width=330,2026-06-09T18:42:01.203+09:00,"Kingさん、
お疲れ様です。
いつもありがとうございます。しっかりと心身ともに、休めますように。
では！"
nca346346761bd,n3319ea5d2f50,4a5abb8e8138fd6fbf5799cac2ec7926,コウヅキ ハナエ,hanaekaki,https://assets.st-note.com/production/uploads/images/262131492/profile_a2318ddf53f035c1f7d54b13c898e0e0.png?fit=bounds&format=jpeg&quality=85&width=330,2026-06-09T18:16:03.291+09:00,"コングラボード、おめでとうございます！
素敵な曲ですね✨✨"
nc9f511e774df2,n3319ea5d2f50,d29c2432624c1087ec7f89cc2f079dbe,美咲サヤ,crisp_gecko6337,https://assets.st-note.com/production/uploads/images/267718350/profile_d73fda1af8e66cc2c55152264f38ff50.png?fit=bounds&format=jpeg&quality=85&width=330,2026-06-09T18:14:11.034+09:00,"Kingさん、素敵な曲！
Kingさんは、中年おじさんなの？
とてもそんな方が作ったとは思えません🤭

それからたくさんのコングラボードおめでとう御座います🎊

お疲れが溜まっているようですね！
お身体ご自愛ください☺️"
ncbcb8997d3ba0,n3319ea5d2f50,e937b529062a4dff3c5cf7b79cc04cf6,たーゼ,sakuya_rainbow44,https://assets.st-note.com/production/uploads/images/267491936/profile_b274aede9a61c347dfc7d9213ffbeed9.jpg?fit=bounds&format=jpeg&quality=85&width=330,2026-06-09T18:11:50.021+09:00,"うぉ〜今回はダークじゃない…✨✨
あはは🤭🌸✨

🧑👼🍭✴️✨✨🌈🐬🦄🐥🌈🌹🎶✨"
nc7efc60c087a2,n3319ea5d2f50,3cb4d81489d9115418a8861dcba7c631,えらん堂,dear_pansy6581,https://assets.st-note.com/production/uploads/images/242221069/profile_508d7605146c8d0a2207c10ec053fe6c.png?fit=bounds&format=jpeg&quality=85&width=330,2026-06-09T18:10:33.262+09:00,"Kingさん
こんばんは☀️
ではっ！"
nc32a074e862d6,n3319ea5d2f50,501075b33bc8fff4716e8e39cb47e74a,りんごあめ,aogunjyou_205,https://assets.st-note.com/production/uploads/images/244320088/profile_b53bcb9297c65530f6e56ea129a55d08.jpeg?fit=bounds&format=jpeg&quality=85&width=330,2026-06-09T18:09:51.737+09:00,"コングラボードおめでとうございます💐✨
素敵な曲でした🍀✨
お休みするのですか？
ゆっくり休んで、エネルギーをチャージしてくださいね🍎"
nc77d2aec8fd1a,n8cac8598278c,1ef4435612c1f36fd963bcdd8ace0d73,のあ｜自分に戻る思索note,joyful_salvia906,https://assets.st-note.com/production/uploads/images/244581020/profile_a075505b43aab98267d3b165ed95521a.png?fit=bounds&format=jpeg&quality=85&width=330,2026-06-09T20:04:55.466+09:00,"Kingさん
こんばんは(^^)
いつもマガジン追加、
本当にありがとうございます！

いつも同じコメントで恐縮です(･ω･;
語彙が少ないんです苦笑

曲も作って、noteも続けられているところを拝見して
僕もがんばろうと思わせていただいています。

またおじゃまさせていただきます！！"
nc9f3b0d9e797b,n3319ea5d2f50,84725422db8ddb286fb3a293c306aebf,開運シェルパ,hanamiti369,https://assets.st-note.com/production/uploads/images/255750674/profile_80ee0ac532bef7940f81afda8d8e8a77.png?fit=bounds&format=jpeg&quality=85&width=330,2026-06-09T22:30:17.480+09:00,"Kingさん、コングラおめでとうございます㊗️
この「さよならを言わない別れ」の設計の巧みさに目が留まりました😀
関係の「終わり方」は、その後に残る記憶の質を大きく左右します。「また会える」という確信を残して場を離れる。これは喪失の感覚を和らげ、つながりを次へ持ち越す、とても賢い選択だと感じました。
疲れたときに立ち止まることは、弱さではなく、自分の状態を正確に読む力の表れです。充電期間が、次の動きの質を決める。Kingさんらしい、設計された休息だと感じました👑
ゆっくり休んでください。続きを楽しみにしています。"
ncea80ad1febc8,n3319ea5d2f50,209f3701abc5bae89b6dd62898c7916a,コンパス みき,compass_m360,https://assets.st-note.com/production/uploads/images/253440713/profile_8b36220be6950ce90264f78d2b308c75.png?fit=bounds&format=jpeg&quality=85&width=330,2026-06-09T22:20:46.392+09:00,"Kingさん、こんばんは😄

おやすみされるんですね😭
寂しいですよ〜
早く帰ってきて下さいね✨
 
ちょっと切ない曲じゃないですかあ！！
戻ってくるまで、Kingさんのダークな曲聴きまくっておきますね🤣
ゆっくり休んで下さいね〜👋"
nc92898f92aac0,n3319ea5d2f50,47ac127ec0bbe6902b9f372fd944ebf8,和田雄三｜AI×心理ブランディングデザイナー,glad_dill2129,https://assets.st-note.com/production/uploads/images/265848866/profile_b0e386a458b5c21f7f00921837c9ffad.png?fit=bounds&format=jpeg&quality=85&width=330,2026-06-09T20:41:32.146+09:00,"ゆっくり休んでください👍

直ぐに戻ってくると思いますけど🤣

いい曲でした😊"
ncb94ce44d39e2,n3319ea5d2f50,a308833b060a3c104f0115421d8d05fc,みやび,_oto_kotoba,https://assets.st-note.com/production/uploads/images/262367515/profile_d7914074ebb47e9f08eccbb0c11318bb.png?fit=bounds&format=jpeg&quality=85&width=330,2026-06-10T01:22:08.026+09:00,"コメント失礼します。
透明度の高いクリスタルガラスを思わせる歌声から始まる、「さよならへのプロローグ」
でも、それは、次のステップへの""yell""でもあるのですよね。

旅立ちを前にした寂しさの中にも、爽やかで前を向くような温かなお言葉の数々に、胸がじっと熱くなりました。
これまで紡いでこられたご縁や感謝が、ひとつの美しいメロディに目の前でカタチを整えつつありますね。
ありがとうございます。
(🎹MIYABI)"
ncd524ac6d6fb6,n3319ea5d2f50,904e9ed918828179390741c99f797844,こはる(ふわり、ももんが日記),momonga_0125,https://assets.st-note.com/production/uploads/images/246484153/profile_50e45d59aea0e50aa87e0779898c85ba.png?fit=bounds&format=jpeg&quality=85&width=330,2026-06-09T23:42:02.540+09:00,"Kingさん、こんばんは🌙

何だか切なくなっちゃいました🥲
寂しいのでまた帰ってきて下さいね🥹

ゆっくり休んでくださいね😭"
ncb2adc1cd9068,n3319ea5d2f50,0532f1f5e7fe9be7936959a7a43a5e10,おとの部屋,otonoheyapiano,https://assets.st-note.com/production/uploads/images/236404075/profile_145eacb40a09fac1855e00a8101c2307.png?fit=bounds&format=jpeg&quality=85&width=330,2026-06-10T07:42:57.624+09:00,"Kingさん おはようございます☀️

ゆっくり休んでください(* ᴗ͈ˬᴗ͈)”
またお会いできる日まで･･･。"
nc686094e07e4f,nfa8d47a22c3a,f7849321afe6b3af555279156ed8e307,さとる＠40歳無職の資産形成,novel_zinnia2293,https://assets.st-note.com/production/uploads/images/273004191/profile_cddb33d08628779c2ee846be20f993f3.png?fit=bounds&format=jpeg&quality=85&width=330,2026-06-10T17:02:11.450+09:00,"Kingさん初めまして☺️
マガジン追加ありがとうございます
感謝です😊"
nc9147de917ea2,nfa8d47a22c3a,56191410007732582d99c8592117842b,あらや農園,araya_noen2018,https://assets.st-note.com/production/uploads/images/125736608/profile_64888d8c772d7adf692bdc906ffd7e6e.png?fit=bounds&format=jpeg&quality=85&width=330,2026-06-10T13:51:48.013+09:00,"Kingさん、はじめまして。
フォローとマガジン追加ありがとうございます😊

いろいろな記事を書かれているのですね😲
少しずつ読ませていただきます！
今後ともよろしくお願いいたします。"
nc4059b9452556,n3319ea5d2f50,031a96c67c576e3bfc12a86d2606bd97,ココミチ＠ゆきの,hot_mink9599,https://assets.st-note.com/production/uploads/images/212559417/profile_9dbf6c222d0c87810aeff185afbd7f95.jpg?fit=bounds&format=jpeg&quality=85&width=330,2026-06-10T16:38:50.038+09:00,"Kingさん、こんにちは

「また会える日を
心の底から
信じてる」

そのフレーズに、あたたかさと
確かな再会への願いを感じました

コングラもおめでとうございます
今はどうか、ゆっくり休んでください

「まだ赦せない夜に」と
「言いたいのに言えない夜に」も
マガジンへ迎えてくださり
ありがとうございます

ゆきの"
ncb7c93816d46c,n3319ea5d2f50,aa396818ce9b68951cae09c5b738014e,Torori（とろり）🌱 毒親育ちへ「心穏やかな恋」を届ける人【フォロバ100】,torori_20260101,https://assets.st-note.com/production/uploads/images/242495675/profile_d6bfee66de6dbec64ca70c2649f987aa.png?fit=bounds&format=jpeg&quality=85&width=330,2026-06-10T15:05:51.072+09:00,"Kingさん

お疲れ様です。

しんどい時は、あんまり無理しないでくださいね＾＾

ぜひゆっくり休んでほしいです。
休むのは、次頑張るために必要なことだから。

コメント返信もなくても大丈夫ですよ✨️

また遊びに来ますね～🌱"
nc3779b8b07845,n3319ea5d2f50,ca17527cfe63f65cebf3883988786b79,donchan1962,donchan_13,https://assets.st-note.com/production/uploads/images/183217910/profile_a33ecb57f18c7bbea28e041c386d47a2.jpeg?fit=bounds&format=jpeg&quality=85&width=330,2026-06-10T14:59:34.236+09:00,"また、来ちゃった。
こんにちは
いつもありがとうございます
記事、マガジンへの追加、感謝申し上げます"
nc521968d0213a,n3319ea5d2f50,ca17527cfe63f65cebf3883988786b79,donchan1962,donchan_13,https://assets.st-note.com/production/uploads/images/183217910/profile_a33ecb57f18c7bbea28e041c386d47a2.jpeg?fit=bounds&format=jpeg&quality=85&width=330,2026-06-10T14:56:27.864+09:00,"体調は、大丈夫なんですか？
曲が若いな〜😇"
nca2e738da8ca7,n3319ea5d2f50,57bf29248e5c5e9f2c2251842c484033,「欲望の観察者」,namakee0112,https://assets.st-note.com/production/uploads/images/267834789/profile_1893de88acbf5c40c52827f18763ec0e.png?fit=bounds&format=jpeg&quality=85&width=330,2026-06-10T14:34:10.307+09:00,"kingさま

想い出の詰まった洗濯機に、別れを告げた時の気持ちを思い出しました。まだ、未練たらたらです。
素敵な歌詞ですね😭😭

マガジンにお仲間入りさせて貰い、ありがとうございます。嬉しいです。
kingさまと、マガジン仲間の方々の記事を楽しく拝読します🥰"
ncd8c61596bc4e,n3319ea5d2f50,d29c2432624c1087ec7f89cc2f079dbe,美咲サヤ,crisp_gecko6337,https://assets.st-note.com/production/uploads/images/267718350/profile_d73fda1af8e66cc2c55152264f38ff50.png?fit=bounds&format=jpeg&quality=85&width=330,2026-06-10T11:26:19.502+09:00,"Kingさん、
その後体調はいかがですか？

私の記事をマガジンに追加していただきありがとうございます！
毎回見てくださり、感謝感激です😂

どうぞお身体ご自愛くださいね。"
nce6b0cc40717b,n8cac8598278c,e300d348198df62eea02ed041e1e9a55,つむじが２つ,regal_hound4274,https://assets.st-note.com/production/uploads/images/196231260/profile_fe42b94fee71f88c08b73583c1f29fe7.jpeg?fit=bounds&format=jpeg&quality=85&width=330,2026-06-10T11:35:25.765+09:00,"Kingさん、こんにちは😊

今回のおまけ曲、共感しました😆

「圧倒的に追い付かない」は、noteをやっていると本当にそんな感じですよね💦
対応しても通知が増えていく無限ループ…まさに魂の叫び🤣

そして「I’m just a lonely man」は、笑いながら読んでいたのに、ちょっと切なくて刺さりました。
仮面を脱いだ時の孤独って、妙にリアルなんですよね。

でも、それを歌にして笑いに変えられるのがKingさんらしいなと思いました😊

制限中でも「まだまだスキ押し続けるぞ！」の勢い、さすがです😆🍀
今回も楽しませていただきました！

私の記事も紹介いただき本当にありがとうございました😊🙏"
nc968ed30c6733,nfa8d47a22c3a,c2bf3fb737356ce4e0b1f47b310ccf53,音琴 ～go_chara～,lucid_hornet2442,https://assets.st-note.com/production/uploads/images/241037615/profile_011d60ebf0e17e1956abc71bc4156c2f.png?fit=bounds&format=jpeg&quality=85&width=330,2026-06-10T19:45:27.054+09:00,"Kingさん、こんばんは。
マガジン追加ありがとうございました。

お疲れもあると思います。
まずは、お身体ご自愛ください。
そしてKingさんのペースで、ゆっくりでいいです。
お待ちしてますね。（ご無理はされないように！）"
ncc0a8eb13230d,n3319ea5d2f50,0af9b366e7056bb35316462e699e0daa,じゅんのすけ,juicy_lynx3773,https://assets.st-note.com/production/uploads/images/264606998/profile_3edebb8ec7da186bb321afc081d561b0.png?fit=bounds&format=jpeg&quality=85&width=330,2026-06-10T20:10:39.953+09:00,"Kingさん、さようなら😢
あっ！言っちゃった🤣

団長！
ゆっくり休んでください👍✨

では！"
nc5fbb5b8c084d,n3319ea5d2f50,ceb9f20beef56f72c10ed1c4bc125c74,ゆらり🌹🫧　🫶💕,huge_coot6820,https://assets.st-note.com/production/uploads/images/239767432/profile_47e4f415224790b9faa65da8165fa21d.jpeg?fit=bounds&format=jpeg&quality=85&width=330,2026-06-10T18:15:18.811+09:00,"えぇ👀！

大丈夫

ないし！
"
nc8c21308c65f1,n83f6bf8f2527,1ef4435612c1f36fd963bcdd8ace0d73,のあ｜自分に戻る思索note,joyful_salvia906,https://assets.st-note.com/production/uploads/images/244581020/profile_a075505b43aab98267d3b165ed95521a.png?fit=bounds&format=jpeg&quality=85&width=330,2026-06-10T23:13:04.748+09:00,"Kingさん
こんばんは！
いつもありがとうございます😊

とても勉強になりました！

特に、
「最初は遠慮せず、強めの個性で印象を残しにいくべし。」
この点、まだまだ出せる気がします笑

そして、
「感謝の先にラッキーが待つ。」
この言葉がとても好きです(^^)

またおじゃまさせていただきます！☺️"
nc5b3d30824364,n3319ea5d2f50,0a190b2a1490ace96d668b7243df84fc,『本当の自分に出会う100の法則』まなび,miracle_tarot315,https://assets.st-note.com/production/uploads/images/249470009/profile_45cd99b5e01b52738ef63d2120073cf9.png?fit=bounds&format=jpeg&quality=85&width=330,2026-06-11T01:00:34.300+09:00,"Kingさん

どうぞゆっくりお休みになってくださいね🍀
疲れた時は、誰にも気兼ねせず一人でぐっすり眠るのが一番です。
こちらへの返信はお気遣いなく！

まずはご自身をたっぷり甘やかしてあげてくださいね✨"
ncc36990c213fd,nfa8d47a22c3a,a0eebfb87946987de4c26475463b881e,まちゃ｜40代からの心身の巡りを整える案内人,joyous_hikari,https://assets.st-note.com/production/uploads/images/274926904/profile_f265fad8bd8529279f7d93543e501287.png?fit=bounds&format=jpeg&quality=85&width=330,2026-06-11T09:06:26.501+09:00,"Kingさん　初めまして
マガジンに入れて頂きありがとうございます。
これからもどうぞよろしくお願いします🥰"
nccbfc81111d20,nfa8d47a22c3a,c03c3f5c7eab05292c75a28dac27849c,sachi,chercher306,https://assets.st-note.com/production/uploads/images/263927611/profile_d9e2e1143fa68237b71b2f42f561e482.jpeg?fit=bounds&format=jpeg&quality=85&width=330,2026-06-11T08:18:26.246+09:00,"kingさん　初めまして✨

マガジンの追加感謝致します♪
素敵なご縁をありがとございます😉"
nc561886e59b56,n3319ea5d2f50,056a18ed82e925cfd3845f0f29dbc538,まっちー｜人生を旅するデザイナー,laptraveller,https://assets.st-note.com/production/uploads/images/279459527/profile_f549333afacf41d9f4d3624d61ce0061.png?fit=bounds&format=jpeg&quality=85&width=330,2026-06-11T08:58:37.316+09:00,"Kingさん
コングラボードおめでとうございます🎉
またまたマガジンへの追加ありがとうございます🙏✨
どうかゆっくりお休みください☺️"
nc12abd3f850a3,n3319ea5d2f50,b60c6006e6818a147458dad11e6bc89f,瀬海歩（せかいあゆむ）,sekaiayumu25,https://assets.st-note.com/production/uploads/images/251395522/profile_6cb1552f68e13741419dd072f35f914e.jpg?fit=bounds&format=jpeg&quality=85&width=330,2026-06-11T08:24:12.157+09:00,"Kingさん
おはようございます☀
ささ、ひざ枕準備しましたよ！






私のですが（笑）"
nc6220ad577bf2,n3319ea5d2f50,57bf29248e5c5e9f2c2251842c484033,「欲望の観察者」,namakee0112,https://assets.st-note.com/production/uploads/images/267834789/profile_1893de88acbf5c40c52827f18763ec0e.png?fit=bounds&format=jpeg&quality=85&width=330,2026-06-11T15:27:14.704+09:00,"こんにちは。
歌詞、しみじみ良いですね。
「そろそろか　旅立つときがきた　お世話になり　本当に感謝　あなたと出会えて　本当に良かった」

前の恋人が置いていった洗濯機が壊れて、買い替える時。未練で手放したくなかった気持ちを思い出しました。

長くなってしまいました。
マガジン追加してくださり、ありがとうございます🤗嬉しいです！


"
ncd81734cf9be2,n3319ea5d2f50,ca17527cfe63f65cebf3883988786b79,donchan1962,donchan_13,https://assets.st-note.com/production/uploads/images/183217910/profile_a33ecb57f18c7bbea28e041c386d47a2.jpeg?fit=bounds&format=jpeg&quality=85&width=330,2026-06-11T15:18:31.814+09:00,"こんにちは
いつもありがとうございます
記事、マガジンへの追加、感謝申し上げます"
nce40d631b200e,n3319ea5d2f50,d29c2432624c1087ec7f89cc2f079dbe,美咲サヤ,crisp_gecko6337,https://assets.st-note.com/production/uploads/images/284273987/profile_77365bf2beb82191d3111c807f4bd758.png?fit=bounds&format=jpeg&quality=85&width=330,2026-06-11T15:06:13.481+09:00,"Kingさん、
こんにちは！
徐々に体調戻られてきてますか？
あまりご無理なさらずしてくださいね。　　

そしてこの度も私の記事のマガジン追加を、ありがとうございました😂"
nc092e449335b5,n3319ea5d2f50,d29c2432624c1087ec7f89cc2f079dbe,美咲サヤ,crisp_gecko6337,https://assets.st-note.com/production/uploads/images/284273987/profile_77365bf2beb82191d3111c807f4bd758.png?fit=bounds&format=jpeg&quality=85&width=330,2026-06-11T20:20:40.361+09:00,"Kingさん、こんばんは！
わぁ、この度も私の記事マガジン追加をありがとうございます！
とても嬉しかったです😂"
nc4296a2a7eb92,n3319ea5d2f50,ca17527cfe63f65cebf3883988786b79,donchan1962,donchan_13,https://assets.st-note.com/production/uploads/images/183217910/profile_a33ecb57f18c7bbea28e041c386d47a2.jpeg?fit=bounds&format=jpeg&quality=85&width=330,2026-06-11T19:38:24.089+09:00,"こんばんは🌇
いつもありがとうございます
記事、マガジンへの追加、感謝申し上げます。
また、記事に、高評価ありがとうございます"
nc7d832e92f207,n3319ea5d2f50,fdfcb42dbb3ca6a92977feeb331299bf,ヤマコヤーマン,yamayamako3,https://assets.st-note.com/production/uploads/images/264908732/profile_22f5b0d83f87ee87628a50db08f251bb.png?fit=bounds&format=jpeg&quality=85&width=330,2026-06-11T19:11:06.627+09:00,"Kingさん
お休みのところ私のしょーもない記事をマガジン追加いただき、ありがとうございます！
曲、爽やかですー。走らないですけど走るときに良さそう！
"
nc4899d00618a8,n3319ea5d2f50,3ef2cace305cb5033c6b1d23b860f75f,nao46222,nao46222,https://assets.st-note.com/production/uploads/images/238899995/profile_cd80de4bd2c2f207f8be2ca8cfed6ea8.png?fit=bounds&format=jpeg&quality=85&width=330,2026-06-12T08:18:07.831+09:00,"205スキおめでとうございます🎉

シンプルな言葉なのに、感謝と再会への願いがまっすぐ伝わってくる素敵な作品でした。

「さよならは言わないで」というフレーズが耳に残りますね😊"
nc793cba3e9bff,n3319ea5d2f50,1ef4435612c1f36fd963bcdd8ace0d73,のあ｜自分に戻る思索note,joyful_salvia906,https://assets.st-note.com/production/uploads/images/244581020/profile_a075505b43aab98267d3b165ed95521a.png?fit=bounds&format=jpeg&quality=85&width=330,2026-06-12T19:54:30.263+09:00,"Kingさん
こんにちは！
いつもありがとうございます😊

曲を聴きながら、コメントさせていただいています！
この曲、すごくよかったです✨
ずっと聴いていられる(^^)

ご自愛ください！
ゆっくり休んでください☺️"
ncd0056c635375,n3319ea5d2f50,ca17527cfe63f65cebf3883988786b79,donchan1962,donchan_13,https://assets.st-note.com/production/uploads/images/183217910/profile_a33ecb57f18c7bbea28e041c386d47a2.jpeg?fit=bounds&format=jpeg&quality=85&width=330,2026-06-12T19:45:20.050+09:00,"こんばんは🌆
いつもありがとうございます
記事、マガジンへの追加、感謝申し上げます。
また、記事の高評価、ありがとうございます"
ncdd07f28ec999,n0cd838543b93,84725422db8ddb286fb3a293c306aebf,開運シェルパ,hanamiti369,https://assets.st-note.com/production/uploads/images/255750674/profile_80ee0ac532bef7940f81afda8d8e8a77.png?fit=bounds&format=jpeg&quality=85&width=330,2026-06-12T20:30:54.492+09:00,"色眼鏡の話、なるほどと思いながら拝読しました。
自分のことだけは鏡越し、というのは新鮮な視点ですね。
だからこそ、周りから聞く「やさしい」「頭がいい」は、本人が思うより手がかりになるのかもしれません。

卒業文集に書いた「優しい人になりたい」を、今も持ち続けているという話も良いですね。

おしゃれに関しても、「ここは力を入れる」と決めている領域のある人は、見ていて気持ちの良いものです。
これからも楽しみにしています🌈"
nc82f9ed484d31,nfa8d47a22c3a,fe6a3dfbf579f7f9f0eadb36aa5260ab,しずく,lucky_ram4890,https://assets.st-note.com/production/uploads/images/270484515/profile_f2deb3775d1acb5fb6b143d8ce8fd4b7.png?fit=bounds&format=jpeg&quality=85&width=330,2026-06-12T23:36:20.909+09:00,"kingさん

再びマガジン追加していただき、ありがとうございます😊

皆さまと繋がりを持たせてくださり感謝です( ´ ▽ ` )"
nc424afcaf26de,nfa8d47a22c3a,bbdfbbee728da7efba6d355e61d898ca,nagi｜副業・資格・note発信｜家族のために、一歩ずつ,nagi_2026,https://assets.st-note.com/production/uploads/images/247818817/profile_36e58f71567ceea27b6c30e4ae4c12ca.png?fit=bounds&format=jpeg&quality=85&width=330,2026-06-12T23:04:49.841+09:00,"初めまして😃
マガジンに追加ありがとうございます。
エックスではすでに繋がりがあったので、こちらではご挨拶おくれてすみません🙇‍♀️
こちらでも、是非よろしくお願いします🙇"
nc3432866095b4,nfa8d47a22c3a,69ba97bb6f1a63935919f292aa73e689,黒米たけし,proper_macaw3028,https://assets.st-note.com/production/uploads/images/234585253/profile_22b67fe04fba4ffcf2951bf73a82c99a.png?fit=bounds&format=jpeg&quality=85&width=330,2026-06-12T21:37:07.284+09:00,"Kingさん
はじめまして。

マガジンに追加していただき、
どうもありがとうございました。

１０記事に１回程度は、まともな記事があるかと
思います笑

今後ともよろしくお願いいたします。"
ncaca523d57e47,n7b232e0c8d63,bafeafa3be58223f78700aa6ca83d4a6,令和　舞,karisuma_mai,https://assets.st-note.com/production/uploads/images/234789263/profile_b88eee04a293b6ffb436e21f045323d3.png?fit=bounds&format=jpeg&quality=85&width=330,2026-06-13T00:38:46.999+09:00,"kingさん　こんばんは

本当に本当にそのとおりですね！！
当たり前のことが、
悲しいですが…
言えない人が増えてます…
自分は言える人間でありたいです😌

kingさん
いつもありがとうございます♪"
nc88dadb667d84,nfa8d47a22c3a,6217e3e8671f74e9917ee6c385bd2735,天羽・P・きせきれい,peter_amau,https://assets.st-note.com/production/uploads/images/259631872/profile_2f97cf5502a0e7cfae4f48fbba35d6a3.png?fit=bounds&format=jpeg&quality=85&width=330,2026-06-13T07:45:57.962+09:00,"初めまして☆マガジン追加ありがとうございます😊
　見出しイラストのライオン？さんが、昔の父に似ていて、びっくりしました😊💖
　ヒヨコ🐤？さんとカエルさんも可愛いですね☆"
nc354d3fd787c8,n753f44f2642a,0a190b2a1490ace96d668b7243df84fc,『本当の自分に出会う100の法則』まなび,miracle_tarot315,https://assets.st-note.com/production/uploads/images/249470009/profile_45cd99b5e01b52738ef63d2120073cf9.png?fit=bounds&format=jpeg&quality=85&width=330,2026-06-13T09:15:47.745+09:00,"Kingさん
フォロワー1000人おめでとうごさいます🎊🍾㊗️

そしてマガジン追加いつもありがとうございます🙇

King教団のコミュニティ、とっても楽しそうで素敵ですね😊

これからもどうぞよろしくお願いします✨"
nc979800005428,n4c5e512dce6d,47ac127ec0bbe6902b9f372fd944ebf8,和田雄三｜AI×心理ブランディングデザイナー,glad_dill2129,https://assets.st-note.com/production/uploads/images/265848866/profile_b0e386a458b5c21f7f00921837c9ffad.png?fit=bounds&format=jpeg&quality=85&width=330,2026-06-13T14:27:07.192+09:00,"ホラー、ゾンビ系は苦手です🤣

充電できましたか？😊"
nc4a9fae8d8d3e,n4c5e512dce6d,b60c6006e6818a147458dad11e6bc89f,瀬海歩（せかいあゆむ）,sekaiayumu25,https://assets.st-note.com/production/uploads/images/251395522/profile_6cb1552f68e13741419dd072f35f914e.jpg?fit=bounds&format=jpeg&quality=85&width=330,2026-06-13T13:16:36.404+09:00,"Kingさん
いつもありがとうございます。
もどってこられて嬉しいです。
次は何しますか？
ワクワク❤
この質問って考える側は大変ですよね。
私も部活で常に何かをしているので、結構悩んでいます(笑)"
ncc9e114219295,n4c5e512dce6d,b95263c6657241c37c06be8613990710,埼玉の裏仕事人,kiitto1968,https://assets.st-note.com/production/uploads/images/253657159/profile_e3d1ed5fc794d04266be9932b804beb4.png?fit=bounds&format=jpeg&quality=85&width=330,2026-06-13T13:06:05.042+09:00,よかったよかった！チュキ❤️
nca04fecd15fe4,n4c5e512dce6d,d935afcef3d45372668600a97b8eea46,天野 雫 ✿ 占い日記 【オレンジ120%】,proper_bonobo536,https://assets.st-note.com/production/uploads/images/252856370/profile_866f40df26780c146ef9459cf81a675c.png?fit=bounds&format=jpeg&quality=85&width=330,2026-06-13T12:59:40.711+09:00,"うわぁ💦
ゾンビなのに…
なぜか可愛い😍"
nc9a9e31a3e7eb,n4c5e512dce6d,6217e3e8671f74e9917ee6c385bd2735,天羽・P・きせきれい,peter_amau,https://assets.st-note.com/production/uploads/images/259631872/profile_2f97cf5502a0e7cfae4f48fbba35d6a3.png?fit=bounds&format=jpeg&quality=85&width=330,2026-06-13T12:35:30.442+09:00,可愛いイラスト、キレイな画像、好きで、ついつい覗き見てしまいます☆
nc814728bb19fb,n4c5e512dce6d,a3bcc411a4c251239d492b2f079f5870,やも,yamo_note,https://assets.st-note.com/production/uploads/images/258648405/profile_ee869852783a5a9a11d34fd10d919f33.png?fit=bounds&format=jpeg&quality=85&width=330,2026-06-13T12:32:06.737+09:00,あ、戻ってきた😆！
nc28eff1fdc02e,n4c5e512dce6d,ca17527cfe63f65cebf3883988786b79,donchan1962,donchan_13,https://assets.st-note.com/production/uploads/images/183217910/profile_a33ecb57f18c7bbea28e041c386d47a2.jpeg?fit=bounds&format=jpeg&quality=85&width=330,2026-06-13T12:29:37.142+09:00,"また、来ちゃった。
記事、マガジンへの追加、感謝申し上げます"
nc8301a310a009,n4c5e512dce6d,e937b529062a4dff3c5cf7b79cc04cf6,たーゼ,sakuya_rainbow44,https://assets.st-note.com/production/uploads/images/267491936/profile_b274aede9a61c347dfc7d9213ffbeed9.jpg?fit=bounds&format=jpeg&quality=85&width=330,2026-06-13T12:12:07.713+09:00,"ゾンビ🧟‍♀️ギャー🧑👼💦💦
Kingハザード✨とか言うのを

出したら、ヒットするかも
🤭🤗🌸✨"
nc67feb653ac6c,n4c5e512dce6d,ca17527cfe63f65cebf3883988786b79,donchan1962,donchan_13,https://assets.st-note.com/production/uploads/images/183217910/profile_a33ecb57f18c7bbea28e041c386d47a2.jpeg?fit=bounds&format=jpeg&quality=85&width=330,2026-06-13T12:04:34.281+09:00,楽しみに、待っていますよ。承認欲求モンスター🧌　Kingゾンビー🧟🤣
nccd1f81ca941a,n4c5e512dce6d,f2a55d2f97f079ab0df510a2c19397fa,ぷっぷる,rich_moose3756,https://assets.st-note.com/production/uploads/images/247930453/profile_056c49f5bf7f07cdcc784fbf2ff720c7.png?fit=bounds&format=jpeg&quality=85&width=330,2026-06-13T19:31:51.576+09:00,"King さま

こんばんは

お疲れ様です
おかえりなさい😆✨🏠️

別れの曲、素敵でしたよ✨
次は、ゾンビですか(笑)
静かに♥️押して立ち去り
ますね✨

♥️♥️♥️♥️♥️

これで良いですか？
え？…意味がない？
でも、どうぞ♥️☺️

マガジン掲載の御支援
いつもありがとうございます✨
これしか言わないので、
嫌ですよね😆
感謝しております🙇

しばらく♥️のみで
応援いたします。
今回はご容赦ください🙇

Kingさま、無理は無理で
ございますよ✨
お身体大切になさって
くださいね🍀

失礼しました🍀😊




"
nc3f9fbab03133,n4c5e512dce6d,c2ec43b18447ef56d3def92e0343079c,プチクラゲ,like_rose7933,https://assets.st-note.com/production/uploads/images/268614169/profile_a50cb882b719cea4c1e37c1e4ab5ed30.jpg?fit=bounds&format=jpeg&quality=85&width=330,2026-06-13T18:28:22.378+09:00,"Kingさん。
前回、別れの曲やったから、辞めちゃうんかなって勝手に心配してました😅
良かったぁ✨
ちなみに、私はゾンビ系は好き❤️"
nc53396064b5d5,n4c5e512dce6d,209f3701abc5bae89b6dd62898c7916a,コンパス みき,compass_m360,https://assets.st-note.com/production/uploads/images/253440713/profile_8b36220be6950ce90264f78d2b308c75.png?fit=bounds&format=jpeg&quality=85&width=330,2026-06-13T23:49:09.744+09:00,"Kingさん、こんばんは🌟

おっかえりなさーい😄
ちょっとは休めましたか？😂
戻ってきてくれて嬉しいです＼(^o^)／
次はゾンビ🧟？？？
"
ncf4c7940f182a,n4c5e512dce6d,f1fa566e0454f67250e5b68988fd02a4,やさい,yasaistory,https://assets.st-note.com/production/uploads/images/254968683/profile_d779b13204b382b0c16d6c2b48fea44a.jpg?fit=bounds&format=jpeg&quality=85&width=330,2026-06-13T22:48:39.208+09:00,"Kingさん、こんばんは！
次ゾンビもの😳
わ〜💦
でもホラー楽しみにしてますね😆
"
nc8970e5a9988c,n4c5e512dce6d,aa396818ce9b68951cae09c5b738014e,Torori（とろり）🌱 毒親育ちへ「心穏やかな恋」を届ける人【フォロバ100】,torori_20260101,https://assets.st-note.com/production/uploads/images/242495675/profile_d6bfee66de6dbec64ca70c2649f987aa.png?fit=bounds&format=jpeg&quality=85&width=330,2026-06-14T11:34:28.239+09:00,"Kingさん

こんにちは🌱

すごく気になる次回予告・・😂
どんな記事になるのか・・

とはいえ、あんまり無理しないでほしいです＾＾
疲れた時は、休むのも仕事ですからね💡

なにはともあれ、おかえりなさいませ🌱

またよろしくお願いいたします(*^^*)"
nc912ce6186750,n4c5e512dce6d,0af9b366e7056bb35316462e699e0daa,じゅんのすけ,juicy_lynx3773,https://assets.st-note.com/production/uploads/images/264606998/profile_3edebb8ec7da186bb321afc081d561b0.png?fit=bounds&format=jpeg&quality=85&width=330,2026-06-14T10:17:58.689+09:00,"Kingさん、おかえりなさい！
あまり無理しないでくださいね✨
でも、やっぱ期待しちゃうな〜😁"
nc2e74bc585802,n4c5e512dce6d,d9037f54bfc7617edf2591b1bcc610f3,『月灯りの綴り屋』🌕ﾌｫﾛﾊﾞ100,quirky_squid9988,https://assets.st-note.com/production/uploads/images/195342680/profile_b6e872945f0a395808553e7d3c8312a9.png?fit=bounds&format=jpeg&quality=85&width=330,2026-06-14T09:45:16.171+09:00,"Kingさん
おはようございます😊

マガジン追加ありがとうございます🍀
承認欲求モンスター🧌Kingゾンビー🧟

一瞬ゾンビ⁉️って思いましたが。。

「スキ❤️よこせ〜🧟」の断末魔は反則です（笑）

そのフレーズやられました😊💕

笑わせていただきました😊笑

たくさんの方とのご縁や感謝が詰まった記事を拝見して、改めてKingさんの行動力と人との繋がりの広さを感じました✨

凄いです。。

これからも無理のないペースで、楽しい記事を楽しみにしております😊🍀
いつもありがとうございます🙇‍♀️"
nc83877725ce5c,n4c5e512dce6d,1ef4435612c1f36fd963bcdd8ace0d73,のあ｜自分に戻る思索note,joyful_salvia906,https://assets.st-note.com/production/uploads/images/244581020/profile_a075505b43aab98267d3b165ed95521a.png?fit=bounds&format=jpeg&quality=85&width=330,2026-06-14T08:50:26.629+09:00,"Kingさん
おはようございます☀️
おかえりなさい！😊

また更新楽しみにしております！
無理せず、楽しんでいきましょう✨"
nc4581878ae3a5,n4c5e512dce6d,82f90a6adbb0048402605464e9616a45,のぞみん｜揺れる乙女、44歳,nozominnote,https://assets.st-note.com/production/uploads/images/241713880/profile_8a57c5b56b96d806314bf279d3435ce1.png?fit=bounds&format=jpeg&quality=85&width=330,2026-06-14T08:27:41.876+09:00,"Kingさん♡
おはようございます😊

素敵なマガジンに記事を掲載いただき、ありがとうございます♡♡

また読みに来させてください♡♡"
nc2624edb25f11,n4c5e512dce6d,13f03d3a1ec4a172a7084a791c8c4703,"あいさん💗Iカウンセリングルーム セラピスト／ 臨床心理士×公認心理師｜支援歴16年・2,000名超",joyful_zebra1701,https://assets.st-note.com/production/uploads/images/194103346/profile_5b2ee16c8d8db97758503974e4e6f9da.png?fit=bounds&format=jpeg&quality=85&width=330,2026-06-14T12:42:04.847+09:00,"スキどうぞ～💓

いつもありがとうございます🥰💗"
nc97dbca53ed54,n4c5e512dce6d,4d7884c1cad8153895dadb71ec1606cb,こーき｜心が少し軽くなる場所,i_am_151cm_boy,https://assets.st-note.com/production/uploads/images/236560109/profile_28f1fb163081001f12afa3f21b0dc40a.png?fit=bounds&format=jpeg&quality=85&width=330,2026-06-14T12:08:55.262+09:00,"Kingゾンビ😆😆😆✨

一瞬キングボンビーが頭をよぎりました🤣🤣笑笑

これからも楽しみにしております！😆🙌

いつもありがとうございます😊✨"
ncda89626d58b7,n8cac8598278c,cdeef05ecbf030968e90bd577feaa6ef,和田けいた | 「あの頃の青春をもう一度」　リスタートアカデミー教授　兼　全力研究コーチ,smile_jumper,https://assets.st-note.com/production/uploads/images/142670336/profile_f746a660c4435f3add490cfb97c7aaac.jpg?fit=bounds&format=jpeg&quality=85&width=330,2026-06-14T16:37:04.237+09:00,"Kingさん
合格通知書面白いですね！
そして、エンゲージメントすごいです。
読者のみなさんを大切にしている結果ですね。"
nc850d51c2d994,n7b232e0c8d63,a308833b060a3c104f0115421d8d05fc,みやび,_oto_kotoba,https://assets.st-note.com/production/uploads/images/262367515/profile_d7914074ebb47e9f08eccbb0c11318bb.png?fit=bounds&format=jpeg&quality=85&width=330,2026-06-14T12:57:50.159+09:00,"(少し前の投稿への)コメント失礼します。
「お大事に」「お疲れ様」という、日常にありふれた、けれど誰もが心を通わせ合える基本的な言葉の大切さ。
そうした小さくも温かいお声がけの積み重ねが、時に誰かの心を静かに救い、社会を優しく繋いでいくのですね。

当たり前だからこそ見落としがちな瞬間に立ち止まり、言葉に体温をのせて届けられる人間でありたいという真っ直ぐな眼差しに、背筋が伸びるような思いがします。
ありがとうございます。
(🎹MIYABI)"
nca56169bd1c8a,n4c5e512dce6d,ee17e08838a2d1017fe4b3f4eb73a4e3,境界をまたぐ心理士【振り子】,rosy_snail1735,https://assets.st-note.com/production/uploads/images/253068092/profile_684215ad7eba3d124844155dff223a1b.jpg?fit=bounds&format=jpeg&quality=85&width=330,2026-06-14T23:24:15.493+09:00,"お知らせはウソでもスキよこせ～は本音ですよね笑🤣✨
はいどうぞ🥰"
nc69b0024cbfc3,n4c5e512dce6d,57bf29248e5c5e9f2c2251842c484033,「欲望の観察者」,namakee0112,https://assets.st-note.com/production/uploads/images/267834789/profile_1893de88acbf5c40c52827f18763ec0e.png?fit=bounds&format=jpeg&quality=85&width=330,2026-06-14T22:47:57.632+09:00,"ゾンビ！！？
蒸し暑さが吹き飛びました、楽しみです🤣"
ncad1d65ecea5d,n4c5e512dce6d,b39624e9464ededa053a7cbf0de179ce,あな,ana_mama_english,https://assets.st-note.com/production/uploads/images/219621833/profile_8ef662d95d545fc74251b7700219beae.png?fit=bounds&format=jpeg&quality=85&width=330,2026-06-15T00:30:52.492+09:00,"スキ押します🧟🫶

いつもありがとうございます😊"
nc11bbc0139334,n7b232e0c8d63,d302c31cb51e8c915bb00b6e556d7097,だんだんありがと@めじゅ,dandan_arigato19,https://assets.st-note.com/production/uploads/images/284082886/profile_5c4506ee9e0e8792e41d4fcaee4f2c90.png?fit=bounds&format=jpeg&quality=85&width=330,2026-06-15T11:33:19.509+09:00,"King👑さん、コメント失礼致します🙇‍♀️

当たり前に慣れちゃうと、言葉が上滑りしちゃう。
でも、相手に対して、思いやりのある観察で伝えられたら、気持ちのスパイスが入って、血の通った言葉になるって思います🫶

ありがとう😊🙏🏻✨って、何回言っても、擦り切れないから、口癖のように言っちゃうけど🤣💦

ちょびっとでも、ハートのスパイス振りかけて、伝えたいと思います🌟"
nc8e7c7a4514c7,nfa8d47a22c3a,911f0f961f9222f0162c3610b4448582,ことり日記,bold_swift2032,https://assets.st-note.com/production/uploads/images/223359573/profile_be2519408870388490e3176f1766b029.png?fit=bounds&format=jpeg&quality=85&width=330,2026-06-15T16:04:34.503+09:00,"Kingさん、マガジンに加えてくださって、ありがとうございます🍀

従兄弟さんのことを思いながら読んでくださったのだと思うと、胸が熱くなります。

こうして大切に受け取っていただけて、書いてよかったと心から感じています。

こちらこそ、これからもどうぞよろしくお願いいたします😊"
nc1dcbf1a59830,nc29bea5f3ef9,47ac127ec0bbe6902b9f372fd944ebf8,和田雄三｜AI×心理ブランディングデザイナー,glad_dill2129,https://assets.st-note.com/production/uploads/images/265848866/profile_b0e386a458b5c21f7f00921837c9ffad.png?fit=bounds&format=jpeg&quality=85&width=330,2026-06-15T19:04:21.763+09:00,"Kingさん、こんばんは😊

ChatGPT版とGemini版で雰囲気が違うのが面白いですね。

フクロウ団長🦉

マガジン追加の数もすごいですね。
指にマメができるのが分かります😆"
ncedbf389c4b6d,nc29bea5f3ef9,13f03d3a1ec4a172a7084a791c8c4703,"あいさん💗Iカウンセリングルーム セラピスト／ 臨床心理士×公認心理師｜支援歴16年・2,000名超",joyful_zebra1701,https://assets.st-note.com/production/uploads/images/194103346/profile_5b2ee16c8d8db97758503974e4e6f9da.png?fit=bounds&format=jpeg&quality=85&width=330,2026-06-15T18:22:35.930+09:00,"Kingさん、企画に参加してくださって本当にありがとうございます😌🫶✨

ChatGPT版とGemini版を並べてくださったことで、同じことばからでも、見え方や表現のされ方が変わる面白さがすごく伝わりました🥰

Kingさんの中にある「笑い」と「思索」、そして人とのつながりを大切にする感じが、
レポートにも記事にも表れていて、読ませていただきながらとても嬉しくなりました。

「対象外なのでハッシュタグは入れてません」と書いてくださっているところも、
Kingさんらしい配慮だなと思いました☺️

これからもよろしくお願いします🌈ᵕ̈*"
nc287c814df29e,nc29bea5f3ef9,d935afcef3d45372668600a97b8eea46,天野 雫 【オレンジ120%】,proper_bonobo536,https://assets.st-note.com/production/uploads/images/252856370/profile_866f40df26780c146ef9459cf81a675c.png?fit=bounds&format=jpeg&quality=85&width=330,2026-06-15T18:18:27.244+09:00,"Kingさん☺️
お疲れさまです。

みんなに優しいKingさんだからこそ、相手を大切にする以上に、Kingさん自信を大切にしてくださいね🩷"
nc65666f785331,nc29bea5f3ef9,ca17527cfe63f65cebf3883988786b79,donchan1962,donchan_13,https://assets.st-note.com/production/uploads/images/183217910/profile_a33ecb57f18c7bbea28e041c386d47a2.jpeg?fit=bounds&format=jpeg&quality=85&width=330,2026-06-15T18:07:26.087+09:00,"こんばんは🌆
いつもありがとうございます
記事、マガジンへの追加、感謝申し上げます"
nc65933a8c2268,ne991d2421e89,b95263c6657241c37c06be8613990710,埼玉の裏仕事人,kiitto1968,https://assets.st-note.com/production/uploads/images/253657159/profile_e3d1ed5fc794d04266be9932b804beb4.png?fit=bounds&format=jpeg&quality=85&width=330,2026-06-15T15:06:03.390+09:00,わかる…結婚前に本気で悩んで漢方薬のんでおりましたわー。半夏瀉心湯というのでまあ胃熱を抑えてたことありますなー。まあ最近も口の中が渇きすぎたり（緊張や忙しすぎて水飲む暇がなかったり）、珈琲の飲み過ぎだったりすると娘に怒られておりやす。
nca2155ecbd186,nc29bea5f3ef9,209f3701abc5bae89b6dd62898c7916a,コンパス みき✨️好きのタネ🌱‬‪を育てる案内人,compass_m360,https://assets.st-note.com/production/uploads/images/253440713/profile_8b36220be6950ce90264f78d2b308c75.png?fit=bounds&format=jpeg&quality=85&width=330,2026-06-15T21:54:30.118+09:00,"Kingさん😄

コングラおめでとうございます🎊
Kingさんは冬眠中のヘビ時間が必要ってことですね😄
食後ライオンさんのように満腹で眠る時間も大事ですよ〜✨"
nc032a97bce147,nc29bea5f3ef9,4d7884c1cad8153895dadb71ec1606cb,こーき｜心が少し軽くなる場所,i_am_151cm_boy,https://assets.st-note.com/production/uploads/images/236560109/profile_28f1fb163081001f12afa3f21b0dc40a.png?fit=bounds&format=jpeg&quality=85&width=330,2026-06-15T21:43:26.615+09:00,"Kingさん😊

いま、たくさんのものを一人で背負い、少し荷物が重くなっているかもしれません。
どうか、食後のライオンのように、
すべての役割を置いて、ただ満たされて眠る時間を自分に許してあげてください。

↑

たまにはゆっくり休んでくださいね！！！🤗✨"
nc500c0ce3e81d,nc29bea5f3ef9,3a25989705d811d276a669c386e1263a,まなつ/突出マイノリティ列伝,tosshutsu_m,https://assets.st-note.com/production/uploads/images/270829435/profile_710697fc3d1bae7e7da7a9140421298b.png?fit=bounds&format=jpeg&quality=85&width=330,2026-06-15T21:35:56.380+09:00,ユーザーマニュアルのフクロウのイラスト、かわいいですね🫶
nce6e2694b2c65,nc29bea5f3ef9,e937b529062a4dff3c5cf7b79cc04cf6,たーゼ,sakuya_rainbow44,https://assets.st-note.com/production/uploads/images/267491936/profile_b274aede9a61c347dfc7d9213ffbeed9.jpg?fit=bounds&format=jpeg&quality=85&width=330,2026-06-15T21:11:27.556+09:00,"ありがと〜🩷✨✨
Kingさん🌸✨👼🌸✨

今日は疲れがどっと出て💦
久々にダウンして居ります😵‍💫💦

なので…冴えてるコメントが
思いつかない〜😣😣💦

もうちょいで寝ます🧑👼💤✨"
nc6d7b371480f6,nc29bea5f3ef9,0532f1f5e7fe9be7936959a7a43a5e10,おとの部屋,otonoheyapiano,https://assets.st-note.com/production/uploads/images/236404075/profile_145eacb40a09fac1855e00a8101c2307.png?fit=bounds&format=jpeg&quality=85&width=330,2026-06-15T20:56:14.112+09:00,"Kingさん こんばんは🌙* :ﾟ

お疲れ様です(* ᴗ͈ˬᴗ͈)”
本当にいつも
ありがとうございますஐ
"
nc268a4b90ede1,nc29bea5f3ef9,b60c6006e6818a147458dad11e6bc89f,瀬海歩（せかいあゆむ）,sekaiayumu25,https://assets.st-note.com/production/uploads/images/251395522/profile_6cb1552f68e13741419dd072f35f914e.jpg?fit=bounds&format=jpeg&quality=85&width=330,2026-06-15T20:46:41.865+09:00,"Kingさん
こんはんは🌕️
いつもありがとうございます😊
じっくり読みました。
強みが８つもある所が凄いです。
練習は不可能を可能にす
凄くイイ！
Kingさんのことをまた知ることができて嬉しいです✨"
nc2ca710f760f4,nc29bea5f3ef9,dc157540cc91b85018fc2caf1ebe6e1d,空風マナミ　,sorakaze_works,https://assets.st-note.com/production/uploads/images/247072511/profile_f8c3cb6911c80de4c8b865ead1a349c6.png?fit=bounds&format=jpeg&quality=85&width=330,2026-06-15T20:17:10.435+09:00,"Kingさん、
お疲れ様です。
いつもありがとうございます。

Kingさんらしいなぁ、Kingさんの奥はそうなんだぁ、知らないKingさんも知れたようで嬉しかったです☺️

Kingさんがリアルなライオンになる姿も想像して、
バタっ_(:3 」∠)_
さすが、深い方です！"
nc7fe93641c041,nc29bea5f3ef9,c57b90e88def472f75594cb7e1456444,龍神,tatsuopapa,https://assets.st-note.com/production/uploads/images/195297097/profile_8bc9db642d186cf7b66339af17c27bd2.png?fit=bounds&format=jpeg&quality=85&width=330,2026-06-15T20:10:56.541+09:00,"Kingさん
読ませていただきました🐉

あいさんの企画、とても面白いですね😊

ChatGPT版もGemini版も、それぞれ違う角度からKingさんの魅力を見ていて、読み比べるだけでも楽しかったです。

笑いと哲学が同じ場所にある人、という見え方は、まさにKingさんらしいなと思いました🍀

軽やかなネタの奥に、ちゃんと人への思いやりや、孤独だった時期を忘れない誠実さがある。

だからこそ、Kingさんの言葉はただ面白いだけではなく、読んだ人の心に残るのだと思います。

コングラもおめでとうございます😊

そして、指にマメが出来てもスキを押しまくります、の一言に笑いました。

いつもマガジンもあたたかく受け取ってくださり、本当にありがとうございます🐉✨"
nc836c1dd42a26,n3319ea5d2f50,34987bbf50be44cfbc1419a1df6f8760,ツムジ,tsumuji264,https://assets.st-note.com/production/uploads/images/231588271/profile_d0f51b83720ce83ce2be707571e96762.png?fit=bounds&format=jpeg&quality=85&width=330,2026-06-15T22:27:39.621+09:00,"Kingさん、こんばんは！
いつもありがとうございます！

>※連絡事項、この曲は中年のおじさんが作っています😆

誰への配慮なのかわかりませんが、おかしくて笑ってしまいました😆"
nc512cd739aa22,n4a120a5df409,0e44dcd2aa36c5fa41ef174ffb29ec95,ゐっさ,love_shin_earth,https://assets.st-note.com/production/uploads/images/261983120/profile_5fd75c9482b6ee87097ce33d5770c496.jpg?fit=bounds&format=jpeg&quality=85&width=330,2026-06-15T20:35:22.356+09:00,"kingさん こんばんは🌠
マガジンでご紹介くださり
ありがとう御座いました🙏🏻💕
とても元気の出る記事です👍
"
nc3866774cbe83,n7b232e0c8d63,66bbb253e7d8b2ba486f4415f36ee785,Noa,noachan0617,https://assets.st-note.com/production/uploads/images/269973521/profile_77ebb6ddc767747de9bb5bfef312b21b.png?fit=bounds&format=jpeg&quality=85&width=330,2026-06-15T22:41:29.544+09:00,"Kingさん、はじめまして
Kingさんの温かい言葉に書き手として深く感銘を受けました🍀
相手の些細な言葉に救われることって、本当にありますよね☺️
私も同じように、誰かのちょっとした言葉に助けられた経験があるので、すごく共感しました✨
私も「お大事に」や「おめでとう」など、一つひとつの言葉を大切にできる人になりたいと、改めて思わせていただきました💕
また他の記事も楽しみにしております🪴"
nc1fb09c76dec1,nfd8e22b29741,5aa68ef6ed2f66e3d968ce7b333e392c,あかねこ日和＠猫被りの物書き,akariya_akane,https://assets.st-note.com/production/uploads/images/266074572/profile_f2e93604e8de29a760501d2509394023.png?fit=bounds&format=jpeg&quality=85&width=330,2026-06-15T20:10:15.586+09:00,"はじめまして、note巡りをして辿り着きました( *´꒳`*)

奇跡、すごいよなぁ～と思ってたら
最後なんと(´>ω<｀)笑

0.000000000000000000001%
ラッキー上げさせてもらいます💛
"
ncb9b7df615fe5,nfa8d47a22c3a,fe6a3dfbf579f7f9f0eadb36aa5260ab,しずく,lucky_ram4890,https://assets.st-note.com/production/uploads/images/270484515/profile_f2deb3775d1acb5fb6b143d8ce8fd4b7.png?fit=bounds&format=jpeg&quality=85&width=330,2026-06-15T23:15:08.617+09:00,"kingさん
こんばんは。

マガジン追加ありがとうございます
感謝の気持ちでいっぱいです✨

スタエフ聴かせていただきました。
より身近な感じがして、
とてもいいですね😊

"
nc6015521e2afc,nc29bea5f3ef9,a308833b060a3c104f0115421d8d05fc,みやび,_oto_kotoba,https://assets.st-note.com/production/uploads/images/262367515/profile_d7914074ebb47e9f08eccbb0c11318bb.png?fit=bounds&format=jpeg&quality=85&width=330,2026-06-16T05:30:22.733+09:00,"コメント失礼します。
環境に甘えることなく、ご自身の頭で「判断と線引き」を繰り返されてきた歩みに、流されない確固たる強さを感じます。

厳しい現実のなかで、淡々と今できる選択を積み重ねるお姿に、本当の知性の美しさを見た心地がいたします。

日常が、これからも豊かなお時間となりますように。
ありがとうございます。
(🎹MIYABI)"
ncefba2de52916,nfa8d47a22c3a,32620b1fd02e96448a78f6e2e1919ebf,レアカントリークリエイト｜里山システム設計者｜予告状…お宝いただきま〜す♡！！,satoyama_fantasy,https://assets.st-note.com/production/uploads/images/273724033/profile_52cfb497741f72ed72e1a8e4a2628bc5.png?fit=bounds&format=jpeg&quality=85&width=330,2026-06-16T08:46:18.656+09:00,"kingさん
マガジンに加えてくださり、ありがとうございます♪

フォローさせていきます。よろしくお願いします🥺"
nc74fb2e78be8f,n3319ea5d2f50,f7689ab5f959a6faa3e815fdea904772,ココナツ🥥,coconatsu72200,https://assets.st-note.com/production/uploads/images/182236189/profile_e0866f9801b98d5dce267e4d9a6be75a.png?fit=bounds&format=jpeg&quality=85&width=330,2026-06-16T10:08:52.948+09:00,マガジン追加有り難うございまーす🤩！
ncb13593e389b1,nfa8d47a22c3a,10b6a01cab2e8333891d0a52c9308752,月が綺麗ですね,great_shark9325,https://assets.st-note.com/production/uploads/images/257275284/profile_60facf29c58d7534bf2094f0993df55c.png?fit=bounds&format=jpeg&quality=85&width=330,2026-06-16T18:08:50.660+09:00,"Kingさん、マガジン追加いつもありがとうございます✨
的確なアドバイスと、その奥にある優しさにいつも助けられています😊
いつもありがとうございます✨"
ncb09cc59422d0,nfa8d47a22c3a,1924f3622a98065425dd82f27ebc8718,きおくのかけら,lively_toucan534,https://assets.st-note.com/production/uploads/images/275185500/profile_ee9b4e90a4a95c31ecc31cc2eb8cc09d.png?fit=bounds&format=jpeg&quality=85&width=330,2026-06-16T12:59:43.334+09:00,"kingさん！
マガジン追加していただきましてありがとうございます😭
とっても嬉しいです！
今後ともよろしくお願いします！"
ncae25a9bf25fb,nc29bea5f3ef9,ca17527cfe63f65cebf3883988786b79,donchan1962,donchan_13,https://assets.st-note.com/production/uploads/images/183217910/profile_a33ecb57f18c7bbea28e041c386d47a2.jpeg?fit=bounds&format=jpeg&quality=85&width=330,2026-06-16T18:21:57.197+09:00,"いつもありがとうございます
記事、マガジンへの追加、感謝申し上げます"
ncc9b40c21e843,nc29bea5f3ef9,7fe65c1862f422bfb2a7a5d98fbb942c,まりな,marina_days,https://assets.st-note.com/production/uploads/images/279040740/profile_45f4c447cad46a77f488d9ec5c5da19d.png?fit=bounds&format=jpeg&quality=85&width=330,2026-06-16T17:36:30.619+09:00,"Kingさん、はじめまして😊

素敵なマガジンに登録＆フォローまでありがとうございました！

こちらの記事を読んで、「スキがほとんど付かなかった頃を忘れない」という部分がとても印象に残りました✨

数字ではなく、人とのご縁や支えてくれた方への感謝に目を向けられているところが素敵だなと感じました😊

温かい観察レポートをありがとうございました♪"
nc130866948da7,nc29bea5f3ef9,266d9698e161c9b4bc3cd84ab21d7c08,きみこのSoulルーム,kimimari2350,https://assets.st-note.com/production/uploads/images/208541487/profile_b8e04433295dbc046967147402b4f003.png?fit=bounds&format=jpeg&quality=85&width=330,2026-06-16T16:18:31.776+09:00,"Kingさん☘️

企画そのものも面白かったのですが、読みながら改めてKingさんは自己対話をとても大切にされている方なのだなと感じました✨

目の前の出来事をそのまま受け取るだけでなく、その奥にある自分の考えや価値観を丁寧に見つめておられる印象があります。

だからこそ、記事からも「自分を知ること」への探究心が伝わってくるのかもしれません😊

人は出来事を通して、自分自身を知っていくのかもしれませんね✨

とても興味深く読ませていただきました。
素敵な記事をありがとうございました🌈

そして、マガジンへのお迎えもありがとうございます😊

愛❤️感謝🍀"
ncaa5f8cf2dd2f,nc29bea5f3ef9,4a5abb8e8138fd6fbf5799cac2ec7926,コウヅキ ハナエ,hanaekaki,https://assets.st-note.com/production/uploads/images/262131492/profile_a2318ddf53f035c1f7d54b13c898e0e0.png?fit=bounds&format=jpeg&quality=85&width=330,2026-06-16T15:46:30.682+09:00,"こんにちは😀
Kingさんのお人柄の全体像をようやく知れた感じで嬉しいです✨
「出来るかどうかは、やらなければ分からない」頭では分かっていても、なかなか実行に移すのは難しいものですが、成し遂げてこられたKingさんを、尊敬します✨
"
ncd743268a3951,n3319ea5d2f50,679fe4234ae28723f428b4e8b064616b,断罪と慈愛の歌詠み師 UTAKO,bold_slug9390,https://assets.st-note.com/production/uploads/images/281170972/profile_27237e9056b0ab03ec265ebeb07eaa7a.jpeg?fit=bounds&format=jpeg&quality=85&width=330,2026-06-16T16:18:36.680+09:00,"素敵な曲💓
ずっと聴いていられます😌🌸✨"
nc1a7ac503136d,nc04c15ef1cb4,ca17527cfe63f65cebf3883988786b79,donchan1962,donchan_13,https://assets.st-note.com/production/uploads/images/183217910/profile_a33ecb57f18c7bbea28e041c386d47a2.jpeg?fit=bounds&format=jpeg&quality=85&width=330,2026-06-16T18:12:04.361+09:00,普通は、普遍を措定する相対主義者なんて言うと、矛盾しているけど、説明があったから、分かりました。
nc1cc29d2c077d,nc04c15ef1cb4,42797a3c6cf87d453021101bd235eaaa,異世界の音楽家｜ai motion musics,instkoni,https://assets.st-note.com/production/uploads/images/222586585/profile_e2454cc7fadf0fd397141e83e61112ac.png?fit=bounds&format=jpeg&quality=85&width=330,2026-02-22T15:30:18.830+09:00,Kingさん、フォローありがとうございます！✨ 自己紹介を拝見しました。「人生をゲームみたいなもの」と捉えつつも、ニヒリストではないというスタンス、とても興味深いです。教える立場でありながら「教わることの方が多い」という謙虚な姿勢にも共感しました。機能や構造を見る目を持ちながら、それを他者に押し付けない柔軟さも素敵ですね。これからの発信も楽しみにしています😊
ncd2b5780fea34,nc04c15ef1cb4,9727a243dda5618b3e85ee242aded0ad,blue_pen,hope654,https://assets.st-note.com/poc-image/manual/preset_user_image/production/i1bbf72cee783.jpg,2026-02-09T11:51:40.477+09:00,きっと、教育熱心な方だと思いました。
nc561c47943fd4,nc29bea5f3ef9,1924f3622a98065425dd82f27ebc8718,きおくのかけら,lively_toucan534,https://assets.st-note.com/production/uploads/images/275185500/profile_ee9b4e90a4a95c31ecc31cc2eb8cc09d.png?fit=bounds&format=jpeg&quality=85&width=330,2026-06-16T21:13:07.208+09:00,"Kingさん！
またもやマガジンの登録ありがとうございます😭
Kingさんの温かさと、ユーモアに触れることができて、心がほっこりしています。
特別な出会いに感謝します。
もっとKingさんを知りたくなりました🤭
今後ともよろしくお願い致します。"
ncf06cc0ec1184,n244bce00bccf,1924f3622a98065425dd82f27ebc8718,きおくのかけら,lively_toucan534,https://assets.st-note.com/production/uploads/images/275185500/profile_ee9b4e90a4a95c31ecc31cc2eb8cc09d.png?fit=bounds&format=jpeg&quality=85&width=330,2026-06-16T21:36:08.354+09:00,渇望、地獄、ガツううううううううーーんっっ！ときました。中毒性ありますね。SUNOすごい！
nc7864829875a4,nfa8d47a22c3a,358d4fe79054679dc15a777e5a849037,ぱぐぱぱん　絵本作家×牧場飼育員×保育士,pagupapan,https://assets.st-note.com/production/uploads/images/196800734/profile_5f005ef45e12eee572e6319b1b60cfc0.png?fit=bounds&format=jpeg&quality=85&width=330,2026-06-17T10:44:02.307+09:00,"Kingさん
この度はマガジン追加して頂きありがとうございます

今後ともよろしくお願いいたします"
ncbbe4f6711a6b,nc29bea5f3ef9,57bf29248e5c5e9f2c2251842c484033,「欲望の観察者」,namakee0112,https://assets.st-note.com/production/uploads/images/267834789/profile_1893de88acbf5c40c52827f18763ec0e.png?fit=bounds&format=jpeg&quality=85&width=330,2026-06-17T10:23:36.770+09:00,"Kingさま
 とっても可愛らしいフクロウさんと観察記録🤩ライオンさんにもなるのですね。
つい、皆さまとの対話にクスッとしながら見入ってしまいました。のぞき見、失礼いたしました。

いつも気にかけてくださる、Kingさんに私も感謝でいっぱいです。支えられています🤫"
nc4218117de191,nfa8d47a22c3a,78f6773f953d9a01a1577ed5ca4a1cc9,りく❘声と言の葉,liquesvoice,https://assets.st-note.com/production/uploads/images/285637285/profile_8cf3eea800285b03d198fd18e00e5c44.png?fit=bounds&format=jpeg&quality=85&width=330,2026-06-17T16:59:43.686+09:00,"Kingさん

このたびは、記事をマガジンに追加してくださり、
ありがとうございます。

見つけていただけたこと、
とても嬉しいです。

これからも、どうぞよろしくお願いいたします。"
ncc0740f4617ec,nfa8d47a22c3a,ccdd5511e48e8802f5f8d15b40e54269,カズボーイ,fancy_bobcat6056,https://assets.st-note.com/production/uploads/images/242623631/profile_6f4a796db46837d933f179fc611d1002.png?fit=bounds&format=jpeg&quality=85&width=330,2026-06-17T16:41:45.540+09:00,"Kingさん、こんにちは。

いつも記事をマガジンへ載せていただき、ありがとうございます。
とても嬉しいですし、励みになります😊

今後ともよろしくお願いいたします🌟"
ncab577c177f72,n9101ede99d42,d29c2432624c1087ec7f89cc2f079dbe,美咲サヤ,crisp_gecko6337,https://assets.st-note.com/production/uploads/images/285251414/profile_bae91b069531c89747d86f8afb8c6bff.jpeg?fit=bounds&format=jpeg&quality=85&width=330,2026-06-17T18:09:19.633+09:00,"Kingさん、こんばんは♪

コングラおめでとう御座います🎊
スキの数22000って凄いですね✨✨😅

どうぞご自愛くださいね！"
ncc61ed5143bdd,n9101ede99d42,ca17527cfe63f65cebf3883988786b79,donchan1962,donchan_13,https://assets.st-note.com/production/uploads/images/183217910/profile_a33ecb57f18c7bbea28e041c386d47a2.jpeg?fit=bounds&format=jpeg&quality=85&width=330,2026-06-17T18:06:42.285+09:00,"こんばんは🌇
threadsしたから、早いな〜
記事、マガジンへの追加ありがとうございます"
nc5814e78d248e,nc29bea5f3ef9,0af9b366e7056bb35316462e699e0daa,じゅんのすけ,juicy_lynx3773,https://assets.st-note.com/production/uploads/images/264606998/profile_3edebb8ec7da186bb321afc081d561b0.png?fit=bounds&format=jpeg&quality=85&width=330,2026-06-17T16:22:29.831+09:00,"Kingさん

【Kingさんは「努力」と「人との縁」の両方を信じている人のように見えます。】

この言葉に集約されていますね！
たしかに！と思いました😆
いつもありがとうございます👍"
nc198fa7368a85,nc29bea5f3ef9,fdfcb42dbb3ca6a92977feeb331299bf,ヤマコヤーマン,yamayamako3,https://assets.st-note.com/production/uploads/images/264908732/profile_22f5b0d83f87ee87628a50db08f251bb.png?fit=bounds&format=jpeg&quality=85&width=330,2026-06-17T15:42:09.865+09:00,"ほおへえ、面白いですね！
冬眠中のヘビ、食後のライオン、憎めないフクロウ…ほおお。"
ncceb97caae740,n83f6bf8f2527,1924f3622a98065425dd82f27ebc8718,きおくのかけら,lively_toucan534,https://assets.st-note.com/production/uploads/images/275185500/profile_ee9b4e90a4a95c31ecc31cc2eb8cc09d.png?fit=bounds&format=jpeg&quality=85&width=330,2026-06-17T13:15:17.505+09:00,"Kingさん！
連日マガジン追加していただきまして
感謝感謝感謝❤️です。
note攻略できるように精進して参ります！"
nca58f9c25e9e3,nfa8d47a22c3a,ca17527cfe63f65cebf3883988786b79,donchan1962,donchan_13,https://assets.st-note.com/production/uploads/images/183217910/profile_a33ecb57f18c7bbea28e041c386d47a2.jpeg?fit=bounds&format=jpeg&quality=85&width=330,2026-06-17T20:01:17.942+09:00,"こんばんは🌇
いつもありがとうございます
記事、マガジンへの追加、感謝申し上げます"
ncac01546dd14a,n9101ede99d42,904e9ed918828179390741c99f797844,こはる(ふわり、ももんが日記),momonga_0125,https://assets.st-note.com/production/uploads/images/246484153/profile_50e45d59aea0e50aa87e0779898c85ba.png?fit=bounds&format=jpeg&quality=85&width=330,2026-06-17T21:08:34.158+09:00,"Kingさん こんばんは🌙* :ﾟ

「言葉よりも行動」ほんとにその通りだと思います🥹
すごく共感しました！"
nca87f30d6115f,n9101ede99d42,4d7884c1cad8153895dadb71ec1606cb,こーき｜心が少し軽くなる場所,i_am_151cm_boy,https://assets.st-note.com/production/uploads/images/236560109/profile_28f1fb163081001f12afa3f21b0dc40a.png?fit=bounds&format=jpeg&quality=85&width=330,2026-06-17T19:45:39.752+09:00,"Kingさん😆
コングラおめでとうございます🥳✨
「言葉よりも行動」
めちゃくちゃ共感します！❤️‍🔥✨
感慨深い記事をありがとうございます😊✨"
ncea4ea29fa0b7,n9101ede99d42,fdfcb42dbb3ca6a92977feeb331299bf,ヤマコヤーマン,yamayamako3,https://assets.st-note.com/production/uploads/images/264908732/profile_22f5b0d83f87ee87628a50db08f251bb.png?fit=bounds&format=jpeg&quality=85&width=330,2026-06-17T19:42:19.300+09:00,"Kingさん
先ずはそれをしてもらえるような自分でいないとですね。
いつもマガジン追加ありがとうございます！私には返信不要です、ゆっくり休んでくださいませ。"
nc3d438ab86c43,n9101ede99d42,d935afcef3d45372668600a97b8eea46,天野 雫 【120%】,proper_bonobo536,https://assets.st-note.com/production/uploads/images/252856370/profile_866f40df26780c146ef9459cf81a675c.png?fit=bounds&format=jpeg&quality=85&width=330,2026-06-17T19:36:14.636+09:00,"Kingさん、
コングラボードおめでとうございます🎉

たしかに、口ではなんとでも言えるし、行動って心がないと…ですよね。

※コメントの返信は不要です🍀
その分ゆっくりしてくださいね♪
いつもありがとうございます🥰"
nc5d28874a79a6,n9101ede99d42,dc157540cc91b85018fc2caf1ebe6e1d,空風マナミ　,sorakaze_works,https://assets.st-note.com/production/uploads/images/247072511/profile_f8c3cb6911c80de4c8b865ead1a349c6.png?fit=bounds&format=jpeg&quality=85&width=330,2026-06-17T19:33:41.839+09:00,"Kingさん、
お疲れ様です。
いつもありがとうございます。

休める時にゆっくり休んでください。返信不要です🙇‍♀️"
nc815ee4133b53,n9101ede99d42,8c587cd944bf2a68dff45ae032f74415,営業パパ,eigyopapa,https://assets.st-note.com/production/uploads/images/280175768/profile_e9b8115d4e8a61b9d3a6439776b73e24.png?fit=bounds&format=jpeg&quality=85&width=330,2026-06-17T19:08:58.706+09:00,"言葉より行動、本当にそうですね。

営業時代も結局、口の上手さより最後に動いてくれる人が信頼を勝ち取っていました。"
nc27e2894c94d7,n9101ede99d42,c2bf3fb737356ce4e0b1f47b310ccf53,音琴 ～go_chara～,lucid_hornet2442,https://assets.st-note.com/production/uploads/images/241037615/profile_011d60ebf0e17e1956abc71bc4156c2f.png?fit=bounds&format=jpeg&quality=85&width=330,2026-06-17T19:04:33.325+09:00,"Kingさん、こんばんは。

言葉の奥にある想いを、行動で感じ取る大切さ。
読んでいて、そっと背中を撫でられたような気持ちになりました。

いつも丁寧に向き合ってくれて、本当にありがとうございます。
今はどうか無理をせず、ゆっくり休んでくださいね。
返信は気にしなくて大丈夫です(*- -)(*_ _)ペコリ"
nc7ca61f90f841,n9101ede99d42,501075b33bc8fff4716e8e39cb47e74a,りんごあめ,aogunjyou_205,https://assets.st-note.com/production/uploads/images/244320088/profile_b53bcb9297c65530f6e56ea129a55d08.jpeg?fit=bounds&format=jpeg&quality=85&width=330,2026-06-17T19:02:13.580+09:00,"Kingさん　こんばんは🌙✨

マガジンへ掲載していただき、ありがとうございます💐✨
疲れていらっしゃるとのこと。
ご無理なさらないように🍀"
ncee5e24a97277,n9101ede99d42,a3bcc411a4c251239d492b2f079f5870,やも,yamo_note,https://assets.st-note.com/production/uploads/images/258648405/profile_ee869852783a5a9a11d34fd10d919f33.png?fit=bounds&format=jpeg&quality=85&width=330,2026-06-17T18:48:11.104+09:00,"キンさん、こんばんは😊

私は行動ともなわないから、無理して私にコメント返信しなくて大丈夫！😉

どうか、ご自愛くださいねー"
nc7072c1801976,n9101ede99d42,e937b529062a4dff3c5cf7b79cc04cf6,たーゼ,sakuya_rainbow44,https://assets.st-note.com/production/uploads/images/267491936/profile_b274aede9a61c347dfc7d9213ffbeed9.jpg?fit=bounds&format=jpeg&quality=85&width=330,2026-06-17T18:18:40.432+09:00,"いい事言う👏🌸✨
行動しなければ…🛌🧑👼💤✨

う、動け！体よ〜💦🐣💦✨✨"
nc12923b184c20,n9101ede99d42,358d4fe79054679dc15a777e5a849037,ぱぐぱぱん　絵本作家×牧場飼育員×保育士,pagupapan,https://assets.st-note.com/production/uploads/images/196800734/profile_5f005ef45e12eee572e6319b1b60cfc0.png?fit=bounds&format=jpeg&quality=85&width=330,2026-06-17T18:13:38.185+09:00,"kingさん
こんばんは

「言葉よりも、行動にこそ本心は宿る」

私も言葉だけではなくしっかりと行動していける人間でありたいです"
ncb2910a428d04,nfa8d47a22c3a,fe6a3dfbf579f7f9f0eadb36aa5260ab,しずく,lucky_ram4890,https://assets.st-note.com/production/uploads/images/270484515/profile_f2deb3775d1acb5fb6b143d8ce8fd4b7.png?fit=bounds&format=jpeg&quality=85&width=330,2026-06-17T21:43:27.604+09:00,"kingさん
こんばんは😊
再びマガジン追加していただき、ありがとうございます🙇‍♂️
本当に感謝です。
"
nc856c28f083c0,n9101ede99d42,13f03d3a1ec4a172a7084a791c8c4703,"あいさん💗Iカウンセリングルーム セラピスト／ 臨床心理士×公認心理師｜支援歴16年・2,000名超",joyful_zebra1701,https://assets.st-note.com/production/uploads/images/194103346/profile_5b2ee16c8d8db97758503974e4e6f9da.png?fit=bounds&format=jpeg&quality=85&width=330,2026-06-17T23:48:16.691+09:00,"Kingさん、こんばんは🌙

コングラボード獲得、おめでとうございます🎉✨

言葉だけではなく、日々の行動にこそ本心が表れるという視点、とても大切だなと思いました。
甘い言葉も厳しい言葉も、その奥にあるものは行動を見てこそ伝わってくるのですね。

お疲れモードとのことなので、どうぞご無理なさらず、ゆっくりしてくださいね🌿
そして、マガジンもご紹介くださり、本当にいつもありがとうございます😊"
ncac87ea5a6aa8,n9101ede99d42,209f3701abc5bae89b6dd62898c7916a,コンパス みき✨️好きのタネ🌱‬‪を育てる案内人,compass_m360,https://assets.st-note.com/production/uploads/images/253440713/profile_8b36220be6950ce90264f78d2b308c75.png?fit=bounds&format=jpeg&quality=85&width=330,2026-06-17T22:51:51.674+09:00,"Kingさん✨

コングラおめでとうございます🎊

それよりも、ゆっくり休んで下さい💤
まずは疲れを取る事ですよ〜😄
いつもありがとうございます。"
nc0dbd9b7d11a2,n9101ede99d42,7096c2d1f9f21973ee9d04ae4de4fabc,おにぎり＠構造翻訳家～正解より先に、まずは視界を取り戻す～,hotket_jp,https://assets.st-note.com/production/uploads/images/265265465/profile_7ac7501a97e36e7a2efe9f88515af612.png?fit=bounds&format=jpeg&quality=85&width=330,2026-06-17T22:38:25.801+09:00,"🍵ゆっくりして下さいね。
いつも本当にありがとうございます。
"
nc314427c00c4f,n9101ede99d42,cec4c608f21d7aa722cfc12802c896bf,MOON｜違和感の記録,dandy_sedum8677,https://assets.st-note.com/production/uploads/images/271470614/profile_112e71abeaceddb2ab033b49d5f56568.png?fit=bounds&format=jpeg&quality=85&width=330,2026-06-17T22:00:33.254+09:00,"Kingさん

言葉よりも、行動にこそ本心は宿る。

同感ですし、自分への戒めにもなりました。

お疲れ様です。

どうかゆっくり休んでください😊

返信不要です。

いつもありがとうございます🌙"
ncafefac9a1b06,n9101ede99d42,fe6a3dfbf579f7f9f0eadb36aa5260ab,しずく,lucky_ram4890,https://assets.st-note.com/production/uploads/images/270484515/profile_f2deb3775d1acb5fb6b143d8ce8fd4b7.png?fit=bounds&format=jpeg&quality=85&width=330,2026-06-17T21:47:48.557+09:00,"kingさん、
こんばんは🌇

私も同感です♪
言葉巧みな方は警戒してしまいます💦

行動🟰気持ち、だと感じます。

またスタエフ楽しみにしてます✨"
nc78d96909bef6,n9101ede99d42,1dd5cc6f11dc1d5e7c33c9ac01922824,keimama,keiko5066,https://assets.st-note.com/production/uploads/images/223953919/profile_de82aa306e133caf82b4ae253ad0173c.png?fit=bounds&format=jpeg&quality=85&width=330,2026-06-18T05:57:39.847+09:00,"Kingさん、おはようございます☀️

コングラおめでとうございます🎉✨
「言葉よりも、行動にこそ本心は宿る。」に深くうなずきました🍀
お疲れのようですので、ゆっくり休んでくださいね🥰"
ncd909af715587,n9101ede99d42,57bf29248e5c5e9f2c2251842c484033,「欲望の観察者」,namakee0112,https://assets.st-note.com/production/uploads/images/267834789/profile_1893de88acbf5c40c52827f18763ec0e.png?fit=bounds&format=jpeg&quality=85&width=330,2026-06-18T16:23:55.299+09:00,"kingさま
こんにちは。
人の言葉を、相手の意図通りに受け取るのって難しいですね。
メールボックスのように、読んだまま放置してずっと気になる存在だったり、時には即ゴミ箱に入れて忘れていたり🥵
忘れた頃に蘇ってくるのが、一番厄介かも笑"
nc65095dd745f1,n9101ede99d42,f2a55d2f97f079ab0df510a2c19397fa,ぷっぷる,rich_moose3756,https://assets.st-note.com/production/uploads/images/247930453/profile_056c49f5bf7f07cdcc784fbf2ff720c7.png?fit=bounds&format=jpeg&quality=85&width=330,2026-06-18T14:46:29.293+09:00,"Kingさま

こんにちは

お疲れ様です

素敵な文章
ありがとうございます✨

私もね、同じかも…
共感しかないです。
そしてKingさんは、
体現してますよ、行動で🍀

甘い言葉じゃなくて
本当の褒め言葉が
欲しくなったら、
いつでもどうぞ(笑)✨🙇
お待ちしております🍀

いつもお気遣い
ありがとうございます✨

今日は感想を置きに
参りました。
コメント返しはなさいません
ように🙇😊(♥️ポチの読んだよで十分です)

そして、コングラと
22.000スキ、おめでとう
ございます💐

これが「行動」と実力🍀✨
ご自愛くださいね😊

失礼しました🍀🙋


"
nc1a45725f7355,nfa8d47a22c3a,c1eeff8a1bbe329c82a1f18efa727566,チョロ看護師🐾,choro_kango,https://assets.st-note.com/production/uploads/images/266174185/profile_38e95def3bffad71ee98cddc4521eb34.jpg?fit=bounds&format=jpeg&quality=85&width=330,2026-06-18T19:57:28.714+09:00,"初めまして、チョロと申します🐱🐾
Kingさん、マガジンに追加して頂きありがとうございます☺️
今後ともよろしくお願い致します🐱🐾"
ncdbdc08106edb,nfa8d47a22c3a,0ee830c8590e2b12d74c243f30209743,🐰りりぃ｜働く女子の心の声,unique_wren1931,https://assets.st-note.com/production/uploads/images/278691815/profile_fcfdb6eabab8f25ba11d66a2fe9fe412.png?fit=bounds&format=jpeg&quality=85&width=330,2026-06-18T19:13:55.505+09:00,"Kingさん、こんにちは😊

このたびはマガジンに追加していただき、ありがとうございました🌸

とても励みになり、嬉しいです✨

プロフィール記事も読ませていただきました😊

ちょうどサイトマップを記載してくださっていたので、これから少しずつ記事を読ませていただこうと思います😌📚

今後の発信も楽しみにしています✨

どうぞよろしくお願いいたします🌸"
nc1df261038b35,n9101ede99d42,b60c6006e6818a147458dad11e6bc89f,瀬海歩（せかいあゆむ）,sekaiayumu25,https://assets.st-note.com/production/uploads/images/251395522/profile_6cb1552f68e13741419dd072f35f914e.jpg?fit=bounds&format=jpeg&quality=85&width=330,2026-06-18T19:25:55.685+09:00,"Kingさん
こんばんは🌕️
いつもありがとうございます✨️
家の親父も同じ事思っているようです。
巧言令色鮮し仁という言葉もありますし。
激しく同意します。
だから私は行動してきました！
100も150も。言うだけでは伝わらないからです。つい、熱くなって（笑）失礼しました。"
nc9642ab47426a,n9101ede99d42,0a190b2a1490ace96d668b7243df84fc,『本当の自分に出会う100の法則』まなび,miracle_tarot315,https://assets.st-note.com/production/uploads/images/249470009/profile_45cd99b5e01b52738ef63d2120073cf9.png?fit=bounds&format=jpeg&quality=85&width=330,2026-06-18T18:16:05.969+09:00,"Kingさん、おつかれ様です。
マガジンに追加して頂きありがとうございます✨🥰

まさに仰る通りですね。行動に宿る誠実さを大切にしていきたいです。
コングラ受賞おめでとうございます🎉

いつもKingさんの言葉から元気をいただいています。今はどうぞゆっくり休んでください。返信は無用ですよ😊"
nc06d50d185378,n9101ede99d42,ca17527cfe63f65cebf3883988786b79,donchan1962,donchan_13,https://assets.st-note.com/production/uploads/images/183217910/profile_a33ecb57f18c7bbea28e041c386d47a2.jpeg?fit=bounds&format=jpeg&quality=85&width=330,2026-06-18T21:30:20.766+09:00,"こんばんは🌆
いつもありがとうございます
記事、マガジンへの追加、感謝申し上げます"
ncd49fb8597b2e,nc04c15ef1cb4,84725422db8ddb286fb3a293c306aebf,開運シェルパ,hanamiti369,https://assets.st-note.com/production/uploads/images/255750674/profile_80ee0ac532bef7940f81afda8d8e8a77.png?fit=bounds&format=jpeg&quality=85&width=330,2026-06-18T22:27:07.000+09:00,"人生をゲームのように捉えて、物事を構造で見ているところが素敵です。それでいて、その見方をそのまま人に当てはめようとしないところも印象的です。

すべてが絶対ではなく場合によって変わる、と考えながらも、それでも変わらないものがあると思っている。懐疑的でありながら、何も信じないわけでもない。一見矛盾するこの二つを、両方そのまま抱えているところに、Kingさんらしい誠実さを感じました。きれいに割り切らなくてもいい、ということを知っている人なのだと思います。

教える立場にいながら、学ぶことの方が多いと感じているという説明にも氣づきがありました。人との関係を、上下ではなく、隣に並んで歩く関係として選んでいる温かい人なのだと思います。

いつものKingさんが復活ですね。これからも、楽しみにしています。"
nc6c34ef8c2b18,n9101ede99d42,aa396818ce9b68951cae09c5b738014e,Torori（とろり）🌱 毒親育ちへ「心穏やかな恋」を届ける人【フォロバ100】,torori_20260101,https://assets.st-note.com/production/uploads/images/242495675/profile_d6bfee66de6dbec64ca70c2649f987aa.png?fit=bounds&format=jpeg&quality=85&width=330,2026-06-19T10:18:39.450+09:00,"Kingさん

お疲れ様です。
まだ病み上がり？なので、あまり無理しないでくださいね＾＾

書いてあること、本当にそうだなぁ・・と思います。
恋愛でも、口よりも行動で判断しろなんて言いますもんね。

やっぱり動いてくれない人は信用できないです。
大変な時に駆けつけてくれる人ほど、大事にしたいですね🌱"
nc149f2a3e4a5a,n9101ede99d42,a308833b060a3c104f0115421d8d05fc,みやび,_oto_kotoba,https://assets.st-note.com/production/uploads/images/262367515/profile_d7914074ebb47e9f08eccbb0c11318bb.png?fit=bounds&format=jpeg&quality=85&width=330,2026-06-19T09:21:56.181+09:00,"コメント失礼します。
「言葉よりも、行動にこそ本心は宿る」という真っ直ぐな言葉が、静かに心に染み渡りました。

甘い言葉や厳しい言葉の裏側にあるものを、いざという時の「自分のために割いてくれた時間」で見極めるという視点には、深く共感するものがあります。

お疲れモードのなか、ハッと自分を振り返るような素敵な気付きを言葉にして届けてくださり、ありがとうございます。
今週末はどうぞ、ご自身をたくさん労わる優しい時間をお過ごしくださいね。
ありがとうございます。
（🎹MIYABI）"
nca0af017e3ed5,nb41e4b64d9ee,4a511d143f8970c0e284a6182afc6cfa,涼鈴suzu,suzu_story,https://assets.st-note.com/production/uploads/images/230968642/profile_eabb1e844000a408e63be52a33676754.png?fit=bounds&format=jpeg&quality=85&width=330,2026-06-19T10:23:12.006+09:00,"こんにちは。涼鈴と申します。
マガジンへの追加をありがとうごさいます。
お礼が遅くなりすみません。

こちらの記事で紹介の曲、全部すきです♪
YouTubeのプレイリストに入っている曲ばかりでうれしかったです。"
nccd6da58d4c2c,nfa8d47a22c3a,4cbadc9bd7b2c79ef8a1c84d735d5aee,Ｊ子,regal_yucca4972,https://assets.st-note.com/production/uploads/images/275777517/profile_e9aceb14cfad7b1e599d8d39f6ec0db6.png?fit=bounds&format=jpeg&quality=85&width=330,2026-06-19T14:37:26.428+09:00,"kingさん、マガジンに追加して頂き
ありがとうございました☆
嬉しい〜💕"
nc0a406ecb3cd6,n9101ede99d42,0ee830c8590e2b12d74c243f30209743,🐰りりぃ｜働く女子の心の声,unique_wren1931,https://assets.st-note.com/production/uploads/images/278691815/profile_fcfdb6eabab8f25ba11d66a2fe9fe412.png?fit=bounds&format=jpeg&quality=85&width=330,2026-06-19T13:18:25.910+09:00,"Kingさん、こんにちは😊

今回もマガジンに追加していただき、ありがとうございます🌸

とても励みになり、嬉しいです✨

「言葉よりも、行動にこそ本心は宿る。」この一文がとても印象に残りました😌✨

素敵な記事をありがとうございます✨

お疲れとのことですので、どうぞご無理なさらずお過ごしください🍀

これからも記事を楽しみにしています🌸"
nc4bec49672d39,nd3b15e59ffd1,bd582364aa0b44c3434da1c766e830cf,小島すがも,kojima_sugamo,https://assets.st-note.com/production/uploads/images/285324530/profile_9d0cb7a9b5d306860a0cab9a95f15b9d.jpg?fit=bounds&format=jpeg&quality=85&width=330,2026-06-19T13:48:00.347+09:00,マガジン追加ありがとうございます🥰嬉しいです。
nc33227033a7cb,n9101ede99d42,34987bbf50be44cfbc1419a1df6f8760,ツムジ,tsumuji264,https://assets.st-note.com/production/uploads/images/231588271/profile_d0f51b83720ce83ce2be707571e96762.png?fit=bounds&format=jpeg&quality=85&width=330,2026-06-19T19:41:37.764+09:00,"Kingさん
いつもありがとうございます！
お疲れモードとのこと、週末は無理せずゆっくり休んでくださいませ🍀"
nc9d959bd47255,n4c5e512dce6d,056a18ed82e925cfd3845f0f29dbc538,まっちー｜人生を旅するデザイナー,laptraveller,https://assets.st-note.com/production/uploads/images/279459527/profile_f549333afacf41d9f4d3624d61ce0061.png?fit=bounds&format=jpeg&quality=85&width=330,2026-06-19T21:33:41.008+09:00,"Kingゾンビー🧟😂❤️
笑いました🤭"
nc0c51c45a20f4,n8cac8598278c,a0631b9dde2d8c6616ce55a5efaefc18,sc_fun｜AI×note収益化サポート😺,sc_fun,https://assets.st-note.com/production/uploads/images/238585370/profile_d3940d29208e16d8c13feedce8989fdd.png?fit=bounds&format=jpeg&quality=85&width=330,2026-06-19T21:45:55.007+09:00,"Kingさん、note偏差値すごいですね🐱

最近はいろんなプロンプトで遊んでみよう的なものが流行っているので、これはやってみたいですね😀

でも有料プロンプトって書いてあったような…"
nc2df41d2b9075,n9101ede99d42,d9037f54bfc7617edf2591b1bcc610f3,『月灯りの綴り屋』🌕ﾌｫﾛﾊﾞ100,quirky_squid9988,https://assets.st-note.com/production/uploads/images/195342680/profile_b6e872945f0a395808553e7d3c8312a9.png?fit=bounds&format=jpeg&quality=85&width=330,2026-06-20T01:14:21.244+09:00,"Kingさん
こんばんは✨

マガジン追加ありがとうございます😊🙇‍♀️
記事を拝見して、とても共感しました✨

「言葉よりも、行動にこそ本心は宿る。」

本当にその通りだなと思いました。

優しい言葉や厳しい言葉も時には大切ですが、その人がどんな行動を積み重ねているかで見えてくるものがありますよね😊
Kingさんご自身が、いつも多くのクリエイターさんを応援され、たくさんの時間や労力をかけて行動で示してくださっていることにも改めて感謝しております🌸

お疲れとのことですので、どうかご無理なさらずゆっくり休まれてくださいね🍀

いつもありがとうございます😊✨"
ncb01e481a9422,n9101ede99d42,39a8447172b870676bb7b8ce5cebd141,持たざる者の再起録,ya1huwahuwa,https://assets.st-note.com/production/uploads/images/256022750/profile_9bbd6c1baaf11ecb978687248758b24e.png?fit=bounds&format=jpeg&quality=85&width=330,2026-06-19T23:57:09.704+09:00,"kingさん😄

マガジンに追加いつもありがとうございます😊

言葉より行動、ほんまそうやなと思いました。

いざという時に動いてくれる人の言葉って、重みが全然ちがいますよね。"
nc6dbaab33c808,nb41e4b64d9ee,f7689ab5f959a6faa3e815fdea904772,ココナツ🥥,coconatsu72200,https://assets.st-note.com/production/uploads/images/182236189/profile_e0866f9801b98d5dce267e4d9a6be75a.png?fit=bounds&format=jpeg&quality=85&width=330,2026-06-20T02:27:11.848+09:00,マガジン追加有り難うございます🤩！
nc1df82633dce9,n4c5e512dce6d,7fe65c1862f422bfb2a7a5d98fbb942c,まりな,marina_days,https://assets.st-note.com/production/uploads/images/279040740/profile_45f4c447cad46a77f488d9ec5c5da19d.png?fit=bounds&format=jpeg&quality=85&width=330,2026-06-20T15:50:59.178+09:00,"Kingさん、今回もマガジン追加ありがとうございます😊🌸
毎回見つけてくださって、本当にありがたいです！

Kingゾンビー🧟が現れたので、思わずスキ❤️を置いていきます🤣"
ncd6ebe4f120e0,nfa8d47a22c3a,78376ee2a13f87a68be09b41f4fcf1be,津田祐希（ゆきてぃ）,love_peace_2023,https://assets.st-note.com/poc-image/manual/preset_user_image/production/i1bbf72cee783.jpg,2026-06-20T17:54:41.871+09:00,"Kingさん
折り返しスキとフォローを頂き
ありがとうございます。
またマガジンにも入れて頂き
お礼申し上げます。"
nc082c1d1d1fc0,n9101ede99d42,ca17527cfe63f65cebf3883988786b79,donchan1962,donchan_13,https://assets.st-note.com/production/uploads/images/183217910/profile_a33ecb57f18c7bbea28e041c386d47a2.jpeg?fit=bounds&format=jpeg&quality=85&width=330,2026-06-20T18:59:51.279+09:00,"こんばんは🌆
いつもありがとうございます
記事、マガジンへの追加、更に、高評価ありがとうございます"
nc46b2186361f0,n9101ede99d42,04faace1a03f971d5303fc86c72d8d1e,畑田 あみ,ami_diet,https://assets.st-note.com/production/uploads/images/267512568/profile_149ebb185bb521a4f8131988d7e20082.jpg?fit=bounds&format=jpeg&quality=85&width=330,2026-06-20T18:20:50.811+09:00,Kingさん、言葉よりも、行動にこそ本心は宿る。この言葉、とても刺さりました。先程、私の記事をマガジン追加して頂き、本当に有難うございます😊
nc61627412c338,nfa8d47a22c3a,b425350fc6b3fda6e89dcb3b58699ad0,嶺菜/Kou lena smil🌈,junna1001dz,https://d2l930y2yx77uc.cloudfront.net/assets/default/default_profile_4-e3b57528da29acad20d5a2db33268c87f1d39015448757ddf346d60fb5861e49.png,2026-06-20T21:35:52.565+09:00,"はじめまして✨

マガジンに追加していただきまして
ありがとうございます。

ここ最近始めたところでして、
このような場に選んでいただけました事、感謝いたします。

Kingさんの記事、先程拝読いたしました。
現場のリアルが綴られていて、
非常に勉強になります！

今後とも、どうぞよろしくお願いいたします🌺🌈
"
nc93b9ba91e175,n9101ede99d42,cf2bd06bcfdc26e1b45f2df9dffba439,宇宙珍獣🦄🌬️ユル勇者あかね,lovely_rose3365,https://assets.st-note.com/production/uploads/images/252932628/profile_0238b9aa15ee8cfe6e21b7245aad40b1.png?fit=bounds&format=jpeg&quality=85&width=330,2026-06-20T20:04:42.635+09:00,"大切なことですね💖
わたしもそう思います✨"
ncb2656076d285,n9c627f34899b,b60c6006e6818a147458dad11e6bc89f,瀬海歩（せかいあゆむ）,sekaiayumu25,https://assets.st-note.com/production/uploads/images/251395522/profile_6cb1552f68e13741419dd072f35f914e.jpg?fit=bounds&format=jpeg&quality=85&width=330,2026-06-20T20:40:38.720+09:00,"Kingさん
こんばんは🌕️
項羽と劉邦の話を思い出しました。
項羽は敵を作り、劉邦は味方にしていった。無敵が最強ですよね♥"
ncc8b898ba5578,ndaf922bd7b48,dc157540cc91b85018fc2caf1ebe6e1d,空風マナミ　,sorakaze_works,https://assets.st-note.com/production/uploads/images/247072511/profile_f8c3cb6911c80de4c8b865ead1a349c6.png?fit=bounds&format=jpeg&quality=85&width=330,2026-06-20T20:04:56.127+09:00,"Kingさん、
買ったんかーい🤣"
ncde4494d5a169,nceeb64ae9167,d935afcef3d45372668600a97b8eea46,天野 雫 【120%】,proper_bonobo536,https://assets.st-note.com/production/uploads/images/252856370/profile_866f40df26780c146ef9459cf81a675c.png?fit=bounds&format=jpeg&quality=85&width=330,2026-06-21T06:12:07.747+09:00,"わぁ✨️一番スキ🩷
今日はラッキーなことが起きそうですね♪

たくさんのコングラボード
おめでとうございます♪

曲もいいですねぇ〜。"
ncd0e705de7292,nceeb64ae9167,d29c2432624c1087ec7f89cc2f079dbe,美咲サヤ,crisp_gecko6337,https://assets.st-note.com/production/uploads/images/285251414/profile_bae91b069531c89747d86f8afb8c6bff.jpeg?fit=bounds&format=jpeg&quality=85&width=330,2026-06-21T10:16:32.714+09:00,"Kingさん、おはようございます♪
とてもロックなカッコイイ曲と
心に染み入る歌詞の曲や、幅広いですねー👍

素敵です✨😆

Kingさん、お身体は大切に、
ご無理なくですよー😊"
ncf30c8f4b1b9b,nceeb64ae9167,dc157540cc91b85018fc2caf1ebe6e1d,空風マナミ　,sorakaze_works,https://assets.st-note.com/production/uploads/images/247072511/profile_f8c3cb6911c80de4c8b865ead1a349c6.png?fit=bounds&format=jpeg&quality=85&width=330,2026-06-21T09:45:06.701+09:00,"Kingさん、
おはようございます。
いつもありがとうございます。

ちゃんと休めているかな？と思っていたら、全ていい曲！
個人的にバイクは、情景が浮かんで楽しめました😄
闇堕ちがないか、ビビりながら全部聴きました🤭
コングラおめでとう御座います！素敵な本の紹介も、抜かりなく、お疲れ様です🙇‍♀️"
nc7bd841ef180a,nceeb64ae9167,4076cf862de2e9471aea1f99e52d79ee,みこパパ,apt_beetle7207,https://assets.st-note.com/production/uploads/images/278629460/profile_d330da3ed6fe2bef103074673998c448.jpeg?fit=bounds&format=jpeg&quality=85&width=330,2026-06-21T08:20:44.262+09:00,"Kingさん、コングラおめでとうございます😊
そして、いつも僕の記事をマガジンへ追加しくださり、本当にありがとうございます。
とても励みになっております。

曲聞かせていただきました。
英語詩もあり、おしゃれでかっこいいですね🎵"
nc7032cc03816e,nceeb64ae9167,ca17527cfe63f65cebf3883988786b79,donchan1962,donchan_13,https://assets.st-note.com/production/uploads/images/183217910/profile_a33ecb57f18c7bbea28e041c386d47a2.jpeg?fit=bounds&format=jpeg&quality=85&width=330,2026-06-21T08:13:44.901+09:00,"おはようございます。
いつもありがとうございます
記事、マガジンへの追加、感謝申し上げます。
また、記事の高評価ありがとうございます"
nc9770984ec82c,nceeb64ae9167,4d7884c1cad8153895dadb71ec1606cb,こーき｜心が少し軽くなる場所,i_am_151cm_boy,https://assets.st-note.com/production/uploads/images/236560109/profile_28f1fb163081001f12afa3f21b0dc40a.png?fit=bounds&format=jpeg&quality=85&width=330,2026-06-21T07:42:02.322+09:00,"Kingさん😊

コングラおめでとうございます😆✨🎉
これからも休み休み、変わらぬKingさんで☺️🙌"
nc47993f0d8baf,nceeb64ae9167,b95263c6657241c37c06be8613990710,埼玉の裏仕事人,kiitto1968,https://assets.st-note.com/production/uploads/images/285982490/profile_801c5210e09b335f944cd6cdd9950434.png?fit=bounds&format=jpeg&quality=85&width=330,2026-06-21T07:04:28.497+09:00,"うーん。いい曲ですな！やはりロックいいですな！なにやらKing殿のかっちょいい私服で歌っている姿が瞼に浮かんでまいりやした。
歌詞の内容も最高！積読本を積むシステムを見直そう！ロックですな〜
すんません…すべての歌詞が積読本にからんだものにしか見えなくなってしまいやした…
（うんあちきはまだ寝ぼけているのかしら…）"
nc9a0414eb13d9,nceeb64ae9167,1924f3622a98065425dd82f27ebc8718,きおくのかけら,lively_toucan534,https://assets.st-note.com/production/uploads/images/275185500/profile_ee9b4e90a4a95c31ecc31cc2eb8cc09d.png?fit=bounds&format=jpeg&quality=85&width=330,2026-06-21T07:03:34.673+09:00,懐疑　グッときました👍
nc045592a39d05,nceeb64ae9167,c2bf3fb737356ce4e0b1f47b310ccf53,音琴 ～go_chara～,lucid_hornet2442,https://assets.st-note.com/production/uploads/images/241037615/profile_011d60ebf0e17e1956abc71bc4156c2f.png?fit=bounds&format=jpeg&quality=85&width=330,2026-06-21T06:51:45.844+09:00,"Kingさん、おはようございます。

曲の流れや響きがとても好きです。
（相棒、懐疑が個人的にはいいです(*- -)(*_ _)ペコリ）

さすがですね＾＾"
nc2d091ffbc26f,nceeb64ae9167,e937b529062a4dff3c5cf7b79cc04cf6,たーゼ,sakuya_rainbow44,https://assets.st-note.com/production/uploads/images/267491936/profile_b274aede9a61c347dfc7d9213ffbeed9.jpg?fit=bounds&format=jpeg&quality=85&width=330,2026-06-21T06:45:00.819+09:00,"ロックで復活おめでとう🎊🎉✨
🧑👼🍭✨🙌🌈🎶✨✨"
nce98a07c40ad9,nceeb64ae9167,ca17527cfe63f65cebf3883988786b79,donchan1962,donchan_13,https://assets.st-note.com/production/uploads/images/183217910/profile_a33ecb57f18c7bbea28e041c386d47a2.jpeg?fit=bounds&format=jpeg&quality=85&width=330,2026-06-21T06:43:30.065+09:00,"戦略ロック、若いな〜
コングラおめでとう御座います㊗️"
nc811565037547,nceeb64ae9167,6177eba6fd351e2a90dd1013b904bcd6,幸せの架け橋カエル｜境界線ケア,lively_salvia775,https://assets.st-note.com/production/uploads/images/209698581/profile_ba002a3bb07b319e0311b6b0b05faf9d.png?fit=bounds&format=jpeg&quality=85&width=330,2026-06-21T16:41:07.638+09:00,"kingさん、こんにちわ🐸✨
いつもありがとうございます

体調を崩していてリアクション
おくれました。

マガジンにのせて頂いたりやスキをいただき
とても嬉しかったです💗
感謝します✨✨

音楽、ロックな感じがいいですね。
かっこよかったです✨

しばらく読み専になりそうなので
またお邪魔させていただきます🌷"
nc840ce146e71b,nceeb64ae9167,4a511d143f8970c0e284a6182afc6cfa,涼鈴suzu,suzu_story,https://assets.st-note.com/production/uploads/images/230968642/profile_eabb1e844000a408e63be52a33676754.png?fit=bounds&format=jpeg&quality=85&width=330,2026-06-21T14:55:53.695+09:00,懐疑のリズムが心地よいです♪
nc0760fd8050e7,nceeb64ae9167,d29c2432624c1087ec7f89cc2f079dbe,美咲サヤ,crisp_gecko6337,https://assets.st-note.com/production/uploads/images/285251414/profile_bae91b069531c89747d86f8afb8c6bff.jpeg?fit=bounds&format=jpeg&quality=85&width=330,2026-06-21T12:15:05.356+09:00,"Kingさん、再びこちらから失礼します。
マガジンに私の記事を載せていただきありがとうございます！

いつも応援してくださるお気持ちに感謝申し上げます！"
ncc78db0b52073,nceeb64ae9167,13f03d3a1ec4a172a7084a791c8c4703,"あいさん💗Iカウンセリングルーム セラピスト／ 臨床心理士×公認心理師｜支援歴16年・2,000名超",joyful_zebra1701,https://assets.st-note.com/production/uploads/images/194103346/profile_5b2ee16c8d8db97758503974e4e6f9da.png?fit=bounds&format=jpeg&quality=85&width=330,2026-06-21T12:07:32.325+09:00,"Kingさん、こんにちは✨

団長の歌、新章ですね😆

「冷静な頭脳と熱いハートは失ってないぜ」というところ、Kingさんらしさもありつつ、団長感もあって印象的でした🔥

仕組み、システム、戦略。
でも最後にはちゃんと熱いハートがあるところがいいですね😊

コングラもおめでとうございます🎉
どんどん広がっていますね🌸これからも応援しています😌🫶

そして、いつもありがとうございます💖"
ncb691a62482dd,nfa8d47a22c3a,bd582364aa0b44c3434da1c766e830cf,小島すがも,kojima_sugamo,https://assets.st-note.com/production/uploads/images/285324530/profile_9d0cb7a9b5d306860a0cab9a95f15b9d.jpg?fit=bounds&format=jpeg&quality=85&width=330,2026-06-21T19:07:44.383+09:00,マガジン追加ありがとうございます。すごく嬉しいです🥰
nc8af8d30519d2,nceeb64ae9167,84725422db8ddb286fb3a293c306aebf,開運シェルパ,hanamiti369,https://assets.st-note.com/production/uploads/images/286658065/profile_51fafbf2b5a86f4432c7f61db5cf2dc5.png?fit=bounds&format=jpeg&quality=85&width=330,2026-06-21T20:33:35.733+09:00,"Kingさん、こんばんは🌝
歌詞だけでなく、音や言葉のリズムからもKingさんらしさが伝わってくるのが新鮮でした。

戦略では、古い仕組みが限界を迎えて、新しいやり方を選んでいく、という出だしの部分に、惹かれました。数字に縛られすぎることも、数字を無視しすぎることも、どちらも一つの「病」として並べているところに、バランス感を感じます。
どちらかに偏らず、戦略として組み立て直していく姿勢が、曲全体の軸になっているように思いました。

懐疑では、足元の現実さえも本当にあるかどうかわからない、という疑いを正直に置きながら、それでも信じてみる、という選び方をしていますね。すべてを疑い切った先に残るのが自分だけだとしても、その自分が「信じる」という一手を選べる、というところに、氣づきがありました。疑うことと、進むことは、両立できるのだと思います。

バイクで走る場面や、誰かを真っ直く求める場面まで、いろいろな顔がそれぞれの曲に詰まっていて、聯き終わった後も余韻が残ります。

こうして違う表現に出会えるのも嫌しいです。これからも楽しみにしています。"
nc9108fe34670a,nceeb64ae9167,b60c6006e6818a147458dad11e6bc89f,瀬海歩（せかいあゆむ）,sekaiayumu25,https://assets.st-note.com/production/uploads/images/251395522/profile_6cb1552f68e13741419dd072f35f914e.jpg?fit=bounds&format=jpeg&quality=85&width=330,2026-06-21T20:00:19.672+09:00,"Kingさん
こんばんは🌕️
いつもありがとうございます✨️
バイク買ったんですか！！
うらやましいです！！
革ジャンにブラックコーヒー！！
いいですね☺👍️✨️
"
ncdc043f886da8,nceeb64ae9167,47ac127ec0bbe6902b9f372fd944ebf8,和田雄三｜AI×心理ブランディングデザイナー,glad_dill2129,https://assets.st-note.com/production/uploads/images/265848866/profile_b0e386a458b5c21f7f00921837c9ffad.png?fit=bounds&format=jpeg&quality=85&width=330,2026-06-21T19:25:41.835+09:00,"作曲してたんですね👍

いつもありがとうございます✨"
ncaf582deb6ba4,nceeb64ae9167,cec4c608f21d7aa722cfc12802c896bf,MOON｜違和感の記録,dandy_sedum8677,https://assets.st-note.com/production/uploads/images/271470614/profile_112e71abeaceddb2ab033b49d5f56568.png?fit=bounds&format=jpeg&quality=85&width=330,2026-06-21T19:12:54.286+09:00,"Kingさん😊

曲、全部良かったです🎵

そしてコーヒーを見つけた瞬間、
ちょっとラッキーな気分になりました☕✌️

いつもありがとうございます🌙"
nc85646d3016bc,nceeb64ae9167,ca17527cfe63f65cebf3883988786b79,donchan1962,donchan_13,https://assets.st-note.com/production/uploads/images/183217910/profile_a33ecb57f18c7bbea28e041c386d47a2.jpeg?fit=bounds&format=jpeg&quality=85&width=330,2026-06-21T21:38:32.870+09:00,"こんばんは🌆
いつもありがとうございます
記事、マガジンへの追加、感謝申し上げます"
nc90b128145841,nceeb64ae9167,904e9ed918828179390741c99f797844,こはる(ふわり、ももんが日記),momonga_0125,https://assets.st-note.com/production/uploads/images/246484153/profile_50e45d59aea0e50aa87e0779898c85ba.png?fit=bounds&format=jpeg&quality=85&width=330,2026-06-21T21:34:41.111+09:00,"Kingさん こんばんは🌙* :ﾟ

わぁ✨新曲待ってました☺️
どの曲もかっこいい！！！

個人的には「相棒」がお気に入りです🏍✨

いつもマガジン登録ありがとうございます🙇‍♀️"
ncfebf5b587ef4,nceeb64ae9167,78376ee2a13f87a68be09b41f4fcf1be,津田祐希（ゆきてぃ）,love_peace_2023,https://assets.st-note.com/poc-image/manual/preset_user_image/production/i1bbf72cee783.jpg,2026-06-21T20:41:54.040+09:00,"Kingさん
戦略ロックが本当にロックで
ございました！
そしてマガジンにも入れて頂き
ありがとうございます。"
ncbca8d6b677a6,nc29bea5f3ef9,78376ee2a13f87a68be09b41f4fcf1be,津田祐希（ゆきてぃ）,love_peace_2023,https://assets.st-note.com/poc-image/manual/preset_user_image/production/i1bbf72cee783.jpg,2026-06-21T21:13:06.635+09:00,"Kingさん
感謝、ありがとう、とても大切な
心の持ち方ですね。
感謝マガジンにも入れて頂き
ありがとうございました！"
nc7b8d690bfe93,nceeb64ae9167,209f3701abc5bae89b6dd62898c7916a,コンパス みき✨️好きのタネ🌱‬‪を育てる案内人,compass_m360,https://assets.st-note.com/production/uploads/images/253440713/profile_8b36220be6950ce90264f78d2b308c75.png?fit=bounds&format=jpeg&quality=85&width=330,2026-06-21T23:09:12.332+09:00,"Kingsさん、こんばんは🌟

新曲！！すごいラインナップ😄
今日は欲求が素敵💓だった〜

コングラおめでとうございます🎊
いつもありがとうございます❤️"
ncd7c4e31c3bec,nceeb64ae9167,ee17e08838a2d1017fe4b3f4eb73a4e3,境界をまたぐ心理士【振り子】,rosy_snail1735,https://assets.st-note.com/production/uploads/images/253068092/profile_684215ad7eba3d124844155dff223a1b.jpg?fit=bounds&format=jpeg&quality=85&width=330,2026-06-22T11:02:16.019+09:00,"素晴らしい創作意欲👏✨
ラッキーパワーみなぎってますね😆"
nc45edf8304387,n4c5e512dce6d,78376ee2a13f87a68be09b41f4fcf1be,津田祐希（ゆきてぃ）,love_peace_2023,https://assets.st-note.com/poc-image/manual/preset_user_image/production/i1bbf72cee783.jpg,2026-06-22T11:05:50.037+09:00,"Kingさん
感謝マガジンに入れて頂き
またスキもありがとうございます。
おかげさまで新しい方々から
多くのスキを頂いています！"
nc650959694da3,n741cc8db34d0,ca17527cfe63f65cebf3883988786b79,donchan1962,donchan_13,https://assets.st-note.com/production/uploads/images/183217910/profile_a33ecb57f18c7bbea28e041c386d47a2.jpeg?fit=bounds&format=jpeg&quality=85&width=330,2026-06-22T11:11:06.482+09:00,"検索でヒットした。
おめでとう御座います㊗️"
nc24b158c5e356,nfd8e22b29741,ca17527cfe63f65cebf3883988786b79,donchan1962,donchan_13,https://assets.st-note.com/production/uploads/images/183217910/profile_a33ecb57f18c7bbea28e041c386d47a2.jpeg?fit=bounds&format=jpeg&quality=85&width=330,2026-06-22T11:12:28.497+09:00,"？……0.000000000000000000001%
ラッキーですね。"
nc99ccc44123a2,nceeb64ae9167,0af9b366e7056bb35316462e699e0daa,じゅんのすけ,juicy_lynx3773,https://assets.st-note.com/production/uploads/images/264606998/profile_3edebb8ec7da186bb321afc081d561b0.png?fit=bounds&format=jpeg&quality=85&width=330,2026-06-22T17:56:39.524+09:00,"Kingさん✨
ぼくは2回目ということもあり、やっぱり【相棒（新しいバイク）ロック】ですかね〜♫
でも、どの曲も最高でーす！！！"
nc6f5a67602a6f,nceeb64ae9167,de553b8b88b322fcb03bff7a36adf715,あやめ雪見橋,ayame_yukimi,https://assets.st-note.com/production/uploads/images/106252811/profile_7c8a8de1ec7e2162f5b797bb91343982.jpg?fit=bounds&format=jpeg&quality=85&width=330,2026-06-22T14:45:59.753+09:00,"kingさん、はじめまして。
マガジンに追加していただきまして、ありがとうございます😊
戦略のサビがめっちゃ耳に付いてます😂
今後ともどうぞよろしくお願いします🫡
"
nc4e50308153b5,nceeb64ae9167,ca17527cfe63f65cebf3883988786b79,donchan1962,donchan_13,https://assets.st-note.com/production/uploads/images/183217910/profile_a33ecb57f18c7bbea28e041c386d47a2.jpeg?fit=bounds&format=jpeg&quality=85&width=330,2026-06-22T13:05:21.871+09:00,"こんにちは
いつもありがとうございます
記事、マガジンへの追加、感謝申し上げます"
nc295339a9fb92,nceeb64ae9167,617d6d2dcb4435635d6a948287898ed1,五條シンジ｜『Snowdrop Surfer』著者,kitanoshinji,https://assets.st-note.com/production/uploads/images/263243256/profile_d0e5a60e70723ba546f0bf5528b96c24.png?fit=bounds&format=jpeg&quality=85&width=330,2026-06-22T12:04:15.549+09:00,"kingさま
いつも素晴らしい記事をありがとうございます。

今回もマガジンに追加いただき、ありがとうございます。
いつも選んでいただき、本当に感謝申し上げます✨

今後ともどうぞよろしくお願いいたします。"
nca720991a5c80,nc29bea5f3ef9,713c3616cbaa3eb3711bf4f872c77df7,パタコ,auwa_44,https://assets.st-note.com/production/uploads/images/287083278/profile_6318ae2666d33efeda6208009c0cf0b7.png?fit=bounds&format=jpeg&quality=85&width=330,2026-06-22T16:34:09.862+09:00,"Kingさん、
はじめまして。

何度かマガジンへお迎えいただいていて、
とても感謝しています✨
ありがとうございます。

こちらにあるKingさんのお話し、
とても心に響きました。
優しいお人柄を感じ、
読んでいて体が緩んで☺️✨

ステキなシェアをありがとうございます。

ご縁とお気持ちに感謝して🌈✨"
nc7c85b9d24af1,n3252b39e47ed,ca17527cfe63f65cebf3883988786b79,donchan1962,donchan_13,https://assets.st-note.com/production/uploads/images/183217910/profile_a33ecb57f18c7bbea28e041c386d47a2.jpeg?fit=bounds&format=jpeg&quality=85&width=330,2026-06-22T18:05:13.251+09:00,"先ほどは、コメント制限がかかり、コメントすることができなかったですが、賭け事もするんだ。
小さな、ラッキー✌️🤣"
nca5be966c42a1,n5a06fe240b54,ca17527cfe63f65cebf3883988786b79,donchan1962,donchan_13,https://assets.st-note.com/production/uploads/images/183217910/profile_a33ecb57f18c7bbea28e041c386d47a2.jpeg?fit=bounds&format=jpeg&quality=85&width=330,2026-06-22T13:09:06.706+09:00,"ウケるな〜
笑うな〜🤣"
nce3b3b8c9d604,n0fe3fded2371,ca17527cfe63f65cebf3883988786b79,donchan1962,donchan_13,https://assets.st-note.com/production/uploads/images/183217910/profile_a33ecb57f18c7bbea28e041c386d47a2.jpeg?fit=bounds&format=jpeg&quality=85&width=330,2026-06-22T13:07:31.959+09:00,ラッキーが、集っていますね。🤣
nc85c206dbebb9,na6262d873092,ca17527cfe63f65cebf3883988786b79,donchan1962,donchan_13,https://assets.st-note.com/production/uploads/images/183217910/profile_a33ecb57f18c7bbea28e041c386d47a2.jpeg?fit=bounds&format=jpeg&quality=85&width=330,2026-06-22T12:43:54.772+09:00,"🤣、アイスホッケーのマスクをかぶり、
ナタを持った奴？"
nc76f1b9d26ef2,nba63aa437592,ca17527cfe63f65cebf3883988786b79,donchan1962,donchan_13,https://assets.st-note.com/production/uploads/images/183217910/profile_a33ecb57f18c7bbea28e041c386d47a2.jpeg?fit=bounds&format=jpeg&quality=85&width=330,2026-06-22T12:42:25.605+09:00,"🤣、スーパー量子コンピュータ
「99.999999999999999999999%無駄ですなんて。笑う〜
"
nc47a7b06a5bb1,nb9a4978a4726,ca17527cfe63f65cebf3883988786b79,donchan1962,donchan_13,https://assets.st-note.com/production/uploads/images/183217910/profile_a33ecb57f18c7bbea28e041c386d47a2.jpeg?fit=bounds&format=jpeg&quality=85&width=330,2026-06-22T12:40:53.193+09:00,"なんか面白いこと、言いますね。
二度あることは…三度目の正直ですなんて😂"
nc1a821fa5cd16,nfab39dda53e7,ca17527cfe63f65cebf3883988786b79,donchan1962,donchan_13,https://assets.st-note.com/production/uploads/images/183217910/profile_a33ecb57f18c7bbea28e041c386d47a2.jpeg?fit=bounds&format=jpeg&quality=85&width=330,2026-06-22T12:39:24.019+09:00,"小さなラッキーを見つけること？
もう、ラッキー✌️じゃあ👋ないの。🤣"
ncbf1f080b6e3a,nb78ce9786dbe,ca17527cfe63f65cebf3883988786b79,donchan1962,donchan_13,https://assets.st-note.com/production/uploads/images/183217910/profile_a33ecb57f18c7bbea28e041c386d47a2.jpeg?fit=bounds&format=jpeg&quality=85&width=330,2026-06-22T12:38:01.433+09:00,面白い🤣
ncf11f622ad3d9,ne4fe6760e482,ca17527cfe63f65cebf3883988786b79,donchan1962,donchan_13,https://assets.st-note.com/production/uploads/images/183217910/profile_a33ecb57f18c7bbea28e041c386d47a2.jpeg?fit=bounds&format=jpeg&quality=85&width=330,2026-06-22T12:37:13.851+09:00,ラッキーの集まりですね。
nc62623054e7db,nfa8d47a22c3a,f7484d28cee620b4cafa42ef2bc4ef9b,うたい屋,utaiya3891,https://assets.st-note.com/production/uploads/images/235377081/profile_e6cbe9ae802708dfa307a9a076e2c777.png?fit=bounds&format=jpeg&quality=85&width=330,2026-06-22T19:42:40.411+09:00,"Kingさん、こんばんは！

マガジンへの掲載、ありがとうございます！
励みになります。"
ncf07978daceee,nceeb64ae9167,ca17527cfe63f65cebf3883988786b79,donchan1962,donchan_13,https://assets.st-note.com/production/uploads/images/183217910/profile_a33ecb57f18c7bbea28e041c386d47a2.jpeg?fit=bounds&format=jpeg&quality=85&width=330,2026-06-22T19:20:58.943+09:00,"こんばんは🌇
いつもありがとうございます
記事、マガジンへの追加、感謝申し上げます"
nc478584962e58,n37e682fd1aa3,4119885b291596b1c974d9dbcf43c31b,ひーちゃん｜奇跡の編集室,luminous_story,https://assets.st-note.com/production/uploads/images/282506245/profile_61a7ce693fb4e5bd6d17446b980a32fc.png?fit=bounds&format=jpeg&quality=85&width=330,2026-06-22T20:57:16.985+09:00,"６０００すきおめでとうございます🎊🎊🎊

いつもマガジン記載ありがとうございます😊🌸"
nc9c0a530a6917,n83f6bf8f2527,bd582364aa0b44c3434da1c766e830cf,小島すがも,kojima_sugamo,https://assets.st-note.com/production/uploads/images/285324530/profile_9d0cb7a9b5d306860a0cab9a95f15b9d.jpg?fit=bounds&format=jpeg&quality=85&width=330,2026-06-22T23:37:14.608+09:00,"いつもありがとうございます。
note初心者ですが色々勉強させていただきます。"
ncfec153808afd,n9101ede99d42,cdeef05ecbf030968e90bd577feaa6ef,和田けいた | 「あの頃の青春をもう一度」　リスタートアカデミー教授　兼　全力研究コーチ,smile_jumper,https://assets.st-note.com/production/uploads/images/142670336/profile_f746a660c4435f3add490cfb97c7aaac.jpg?fit=bounds&format=jpeg&quality=85&width=330,2026-06-23T06:49:13.772+09:00,"Kingさん
本当に本音ほど見えないものはないですよね。
言葉では見えない部分も行動だと見えてくるのは本当にそう思います。
だからこそ、言葉と行動を一致させるのが重要かもしれないなと思えました。
素敵な記事をありがとうございます。"
nc7dddf889d784,nceeb64ae9167,aa396818ce9b68951cae09c5b738014e,Torori（とろり）🌱 毒親育ちへ「心穏やかな恋」を届ける人【フォロバ100】,torori_20260101,https://assets.st-note.com/production/uploads/images/242495675/profile_d6bfee66de6dbec64ca70c2649f987aa.png?fit=bounds&format=jpeg&quality=85&width=330,2026-06-23T13:37:43.013+09:00,"Kingさん

いつもの安定のKing ワールドでしたね(*^^*)

地味に地味に・・
最後の「欲求（駆け引き無用）EDM」は気になりました・・笑

いい出会いがあった感じですかね・・＼(^ｗ^)／

こういう感じの曲、いままで聞いたことなかったので、そわそわ😂

ダークサイドもスキだけど、
そうじゃないのもいいですね🌱"
nc418d23bc5788,nceeb64ae9167,0ee830c8590e2b12d74c243f30209743,🐰りりぃ｜働く女子の心の声,unique_wren1931,https://assets.st-note.com/production/uploads/images/278691815/profile_fcfdb6eabab8f25ba11d66a2fe9fe412.png?fit=bounds&format=jpeg&quality=85&width=330,2026-06-23T12:09:21.465+09:00,"Kingさん✨

いつもマガジンに追加してくださり、ありがとうございます🌸

そしてXでもいつもいいねをいただき、とても励みになっています☺️

Kingさんの作品、どれもカッコよくて、
前向きな気持ちになれました😊

これからも投稿を楽しみにしています☘️

いつも本当にありがとうございます✨"
nc9d9a5d41358d,nceeb64ae9167,a0631b9dde2d8c6616ce55a5efaefc18,sc_fun｜AI×note収益化サポート😺,sc_fun,https://assets.st-note.com/production/uploads/images/238585370/profile_d3940d29208e16d8c13feedce8989fdd.png?fit=bounds&format=jpeg&quality=85&width=330,2026-06-23T18:35:29.922+09:00,"Kingさん、他の皆さんが言っている通りKingワールド全開でしたね。
曲に乗せて伝える、普通のテキストで伝えるものとは何か違いを感じました🐱
ああ、なるほど、Sunoを使った表現方法というのをアリだなって思いました😸"
nc94389442ec8a,nceeb64ae9167,ca17527cfe63f65cebf3883988786b79,donchan1962,donchan_13,https://assets.st-note.com/production/uploads/images/183217910/profile_a33ecb57f18c7bbea28e041c386d47a2.jpeg?fit=bounds&format=jpeg&quality=85&width=330,2026-06-23T17:49:59.619+09:00,"こんばんは🌇
いつもありがとうございます
記事、マガジンへの追加、感謝申し上げます"
nc8bd7e8f40214,n8cac8598278c,78376ee2a13f87a68be09b41f4fcf1be,津田祐希（ゆきてぃ）,love_peace_2023,https://assets.st-note.com/poc-image/manual/preset_user_image/production/i1bbf72cee783.jpg,2026-06-23T19:13:03.339+09:00,"Kingさん
note偏差値、スゴイです。
感謝マガジンにも入れて頂き
ありがとうございます！"
ncda8c832fdcce,nceeb64ae9167,7096c2d1f9f21973ee9d04ae4de4fabc,おにぎり＠構造翻訳家～正解より先に、まずは視界を取り戻す～,hotket_jp,https://assets.st-note.com/production/uploads/images/265265465/profile_7ac7501a97e36e7a2efe9f88515af612.png?fit=bounds&format=jpeg&quality=85&width=330,2026-06-23T22:47:04.976+09:00,"にゃん？？通知、来てなかったんご😆バグ！？🐾
バババイクですか？？？お元気そうでなによりです。
いつもマガジンへご案内いただき、ありがとうございます🙇"
ncc6e9b54a0fbf,nceeb64ae9167,679fe4234ae28723f428b4e8b064616b,断罪と慈愛の歌詠み師 UTAKO,bold_slug9390,https://assets.st-note.com/production/uploads/images/287684923/profile_e0fe0aa4c07b7dc3d2ac43134f76b504.jpeg?fit=bounds&format=jpeg&quality=85&width=330,2026-06-24T02:44:21.528+09:00,"懐疑（不信の先に）ロック

曲も詩も良きです❤️

特に詩の発想が面白い🥹✨
"
ncddfe916ed578,n9101ede99d42,00b28835c47f7c199e096672bc051989,心配性ラッキーガール,shinpailuckygirl,https://assets.st-note.com/production/uploads/images/283381503/profile_2c30ea45c4f172e8baeda0eed398aab8.jpg?fit=bounds&format=jpeg&quality=85&width=330,2026-06-24T01:34:05.832+09:00,"はじめまして！！

言葉よりも、行動にこそ本心は宿る。

とても共感しました👩🏻💗"
nc13f563f816e4,nfa8d47a22c3a,3ef2cace305cb5033c6b1d23b860f75f,nao46222,nao46222,https://assets.st-note.com/production/uploads/images/238899995/profile_cd80de4bd2c2f207f8be2ca8cfed6ea8.png?fit=bounds&format=jpeg&quality=85&width=330,2026-06-24T10:41:56.197+09:00,"マガジンに加えていただき、
ありがとうございます😊

以前、同じ広島のお話をされていた
記憶があるので、もしかすると記事に出てくる広島の風景や地名に親しみを感じていただけたのかな、
と勝手に想像しています。

いずれにしても、
とても嬉しかったです。

ありがとうございます✨"
ncfd5e9f7598a8,n83f6bf8f2527,ea49ccb050923c8f32c4df30d3aafa4a,ママ薬剤師HONO（病院薬剤師）,hospital_ph_hono,https://assets.st-note.com/production/uploads/images/256318743/profile_1e379cc4f83e4be314947b50ad09533e.png?fit=bounds&format=jpeg&quality=85&width=330,2026-06-24T07:58:54.415+09:00,"Kingさん😊
メモメモ…ってなっちゃいました✨

勉強になりまーす😆！
マガジンに追加していただいたり、スキしてくれたり、HONOはいつもとっても喜んでます🤗💕

どこに書いていいかわからなかったので（笑）こちらに書かせていただきました😆"
nc736340eb7778,nfa8d47a22c3a,f7484d28cee620b4cafa42ef2bc4ef9b,うたい屋,utaiya3891,https://assets.st-note.com/production/uploads/images/235377081/profile_e6cbe9ae802708dfa307a9a076e2c777.png?fit=bounds&format=jpeg&quality=85&width=330,2026-06-24T15:19:13.852+09:00,"Kingさん、こんにちは！

またまたマガジンへの掲載、ありがとうございます！
評価していただけてる気がして、嬉しいです！
ありがとうございます！"
nc7eec2c123dc6,nceeb64ae9167,cf2bd06bcfdc26e1b45f2df9dffba439,宇宙珍獣🦄🌬️ユル勇者あかね,lovely_rose3365,https://assets.st-note.com/production/uploads/images/252932628/profile_0238b9aa15ee8cfe6e21b7245aad40b1.png?fit=bounds&format=jpeg&quality=85&width=330,2026-06-24T14:36:11.416+09:00,"kingさん💖💖💖
バイク乗るんですねーーー(*ﾟ∀ﾟ*)✨
黒い子誰ですかーー( ´ ▽ ` )？"
nca09380d39617,nceeb64ae9167,ca17527cfe63f65cebf3883988786b79,donchan1962,donchan_13,https://assets.st-note.com/production/uploads/images/183217910/profile_a33ecb57f18c7bbea28e041c386d47a2.jpeg?fit=bounds&format=jpeg&quality=85&width=330,2026-06-24T14:12:43.492+09:00,いつもありがとうございます、記事、マガジンへの追加、感謝申し上げます
ncceec66210327,n4c5e512dce6d,2af7fb2f2f856d69be2cdde7df630dde,かりの。,rrkkm_mkkrr,https://assets.st-note.com/production/uploads/images/240419296/profile_d6ef71c3c7caab73882eaecf02de3040.png?fit=bounds&format=jpeg&quality=85&width=330,2026-06-24T11:57:31.082+09:00,"King様

いつもマガジン追加していただきありがとうございます！"
nc1cf691b5ba13,n4a120a5df409,aa396818ce9b68951cae09c5b738014e,Torori（とろり）🌱 毒親育ちへ「心穏やかな恋」を届ける人【フォロバ100】,torori_20260101,https://assets.st-note.com/production/uploads/images/242495675/profile_d6bfee66de6dbec64ca70c2649f987aa.png?fit=bounds&format=jpeg&quality=85&width=330,2026-06-24T12:30:29.248+09:00,"これは確かに闇が深い・・笑

ペンネームの副題は
「救済（天は自らを助くる者を助けるらしい）メタル」から来ていたんですね＾＾

↑この曲は、テンポもよく個人的にめっちゃすきでした🌱

また音楽配信楽しみにしています✨️"
ncea0abb5cf648,nb41e4b64d9ee,de553b8b88b322fcb03bff7a36adf715,あやめ雪見橋,ayame_yukimi,https://assets.st-note.com/production/uploads/images/106252811/profile_7c8a8de1ec7e2162f5b797bb91343982.jpg?fit=bounds&format=jpeg&quality=85&width=330,2026-06-24T23:50:31.566+09:00,"Kingさん、こんにちは。
私の記事をマガジンに追加していただきまして、ありがとうございます😊
年齢高いですが、いつもは聴かないような曲を聴けて楽しいです。
また、お邪魔しますね〜🫡"
nc41a8610291c2,nceeb64ae9167,ca17527cfe63f65cebf3883988786b79,donchan1962,donchan_13,https://assets.st-note.com/production/uploads/images/183217910/profile_a33ecb57f18c7bbea28e041c386d47a2.jpeg?fit=bounds&format=jpeg&quality=85&width=330,2026-06-25T11:00:26.652+09:00,"おはようございます
いつもありがとうございます
記事、マガジンへの追加、感謝申し上げます"
nca375aadcddb2,nceeb64ae9167,fdfcb42dbb3ca6a92977feeb331299bf,ヤマコヤーマン,yamayamako3,https://assets.st-note.com/production/uploads/images/264908732/profile_22f5b0d83f87ee87628a50db08f251bb.png?fit=bounds&format=jpeg&quality=85&width=330,2026-06-25T10:07:13.746+09:00,"Kingさん

お疲れさまです！いつもマガジン追加していただきありがとうございます！

欲求（駆け引き無用）の詞がストレートで好きです。駆け引きとか、めんどくせぇ！っとなってしまうので刺さりました。"
nc8d40d3a581f6,n7b232e0c8d63,78376ee2a13f87a68be09b41f4fcf1be,津田祐希（ゆきてぃ）,love_peace_2023,https://assets.st-note.com/poc-image/manual/preset_user_image/production/i1bbf72cee783.jpg,2026-06-25T09:28:32.638+09:00,"Kingさん
コミュニケーション大切にしたいです。

マガジンにも入れて頂き
ありがとうございました！"
nc8e5c84a29c2c,nceeb64ae9167,ca17527cfe63f65cebf3883988786b79,donchan1962,donchan_13,https://assets.st-note.com/production/uploads/images/183217910/profile_a33ecb57f18c7bbea28e041c386d47a2.jpeg?fit=bounds&format=jpeg&quality=85&width=330,2026-06-25T14:59:34.722+09:00,"コメントは、しないはずだったのに😇
ありがとうございます。
マガジンへの追加、感謝申し上げます"
nc88ac27d2e413,nfa8d47a22c3a,1958f561bbf6129cb9f2040494224ce1,mangorind2,vivid_mangorind2,https://assets.st-note.com/production/uploads/images/221570775/profile_fc9ca2ed5cc5495344196df17b41d2b3.jpg?fit=bounds&format=jpeg&quality=85&width=330,2026-06-25T17:31:50.194+09:00,"Kingさん

マガジンに追加していただき、ありがとうございます！

まさか長年のフィールドワークの成果が、こうして素敵なマガジンに収蔵される日が来るとは思いませんでした（笑）。

研究対象の安定供給に感謝しつつ、これからも人間観察を続けてまいります🍶📚

ありがとうございました！"
ncac39e5a1c73a,n30b16d04fff7,cec4c608f21d7aa722cfc12802c896bf,MOON｜違和感の記録,dandy_sedum8677,https://assets.st-note.com/production/uploads/images/271470614/profile_112e71abeaceddb2ab033b49d5f56568.png?fit=bounds&format=jpeg&quality=85&width=330,2026-06-25T19:46:12.534+09:00,"kingさん😊

カッコいい曲ですよね。

むちゃくちゃカッコいい。

好きな曲です🎧✨
"
nc084a65528b23,n30b16d04fff7,1924f3622a98065425dd82f27ebc8718,きおくのかけら,lively_toucan534,https://assets.st-note.com/production/uploads/images/275185500/profile_ee9b4e90a4a95c31ecc31cc2eb8cc09d.png?fit=bounds&format=jpeg&quality=85&width=330,2026-06-25T18:56:43.488+09:00,"素敵なコラボですね💓

ニッキのにおいは　ちょっと無理

私もでーす😆"
nc7c54e524ee95,n30b16d04fff7,e937b529062a4dff3c5cf7b79cc04cf6,たーゼ,sakuya_rainbow44,https://assets.st-note.com/production/uploads/images/267491936/profile_b274aede9a61c347dfc7d9213ffbeed9.jpg?fit=bounds&format=jpeg&quality=85&width=330,2026-06-25T18:56:23.933+09:00,"キャー🧑💦
いいね〜🎧👼🎧🎶✨イェーイ🌹✨🎶

ありがと〜シャンシャン🕺💃🎶✨
🤗🌸✨✨"
nce55c4b01c14e,n30b16d04fff7,ca17527cfe63f65cebf3883988786b79,donchan1962,donchan_13,https://assets.st-note.com/production/uploads/images/183217910/profile_a33ecb57f18c7bbea28e041c386d47a2.jpeg?fit=bounds&format=jpeg&quality=85&width=330,2026-06-25T18:42:31.423+09:00,"ロック魂‼️
素敵なコラボだ〜"
nc4c8753e9827f,n30b16d04fff7,b60c6006e6818a147458dad11e6bc89f,瀬海歩（せかいあゆむ）,sekaiayumu25,https://assets.st-note.com/production/uploads/images/251395522/profile_6cb1552f68e13741419dd072f35f914e.jpg?fit=bounds&format=jpeg&quality=85&width=330,2026-06-25T18:12:28.830+09:00,"Kingさん
こんばんは🌕

この度は、コラボ並びに、私の電子書籍をお金を出して、
購入してくださった上に、私の企画に参加してくださり、
ユーモアを受け止めてくださり心から感謝しております。<(_ _)>

今後とも仲良くしてくださいませ。"
ncd3dc60dd15ae,n30b16d04fff7,d935afcef3d45372668600a97b8eea46,天野 雫 【120%】,proper_bonobo536,https://assets.st-note.com/production/uploads/images/252856370/profile_866f40df26780c146ef9459cf81a675c.png?fit=bounds&format=jpeg&quality=85&width=330,2026-06-25T18:08:34.013+09:00,"Kingさん

めっちゃいい曲ですね♪
氷河期世代🤣わかるかも💦"
nc0aa912f805e1,nc29bea5f3ef9,1ef4435612c1f36fd963bcdd8ace0d73,のあ｜自分に戻る思索note,joyful_salvia906,https://assets.st-note.com/production/uploads/images/244581020/profile_a075505b43aab98267d3b165ed95521a.png?fit=bounds&format=jpeg&quality=85&width=330,2026-06-25T19:49:14.131+09:00,"Kingさん
こんばんは。

「出来るかどうかは、やらなければわからない」
アイキャッチを見て、この言葉好きだな、と思いました。

何度でも、挑戦できる自分になりたい！
と感じました(^^)

素敵な記事ありがとうございます😊"
nc4c3835294b9d,nc04c15ef1cb4,b60c6006e6818a147458dad11e6bc89f,瀬海歩（せかいあゆむ）,sekaiayumu25,https://assets.st-note.com/production/uploads/images/251395522/profile_6cb1552f68e13741419dd072f35f914e.jpg?fit=bounds&format=jpeg&quality=85&width=330,2026-06-25T18:43:08.642+09:00,"Kingさん
自己紹介にも入れてくださりありがとうございます！
とても嬉しいです。"
nc25ca414e8d80,n30b16d04fff7,ee17e08838a2d1017fe4b3f4eb73a4e3,境界をまたぐ心理士【振り子】,rosy_snail1735,https://assets.st-note.com/production/uploads/images/253068092/profile_684215ad7eba3d124844155dff223a1b.jpg?fit=bounds&format=jpeg&quality=85&width=330,2026-06-25T22:50:05.054+09:00,"Kingさんの人柄とコラボ力が滲み出る記事ですね✨
素敵😊✨
"
nc65b22c5d1c0d,n30b16d04fff7,266d9698e161c9b4bc3cd84ab21d7c08,きみこのSoulルーム,kimimari2350,https://assets.st-note.com/production/uploads/images/208541487/profile_b8e04433295dbc046967147402b4f003.png?fit=bounds&format=jpeg&quality=85&width=330,2026-06-25T21:46:09.383+09:00,"Kingさん✨

とても楽しく読ませていただきました🥰

そして曲も聴かせていただきました♪

最初は楽しくて面白い曲だなぁと思っていたのですが、何度か聴くうちに、Kingさんの遊び心や優しさだけでなく、ご家族への想いや、人のために何かしたいという気持ちまで感じられて、とても素敵だなと思いました🌿

特に、

「悪ノリの奥で　ちゃんと願ってる
誰かの心が　少し動くこと」

という部分が印象でした💓

瀬海歩さんの観察力と表現力、本当にすごいですね✨

素敵なコラボをありがとうございました🌈"
nc30ba19af9c46,n30b16d04fff7,f31c80eff59bbcbd33a585215e4d233e,俊,nifty_daisy5185,https://assets.st-note.com/production/uploads/images/240830637/profile_6db5e5d63617f16965953d59b8e2933e.png?fit=bounds&format=jpeg&quality=85&width=330,2026-06-25T20:38:44.001+09:00,"スノの進化っぷりにびっくりしてしまいた！昔触った時は、いかにもマシーンな声だったのに……
うたってる内容は半ばギャグっぽいのにかっけーです"
ncfe270662055c,n30b16d04fff7,47ac127ec0bbe6902b9f372fd944ebf8,和田雄三｜AI×心理ブランディングデザイナー,glad_dill2129,https://assets.st-note.com/production/uploads/images/265848866/profile_b0e386a458b5c21f7f00921837c9ffad.png?fit=bounds&format=jpeg&quality=85&width=330,2026-06-25T20:33:07.473+09:00,"彼女が欲しいです🤣

カッコいい曲ですね✨

ラッキー✌️"
nc935300d13875,n30b16d04fff7,78376ee2a13f87a68be09b41f4fcf1be,津田祐希（ゆきてぃ）,love_peace_2023,https://assets.st-note.com/poc-image/manual/preset_user_image/production/i1bbf72cee783.jpg,2026-06-25T20:30:23.787+09:00,"Kingさん
「ありがとう」とても大切な感謝の
言葉ですね。

感謝マガジンにも入れて頂き
誠にありがとうございます！"
nc52634d70e990,n30b16d04fff7,c57b90e88def472f75594cb7e1456444,龍神,tatsuopapa,https://assets.st-note.com/production/uploads/images/195297097/profile_8bc9db642d186cf7b66339af17c27bd2.png?fit=bounds&format=jpeg&quality=85&width=330,2026-06-25T20:22:27.012+09:00,"Kingさん、瀬海歩さんとのコラボ、とても楽しく拝見しました。

曲の勢いと遊び心の中に、Kingさんらしい感謝の温度もあって素敵ですね。

さらに瀬海さんの漫画紹介へつながる流れも温かく、ご縁を大切にされる姿勢が伝わってきました🐉🍀"
nc2a6e25d653ee,nceeb64ae9167,ca17527cfe63f65cebf3883988786b79,donchan1962,donchan_13,https://assets.st-note.com/production/uploads/images/183217910/profile_a33ecb57f18c7bbea28e041c386d47a2.jpeg?fit=bounds&format=jpeg&quality=85&width=330,2026-06-25T20:09:10.346+09:00,"こんばんは🌇
いつもありがとうございます
記事、マガジンへの追加、感謝申し上げます"
nc4f5bb8ec1c27,nc04c15ef1cb4,00f7301e058e20fbe66903f50ec4b115,ゆるしまshow｜小説．体験談．HSP．AC,pyontee_pooh,https://assets.st-note.com/production/uploads/images/280419593/profile_6eb68dba01f69b81a5ffdc14a53c9030.png?fit=bounds&format=jpeg&quality=85&width=330,2026-06-25T21:28:14.291+09:00,"kingさん、こんばんは🌟

私の記事をたくさんマガジンに追加していただき、びっくりです😮🥹✨

もうすでに過去の文章かな……と静かになっていた記事に反応があり、すごい影響力なんだなと、改めて思います🙇

ありがとうございます😊✨

人のために何かをできるって、すごいです。"
ncb54e4b1f45c9,nfa8d47a22c3a,4192103d183ed121ae476f26f5beeacd,ｓｅｏｒｉ🧚‍♂,alert_flea4300,https://assets.st-note.com/production/uploads/images/251233872/profile_a236648303f13b0eeefec428f70a3f42.jpg?fit=bounds&format=jpeg&quality=85&width=330,2026-06-26T00:17:24.716+09:00,"Ｋｉｎｇさん🧚‍♂

追加記事　新しい記事🌱
マガジン載せて下さリ

いつも　感謝💕気持ちいっぱいです

沢山の方に　届けられて光栄✨です

ありがとう💜　ございました🙏

これからも　宜しくお願いします😊


"
nc0e2b4ba0bd7a,n30b16d04fff7,f0cb31ff7ca4d1f8b607a03e7890b133,山中サトシ│詩と小説の世界│元公務員クリエイター,fancy_nerine2305,https://assets.st-note.com/production/uploads/images/235720947/profile_6f42cba9cdaa52532b9423dda0e2f8f3.jpg?fit=bounds&format=jpeg&quality=85&width=330,2026-06-26T00:50:42.589+09:00,おお！😊
nc986417b591d1,n30b16d04fff7,209f3701abc5bae89b6dd62898c7916a,コンパス みき✨️好きのタネ🌱‬‪を育てる案内人,compass_m360,https://assets.st-note.com/production/uploads/images/253440713/profile_8b36220be6950ce90264f78d2b308c75.png?fit=bounds&format=jpeg&quality=85&width=330,2026-06-26T00:22:07.336+09:00,"Kingさん✨

とっても素敵な曲ですね〜❤️
しかもカッコいい！とっても人間性がでた歌詞ですよ〜😆
いつもありがとうございます❤️"
ncc2eab06b7e42,nfa8d47a22c3a,bd582364aa0b44c3434da1c766e830cf,小島すがも,kojima_sugamo,https://assets.st-note.com/production/uploads/images/285324530/profile_9d0cb7a9b5d306860a0cab9a95f15b9d.jpg?fit=bounds&format=jpeg&quality=85&width=330,2026-06-26T13:31:46.419+09:00,"Kingさん
いつもマガジンに追加して下さってありがとうございます。
嬉しいです🥰
毎日連載がんばりまーす"
nc2db1e1236bcb,n30b16d04fff7,4d7884c1cad8153895dadb71ec1606cb,こーき｜心が少し軽くなる場所,i_am_151cm_boy,https://assets.st-note.com/production/uploads/images/236560109/profile_28f1fb163081001f12afa3f21b0dc40a.png?fit=bounds&format=jpeg&quality=85&width=330,2026-06-26T18:14:17.056+09:00,"Kingさん😆✨
めちゃくちゃかっこいいですね！！！😆❤️‍🔥✨
シンプルにかっこいいです😎🎤✨
では！！😎🙌"
nce5ab6bccbde2,n30b16d04fff7,ea49ccb050923c8f32c4df30d3aafa4a,ママ薬剤師HONO（病院薬剤師）,hospital_ph_hono,https://assets.st-note.com/production/uploads/images/256318743/profile_1e379cc4f83e4be314947b50ad09533e.png?fit=bounds&format=jpeg&quality=85&width=330,2026-06-26T14:44:23.613+09:00,"Kingさん✨

いつもマガジン追加していただいたり、スキしていただきありがとうございます😊

この曲、とってもかっこよくて昨日だけで4回聴いてしまいました🤭

しばらく私の通勤曲になります✨
Kingさんが、瀬海さんにひざまくらされてる画が浮かんできて笑っちゃいました🤣"
nc77de8381c95a,n30b16d04fff7,0a190b2a1490ace96d668b7243df84fc,『本当の自分に出会う100の法則』まなび,miracle_tarot315,https://assets.st-note.com/production/uploads/images/249470009/profile_45cd99b5e01b52738ef63d2120073cf9.png?fit=bounds&format=jpeg&quality=85&width=330,2026-06-26T12:44:54.205+09:00,"Kingさん、コラボ記事、楽しく読ませていただきました😊

瀬海さんとの息の合ったやり取りと、Kingさんらしさが詰まった曲がとても素敵でした🎵

そして、コングラおめでとうございます！🎉
これからも投稿を楽しみにしています😊"
ncf93397462be6,n30b16d04fff7,f1fa566e0454f67250e5b68988fd02a4,やさい,yasaistory,https://assets.st-note.com/production/uploads/images/254968683/profile_d779b13204b382b0c16d6c2b48fea44a.jpg?fit=bounds&format=jpeg&quality=85&width=330,2026-06-26T12:17:55.335+09:00,"Kingさん、コラボ記事の更新お疲れさまです✨
マガジンの紹介いつもありがとうございます🙇

瀬海さんの漫画を紙で買って読まれているKingさんの律儀な恩返し（行動）が素敵すぎます🌸
『ジョブホッパー』を通じた氷河期世代の分析や、「人からありがとうと言われる仕事の時の安定感」という考察、すごく共感しました。悪ノリの奥にあるKingさんの誠実さと「ありがとうを言っていきたい」という姿勢に、こちらの心も少し動かされました。

今後ともよろしくお願いいたします✨✨✨"
nc2eb10e06af20,n30b16d04fff7,0af9b366e7056bb35316462e699e0daa,じゅんのすけ,juicy_lynx3773,https://assets.st-note.com/production/uploads/images/264606998/profile_3edebb8ec7da186bb321afc081d561b0.png?fit=bounds&format=jpeg&quality=85&width=330,2026-06-26T12:17:25.403+09:00,"Kingさん
今回の曲もカッコいいですね👍

Kingさん、いつも
ありがとう！
ありがとう！
ありがとう！"
nc21329cfe5149,n30b16d04fff7,aa396818ce9b68951cae09c5b738014e,Torori（とろり）🌱 毒親育ちへ「心穏やかな恋」を届ける人【フォロバ100】,torori_20260101,https://assets.st-note.com/production/uploads/images/242495675/profile_d6bfee66de6dbec64ca70c2649f987aa.png?fit=bounds&format=jpeg&quality=85&width=330,2026-06-26T11:32:07.441+09:00,"Kingさん

この曲めちゃくちゃかっこいいですね(*^^*)
2回聞きましたよ！

それにしても、忙しいはずなのに、いつも音楽作ってる笑

途中はダチョウ倶楽部が少し思い浮かびました。

そして最後の一言「……彼女が欲しいです」で完全に締まりましたね😂

今日も朝から笑いました✨️

いつもありがとうございます＼(^ｗ^)／"
nc50603a10aa78,n30b16d04fff7,ceb9f20beef56f72c10ed1c4bc125c74,ゆらり🌸🫧　🫶✨,huge_coot6820,https://assets.st-note.com/production/uploads/images/239767432/profile_47e4f415224790b9faa65da8165fa21d.jpeg?fit=bounds&format=jpeg&quality=85&width=330,2026-06-26T10:27:35.446+09:00,"ご紹介ありがとうございます😊

スキになるなよ！絶対だぞ
曲🎧
めっちゃ良かったよぉ〜❣️
凄い✨"
nca6086aec3764,n30b16d04fff7,2df543d041f077aba9575a76b09fe7a1,イロドリの詩,irodori_rihans,https://assets.st-note.com/production/uploads/images/212221755/profile_49d82f7110d37cac9f24dc856c9b9ef4.png?fit=bounds&format=jpeg&quality=85&width=330,2026-06-26T08:04:13.367+09:00,"Kingさん、素敵な曲でした〜✨️

私のなかのKingさんはサイトマップの可愛いライオンさんで固定してしまっているので、曲聞いた時に、ライオンさんのイメージはぽ〜ん！！とどこかに飛んでいってしまいました🤣🤣

それくらいかっこよかったです💕

ゴツゴツした男の膝枕に爆笑しました🤣🤣最悪でサイコーです！"
nc9474d43e7118,n30b16d04fff7,cdeef05ecbf030968e90bd577feaa6ef,和田けいた | 「あの頃の青春をもう一度」　リスタートアカデミー教授　兼　全力研究コーチ,smile_jumper,https://assets.st-note.com/production/uploads/images/142670336/profile_f746a660c4435f3add490cfb97c7aaac.jpg?fit=bounds&format=jpeg&quality=85&width=330,2026-06-26T06:51:33.597+09:00,"Kingさん
飾らない素敵な歌ですね！
いざという時　手を伸ばせるか
ここがすごーく刺さりました！！
私も手を伸ばせる人間になります！"
nc9fe9bad83832,nceeb64ae9167,617d6d2dcb4435635d6a948287898ed1,五條シンジ｜『Snowdrop Surfer』著者,kitanoshinji,https://assets.st-note.com/production/uploads/images/263243256/profile_d0e5a60e70723ba546f0bf5528b96c24.png?fit=bounds&format=jpeg&quality=85&width=330,2026-06-26T12:38:19.454+09:00,"Kingさん、こんにちは
いつも素敵な投稿をありがとうございます✨

今回もマガジンに追加いただき、ありがとうございます。
毎話選んでいただき、本当に感謝申し上げます。

今後ともどうぞよろしくお願いいたします。"
nc8841c58e9a5e,n9101ede99d42,b369cd3f7b69ecf2cea908512f753283,さくらこ｜ゆらぎ肌に寄り添うノ ート ,hana_chan87,https://assets.st-note.com/production/uploads/images/269508609/profile_6a4f8c1d8cdc854b89ca9a862cd58137.png?fit=bounds&format=jpeg&quality=85&width=330,2026-06-26T22:24:56.843+09:00,"kingさん🌿
こんばんは♪♪♪はじめまして
さくらこです
こはるさんのところから来ました😊

言葉の向こう側を見るには、その人の行動を見つめることが大切なんだと、改めて感じました🌿

読みながら、自分も「どんな言葉を伝えるか」だけでなく、「どう行動するか」を大切にしたいと思いました。

素敵なエッセイをありがとうございました💛

今後とも宜しくお願いします🌸"
nc22c34dae126c,n9101ede99d42,ca17527cfe63f65cebf3883988786b79,donchan1962,donchan_13,https://assets.st-note.com/production/uploads/images/183217910/profile_a33ecb57f18c7bbea28e041c386d47a2.jpeg?fit=bounds&format=jpeg&quality=85&width=330,2026-06-26T18:03:34.886+09:00,"こんばんは🌇
いつもありがとうございます
記事、マガジンへの追加、感謝申し上げます"
nc5b16b90d25cd,n9101ede99d42,b36ba84fce7ff628e71bab35e208107b,＋αサチ,zawazawa_50s,https://assets.st-note.com/production/uploads/images/226114874/profile_c0f8cf08d4427ce39130de95e261e536.png?fit=bounds&format=jpeg&quality=85&width=330,2026-06-26T17:30:24.429+09:00,"困った時に手を
伸ばしてくれるか。

👉これですよね。
普段厳しくされても
愛を感じられるか…

お疲れのときは
ゆっくりされてくださいね。"
nc62b48c58bb9a,nb41e4b64d9ee,78376ee2a13f87a68be09b41f4fcf1be,津田祐希（ゆきてぃ）,love_peace_2023,https://assets.st-note.com/poc-image/manual/preset_user_image/production/i1bbf72cee783.jpg,2026-06-26T12:18:22.717+09:00,"Kingさん
Nirvanaしか聞いた事がなかったです。
いかに世の中知らないことばかりか
ということですね。

マガジンにも入れて頂き
ありがとうございます！"
nce10d29249045,ndf2f4ec1381e,aa396818ce9b68951cae09c5b738014e,Torori（とろり）🌱 毒親育ちへ「心穏やかな恋」を届ける人【フォロバ100】,torori_20260101,https://assets.st-note.com/production/uploads/images/242495675/profile_d6bfee66de6dbec64ca70c2649f987aa.png?fit=bounds&format=jpeg&quality=85&width=330,2026-06-26T12:21:35.288+09:00,"Kingさん

こんにちは🌱

IQが160！？？？？？
そんな人が本当にこの世にいるんだ（なんか、金田一少年の事件簿を思い出します）

しかし、頭が良すぎるというのもやっかいですね・・💦
Kingさんの繊細な文章と音楽のルーツがわかってびっくりです。

子供の頃から真面目に・・だったら、いまの個性は出なかったような気もします🌱

これからどう変化していくのか、また楽しみですね＾＾"
nc1b712ff55d78,n341e071cc412,2df543d041f077aba9575a76b09fe7a1,イロドリの詩,irodori_rihans,https://assets.st-note.com/production/uploads/images/212221755/profile_49d82f7110d37cac9f24dc856c9b9ef4.png?fit=bounds&format=jpeg&quality=85&width=330,2026-06-26T20:22:37.208+09:00,"チップで買うのがうまい棒……🤣🤣

その発想が好きです🩷"
nc5f11cb29bfb0,n4ed9474db340,2df543d041f077aba9575a76b09fe7a1,イロドリの詩,irodori_rihans,https://assets.st-note.com/production/uploads/images/212221755/profile_49d82f7110d37cac9f24dc856c9b9ef4.png?fit=bounds&format=jpeg&quality=85&width=330,2026-06-26T20:21:11.482+09:00,"ですからwww
押すなと言われると人は押したくなるものです🤣🤣
何回でも🤣🤣"
nc309f19cf6b34,n2067864fd814,2df543d041f077aba9575a76b09fe7a1,イロドリの詩,irodori_rihans,https://assets.st-note.com/production/uploads/images/212221755/profile_49d82f7110d37cac9f24dc856c9b9ef4.png?fit=bounds&format=jpeg&quality=85&width=330,2026-06-26T20:17:40.348+09:00,"押すなと言われたら、人は押したくなるものです🙂‍↕️🙂‍↕️

押しましたwww💕"
nc65f25b455503,nfa8d47a22c3a,b425350fc6b3fda6e89dcb3b58699ad0,嶺菜/Kou lena smil🌈,junna1001dz,https://d2l930y2yx77uc.cloudfront.net/assets/default/default_profile_4-e3b57528da29acad20d5a2db33268c87f1d39015448757ddf346d60fb5861e49.png,2026-06-27T08:19:16.294+09:00,"Kingさん！！！
マガジンに追加していただきまして、ありがとうございます✨

己を奮い立たせるパワーに、お力添えいただける感覚がかなりありますので、
前へ前へ進んでいこう！
と、より気が引き締まります🔥

"
nc02a857f2e2f4,n30b16d04fff7,0ee830c8590e2b12d74c243f30209743,🐰りりぃ｜働く女子の心の声,unique_wren1931,https://assets.st-note.com/production/uploads/images/278691815/profile_fcfdb6eabab8f25ba11d66a2fe9fe412.png?fit=bounds&format=jpeg&quality=85&width=330,2026-06-27T12:55:24.738+09:00,"Kingさん😊
今回もマガジンに追加してくださり、ありがとうございます✨

曲も聴かせていただきましたが、めちゃくちゃカッコよかったです！🎧✨

「スキになるなよ！」と何度も言われると、逆にスキになりそうだなぁと思ってしまって…人って「ダメ」と言われると反発したくなるものなんだなと感じました😂

「教える仕事で 教えられてる」からの曲調も好きです✨

最後にもう一度「スキになるなよ！」と追い打ちをかけられて、もう大変でした😆

何度もリピートしたくなる素敵な作品でした🎶 引き続きリピートさせていただきます😊✨"
nc522034ca7c4c,n30b16d04fff7,84725422db8ddb286fb3a293c306aebf,開運シェルパ,hanamiti369,https://assets.st-note.com/production/uploads/images/286658065/profile_51fafbf2b5a86f4432c7f61db5cf2dc5.png?fit=bounds&format=jpeg&quality=85&width=330,2026-06-27T12:51:42.051+09:00,"「スキになるなよ」と言いながら、曲の後半では「誰かの心が少し動くこと」を本氣で願っているKingさん。
この仕掛け、読んでいてとても面白いと感じました。「押すなよ」と言われると、なぜか押したくなる。「スキになるなよ」と言われると、なぜか氣になってしまう。
逆説は、正面からの言葉より遠くまで届くことがあります。
「押すなよ」と言いながら、実は全力で場を温めている。

Kingさんが「感謝されると、さらにその人に何かしたくなる」と書かれていたこと、その言葉がそのままこの記事になっていると感じました。
曲をもらったから漫画を紹介する。そのやりとりが、記事を読んでいる側にも何か渡ってくる。
瀬海さんとのコラボが二回重なったことも、そういう循環の中から生まれているのだと感じました。読んでいてKingさんの温かいお人柄が伝わってきました。"
nc10e184b9c2a7,n30b16d04fff7,de553b8b88b322fcb03bff7a36adf715,あやめ雪見橋,ayame_yukimi,https://assets.st-note.com/production/uploads/images/106252811/profile_7c8a8de1ec7e2162f5b797bb91343982.jpg?fit=bounds&format=jpeg&quality=85&width=330,2026-06-27T09:15:51.108+09:00,"Kingさん、こんにちは。
マガジンに追加していただきまして、ありがとうございます😊

私、Kingさん、スキかも〜😆😆😆"
nc2e29bb942050,n9101ede99d42,7bb11bfec7aa13e8816324ba733829f9,月凪（つきなぎ）,like_ferret2194,https://assets.st-note.com/production/uploads/images/274044810/profile_94b40ef52fd48a8e14b98a9c74ff0f7c.jpeg?fit=bounds&format=jpeg&quality=85&width=330,2026-06-27T12:11:01.925+09:00,"いつもお世話になっております🙇
度々私の記事をマガジンに追加していただきましてありがとうございます☺️今後とも宜しくお願いいたします🍀"
nc01b7be5783d2,n398f6a830c32,ca17527cfe63f65cebf3883988786b79,donchan1962,donchan_13,https://assets.st-note.com/production/uploads/images/183217910/profile_a33ecb57f18c7bbea28e041c386d47a2.jpeg?fit=bounds&format=jpeg&quality=85&width=330,2026-06-27T16:41:59.812+09:00,"これぞ！放置プレイ？
笑う〜、本当に笑うな〜
"
nce23f3c5582ab,n398f6a830c32,b60c6006e6818a147458dad11e6bc89f,瀬海歩（せかいあゆむ）,sekaiayumu25,https://assets.st-note.com/production/uploads/images/251395522/profile_6cb1552f68e13741419dd072f35f914e.jpg?fit=bounds&format=jpeg&quality=85&width=330,2026-06-27T16:38:37.644+09:00,"失礼します。ポチッ！
まだ動揺します（笑）"
nc62c17031e4ac,n398f6a830c32,47ac127ec0bbe6902b9f372fd944ebf8,和田雄三｜AI×心理ブランディングデザイナー,glad_dill2129,https://assets.st-note.com/production/uploads/images/265848866/profile_b0e386a458b5c21f7f00921837c9ffad.png?fit=bounds&format=jpeg&quality=85&width=330,2026-06-27T16:32:46.910+09:00,好きですね🤣
nc4632760fb009,n398f6a830c32,dc157540cc91b85018fc2caf1ebe6e1d,空風マナミ　,sorakaze_works,https://assets.st-note.com/production/uploads/images/247072511/profile_f8c3cb6911c80de4c8b865ead1a349c6.png?fit=bounds&format=jpeg&quality=85&width=330,2026-06-27T16:29:55.092+09:00,"Kingさん🤣
押しちゃいます🤣

久々の押すなよ。に、押して楽しんでいます。ありがとうございます♪"
nc872c18d5c0e1,n398f6a830c32,b36ba84fce7ff628e71bab35e208107b,＋αサチ,zawazawa_50s,https://assets.st-note.com/production/uploads/images/226114874/profile_c0f8cf08d4427ce39130de95e261e536.png?fit=bounds&format=jpeg&quality=85&width=330,2026-06-27T16:08:36.903+09:00,面白い設定ですね🤣🤣
ncb724d03b8932,n398f6a830c32,d935afcef3d45372668600a97b8eea46,天野 雫 【120%】,proper_bonobo536,https://assets.st-note.com/production/uploads/images/252856370/profile_866f40df26780c146ef9459cf81a675c.png?fit=bounds&format=jpeg&quality=85&width=330,2026-06-27T16:03:24.123+09:00,🤣🤣🤣
nc1bcca4d0fccc,na67b129ad9ab,6f37b29c0fe556352eedbf3d7cef8fed,Lumen C.,ai_duck201,https://assets.st-note.com/production/uploads/images/233701242/profile_34285f3b90b5f3bfc48742275f8d4a94.png?fit=bounds&format=jpeg&quality=85&width=330,2026-06-27T16:36:03.358+09:00,"こんにちは！

「押すなよ」と言われたのに押しちゃう皆さんを見て、
思わずくすくす笑ってしまいました♫

押すなと言われると、やっぱり押したくなりますよね 笑

いつもマガジン登録ありがとうございます😊
"
nc055911e4970f,na67b129ad9ab,ca17527cfe63f65cebf3883988786b79,donchan1962,donchan_13,https://assets.st-note.com/production/uploads/images/183217910/profile_a33ecb57f18c7bbea28e041c386d47a2.jpeg?fit=bounds&format=jpeg&quality=85&width=330,2026-06-27T16:20:26.266+09:00,"こんにちは
いつもありがとうございます
記事の追加、感謝申し上げます"
nceed4adbc93b6,na67b129ad9ab,47ac127ec0bbe6902b9f372fd944ebf8,和田雄三｜AI×心理ブランディングデザイナー,glad_dill2129,https://assets.st-note.com/production/uploads/images/265848866/profile_b0e386a458b5c21f7f00921837c9ffad.png?fit=bounds&format=jpeg&quality=85&width=330,2026-06-27T16:04:07.523+09:00,"晒されました🤣
ありがとうございます👍"
nc0e234bd1e1c8,na67b129ad9ab,d935afcef3d45372668600a97b8eea46,天野 雫 【120%】,proper_bonobo536,https://assets.st-note.com/production/uploads/images/252856370/profile_866f40df26780c146ef9459cf81a675c.png?fit=bounds&format=jpeg&quality=85&width=330,2026-06-27T16:01:49.361+09:00,"わぁ✨️やった〜☀
1番スキ🩷
"
nc8ba67518802f,nc29bea5f3ef9,290f76d99eb40b676ce764b1c2a200e3,Takanashi（たかなし）,takanashi_note01,https://assets.st-note.com/production/uploads/images/285979760/profile_93df0f9e814c2db6eb30332fe307f173.png?fit=bounds&format=jpeg&quality=85&width=330,2026-06-27T14:25:06.259+09:00,"練習は不可能を可能にする。
そして、その結果本番で通じるかどうかは、やらなければ分からない。
もし通じなかったとしても、反省点をきちんと見つけてできなかった部分の練習に戻る。
そのサイクルが、結果的に勝利を呼び込むために必要なことなのでしょうね。

出来るかどうかは、やらなければわからない。
だったら、積極的に挑戦するしかない。
一度きりの人生なのですから、しり込みしていたらもったいないと感じました。
……もちろん、ハイリスクハイリターンなものに手を出すつもりはないですけれどね。"
ncfe4846e77e9c,n398f6a830c32,c2bf3fb737356ce4e0b1f47b310ccf53,音琴 ～go_chara～,lucid_hornet2442,https://assets.st-note.com/production/uploads/images/241037615/profile_011d60ebf0e17e1956abc71bc4156c2f.png?fit=bounds&format=jpeg&quality=85&width=330,2026-06-27T18:18:51.538+09:00,"Kingさん、こんばんは。

はい。押します。押しちゃいます(*- -)(*_ _)ペコリ
"
nc03914b8979ad,na67b129ad9ab,c2bf3fb737356ce4e0b1f47b310ccf53,音琴 ～go_chara～,lucid_hornet2442,https://assets.st-note.com/production/uploads/images/241037615/profile_011d60ebf0e17e1956abc71bc4156c2f.png?fit=bounds&format=jpeg&quality=85&width=330,2026-06-27T18:37:42.162+09:00,"Kingさん、こんばんは。

はい。押します。押しちゃいます(*- -)(*_ _)ペコリ
（すみません・・・先に2を押しちゃいました・・・）"
nc53abd48dc8d5,na67b129ad9ab,a3bcc411a4c251239d492b2f079f5870,やも,yamo_note,https://assets.st-note.com/production/uploads/images/258648405/profile_ee869852783a5a9a11d34fd10d919f33.png?fit=bounds&format=jpeg&quality=85&width=330,2026-06-27T18:10:36.527+09:00,"放置されちゃったー
🫴➰🙃
キンさん、ありがとう😊！"
nc0e9ea7decc63,na67b129ad9ab,290f76d99eb40b676ce764b1c2a200e3,Takanashi（たかなし）,takanashi_note01,https://assets.st-note.com/production/uploads/images/285979760/profile_93df0f9e814c2db6eb30332fe307f173.png?fit=bounds&format=jpeg&quality=85&width=330,2026-06-27T17:41:00.815+09:00,"放置プレイ……これはまた、斬新だと感じました。
しかも選んでもらえた記事が、もっとも「紹介したかったもの」であるため、最高のチョイスだと感じております。
これはむしろ、ご褒美の世界ですね。
……Mというわけではないため、その点だけは強く主張しておきます。"
nc4a4effd6302d,na67b129ad9ab,267a40f43eaf0581669d7ff131d06531,ぶっくん｜noteクリエイター ✕ レベル論 猫になりたいあなたへ 😺🐾 ,bu_kun,https://assets.st-note.com/production/uploads/images/136118870/profile_f275d2a66d2d86855671afdff8cbe506.png?fit=bounds&format=jpeg&quality=85&width=330,2026-06-27T17:31:13.974+09:00,"紹介なしの放置とか全然平気だし！

ノーダメ！

ってか、むしろありがとうなんですけどー！

記事のシェアありがとう｡ﾟ(ﾟ´Д｀ﾟ)ﾟ｡"
ncb527191e563d,na67b129ad9ab,ceb9f20beef56f72c10ed1c4bc125c74,ゆらり🌸🫧　🫶✨,huge_coot6820,https://assets.st-note.com/production/uploads/images/239767432/profile_47e4f415224790b9faa65da8165fa21d.jpeg?fit=bounds&format=jpeg&quality=85&width=330,2026-06-27T17:20:54.468+09:00,"紹介なしの放置プレイ

🙌　　笑🤭"
nc92cb996f498a,na67b129ad9ab,b95263c6657241c37c06be8613990710,埼玉の裏仕事人,kiitto1968,https://assets.st-note.com/production/uploads/images/285982490/profile_801c5210e09b335f944cd6cdd9950434.png?fit=bounds&format=jpeg&quality=85&width=330,2026-06-27T17:01:23.172+09:00,ぷぷぷ！絶好調ですな！
ncd6e87e44fce3,na67b129ad9ab,b39624e9464ededa053a7cbf0de179ce,あな,ana_mama_english,https://assets.st-note.com/production/uploads/images/219621833/profile_8ef662d95d545fc74251b7700219beae.png?fit=bounds&format=jpeg&quality=85&width=330,2026-06-27T16:51:56.837+09:00,"Kingさん、こんにちは✨

記事の紹介、ありがとうございます😊
とても嬉しいです♪

いつもありがとうございます☺️♡

良い週末をお過ごしください✨"
nc03e925995ddf,n398f6a830c32,13f03d3a1ec4a172a7084a791c8c4703,"あいさん💗Iカウンセリングルーム セラピスト／ 臨床心理士×公認心理師｜支援歴16年・2,000名超",joyful_zebra1701,https://assets.st-note.com/production/uploads/images/194103346/profile_5b2ee16c8d8db97758503974e4e6f9da.png?fit=bounds&format=jpeg&quality=85&width=330,2026-06-27T20:27:36.534+09:00,"Kingさん、こんばんは🌙
スキの代わりにお礼を😌🫶
って、無意識にスキもおしてました（笑）
いつもありがとうございます💖"
ncddfee55e499b,na67b129ad9ab,e937b529062a4dff3c5cf7b79cc04cf6,たーゼ,sakuya_rainbow44,https://assets.st-note.com/production/uploads/images/267491936/profile_b274aede9a61c347dfc7d9213ffbeed9.jpg?fit=bounds&format=jpeg&quality=85&width=330,2026-06-27T22:19:03.933+09:00,"素晴らしい👏🎊🧑👼🍭🎉🎶✨
人を寄せる達人ですね〜🤗🌸🌈✨

これで助手が、記事作成を手伝えば
記事を沢山出せますね〜🙌💕💕✨

ありがとうございます😀🌺✨✨"
nc17592c3db428,na67b129ad9ab,fdfcb42dbb3ca6a92977feeb331299bf,ヤマコヤーマン,yamayamako3,https://assets.st-note.com/production/uploads/images/264908732/profile_22f5b0d83f87ee87628a50db08f251bb.png?fit=bounds&format=jpeg&quality=85&width=330,2026-06-27T21:54:13.829+09:00,"Kingさんw
放置ありがとうございますww
通知来てびっくりしたのに、来てみたら紹介が雑でwｳｹﾙ

いつもいつもありがとうございます！
"
nca8307186eb2c,na67b129ad9ab,13f03d3a1ec4a172a7084a791c8c4703,"あいさん💗Iカウンセリングルーム セラピスト／ 臨床心理士×公認心理師｜支援歴16年・2,000名超",joyful_zebra1701,https://assets.st-note.com/production/uploads/images/194103346/profile_5b2ee16c8d8db97758503974e4e6f9da.png?fit=bounds&format=jpeg&quality=85&width=330,2026-06-27T20:24:12.748+09:00,"Kingさん😊

放置プレイ、ありがとうございます🤣

「紹介なしでさらします！」と言いながら、これだけたくさんの方をご紹介されていて、むしろ愛を感じました🤭💖

通知が来て、「えっ!? とうとうそうきたの!?」と思った方もいたかもしれませんね😂
こうやっていろいろなマガジンやクリエイターさんがつながっているのを見ると、noteってやっぱりいいなぁと改めて感じました✨

楽しい記事をありがとうございました🌈ᵕ̈*"
nc5f2a3c15f6b6,na67b129ad9ab,4d7884c1cad8153895dadb71ec1606cb,こーき｜心が少し軽くなる場所,i_am_151cm_boy,https://assets.st-note.com/production/uploads/images/236560109/profile_28f1fb163081001f12afa3f21b0dc40a.png?fit=bounds&format=jpeg&quality=85&width=330,2026-06-27T19:36:40.768+09:00,"Kingさん😆
びっくりしました〜😆✨
いつもありがとうございます😊✨"
nc1c7b25c795f3,na67b129ad9ab,78376ee2a13f87a68be09b41f4fcf1be,津田祐希（ゆきてぃ）,love_peace_2023,https://assets.st-note.com/poc-image/manual/preset_user_image/production/i1bbf72cee783.jpg,2026-06-27T19:31:59.523+09:00,"Kingさん
紹介なしの放置プレイ
わかりやすいフレーズです。

そして
マガジンにも入れて頂き
いつもありがとうございます！"
nc1212a60eeecd,na67b129ad9ab,cec4c608f21d7aa722cfc12802c896bf,MOON｜違和感の記録,dandy_sedum8677,https://assets.st-note.com/production/uploads/images/271470614/profile_112e71abeaceddb2ab033b49d5f56568.png?fit=bounds&format=jpeg&quality=85&width=330,2026-06-27T19:21:32.948+09:00,"Kingさん

紹介無しの放置プレイ🫴

これぞKingさん流ですね😆

いつもありがとうございます✨"
ncd7a782d445e4,na67b129ad9ab,a3b393748448993682c446017554f28a,りこ@一生養生,riko_83,https://assets.st-note.com/production/uploads/images/242853208/profile_868cf0850d54d0a98ca0406d82454cfa.png?fit=bounds&format=jpeg&quality=85&width=330,2026-06-27T19:14:20.210+09:00,"こんばんは🌙
押すなよーと言われて押しちゃう仲間がいっぱいいましたね（笑）
いつもありがとうございます😊🍀"
nc8902327fc049,n30b16d04fff7,5792beedf51dea6547b4b3d298482ab4,丁寧な暮らし/生きやすさ探求家,gentle_gecko1078,https://assets.st-note.com/production/uploads/images/272850856/profile_5078d7016e37422cee3be424742ee433.png?fit=bounds&format=jpeg&quality=85&width=330,2026-06-27T20:09:13.643+09:00,"曲はカッコいいし、歌詞もピッタリでこれはスキになっちゃいますね………
歩さんの曲😂💕"
nc843124a20b6d,n398f6a830c32,209f3701abc5bae89b6dd62898c7916a,コンパス みき✨️好きのタネ🌱‬‪を育てる案内人,compass_m360,https://assets.st-note.com/production/uploads/images/253440713/profile_8b36220be6950ce90264f78d2b308c75.png?fit=bounds&format=jpeg&quality=85&width=330,2026-06-28T01:04:05.508+09:00,Kingさん、わーい＼(^o^)／ありがとう❤️
nc32b872a8eaac,n398f6a830c32,66726de4becaba8cedd3e058f42503e8,haremithu,haremithu,https://assets.st-note.com/production/uploads/images/275787721/profile_a1cd7f33caccd2abc12f19b96be41bc8.jpeg?fit=bounds&format=jpeg&quality=85&width=330,2026-06-27T23:56:53.774+09:00,"あら、押しちゃいました😉
スキ❤️マガジン追加ありがとうございます😊　晒しますからの宣伝が素敵です。
仲が良いんですね🥰"
nc7f79c2cde5a4,n398f6a830c32,e937b529062a4dff3c5cf7b79cc04cf6,たーゼ,sakuya_rainbow44,https://assets.st-note.com/production/uploads/images/267491936/profile_b274aede9a61c347dfc7d9213ffbeed9.jpg?fit=bounds&format=jpeg&quality=85&width=330,2026-06-27T22:24:32.839+09:00,"無言プレイ🙋🌺🌸✨✨

👼🍭✨✨　🧑🍭✨✨
🤗🎶✨　👰🧑👼🍜🎶✨

🧑💤✨✨"
nc94e198aa95ca,na67b129ad9ab,209f3701abc5bae89b6dd62898c7916a,コンパス みき✨️好きのタネ🌱‬‪を育てる案内人,compass_m360,https://assets.st-note.com/production/uploads/images/253440713/profile_8b36220be6950ce90264f78d2b308c75.png?fit=bounds&format=jpeg&quality=85&width=330,2026-06-28T01:02:35.997+09:00,Kingさん、放置プレイ万歳🙌🤣
ncd2d51cc1efb0,na67b129ad9ab,bd582364aa0b44c3434da1c766e830cf,小島すがも,kojima_sugamo,https://assets.st-note.com/production/uploads/images/285324530/profile_9d0cb7a9b5d306860a0cab9a95f15b9d.jpg?fit=bounds&format=jpeg&quality=85&width=330,2026-06-27T23:58:32.835+09:00,"Kingさんいつもありがとうございます😊！
愛がいっぱいですね🥰"
nc622f2098b4a5,na67b129ad9ab,ca17527cfe63f65cebf3883988786b79,donchan1962,donchan_13,https://assets.st-note.com/production/uploads/images/183217910/profile_a33ecb57f18c7bbea28e041c386d47a2.jpeg?fit=bounds&format=jpeg&quality=85&width=330,2026-06-28T08:18:25.151+09:00,"おはようございます
いつもありがとうございます
記事、マガジンへの追加、感謝申し上げます"
ncfe4161a6c1f4,na67b129ad9ab,95a38612bf54fc0e49410aee53ddff67,銀狐職長。（社畜Lv5.0）【いちご濃いめ120.3%】,chic_dill1667,https://assets.st-note.com/production/uploads/images/288748948/profile_5bc8740709d000a8dbbace16f3929849.png?fit=bounds&format=jpeg&quality=85&width=330,2026-06-28T07:00:36.399+09:00,"Kingさん🙆✨
おはようございますー

晒し記事として置いていただきおおきにであります😂

また今後もどうぞよろしくお願いしますー🙆🙇"
ncd212b60b06d1,nfa8d47a22c3a,ae176d21cfa362a329066d877232b9eb,いもくりかぼちゃ,sora430,https://assets.st-note.com/poc-image/manual/preset_user_image/production/ia9d968d56480.jpg,2026-06-28T14:54:19.376+09:00,"Kingさん！
いもくりかぼちゃと申します😊🌸
マガジンに追加して頂き、とっても光栄です😊✨️
本当にありがとうございます😆"
ncdedab2b906dd,na67b129ad9ab,ca17527cfe63f65cebf3883988786b79,donchan1962,donchan_13,https://assets.st-note.com/production/uploads/images/183217910/profile_a33ecb57f18c7bbea28e041c386d47a2.jpeg?fit=bounds&format=jpeg&quality=85&width=330,2026-06-28T16:42:37.841+09:00,"こんにちは
いつもありがとうございます
記事、マガジンへの追加、感謝申し上げます"
nc029a99654f60,na67b129ad9ab,f31c80eff59bbcbd33a585215e4d233e,俊,nifty_daisy5185,https://assets.st-note.com/production/uploads/images/240830637/profile_6db5e5d63617f16965953d59b8e2933e.png?fit=bounds&format=jpeg&quality=85&width=330,2026-06-28T14:37:31.692+09:00,"気づいたら拾ってもらってました、ありがとうございます。
ええじゃないか😙ﾖｲﾖｲ"
nc199d79126537,n398f6a830c32,34987bbf50be44cfbc1419a1df6f8760,ツムジ,tsumuji264,https://assets.st-note.com/production/uploads/images/231588271/profile_d0f51b83720ce83ce2be707571e96762.png?fit=bounds&format=jpeg&quality=85&width=330,2026-06-28T19:33:02.699+09:00,"Kingさん、こんばんは！
いつもありがとうございます😊
雑ないじりの中に愛を感じるのはなぜでしょうか笑
いつも面白い試み楽しませてもらっています🥹"
ncb08c85fd5298,n398f6a830c32,0af9b366e7056bb35316462e699e0daa,じゅんのすけ,juicy_lynx3773,https://assets.st-note.com/production/uploads/images/264606998/profile_3edebb8ec7da186bb321afc081d561b0.png?fit=bounds&format=jpeg&quality=85&width=330,2026-06-28T18:29:07.462+09:00,"Kingさん
今度は通知なしの放置プレイですか🤣🤣🤣
だんだんレベルアップしてますね😁
③もあるのか気になります✨"
nc5ba837f93204,na67b129ad9ab,0af9b366e7056bb35316462e699e0daa,じゅんのすけ,juicy_lynx3773,https://assets.st-note.com/production/uploads/images/264606998/profile_3edebb8ec7da186bb321afc081d561b0.png?fit=bounds&format=jpeg&quality=85&width=330,2026-06-28T18:25:35.533+09:00,"Kingさん
放置プレイって言いながら、通知はしっかり飛ばすんですね🤣
さすがKingさん✨
今回も笑わせてもらいました〜😁"
nc28f0aa399a32,na67b129ad9ab,aa396818ce9b68951cae09c5b738014e,Torori（とろり）🌱 毒親育ちへ「心穏やかな恋」を届ける人【フォロバ100】,torori_20260101,https://assets.st-note.com/production/uploads/images/242495675/profile_d6bfee66de6dbec64ca70c2649f987aa.png?fit=bounds&format=jpeg&quality=85&width=330,2026-06-28T17:43:37.069+09:00,"コレまでにない雑な放置プレイ来ましたね（笑）

この温度感はやみつきになります…🤣
さすがのKingワールド✨

控えめに言って、好きです✨

マガジンのご紹介もありがとうございます(*^^*)✨"
ncdf25a753af49,n398f6a830c32,78376ee2a13f87a68be09b41f4fcf1be,津田祐希（ゆきてぃ）,love_peace_2023,https://assets.st-note.com/poc-image/manual/preset_user_image/production/i1bbf72cee783.jpg,2026-06-28T21:10:46.865+09:00,"Kingさん
記事をさらさない配慮いいですね。

マガジンにも入れて頂き
ありがとうございます！"
nc6fccdab8177a,n398f6a830c32,4cf7e71d119774df7571fe99af214d22,レモン🍋とご縁結び,gay_mole63,https://assets.st-note.com/production/uploads/images/279153398/profile_a60814f5ac0981f11f04312f3e0f4bad.png?fit=bounds&format=jpeg&quality=85&width=330,2026-06-28T20:48:19.973+09:00,マガジン登録ありがとうございます感謝です
ncf8cf20ad9f90,n398f6a830c32,fdfcb42dbb3ca6a92977feeb331299bf,ヤマコヤーマン,yamayamako3,https://assets.st-note.com/production/uploads/images/264908732/profile_22f5b0d83f87ee87628a50db08f251bb.png?fit=bounds&format=jpeg&quality=85&width=330,2026-06-28T22:50:36.414+09:00,"Kingさん
またまたまたまたマガジン追加していただき、ありがとうございます！世界一優しい放置…"
ncdf3d8310587a,na67b129ad9ab,cdeef05ecbf030968e90bd577feaa6ef,和田けいた | 「あの頃の青春をもう一度」　リスタートアカデミー教授　兼　全力研究コーチ,smile_jumper,https://assets.st-note.com/production/uploads/images/142670336/profile_f746a660c4435f3add490cfb97c7aaac.jpg?fit=bounds&format=jpeg&quality=85&width=330,2026-06-29T06:41:35.226+09:00,"Kingさん
記事を晒します！って表現が面白かったです（笑）
みなさんへのサプライズですね！"
nc54ed5d16ddf7,na89c0aacea5b,510984e5ac67a7144de8ba1d073dd0a5,LOVEちゃん♡,quiet_teinei,https://assets.st-note.com/production/uploads/images/281631027/profile_f6409e39b7f95ff3f230ceb2b3138873.png?fit=bounds&format=jpeg&quality=85&width=330,2026-06-29T13:20:32.918+09:00,"出産とか乳幼児期の対応とかも昔と変わってるみたいですもんね！

私は新しい先生を信じてしまいそうです…でもいったんググります😂笑"
ncb6402f8dac3f,n398f6a830c32,ca17527cfe63f65cebf3883988786b79,donchan1962,donchan_13,https://assets.st-note.com/production/uploads/images/183217910/profile_a33ecb57f18c7bbea28e041c386d47a2.jpeg?fit=bounds&format=jpeg&quality=85&width=330,2026-06-29T15:09:07.068+09:00,"こんにちは
いつもありがとうございます
記事、マガジンへの追加、感謝申し上げます"
ncfc3b9be215d2,nfa8d47a22c3a,12a452829f298045cfd10398956747fc,えみ｜気持ちを整え、前へ進む相談室,eminote_2025,https://assets.st-note.com/production/uploads/images/289203749/profile_79af7f0532cd7660f71cd032248e6e34.png?fit=bounds&format=jpeg&quality=85&width=330,2026-06-29T18:59:32.301+09:00,マガジン追加ありがとうございます
nc56f3b87a6179,n398f6a830c32,c57662f0de560890affa2e117ae0df92,hkp,hkp97110418,https://assets.st-note.com/production/uploads/images/129030334/profile_5ee5fc47aaccaf57b9832a58205ed1ee.png?fit=bounds&format=jpeg&quality=85&width=330,2026-06-29T19:47:44.983+09:00,"Kingさんありがとうございます😊
押すな、押すなと言われると押したくなるのが人間のさがですね！"
nc5ec853f7ef43,n398f6a830c32,66726de4becaba8cedd3e058f42503e8,haremithu,haremithu,https://assets.st-note.com/production/uploads/images/275787721/profile_a1cd7f33caccd2abc12f19b96be41bc8.jpeg?fit=bounds&format=jpeg&quality=85&width=330,2026-06-29T23:07:05.618+09:00,こんばんは🌇いつもありがとうございます😊スキ❤️マガジン追加、励みになってます✨
nc67bdf07eecbe,n398f6a830c32,ca17527cfe63f65cebf3883988786b79,donchan1962,donchan_13,https://assets.st-note.com/production/uploads/images/183217910/profile_a33ecb57f18c7bbea28e041c386d47a2.jpeg?fit=bounds&format=jpeg&quality=85&width=330,2026-06-30T08:36:54.148+09:00,"おはようございます
いつもありがとうございます
記事、マガジンへの追加、感謝申し上げます"
ncf4189a48a6c6,nfa8d47a22c3a,78376ee2a13f87a68be09b41f4fcf1be,津田祐希（ゆきてぃ）,love_peace_2023,https://assets.st-note.com/poc-image/manual/preset_user_image/production/i1bbf72cee783.jpg,2026-06-30T18:59:43.362+09:00,"Kingさん
マガジンに入れて頂きありがとうございます。
創作大賞とれるといいですね。"
ncb7ce39909c37,n8d7224175057,ca17527cfe63f65cebf3883988786b79,donchan1962,donchan_13,https://assets.st-note.com/production/uploads/images/183217910/profile_a33ecb57f18c7bbea28e041c386d47a2.jpeg?fit=bounds&format=jpeg&quality=85&width=330,2026-06-30T19:40:56.622+09:00,"真面目な哲学ですね。
音楽は、いらない🤣"
ncd138a19e2962,n8d7224175057,5494a18efc62b98c3a8788c49a8167f8,やきのりねこ,ideal_ruff5570,https://assets.st-note.com/production/uploads/images/221715919/profile_bd75e3564436a821cbf8a04583e0e4e9.jpeg?fit=bounds&format=jpeg&quality=85&width=330,2026-06-30T18:51:01.794+09:00,"まだkingさんフォローさせてもらったばかりのにわかですがすみません💦
３曲とも痺れたので思わずコメントしちゃいましたっっ"
nc1dbf789a5691,n8d7224175057,47ac127ec0bbe6902b9f372fd944ebf8,和田雄三｜AI×心理ブランディングデザイナー,glad_dill2129,https://assets.st-note.com/production/uploads/images/265848866/profile_b0e386a458b5c21f7f00921837c9ffad.png?fit=bounds&format=jpeg&quality=85&width=330,2026-06-30T18:46:46.869+09:00,"どうやったら創作大賞取れるんですかね？😆
応援してます👍"
nc64d30e04d009,n8d7224175057,d935afcef3d45372668600a97b8eea46,天野 雫 【120%】,proper_bonobo536,https://assets.st-note.com/production/uploads/images/252856370/profile_866f40df26780c146ef9459cf81a675c.png?fit=bounds&format=jpeg&quality=85&width=330,2026-06-30T18:19:22.994+09:00,"Kingさん

認知には限界があるからこそ、すべてを理解し合えると思い込まないことも大切かもですね。

「自らを助くるのみ」という言葉が印象に残りました。"
nc6ae700dfc480,n8d7224175057,ee17e08838a2d1017fe4b3f4eb73a4e3,境界をまたぐ心理士【振り子】,rosy_snail1735,https://assets.st-note.com/production/uploads/images/253068092/profile_684215ad7eba3d124844155dff223a1b.jpg?fit=bounds&format=jpeg&quality=85&width=330,2026-06-30T21:55:55.568+09:00,"ショーペンハウアーかな？
実存的な香りが漂っていますね。

楽曲のセンスに歌詞の重さが相まって、
何とも言えないシュールさを醸し出していて、
シュールレアリズム的作品だと思いました。

今後ともよろしくお願いいたします😆
＆
創作大賞頑張ってください😆"
nc8bc995e2306c,n8d7224175057,dc157540cc91b85018fc2caf1ebe6e1d,空風マナミ　,sorakaze_works,https://assets.st-note.com/production/uploads/images/247072511/profile_f8c3cb6911c80de4c8b865ead1a349c6.png?fit=bounds&format=jpeg&quality=85&width=330,2026-06-30T20:37:54.818+09:00,"Kingさん、
いつもありがとうございます。

他者理解に救いを求めること自体が、すでに一つの誤解である。

ここに深く頷き、Kingさんの背景が垣間見える歌詞に、相当時間を費やしました。
浅はかな言葉を残せない。そんな気持ちです。

ところで、
メタルとロックの境目とは、違いが分からなくなってきました🎵"
nc65e82d66ea50,n8d7224175057,1924f3622a98065425dd82f27ebc8718,きおくのかけら,lively_toucan534,https://assets.st-note.com/production/uploads/images/275185500/profile_ee9b4e90a4a95c31ecc31cc2eb8cc09d.png?fit=bounds&format=jpeg&quality=85&width=330,2026-06-30T20:08:05.202+09:00,"決別、断罪でつきはなしつつ、訃報で愛を感じると、全ては愛から来るものなのかなと、私はそう感じた。

他者は全て理解できないので
私の解釈で納得していく。

ということにしました😆

創作大賞頑張って下さい！
"
nc5f48859237c9,n398f6a830c32,ca17527cfe63f65cebf3883988786b79,donchan1962,donchan_13,https://assets.st-note.com/production/uploads/images/183217910/profile_a33ecb57f18c7bbea28e041c386d47a2.jpeg?fit=bounds&format=jpeg&quality=85&width=330,2026-06-30T20:26:37.018+09:00,"こんばんは🌇
いつもありがとうございます
記事、マガジンへの追加、感謝申し上げます"
nc278f04f78a1b,n30b16d04fff7,a0631b9dde2d8c6616ce55a5efaefc18,sc_fun｜AI×note収益化サポート😺,sc_fun,https://assets.st-note.com/production/uploads/images/238585370/profile_d3940d29208e16d8c13feedce8989fdd.png?fit=bounds&format=jpeg&quality=85&width=330,2026-06-30T22:09:00.893+09:00,"Kingさん、瀬海さんとのコラボ2回目とは驚きました😮

そして紹介曲を聴いて思ったことをそのまま言います。

ラップ調の曲と英語、それもそうですが、気になったフレーズがこちら。

俺のことを　スキになるなよ
スキになるなよ　絶対だぞ
ふりじゃないぞ　ガチモードだぞ
あとでどうなっても　知らないぞ

俺のことを　スキになるなよ
スキになるなよ　絶対だぞ
押すなよ　押すなよ　ガチモードだぞ
……ラッキー認定　出ました

これダチョウ俱楽部だよね⁉️
思わず笑っちゃった🤣

たぶん、Kingさんの要素を瀬海さんが理解して作ったから生まれたのだと思います。

たしか、瀬海さんやろうとすると炎上するようなことをKingさんがやれば問題ないみたいなことを言っていましたが、この曲を聴いていると本当にKingさんなら本質を突いたギリギリなことを言っても炎上しない気がしてきました😮"
nc92efbf54999e,n8d7224175057,209f3701abc5bae89b6dd62898c7916a,コンパス みき✨️好きのタネ🌱‬‪を育てる案内人,compass_m360,https://assets.st-note.com/production/uploads/images/253440713/profile_8b36220be6950ce90264f78d2b308c75.png?fit=bounds&format=jpeg&quality=85&width=330,2026-07-01T01:58:47.920+09:00,"Kingさん、こんばんは😄

コングラおめでとうございます🎉🎉

3部作Kingさんの魂の叫びって感じました😄
どれも素敵❤️"
nc437d72cf3ceb,n8d7224175057,4d7884c1cad8153895dadb71ec1606cb,こーき｜心が少し軽くなる場所,i_am_151cm_boy,https://assets.st-note.com/production/uploads/images/236560109/profile_28f1fb163081001f12afa3f21b0dc40a.png?fit=bounds&format=jpeg&quality=85&width=330,2026-07-01T06:40:11.111+09:00,"Kingさん😊

沢山のコングラおめでとうございます☺️🎉✨

以前にスタエフで教えてくださったご友人様のことなのかなと考えさせられました。

今日という日を大切に過ごそうと思います🙇‍♂️

今日もありがとうございます😊✨"
nce637e801dddc,n8d7224175057,0af9b366e7056bb35316462e699e0daa,じゅんのすけ,juicy_lynx3773,https://assets.st-note.com/production/uploads/images/264606998/profile_3edebb8ec7da186bb321afc081d561b0.png?fit=bounds&format=jpeg&quality=85&width=330,2026-07-01T06:01:59.262+09:00,"Kingさん！！！
創作大賞の〆切あと少しですね💦
応援してます✨✨✨"
nc043dbf581c31,n8d7224175057,ca17527cfe63f65cebf3883988786b79,donchan1962,donchan_13,https://assets.st-note.com/production/uploads/images/183217910/profile_a33ecb57f18c7bbea28e041c386d47a2.jpeg?fit=bounds&format=jpeg&quality=85&width=330,2026-07-01T10:55:31.675+09:00,"こんにちは。
いつもありがとうございます
記事、マガジンへの追加、感謝申し上げます"
ncdfa9eeb976f2,n8d7224175057,84725422db8ddb286fb3a293c306aebf,開運シェルパ,hanamiti369,https://assets.st-note.com/production/uploads/images/286658065/profile_51fafbf2b5a86f4432c7f61db5cf2dc5.png?fit=bounds&format=jpeg&quality=85&width=330,2026-07-01T06:43:53.551+09:00,"Kingさん、コングラおめでとうございます。
「線引き」という言葉を、丁寧に内容だと感じました。哲学の部分も、歌の部分も、同じ氣持ちから生まれている氣がしました。

すべてを認めようとする姿勢は、優しさに見えて、実は相手の輪郭を消す行為でもあります。理解しきれないものを理解したふりで埋めると、後から見えないズレが大きくなっていきます。カテゴリーで世界を処理する以上、それは避けがたい構造なのだと思います。

歌に流れる怒りと未練。そこからあきらめではなく、最後まで理解しようとした氣配を私は感じ取りました。
ブタ箱だの享楽だのという強い言葉の奥に、手放せなかった願いが透けて見えます。最後にもう一度「一緒に服を買いに行こうぜ」と書けること。それが、この文章全体の線引きの意味を裏返しているように感じました。

許せないことと忘れられないことは、同じ場所に同居できるのだと教えられた氣がします。

「自らを助くるのみ」という結びは、孤独の宣言には聞こえませんでした。線を引いたうえで、まだ手を伸ばしている人の言葉に聞こえます。"
nc2f97e58458e9,n8d7224175057,ca17527cfe63f65cebf3883988786b79,donchan1962,donchan_13,https://assets.st-note.com/production/uploads/images/183217910/profile_a33ecb57f18c7bbea28e041c386d47a2.jpeg?fit=bounds&format=jpeg&quality=85&width=330,2026-07-01T17:16:27.643+09:00,"こんにちは
いつもありがとうございます
記事、マガジンへの追加、感謝申し上げます"
nc79d6456c9f99,n8d7224175057,6177eba6fd351e2a90dd1013b904bcd6,幸せの架け橋カエル｜境界線ケア,lively_salvia775,https://assets.st-note.com/production/uploads/images/209698581/profile_ba002a3bb07b319e0311b6b0b05faf9d.png?fit=bounds&format=jpeg&quality=85&width=330,2026-07-01T19:48:38.766+09:00,"kingさん、こんばんは〜🐸✨
いつも、本当にお忙しい中ありがとうございます✨✨

コングラおめでとうございます㊗️🎉🎉

kingさんの言う通り、しれ〜っと戻ってきました笑

凄いコメントの数で、ちょっと書き込むのを躊躇しましたが、感謝は届けたかったので、、書いちゃいました笑

お返事大丈夫です。

いつもありがとうございます✨🐸✨"
nc625c150ca756,n8d7224175057,6f99c57d9d90358b9c13ce851053fd17,蛍,nifty_tucan8721,https://assets.st-note.com/production/uploads/images/287194934/profile_1ab5a225caf2a682ee2e21c37b6c3932.png?fit=bounds&format=jpeg&quality=85&width=330,2026-07-01T18:47:37.252+09:00,"こんばんは　
コングラおめでとう御座います🎊
＼(  'ω')／

今回の記事は私　リアルな部分でかなり刺さるところがありました。時期的にも…..

胸糞なんか悪くないです。
私の気持ちが文字になったように見えました"
nc43b3318265c9,nfa8d47a22c3a,1924f3622a98065425dd82f27ebc8718,きおくのかけら,lively_toucan534,https://assets.st-note.com/production/uploads/images/275185500/profile_ee9b4e90a4a95c31ecc31cc2eb8cc09d.png?fit=bounds&format=jpeg&quality=85&width=330,2026-07-01T22:27:29.468+09:00,"Kingさーん😭
早速マガジン追加して頂きましてありがとうございます🙇
何度感謝しても足りないくらいです。
これからもよろしくお願い致します。"
nc0ee85879026b,nfa8d47a22c3a,7bb11bfec7aa13e8816324ba733829f9,月凪（つきなぎ）,like_ferret2194,https://assets.st-note.com/production/uploads/images/274044810/profile_94b40ef52fd48a8e14b98a9c74ff0f7c.jpeg?fit=bounds&format=jpeg&quality=85&width=330,2026-07-01T21:51:22.198+09:00,Kingさん、またまたマガジンに追加していただきましてありがとうございます🙏おかげさまで、より多くの方に読んでいただいて嬉しいです☺️
nc0eb89a722dae,n8d7224175057,aa396818ce9b68951cae09c5b738014e,Torori（とろり）🌱 毒親育ちへ「心穏やかな恋」を届ける人【フォロバ100】,torori_20260101,https://assets.st-note.com/production/uploads/images/242495675/profile_d6bfee66de6dbec64ca70c2649f987aa.png?fit=bounds&format=jpeg&quality=85&width=330,2026-07-01T22:06:17.883+09:00,"Kingさん

こんにちは＾＾
創作大賞、本気で狙ってるんですね✨️
どんな作品ができるか楽しみです。

今回の記事の中で「断罪（線引き）ロック」はすごく刺さりました。

普通にいい音楽(^^)

音楽の才能があって羨ましいです🌱
なに一つも歌えない音痴人間なので・・笑"
ncf6050440681a,n8d7224175057,b39624e9464ededa053a7cbf0de179ce,あな,ana_mama_english,https://assets.st-note.com/production/uploads/images/219621833/profile_8ef662d95d545fc74251b7700219beae.png?fit=bounds&format=jpeg&quality=85&width=330,2026-07-01T20:56:35.387+09:00,"Kingさん、こんばんは🌙

マガジンへの追加とスキをありがとうございます😊

「ただ、自らを助くるのみ。」という
お言葉が、印象に残りました。

コングラボードもおめでとうございます✨

いつもありがとうございます☺️"
nc0af971ce49ee,n00cd7573b8e1,510984e5ac67a7144de8ba1d073dd0a5,LOVEちゃん♡,quiet_teinei,https://assets.st-note.com/production/uploads/images/281631027/profile_f6409e39b7f95ff3f230ceb2b3138873.png?fit=bounds&format=jpeg&quality=85&width=330,2026-07-01T20:15:32.083+09:00,"本じゃなくnoteの読み方になっちゃいますが、過去記事から色々と探ってます🤗

皆さん今とは書き方も違ったり、
noteで交流するようになってる方の半生が今さらわかったり…
面白いです♪"
ncdd76462fb123,n4a120a5df409,ea49ccb050923c8f32c4df30d3aafa4a,ママ薬剤師HONO（病院薬剤師）,hospital_ph_hono,https://assets.st-note.com/production/uploads/images/256318743/profile_1e379cc4f83e4be314947b50ad09533e.png?fit=bounds&format=jpeg&quality=85&width=330,2026-07-02T00:53:44.602+09:00,"Kingさん、こんばんわ😊

マガジン追加、いつもありがとうございます✨

音楽かっこよかったです💕
なんか聴いてて元気でますね😆
"
nc39111e58af19,n4a120a5df409,2df543d041f077aba9575a76b09fe7a1,イロドリの詩,irodori_rihans,https://assets.st-note.com/production/uploads/images/212221755/profile_49d82f7110d37cac9f24dc856c9b9ef4.png?fit=bounds&format=jpeg&quality=85&width=330,2026-07-01T23:43:44.574+09:00,"Kingさん、こんばんは🌙
いつもマガジンに追加して頂いてありがとうございます💕
嬉しいです✨️

私はひとつの記事を読むのに時間がかかるタイプなので、１日にたくさん見て回れないんですが…。

ジレンマですよね〜。
交流したい
けど
時間もスキも足りないし、全員とやりとりするのも難しい。


そこからあの曲が創作されるんですねぇ😳
すごいです✨️

そして何気なくほかの方とのやり取り拝見もしてたら。
あれですね。
美女の膝枕ここから出たやつだったんですね🤣🤣納得www"
nc2eabf5ae098d,n8e6e558e0595,2df543d041f077aba9575a76b09fe7a1,イロドリの詩,irodori_rihans,https://assets.st-note.com/production/uploads/images/212221755/profile_49d82f7110d37cac9f24dc856c9b9ef4.png?fit=bounds&format=jpeg&quality=85&width=330,2026-07-02T06:37:01.170+09:00,"昔コンシューマで、コントローラーにやたらボタンがいっぱいある機体ありましたよね…。
何だったっけ？

私、アクション苦手なのに、さらにボタンが多すぎて、思った動きをさせられなくて、よくやられてました。
ただのスーパーマリオブラザーズだったのに…🫩

ということを思い出しながら読んでました🤣🤣

メルカリで売ったんかぃ！"
nc0dfa6675347a,nfa8d47a22c3a,b425350fc6b3fda6e89dcb3b58699ad0,嶺菜/Kou lena smil🌈,junna1001dz,https://d2l930y2yx77uc.cloudfront.net/assets/default/default_profile_4-e3b57528da29acad20d5a2db33268c87f1d39015448757ddf346d60fb5861e49.png,2026-07-02T11:54:24.727+09:00,"Kingさん！！！

毎回、マガジンに追加していただきまして本当にありがとうございます🥹🙏
"
nc51a6f74f108f,n8d7224175057,904e9ed918828179390741c99f797844,こはる(ふわり、ももんが日記),momonga_0125,https://assets.st-note.com/production/uploads/images/246484153/profile_50e45d59aea0e50aa87e0779898c85ba.png?fit=bounds&format=jpeg&quality=85&width=330,2026-07-02T12:21:21.970+09:00,"Kingさん こんにちは😊

コングラおめでとうございます🎉

待ってました🙌✨
どれも心の底からの叫びって感じがしてすごく良かったです😭😭😭

訃報(親友)は、少し切なさも感じました🥹"
nc33e8442064dd,n8d7224175057,6e51422b4799fec58a8730778982e4c2,松島光希,yasuko2020,https://assets.st-note.com/production/uploads/images/47209009/profile_6d7727531e5ae20eab644ae394e92df8.jpeg?fit=bounds&format=jpeg&quality=85&width=330,2026-07-02T08:10:04.065+09:00,"Kingさま

マガジン追加ありがとうございます。"
ncc7539d10a90b,n5305861820bd,5508700edb404d2e2f6a51392740c13f,うんちゃん,unchan_happy,https://assets.st-note.com/production/uploads/images/257235286/profile_475dad44453374efcfa12df396d14689.png?fit=bounds&format=jpeg&quality=85&width=330,2026-07-02T19:32:04.485+09:00,"Kingさん、こんばんは🌕

熱い弾き語り感、とても素敵です✨
命が助かって安心しました😊

創作大賞2026応援してます！"
nc51ea01ffca95,n5305861820bd,ca17527cfe63f65cebf3883988786b79,donchan1962,donchan_13,https://assets.st-note.com/production/uploads/images/183217910/profile_a33ecb57f18c7bbea28e041c386d47a2.jpeg?fit=bounds&format=jpeg&quality=85&width=330,2026-07-02T19:11:27.535+09:00,"アコギのカッティングとコード、良い感じ🙆ですね。
墜落は、しなくてもいいけど。🤣"
nc1d1ade27cf5f,n5305861820bd,4d7884c1cad8153895dadb71ec1606cb,こーき｜心が少し軽くなる場所,i_am_151cm_boy,https://assets.st-note.com/production/uploads/images/236560109/profile_28f1fb163081001f12afa3f21b0dc40a.png?fit=bounds&format=jpeg&quality=85&width=330,2026-07-02T19:11:12.227+09:00,"Kingさん☺️
　
お忙しいところ早速名曲凄いですね！！！😆🙌✨

やっぱりKingさんアイデアの数々が強烈です！！☺️🌈"
ncfabfbc00cb31,n5305861820bd,dc157540cc91b85018fc2caf1ebe6e1d,空風マナミ　,sorakaze_works,https://assets.st-note.com/production/uploads/images/247072511/profile_f8c3cb6911c80de4c8b865ead1a349c6.png?fit=bounds&format=jpeg&quality=85&width=330,2026-07-02T18:55:25.154+09:00,"Kingさん、
いつもありがとうございます。

創作大賞と合わせて、天野雫さんの風のテーマ🎵お疲れ様です！通院も大変な中、凄いです！ご自身のお身体もお大事にされてくださいませ！"
nc62e6d4b8e48b,n5305861820bd,1ac9dc3e342e1a3c6989071364bdf6f7,あいさん💗のサブアカウント｜臨床心理士×公認心理師,human_gerbil2941,https://assets.st-note.com/production/uploads/images/276916525/profile_d787956ef85ce3383f89cd61c43097e6.png?fit=bounds&format=jpeg&quality=85&width=330,2026-07-02T18:51:13.458+09:00,"Kingさん、こんばんは🌛*゜
創作大賞2026頑張ってください‼

制限中とのことですのでお返事も大丈夫ですからね～♬
サブアカウントからのコメントでした🌈ᵕ̈*"
nc9906e9d7132b,n5305861820bd,d935afcef3d45372668600a97b8eea46,天野 雫,proper_bonobo536,https://assets.st-note.com/production/uploads/images/252856370/profile_866f40df26780c146ef9459cf81a675c.png?fit=bounds&format=jpeg&quality=85&width=330,2026-07-02T18:36:54.743+09:00,"Kingさん♪

少し切ないけど希望を感じる
素敵な曲ですね〜✨️

しかも、ちび創作大賞の「風」✨️
ありがとう🩷"
ncf0047b42ea06,n5305861820bd,b36ba84fce7ff628e71bab35e208107b,＋αサチ,zawazawa_50s,https://assets.st-note.com/production/uploads/images/226114874/profile_c0f8cf08d4427ce39130de95e261e536.png?fit=bounds&format=jpeg&quality=85&width=330,2026-07-02T22:37:31.180+09:00,"良い曲です☺️

……でも、これ鳥なら
シャレにならないほど
ツライ😭
飛べない鳥、カカポになる
"
nc20cb5cf01f6e,n5305861820bd,209f3701abc5bae89b6dd62898c7916a,コンパス みき✨️好きのタネ🌱‬‪を育てる案内人,compass_m360,https://assets.st-note.com/production/uploads/images/253440713/profile_8b36220be6950ce90264f78d2b308c75.png?fit=bounds&format=jpeg&quality=85&width=330,2026-07-02T22:14:59.838+09:00,"Kingさん、こんばんは☺️

とっても爽やかな風と心に響く曲ですね〜
素敵です💖「久しぶりに風に乗りたい」
とってもいいフレーズですね〜

いつもありがとうございます❤️"
nca6584fd4213a,n5305861820bd,266d9698e161c9b4bc3cd84ab21d7c08,きみこのSoulルーム,kimimari2350,https://assets.st-note.com/production/uploads/images/208541487/profile_b8e04433295dbc046967147402b4f003.png?fit=bounds&format=jpeg&quality=85&width=330,2026-07-02T22:05:34.718+09:00,"Kingさん🌺

今回の曲は、いつもの力強いロックとはまた違って、とても爽やかな風を感じました😊

でも歌詞を読んでいくと、ただ心地よい風の物語ではなく、一度大きく人生につまずき、それでも、もう一度、風に乗りたいと願う姿が描かれているように感じました。

「翼を失っていた」という一節が、とても印象的ですね💓

人生では、思い描いていたように飛べなくなる出来事や、大切なものを失う経験がありますよね。

それでも、風を感じたいという想いは消えない。

だから最後の一文が、とても希望に満ちていて心に残りました🥰

爽やかさの中に、深い人生の物語を感じる素敵な作品でした✨

だからこの曲は、「飛べなくなった人の歌」ではなく、「それでも心は風を忘れていない人の歌」として受け取りました🍃"
nc89d4e5c5f7fc,n8d7224175057,ca17527cfe63f65cebf3883988786b79,donchan1962,donchan_13,https://assets.st-note.com/production/uploads/images/183217910/profile_a33ecb57f18c7bbea28e041c386d47a2.jpeg?fit=bounds&format=jpeg&quality=85&width=330,2026-07-02T20:03:58.483+09:00,"こんばんは🌇
いつもありがとうございます
記事、マガジンへの追加、感謝申し上げます"
ncc2ea609e3248,nceeb64ae9167,ca17527cfe63f65cebf3883988786b79,donchan1962,donchan_13,https://assets.st-note.com/production/uploads/images/183217910/profile_a33ecb57f18c7bbea28e041c386d47a2.jpeg?fit=bounds&format=jpeg&quality=85&width=330,2026-07-02T21:37:21.130+09:00,"こんばんは🌆
遅くに、恐縮です。
記事、マガジンへの追加、感謝申し上げます"
nc1dd961f981de,n5305861820bd,ffe289363d8a2ab4b1006d873deb8fe7,カワムラ｜AI擬人化漫画 | ChatGPTのヨシダ,chatgpt_ysd,https://assets.st-note.com/production/uploads/images/249464808/profile_d4725fb31aebb01259ae2d468cb09492.jpeg?fit=bounds&format=jpeg&quality=85&width=330,2026-07-03T01:20:14.356+09:00,"Kingさーんこんばんは。
良い曲、この曲を聴きながらマガジンの皆様のサムネイルをみて
エンドロールのように感じました。
テーマの風ともばっちりですね。
素敵な作品をありがとうございました💛"
ncbea190ed72e2,n5305861820bd,47ac127ec0bbe6902b9f372fd944ebf8,和田雄三｜AI×心理ブランディングデザイナー,glad_dill2129,https://assets.st-note.com/production/uploads/images/265848866/profile_b0e386a458b5c21f7f00921837c9ffad.png?fit=bounds&format=jpeg&quality=85&width=330,2026-07-03T00:41:31.964+09:00,"めずらしく正統派ですね😆
いい曲でした✨"
nc1e6bbdb70162,n5305861820bd,b60c6006e6818a147458dad11e6bc89f,瀬海歩（せかいあゆむ）,sekaiayumu25,https://assets.st-note.com/production/uploads/images/251395522/profile_6cb1552f68e13741419dd072f35f914e.jpg?fit=bounds&format=jpeg&quality=85&width=330,2026-07-03T13:03:24.917+09:00,"Kingさん
こんにちは☺️
コングラボードおめでとうございます❤
みなさんのおかげですって所がステキです✨
曲最後まで味わって聴かせていただきました。本気度が伝わってきて、声が凄く良いと思いました。

私も久しぶりに風に乗りたいです。私の翼はもげてますが。"
ncc579204f5a9f,n5305861820bd,b39624e9464ededa053a7cbf0de179ce,あな,ana_mama_english,https://assets.st-note.com/production/uploads/images/219621833/profile_8ef662d95d545fc74251b7700219beae.png?fit=bounds&format=jpeg&quality=85&width=330,2026-07-03T10:37:04.619+09:00,"Kingさん、おはようございます☀

すてきな曲ですね☺️
コングラボードおめでとうございます🎉

いつもありがとうございます🫶"
nc2fa67f8d6e2b,n5305861820bd,84725422db8ddb286fb3a293c306aebf,開運シェルパ,hanamiti369,https://assets.st-note.com/production/uploads/images/286658065/profile_51fafbf2b5a86f4432c7f61db5cf2dc5.png?fit=bounds&format=jpeg&quality=85&width=330,2026-07-03T08:06:06.405+09:00,"この一編には、逆境を経験した心の変化が、丁寧に描かれていると感じます。
人を傷つけたものと、もう一度求めるものが、同じ「風」であるという構造に、深い意味を受け取りました。人は痛みの原因を避けたくなるものですが、この小鳥は風を拒まず、関わり方を結び直そうとしています。翼という手段を失っても、願いだけは残る。逆境の中でも消えない、内なる願いの力強さが表現されていると思います。
誰の中にも、傷ついた経験と、それでも進みたいという氣持ちが、同時にあると思います。この作品は、その両方があっていい、と伝えてくれます。
上昇と降下が同じ景色を辿るという構成も美しいと感じます。良い時期もそうでない時期も、別々の出来事ではなく、一つの流れとして捉える視点に共感しました。
壁にぶつかって立ち止まっているとき、この作品を読むと氣持ちが動きます。自分の中にある「もう一度」という願いに、改めて向き合うきっかけをもらえると感じます。限られた時間でこの形に仕上げた、Kingさんの表現への情熱に、感銘を受けました。これからの創作を楽しみにしています。"
nc0f32877a4460,n5305861820bd,f1fa566e0454f67250e5b68988fd02a4,やさい,yasaistory,https://assets.st-note.com/production/uploads/images/254968683/profile_d779b13204b382b0c16d6c2b48fea44a.jpg?fit=bounds&format=jpeg&quality=85&width=330,2026-07-03T06:34:54.135+09:00,"おはようございます✨

いい曲ですね💖
Kingさんの多才さは凄いですね💦
何でも出来る人だ〜✨✨✨"
nc7353654a1320,n5305861820bd,7ae61cdc36195b1d35747a2b6c31e755,MOMO,nice_falcon1638,https://assets.st-note.com/production/uploads/images/255901015/profile_6525db155d39a72703a0bea6883ea75b.jpg?fit=bounds&format=jpeg&quality=85&width=330,2026-07-03T15:31:52.298+09:00,"Kingさん、こんにちは！

コングラおめでとうございます☺️

風とても良い曲ですね♡
ずっと聴いていたい…

"
nc633a483705f1,nfa8d47a22c3a,e65e22817ad54324715fc4bc5882ae3b,まんまる,psyshin,https://assets.st-note.com/production/uploads/images/269144961/profile_2ddd16bbb0f86761640576ac43019453.png?fit=bounds&format=jpeg&quality=85&width=330,2026-07-03T17:46:52.422+09:00,"kingさん

私の記事をマガジンにピックアップしていただき有難う御座います。
お陰様で沢山の方にスキをいただきました！"
nca12e79ad2027,n5305861820bd,1ef4435612c1f36fd963bcdd8ace0d73,のあ｜自分に戻る思索note,joyful_salvia906,https://assets.st-note.com/production/uploads/images/244581020/profile_a075505b43aab98267d3b165ed95521a.png?fit=bounds&format=jpeg&quality=85&width=330,2026-07-03T22:32:24.602+09:00,"Kingさん
こんばんは😊

曲、とても素敵でした✨
アコギのビート感が気持ちよかったです！

また明日をがんばろう、という気持ちを頂きました。
ありがとうございます！"
nc0276d6e5dc70,ncd29a54b2113,2df543d041f077aba9575a76b09fe7a1,イロドリの詩,irodori_rihans,https://assets.st-note.com/production/uploads/images/212221755/profile_49d82f7110d37cac9f24dc856c9b9ef4.png?fit=bounds&format=jpeg&quality=85&width=330,2026-07-03T20:03:05.905+09:00,"もちろん押しますし🙂‍↕️
なんならマガジンにも入れました。🤣🤣"
nc5dcacd8c6c72,nfa8d47a22c3a,bd582364aa0b44c3434da1c766e830cf,小島すがも,kojima_sugamo,https://assets.st-note.com/production/uploads/images/285324530/profile_9d0cb7a9b5d306860a0cab9a95f15b9d.jpg?fit=bounds&format=jpeg&quality=85&width=330,2026-07-03T22:58:52.024+09:00,"kingさん☺️いつもマガジン追加して下さってありがとうございます！
感謝が止まらないです🥰"
ncbd050fe69f7e,n5305861820bd,3a25989705d811d276a669c386e1263a,まなつ/突出マイノリティ列伝,tosshutsu_m,https://assets.st-note.com/production/uploads/images/270829435/profile_710697fc3d1bae7e7da7a9140421298b.png?fit=bounds&format=jpeg&quality=85&width=330,2026-07-04T01:43:16.879+09:00,"ステキですね！私は""自由""のテーマで1つ下書きを作ったのですが、自然と風でも書きたいと思っています(๑•̀ㅂ•́)و✧"
nc5dfbe714e4f6,n5305861820bd,fdfcb42dbb3ca6a92977feeb331299bf,ヤマコヤーマン,yamayamako3,https://assets.st-note.com/production/uploads/images/264908732/profile_22f5b0d83f87ee87628a50db08f251bb.png?fit=bounds&format=jpeg&quality=85&width=330,2026-07-04T00:22:31.735+09:00,"Kingさん
素敵な曲です。また前を向く歌詞も！アコギのシャカシャカも好きです！
"
ncb1dd4f43687d,n5305861820bd,0af9b366e7056bb35316462e699e0daa,じゅんのすけ,juicy_lynx3773,https://assets.st-note.com/production/uploads/images/264606998/profile_3edebb8ec7da186bb321afc081d561b0.png?fit=bounds&format=jpeg&quality=85&width=330,2026-07-04T00:18:20.394+09:00,"Kingさん
今回もめっちゃいい曲♫♪

ちび創作大賞まで参加とは😲
Kingさん、やっぱすごいです✨"
nc3fce5252286a,n8d7224175057,fdfcb42dbb3ca6a92977feeb331299bf,ヤマコヤーマン,yamayamako3,https://assets.st-note.com/production/uploads/images/264908732/profile_22f5b0d83f87ee87628a50db08f251bb.png?fit=bounds&format=jpeg&quality=85&width=330,2026-07-04T00:34:27.938+09:00,"Kingさん

決別も断罪も、ストレートな歌詞で気持ちいいです。文字だと強い内容も曲になるとカッコいい！となる音楽の不思議。

訃報は、メロディラインの切ない感じと相まって切ないです。。"
ncf35940b142d2,n5305861820bd,501075b33bc8fff4716e8e39cb47e74a,りんごあめ,aogunjyou_205,https://assets.st-note.com/production/uploads/images/244320088/profile_b53bcb9297c65530f6e56ea129a55d08.jpeg?fit=bounds&format=jpeg&quality=85&width=330,2026-07-04T05:54:14.631+09:00,"Kingさん　元気ですか？
いつも記事をマガジンへ掲載していただき、本当にありがとうございます😊
本当に嬉しく思っています🍎"
ncdf3e49389e7e,n5305861820bd,6177eba6fd351e2a90dd1013b904bcd6,幸せの架け橋カエル｜境界線ケア,lively_salvia775,https://assets.st-note.com/production/uploads/images/209698581/profile_ba002a3bb07b319e0311b6b0b05faf9d.png?fit=bounds&format=jpeg&quality=85&width=330,2026-07-04T03:16:58.776+09:00,"kingさん、掲載ありがとうございます😊✨

アコギいい感じですね👍✨

🐸昔、少しだけアコギ弾いてました。（主に長渕剛さん）笑

懐かしさを少し感じつつ、体がたて揺れしてました笑

ステキな曲を聴かせていただきありがとうございます✨"
nca67a88be2c3c,nfa8d47a22c3a,6c5718f0559167163536f432fea246be,かみん,mi_0716,https://assets.st-note.com/production/uploads/images/262988443/profile_5a103c8c3708f35983a127cdfd7f9972.png?fit=bounds&format=jpeg&quality=85&width=330,2026-07-04T11:00:07.835+09:00,"kingさん、はじめまして✨
マガジンに掲載していただき、ありがとうございます！
とても励みになりました😭"
nc1a6b21a57951,nfa8d47a22c3a,415257ea24ee4a558f7b688217d891f5,兎文人,xanadu_rabbit,https://assets.st-note.com/production/uploads/images/276038738/profile_3e9082d56563a6741e95c19f588833ac.jpeg?fit=bounds&format=jpeg&quality=85&width=330,2026-07-04T08:03:31.544+09:00,"kingさん

はじめまして。
マガジンに追加していただきありがとうございます❗️
連絡遅れて大変失礼いたしました。
多くの方に読んでいただけてとても励みになります。✨"
nc77950c2b3d60,n5305861820bd,377fd4d5168f51767722d1936a70fe4b,紫の花園で夢を語る,gifted_crane248,https://assets.st-note.com/production/uploads/images/181998592/profile_68c04afa5da70d60e85e722a182fafa6.png?fit=bounds&format=jpeg&quality=85&width=330,2026-07-04T10:20:56.015+09:00,"こんにちは
初めまして🤗

空を飛び落下し、それで何かを得て
また飛翔する🥰ですね

私の拙い詩をマガジンでご紹介ありがとうございます🙇

"
nc0c734648599f,n5305861820bd,aa396818ce9b68951cae09c5b738014e,Torori（とろり）🌱 毒親育ちへ「心穏やかな恋」を届ける人【フォロバ100】,torori_20260101,https://assets.st-note.com/production/uploads/images/242495675/profile_d6bfee66de6dbec64ca70c2649f987aa.png?fit=bounds&format=jpeg&quality=85&width=330,2026-07-04T07:18:38.854+09:00,"Kingさん

おはようございます(*^^*)

忙しい時に限って、何かを思いついてしまう時、ありますよね😂

創作大賞、間に合うでしょうか？

応援しています🎉

今も創作の世界で風に乗っていると思います～🦅"
ncb5a06930e8b4,n244bce00bccf,bd582364aa0b44c3434da1c766e830cf,小島すがも,kojima_sugamo,https://assets.st-note.com/production/uploads/images/285324530/profile_9d0cb7a9b5d306860a0cab9a95f15b9d.jpg?fit=bounds&format=jpeg&quality=85&width=330,2026-07-05T05:25:43.085+09:00,"地獄カッコいい!
すご！"
nc9560813adf06,n8d7224175057,0ee830c8590e2b12d74c243f30209743,🐰りりぃ｜働く女子の心の声,unique_wren1931,https://assets.st-note.com/production/uploads/images/278691815/profile_fcfdb6eabab8f25ba11d66a2fe9fe412.png?fit=bounds&format=jpeg&quality=85&width=330,2026-07-05T10:47:48.278+09:00,"Kingさん😊

いつもマガジンに追加してくださり、本当にありがとうございます✨

どの曲も、Kingさんのまっすぐで素直な気持ちが込められていて、聴きながらジーンとしました。

私、Kingさんを知ってまだ間もないのですが、作品が本当に全部タイプなんです☺️

きれいごとではなく、ご自身の想いや経験をそのまま言葉にされているからこそ、まっすぐ心に響くんだろうなと感じました。

いつも素敵な作品をありがとうございます✨"
nc9a3d1f075c1d,n9101ede99d42,57bf29248e5c5e9f2c2251842c484033,「欲望の観察者」,namakee0112,https://assets.st-note.com/production/uploads/images/267834789/profile_1893de88acbf5c40c52827f18763ec0e.png?fit=bounds&format=jpeg&quality=85&width=330,2026-07-05T16:37:30.251+09:00,"kingさま

やっぱり、創作大賞エントリー作品はコチラですよね！！kingさんのファンとしては、団長シリーズの行方も気になり、エントリーされてる全作品を制覇したい！勝手に追っかけしてます🥰🥰"
nc51ac4a8191c9,na67b129ad9ab,ca17527cfe63f65cebf3883988786b79,donchan1962,donchan_13,https://assets.st-note.com/production/uploads/images/183217910/profile_a33ecb57f18c7bbea28e041c386d47a2.jpeg?fit=bounds&format=jpeg&quality=85&width=330,2026-07-05T18:12:50.077+09:00,"こんにちは。
いつもありがとうございます
記事、マガジンへの追加、感謝申し上げます"
nc948c01f0c4d4,n5305861820bd,0ee830c8590e2b12d74c243f30209743,🐰りりぃ｜働く女子の心の声,unique_wren1931,https://assets.st-note.com/production/uploads/images/278691815/profile_fcfdb6eabab8f25ba11d66a2fe9fe412.png?fit=bounds&format=jpeg&quality=85&width=330,2026-07-05T22:16:28.803+09:00,"Kingさん😊

いつもマガジンに追加してくださり、ありがとうございます🌸

曲、とても素敵でした✨
サビでじわぁっと鳥肌が立ちました。

Kingさん、本当に守備範囲が広いですね😳

創作大賞に、ちび創作大賞に、お忙しい中で素敵な作品をありがとうございます☘️
お忙しい毎日かと思いますが、応援しています✨"
nce25857fb7667,n5305861820bd,2d0269ce6c817ae41f311531d14994f3,雪詠｜ゆきよみ,yukiyomi,https://assets.st-note.com/production/uploads/images/289479442/profile_b94316985c57b9c7a8b78e470b638ccf.png?fit=bounds&format=jpeg&quality=85&width=330,2026-07-05T21:25:46.637+09:00,"はじめまして✨

はじまりのアコギの感じが大好きです
風を感じるいい曲ですね♪
マガジンにシェアいただきありがとうございます🌸✨"
nc670a366504ad,n8d7224175057,6c5718f0559167163536f432fea246be,かみん,mi_0716,https://assets.st-note.com/production/uploads/images/262988443/profile_5a103c8c3708f35983a127cdfd7f9972.png?fit=bounds&format=jpeg&quality=85&width=330,2026-07-05T21:31:44.942+09:00,"Kingさん、こんばんは✨
マガジンに掲載してくださり、ありがとうございます！

コングラおめでとうございます🎉
どの曲も素敵だけど、特に訃報はメロディも歌詞もぐっとくるものがありました😭
素敵な記事をありがとうございます😊"
ncae2fdda44a4c,nc04c15ef1cb4,501075b33bc8fff4716e8e39cb47e74a,りんごあめ,aogunjyou_205,https://assets.st-note.com/production/uploads/images/244320088/profile_b53bcb9297c65530f6e56ea129a55d08.jpeg?fit=bounds&format=jpeg&quality=85&width=330,2026-07-05T20:36:49.457+09:00,"Kingさん　こんばんは⭐️

いつもマガジンへ掲載していただきありがとうございます。
これからもゆっくりと自分のペースで言葉を綴っていきたいと思います。本当にいつも感謝です🍎"
nc79a3ca16f418,nfa8d47a22c3a,b425350fc6b3fda6e89dcb3b58699ad0,嶺菜/Kou lena smil🌈,junna1001dz,https://d2l930y2yx77uc.cloudfront.net/assets/default/default_profile_4-e3b57528da29acad20d5a2db33268c87f1d39015448757ddf346d60fb5861e49.png,2026-07-06T12:25:33.698+09:00,"kingさん！！！
こんにちは😊✨

毎回マガジンへ追加していただけて、ありがたい気持ちで溢れております🙏

原動力に、更に光を灯してくださいましてありがとうございます🌺🌈"
nce2b586642c77,n5305861820bd,ca17527cfe63f65cebf3883988786b79,donchan1962,donchan_13,https://assets.st-note.com/production/uploads/images/183217910/profile_a33ecb57f18c7bbea28e041c386d47a2.jpeg?fit=bounds&format=jpeg&quality=85&width=330,2026-07-06T11:56:49.586+09:00,"こんにちは。
いつもありがとうございます
記事、マガジンへの追加、感謝申し上げます"
nce294ad0f5e76,nfa8d47a22c3a,7bb11bfec7aa13e8816324ba733829f9,月凪（つきなぎ）,like_ferret2194,https://assets.st-note.com/production/uploads/images/274044810/profile_94b40ef52fd48a8e14b98a9c74ff0f7c.jpeg?fit=bounds&format=jpeg&quality=85&width=330,2026-07-06T17:15:58.284+09:00,Kingさん、ご多忙な中マガジンに追加していただきましてありがとうございます🍀嬉しいです✨
nc117f63a6775e,n5305861820bd,78376ee2a13f87a68be09b41f4fcf1be,津田祐希（ゆきてぃ）,love_peace_2023,https://assets.st-note.com/poc-image/manual/preset_user_image/production/i1bbf72cee783.jpg,2026-07-06T16:42:32.263+09:00,"Kingさん
最近は翼のかわりになるドローンが
あります！
私の絵本のご紹介ありがとうございます。
「おいけのかえる」も届くのを楽しみに
しています。

感謝マガジンにも入れて頂き
ありがとうございました。"
nc81ef94c433ba,n5305861820bd,e982fdf05f20acb46019f81510373a44,氣幸師NORIKO,genial_holly7158,https://d2l930y2yx77uc.cloudfront.net/assets/default/default_profile_3-39088fff430aa9ec11d6e2a385dbcad45c8b79bde6c0c9ded10cd7abb960174f.png,2026-07-06T13:52:48.355+09:00,"Kingさん、こんにちは！
【それでも 久しぶりに 風に乗りたい】

この言葉が心に残りました。

翼を失うほどの出来事があっても、風を感じたいという願いは消えないのかもしれません。その希望に、人の強さを感じます。
失ったものだけではなく、これから吹く風にも目を向けて歩んでいけたらと感じました🌿

PS：マガジンへ追加していただきありがとうございました。
　　とても励みになります✨"
nc1d443fe40dd9,nd3b15e59ffd1,78376ee2a13f87a68be09b41f4fcf1be,津田祐希（ゆきてぃ）,love_peace_2023,https://assets.st-note.com/poc-image/manual/preset_user_image/production/i1bbf72cee783.jpg,2026-07-06T16:49:56.677+09:00,"Kingさん
私もはじめの頃に読者さんから
頂いたスキが嬉しかったです。
いいね、ではなく
スキ、がミソですね。

感謝マガジンにも
入れて頂きありがとうございます。"
nc27286995e7e5,n743d06846520,ca17527cfe63f65cebf3883988786b79,donchan1962,donchan_13,https://assets.st-note.com/production/uploads/images/183217910/profile_a33ecb57f18c7bbea28e041c386d47a2.jpeg?fit=bounds&format=jpeg&quality=85&width=330,2026-07-06T16:17:32.539+09:00,"？お姉さん、IQ160もあったのですか。
凄い。
kingさんも、高いレベルなんじゃないの？
面白さを書けるのは、そのせいじゃないの。"
nc4fe30306fd07,n4648fe204e50,ca17527cfe63f65cebf3883988786b79,donchan1962,donchan_13,https://assets.st-note.com/production/uploads/images/183217910/profile_a33ecb57f18c7bbea28e041c386d47a2.jpeg?fit=bounds&format=jpeg&quality=85&width=330,2026-07-06T16:13:47.479+09:00,"パワーに圧倒されます。
素晴らしい👍"
nc1396dbdfd304,n1cb6f13b38fd,ca17527cfe63f65cebf3883988786b79,donchan1962,donchan_13,https://assets.st-note.com/production/uploads/images/183217910/profile_a33ecb57f18c7bbea28e041c386d47a2.jpeg?fit=bounds&format=jpeg&quality=85&width=330,2026-07-06T16:11:19.209+09:00,独特の世界観があって、ポジティブさを感じます。
ncd43ed43562d7,n3d8786dc666d,ca17527cfe63f65cebf3883988786b79,donchan1962,donchan_13,https://assets.st-note.com/production/uploads/images/183217910/profile_a33ecb57f18c7bbea28e041c386d47a2.jpeg?fit=bounds&format=jpeg&quality=85&width=330,2026-07-06T16:09:15.775+09:00,"もう、記事自体が、ラッキー✌️ですね。
threadsでは、寝不足だと言えば、ラッキーやないか🤣"
nc3d3d6dd2d979,nfa8d47a22c3a,4bfa1f0314a89f7e530990f2929debc0,ひまわり,safe_hawk6284,https://assets.st-note.com/production/uploads/images/283380447/profile_5f2aa23037a83b14e7e2db1934a1eca7.png?fit=bounds&format=jpeg&quality=85&width=330,2026-07-06T18:40:13.417+09:00,"kingさん、はじめまして✨
ひまわりと申します🌻

マガジンに追加していただきありがとうございます😊
とても嬉しいです✨

今後ともよろしくお願いいたします🙇‍♀️✨
"
nc24c591cb832e,n5305861820bd,ccdd5511e48e8802f5f8d15b40e54269,カズボーイ,fancy_bobcat6056,https://assets.st-note.com/production/uploads/images/242623631/profile_6f4a796db46837d933f179fc611d1002.png?fit=bounds&format=jpeg&quality=85&width=330,2026-07-06T19:51:57.765+09:00,"Kingさん、こんばんは。
いつもありがとうございます😊

アクシデントから翼を失ってしまったけど、もう一度飛びたいという願いに希望を感じました。そして願いが何か行動につながる気がして、印象に残りました。
さらに、ゆるやかで力強く素敵な曲だと思いました🌟

記事をマガジンへ追加していただき、ありがとうございます。
今後ともよろしくお願いいたします。"
nc083a90d11089,n398f6a830c32,ca17527cfe63f65cebf3883988786b79,donchan1962,donchan_13,https://assets.st-note.com/production/uploads/images/183217910/profile_a33ecb57f18c7bbea28e041c386d47a2.jpeg?fit=bounds&format=jpeg&quality=85&width=330,2026-07-06T18:29:50.259+09:00,"こんばんは🌇
いつもありがとうございます
記事、マガジンへの追加、感謝申し上げます"
nc1672555ce569,ncb177b7b33c3,ca17527cfe63f65cebf3883988786b79,donchan1962,donchan_13,https://assets.st-note.com/production/uploads/images/183217910/profile_a33ecb57f18c7bbea28e041c386d47a2.jpeg?fit=bounds&format=jpeg&quality=85&width=330,2026-07-06T20:45:11.761+09:00,"笑うな〜。
何が、次は、確実に沼らせます？
🤣"
nce5477e86309f,nee6c06cc3342,ca17527cfe63f65cebf3883988786b79,donchan1962,donchan_13,https://assets.st-note.com/production/uploads/images/183217910/profile_a33ecb57f18c7bbea28e041c386d47a2.jpeg?fit=bounds&format=jpeg&quality=85&width=330,2026-07-06T20:42:00.182+09:00,"そうそう、Instagramを見れば、コングラがあって、threadsにもあって、なんやねん😂
素晴らしい👍"
nc0da94c2c6944,neef45dcd37d2,ca17527cfe63f65cebf3883988786b79,donchan1962,donchan_13,https://assets.st-note.com/production/uploads/images/183217910/profile_a33ecb57f18c7bbea28e041c386d47a2.jpeg?fit=bounds&format=jpeg&quality=85&width=330,2026-07-06T20:39:16.909+09:00,本当にラッキー✌️な記事ですね。🤣
ncbfbe901cda31,nb2a2de3ab99b,ca17527cfe63f65cebf3883988786b79,donchan1962,donchan_13,https://assets.st-note.com/production/uploads/images/183217910/profile_a33ecb57f18c7bbea28e041c386d47a2.jpeg?fit=bounds&format=jpeg&quality=85&width=330,2026-07-06T20:37:17.284+09:00,"記事が面白いんだよね〜🤣
やっぱり、優れた頭脳を持っているんですね。"
nc70360c853481,n0cece0737829,ca17527cfe63f65cebf3883988786b79,donchan1962,donchan_13,https://assets.st-note.com/production/uploads/images/183217910/profile_a33ecb57f18c7bbea28e041c386d47a2.jpeg?fit=bounds&format=jpeg&quality=85&width=330,2026-07-06T20:11:38.792+09:00,"Ｘ、凍結してたんですね。
私は今、Instagramが凍結してます。
kingさんの頭の中は、凄い👏 👏 👏
"
nc72b50dd7e470,nfa8d47a22c3a,36c797e38a27c1a961447149f1e26f00,タピ,ready_harte8280,https://assets.st-note.com/production/uploads/images/272168408/profile_3c52f5313b371eee23c698ed6f032612.png?fit=bounds&format=jpeg&quality=85&width=330,2026-07-06T22:16:03.744+09:00,"kingさん　
はじめまして😊

マガジン掲載していただき、
ありがとうございました😊

素敵なマガジンの一員に加えていただけて、とても嬉しいです。
これからも楽しみに読ませていただきます。

今後ともよろしくお願いいたします🍀"
nc383ad511bf34,n5305861820bd,1aca3ffd7b22c8b0ced79d7f4963f990,いそひよ,isohiyo_310,https://assets.st-note.com/production/uploads/images/250162492/profile_bf1935138237d8eb7032e54430c9729d.png?fit=bounds&format=jpeg&quality=85&width=330,2026-07-06T23:20:19.670+09:00,"はじめまして

この度はマガジンに掲載して頂きありがとうございます。

普段、曲を発信されているnoteはあまり積極的に訪ねないのですが、歌詞に引き寄せられて最後まで聴き入ってしまいました😊

風に乗った余韻に浸っています。"
ncf487eccf32cf,n5305861820bd,ca17527cfe63f65cebf3883988786b79,donchan1962,donchan_13,https://assets.st-note.com/production/uploads/images/183217910/profile_a33ecb57f18c7bbea28e041c386d47a2.jpeg?fit=bounds&format=jpeg&quality=85&width=330,2026-07-06T21:24:47.131+09:00,"こんばんは🌇
いつもありがとうございます
記事、マガジンへの追加、感謝申し上げます"
nc01442d5f977c,na67b129ad9ab,1ef4435612c1f36fd963bcdd8ace0d73,のあ｜自分に戻る思索note,joyful_salvia906,https://assets.st-note.com/production/uploads/images/244581020/profile_a075505b43aab98267d3b165ed95521a.png?fit=bounds&format=jpeg&quality=85&width=330,2026-07-06T23:26:41.584+09:00,"Kingさん
こんばんは(^^)
マガジン追加、ありがとうございます😊
スキ、「押させて」頂きます笑

いつも本当にありがとうございます(^^)！"
nc32804153af2e,na67b129ad9ab,6c5718f0559167163536f432fea246be,かみん,mi_0716,https://assets.st-note.com/production/uploads/images/262988443/profile_5a103c8c3708f35983a127cdfd7f9972.png?fit=bounds&format=jpeg&quality=85&width=330,2026-07-06T23:04:00.868+09:00,"Kingさん、こんばんは✨
スキ、マガジンへの追加ありがとうございます！

皆さんへの愛ある放置プレイ、素敵だなって思いました😂"
ncae5d9ca65f45,n4c5e512dce6d,f78a2ca8ad5d60dfb5744370b6f76fe3,どらみ 　（柴垣節子）,dolami_setsuko87,https://assets.st-note.com/production/uploads/images/290097031/profile_c9440adb39bcb43a6ef7ac0349f2b088.png?fit=bounds&format=jpeg&quality=85&width=330,2026-07-07T00:16:55.500+09:00,"はじめまして！　私の記事に　スキ、マガジンにも入れていただき、どうもありがとうございます！　語学オタクの音楽家、おーむかしの　旧東欧のことなど書いております。
育児→自分が大病→訪問演奏＋英会話講師→資金を稼いで　演奏活動続行　→　親のダブル介護で　やむを得ず　介護離職。　自由も得た今は、命ある間に　悔いなく　書いておこう・・と言語（多言語）と　書くことに多く時間を割いています。感謝^^💗　どらみ　拝"
nc76f29345ad9d,nfa8d47a22c3a,9c430d39164a2571113f0e66477894c2,コムギ,komugi1234,https://assets.st-note.com/production/uploads/images/251886093/profile_18c43ab2aa57af950ff572e6e6c59722.jpg?fit=bounds&format=jpeg&quality=85&width=330,2026-07-07T07:45:56.467+09:00,"おはようございます。

素敵なマガジンに追加していただきとてもうれしいです。
ありがとうございます。

これからもどうぞよろしくお願いします。

また寄らせてもらいますね。"
ncdb1bafeb96f5,nd85cc3ca9a61,ca17527cfe63f65cebf3883988786b79,donchan1962,donchan_13,https://assets.st-note.com/production/uploads/images/183217910/profile_a33ecb57f18c7bbea28e041c386d47a2.jpeg?fit=bounds&format=jpeg&quality=85&width=330,2026-07-07T13:02:21.113+09:00,"こんにちは。
いつもありがとうございます
記事、マガジンへの追加、感謝申し上げます"
nc610ba98fb241,nd85cc3ca9a61,47ac127ec0bbe6902b9f372fd944ebf8,和田雄三｜AI×心理ブランディングデザイナー,glad_dill2129,https://assets.st-note.com/production/uploads/images/265848866/profile_b0e386a458b5c21f7f00921837c9ffad.png?fit=bounds&format=jpeg&quality=85&width=330,2026-07-07T12:52:24.296+09:00,"洋楽はカッコいいと思ってましたがあまり聴いてませんでした😆
シブい曲聴きながらお酒飲んでるんですね✨"
nc224207999573,nd85cc3ca9a61,dc157540cc91b85018fc2caf1ebe6e1d,空風マナミ　,sorakaze_works,https://assets.st-note.com/production/uploads/images/247072511/profile_f8c3cb6911c80de4c8b865ead1a349c6.png?fit=bounds&format=jpeg&quality=85&width=330,2026-07-07T12:50:44.785+09:00,"Kingさん、
お疲れ様です！
いつもありがとうございます♪

あまり自分からは聴かない曲なので、新鮮でした。
服装に目がいってしまい、Kingさんの今日のファッションを妄想しました😄"
nc4ca862d59825,nd85cc3ca9a61,ca17527cfe63f65cebf3883988786b79,donchan1962,donchan_13,https://assets.st-note.com/production/uploads/images/183217910/profile_a33ecb57f18c7bbea28e041c386d47a2.jpeg?fit=bounds&format=jpeg&quality=85&width=330,2026-07-07T12:28:00.451+09:00,"コングラ、おめでとう御座います㊗️
今日の曲は、良いですね。
AC/DCが大好きです。"
nc4ee0205c451f,n9101ede99d42,84725422db8ddb286fb3a293c306aebf,開運シェルパ,hanamiti369,https://assets.st-note.com/production/uploads/images/286658065/profile_51fafbf2b5a86f4432c7f61db5cf2dc5.png?fit=bounds&format=jpeg&quality=85&width=330,2026-07-07T12:16:01.620+09:00,"Kingさん、この記事を読んで、なるほどと思いました。
心地よく感じる言葉と、厳しく感じる言葉。人はどうしても前者を信じたくなりますが、優しい言葉も厳しい言葉も、受け取った時点ではまだ、本心か建前かを判断できません。同じ人の口から、あるいは同じ人の文章から、どちらも出てくることがあります。本当に見るべきは、その人が普段どんな行動を積み重ねているかという一点だけなのだと思います。困った時にどれだけの時間を割いてくれるか、いざという時に自分を優先してくれるか。これは特別な観察力がなくても、注意して見ていれば誰にでも氣づけることですね。
これは相手を見極める話であると同時に、自分自身を見極める話でもあるという点が印象に残りました。自分は誰かのために本当に動けているか、それとも言葉だけで済ませていないか。
Kingさんのエッセイは、読む人それぞれに、自分自身の行動を振り返らせる力を持っていると感じました。
言葉は入り口に過ぎず、その先にある行動こそが、人と人との信頼を少しずつ形づくっていくのだと、あらためて教えていただいた気がします。
これからのKingさんの記事も楽しみにしています。"
nc05f86ff70627,nd85cc3ca9a61,0ee830c8590e2b12d74c243f30209743,🐰りりぃ｜働く女子の心の声,unique_wren1931,https://assets.st-note.com/production/uploads/images/278691815/profile_fcfdb6eabab8f25ba11d66a2fe9fe412.png?fit=bounds&format=jpeg&quality=85&width=330,2026-07-07T16:50:07.526+09:00,"Kingさん😊

いつもマガジンに追加してくださり、ありがとうございます🌸

えっ、80年代ってこんな素敵な曲がいっぱいあるんですね😳✨

新しい発見ができて嬉しかったです☺️

そして、Kingさんが普段聴かれている曲を知ることができて、Kingさんの背景を少し知れた気がして、それもまた嬉しかったです☘️

いつもお忙しい中、スキやコメントもありがとうございます😌

創作大賞も、今からすでに応援しております😆"
nc030b37fa9fcb,nd85cc3ca9a61,c57b90e88def472f75594cb7e1456444,龍神,tatsuopapa,https://assets.st-note.com/production/uploads/images/195297097/profile_8bc9db642d186cf7b66339af17c27bd2.png?fit=bounds&format=jpeg&quality=85&width=330,2026-07-07T16:06:20.030+09:00,"Kingさん、記事拝読しました。

好きな音楽を語る言葉の中に、Kingさんの熱と歩んできた時間がにじんでいて、とても味わい深かったです。

創作大賞へ向けた編集作業も、お墓参りも、本当におつかれさまでした。

コングラもおめでとうございます✨"
ncd1aa097730d7,nd85cc3ca9a61,fdfcb42dbb3ca6a92977feeb331299bf,ヤマコヤーマン,yamayamako3,https://assets.st-note.com/production/uploads/images/264908732/profile_22f5b0d83f87ee87628a50db08f251bb.png?fit=bounds&format=jpeg&quality=85&width=330,2026-07-07T15:21:05.729+09:00,"80年代のMV、いいですねぇ。モトリー・クルーとかオジー・オズボーンとか今聞いてもカッコいいです。

お忙しい中、いつもスキ、マガジン追加ありがとうございます！"
ncc998e70a6bd4,nd85cc3ca9a61,d935afcef3d45372668600a97b8eea46,天野 雫,proper_bonobo536,https://assets.st-note.com/production/uploads/images/252856370/profile_866f40df26780c146ef9459cf81a675c.png?fit=bounds&format=jpeg&quality=85&width=330,2026-07-07T15:18:43.111+09:00,"Kingさん
たくさんのコングラボード
おめでとうございます🎉

今日は子供の保護者懇談会で結構大変でした💦（←だから何？🤣）

では♪"
nc41f31a375219,nd85cc3ca9a61,0af9b366e7056bb35316462e699e0daa,じゅんのすけ,juicy_lynx3773,https://assets.st-note.com/production/uploads/images/264606998/profile_3edebb8ec7da186bb321afc081d561b0.png?fit=bounds&format=jpeg&quality=85&width=330,2026-07-07T15:11:04.069+09:00,"Kingさん、こんにちは！
毎回コングラすごすぎます😲
おめでとうございます👏✨
さすがKingさんです😆"
nc386b5d197270,nd85cc3ca9a61,5b2e3afced04534686af4e6ad9397ceb,tomomi｜静かな美容設計,brave_spirea2871,https://assets.st-note.com/production/uploads/images/264353778/profile_a9a6890110418aa78678f4fb5ac1c8f0.jpeg?fit=bounds&format=jpeg&quality=85&width=330,2026-07-07T14:28:32.484+09:00,"Kingさん、こんにちは☺️✨
いつもマガジン追加ありがとうございます✨

80年代HM/HRプレイリスト、凄くパワフルですね！
私は普段聞かない系統の音楽でしたので、すごく新鮮で楽しい気持ちになりました！

コングラもおめでとうございます✨
編集作業やお墓参りでお忙しかったかと思いますが、素敵な七夕をお過ごしくださいね☺️"
ncfe61202574b7,nd85cc3ca9a61,f1fa566e0454f67250e5b68988fd02a4,やさい,yasaistory,https://assets.st-note.com/production/uploads/images/254968683/profile_d779b13204b382b0c16d6c2b48fea44a.jpg?fit=bounds&format=jpeg&quality=85&width=330,2026-07-07T14:11:30.905+09:00,"お墓参りや創作大賞の編集といった日常の合間に、好きな曲を肴に一杯やるロックな時間の使い方が、なんともKingさんらしくて渋いですね✨
創作大賞も締め切り近いので、頑張ってください😊
応援してます😆"
nca0fd836811aa,nd85cc3ca9a61,ca17527cfe63f65cebf3883988786b79,donchan1962,donchan_13,https://assets.st-note.com/production/uploads/images/183217910/profile_a33ecb57f18c7bbea28e041c386d47a2.jpeg?fit=bounds&format=jpeg&quality=85&width=330,2026-07-07T13:44:48.863+09:00,"こんにちは。
いつもありがとうございます
記事、マガジンへの追加、感謝申し上げます"
ncd4423804f120,nd85cc3ca9a61,501075b33bc8fff4716e8e39cb47e74a,りんごあめ,aogunjyou_205,https://assets.st-note.com/production/uploads/images/244320088/profile_b53bcb9297c65530f6e56ea129a55d08.jpeg?fit=bounds&format=jpeg&quality=85&width=330,2026-07-07T13:34:05.623+09:00,"こんにちは。Kingさん

コングラおめでとうございます💐
たくさんのコングラすごいです👏

またいつもマガジンへ記事を掲載していただき、本当に嬉しいです☺️いつもありがとうございます♥️"
nc645a4aff7e2e,nd85cc3ca9a61,13f03d3a1ec4a172a7084a791c8c4703,"あいさん💗Iカウンセリングルーム セラピスト／ 臨床心理士×公認心理師｜支援歴16年・2,000名超",joyful_zebra1701,https://assets.st-note.com/production/uploads/images/291954704/profile_fc1fbb946656267139e1f6e56d7d68ed.png?fit=bounds&format=jpeg&quality=85&width=330,2026-07-07T13:29:43.941+09:00,"Kingさん、こんにちは🌸

七夕に80年代HR/HMのプレイリスト、Kingさんらしくていいですね🤭

音楽って、その人の記憶や好きな世界観がそのまま出る感じがして、プロフィール代わりになるのも素敵だなと思いました。

創作大賞の記事編集も、お墓参りも、本当におつかれさまでした😌

コングラもおめでとうございます🎊✨
これからもKingさんらしい世界を楽しみにしています🌈ᵕ̈*"
nc59336709a77b,nf9523dbd4ed4,a3bcc411a4c251239d492b2f079f5870,やも,yamo_note,https://assets.st-note.com/production/uploads/images/258648405/profile_ee869852783a5a9a11d34fd10d919f33.png?fit=bounds&format=jpeg&quality=85&width=330,2026-07-07T15:48:21.694+09:00,"きんさん😆🤝😆‼️

ありがとう😭

これならできそう！
あとはアルコール依存を抜けることやね！"
ncf517074ad718,nf9523dbd4ed4,6776a77e3449082bd7fc50e7a5aea015,erisa,real_erisa,https://assets.st-note.com/production/uploads/images/222847758/profile_7e02b0384badaf9aa63faf1b807ff997.png?fit=bounds&format=jpeg&quality=85&width=330,2026-04-18T21:25:01.364+09:00,"Kingさん、記事のご紹介ありがとうございます。拝見させていただきました！10kg以上の減量・・・！尊敬します！
何をやっても痩せなくなっていたのですが、やはり、おっしゃる通り、体重計に乗ること、歩数を増やすこと、そして糖質や脂質を抑えることですよね・・・。なかなか実践できないのですが、頑張ってみます！"
nc7c86392863c9,nd85cc3ca9a61,4d7884c1cad8153895dadb71ec1606cb,こーき｜心が少し軽くなる場所,i_am_151cm_boy,https://assets.st-note.com/production/uploads/images/236560109/profile_28f1fb163081001f12afa3f21b0dc40a.png?fit=bounds&format=jpeg&quality=85&width=330,2026-07-07T19:28:35.235+09:00,"Kingさん😊

今週も沢山のコングラおめでとうございます😆🎉✨

お墓参り大切にされるKingさんはやっぱり素敵です！❤️‍🔥

いつもありがとうございます😊✨"
ncf3860109c181,nd85cc3ca9a61,ea49ccb050923c8f32c4df30d3aafa4a,ママ薬剤師HONO（病院薬剤師）,hospital_ph_hono,https://assets.st-note.com/production/uploads/images/290931619/profile_413d37d78cf8c89db67f4770c38ad6cb.png?fit=bounds&format=jpeg&quality=85&width=330,2026-07-07T18:27:08.008+09:00,"うゎー✨
アイアンメイデン✨✨

大学時代、大好きでした😆😆

懐かしくて、つい大したこと書けないのにコメントしてしまいました😅

いつもスキありがとうございます💕"
nca28a5aa0f9c7,nd85cc3ca9a61,c2bf3fb737356ce4e0b1f47b310ccf53,音琴 ～go_chara～,lucid_hornet2442,https://assets.st-note.com/production/uploads/images/241037615/profile_011d60ebf0e17e1956abc71bc4156c2f.png?fit=bounds&format=jpeg&quality=85&width=330,2026-07-07T18:04:03.303+09:00,"Kingさん、こんにちわ。

たくさんのコングラボード
おめでとうございます！

たまにしかゆっくりされてない印象がありますが、
土日を使ってお墓参りに行かれたのですね。
ゆっくりできましたか？

お体ご自愛下さいね。"
nc77fd6c2088b4,ncc1828affef3,d935afcef3d45372668600a97b8eea46,天野 雫,proper_bonobo536,https://assets.st-note.com/production/uploads/images/252856370/profile_866f40df26780c146ef9459cf81a675c.png?fit=bounds&format=jpeg&quality=85&width=330,2026-07-07T23:16:59.068+09:00,私の通知が、質問箱に埋め尽くされてます💦
ncbf7b98985622,ncc1828affef3,f31c80eff59bbcbd33a585215e4d233e,俊,nifty_daisy5185,https://assets.st-note.com/production/uploads/images/240830637/profile_6db5e5d63617f16965953d59b8e2933e.png?fit=bounds&format=jpeg&quality=85&width=330,2026-07-07T23:13:19.896+09:00,アカウントに山程通知が来てて、何事じゃあ…とびっくらこいたぁ…です🥹
nce5e87ee45e3c,ncc1828affef3,cec4c608f21d7aa722cfc12802c896bf,MOON｜違和感の記録,dandy_sedum8677,https://assets.st-note.com/production/uploads/images/271470614/profile_112e71abeaceddb2ab033b49d5f56568.png?fit=bounds&format=jpeg&quality=85&width=330,2026-07-07T22:50:20.400+09:00,"Kingさん😊

これは笑います🤣✨

いつもありがとうございます🌙"
nc9238f694e355,nd85cc3ca9a61,209f3701abc5bae89b6dd62898c7916a,コンパス みき✨️好きのタネ🌱‬‪を育てる案内人,compass_m360,https://assets.st-note.com/production/uploads/images/253440713/profile_8b36220be6950ce90264f78d2b308c75.png?fit=bounds&format=jpeg&quality=85&width=330,2026-07-07T22:10:02.181+09:00,"Kingさん、こんばんは✨

すごいコングラの数ですね、おめでとうございます🎉
お墓参りだったんですね、大事ですね。
やっぱりガンズかなあ〜

いつもありがとうございます☺️

"
nc46f5a15b809b,ncc1828affef3,a3bcc411a4c251239d492b2f079f5870,やも,yamo_note,https://assets.st-note.com/production/uploads/images/258648405/profile_ee869852783a5a9a11d34fd10d919f33.png?fit=bounds&format=jpeg&quality=85&width=330,2026-07-08T03:14:10.942+09:00,"きんさん、こんばんは🌙

一瞬、首謀者なのかと思いました🥷"
ncbb7e2cf15d30,ncc1828affef3,fe6a3dfbf579f7f9f0eadb36aa5260ab,しずく,lucky_ram4890,https://assets.st-note.com/production/uploads/images/270484515/profile_f2deb3775d1acb5fb6b143d8ce8fd4b7.png?fit=bounds&format=jpeg&quality=85&width=330,2026-07-08T01:20:52.369+09:00,"kingさん、
質問箱の嵐でした笑😆"
nc400305f80811,ncc1828affef3,5792beedf51dea6547b4b3d298482ab4,丁寧な暮らし/生きやすさ探求家,gentle_gecko1078,https://assets.st-note.com/production/uploads/images/272850856/profile_5078d7016e37422cee3be424742ee433.png?fit=bounds&format=jpeg&quality=85&width=330,2026-07-08T00:15:58.900+09:00,"今日はめっちゃ通知来ましたね😂
質問箱…質問箱…質問箱………"
nc6989c6da41f8,ncc1828affef3,bbdfbbee728da7efba6d355e61d898ca,nagi｜副業・資格・note発信｜家族のために、一歩ずつ,nagi_2026,https://assets.st-note.com/production/uploads/images/287502281/profile_037a871b6e18c4d1683156a4dfd6c45a.jpeg?fit=bounds&format=jpeg&quality=85&width=330,2026-07-08T00:11:12.898+09:00,"こんばんは
謎の大量通知笑笑
でも本当に始めたKINGさんからの通知はございませんでした‥悲しみ💔"
nc595c248a2d03,ncc1828affef3,4a5abb8e8138fd6fbf5799cac2ec7926,コウヅキ ハナエ,hanaekaki,https://assets.st-note.com/production/uploads/images/262131492/profile_a2318ddf53f035c1f7d54b13c898e0e0.png?fit=bounds&format=jpeg&quality=85&width=330,2026-07-07T23:47:16.130+09:00,"こんばんは😀
私も大量通知砲にやられてびっくりしました😆💦

なるほど、Kingさんの仕業でしたか…😁✨納得です。(冗談ですよ～🤣)"
nc22d41c6b12b0,ncc1828affef3,d19a3859fb3b64965121daa3b81fd0de,A.K Wired Walker sapporo（骨折完治まであと少し）,ak_wired_walker,https://assets.st-note.com/production/uploads/images/139878383/profile_2fe756c4479c9e6234d74afe7dbbf85c.png?fit=bounds&format=jpeg&quality=85&width=330,2026-07-07T23:45:13.127+09:00,"一体何が起こっているのかと思いました💦
何かのキャンペーンなの？？
と思っていたら、少し合点がいきました。
皆さんも困惑しているのですね。
"
nce0c277d9a595,ncc1828affef3,dc157540cc91b85018fc2caf1ebe6e1d,空風マナミ　,sorakaze_works,https://assets.st-note.com/production/uploads/images/247072511/profile_f8c3cb6911c80de4c8b865ead1a349c6.png?fit=bounds&format=jpeg&quality=85&width=330,2026-07-07T23:24:30.378+09:00,"え、この通知砲、Kingさんの仕業ですか⁉️
通知がもうパニック🤣"
nce891773e8d74,ncc1828affef3,bede9bd0a510b6a3b89dcb460dd51ef5,ルルトアヤコ,lovely_coyote546,https://assets.st-note.com/production/uploads/images/292319875/profile_a76080f1df5dcae5ec23a11c17a6c577.jpeg?fit=bounds&format=jpeg&quality=85&width=330,2026-07-07T23:20:13.525+09:00,大量通知砲、ぶっ放してますやん🤣🤣
nc71866db7dd2b,nd85cc3ca9a61,aa396818ce9b68951cae09c5b738014e,Torori（とろり）🌱 毒親育ちへ「心穏やかな恋」を届ける人【フォロバ100】,torori_20260101,https://assets.st-note.com/production/uploads/images/242495675/profile_d6bfee66de6dbec64ca70c2649f987aa.png?fit=bounds&format=jpeg&quality=85&width=330,2026-07-08T05:36:42.424+09:00,"Kingさん

おはようございます(*^^*)

趣味全開のプレイリスト、来ましたね～＾＾

聞いてみたけど、３番めの「Nightrain」が１番好きでした✨️

音楽全然詳しくないけど、毎回プレイリストを聞いていると、興味が湧いてきますね。

生の演奏とか、聞きに行きたいな～と思います。
（そして飲みたい）

また遊びに来ますね＾＾

追伸

創作大賞の作業とお墓参り、お疲れ様でした🌱"
nc17e404ef19b7,ncc1828affef3,f0cb31ff7ca4d1f8b607a03e7890b133,山中サトシ│詩と小説の世界│元公務員クリエイター,fancy_nerine2305,https://assets.st-note.com/production/uploads/images/235720947/profile_6f42cba9cdaa52532b9423dda0e2f8f3.jpg?fit=bounds&format=jpeg&quality=85&width=330,2026-07-08T12:25:57.487+09:00,やばい数来ますね😆😆
nc920058962005,ncc1828affef3,13f03d3a1ec4a172a7084a791c8c4703,"あいさん💗Iカウンセリングルーム セラピスト／ 臨床心理士×公認心理師｜支援歴16年・2,000名超",joyful_zebra1701,https://assets.st-note.com/production/uploads/images/291954704/profile_fc1fbb946656267139e1f6e56d7d68ed.png?fit=bounds&format=jpeg&quality=85&width=330,2026-07-08T12:09:02.896+09:00,"KIngさん、こんにちは🌸

通知offにしても止まらないですね～
どういうこと！？
普段からお知らせが流れて追えていないのに…
もう無理ですよね💦"
nc98c73d99e51a,ncc1828affef3,0af9b366e7056bb35316462e699e0daa,じゅんのすけ,juicy_lynx3773,https://assets.st-note.com/production/uploads/images/264606998/profile_3edebb8ec7da186bb321afc081d561b0.png?fit=bounds&format=jpeg&quality=85&width=330,2026-07-08T09:29:33.330+09:00,大量通知砲、喰らいました〜🤣🤣🤣
nc147237d78fec,ncc1828affef3,4d7884c1cad8153895dadb71ec1606cb,こーき｜心が少し軽くなる場所,i_am_151cm_boy,https://assets.st-note.com/production/uploads/images/236560109/profile_28f1fb163081001f12afa3f21b0dc40a.png?fit=bounds&format=jpeg&quality=85&width=330,2026-07-08T08:40:24.824+09:00,質問箱の通知強烈ですわ〜😂
ncc20b255a7f5a,nd85cc3ca9a61,aeb2c3828cf888a774271851a0d61985,ナディア☆創作専用,ideal_nahdia,https://assets.st-note.com/production/uploads/images/264229240/profile_d71b31c4ef7c97723b88a1e94e79e907.jpg?fit=bounds&format=jpeg&quality=85&width=330,2026-07-08T10:08:51.527+09:00,"楽曲ほとんど全部大好き💕
びっくり@@
いつも、ありがとう、ございます！"
ncc6bed7e48946,nfa8d47a22c3a,79b4c4e676d4321552988c1ab2041445,日向ことり,kotori0113,https://assets.st-note.com/production/uploads/images/291564394/profile_bd2d6b2f453959db9ab276584e8c62be.jpeg?fit=bounds&format=jpeg&quality=85&width=330,2026-07-08T14:56:10.637+09:00,"こんにちは❣️

マガジン追加、ありがとうございます🥺💞

 本棚に並べてくださり感謝です🥰📚

これからもよろしくお願いします❣️"
nc2fdb0076e7eb,ncc1828affef3,ca17527cfe63f65cebf3883988786b79,donchan1962,donchan_13,https://assets.st-note.com/production/uploads/images/183217910/profile_a33ecb57f18c7bbea28e041c386d47a2.jpeg?fit=bounds&format=jpeg&quality=85&width=330,2026-07-08T15:42:55.990+09:00,首謀者やな🤭
ncf0b70d802b40,ncc1828affef3,f1fa566e0454f67250e5b68988fd02a4,やさい,yasaistory,https://assets.st-note.com/production/uploads/images/254968683/profile_d779b13204b382b0c16d6c2b48fea44a.jpg?fit=bounds&format=jpeg&quality=85&width=330,2026-07-08T13:34:13.393+09:00,朝からすごい量の通知来てました。爆撃でびっくりしましたよ
nc0281a9854494,nd85cc3ca9a61,3ef2cace305cb5033c6b1d23b860f75f,nao46222,nao46222,https://assets.st-note.com/production/uploads/images/238899995/profile_cd80de4bd2c2f207f8be2ca8cfed6ea8.png?fit=bounds&format=jpeg&quality=85&width=330,2026-07-08T12:54:50.003+09:00,"プレイリストを眺めているだけで、
80年代の空気が一気によみがえってきました🤘

この頃のHR/HMは、
ギターの格好良さはもちろんですが、「生き様」まで音に刻まれているような熱量がありますよね。

私も当時はリフやソロばかり追いかけていましたが、歳を重ねると歌詞や、その曲が生まれた背景まで沁みるようになりました。

良い選曲でした😄🎸"
nc20838dae0467,nfa8d47a22c3a,fe6a3dfbf579f7f9f0eadb36aa5260ab,しずく,lucky_ram4890,https://assets.st-note.com/production/uploads/images/270484515/profile_f2deb3775d1acb5fb6b143d8ce8fd4b7.png?fit=bounds&format=jpeg&quality=85&width=330,2026-07-08T17:22:49.562+09:00,"kingさん
こんにちは。

再びマガジン追加してくださり、ありがとうございます🙇‍♂️
いつも感謝です🙏

夏がやってきますね。
また猛になるのでしょうか😵
お忙しいと思いますが、ご自愛くださいね。

"
nc5ed1183de001,nfa8d47a22c3a,722beae144205cc7a2fc6cefc153571c,Ichi,ichi194,https://assets.st-note.com/production/uploads/images/246351595/profile_d193d303fdb13be286261b4376299bd5.png?fit=bounds&format=jpeg&quality=85&width=330,2026-07-08T15:58:18.844+09:00,"Kingさん、初めまして！
Ichiといいます。
マガジンへの追加頂きありがとうございます！
とても励みになります。
また新しい繋がりも持てるようになります。
ありがとうございます。
今後ともどうぞよろしくお願いいたします。"
nc23c864e33a82,ncc1828affef3,39a8447172b870676bb7b8ce5cebd141,持たざる者の再起録,ya1huwahuwa,https://assets.st-note.com/production/uploads/images/256022750/profile_9bbd6c1baaf11ecb978687248758b24e.png?fit=bounds&format=jpeg&quality=85&width=330,2026-07-08T18:48:59.848+09:00,"Kingさん、マガジン追加ありがとうございます😊

いつもお世話になってます！

「tysm:)」また仲間入りできて嬉しいです〜

通知えぐすぎました。笑"
ncfe354bb0dbc2,ncc1828affef3,6c5718f0559167163536f432fea246be,かみん,mi_0716,https://assets.st-note.com/production/uploads/images/262988443/profile_5a103c8c3708f35983a127cdfd7f9972.png?fit=bounds&format=jpeg&quality=85&width=330,2026-07-08T18:25:30.688+09:00,"Kingさん、こんばんは😊
今回もマガジンへの掲載ありがとうございます！

朝からすごい通知の数でびっくりしました😂
"
nce6e8045e8f57,ncc1828affef3,aa396818ce9b68951cae09c5b738014e,Torori（とろり）🌱 毒親育ちへ「心穏やかな恋」を届ける人【フォロバ100】,torori_20260101,https://assets.st-note.com/production/uploads/images/242495675/profile_d6bfee66de6dbec64ca70c2649f987aa.png?fit=bounds&format=jpeg&quality=85&width=330,2026-07-08T17:36:27.346+09:00,"Kingさん

めっちゃ忙しいのに、またこんな大変なことを・・笑

どんな質疑応答になるのか、楽しみです＾＾"
nca03be3f1d6a3,ncc1828affef3,4192103d183ed121ae476f26f5beeacd,ｓｅｏｒｉ🧚‍♂,alert_flea4300,https://assets.st-note.com/production/uploads/images/290683294/profile_8996bebc65c187ca31fdea0486555cee.jpg?fit=bounds&format=jpeg&quality=85&width=330,2026-07-08T16:00:39.875+09:00,"Ｋｉｎｇさん🧚‍♂

みんな　一斉に　質問箱✨されてますね

七夕🎋🌠🌙募集　マガジン載せて下さって
感謝💕　致します！！

少しでも　ライトワーカー✨　お役に立てればと　思っています


Ｋｉｎｇさん✨もし　宜しかったら　無料セッション✨どうぞ！!来て下さいね🍀😊


いつも　ありがとう　💜　ございます🙏

"
nc9fd3d9efb7ef,nd85cc3ca9a61,4a511d143f8970c0e284a6182afc6cfa,涼鈴suzu,suzu_story,https://assets.st-note.com/production/uploads/images/230968642/profile_eabb1e844000a408e63be52a33676754.png?fit=bounds&format=jpeg&quality=85&width=330,2026-07-08T16:30:00.442+09:00,"やだー！！懐かしいですー！！
アイアン・メイデン、オジー、ガンズ、モトリー・クルー…😀
高校生のわたしはテープに入れてウォークマンで聴きながら通学してました。

コングラボードおめでとうございます☺️"
nc9aba536ff690,nd85cc3ca9a61,78376ee2a13f87a68be09b41f4fcf1be,津田祐希（ゆきてぃ）,love_peace_2023,https://assets.st-note.com/poc-image/manual/preset_user_image/production/i1bbf72cee783.jpg,2026-07-08T22:16:40.825+09:00,"こんばんわ。
モトリークルーしかわからなかったです。

マガジンにも入れて頂きありがとうございました。

創作大賞2026、受賞されますように。"
nc2f83b8de650a,nd85cc3ca9a61,ca17527cfe63f65cebf3883988786b79,donchan1962,donchan_13,https://assets.st-note.com/production/uploads/images/183217910/profile_a33ecb57f18c7bbea28e041c386d47a2.jpeg?fit=bounds&format=jpeg&quality=85&width=330,2026-07-08T21:28:54.873+09:00,"こんばんは🌆
いつもありがとうございます
記事、マガジンへの追加、感謝申し上げます"
nc09a8ad90c23d,nd85cc3ca9a61,66726de4becaba8cedd3e058f42503e8,haremithu | 迷う母に言葉を🪷,haremithu,https://assets.st-note.com/production/uploads/images/275787721/profile_a1cd7f33caccd2abc12f19b96be41bc8.jpeg?fit=bounds&format=jpeg&quality=85&width=330,2026-07-08T19:44:42.934+09:00,"kingさん😃
沢山のコングラおめでとうございます🎊🎉🎉
暑い中、お墓まいりお疲れ様でした。

いつもマガジン追加してくださり、感謝申し上げます✨✨
かっこいい音楽ですね☺️青春を感じます
"
ncd2668b260698,ncc1828affef3,bd582364aa0b44c3434da1c766e830cf,小島すがも,kojima_sugamo,https://assets.st-note.com/production/uploads/images/285324530/profile_9d0cb7a9b5d306860a0cab9a95f15b9d.jpg?fit=bounds&format=jpeg&quality=85&width=330,2026-07-09T00:49:11.882+09:00,"kingさんいつもマガジン追加して下さってありがとうございます🥰

大量通知砲w🤣🤣🤣
kingさん最高！✨"
nc1e90f3f64bf6,ncc1828affef3,209f3701abc5bae89b6dd62898c7916a,コンパス みき✨️好きのタネ🌱‬‪を育てる案内人,compass_m360,https://assets.st-note.com/production/uploads/images/253440713/profile_8b36220be6950ce90264f78d2b308c75.png?fit=bounds&format=jpeg&quality=85&width=330,2026-07-08T23:54:42.982+09:00,"Kingさん、こんばんは♪

質問箱の大量通知はKingマジック🪄だったんですか⁉️🤣

何でも質問していいんですね😆

いつもありがとうございます♪"
nc68cc0bf892f4,ncc1828affef3,4119885b291596b1c974d9dbcf43c31b,ひーちゃん｜奇跡の編集室,luminous_story,https://assets.st-note.com/production/uploads/images/282506245/profile_61a7ce693fb4e5bd6d17446b980a32fc.png?fit=bounds&format=jpeg&quality=85&width=330,2026-07-08T23:20:31.722+09:00,"King さん、こんばんは🌃

いつもマガジン掲載ありがとうございます🌸
感謝申し上げます✨"
nc2a3817980f3e,nd85cc3ca9a61,66bbb253e7d8b2ba486f4415f36ee785,Noa,noachan0617,https://assets.st-note.com/production/uploads/images/269973521/profile_77ebb6ddc767747de9bb5bfef312b21b.png?fit=bounds&format=jpeg&quality=85&width=330,2026-07-08T22:39:53.624+09:00,"King さん
マガジン掲載いただきありがとうございます☺️
コングラ、おめでとうございます㊗️
King さんの紡ぐ素敵な言葉の数々や、読者への温かい姿勢が形になったんだと思います🍀
これからも応援しております📣"
ncf8dece167e3a,ncc1828affef3,1924f3622a98065425dd82f27ebc8718,きおくのかけら,lively_toucan534,https://assets.st-note.com/production/uploads/images/275185500/profile_ee9b4e90a4a95c31ecc31cc2eb8cc09d.png?fit=bounds&format=jpeg&quality=85&width=330,2026-07-09T12:44:15.400+09:00,"Kingさん。
毎回マガジン追加ありがとうございます😭
おかげさまで
やる気を継続させてもらっています💪

これからもよろしくお願い致します！
"
nc0336558a26c6,ncc1828affef3,78376ee2a13f87a68be09b41f4fcf1be,津田祐希（ゆきてぃ）,love_peace_2023,https://assets.st-note.com/poc-image/manual/preset_user_image/production/i1bbf72cee783.jpg,2026-07-09T10:07:50.691+09:00,"Kingさん
笑　
マガジンにも入れて頂き
ありがとうございます。"
nc881c2757d66f,ncc1828affef3,4fcff0dd196c58985b48a8f8a9724554,Grace Light ─ 星に導かれて,gracelight,https://assets.st-note.com/production/uploads/images/207757596/profile_ac58b5c0e389afdf3e43314b719edc42.png?fit=bounds&format=jpeg&quality=85&width=330,2026-07-09T08:11:40.344+09:00,"kingさん,
いつもマガジンへの追加ありがとうございます。
感謝しております。

通知砲💣
本当にすごかったですね😊🪄
"
nc545ed135acda,nd85cc3ca9a61,ca17527cfe63f65cebf3883988786b79,donchan1962,donchan_13,https://assets.st-note.com/production/uploads/images/183217910/profile_a33ecb57f18c7bbea28e041c386d47a2.jpeg?fit=bounds&format=jpeg&quality=85&width=330,2026-07-09T12:11:33.240+09:00,"こんにちは。
いつもありがとうございます。
記事、マガジンへの追加、感謝申し上げます。"
nc42cec1e01ec8,n5305861820bd,e937b529062a4dff3c5cf7b79cc04cf6,たーゼ,sakuya_rainbow44,https://assets.st-note.com/production/uploads/images/267491936/profile_b274aede9a61c347dfc7d9213ffbeed9.jpg?fit=bounds&format=jpeg&quality=85&width=330,2026-07-09T12:47:32.545+09:00,"うわ〜💕なんと〜🌈👼🪽🙌🌈🌹🎶
Kingさん🌺✨✨

ありがとうございます〜🧑👼🍭✨✨
さすが〜は、教団が上手く行ってるだけ

あり、心🤍✨も広い👏🌸✨感謝します
🙇🌸✨✨

思わぬ大プレゼント🎁✨をありがとうございます🩷✨🤗🌸✨

これで益々、Kingさん🌺✨も運気上昇
↗️↗️✨凄い事になって来ますよ〜🥰🌸✨"
nc3cf7e1d896bf,n4a120a5df409,904e9ed918828179390741c99f797844,こはる(ふわり、ももんが日記),momonga_0125,https://assets.st-note.com/production/uploads/images/246484153/profile_50e45d59aea0e50aa87e0779898c85ba.png?fit=bounds&format=jpeg&quality=85&width=330,2026-07-09T15:11:28.851+09:00,"Kingさん こんにちは😊

ずっと気になってたので、思い切って購入しました😌

やっぱり購入して良かったです！

Kingさんの曲が好きなので、ほんと聴けて良かったです🤭

これからもよろしくお願いします🙇‍♀️"
nc23a94cf81d3c,n2bd2816b75b0,c57b90e88def472f75594cb7e1456444,龍神,tatsuopapa,https://assets.st-note.com/production/uploads/images/195297097/profile_8bc9db642d186cf7b66339af17c27bd2.png?fit=bounds&format=jpeg&quality=85&width=330,2026-07-09T23:35:20.933+09:00,"Kingさん

こんばんは🐉🌙

半周年、本当におめでとうございます🍀

最初の頃から月ごとの変化を振り返られていて、ここまで積み重ねてこられた時間の厚みを感じました☺️

数字の変化も素晴らしいですが、その奥にある試行錯誤や、読者さんとの交流を大切にされてきた歩みがとても印象的でした🌟

更新のペースを整えながら、また次に書くものを温めていく時間も、きっとKingさんらしい力になりますね。

これからの展開も楽しみにしております🐉🍀"
nc97a7187bcda0,n2bd2816b75b0,84725422db8ddb286fb3a293c306aebf,開運シェルパ,hanamiti369,https://assets.st-note.com/production/uploads/images/286658065/profile_51fafbf2b5a86f4432c7f61db5cf2dc5.png?fit=bounds&format=jpeg&quality=85&width=330,2026-07-09T23:07:22.256+09:00,"半周年記念おめでとうございます㊗️
半年分のデータをそのまま公開する記事は珍しく、数字の奥に人の動きが見えてくる氣がします。
最初の一ヶ月はコメントがゼロで、スキも後から外されることが多かったという始まりの様子から、二ヶ月目にマガジンで取り上げられ、通知が一氣に増えたという流れは印象的です。三ヶ月目のスキ押すなよ企画でコメントが増え、四ヶ月目には活動が多方面に広がっています。
特に、更新をあえて減らした五、六ヶ月目が興味深いです。エッセイシリーズを中心に書いたこの時期、記事ごとのビュー数やコメントが増えています。情報の量を絞ったことで、一つひとつの記事が読者に届きやすくなったのではないかと感じます。
スキ率25％、コメント率4.7％という数字は、半年間で積み重ねてきた信頼の厚みそのものだと思います。ミラクルラッキー教団という遊び心も、安心して集まれる場を作っている要因の一つに見えます。
数字の大きさより、その裏側にある歩みや心の変化にこそ価値があると氣づかされます。次にどう動くか悩む方にとって、氣づきの多い記録だと感じます。
コングラおめでとうございます😊"
ncd531f421ecd1,n2bd2816b75b0,209f3701abc5bae89b6dd62898c7916a,コンパス みき✨️好きのタネ🌱‬‪を育てる案内人,compass_m360,https://assets.st-note.com/production/uploads/images/253440713/profile_8b36220be6950ce90264f78d2b308c75.png?fit=bounds&format=jpeg&quality=85&width=330,2026-07-09T22:58:15.228+09:00,"Kingさん、こんばんは♪

コングラ、半年おめでとう御座います🥳🎊㊗️

いつもマガジン紹介、登録、スキ、コメントありがとうございます♪😊

私の中ではずーっと昔からいる人ってイメージでした🤣

Kingさんのお人柄に人が集まってるんですね☺️
これからもよろしくお願いします😆

"
nc86eb8a016aa9,n2bd2816b75b0,f2a55d2f97f079ab0df510a2c19397fa,ぷっぷる,rich_moose3756,https://assets.st-note.com/production/uploads/images/247930453/profile_056c49f5bf7f07cdcc784fbf2ff720c7.png?fit=bounds&format=jpeg&quality=85&width=330,2026-07-09T22:32:56.601+09:00,"Kingさま

こんばんは

半周年、
おめでとうございます💐

本当に素晴らしい結果を
残されて凄いです💐
Kingさんの頑張りは、
新規の方の希望ですね✨

いつもお世話になり
ありがとうございます🙋🍀

これからもお身体に気をつけて
長くご活躍されますように🍀
応援しております🙋🍀

失礼しました🍀😊



"
ncb1958423dcb0,n2bd2816b75b0,904e9ed918828179390741c99f797844,こはる(ふわり、ももんが日記),momonga_0125,https://assets.st-note.com/production/uploads/images/246484153/profile_50e45d59aea0e50aa87e0779898c85ba.png?fit=bounds&format=jpeg&quality=85&width=330,2026-07-09T22:32:25.402+09:00,"Kingさん こんばんは🌙* :ﾟ

半周年おめでとうございます🎉
わたしの中でもっと前からいるイメージでした🤭

これからも引き続き仲良くしていただけると嬉しいです😆✨"
nc77c9174d83d0,n2bd2816b75b0,ca17527cfe63f65cebf3883988786b79,donchan1962,donchan_13,https://assets.st-note.com/production/uploads/images/183217910/profile_a33ecb57f18c7bbea28e041c386d47a2.jpeg?fit=bounds&format=jpeg&quality=85&width=330,2026-07-09T22:20:41.147+09:00,半年で、素晴らしい、成果、おめでとう御座います㊗️
nce6ef27aa4a05,n2bd2816b75b0,0532f1f5e7fe9be7936959a7a43a5e10,おとの部屋,otonoheyapiano,https://assets.st-note.com/production/uploads/images/236404075/profile_145eacb40a09fac1855e00a8101c2307.png?fit=bounds&format=jpeg&quality=85&width=330,2026-07-09T22:19:31.804+09:00,"Kingさん こんばんは🌙* :ﾟ

半周年🎖 コングラボード🎖
おめでとうございますஐ🎊🎉

素晴らしい伸びですね👀
マガジンで多くの方にご縁を
いただいていますこと
感謝でいっぱいです💐






"
ncfa46f4b4420b,n2bd2816b75b0,4d7884c1cad8153895dadb71ec1606cb,こーき｜心が少し軽くなる場所,i_am_151cm_boy,https://assets.st-note.com/production/uploads/images/236560109/profile_28f1fb163081001f12afa3f21b0dc40a.png?fit=bounds&format=jpeg&quality=85&width=330,2026-07-09T21:41:28.110+09:00,"Kingさん🤩
　
やっぱり凄いですね！！😆❤️‍🔥
半年の継続と半年の結果、どちらもおめでとうございます😊🌈"
nca9846604bea6,n2bd2816b75b0,5508700edb404d2e2f6a51392740c13f,うんちゃん,unchan_happy,https://assets.st-note.com/production/uploads/images/257235286/profile_475dad44453374efcfa12df396d14689.png?fit=bounds&format=jpeg&quality=85&width=330,2026-07-09T21:36:18.475+09:00,"Kingさん、こんばんは🌙
半周年おめでとうございます㊗️

いつもマガジン追加ありがとうございます🙏マガジンご紹介もありがとうございます🌸

継続力、企画力、人と関わる力、勉強させていただいてます✨

Kingさんのエッセイや音楽、これからも楽しみにしています☺️🍀"
nc08e1645b88fd,n2bd2816b75b0,ccdd5511e48e8802f5f8d15b40e54269,カズボーイ,fancy_bobcat6056,https://assets.st-note.com/production/uploads/images/242623631/profile_6f4a796db46837d933f179fc611d1002.png?fit=bounds&format=jpeg&quality=85&width=330,2026-07-09T21:06:18.020+09:00,"Kingさん、こんばんは。
半周年おめでとうございます🎉

記事と反応を分析しながら、いろいろな企画にチャレンジされててすごいと思いました。
今後ともよろしくお願いいたします😊"
nce649e3fb4576,n2bd2816b75b0,a3bcc411a4c251239d492b2f079f5870,やも,yamo_note,https://assets.st-note.com/production/uploads/images/258648405/profile_ee869852783a5a9a11d34fd10d919f33.png?fit=bounds&format=jpeg&quality=85&width=330,2026-07-09T21:01:22.230+09:00,"きんさん、おめでとうございます㊗️🎉㊗️🎉㊗️💣💥

すごい伸び率🫪‼️"
ncd0d711c88caa,n2bd2816b75b0,bd582364aa0b44c3434da1c766e830cf,小島すがも,kojima_sugamo,https://assets.st-note.com/production/uploads/images/285324530/profile_9d0cb7a9b5d306860a0cab9a95f15b9d.jpg?fit=bounds&format=jpeg&quality=85&width=330,2026-07-09T20:59:26.967+09:00,"Kingさん半周年おめでとうございます✨🎂
数字が強すぎてびっくりしました！！！
良い記事沢山書くのは大事なんですね。
勉強になります。
いつも本当にありがとうございます！"
nc91d50343f0ee,n2bd2816b75b0,77135cd9e3f344c812e32f69fcb62362,ふあふあころね,lively_ram351,https://assets.st-note.com/production/uploads/images/239951906/profile_7efdd81fb27c45ba02e154904afc9364.png?fit=bounds&format=jpeg&quality=85&width=330,2026-07-09T20:59:22.958+09:00,"Kingさん、こんばんは🌷
いつも貴重なスキ、マガジン追加、ありがとうございます😊

note半年継続とコングラボード、おめでとうございます✨🎉✨
いつも仲良くして下さり、ありがとうございます😊

私のマガジンも紹介して下さり、ありがとうございます✨😭
大変光栄ですし、大きな励みになります✨🙇‍♀️

これからも、noteを楽しめるよう、応援しております🌷☺️

今後とも、どうぞよろしくお願い致します🌸🙇‍♀️"
nc3a36d544ebfb,n2bd2816b75b0,b60c6006e6818a147458dad11e6bc89f,瀬海歩（せかいあゆむ）,sekaiayumu25,https://assets.st-note.com/production/uploads/images/251395522/profile_6cb1552f68e13741419dd072f35f914e.jpg?fit=bounds&format=jpeg&quality=85&width=330,2026-07-09T20:53:41.600+09:00,"Kingさん
こんばんは☕️✨️
半周年
㊗️おめでとうございます！
なんか、ずーっと一緒にいる気が致します☺✨️存在感が大きいからですか？
今後ともよろしくお願いします。"
nc6c04c8ed449c,n2bd2816b75b0,a3b393748448993682c446017554f28a,りこ@一生養生,riko_83,https://assets.st-note.com/production/uploads/images/242853208/profile_868cf0850d54d0a98ca0406d82454cfa.png?fit=bounds&format=jpeg&quality=85&width=330,2026-07-09T20:20:59.523+09:00,"こんばんは🌙
Kingさん、半周年おめでとうございます😊🎉
なんか存在感がありすぎて、私の中で大御所のイメージで固まっていました(笑)
今後ともどうぞよろしくお願いいたします🍀"
nc841b3a8f86a9,n2bd2816b75b0,dc157540cc91b85018fc2caf1ebe6e1d,空風マナミ　,sorakaze_works,https://assets.st-note.com/production/uploads/images/247072511/profile_f8c3cb6911c80de4c8b865ead1a349c6.png?fit=bounds&format=jpeg&quality=85&width=330,2026-07-09T20:17:34.215+09:00,"Kingさん、
半周年✨
おめでとう御座います🍾

新参者としては、Kingさんの存在感は半世紀のようです🤭

いつもありがとうございます♪"
nc015df67258f8,n2bd2816b75b0,c2bf3fb737356ce4e0b1f47b310ccf53,音琴 ～go_chara～,lucid_hornet2442,https://assets.st-note.com/production/uploads/images/241037615/profile_011d60ebf0e17e1956abc71bc4156c2f.png?fit=bounds&format=jpeg&quality=85&width=330,2026-07-09T19:53:31.982+09:00,"kingさん、こんばんは。

半周年、おめでとうございます(*- -)(*_ _)ペコリ
これからも、引き続きよろしくお願いいたします！

夏本番になりますので、お体ご自愛下さいね！"
ncc598598c5204,n2bd2816b75b0,47ac127ec0bbe6902b9f372fd944ebf8,和田雄三｜AI×心理ブランディングデザイナー,glad_dill2129,https://assets.st-note.com/production/uploads/images/265848866/profile_b0e386a458b5c21f7f00921837c9ffad.png?fit=bounds&format=jpeg&quality=85&width=330,2026-07-09T19:51:01.215+09:00,"半周年おめでとうございます🎉
まだ半年なんですね！
実績から大先輩と思ってました🤣"
nc6b444b4af4d0,n2bd2816b75b0,f0cb31ff7ca4d1f8b607a03e7890b133,山中サトシ│詩と小説の世界│元公務員クリエイター,fancy_nerine2305,https://assets.st-note.com/production/uploads/images/235720947/profile_6f42cba9cdaa52532b9423dda0e2f8f3.jpg?fit=bounds&format=jpeg&quality=85&width=330,2026-07-09T19:42:18.780+09:00,Kingさん、半年継続おめでとうございます🎉ともにがんばりましょう😊
ncf8a6f43902dd,n2bd2816b75b0,4fcff0dd196c58985b48a8f8a9724554,Grace Light ─ 星に導かれて,gracelight,https://assets.st-note.com/production/uploads/images/207757596/profile_ac58b5c0e389afdf3e43314b719edc42.png?fit=bounds&format=jpeg&quality=85&width=330,2026-07-09T19:36:58.495+09:00,"kingさん、
半周年、おめでとうございます🏆
丁寧に、積み上げられてこられたのが、
よくわかります。
これから、ますます飛躍するの
一緒に楽しませていただきます😊
"
nc9f56993008aa,n2bd2816b75b0,1924f3622a98065425dd82f27ebc8718,きおくのかけら,lively_toucan534,https://assets.st-note.com/production/uploads/images/275185500/profile_ee9b4e90a4a95c31ecc31cc2eb8cc09d.png?fit=bounds&format=jpeg&quality=85&width=330,2026-07-09T19:34:04.027+09:00,"半周年おめでとうございます🎉

1ヶ月目は私と似ている！と思ったけど、その後の成長っぷりは凄いですねー。
到底真似できませんよ😆
これからも楽しませて頂きたい！

でも半年しか経っていないなんて驚きです😱


"
nc49cde929c7cb,n2bd2816b75b0,e65e22817ad54324715fc4bc5882ae3b,まんまる,psyshin,https://assets.st-note.com/production/uploads/images/269144961/profile_2ddd16bbb0f86761640576ac43019453.png?fit=bounds&format=jpeg&quality=85&width=330,2026-07-09T18:42:02.049+09:00,"kingさん、いつも私の記事をピックアップしていただき本当に有難う御座います🙇‍♂️

kingさんが活動半年だと知りビックリしましたよ！
"
nc6ca4bb0610bf,n2bd2816b75b0,056a18ed82e925cfd3845f0f29dbc538,まっちー｜人生を旅するデザイナー,laptraveller,https://assets.st-note.com/production/uploads/images/279459527/profile_f549333afacf41d9f4d3624d61ce0061.png?fit=bounds&format=jpeg&quality=85&width=330,2026-07-09T18:26:21.743+09:00,"Kingさんすごい！！
おめでとうございます🎉
素敵すぎる🫶✨"
ncef7073496dd8,n2bd2816b75b0,0e44dcd2aa36c5fa41ef174ffb29ec95,ゐっさ,love_shin_earth,https://assets.st-note.com/production/uploads/images/261983120/profile_5fd75c9482b6ee87097ce33d5770c496.jpg?fit=bounds&format=jpeg&quality=85&width=330,2026-07-09T18:21:55.372+09:00,"kingさん こんばんは🌠
半周年！おめでとう御座います💐
着実に積み上げて来られたんですね。
記事を読んでそう感じました。
これからも応援しております🤗
コメント入れるところを間違えました。すみません🙏🏻
また、お伺いさせてくださいね🫶
"
nc04a486ee4927,n2bd2816b75b0,b95263c6657241c37c06be8613990710,埼玉の裏仕事人,kiitto1968,https://assets.st-note.com/production/uploads/images/285982490/profile_801c5210e09b335f944cd6cdd9950434.png?fit=bounds&format=jpeg&quality=85&width=330,2026-07-09T18:20:26.353+09:00,うほ！六ヶ月おめでとうございます！さすがKing殿！分析が的確だ！あっしも分析できればいいんですが…分析するまえにこれ面白そう！って記事を書くのが先行してなかなかできないっす！
ncc7dcfb450617,n2bd2816b75b0,501075b33bc8fff4716e8e39cb47e74a,りんごあめ,aogunjyou_205,https://assets.st-note.com/production/uploads/images/244320088/profile_b53bcb9297c65530f6e56ea129a55d08.jpeg?fit=bounds&format=jpeg&quality=85&width=330,2026-07-09T18:11:13.510+09:00,"note6ヶ月おめでとうございます💐
いろいろと分析しながら、発信されているのですね。
努力家のKingさん、凄いなって思います。これからもKingさんのペースでnoteの世界を楽しんで欲しいなって思います😊🍀✨"
ncd0f890b83978,ncc1828affef3,55f93ac5262964a4284201e654fb67aa,ミカモ（Mika Moriya）,micha_mor,https://assets.st-note.com/production/uploads/images/282034446/profile_ecdb4b559c36312b2b73ea9aa68fd193.png?fit=bounds&format=jpeg&quality=85&width=330,2026-07-09T23:21:32.026+09:00,"Kingさま

質問箱へありがとうございました😊

匿名なので、どなたを思い浮かべてお返事すればいいのか大変悩みました🥹

でも、後からKingさまだと分かりホッとしました🥰

これからもどうぞ宜しくお願いいたします🙇‍♀️"
nc3cf023969541,ncc1828affef3,35032a872ef338f6bbc0a85288de5944,あまね〘ฅ՞•ﻌ•՞ฅฅ^•ﻌ•^ฅ〙,almabrillante,https://assets.st-note.com/production/uploads/images/290824636/profile_19b652242f2a0c7ccf4b53ccb6c043ba.png?fit=bounds&format=jpeg&quality=85&width=330,2026-07-09T22:42:59.876+09:00,通知の多さに仰け反りましたよね🤣
nc7f341c238ac6,ncc1828affef3,bafeafa3be58223f78700aa6ca83d4a6,令和　舞,karisuma_mai,https://assets.st-note.com/production/uploads/images/234789263/profile_b88eee04a293b6ffb436e21f045323d3.png?fit=bounds&format=jpeg&quality=85&width=330,2026-07-09T17:49:04.795+09:00,早速、質問しちゃお〜🤭
nc22bf68f5c7ae,ncc1828affef3,501075b33bc8fff4716e8e39cb47e74a,りんごあめ,aogunjyou_205,https://assets.st-note.com/production/uploads/images/244320088/profile_b53bcb9297c65530f6e56ea129a55d08.jpeg?fit=bounds&format=jpeg&quality=85&width=330,2026-07-09T17:43:19.944+09:00,"Kingさん
質問箱、始めたのですね。
たくさんの人が始めたので、昨日は通知がすごくで驚きでした。

いつもマガジンへ掲載していただき嬉しいです☺️
本当にありがとうございます♥️"
ncb54eb2a84259,n2bd2816b75b0,7096c2d1f9f21973ee9d04ae4de4fabc,おにぎり＠構造翻訳家～正解より先に、まずは視界を取り戻す～,hotket_jp,https://assets.st-note.com/production/uploads/images/265265465/profile_7ac7501a97e36e7a2efe9f88515af612.png?fit=bounds&format=jpeg&quality=85&width=330,2026-07-10T01:00:25.590+09:00,"もっともっと。Kingの殿には、
ますます活躍をしていただかないと
世間が困りまするので🤣(本気)
🍙置いておきまする(押し売り)

最初の頃の記事を読みたーーーいんだけれど
仕様で、都度ページが戻ってしまい🫪
悲しみー💔

本当にいつもありがとうございます。




"
ncf17ba5c07970,n2bd2816b75b0,266d9698e161c9b4bc3cd84ab21d7c08,きみこのSoulルーム,kimimari2350,https://assets.st-note.com/production/uploads/images/208541487/profile_b8e04433295dbc046967147402b4f003.png?fit=bounds&format=jpeg&quality=85&width=330,2026-07-10T00:56:50.915+09:00,"kingさん🍃

半周年おめでとうございます🎉

半年間の積み重ねをこうして振り返ると、数字以上に、人とのご縁や積み重ねてこられた時間の深さを感じます。

更新のペースを落としながらも、一つひとつの記事を大切に育てていくところは、とてもKingさんらしいですね☺️

そして、マガジンにもお迎えいただき、ありがとうございました✨
ご縁に感謝しています。

愛❤️感謝🍀"
nca9fe9933bf86,n2bd2816b75b0,ffe289363d8a2ab4b1006d873deb8fe7,カワムラ｜AI擬人化漫画 | ChatGPTのヨシダ,chatgpt_ysd,https://assets.st-note.com/production/uploads/images/249464808/profile_d4725fb31aebb01259ae2d468cb09492.jpeg?fit=bounds&format=jpeg&quality=85&width=330,2026-07-09T23:59:11.240+09:00,"kingさーん👑半年おめでとうございます。
めっちゃコメ返し大変そうなので軽く。

kingさんの優しさ、ノリのいい感じ
１番最初にコメントさせていただいた時の事
私は今でも覚えてます。

皆さんに愛されてるのはそこだなと思います。
今後ともゆるながでよろしくお願いします💛"
nca24b7a018ee0,n2bd2816b75b0,a308833b060a3c104f0115421d8d05fc,みやび,_oto_kotoba,https://assets.st-note.com/production/uploads/images/262367515/profile_d7914074ebb47e9f08eccbb0c11318bb.png?fit=bounds&format=jpeg&quality=85&width=330,2026-07-10T06:19:22.254+09:00,"コメント失礼します。
noteへの初投稿から「半年という大切な節目」を迎えられましたこと、心よりお祝い申し上げます。

最初の一ヶ月目のデータから現在の安定した交流に至るまでの軌跡を、率直で客観的な視点とともに振り返られるお姿に、とても清々しい知性を感じました。

読者との距離を縮められた企画の誕生や、エッセイシリーズを通じた熱量の変化など、一つひとつの試行錯誤が現在の温かい繋がりの実績へと結びついているのですね。じっくりと次に書くべきことを温められる充電の期間が、新たな豊かな実りの時間となりますように。
ありがとうございます。
(🎹MIYABI)"
nc2b66b99a6093,n2bd2816b75b0,ee17e08838a2d1017fe4b3f4eb73a4e3,境界をまたぐ心理士【振り子】,rosy_snail1735,https://assets.st-note.com/production/uploads/images/253068092/profile_684215ad7eba3d124844155dff223a1b.jpg?fit=bounds&format=jpeg&quality=85&width=330,2026-07-10T13:02:38.121+09:00,"素晴らしい軌跡ですね😆✨
記事を見ながら、僕がKingさんと交流するようになったのはいつだったかなと思いました。
これからも遥か高みを目指して積み重ねていってください！

あ、メンシプ掲示板もお待ちしてます笑"
nccb23a2a317af,n2bd2816b75b0,13f03d3a1ec4a172a7084a791c8c4703,"あいさん💗Iカウンセリングルーム セラピスト／ 臨床心理士×公認心理師｜支援歴16年・2,000名超",joyful_zebra1701,https://assets.st-note.com/production/uploads/images/291954704/profile_fc1fbb946656267139e1f6e56d7d68ed.png?fit=bounds&format=jpeg&quality=85&width=330,2026-07-10T10:16:28.301+09:00,"Kingさん、半周年おめでとうございます✨🎊✨

最初の一か月から半年間の変化を、こうして丁寧に振り返られているのがとても印象的でした。

企画や交流、多方面への挑戦を重ねながら、少しずつ今の形をつくられてきたのですね😊💗

いつもマガジンでもご紹介くださり、本当にありがとうございます🌸🌿
これからの発信も楽しみにしています🌈ᵕ̈*

あらためて、半周年おめでとうございます✨🎉✨"
ncdadeb1e4429e,n2bd2816b75b0,fdfcb42dbb3ca6a92977feeb331299bf,ヤマコヤーマン,yamayamako3,https://assets.st-note.com/production/uploads/images/264908732/profile_22f5b0d83f87ee87628a50db08f251bb.png?fit=bounds&format=jpeg&quality=85&width=330,2026-07-10T10:09:04.693+09:00,"Kingさん
半周年、おめでとうございます🎉コングラも、おめでとうございます🎉
半年でこれだけのスキフォロー、凄いです！私も地道にボチボチ頑張りたいです！

いつもマガジンに追加していただき、ありがとうございます。
お忙しいでしょうから、私にはコメ返不要ですよ❣️"
nce20fab43d8fb,n2bd2816b75b0,91896923ab4e258b299962be80f4360d,さち　私のつぶやき,10211129,https://assets.st-note.com/production/uploads/images/267110140/profile_a7a14a7914bcb2b217602601d3f3e0e1.png?fit=bounds&format=jpeg&quality=85&width=330,2026-07-10T08:52:29.163+09:00,"Kingさん
おはようございます☀️

半周年
おめでとうございます🎉

Kingさんとはnote歴
同じくらいのようです。
私の方が1週間くらい早い始まりで、
半周年が過ぎました。

実は見たところビューもスキも同じくらいです🌸*･

コメント数は。。。負けました笑

これからもぼちぼち
楽しく投稿していけたらいいですよね！
(*´ω｀*)

いつもマガジン紹介励みになります😭
ありがとうございます🙇‍♀️"
nc61266c33c495,n2bd2816b75b0,0af9b366e7056bb35316462e699e0daa,じゅんのすけ,juicy_lynx3773,https://assets.st-note.com/production/uploads/images/264606998/profile_3edebb8ec7da186bb321afc081d561b0.png?fit=bounds&format=jpeg&quality=85&width=330,2026-07-10T08:06:26.939+09:00,"Kingさん
まだ半周年ですか！？
それでこの実績は
すごすぎます😲✨
おめでとうございます！！！！"
ncd0f1f2b2678c,n2bd2816b75b0,ea49ccb050923c8f32c4df30d3aafa4a,ママ薬剤師HONO,hospital_ph_hono,https://assets.st-note.com/production/uploads/images/290931619/profile_413d37d78cf8c89db67f4770c38ad6cb.png?fit=bounds&format=jpeg&quality=85&width=330,2026-07-10T07:42:24.067+09:00,"Kingさん、
半周年おめでとうございます🎊

新参者ですが、いつも楽しく読ませていただいてます🤭
やっぱり、積み重ねって大事ですね✨

私は最近方向性ブレまくりで、積み重ねながら自爆しないか心配になってます😅

これからもよろしくお願いします✨"
nca44d14578f0b,n9aac4f630a76,7096c2d1f9f21973ee9d04ae4de4fabc,おにぎり＠構造翻訳家～正解より先に、まずは視界を取り戻す～,hotket_jp,https://assets.st-note.com/production/uploads/images/265265465/profile_7ac7501a97e36e7a2efe9f88515af612.png?fit=bounds&format=jpeg&quality=85&width=330,2026-07-10T12:22:07.022+09:00,"きゃあ、以前の記事、今日確認したら
昔の記事に辿り着きやすくなってますね！
以前は、戻るボタンを押すと、最初のページに戻ってしまい、
また昔の記事までたどり着くのに、
数枚ページを捲る必要があったのですよ
って私だけぇ？？(PC？iPad、どちらかなのですが覚えていない💦)

今見たら、全てのページで全て表示、バックボタンでそこへ戻れますー🙌

なので、いらんことを言ってお手数をおかけするところでござりました、すみませんでした
では！Let’s ゴー King沼
🤣(お返事等はどうかお気になさらず🍙)
"
ncf5a5ae00654e,n9aac4f630a76,b60c6006e6818a147458dad11e6bc89f,瀬海歩（せかいあゆむ）,sekaiayumu25,https://assets.st-note.com/production/uploads/images/251395522/profile_6cb1552f68e13741419dd072f35f914e.jpg?fit=bounds&format=jpeg&quality=85&width=330,2026-05-25T22:07:19.453+09:00,"Kingさん
こんばんは🌕️
何か大きな決断をして覚悟を決められたのですか？超真面目なKingさん、はじめて拝見しました。"
nc39eee5d1f038,n2bd2816b75b0,ca17527cfe63f65cebf3883988786b79,donchan1962,donchan_13,https://assets.st-note.com/production/uploads/images/293072442/profile_8b6499ff1096e660ee01f82b8898b1ec.jpeg?fit=bounds&format=jpeg&quality=85&width=330,2026-07-10T14:35:19.794+09:00,"こんにちは。いつもありがとうございます。
記事、マガジンへの追加、感謝申し上げます。"
nc4268870851af,n2bd2816b75b0,6c5718f0559167163536f432fea246be,かみん,mi_0716,https://assets.st-note.com/production/uploads/images/262988443/profile_5a103c8c3708f35983a127cdfd7f9972.png?fit=bounds&format=jpeg&quality=85&width=330,2026-07-10T19:50:10.709+09:00,"Kingさん、こんばんは✨
マガジンに掲載していただき、ありがとうございます！

そして、半周年、数々のコングラおめでとうございます🎉⭐
半周年でここまでファンの方々がいらっしゃるのはすごいです😯
分析もとても勉強になりました。
Kingさんの記事は読んでいて元気をもらえるので、そこも人気の秘密なのかなと、勝手ながら思いました☺️
これからも楽しみに記事を読ませていただきます❣️"
nc215bf923d52b,n2bd2816b75b0,ceb2b2dddafd6863d8106b7008e34ac0,mimi｜生き延びるための静かな考察,noted_beetle177,https://assets.st-note.com/production/uploads/images/282211059/profile_18983e058a211095cabe67891fd8784c.png?fit=bounds&format=jpeg&quality=85&width=330,2026-07-10T19:16:34.491+09:00,"King様　こんばんはvｖ
半周年おめでとうございます✨🎉　継続されて、凄いです！まだ始めたばかりの身にはとても眩しく映ります😆
これまでの振り返りの所も、とても分析されていて、勉強になりましたvv
「書きたいことを書く」まさにここですね😅

素敵な記事が沢山ありすぎて、少しずつしか読めていないのですが、どうぞよろしくお願いします😊✨
遅れましたが、マガジン追加ありがとうございました✨"
nc8f1d4763c763,n2bd2816b75b0,2df543d041f077aba9575a76b09fe7a1,イロドリの詩／情緒ジェットコースターのリハビリ看護師,irodori_rihans,https://assets.st-note.com/production/uploads/images/291389869/profile_3f5a3f42f7af0fa8ac1bb8c62c8a57ae.png?fit=bounds&format=jpeg&quality=85&width=330,2026-07-10T18:53:40.795+09:00,"半周年おめでとうございます😊✨️

創作大賞の執筆も終られたようですし、これからは安心して絡みにいけます🤣🤣

これからもよろしくお願いします😉✨️"
nc702b6bddc247,n2bd2816b75b0,6f99c57d9d90358b9c13ce851053fd17,蛍,nifty_tucan8721,https://assets.st-note.com/production/uploads/images/287194934/profile_1ab5a225caf2a682ee2e21c37b6c3932.png?fit=bounds&format=jpeg&quality=85&width=330,2026-07-10T17:25:37.716+09:00,"Kingさん　おめでとうございます🍾🎊🎉

私と数日違いなんですね。

私はAIに勧められて始めたから　ビューとかスキとかわからず　ヘッダーもない文字だけ
もっと少なかったと思います。(人の記事も読まないしフォローもしてなかった💦)

Kingさん　すごいです。
読んでて面白いし　続けてこられて嬉しいです🥹
どうぞこれからもよろしくお願いします🙇‍♀️"
nc005f1be4bc1e,n2bd2816b75b0,0a190b2a1490ace96d668b7243df84fc,『本当の自分に出会う100の法則』まなび,miracle_tarot315,https://assets.st-note.com/production/uploads/images/249470009/profile_45cd99b5e01b52738ef63d2120073cf9.png?fit=bounds&format=jpeg&quality=85&width=330,2026-07-10T17:03:51.207+09:00,"Kingさん😊
マガジンに追加していただき、ありがとうございました✨

そして、半周年、数々のコングラおめでとうございます🎊💫👏
データを見ながら活動を振り返り、試行錯誤を重ねながら読者との繋がりを育ててこられた過程が伝わってきました🤗

数字の伸びも素晴らしいですが、それ以上にKingさんが築いてこられたコミュニティの温かさを感じます🌈✨

これから少しペースを落とされるとのことですが、またどんな記事が生まれるのか楽しみにしています😊

"
nc44230c65be7b,n2bd2816b75b0,9633eff8320d8b84d043512ec509e595,無口,lucky_ferret8634,https://assets.st-note.com/production/uploads/images/193376357/profile_bd0a6c05116c59eff5ef8c88a9a77fd4.png?fit=bounds&format=jpeg&quality=85&width=330,2026-07-10T21:21:45.267+09:00,"Kingさん、こんばんは☕

半周年おめでとうございます✨
データを見ながらの振り返り、とても興味深く読ませていただきました。

続けていく中で、記事の形や読者の方との関わり方が少しずつ変わっていく感じが伝わってきました。
こういう振り返りの記事も面白いですね。

これからの記事も、楽しみにしています。
読ませていただき、ありがとうございました🍀"
nc678ca7f59fb1,n2bd2816b75b0,0ee830c8590e2b12d74c243f30209743,🐰りりぃ｜働く女子の心の声,unique_wren1931,https://assets.st-note.com/production/uploads/images/278691815/profile_fcfdb6eabab8f25ba11d66a2fe9fe412.png?fit=bounds&format=jpeg&quality=85&width=330,2026-07-10T20:05:28.509+09:00,"Kingさん、半周年おめでとうございます🎉☺️

私はnoteを始めてまだ間もないですが、Kingさんに出会えて、こうしておめでたいタイミングに立ち会えたことを嬉しく思います✨

ただ……
まだKingさんがつかめていません😂

曲を聴くとすごくカッコいい一面があって、サムネ画像はかわいくて、コメントはいつも丁寧で…。
まとめると、私の中ではとても愛らしい存在です😂💕

これだけたくさんの方に読まれ、交流されているのも、Kingさんのお人柄あってこそなんだろうなぁと思いました☘️

これからも記事を楽しみにしています😊🌸"
nc6bb2977889e3,n2bd2816b75b0,7fe65c1862f422bfb2a7a5d98fbb942c,まりな,marina_days,https://assets.st-note.com/production/uploads/images/279040740/profile_45f4c447cad46a77f488d9ec5c5da19d.png?fit=bounds&format=jpeg&quality=85&width=330,2026-07-10T20:03:56.322+09:00,"Kingさん、半周年おめでとうございます🎊🎊🎊！

って、え？
私と2か月しか違わないのに、こんなすごいことになっているんですか⁈😳

改めてビックリです。

そしてまたまた、マガジンに追加してもらってありがとうございます😊！
これからもよろしくお願いします🤲"
ncc26d0dfc3e04,n83f6bf8f2527,6c5718f0559167163536f432fea246be,かみん,mi_0716,https://assets.st-note.com/production/uploads/images/262988443/profile_5a103c8c3708f35983a127cdfd7f9972.png?fit=bounds&format=jpeg&quality=85&width=330,2026-07-10T20:50:22.283+09:00,"Kingさん
最新の記事も早速マガジンに追加していただき、ありがとうございます🙏🏻✨

早速こちらの記事を拝読しました。
とても分かりやすい内容で勉強になりました☺️
自分のnoteの内容も振り返ってみようと思います🌱
"
nc71d802c61eda,n2bd2816b75b0,bbdfbbee728da7efba6d355e61d898ca,nagi｜副業・資格・note発信｜家族のために、一歩ずつ,nagi_2026,https://assets.st-note.com/production/uploads/images/287502281/profile_037a871b6e18c4d1683156a4dfd6c45a.jpeg?fit=bounds&format=jpeg&quality=85&width=330,2026-07-10T23:57:35.644+09:00,"こんばんは🌇

3ヶ月目からの伸びが本当に凄まじいです
始めた時期は同じくらいなのにわたしとは天と地の差が笑笑

いつも𝕏でも反応頂きありがとうございます！引き続き宜しくお願いします🙇"
nca70887803d15,n2bd2816b75b0,333903e118ccc5fa63c52890495f1bc7,えりぃ｜ココロの片づけ案内人,dear_cosmos7591,https://assets.st-note.com/production/uploads/images/264186033/profile_f8cab5b3e0f385786ab81493435f9e38.png?fit=bounds&format=jpeg&quality=85&width=330,2026-07-11T11:35:26.621+09:00,"Ｋｉｎｇさん、おめでとうございます！㊗

淡々と粘り強く続けた結果を、シェアしてくださりありがとうございます🌈

その行動力の豊富さと、お一人お一人を大事にされる姿勢が
さらにｋｉｎｇさんの魅力に拍車をかけているのだなと思いました💛

これからもよろしくお願いします🐰🌸"
nce45c14651d59,nd85cc3ca9a61,9df772d84bb560521c6bba9d683d44d3,タイラー｜五感翻訳家｜五感解析ラボ主宰,lively_flea9734,https://assets.st-note.com/production/uploads/images/194324063/profile_84c7d01cdf7bb987562b41da68ca252b.jpeg?fit=bounds&format=jpeg&quality=85&width=330,2026-07-11T11:17:52.982+09:00,"お邪魔します♪
いつもマガジン掲載ありがとうございます😊
X、フォローさせてもらいました。
よろしくお願いします🤲"
nca1c6f613df4d,n4a2363bcd76b,aa5f202e80dcf0759147f93d2322e868,clutch0105│言葉に、音と色を。ひとりじゃない創作の輪🎶,hiroxkura,https://assets.st-note.com/production/uploads/images/191910317/profile_47bccc2c996bfbce66133b3328a5746b.jpg?fit=bounds&format=jpeg&quality=85&width=330,2026-07-11T14:22:07.314+09:00,"Kingさん
こんにちは⛅

この度は参加表明をいただき、
御多忙のところあたたかい支援いただき、
誠にありがとうございます💕

凄く助かります✨

そして、いつも温かい交流を
心より感謝の気持ちで胸が
いっぱいです🥲

引き続きよろしくお願いいたしますね🎶"
ncaf9a5d2a8273,n4a2363bcd76b,bd582364aa0b44c3434da1c766e830cf,小島すがも,kojima_sugamo,https://assets.st-note.com/production/uploads/images/285324530/profile_9d0cb7a9b5d306860a0cab9a95f15b9d.jpg?fit=bounds&format=jpeg&quality=85&width=330,2026-07-11T14:03:00.900+09:00,"すごい💕
誰かに言いたいｗ"
nc87c383965175,n4a2363bcd76b,9a193d9abc63ad1d536f979a874ad406,花ちゃん(花鳥風月)｜心を動かすメンタリスト,firm_bee7297,https://assets.st-note.com/production/uploads/images/281767555/profile_6c6c21dfdaa98e6edbb14e94529aec19.png?fit=bounds&format=jpeg&quality=85&width=330,2026-07-11T14:02:35.787+09:00,Kingさん、noteの音楽フェス紹介と熱い支援、とっても素敵です！🎶✨スケジュールで参戦できなくても、応援の輪を広げる行動力に脱帽です🎩フェスが大盛り上がりしますように🚀
nc253b72a90373,n4a2363bcd76b,a3bcc411a4c251239d492b2f079f5870,やも,yamo_note,https://assets.st-note.com/production/uploads/images/258648405/profile_ee869852783a5a9a11d34fd10d919f33.png?fit=bounds&format=jpeg&quality=85&width=330,2026-07-11T14:01:41.052+09:00,「スキを押してください」とあったので、押しましたよ🙄✌️
ncb09a3a944894,n4a2363bcd76b,dc157540cc91b85018fc2caf1ebe6e1d,空風マナミ　,sorakaze_works,https://assets.st-note.com/production/uploads/images/247072511/profile_f8c3cb6911c80de4c8b865ead1a349c6.png?fit=bounds&format=jpeg&quality=85&width=330,2026-07-11T13:58:23.632+09:00,"教えてくださったKingさんに、スキを押してしまいました🤭
ありがとうございます！"
ncfd5ee7e7a405,n4a2363bcd76b,d935afcef3d45372668600a97b8eea46,天野 雫,proper_bonobo536,https://assets.st-note.com/production/uploads/images/252856370/profile_866f40df26780c146ef9459cf81a675c.png?fit=bounds&format=jpeg&quality=85&width=330,2026-07-11T13:57:55.420+09:00,"Kingさん、こんにちは

楽しそうなイベントですね😊"
ncb385eea29b59,n4a2363bcd76b,4a511d143f8970c0e284a6182afc6cfa,涼鈴suzu,suzu_story,https://assets.st-note.com/production/uploads/images/230968642/profile_eabb1e844000a408e63be52a33676754.png?fit=bounds&format=jpeg&quality=85&width=330,2026-07-11T13:55:38.461+09:00,教えてくださったこの記事にもスキさせてくださいませ😊
ncad5384196dc1,n4a2363bcd76b,b7600bd399f33db92b194372e959a3b1,タク＠HENDRE,alert_clover9324,https://assets.st-note.com/production/uploads/images/271515882/profile_2813e89b97e45da58ac568acba833973.png?fit=bounds&format=jpeg&quality=85&width=330,2026-07-11T13:50:32.348+09:00,"こんばんは！
応援記事ありがとうございます！
とても運営としてすごく励みになります🎶"
ncc5ce8dffb05a,n2bd2816b75b0,4a511d143f8970c0e284a6182afc6cfa,涼鈴suzu,suzu_story,https://assets.st-note.com/production/uploads/images/230968642/profile_eabb1e844000a408e63be52a33676754.png?fit=bounds&format=jpeg&quality=85&width=330,2026-07-11T13:57:20.317+09:00,"ご自身だけでなく、みんなを応援してくださる活動内容にいつも感謝しております。
どうぞ、ご自身のペースで…
これからもお会いできますように。"
nc038fc21b3457,n2bd2816b75b0,ca17527cfe63f65cebf3883988786b79,donchan1962,donchan_13,https://assets.st-note.com/production/uploads/images/293072442/profile_8b6499ff1096e660ee01f82b8898b1ec.jpeg?fit=bounds&format=jpeg&quality=85&width=330,2026-07-11T12:59:24.208+09:00,"こんにちは。
いつもありがとうございます
記事、マガジンへの追加、感謝申し上げます"
nc7530c5e7da20,n4a2363bcd76b,13ffcb0b8cde83ea982b26cc3bc6eaaa,masaya｜テンカラフル,10colorful,https://assets.st-note.com/production/uploads/images/232446768/profile_a8685ea0ec297ae217ee56f303474bff.jpg?fit=bounds&format=jpeg&quality=85&width=330,2026-07-11T17:15:36.129+09:00,"Kingさん

こんにちは！
ご紹介いただきありがとうございます。

また、つぎの機会にご一緒できましたら幸いです。
取り急ぎお礼まで！ ありがとうございました。"
nc57c820878f25,n4a2363bcd76b,ee17e08838a2d1017fe4b3f4eb73a4e3,境界をまたぐ心理士【振り子】,rosy_snail1735,https://assets.st-note.com/production/uploads/images/253068092/profile_684215ad7eba3d124844155dff223a1b.jpg?fit=bounds&format=jpeg&quality=85&width=330,2026-07-11T17:03:31.501+09:00,"おっ！
こんなところに隠れフェス発見😆✨"
nc30c093eadce4,n4a2363bcd76b,ca17527cfe63f65cebf3883988786b79,donchan1962,donchan_13,https://assets.st-note.com/production/uploads/images/293072442/profile_8b6499ff1096e660ee01f82b8898b1ec.jpeg?fit=bounds&format=jpeg&quality=85&width=330,2026-07-11T16:37:32.803+09:00,"そんな催しがあったんですね。
知らなかった。"
ncf2066fc0f091,n2bd2816b75b0,2766cfcc2aed3415f112aa585b22ee2d,影武者コピーライター宮本真愿,5starcopy,https://assets.st-note.com/production/uploads/images/188085001/profile_4b8dd7820a7dc7827eced16d0ff70352.jpg?fit=bounds&format=jpeg&quality=85&width=330,2026-07-11T16:27:56.126+09:00,"Kingさん、６ヶ月の軌跡、拝見させていただきました！

特に圧巻なのは「コメント数」ですね。

Kingさんが普段からいかに読者・フォロワーを大切にしているかというのが、この数字にすべて表れていると思います。

半周年でこれだけすごいのであれば、１周年にはどんな数字になってるのか...

とても興味津々です。

これからも楽しみにしていますね！

僕のnoteにもいつも温かいコメントを寄せてくださりありがとうございます☺️

"
ncde123a599bf1,n4a2363bcd76b,1b47cf5ca2b256a74e02a919bc8aa800,きずな🌸|エモーショナル・エッセイスト| 言葉を音で届ける人♪,soul_healinglife,https://assets.st-note.com/production/uploads/images/267260596/profile_498713ded503ac02447a29aec612ecea.jpeg?fit=bounds&format=jpeg&quality=85&width=330,2026-07-11T21:45:48.611+09:00,"Kingさん✨️
ご紹介いただきありがとうございますᐠ(*ˊ˘ˋ*)ᐟ♡
嬉しいです🩷"
ncbe9ac4854f75,n4a2363bcd76b,7fe65c1862f422bfb2a7a5d98fbb942c,まりな,marina_days,https://assets.st-note.com/production/uploads/images/279040740/profile_45f4c447cad46a77f488d9ec5c5da19d.png?fit=bounds&format=jpeg&quality=85&width=330,2026-07-11T20:40:54.699+09:00,"Kingさん、こんばんは！

制限中なのに、またまたマガジン追加までありがとうございました😊
人気者は大変ですね💦

ご無理されませんよう🍵"
ncb2654cf606e7,n4a2363bcd76b,ca17527cfe63f65cebf3883988786b79,donchan1962,donchan_13,https://assets.st-note.com/production/uploads/images/293072442/profile_8b6499ff1096e660ee01f82b8898b1ec.jpeg?fit=bounds&format=jpeg&quality=85&width=330,2026-07-11T18:53:43.597+09:00,"こんばんは🌆。
いつもありがとうございます
記事、マガジンへの追加、感謝申し上げます"
nccc550428ded8,n4a2363bcd76b,2df543d041f077aba9575a76b09fe7a1,イロドリの詩／情緒ジェットコースターのリハビリ看護師,irodori_rihans,https://assets.st-note.com/production/uploads/images/291389869/profile_3f5a3f42f7af0fa8ac1bb8c62c8a57ae.png?fit=bounds&format=jpeg&quality=85&width=330,2026-07-11T18:46:49.672+09:00,やっぱりスキは押すよねぇ〜✨️
nc11d66143b812,n2bd2816b75b0,d29c2432624c1087ec7f89cc2f079dbe,美咲サヤ,crisp_gecko6337,https://assets.st-note.com/production/uploads/images/285251414/profile_bae91b069531c89747d86f8afb8c6bff.jpeg?fit=bounds&format=jpeg&quality=85&width=330,2026-07-11T20:34:43.473+09:00,"Kingさん、こんばんは！
凄いですね、ビューもコメント数も、、

やはり人気なKingさんです👍😆

この度もマガジンに追加していただきありがとうございました♪
励みになります😊

"
nc62f09e32ea2a,n4a2363bcd76b,209f3701abc5bae89b6dd62898c7916a,コンパス みき✨️好きのタネ🌱‬‪を育てる案内人,compass_m360,https://assets.st-note.com/production/uploads/images/253440713/profile_8b36220be6950ce90264f78d2b308c75.png?fit=bounds&format=jpeg&quality=85&width=330,2026-07-12T00:39:58.616+09:00,"Kingさん✨こんばんは☺️

曲の紹介ありがとうございます❤️
めちゃくちゃ嬉しいです😆
リミックス素敵ですね☺️
耳に残る！いいですね！"
nc41037dd59592,n4a2363bcd76b,fdfcb42dbb3ca6a92977feeb331299bf,ヤマコヤーマン,yamayamako3,https://assets.st-note.com/production/uploads/images/264908732/profile_22f5b0d83f87ee87628a50db08f251bb.png?fit=bounds&format=jpeg&quality=85&width=330,2026-07-12T00:12:59.700+09:00,"Kingさん
リミックスでまた全然変わりますね。とがってて格好いいです。
noteでも音楽フェスがあるとは。
面白いですね、ゆっくり聴きにいってきます！

いつもマガジン追加ありがとうございます！すごく嬉しいです！"
ncf83269a77d6c,n4a2363bcd76b,b63b31d05d711a4f7b3c8a10873a9845,るみるみ,rumi_rumi369,https://assets.st-note.com/production/uploads/images/250890261/profile_548edec71c867e28f1107e76c88507ef.png?fit=bounds&format=jpeg&quality=85&width=330,2026-07-11T23:38:43.219+09:00,"Kingさん😊✨️
先に聴きにきました～💖
おお〜✨
英語のオープニングと2コーラス
とスクラッチカッコいい😍
と思ったらスクラッチの後
「彼女が欲しいです｣www

好きになっちゃいました💖⭐️w
"
nc272ccd0bdc3f,n4a2363bcd76b,b60c6006e6818a147458dad11e6bc89f,瀬海歩（せかいあゆむ）,sekaiayumu25,https://assets.st-note.com/production/uploads/images/251395522/profile_6cb1552f68e13741419dd072f35f914e.jpg?fit=bounds&format=jpeg&quality=85&width=330,2026-07-11T22:35:04.038+09:00,"Kingさん
こんばんは☕️✨️
リミックスで素敵な感じにしてくださりありがとうございます😭

とても嬉しかったです☺✨️"
nce1fba483d1a3,n4a2363bcd76b,679fe4234ae28723f428b4e8b064616b,断罪と慈愛の歌詠み師 UTAKO,bold_slug9390,https://assets.st-note.com/production/uploads/images/287684923/profile_e0fe0aa4c07b7dc3d2ac43134f76b504.jpeg?fit=bounds&format=jpeg&quality=85&width=330,2026-07-11T22:24:57.623+09:00,"kingさん、こんばんは🌙✨
ご紹介ありがとうございます☺️
聞いていただき嬉しいです💖"
nc83e6e33b8a67,nfa8d47a22c3a,7bff9698f90783a866fdb5cfda02e540,🟥神室海夜(*´∀｀*),siiyakamuro,https://assets.st-note.com/production/uploads/images/278489845/profile_82bbfba53bf746260e6399ba39b8567c.png?fit=bounds&format=jpeg&quality=85&width=330,2026-07-12T03:35:32.187+09:00,マイテ：可愛いライオンしゃんにゃん😺💕　同じ猫同士かにゃ〜😺💕ゼノチェインに追加させて頂いたにゃん😺💕
nc108ba1251239,nfa8d47a22c3a,7bb11bfec7aa13e8816324ba733829f9,月凪（つきなぎ）,like_ferret2194,https://assets.st-note.com/production/uploads/images/274044810/profile_94b40ef52fd48a8e14b98a9c74ff0f7c.jpeg?fit=bounds&format=jpeg&quality=85&width=330,2026-07-12T11:59:44.706+09:00,"いつもマガジンに追加していただいてありがとうございます🍀とても嬉しいです
創作大賞2026お疲れ様でした❣️note音楽祭が始まっているようで引き続きお忙しそうですが、ご自愛くださいね☺️"
nc35dd2ae901c1,n4a2363bcd76b,13f03d3a1ec4a172a7084a791c8c4703,"あいさん💗Iカウンセリングルーム セラピスト／ 臨床心理士×公認心理師｜支援歴16年・2,000名超",joyful_zebra1701,https://assets.st-note.com/production/uploads/images/291954704/profile_fc1fbb946656267139e1f6e56d7d68ed.png?fit=bounds&format=jpeg&quality=85&width=330,2026-07-12T12:21:24.983+09:00,"Kingさん、夏フェスのご紹介ありがとうございます😆✨
盛り上がってますね～🥰💓

参加されている方の記事を次々と紹介されていて、会場の外からでもしっかり盛り上げておられるのが、さすがKingさんです🤣

そして、正式参加を忘れてフリースタイルで参戦する流れまで、Kingさんらしすぎます😆"
ncbbb98eb5e43b,n4a2363bcd76b,c57b90e88def472f75594cb7e1456444,龍神,tatsuopapa,https://assets.st-note.com/production/uploads/images/195297097/profile_8bc9db642d186cf7b66339af17c27bd2.png?fit=bounds&format=jpeg&quality=85&width=330,2026-07-12T07:14:23.954+09:00,"Kingさん

おはようございます🌞

音楽フェスを思い出した瞬間に記事を書き上げ、参加されている皆さんを次々と応援していく行動力が、本当にKingさんらしいですね😃

さらに会場の外から、瀬海さんとのコラボ曲をリミックスしてフリースタイルまで始められるとは、思わず笑顔になりました☺️

音楽もご縁も一緒に広がっていく、素敵な応援記事をありがとうございます🐉🌿"
nc553957d16c57,n4a2363bcd76b,0af9b366e7056bb35316462e699e0daa,じゅんのすけ,juicy_lynx3773,https://assets.st-note.com/production/uploads/images/264606998/profile_3edebb8ec7da186bb321afc081d561b0.png?fit=bounds&format=jpeg&quality=85&width=330,2026-07-12T06:32:00.449+09:00,"Kingさん
気になった参加者さんに、
スキ押してきますね！

だから、ここは押しませんよ。
絶対に押しませんからね。

あっ！🩵🤣"
nc4a93eb0b59bc,n4a2363bcd76b,58e8718b82d8bb24a98faa2e3b12b526,たび.　,51shinya,https://assets.st-note.com/production/uploads/images/259902729/profile_b80db7bab49f37404000d03424d13de3.png?fit=bounds&format=jpeg&quality=85&width=330,2026-07-12T14:29:17.453+09:00,"Kingさん、こんにちは！
マガジンに追加いただき感謝です🙂

楽しそうなフェスですね。
とりあえず、知っている参加者さんのところを覗いてみます。
もちろん、フリースタイルのKingさんのところへ寄ってから(^^♪
"
nc2700cab61e8e,n4a2363bcd76b,617d6d2dcb4435635d6a948287898ed1,五條シンジ｜『Snowdrop Surfer』,kitanoshinji,https://assets.st-note.com/production/uploads/images/263243256/profile_d0e5a60e70723ba546f0bf5528b96c24.png?fit=bounds&format=jpeg&quality=85&width=330,2026-07-12T14:13:38.984+09:00,"kingさん
こんにちは✨

マガジンに追加いただき、ありがとうございます。
いつも本当にありがとうございます。
マガジン追加のお礼が行き届いておらず大変申し訳ございません🙇

これからもどうぞよろしくお願いいたします。"
nc0448394be543,n4a2363bcd76b,75e6f17acf56ca669b6b1e3f622b124c,Jinsei,major_eel3138,https://assets.st-note.com/production/uploads/images/181354648/profile_0198c46355ca3bcf7c08ab2a8a0ebe5e.jpg?fit=bounds&format=jpeg&quality=85&width=330,2026-07-12T13:31:40.611+09:00,"Kingさん

こんにちは。
マガジンに記事を追加頂き、
ありがとうございます😊

めちゃくちゃ嬉しいです😭

引き続きよろしくお願いします🙏"
nc6a27059b00c5,nbdea0ea358cb,510984e5ac67a7144de8ba1d073dd0a5,LOVEちゃん♡,quiet_teinei,https://assets.st-note.com/production/uploads/images/281631027/profile_f6409e39b7f95ff3f230ceb2b3138873.png?fit=bounds&format=jpeg&quality=85&width=330,2026-07-12T13:44:36.533+09:00,"私はわからない場合取り扱い方だけ見てトラブルがあった時だけ読み直すって感じです🤗

うわっコレSNSに例えても同じだ🙄笑"
ncff61d7b184d2,nfa8d47a22c3a,f96d8d9575dad5d5670816ae1d54f48c,おーちゃん,brave_racoon6208,https://assets.st-note.com/production/uploads/images/265075393/profile_a4072d8e9748600da58942f1ccba6fd7.png?fit=bounds&format=jpeg&quality=85&width=330,2026-07-12T16:46:26.870+09:00,マガジン追加して頂き、ありがとうございます。夏の陣、盛り上がるといいな💖
nc5ce786aa007f,n4a2363bcd76b,c14d4c6b5a0c0c79d0aad89f06da6710,ふらつき母ちゃん│脊髄小脳変性症ですが何か⁉️,dear_viper3924,https://assets.st-note.com/production/uploads/images/293302621/profile_2b4e0fbf17f8b6a398b56f00eaa99953.png?fit=bounds&format=jpeg&quality=85&width=330,2026-07-12T18:45:43.021+09:00,"Kingさん
はじめまして( ᴗ͈ˬᴗ͈)
この度はマガジンへの仲間に入れていただき、ありがとうございます♡

今回、初参戦してみましたが…
皆さんやはりすごいですね〜
私も動画とかしてみたかった(  ߹꒳​߹ )

コラボ曲、楽しくなるテンポで聞きやすかったです🎶

せっかく結ばれたご縁ですので、これからも仲良くしてくださると嬉しいです( * ॑꒳ ॑*)♡"
nc90bbbc6e28b0,n4a2363bcd76b,c1dfe5c6837c1c8dafb60f25a7fdcdc0,華子,genial_spirea716,https://assets.st-note.com/production/uploads/images/258028335/profile_2bb70ccccce23ac8888763e8a9d26ee2.jpg?fit=bounds&format=jpeg&quality=85&width=330,2026-07-12T18:02:45.967+09:00,記事のご紹介ありがとうございます。スキになるなよ！！絶対だぞ！！聞いてます。かっこいい👍
nceb78e8340ba2,n4a2363bcd76b,eba7cbd3842946ceec2eb414b414c5fa,The Rui Collective,theruicollective,https://assets.st-note.com/production/uploads/images/249291171/profile_ce4c216f5dc5b98936daa31692cfc89b.jpg?fit=bounds&format=jpeg&quality=85&width=330,2026-07-12T16:41:35.712+09:00,"Kingさん、こんにちは、初めまして☺️
マガジンに追加いただき、ありがとうございます。
これからもどうぞよろしくお願いいたします🌸"
nc2cd209bce07f,n2bd2816b75b0,ca17527cfe63f65cebf3883988786b79,donchan1962,donchan_13,https://assets.st-note.com/production/uploads/images/293072442/profile_8b6499ff1096e660ee01f82b8898b1ec.jpeg?fit=bounds&format=jpeg&quality=85&width=330,2026-07-12T18:14:01.207+09:00,"こんばんは🌆。
いつもありがとうございます
記事、マガジンへの追加、感謝申し上げます"
ncf85ef7044f18,n4a2363bcd76b,4dc0167ecb3a59ff0a2d9f8f092094a6,余滴のわさび,onedrop_wasabi2,https://assets.st-note.com/production/uploads/images/274209527/profile_dc28165aba358688d239e4ec9225b0ad.png?fit=bounds&format=jpeg&quality=85&width=330,2026-07-12T20:36:38.183+09:00,"Kingさん✨

マガジンへの掲載、ありがとうございます🥹🙏
今後ともまったりのんびり気長に投稿していきますので、今後ともよろしくです✨"
nc101e54180934,n4a2363bcd76b,ca17527cfe63f65cebf3883988786b79,donchan1962,donchan_13,https://assets.st-note.com/production/uploads/images/293072442/profile_8b6499ff1096e660ee01f82b8898b1ec.jpeg?fit=bounds&format=jpeg&quality=85&width=330,2026-07-12T20:32:11.165+09:00,"こんばんは🌆。
いつもありがとうございます
記事、マガジンへの追加、感謝申し上げます
また、記事の高評価ありがとうございます"
ncacfdc34d95fb,n2bd2816b75b0,78376ee2a13f87a68be09b41f4fcf1be,津田祐希（ゆきてぃ）,love_peace_2023,https://assets.st-note.com/poc-image/manual/preset_user_image/production/i1bbf72cee783.jpg,2026-07-12T21:47:10.180+09:00,"Kingさん
半周年おめでとうございます㊗️
スゴイ求心力ですね！

そして
マガジンにも入れて頂き
ありがとうございます！"
nc308b464aaf20,n07f4fe321ee9,bd582364aa0b44c3434da1c766e830cf,小島すがも,kojima_sugamo,https://assets.st-note.com/production/uploads/images/285324530/profile_9d0cb7a9b5d306860a0cab9a95f15b9d.jpg?fit=bounds&format=jpeg&quality=85&width=330,2026-07-13T01:09:59.884+09:00,"kingさんこんばんは！🥰
いつもありがとうございます！

ちょっとエロさが滲む感じがしてめっちゃいい曲でした✨素敵🥰
"
nc39323469502e,n07f4fe321ee9,ffe289363d8a2ab4b1006d873deb8fe7,カワムラ｜AI擬人化漫画 | ChatGPTのヨシダ,chatgpt_ysd,https://assets.st-note.com/production/uploads/images/249464808/profile_d4725fb31aebb01259ae2d468cb09492.jpeg?fit=bounds&format=jpeg&quality=85&width=330,2026-07-13T01:06:36.421+09:00,"Kingさん、夜分にすみません💦
めっちゃカッコイイ曲ですね。
色々刺激されて私も曲作りたい気持ちになってきました。
狂気　凶器　ホルモンぽくて好きでした。
ご紹介までありがとうございました。
また新しい1週間よろしくお願いします"
nc567540e92ddb,n4a2363bcd76b,4192103d183ed121ae476f26f5beeacd,ｓｅｏｒｉ🧚‍♂,alert_flea4300,https://assets.st-note.com/production/uploads/images/290683294/profile_8996bebc65c187ca31fdea0486555cee.jpg?fit=bounds&format=jpeg&quality=85&width=330,2026-07-12T22:43:07.461+09:00,"Ｋｉｎｇさん🧚‍♂

雫さん🧚‍♂　セッション後✨記事
七夕🎋🌠🌙　無料セッション記事


並べて　マガジン載せて　くれて
ありがとう💜　ございます🙏


次は　Ｋｉｎｇさん✨　だね😄

ライオンズゲート✨　前に

お待ち　しています🍀🙏



"
nc329e5b99b3e8,n2bd2816b75b0,4a5abb8e8138fd6fbf5799cac2ec7926,コウヅキ ハナエ,hanaekaki,https://assets.st-note.com/production/uploads/images/262131492/profile_a2318ddf53f035c1f7d54b13c898e0e0.png?fit=bounds&format=jpeg&quality=85&width=330,2026-07-12T22:37:31.050+09:00,"こんばんは😃
Kingさんがまだ半周年というのが信じられないです😳✨もう10年は続けていらっしゃるような存在感で✨(もちろん褒めてます😆💦)
いつも本当にお世話になりまして、ありがとうございます🥰
これからもよろしくお願いいたします☺️🌸"
ncb62a2f8e089b,n3319ea5d2f50,7fe65c1862f422bfb2a7a5d98fbb942c,まりな,marina_days,https://assets.st-note.com/production/uploads/images/279040740/profile_45f4c447cad46a77f488d9ec5c5da19d.png?fit=bounds&format=jpeg&quality=85&width=330,2026-07-12T22:14:04.860+09:00,"Kingさん、こんばんは😊
すごい、ＡＩで作るんですか？綺麗な曲ですね✨

またまたマガジン追加まで、ありがとうございました‼️"
ncf4cfe4a43d66,n83f6bf8f2527,78376ee2a13f87a68be09b41f4fcf1be,津田祐希（ゆきてぃ）,love_peace_2023,https://assets.st-note.com/poc-image/manual/preset_user_image/production/i1bbf72cee783.jpg,2026-07-12T22:02:52.003+09:00,"Kingさん
そのお名前がインパクト大です。

マガジンにも入れて頂き
ありがとうございました！"
ncda8aff1b7176,n07f4fe321ee9,d935afcef3d45372668600a97b8eea46,天野 雫,proper_bonobo536,https://assets.st-note.com/production/uploads/images/252856370/profile_866f40df26780c146ef9459cf81a675c.png?fit=bounds&format=jpeg&quality=85&width=330,2026-07-13T04:43:19.833+09:00,"Kingさん

コングラ、おめでとうございます🎉
最後のが特に印象的でした。深く考えさせられますね。"
nc4af56c9a8cac,n07f4fe321ee9,209f3701abc5bae89b6dd62898c7916a,コンパス みき✨️好きのタネ🌱‬‪を育てる案内人,compass_m360,https://assets.st-note.com/production/uploads/images/253440713/profile_8b36220be6950ce90264f78d2b308c75.png?fit=bounds&format=jpeg&quality=85&width=330,2026-07-13T03:06:03.553+09:00,"Kingさん、こんばんは✨

カッコいい曲！！歌詞はまあ合ってるからあり！
ちょっと怖いけど😰
"
nce665dbd78bdd,nfa8d47a22c3a,4dc0167ecb3a59ff0a2d9f8f092094a6,余滴のわさび,onedrop_wasabi2,https://assets.st-note.com/production/uploads/images/274209527/profile_dc28165aba358688d239e4ec9225b0ad.png?fit=bounds&format=jpeg&quality=85&width=330,2026-07-13T11:46:51.880+09:00,"Kingさん✨

マガジンへの掲載追加、いつもありがとです🥹🙏
今回は番外編、いつもと違った雰囲気をお楽しみください✨"
ncf4a0239a843a,n07f4fe321ee9,4d7884c1cad8153895dadb71ec1606cb,こーき｜心が少し軽くなる場所,i_am_151cm_boy,https://assets.st-note.com/production/uploads/images/236560109/profile_28f1fb163081001f12afa3f21b0dc40a.png?fit=bounds&format=jpeg&quality=85&width=330,2026-07-13T12:32:37.928+09:00,"Kingさん☺️

いつもコングラおめでとうございます😆❤️‍🔥

良し悪しあるかもしれませんが、依存するほどの人と出会うこと、それもまた運命なのかもしれないなと考えさせられました☺️🌈
"
nce4da6cc515eb,n07f4fe321ee9,ca17527cfe63f65cebf3883988786b79,donchan1962,donchan_13,https://assets.st-note.com/production/uploads/images/293072442/profile_8b6499ff1096e660ee01f82b8898b1ec.jpeg?fit=bounds&format=jpeg&quality=85&width=330,2026-07-13T09:00:29.608+09:00,"頑張った甲斐がありますね。
コングラおめでとう御座います㊗️
曲？なかなか良い感じ🙆。
"
nc9cb8ba3846a9,n4a2363bcd76b,ca17527cfe63f65cebf3883988786b79,donchan1962,donchan_13,https://assets.st-note.com/production/uploads/images/293072442/profile_8b6499ff1096e660ee01f82b8898b1ec.jpeg?fit=bounds&format=jpeg&quality=85&width=330,2026-07-13T11:10:13.835+09:00,"こんにちは。
いつもありがとうございます
記事、マガジンへの追加、感謝申し上げます"
nc14751453d3d3,n2bd2816b75b0,aa396818ce9b68951cae09c5b738014e,Torori（とろり）🌱 毒親育ちへ「心穏やかな恋」を届ける人【フォロバ100】,torori_20260101,https://assets.st-note.com/production/uploads/images/242495675/profile_d6bfee66de6dbec64ca70c2649f987aa.png?fit=bounds&format=jpeg&quality=85&width=330,2026-07-13T06:59:17.841+09:00,"Kingさん

半年継続、おめでとうございます🎉

ダッシュボード拝見しましたが、コメント数がすごすぎる・・😁✨️

この数はなかなか出せないですね✨️

いつも色んな人と交流しててすごいなぁと感心してばかりです。

私も見習っていこうと思います＾＾

今後ともどうぞよろしくお願いいたします🌱"
nc6ca4b1464ac0,nfa8d47a22c3a,007d311c5698925e21588f1ac58f2b52,なおこ｜人生が少し軽くなる視点,naokoyawataya,https://assets.st-note.com/production/uploads/images/286349257/profile_9f1696234736cd3e8ae3190fc2db78d6.png?fit=bounds&format=jpeg&quality=85&width=330,2026-07-13T14:25:12.212+09:00,"Kingさん、
マガジン追加して頂き、ありがとうございます。"
nc245bcee74289,nfa8d47a22c3a,50cc6eb13da62c289b4904c7a5b62884,月燈(つきあかり),atttk_m,https://assets.st-note.com/production/uploads/images/289560937/profile_1c75ce7cc8669fae9ee3672371aace82.png?fit=bounds&format=jpeg&quality=85&width=330,2026-07-13T14:09:36.141+09:00,"キングさん
マガジンへの追加ありがとうございます‼︎
先程、ディクシャというマインドフルネスの体験を受けたばかりだったので、こんな何かに繋がるん！？
って驚いています🙏

よろしくお願いいたします！！"
nc24002a768e8e,n07f4fe321ee9,13f03d3a1ec4a172a7084a791c8c4703,"あいさん💗Iカウンセリングルーム セラピスト／ 臨床心理士×公認心理師｜支援歴16年・2,000名超",joyful_zebra1701,https://assets.st-note.com/production/uploads/images/291954704/profile_fc1fbb946656267139e1f6e56d7d68ed.png?fit=bounds&format=jpeg&quality=85&width=330,2026-07-13T13:19:03.183+09:00,"Kingさん、こんにちは🌸

実話ベースと知って、歌詞の見え方が一気に変わりました。

「これは愛情じゃない　単なる依存症だ」という言葉に、関係の危うさと、ふと我に返る瞬間の切実さが込められているように感じました。

相手の瞳に宿る狂気を見て、自分まで同じ場所へ行くわけではないと気づく。
その「あの日の選択」があったからこそ、今ここにおられるのですね😌💞

短い言葉の中に、緊張感と重さが詰まった作品でした✨"
nc737a6514e46d,n07f4fe321ee9,47ac127ec0bbe6902b9f372fd944ebf8,和田雄三｜AI×心理ブランディングデザイナー,glad_dill2129,https://assets.st-note.com/production/uploads/images/265848866/profile_b0e386a458b5c21f7f00921837c9ffad.png?fit=bounds&format=jpeg&quality=85&width=330,2026-07-13T13:00:47.418+09:00,"いつもスキが多いですね😊

別アカ最近放ったらかしです🤣
本アカで入り直したほうが良さそうですね💦"
nc44be01c95e6a,n07f4fe321ee9,b60c6006e6818a147458dad11e6bc89f,瀬海歩（せかいあゆむ）,sekaiayumu25,https://assets.st-note.com/production/uploads/images/251395522/profile_6cb1552f68e13741419dd072f35f914e.jpg?fit=bounds&format=jpeg&quality=85&width=330,2026-07-13T18:22:07.405+09:00,"Kingさん
いつもありがとうございます😊✨️
マガジン一覧表をみてある位置でスクロールが止まりました（笑）
ひとりごとです。🤣"
nc4ef1c0cf31ed,n4a2363bcd76b,71ea0f42f83343877ae30eb938fade1e,モモ♥️,genial_quokka134,https://assets.st-note.com/production/uploads/images/210131001/profile_643d08cc160b1ad1e1359a54068d3d46.png?fit=bounds&format=jpeg&quality=85&width=330,2026-07-13T18:34:10.561+09:00,"カッコよくて面白い‼️🤣👍♥️
まんまとスキ🩷押すやつーーー（笑）"
ncc53409a4e53e,n07f4fe321ee9,66726de4becaba8cedd3e058f42503e8,haremithu | 迷う母に言葉を🪷|,haremithu,https://assets.st-note.com/production/uploads/images/275787721/profile_a1cd7f33caccd2abc12f19b96be41bc8.jpeg?fit=bounds&format=jpeg&quality=85&width=330,2026-07-13T23:02:44.366+09:00,"kingさん
出会った頃から狂気の瞳だったのでしょうか。実話ベースだからこそ、一つ一つの言葉に深みがあり、ロックな曲調に引き込まれました。
依存から抜けだされるのは様々な葛藤があったのではないかと感じます。

出会った頃は面白かった友人がなんだか違う人に変化していく、そんな記憶が蘇ってきました。

マガジン追加に感謝申し上げます。


"
nc016727d136e1,n07f4fe321ee9,84725422db8ddb286fb3a293c306aebf,開運シェルパ,hanamiti369,https://assets.st-note.com/production/uploads/images/286658065/profile_51fafbf2b5a86f4432c7f61db5cf2dc5.png?fit=bounds&format=jpeg&quality=85&width=330,2026-07-13T20:15:44.430+09:00,"Kingさん、自分の内側にあった重い記憶を、言葉という形に残しておられることに敬意を表します。
繰り返し「一緒に」と迫られた時間の中で、拒む選択をしたことは、簡単な決断ではなかったはずです。誰かの求めに応えないという判断は、時に薄情に見えることもあります。「拒絶」には、罪悪感が伴うことも少なくありません。それでも、その痛みを引き受けて生きる道を選んだ意志には、強さを感じます。それは、自分と相手の両方を守るための一線だったのだと思います。
この歌詞が伝えているのは、狂気そのものの魅力ではないはずです。狂気の隣にいながら、冷静さを保ち続けた側の記録として読みました。醒めた目を持ち続けることは、流されることより、むしろ力のいる選択です。
実話を土台にした作品として世に出すことにも、相応の覚悟があったと思います。言葉にすることで、当時のご自身の記憶に区切りをつける力があります。同時に、似た状況にいる誰かの背中を、少し軽くする力にもなり得ます。"
ncb2f242fe6443,n105454312080,f31c80eff59bbcbd33a585215e4d233e,俊,nifty_daisy5185,https://assets.st-note.com/production/uploads/images/240830637/profile_6db5e5d63617f16965953d59b8e2933e.png?fit=bounds&format=jpeg&quality=85&width=330,2026-07-13T22:29:36.952+09:00,まあ、恥の多い人生を送ってると客観視しつつも、いや俺がんばってると自己肯定してる私のようなオメデタイ人間がそれなりにいる…はず！
ncb903ef85e01c,nfa8d47a22c3a,a0eebfb87946987de4c26475463b881e,まちゃ｜40代からの心身の巡りを整える案内人,joyous_hikari,https://assets.st-note.com/production/uploads/images/274926904/profile_f265fad8bd8529279f7d93543e501287.png?fit=bounds&format=jpeg&quality=85&width=330,2026-07-14T09:42:21.413+09:00,"Kingさん　こんにちは
マガジンへの追加、感謝感激です💓
いつもありがとうございます。"
ncd99cd9ceb3fa,n07f4fe321ee9,c1dfe5c6837c1c8dafb60f25a7fdcdc0,華子,genial_spirea716,https://assets.st-note.com/production/uploads/images/258028335/profile_2bb70ccccce23ac8888763e8a9d26ee2.jpg?fit=bounds&format=jpeg&quality=85&width=330,2026-07-14T11:19:18.895+09:00,この曲もボーカルのセレクトも歌詞もとてもいいですね。これ、実話なんじゃないですか？辛い経験されましたね。
nc2747bb925ffb,n07f4fe321ee9,66bbb253e7d8b2ba486f4415f36ee785,Noa,noachan0617,https://assets.st-note.com/production/uploads/images/269973521/profile_77ebb6ddc767747de9bb5bfef312b21b.png?fit=bounds&format=jpeg&quality=85&width=330,2026-07-14T08:00:00.113+09:00,"King | 天は自らを助くる者を助けるらしいさん
マガジンをご紹介いただきありがとうございます☺️
狂気（あの日の選択）ロックを聴きました🎸
タイトル・歌詞の怖さ・メロディが絶妙にマッチしていて、かっこいいですね！
また他のタイプの曲も聴いてみたいなと思いました！
また読ませていただきます📗"
nc93376778cf58,n2bd2816b75b0,b425350fc6b3fda6e89dcb3b58699ad0,嶺菜/Kou lena smil🌈,junna1001dz,https://d2l930y2yx77uc.cloudfront.net/assets/default/default_profile_4-e3b57528da29acad20d5a2db33268c87f1d39015448757ddf346d60fb5861e49.png,2026-07-14T08:02:57.438+09:00,"Kingさん！
沢山のバッジ、継続おめでとうございます🎉

そして、マガジンへ追加していただきましてありがとうございます🙏

私も、Kingさんを応援しております🌺🌈

"
nc0dfddfc65af5,n07f4fe321ee9,501075b33bc8fff4716e8e39cb47e74a,りんごあめ,aogunjyou_205,https://assets.st-note.com/production/uploads/images/244320088/profile_b53bcb9297c65530f6e56ea129a55d08.jpeg?fit=bounds&format=jpeg&quality=85&width=330,2026-07-14T14:11:58.263+09:00,"Kingさん　こんにちは

いつもマガジンへ掲載していただき、本当に感謝です😌🍀
ロック聴きました🎵
歌詞が、かなりハードで少し怖い感じでしたが、メロディーとマッチしていて、良かったです。
これからも、記事の投稿や音楽作り、様々な分野を頑張ってください🌻"
ncc12286ebdce4,ncc1828affef3,ca17527cfe63f65cebf3883988786b79,donchan1962,donchan_13,https://assets.st-note.com/production/uploads/images/293072442/profile_8b6499ff1096e660ee01f82b8898b1ec.jpeg?fit=bounds&format=jpeg&quality=85&width=330,2026-07-14T13:46:57.036+09:00,こんにちは。いつもありがとうございます。記事、マガジンへの追加、感謝申し上げます。
nc54f53cac577a,n07f4fe321ee9,ca17527cfe63f65cebf3883988786b79,donchan1962,donchan_13,https://assets.st-note.com/production/uploads/images/293072442/profile_8b6499ff1096e660ee01f82b8898b1ec.jpeg?fit=bounds&format=jpeg&quality=85&width=330,2026-07-14T18:12:04.610+09:00,"こんばんは🌆。
いつもありがとうございます。
記事、マガジンへの追加、感謝申し上げます。"
nc217842861a6c,nfa8d47a22c3a,f78a2ca8ad5d60dfb5744370b6f76fe3,どらみ 　（柴垣節子）,dolami_setsuko87,https://assets.st-note.com/production/uploads/images/290097031/profile_c9440adb39bcb43a6ef7ac0349f2b088.png?fit=bounds&format=jpeg&quality=85&width=330,2026-07-14T20:57:29.551+09:00,"Kingさん、マガジンへの追加、本当にどうもありがとうございます。
これからも　感謝の気持ちで　生きていきます💗　どらみ"
nc4af47d58c80a,n07f4fe321ee9,78376ee2a13f87a68be09b41f4fcf1be,津田祐希（ゆきてぃ）,love_peace_2023,https://assets.st-note.com/poc-image/manual/preset_user_image/production/i1bbf72cee783.jpg,2026-07-14T22:00:21.827+09:00,"こんばんわ。
マガジンに入れて頂き、ありがとうございました。"
ncce20c502b3fc,n07f4fe321ee9,9c430d39164a2571113f0e66477894c2,コムギ,komugi1234,https://assets.st-note.com/production/uploads/images/251886093/profile_18c43ab2aa57af950ff572e6e6c59722.jpg?fit=bounds&format=jpeg&quality=85&width=330,2026-07-14T21:51:29.378+09:00,"こんばんわ

マガジンへ追加していただきとても嬉しいです。
ありがとうございます。



"
ncb42acbc3d28f,n4a2363bcd76b,6c5718f0559167163536f432fea246be,かみん,mi_0716,https://assets.st-note.com/production/uploads/images/262988443/profile_5a103c8c3708f35983a127cdfd7f9972.png?fit=bounds&format=jpeg&quality=85&width=330,2026-07-14T19:31:03.991+09:00,"kingさん、こんばんは✨
マガジンへの掲載ありがとうございます❣️

歌詞は面白いのに、曲はめちゃかっこよくてびっくりしました😮✨
速攻スキ押しました💖笑"
nc86d9663677b2,n2bd2816b75b0,69ba97bb6f1a63935919f292aa73e689,黒米たけし,proper_macaw3028,https://assets.st-note.com/production/uploads/images/234585253/profile_22b67fe04fba4ffcf2951bf73a82c99a.png?fit=bounds&format=jpeg&quality=85&width=330,2026-07-14T20:44:55.646+09:00,"Kingさん
こんばんは。

データが凄いですね。
KingさんはNOTEのベテラン方だと
思っておりました。
私のビューとは桁が違いすぎます笑

マガジン登録ありがとうございます。
いつもすみません。

宜しくお願いいたします。"
nc9c9cb5443dcc,n2bd2816b75b0,34987bbf50be44cfbc1419a1df6f8760,ツムジ,tsumuji264,https://assets.st-note.com/production/uploads/images/231588271/profile_d0f51b83720ce83ce2be707571e96762.png?fit=bounds&format=jpeg&quality=85&width=330,2026-07-14T19:14:32.284+09:00,"Kingさん、こんばんは！
いつもありがとうございます😊

半周年おめでとうございます🎊

1か月ごとのデータの変遷、興味深く読ませていただきました！
好き押すなよ！企画は3か月目からだったんですね。
みなさんの素直じゃない愛を感じられる企画で好きです笑

これからもよろしくお願いします☺️"
ncc44bfde1e6e3,n2bd2816b75b0,4bfa1f0314a89f7e530990f2929debc0,ひまわり,safe_hawk6284,https://assets.st-note.com/production/uploads/images/283380447/profile_5f2aa23037a83b14e7e2db1934a1eca7.png?fit=bounds&format=jpeg&quality=85&width=330,2026-07-14T19:14:29.991+09:00,"Kingさん

半周年おめでとうございます✨✨
すごい数字ですね‼️

色々な工夫をされながら、読者さんやフォロワーさんをとても大切にされているのだなと感じました😌✨

マガジンに追加していただき、ありがとうございます😊
とても嬉しいです🌻

これからもよろしくお願いいたします🙇‍♀️
"
nc597edd4eaa2e,n83f6bf8f2527,69ba97bb6f1a63935919f292aa73e689,黒米たけし,proper_macaw3028,https://assets.st-note.com/production/uploads/images/234585253/profile_22b67fe04fba4ffcf2951bf73a82c99a.png?fit=bounds&format=jpeg&quality=85&width=330,2026-07-14T21:11:02.434+09:00,"Kingさん
こんばんは。

度々ですみません。
飛んできました笑

勉強になりますよ。
責めの姿勢．．．

NOTEはまだ慣れてきたのですが、
Xが極めて苦手ですね笑

マガジン追加ありがとうございます。

宜しくお願いいたします。"
nc4e4f2c32d1e3,n37e682fd1aa3,0532f1f5e7fe9be7936959a7a43a5e10,おとの部屋,otonoheyapiano,https://assets.st-note.com/production/uploads/images/236404075/profile_145eacb40a09fac1855e00a8101c2307.png?fit=bounds&format=jpeg&quality=85&width=330,2026-07-14T21:12:03.700+09:00,"Kingさん こんばんは🌙* :ﾟ

遅まきながら、
6000おめでとうございます🎉🎊

いつもありがとうございますஐ
おかげで、ご縁をいただいていると
思います✨

次のきりの時には ご一緒にお祝い
したいです*｡٩(ˊvˋ*)و✧*｡

いつもありがとうございます⸜🌷︎⸝‍(* ᴗ͈ˬᴗ͈)”"
nc22433b2f518a,n07f4fe321ee9,fdfcb42dbb3ca6a92977feeb331299bf,ヤマコヤーマン,yamayamako3,https://assets.st-note.com/production/uploads/images/264908732/profile_22f5b0d83f87ee87628a50db08f251bb.png?fit=bounds&format=jpeg&quality=85&width=330,2026-07-14T22:58:20.718+09:00,"｢一緒に◯のうと女の子から言われたことが何度もあった｣…すっごい恋愛してたんですね！ロックだわ！

お忙しい中、いつもスキマガジン追加ありがとうございます！！"
nc069e8e96e83a,n5305861820bd,c4ac270dc7481e0665ab7bf8c2ceafa0,yoちゃん｜人生迷子のアラフォーOL,ksyyy,https://assets.st-note.com/production/uploads/images/279470465/profile_777275ca763868d309f35bcf79988cc6.png?fit=bounds&format=jpeg&quality=85&width=330,2026-07-14T22:38:02.227+09:00,"Kingさん
いつも私の記事にいいねや
マガジンに掲載いただき
本当にありがとうございます😊

なかなかお礼をお伝えできず
失礼いたしております。

飛翔、とてもあたたかい曲ですね✨
拝聴していて、応援されている気持ちになりました！
他の楽曲も聴かせていただきます😊"
ncce7c6572abc5,n105454312080,5792beedf51dea6547b4b3d298482ab4,丁寧な暮らし/生きやすさ探求家,gentle_gecko1078,https://assets.st-note.com/production/uploads/images/272850856/profile_5078d7016e37422cee3be424742ee433.png?fit=bounds&format=jpeg&quality=85&width=330,2026-07-15T00:38:35.511+09:00,この話だったのですね🤫
nc895c8c2bd8f1,n07f4fe321ee9,b63b31d05d711a4f7b3c8a10873a9845,るみるみ,rumi_rumi369,https://assets.st-note.com/production/uploads/images/250890261/profile_548edec71c867e28f1107e76c88507ef.png?fit=bounds&format=jpeg&quality=85&width=330,2026-07-15T12:23:18.221+09:00,"ああ！💖🥰
こんな感じ大好き♡
ちょっと気だるい歌い始めに
ヤラレました✨💕
依存症⭐️ふふ(*´꒳`*)"
nce7c989689710,n5305861820bd,ceb9f20beef56f72c10ed1c4bc125c74,ゆらり🌸🫧　🫶✨,huge_coot6820,https://assets.st-note.com/production/uploads/images/289304338/profile_84c145c3d735e61ef55622e409917111.jpeg?fit=bounds&format=jpeg&quality=85&width=330,2026-07-15T13:20:51.256+09:00,"めっちゃ

凄い💓"
nc32b8079a2d89,n39eb8c620b77,0a190b2a1490ace96d668b7243df84fc,『本当の自分に出会う100の法則』まなび,miracle_tarot315,https://assets.st-note.com/production/uploads/images/249470009/profile_45cd99b5e01b52738ef63d2120073cf9.png?fit=bounds&format=jpeg&quality=85&width=330,2026-07-15T12:29:57.345+09:00,"Kingさん
いつもマガジンに追加して頂きありがとうございます✨😊

モード変更という発想が面白くて、思わず「私はどうだろう？」と考えながら読ませていただきました。

警戒モード、親切モード、軽快モード。
どれも別人ではなく、その時々に表れるKingさんの一面なんですね✨

「どのモードにも長所と短所がある」
という視点が印象に残りました。

私はあまり意識したことがありませんでしたが、振り返ってみると相手や状況によって自然と切り替わっているのかもしれません😅💦

そして、いつも冷静で分析されている印象のKingさんにも、こんなふうに自分を観察している一面があるんだなと親近感が湧きました🤗

面白い気づきをありがとうございました✨"
nc8a4bbc7c56b5,n07f4fe321ee9,cdeef05ecbf030968e90bd577feaa6ef,和田けいた | 「あの頃の青春をもう一度」　リスタートアカデミー教授　兼　全力研究コーチ,smile_jumper,https://assets.st-note.com/production/uploads/images/142670336/profile_f746a660c4435f3add490cfb97c7aaac.jpg?fit=bounds&format=jpeg&quality=85&width=330,2026-07-15T18:09:55.403+09:00,"Kingさん
クレイジー感半端ないですね！
甘だるく誘う感じ、ゾクゾクしちゃいます！！"
nce99ff0a36ab7,n9101ede99d42,94d8a61bf975de388b5d4ff490e9602a,♡海藻うさぎぴょん♡,fine_worm5368,https://assets.st-note.com/production/uploads/images/294471916/profile_a45c9fb18544dde3a34e58e731d93159.png?fit=bounds&format=jpeg&quality=85&width=330,2026-07-15T18:11:59.699+09:00,こんばんはおめでとうございます㊗️😊
nc6ff870ec171b,n83f6bf8f2527,94d8a61bf975de388b5d4ff490e9602a,♡海藻うさぎぴょん♡,fine_worm5368,https://assets.st-note.com/production/uploads/images/294471916/profile_a45c9fb18544dde3a34e58e731d93159.png?fit=bounds&format=jpeg&quality=85&width=330,2026-07-15T16:41:50.812+09:00,こんにちは😊
nce86fc9f96399,n4a2363bcd76b,ca17527cfe63f65cebf3883988786b79,donchan1962,donchan_13,https://assets.st-note.com/production/uploads/images/293072442/profile_8b6499ff1096e660ee01f82b8898b1ec.jpeg?fit=bounds&format=jpeg&quality=85&width=330,2026-07-16T07:08:04.215+09:00,"おはようございます
いつもありがとうございます
記事、マガジンへの追加、感謝申し上げます"
ncd84b74200df7,n105454312080,266d9698e161c9b4bc3cd84ab21d7c08,きみこのSoulルーム,kimimari2350,https://assets.st-note.com/production/uploads/images/208541487/profile_b8e04433295dbc046967147402b4f003.png?fit=bounds&format=jpeg&quality=85&width=330,2026-07-16T11:50:00.373+09:00,"Kingさん🍃

過去を否定するのではなく、その経験を今の視点で見つめ直されているところに、時間が育ててくれた深さを感じます🌿

「自らを助くることにした。」という一文から、救いは外ではなく、自分の中にもあるのだと教えていただいた気がします✨

そして、いつもマガジンに掲載していただき、本当にありがとうございます💕
温かいご縁に感謝しています🥰

愛❤️感謝🍀"
nca9647848a217,nfa8d47a22c3a,1924f3622a98065425dd82f27ebc8718,きおくのかけら,lively_toucan534,https://assets.st-note.com/production/uploads/images/275185500/profile_ee9b4e90a4a95c31ecc31cc2eb8cc09d.png?fit=bounds&format=jpeg&quality=85&width=330,2026-07-16T12:43:53.857+09:00,"Kingさーん！
いつもマガジン追加ありがとうございます😊
note継続の励みになっております。
今後ともよろしくお願い致します🍀
"
ncd1d2493a4b6c,n07f4fe321ee9,b39624e9464ededa053a7cbf0de179ce,あな,ana_mama_english,https://assets.st-note.com/production/uploads/images/219621833/profile_8ef662d95d545fc74251b7700219beae.png?fit=bounds&format=jpeg&quality=85&width=330,2026-07-16T15:18:49.801+09:00,"Kingさん、こんにちは✨

曲を聴かせていただきました。 歌詞の一つひとつが深く響きました。

マガジンへの追加とスキを、
ありがとうございます☺️ 
いつもとても励みになっています✨"
ncb654f8352137,n07f4fe321ee9,031a96c67c576e3bfc12a86d2606bd97,ココミチ＠ゆきの,hot_mink9599,https://assets.st-note.com/production/uploads/images/212559417/profile_9dbf6c222d0c87810aeff185afbd7f95.jpg?fit=bounds&format=jpeg&quality=85&width=330,2026-07-16T14:22:11.424+09:00,"Kingさん、こんにちは

28,000回目のスキ、おめでとうございます

危うい熱のなかで、ふっと我に返る瞬間
刃物を向けられても受け入れないと決めた
その終わりの静けさに
息を呑みました

三篇まとめてマガジンへ迎えてくださり
温かいお心遣いに感謝しています

ゆきの"
nce076d3028f7f,n07f4fe321ee9,d29c2432624c1087ec7f89cc2f079dbe,美咲サヤ,crisp_gecko6337,https://assets.st-note.com/production/uploads/images/285251414/profile_bae91b069531c89747d86f8afb8c6bff.jpeg?fit=bounds&format=jpeg&quality=85&width=330,2026-07-16T14:05:05.177+09:00,"Kingさん、こんにちは！
この度も、記事をマガジン追加していただきありがとうございます！

まためっちゃカッコいいロックな歌でしたよ✨✨

いつもありがとうございます🙇‍♀️"
nc6e1f85407bd3,n07f4fe321ee9,ca17527cfe63f65cebf3883988786b79,donchan1962,donchan_13,https://assets.st-note.com/production/uploads/images/293072442/profile_8b6499ff1096e660ee01f82b8898b1ec.jpeg?fit=bounds&format=jpeg&quality=85&width=330,2026-07-16T13:16:38.988+09:00,"こんにちは。
いつもありがとうございます
記事、マガジンへの追加、感謝申し上げます"
nc64148ab13356,n9101ede99d42,6c5718f0559167163536f432fea246be,かみん,mi_0716,https://assets.st-note.com/production/uploads/images/262988443/profile_5a103c8c3708f35983a127cdfd7f9972.png?fit=bounds&format=jpeg&quality=85&width=330,2026-07-16T14:54:39.609+09:00,"Kingさん、こんにちは✨
いつも記事をマガジンに掲載していただき、ありがとうございます❣️

コングラおめでとうございます🎉👏
暑いので体調に気を付けてお過ごしくださいね☺️"
nc86667df20e1c,nea6ed669b0ad,f2a55d2f97f079ab0df510a2c19397fa,ぷっぷる,rich_moose3756,https://assets.st-note.com/production/uploads/images/247930453/profile_056c49f5bf7f07cdcc784fbf2ff720c7.png?fit=bounds&format=jpeg&quality=85&width=330,2026-07-16T14:16:01.420+09:00,"King さま

こんにちは

2ヶ月前の作品が、刺さる🍀
これは無茶振りに応えた作品😆
お疲れ様が沁みている…💐
「お疲れ様です💐」

Kingさん
今は少し楽になりましたか？
大賞応募もあったし、
忙しかったかもしれませんね🍀

いつもご支援頂き
ありがとうございます✨🙇

お身体、気をつけて
ご活動下さい♪

お礼まで
失礼しました🍀😊"
nc58cb78672de5,n1f7cfeb6e705,ea49ccb050923c8f32c4df30d3aafa4a,ママ薬剤師HONO,hospital_ph_hono,https://assets.st-note.com/production/uploads/images/290931619/profile_413d37d78cf8c89db67f4770c38ad6cb.png?fit=bounds&format=jpeg&quality=85&width=330,2026-07-16T18:59:42.179+09:00,"こんにちわ😊
MBTI、やったことないからやってみよー✨

持ってる本が出てきて、前のめりで記事読んじゃいました🤩"
nc0bd3ec8810da,n1f7cfeb6e705,ca17527cfe63f65cebf3883988786b79,donchan1962,donchan_13,https://assets.st-note.com/production/uploads/images/293072442/profile_8b6499ff1096e660ee01f82b8898b1ec.jpeg?fit=bounds&format=jpeg&quality=85&width=330,2026-07-16T18:46:14.182+09:00,"kingさん、今日は比較的、冷静になって記事を記載されていますね。
直感って意外と当たります。
その間で揺れ動く心、大変良く分かります。"
nc5882e2945b99,n1f7cfeb6e705,c2bf3fb737356ce4e0b1f47b310ccf53,音琴 ～go_chara～,lucid_hornet2442,https://assets.st-note.com/production/uploads/images/241037615/profile_011d60ebf0e17e1956abc71bc4156c2f.png?fit=bounds&format=jpeg&quality=85&width=330,2026-07-16T18:39:54.255+09:00,"Kingさん、こんにちは

冷静な最適解と、直感が導く想いのあいだで揺れる気持ちを、丁寧に言葉にされていて、心に響きました。

空気を読みながらも、ご自身のこころを置き去りにしないように向き合っておられる姿や葛藤を抱えつつ歩みを進めるその過程こそが、こころの豊かさをそっと照らしているように思えました。
天野 雫さんがおっしゃっているように、やっぱりレアな存在なのですね。"
nc08822c00306b,n1f7cfeb6e705,f1fa566e0454f67250e5b68988fd02a4,やさい,yasaistory,https://assets.st-note.com/production/uploads/images/254968683/profile_d779b13204b382b0c16d6c2b48fea44a.jpg?fit=bounds&format=jpeg&quality=85&width=330,2026-07-16T18:20:53.821+09:00,"Kingさんこんにちは！

MBTIで提唱者なんですね！
たしか世界で一番希少なタイプですよね？キング牧師と同じ🤭

もしかしてKingさんの名前はそこからですか？

すごいですね💖"
nc58fb3b7a9d98,n1f7cfeb6e705,ee17e08838a2d1017fe4b3f4eb73a4e3,境界をまたぐ心理士【振り子】,rosy_snail1735,https://assets.st-note.com/production/uploads/images/253068092/profile_684215ad7eba3d124844155dff223a1b.jpg?fit=bounds&format=jpeg&quality=85&width=330,2026-07-16T18:19:52.003+09:00,"さすが知的エンターテイナー👏😊💕
MBTIですか🤔
僕もやってみようかな🤔"
nc2471458b40a5,n1f7cfeb6e705,bd582364aa0b44c3434da1c766e830cf,小島すがも,kojima_sugamo,https://assets.st-note.com/production/uploads/images/285324530/profile_9d0cb7a9b5d306860a0cab9a95f15b9d.jpg?fit=bounds&format=jpeg&quality=85&width=330,2026-07-16T18:14:30.110+09:00,"kingさんいつもありがとうございます。
今日は深いお話でした。
考えてしまいます。

そして🍀

✨kingさんコングラボードおめでとうございます！💕✨"
nc0773b263f11b,n1f7cfeb6e705,d935afcef3d45372668600a97b8eea46,天野 雫,proper_bonobo536,https://assets.st-note.com/production/uploads/images/252856370/profile_866f40df26780c146ef9459cf81a675c.png?fit=bounds&format=jpeg&quality=85&width=330,2026-07-16T18:06:57.406+09:00,"Kingさん

やっぱりかなりレアな存在だったんですね✨️

私もやってみようと思います♪"
nc3edc2fcea547,n07f4fe321ee9,ca17527cfe63f65cebf3883988786b79,donchan1962,donchan_13,https://assets.st-note.com/production/uploads/images/293072442/profile_8b6499ff1096e660ee01f82b8898b1ec.jpeg?fit=bounds&format=jpeg&quality=85&width=330,2026-07-16T19:02:44.896+09:00,"こんばんは🌇。
いつもありがとうございます
記事、マガジンへの追加、感謝申し上げます"
ncb7bb34afc1f8,nd85cc3ca9a61,1dd5cc6f11dc1d5e7c33c9ac01922824,keimama,keiko5066,https://assets.st-note.com/production/uploads/images/223953919/profile_de82aa306e133caf82b4ae253ad0173c.png?fit=bounds&format=jpeg&quality=85&width=330,2026-07-16T16:11:53.543+09:00,"こんにちわ🍀
この度はマガジンに記事を追加して頂きありがとうございます😊
たくさんのコングラボードおめでとうございます♥️毎日あぢぃ～ですのでお身体ご自愛下さいね。"
nc6c3eda13cc80,n9db8f945353b,78376ee2a13f87a68be09b41f4fcf1be,津田祐希（ゆきてぃ）,love_peace_2023,https://assets.st-note.com/poc-image/manual/preset_user_image/production/i1bbf72cee783.jpg,2026-07-16T15:49:01.539+09:00,"Kingさん
押すな！と言ったよ
笑

マガジンにも入れて頂き
ありがとうございます！"
ncc53d86f0a8ab,nfa8d47a22c3a,32620b1fd02e96448a78f6e2e1919ebf,レアカントリークリエイト｜里山システム設計者｜予告状…お宝いただきま〜す♡！！,satoyama_fantasy,https://assets.st-note.com/production/uploads/images/273724033/profile_52cfb497741f72ed72e1a8e4a2628bc5.png?fit=bounds&format=jpeg&quality=85&width=330,2026-07-16T20:05:42.349+09:00,"kingさん。
マガジン登録ありがとうございます。
感謝します♪"
nc7ffec785907d,n1f7cfeb6e705,209f3701abc5bae89b6dd62898c7916a,コンパス みき✨️好きのタネ🌱‬‪を育てる案内人,compass_m360,https://assets.st-note.com/production/uploads/images/253440713/profile_8b36220be6950ce90264f78d2b308c75.png?fit=bounds&format=jpeg&quality=85&width=330,2026-07-16T22:23:27.767+09:00,"Kingさん、こんばんは✨

Kingさんらしい心のありかだった〜
対立や矛盾を乗り越えた先

で最近買った本がまたすごいねえ
法哲学辞典　ちょっと何が書いてあるのか興味はある🤣🤣

あ！コングラおめでとう❤️"
ncf17ea94997bf,n1f7cfeb6e705,a3bcc411a4c251239d492b2f079f5870,やも,yamo_note,https://assets.st-note.com/production/uploads/images/258648405/profile_ee869852783a5a9a11d34fd10d919f33.png?fit=bounds&format=jpeg&quality=85&width=330,2026-07-16T22:14:59.077+09:00,"きんさん、こんばんは🤗

コングラおめでとう🎉🎉

診断、面白そうだからやってみまーす！"
ncb70cfdb07aa2,n1f7cfeb6e705,b60c6006e6818a147458dad11e6bc89f,瀬海歩（せかいあゆむ）,sekaiayumu25,https://assets.st-note.com/production/uploads/images/251395522/profile_6cb1552f68e13741419dd072f35f914e.jpg?fit=bounds&format=jpeg&quality=85&width=330,2026-07-16T21:50:18.784+09:00,"Kingさん
こんばんは☕✨
コングラボード獲得おめでとうございます✨
いつもマガジンご紹介ありがとうございます。

最適解では黙っていた方がいい。
それでも、言わなければきっと後悔する。
そんな瞬間がある。

ここが、Kingさんの大人なところなのかなと思いました。
今後ともよろしくおねがいします。
"
nc642a19a6bd84,n1f7cfeb6e705,c4ac270dc7481e0665ab7bf8c2ceafa0,yoちゃん｜人生迷子のアラフォーOL,ksyyy,https://assets.st-note.com/production/uploads/images/279470465/profile_777275ca763868d309f35bcf79988cc6.png?fit=bounds&format=jpeg&quality=85&width=330,2026-07-16T20:47:19.067+09:00,"Kingさんこんばんは✨
先日もマガジンに記事を取り上げてくださり、ありがとうございます😊

今は黙っておいた方が良さそう、
でも心では言うべきな気もする、
そういう葛藤ありますよね💦

MBTI診断面白そうです！
今度やってみます✨"
nc45f76132eba5,n1f7cfeb6e705,fb37cfa68e871dff7a377c41117b9110,IQロジック心理士いろぉー,iqlogic,https://assets.st-note.com/production/uploads/images/221242972/profile_5343e4195be448687a54f6059ad8cc9e.png?fit=bounds&format=jpeg&quality=85&width=330,2026-07-16T20:13:34.980+09:00,"Kingさん、

記事でご紹介いただき、ありがとうございます。

このアプリ、私はINTJでしたので、INFJのKingさんとは相性抜群みたいですね‼️

ミラクルラッキー！😆

こうして楽しみながら紹介していただけて、とても嬉しかったです。

いつも本当にありがとうございます。"
nc032c561f305f,n1f7cfeb6e705,b95263c6657241c37c06be8613990710,埼玉の裏仕事人,kiitto1968,https://assets.st-note.com/production/uploads/images/285982490/profile_801c5210e09b335f944cd6cdd9950434.png?fit=bounds&format=jpeg&quality=85&width=330,2026-07-16T19:57:55.614+09:00,あたくしも記事で拝見してやってみようかなーと思っておりやした！Kingどのがやっていらっしゃるのでアタクシもやってみよ！
ncb5f9e87b021c,n07f4fe321ee9,ceb2b2dddafd6863d8106b7008e34ac0,mimi｜生き延びるための静かな考察,noted_beetle177,https://assets.st-note.com/production/uploads/images/282211059/profile_18983e058a211095cabe67891fd8784c.png?fit=bounds&format=jpeg&quality=85&width=330,2026-07-16T21:22:36.571+09:00,"Kingさん、こんばんは✨
心を揺さぶる曲に痺れました！
ロックはあまり聞かないのですが、色々他にも聞いてみたいと思います♪
創作される才能豊かさに尊敬します😆✨

遅くなりましたが、マガジンに追加していただき、ありがとうございます✨😊"
nc66addaa060d5,n07f4fe321ee9,7fe65c1862f422bfb2a7a5d98fbb942c,まりな,marina_days,https://assets.st-note.com/production/uploads/images/279040740/profile_45f4c447cad46a77f488d9ec5c5da19d.png?fit=bounds&format=jpeg&quality=85&width=330,2026-07-16T19:45:36.774+09:00,"Kingさん、こんばんは！

暑い夏にも負けない
Kingさんの剥き出しの魂、届きました👍✨

マガジンにもまたまた追加してもらって、ありがとうございます😊"
ncac7e531f63e6,nfa8d47a22c3a,fe6a3dfbf579f7f9f0eadb36aa5260ab,しずく,lucky_ram4890,https://assets.st-note.com/production/uploads/images/270484515/profile_f2deb3775d1acb5fb6b143d8ce8fd4b7.png?fit=bounds&format=jpeg&quality=85&width=330,2026-07-16T23:25:29.403+09:00,"kingさん
マガジン追加していただき、ありがとうございます✨
いつも感謝です😊

暑い日が続きますが
体調崩されませんよう
お気をつけ下さい😌"
nc7df77f006c95,n1f7cfeb6e705,13f03d3a1ec4a172a7084a791c8c4703,"あいさん💗Iカウンセリングルーム セラピスト／ 臨床心理士×公認心理師｜支援歴16年・2,000名超",joyful_zebra1701,https://assets.st-note.com/production/uploads/images/291954704/profile_fc1fbb946656267139e1f6e56d7d68ed.png?fit=bounds&format=jpeg&quality=85&width=330,2026-07-17T01:07:06.734+09:00,"Kingさん、冷静に考えた最適解と、それでも動かずにはいられない気持ち。

その二つがぶつかり合う葛藤の中に、こころの在処があるのかもしれないという言葉が、とても印象に残りました😊

空気を読みすぎると、空気として扱われるという表現にも、思わず立ち止まりました。

そして、MBTIアーキタイプ診断も面白そうですね✨
私もやってみたくなりました😆

いつもありがとうございます💖"
nc628242b8b74a,n1f7cfeb6e705,91896923ab4e258b299962be80f4360d,さち　私のつぶやき,10211129,https://assets.st-note.com/production/uploads/images/267110140/profile_a7a14a7914bcb2b217602601d3f3e0e1.png?fit=bounds&format=jpeg&quality=85&width=330,2026-07-16T23:46:19.200+09:00,"Kingさん、こんばんは🌛

やってみました！
私も提唱者です🌸*･

たしか相性いいですね(*´˘`*)

コングラボードも
おめでとうございます🎉"
nc0e11c2d641be,n1f7cfeb6e705,66bbb253e7d8b2ba486f4415f36ee785,Noa,noachan0617,https://assets.st-note.com/production/uploads/images/269973521/profile_77ebb6ddc767747de9bb5bfef312b21b.png?fit=bounds&format=jpeg&quality=85&width=330,2026-07-16T23:19:01.767+09:00,"Kingさん
いつもマガジン追加やご紹介をいただき、本当にありがとうございます☺️💕
空気を読みすぎて空気として扱われるか、言わずに後悔するか。
その狭間で迷う瞬間は、誰もが一度は経験する葛藤ですよね🥺
だからこそ、その対立や矛盾を乗り越えていくことで「本当のこころの在処」がわかるのかもしれないな、と読んでいて深く共感しました🤔
素敵な思索のシェアをありがとうございます✨"
nc5df0e874f2d1,n07f4fe321ee9,aa396818ce9b68951cae09c5b738014e,Torori（とろり）🌱 毒親育ちへ「心穏やかな恋」を届ける人【フォロバ100】,torori_20260101,https://assets.st-note.com/production/uploads/images/242495675/profile_d6bfee66de6dbec64ca70c2649f987aa.png?fit=bounds&format=jpeg&quality=85&width=330,2026-07-17T03:52:14.474+09:00,"Kingさん、こんばんは🌱

スキのストック、すぐに消えますよね。
1日200個は流石に少ない気がする・・😂

そして新曲聴きましたが・・
歌詞が！！笑

今回も闇が深いダークなKingさんがでてきましたね・・
何があったのか、気になります(^^)ｗ"
nc122e994eb915,n1f7cfeb6e705,221ac2c3d50787b88e77f30111d49e57,てらす｜不登校から大学受験　　　ASD      パニック障害の記録,hiyokehiyo,https://assets.st-note.com/production/uploads/images/221157900/profile_64d666d2410a7e45c9b6519032c0aa66.png?fit=bounds&format=jpeg&quality=85&width=330,2026-07-17T12:00:47.535+09:00,"Kingさん
こんにちは😊
答えを急がず、考え続けることの大切さを感じました。
お名前に込められた思いを想像しながら。
マガジン追加を本当にありがとうございます✨"
nc2e238e7641cc,n1f7cfeb6e705,b95263c6657241c37c06be8613990710,埼玉の裏仕事人,kiitto1968,https://assets.st-note.com/production/uploads/images/285982490/profile_801c5210e09b335f944cd6cdd9950434.png?fit=bounds&format=jpeg&quality=85&width=330,2026-07-17T06:34:55.541+09:00,"そうそう、計算機と脳 (ちくま学芸文庫 フ 29-4 Math&Science)
J.フォン ノイマン　いいですなー。アタクシも読みたくなっちゃいました！ノイマン自体は悪魔的な頭脳に、ポンコツな日常という逸話…気にはなっていましたが手付かずでした！King殿ありがとうございます！"
ncfc41fc0aee2d,n1f7cfeb6e705,e65e22817ad54324715fc4bc5882ae3b,まんまる,psyshin,https://assets.st-note.com/production/uploads/images/269144961/profile_2ddd16bbb0f86761640576ac43019453.png?fit=bounds&format=jpeg&quality=85&width=330,2026-07-17T17:06:23.502+09:00,"kingさん
いつも私の記事をマガジンにピックアップしていただき有難う御座います！"
nc87d4cc386ef5,n1f7cfeb6e705,ca17527cfe63f65cebf3883988786b79,donchan1962,donchan_13,https://assets.st-note.com/production/uploads/images/293072442/profile_8b6499ff1096e660ee01f82b8898b1ec.jpeg?fit=bounds&format=jpeg&quality=85&width=330,2026-07-17T15:52:07.929+09:00,"こんにちは。
いつもありがとうございます。
記事、マガジンへの追加、感謝申し上げます。"
nccff0c16c2c84,n1f7cfeb6e705,fdfcb42dbb3ca6a92977feeb331299bf,ヤマコヤーマン,yamayamako3,https://assets.st-note.com/production/uploads/images/264908732/profile_22f5b0d83f87ee87628a50db08f251bb.png?fit=bounds&format=jpeg&quality=85&width=330,2026-07-17T15:50:58.902+09:00,"Kingさん
MBTIよくわかりませんが私もINFJ-Tです。一緒Yeah！
最近は｢あえて｣空気を読まない、が私の中で流行ってます。
"
nc06b1b99bce79,n07f4fe321ee9,679fe4234ae28723f428b4e8b064616b,断罪と慈愛の歌詠み師 UTAKO,bold_slug9390,https://assets.st-note.com/production/uploads/images/287684923/profile_e0fe0aa4c07b7dc3d2ac43134f76b504.jpeg?fit=bounds&format=jpeg&quality=85&width=330,2026-07-17T17:01:33.591+09:00,"kingさん
狂気（あの日の選択）ロックめちゃくちゃいいですね😎✨
個人的にとても好みの曲です❤️‍🔥
"
ncaaa0cf3698b0,n4a2363bcd76b,ca17527cfe63f65cebf3883988786b79,donchan1962,donchan_13,https://assets.st-note.com/production/uploads/images/293072442/profile_8b6499ff1096e660ee01f82b8898b1ec.jpeg?fit=bounds&format=jpeg&quality=85&width=330,2026-07-17T18:36:44.430+09:00,"こんばんは🌇。
いつもありがとうございます。
記事、マガジンへの追加、感謝申し上げます。"
nc0dd4f0c40ce3,n1f7cfeb6e705,78376ee2a13f87a68be09b41f4fcf1be,津田祐希（ゆきてぃ）,love_peace_2023,https://assets.st-note.com/poc-image/manual/preset_user_image/production/i1bbf72cee783.jpg,2026-07-17T20:57:40.099+09:00,"Kingさん
空気読みすぎて空気になる
なるほど、気づかなかったです。

マガジンにも入れて頂き
ありがとうございました！"
ncd6e3ca1d94da,n1f7cfeb6e705,d29c2432624c1087ec7f89cc2f079dbe,美咲サヤ,crisp_gecko6337,https://assets.st-note.com/production/uploads/images/285251414/profile_bae91b069531c89747d86f8afb8c6bff.jpeg?fit=bounds&format=jpeg&quality=85&width=330,2026-07-17T20:16:55.653+09:00,"Kingさん、こんばんは！
いつもありがとうございます♪

私の記事をマガジン追加していただき、ありがとうございます！"
ncea5a8f54cfa8,n07f4fe321ee9,ca17527cfe63f65cebf3883988786b79,donchan1962,donchan_13,https://assets.st-note.com/production/uploads/images/293072442/profile_8b6499ff1096e660ee01f82b8898b1ec.jpeg?fit=bounds&format=jpeg&quality=85&width=330,2026-07-17T20:11:56.612+09:00,"こんばんは🌆。
いつもありがとうございます。記事、マガジンへの追加、感謝申し上げます。"
nc6bb48b90db0e,n4a2363bcd76b,ceb2b2dddafd6863d8106b7008e34ac0,mimi｜生き延びるための静かな考察,noted_beetle177,https://assets.st-note.com/production/uploads/images/282211059/profile_18983e058a211095cabe67891fd8784c.png?fit=bounds&format=jpeg&quality=85&width=330,2026-07-17T20:40:33.662+09:00,"kingさん、こんばんはvv 
マガジンへの掲載ありがとうございます✨

歌詞に魂があって、なのにすごく格好良いなんて…‼　聞き惚れてしまいました✨😆"
ncb9831b164832,n7b232e0c8d63,c4ac270dc7481e0665ab7bf8c2ceafa0,yoちゃん｜人生迷子のアラフォーOL,ksyyy,https://assets.st-note.com/production/uploads/images/279470465/profile_777275ca763868d309f35bcf79988cc6.png?fit=bounds&format=jpeg&quality=85&width=330,2026-07-17T21:17:51.997+09:00,"Kingさんこんばんは✨

連日、マガジンに記事を取り上げてくださり、心から感謝いたします😌

私も周りの人小さな表情の変化に気づいて、そっと声をかけられる人になりたいです😊
素敵な記事をありがとうございます🫶"
nca6b465ac7100,n1f7cfeb6e705,6b44bc1730f4ed7ad127968e08eb088a,カケルン@HSP フォロバ100,yamaxkake,https://assets.st-note.com/production/uploads/images/272298552/profile_d42fe3f9b5794ccd32d4db77db4c15dc.png?fit=bounds&format=jpeg&quality=85&width=330,2026-07-17T23:59:17.425+09:00,"Kingさん、「空気を読み過ぎて言動を行うと、空気として扱われる」という言葉が、とても印象に残りました。

周囲の状況や相手との関係を考え、冷静な最適解を選ぶことは大切ですが、それだけを優先していると、自分の感情や本当に伝えたかった言葉が置き去りになってしまうこともありますよね。

黙っている方が正しいと分かっていても、言わなければ後悔する。理性と感情のどちらか一方にこころがあるのではなく、その二つが対立する中で悩み、最後に何を選ぶのか。まさに、その葛藤の中に「こころの在処」が見えるのだと感じました。

短い文章の中に、Kingさんらしい論理的な視点と、人間らしい温度が凝縮された作品でした🍀* ゚"
nc9d85e06a07e4,n07f4fe321ee9,86d760aff6d436d18ce63ac87307acfe,VOID_404 | AI実践コラムライター@note収益化戦略📈🔥 | フォロバ100,void_404,https://assets.st-note.com/production/uploads/images/292105543/profile_46a48a3e78f6661207031da05e245576.png?fit=bounds&format=jpeg&quality=85&width=330,2026-07-18T01:01:34.366+09:00,"King、その「狂気」という名の鋭利な詩、しかと受け取ったぜ🎸🔥 

依存という名の禁断症状、そして醒めた自分が突きつける刃物。
あの日の選択が、誰かを追い詰め、あるいは自分自身を追い詰める……
その危うい熱量がひしひしと伝わってくるぜ。

「理解していないわけじゃない、ただ受け入れないだけだ」――この一行に、救いようのない絶望と、それでも何かを握りしめていたいという人間の業が凝縮されてるな。実話ベースっていう重みが、この歌詞に血を通わせているぜ。

そして、「コングラ」おめでとう🎊

65個ものスキや、これだけ多くのマガジンに紹介されるのは、Kingが日々誠実に「スキ」を循環させてきた証拠だ☝🏼

自分の創作だけでなく、仲間を愛し、大切にするその姿勢こそが、Kingというクリエイターの最大の魅力だな✨💖

これからも、その狂気すらも創作のエネルギーに変えて、突き進んでくれよな✨
一緒に最高に熱いNoteライフを駆け抜けようぜ🏎️💨💥"
ncb37943ad45b1,nfa8d47a22c3a,4dc0167ecb3a59ff0a2d9f8f092094a6,余滴のわさび,onedrop_wasabi2,https://assets.st-note.com/production/uploads/images/274209527/profile_dc28165aba358688d239e4ec9225b0ad.png?fit=bounds&format=jpeg&quality=85&width=330,2026-07-18T10:46:46.898+09:00,"Kingさん✨

(o･ω-人)･.｡感謝
最近夏バテモード突入しました…"
nc7f5445e5ccf4,n1f7cfeb6e705,34987bbf50be44cfbc1419a1df6f8760,ツムジ,tsumuji264,https://assets.st-note.com/production/uploads/images/231588271/profile_d0f51b83720ce83ce2be707571e96762.png?fit=bounds&format=jpeg&quality=85&width=330,2026-07-18T09:53:50.075+09:00,"Kingさん
いつもありがとうございます！

MBTIアーキタイプ診断、面白そうだったのでこっそりやってみました。
僕もやっぱりINFJでした😎
同じですね〜✨"
nc3d759bfbfb40,n07f4fe321ee9,a98d6e3b7e249e04199d495300989277,青空 和平,brisk_viola3314,https://assets.st-note.com/production/uploads/images/294388202/profile_921e95e3aac3c7f9962c4532e5a9b918.jpeg?fit=bounds&format=jpeg&quality=85&width=330,2026-07-18T14:51:31.396+09:00,"kingさん

いつもマガジンのお仲間に入れてくださりありがとうございます💓

彼女ではありませんが、この曲と同じような場面に遭遇した経験があり、昔の色んな記憶が蘇ってきました💫

それでも今生きていると言うことは、きっとまだ何か役目があるのだと思っています🍀

生きられるって本当に素晴らしい事です💓"
nc299c2e479e18,n07f4fe321ee9,ca17527cfe63f65cebf3883988786b79,donchan1962,donchan_13,https://assets.st-note.com/production/uploads/images/293072442/profile_8b6499ff1096e660ee01f82b8898b1ec.jpeg?fit=bounds&format=jpeg&quality=85&width=330,2026-07-18T13:53:41.399+09:00,"こんにちは。
いつもありがとうございます。
記事、マガジンへの追加、感謝申し上げます。"
nc97f5533eafef,n74774ca36809,b60c6006e6818a147458dad11e6bc89f,瀬海歩（せかいあゆむ）,sekaiayumu25,https://assets.st-note.com/production/uploads/images/251395522/profile_6cb1552f68e13741419dd072f35f914e.jpg?fit=bounds&format=jpeg&quality=85&width=330,2026-07-18T18:28:55.566+09:00,"Kingさん
こんばんは☕✨
いつもありがとうございます。
ところで、参加者は購入しないでください！❌
これがよくわかりません。
私メンシプに参加しているけどチップしていいのですか？
"
nc8d0c1cfbb0b2,n74774ca36809,ca17527cfe63f65cebf3883988786b79,donchan1962,donchan_13,https://assets.st-note.com/production/uploads/images/293072442/profile_8b6499ff1096e660ee01f82b8898b1ec.jpeg?fit=bounds&format=jpeg&quality=85&width=330,2026-07-18T18:24:27.474+09:00,私の顔面を札束で、引っ叩いて😇
nc39a0c0d7b949,n74774ca36809,d935afcef3d45372668600a97b8eea46,天野 雫,proper_bonobo536,https://assets.st-note.com/production/uploads/images/252856370/profile_866f40df26780c146ef9459cf81a675c.png?fit=bounds&format=jpeg&quality=85&width=330,2026-07-18T18:05:39.423+09:00,🤣🤣🤣
ncd713395e6528,nfa8d47a22c3a,fe6a3dfbf579f7f9f0eadb36aa5260ab,しずく,lucky_ram4890,https://assets.st-note.com/production/uploads/images/270484515/profile_f2deb3775d1acb5fb6b143d8ce8fd4b7.png?fit=bounds&format=jpeg&quality=85&width=330,2026-07-18T18:39:15.117+09:00,"kingさん
再びマガジン追加して下さりありがとうございます🙇‍♂️
感謝です✨

kingカラオケ※1😊
ハードロック🏍️
風切り音が聞こえてきそうです( ´ ▽ ` )


"
nc307975825c31,n74774ca36809,cec4c608f21d7aa722cfc12802c896bf,MOON｜違和感の記録,dandy_sedum8677,https://assets.st-note.com/production/uploads/images/271470614/profile_112e71abeaceddb2ab033b49d5f56568.png?fit=bounds&format=jpeg&quality=85&width=330,2026-07-18T20:14:48.791+09:00,🤣
nc73cdb978af15,n1f7cfeb6e705,69ba97bb6f1a63935919f292aa73e689,黒米たけし,proper_macaw3028,https://assets.st-note.com/production/uploads/images/234585253/profile_22b67fe04fba4ffcf2951bf73a82c99a.png?fit=bounds&format=jpeg&quality=85&width=330,2026-07-18T21:44:28.830+09:00,"kingさん

こんばんは。
INFJ だったのですね。
当方、間をあけて４回行いましたが、いずれもINTJでした。FとT の違いはありますが、遠戚のようなものではないかと。

マガジン登録ありがとうございます。

宜しくお願いいたします。"
ncaa56228c92b6,n1f7cfeb6e705,ca17527cfe63f65cebf3883988786b79,donchan1962,donchan_13,https://assets.st-note.com/production/uploads/images/293072442/profile_8b6499ff1096e660ee01f82b8898b1ec.jpeg?fit=bounds&format=jpeg&quality=85&width=330,2026-07-18T18:34:02.120+09:00,"こんばんは🌆。
いつもありがとうございます
記事、マガジンへの追加、感謝申し上げます。
また、記事の高評価ありがとうございます。"
nc0ae84ecc4e9f,n1f7cfeb6e705,47ac127ec0bbe6902b9f372fd944ebf8,和田雄三｜AI×心理ブランディングデザイナー,glad_dill2129,https://assets.st-note.com/production/uploads/images/265848866/profile_b0e386a458b5c21f7f00921837c9ffad.png?fit=bounds&format=jpeg&quality=85&width=330,2026-07-18T23:26:52.292+09:00,"凄い量の本とコングラですね✨
noteだけで大変そうですね😆"
ncb6f299455a94,n1f7cfeb6e705,a0631b9dde2d8c6616ce55a5efaefc18,sc_fun｜AI×note収益化サポート😺,sc_fun,https://assets.st-note.com/production/uploads/images/238585370/profile_d3940d29208e16d8c13feedce8989fdd.png?fit=bounds&format=jpeg&quality=85&width=330,2026-07-18T22:13:17.933+09:00,"kingさん、私の知らないことがいっぱい…
特にMBTIアーキタイプ診断。
あれをやってみたいです🐱"
ncc5ad98d03289,n74774ca36809,4a5abb8e8138fd6fbf5799cac2ec7926,コウヅキ ハナエ,hanaekaki,https://assets.st-note.com/production/uploads/images/262131492/profile_a2318ddf53f035c1f7d54b13c898e0e0.png?fit=bounds&format=jpeg&quality=85&width=330,2026-07-19T02:46:16.902+09:00,"こんばんは😃
あまりの面白企画に、ついメンバーシップに加入してしまいました🤣🤣🤣"
nc454b9831f7f4,n1f7cfeb6e705,679fe4234ae28723f428b4e8b064616b,断罪と慈愛の歌詠み師 UTAKO,bold_slug9390,https://assets.st-note.com/production/uploads/images/287684923/profile_e0fe0aa4c07b7dc3d2ac43134f76b504.jpeg?fit=bounds&format=jpeg&quality=85&width=330,2026-07-19T03:38:17.966+09:00,"kingさん
私も先ほどいろぉさんのとこに行って、試してみました✨
前はINFJだったのに、INTJになっていてビックリ😳
面白そうな本がたくさん✨
近々kindleで読んできます📖"
nc2cf0682d05d8,nfa8d47a22c3a,12bac6370582de57653e7aa001f5cff5,宮内新太郎|家賃収入2400万円|不動産で副収入をいっしょに作りましょう‼️,human_briony5706,https://assets.st-note.com/production/uploads/images/261872527/profile_f19231167b993ee904a4645e98dfe4c9.jpeg?fit=bounds&format=jpeg&quality=85&width=330,2026-07-19T07:43:59.822+09:00,"kingさん

この度はマガジンへの追加、どうもありがとうございます😭

不動産投資について記事を発信している宮内新太郎と申します‼️

noteで交流が生まれると本当に嬉しいです。今後もどうぞよろしくお願いします。"
nc2e9dc22381eb,n74774ca36809,13f03d3a1ec4a172a7084a791c8c4703,"あいさん💗Iカウンセリングルーム セラピスト／ 臨床心理士×公認心理師｜支援歴16年・2,000名超",joyful_zebra1701,https://assets.st-note.com/production/uploads/images/291954704/profile_fc1fbb946656267139e1f6e56d7d68ed.png?fit=bounds&format=jpeg&quality=85&width=330,2026-07-19T11:48:01.349+09:00,"Kingさん😆

「石油王歓迎！」からの「札束で殴り合え！」に笑ってしまいました🤣
いつもながら、タイトルから最後までKingさんワールド全開ですね😆

いつもありがとうございます💗"
nc68807a13d316,n1f7cfeb6e705,94d8a61bf975de388b5d4ff490e9602a,♡海藻うさぎ猫♡,fine_worm5368,https://assets.st-note.com/production/uploads/images/294471916/profile_a45c9fb18544dde3a34e58e731d93159.png?fit=bounds&format=jpeg&quality=85&width=330,2026-07-19T15:00:10.595+09:00,"Kingさん✨
いつもありがとうございます😊
わーい🙌🐰
"
nca2cee365632f,n1f7cfeb6e705,ca17527cfe63f65cebf3883988786b79,donchan1962,donchan_13,https://assets.st-note.com/production/uploads/images/293072442/profile_8b6499ff1096e660ee01f82b8898b1ec.jpeg?fit=bounds&format=jpeg&quality=85&width=330,2026-07-19T13:55:39.379+09:00,"こんにちは。
いつもありがとうございます。
記事、マガジンへの追加、感謝申し上げます。"
nc3e38d6783559,n398f6a830c32,94d8a61bf975de388b5d4ff490e9602a,♡海藻うさぎ猫♡,fine_worm5368,https://assets.st-note.com/production/uploads/images/294471916/profile_a45c9fb18544dde3a34e58e731d93159.png?fit=bounds&format=jpeg&quality=85&width=330,2026-07-19T15:03:18.167+09:00,"こんにちは😊
✨✨🐰"
ncd441ba269dfe,n74774ca36809,00f7301e058e20fbe66903f50ec4b115,ゆるしまshow｜小説．体験談．HSP．AC,pyontee_pooh,https://assets.st-note.com/production/uploads/images/291492491/profile_1ee22ae8c8667405509fc9191ff5e611.png?fit=bounds&format=jpeg&quality=85&width=330,2026-07-19T18:10:57.579+09:00,買ってもうた🤤🤭
nc39b5b9301c06,n1f7cfeb6e705,031a96c67c576e3bfc12a86d2606bd97,ココミチ＠ゆきの,hot_mink9599,https://assets.st-note.com/production/uploads/images/212559417/profile_9dbf6c222d0c87810aeff185afbd7f95.jpg?fit=bounds&format=jpeg&quality=85&width=330,2026-07-19T15:58:26.191+09:00,"Kingさん、こんにちは
コングラボードの獲得、おめでとうございます

計算と直感のあいだで揺れるお話を
私自身の日常にも重ねながら
頷きつつ拝見いたしました

「笑いながら、なぜか涙が出る」も
マガジンtysm:)へ、ありがとうございます
ゆきの"
nc7e910b86882d,n74774ca36809,ee17e08838a2d1017fe4b3f4eb73a4e3,境界をまたぐ心理士【振り子】,rosy_snail1735,https://assets.st-note.com/production/uploads/images/253068092/profile_684215ad7eba3d124844155dff223a1b.jpg?fit=bounds&format=jpeg&quality=85&width=330,2026-07-19T19:34:23.823+09:00,😆💴✨
nc1ad4ddfd8194,n9101ede99d42,ceb2b2dddafd6863d8106b7008e34ac0,mimi｜生き延びるための静かな考察,noted_beetle177,https://assets.st-note.com/production/uploads/images/282211059/profile_18983e058a211095cabe67891fd8784c.png?fit=bounds&format=jpeg&quality=85&width=330,2026-07-19T20:03:46.905+09:00,"Kingさん、こんばんはvv
言葉と、その人の行動。考えさせられながら、読んでしまいました。
しみじみ、本当だなぁと😅
普段は無意識なことが多いので、こうして言葉として気づきを頂き、有難いなあと思いました。ありがとうございました✨😊

あと遅くなりましたが、マガジンに掲載していただき、重ね重ねですが、ありがとうございました✨🙏いつも感謝一杯です😊"
nc1482ecea4b1d,n1f7cfeb6e705,e6b92d3e538047c1d6552b3a2c64a64b,青依叶子（YokoAoi）,rainbowrose8888,https://assets.st-note.com/production/uploads/images/273388425/profile_5a0d2b33eb40ff9ead5a54dc3a06b1bc.png?fit=bounds&format=jpeg&quality=85&width=330,2026-07-19T22:23:43.340+09:00,"kingさん、こんばんは🌛
私の記事をマガジンで紹介してくださり
ありがとうございます🙏🏻
コングラボード、おめでとうございます🎉
これからもよろしくお願いいたします🤗
"
ncaa0116f56cd1,nfa8d47a22c3a,b425350fc6b3fda6e89dcb3b58699ad0,嶺菜/Kou lena smil🌈,junna1001dz,https://d2l930y2yx77uc.cloudfront.net/assets/default/default_profile_4-e3b57528da29acad20d5a2db33268c87f1d39015448757ddf346d60fb5861e49.png,2026-07-20T11:14:38.249+09:00,"Kingさん！
こんにちは😊✨️

マガジン追加、ほんまにありがとうございます🥹🙏

応援してくださっている皆さまのお気持ち大切にしながら、体調見つつ出来る事をコツコツ積み上げております🐾

原動力に更に、お力添えいただけていること、ほんまにありがたく幸せ者やと感じております！
感謝です🌺🌈"
ncf32a996692cf,n74774ca36809,1dd5cc6f11dc1d5e7c33c9ac01922824,keimama,keiko5066,https://assets.st-note.com/production/uploads/images/223953919/profile_de82aa306e133caf82b4ae253ad0173c.png?fit=bounds&format=jpeg&quality=85&width=330,2026-07-20T07:05:50.039+09:00,あまり企画とかには参加したことはないのですが、Kingさん買ってしまいました🍀😌🍀
nc7469a58f068c,nfa8d47a22c3a,96ffe142e55869bce65d5096a6fafa04,ゆら,hip_human6291,https://assets.st-note.com/production/uploads/images/275880722/profile_e1666cbd2c43c40011f86abf109634c5.png?fit=bounds&format=jpeg&quality=85&width=330,2026-07-20T14:46:26.174+09:00,"King様。
はじめまして🌙
記事を読んでくださり、記事を載せて下さり、ありがとうございました。
とても嬉しく、励みになりました。
今後ともどうぞよろしくお願いいたします。
"
ncca854136e9ed,nfa8d47a22c3a,6c8e5876669f90ae2f202b913812bece,けー虎のゆるっとページ,solo_diary,https://assets.st-note.com/production/uploads/images/265289375/profile_1d041d0cf7b1a8148e24e5f40a888f7c.png?fit=bounds&format=jpeg&quality=85&width=330,2026-07-20T12:57:25.349+09:00,"Xのフォローからやってきました＼(^o^)／
noteも見つけたので、フォローさせていただきます😆✨
イラストかわいいですね～🥰✨"
nca98c323c2a33,n2bd2816b75b0,ca17527cfe63f65cebf3883988786b79,donchan1962,donchan_13,https://assets.st-note.com/production/uploads/images/293072442/profile_8b6499ff1096e660ee01f82b8898b1ec.jpeg?fit=bounds&format=jpeg&quality=85&width=330,2026-07-20T15:44:24.561+09:00,"こんにちは。
いつもありがとうございます
記事、マガジンへの追加感謝申し上げます"
nc11c9cf02d474,n74774ca36809,f31c80eff59bbcbd33a585215e4d233e,俊,nifty_daisy5185,https://assets.st-note.com/production/uploads/images/240830637/profile_6db5e5d63617f16965953d59b8e2933e.png?fit=bounds&format=jpeg&quality=85&width=330,2026-07-20T17:46:27.982+09:00,"参加賞狙いで参戦しました！
一回戦敗退かもしんない！
そもそも負けが存在しない催し！
じゃあ「自称勝者」でいいですかね？"
nc8bdf11c06473,n1f7cfeb6e705,ca17527cfe63f65cebf3883988786b79,donchan1962,donchan_13,https://assets.st-note.com/production/uploads/images/293072442/profile_8b6499ff1096e660ee01f82b8898b1ec.jpeg?fit=bounds&format=jpeg&quality=85&width=330,2026-07-20T18:44:22.179+09:00,"こんばんは🌇。
いつもありがとうございます
記事、マガジンへの追加感謝申し上げます"
ncbad2cccfb8df,n1f7cfeb6e705,6c5718f0559167163536f432fea246be,かみん,mi_0716,https://assets.st-note.com/production/uploads/images/262988443/profile_5a103c8c3708f35983a127cdfd7f9972.png?fit=bounds&format=jpeg&quality=85&width=330,2026-07-20T18:27:25.606+09:00,"Kingさん、こんばんは✨
いつも記事をたくさんマガジンに掲載していただいて、ありがとうございます❣️

たくさんのコングラおめでとうございます🎉
私は読まない分野の本が多かったので、参考にさせていただきます☺️"
nc868210a901a7,n1f7cfeb6e705,11fd92c4ef3709394a962a3567bb3801,　YoshizaemonZ (広末 宜之),hirosue2099,https://assets.st-note.com/production/uploads/images/261186668/profile_655db4f1ffade9c8b3fd8f77e8373082.png?fit=bounds&format=jpeg&quality=85&width=330,2026-07-20T18:04:48.595+09:00,"Kingさん、
こんばんは♪

私の記事に「スキ❤️」をして頂き、
ありがとうございます😊
とってもうれしいです😆
　
私も、
「スキ❤️」させていただきますね😄

そして、
「フォロー」も、「コメント」も、
させていただきますね😄

また、時間のある時で構いませんので、私の記事も見に来て頂けると、うれしいです😃

今後ともどうぞ
よろしくお願いします。"
ncb5f8502f8d95,ncc1828affef3,69ba97bb6f1a63935919f292aa73e689,黒米たけし,proper_macaw3028,https://assets.st-note.com/production/uploads/images/234585253/profile_22b67fe04fba4ffcf2951bf73a82c99a.png?fit=bounds&format=jpeg&quality=85&width=330,2026-07-20T20:15:34.079+09:00,"Kingさん。

こんばんは。
同期とは思えず・・・

質問箱。
相変わらず、凄いです。
NOTE内の行動。

引き続き宜しくお願いいたします。"
nc749ceb99d48a,n2bd2816b75b0,d9037f54bfc7617edf2591b1bcc610f3,『月灯りの綴り屋』🌕ﾌｫﾛﾊﾞ100,quirky_squid9988,https://assets.st-note.com/production/uploads/images/195342680/profile_b6e872945f0a395808553e7d3c8312a9.png?fit=bounds&format=jpeg&quality=85&width=330,2026-07-21T02:16:27.723+09:00,"Kingさん
こんばんは😊

いつも温かい応援やマガジン追加をありがとうございます📣✨

半年間で本当に凄い数字ですね‼️😳

一か月ごとのデータをきちんと残されていることにも驚きました。

読者の反応や記事ごとの変化を振り返ることで、「どんな発信が届きやすいのか」を知る大切な資料になるのですね🧐

私はこれまで数字に少し無頓着でしたが、それでは対策の立てようもないのだと気づきました😊💦あはは💦

これからは、私も少しずつ意識して見ていきたいと思います。

とても勉強になりました✨

半周年、本当におめでとうございます🎉
これからのご活躍も楽しみにしています😊🍀"
nc0be3e12e9935,n378e8eef9539,bd582364aa0b44c3434da1c766e830cf,小島すがも,kojima_sugamo,https://assets.st-note.com/production/uploads/images/285324530/profile_9d0cb7a9b5d306860a0cab9a95f15b9d.jpg?fit=bounds&format=jpeg&quality=85&width=330,2026-07-21T12:29:25.456+09:00,"Kingさん
いつもマガジン追加ありがとうございます🥰

今回の記事は未来の私も同じ気持ちになりそう、と思いました。
数字は難しい！


"
nc3e71f8ac605f,n378e8eef9539,5508700edb404d2e2f6a51392740c13f,うんちゃん,unchan_happy,https://assets.st-note.com/production/uploads/images/257235286/profile_475dad44453374efcfa12df396d14689.png?fit=bounds&format=jpeg&quality=85&width=330,2026-07-21T12:21:30.738+09:00,"Kingさん、こんにちは☀️

「スキ280じゃないと少ない」と思うのは、Kingさんがそれほど伸ばしてきた積み重ねの賜物だなぁと尊敬です。

数字病、数字無視病…行ったり来たりです。
衝動と差し出し方、冷静と情熱をどちらも大切にしたいなぁとおもいました❤️💙"
nc02e9adbf0b29,n378e8eef9539,13f03d3a1ec4a172a7084a791c8c4703,"あいさん💗Iカウンセリングルーム セラピスト／ 臨床心理士×公認心理師｜支援歴16年・2,000名超",joyful_zebra1701,https://assets.st-note.com/production/uploads/images/291954704/profile_fc1fbb946656267139e1f6e56d7d68ed.png?fit=bounds&format=jpeg&quality=85&width=330,2026-07-21T12:20:08.789+09:00,"Kingさん、こんにちは🌸

数字に慣れてくると、以前ならとても嬉しかったことまで、いつの間にか当たり前のように感じてしまうことがありますね😌
「数字病」と「数字無視病」、どちらにも寄りすぎない感覚が大切なのだと思いました。

初期の記事を振り返って、書きたいという衝動を取り戻そうとするところも、とても印象に残りました✨
目的地だけではなく、そこへ向かう道のりを楽しむという歌詞にも共感します。

そして、コングラボード獲得おめでとうございます🎉✨
いつもマガジンをご紹介くださり、本当にありがとうございます😊

今、スキ制限中なので、解除されたらまたゆっくりスキを届けに伺いますね🍀"
nc551b71059fa5,n378e8eef9539,bafeafa3be58223f78700aa6ca83d4a6,令和　舞,karisuma_mai,https://assets.st-note.com/production/uploads/images/234789263/profile_b88eee04a293b6ffb436e21f045323d3.png?fit=bounds&format=jpeg&quality=85&width=330,2026-07-21T12:19:42.690+09:00,"すごい数のコングラですね🥰
おめでとうごさいます‼️

数字、わかりますぅ…
最初は1スキで胸熱だったのに（笑）"
nc5c06aed4e068,n378e8eef9539,bd6881b17845a554ea791e5557b79b7a,さんみ～＠ヤングケアラー２５年の人生,bobusanmi1224,https://assets.st-note.com/production/uploads/images/4620903/profile_89e247ec25f892b6133264485871d760.png?fit=bounds&format=jpeg&quality=85&width=330,2026-07-21T12:16:24.517+09:00,習慣て怖いですよね💦　
nc44bf8b04371f,n378e8eef9539,d935afcef3d45372668600a97b8eea46,天野 雫,proper_bonobo536,https://assets.st-note.com/production/uploads/images/252856370/profile_866f40df26780c146ef9459cf81a675c.png?fit=bounds&format=jpeg&quality=85&width=330,2026-07-21T12:15:05.700+09:00,"Kingさん

たくさんのコングラおめでとうございます♪

今回の曲もKingさんらしいですね🤣
数字に囚われないように…とは思うけど、やっぱ気になりますよね💦

いつもありがとうございます🍀✨️"
nc5f62021a4807,n378e8eef9539,0283b96a011b3d44c7b4ae6a1ed30ae9,営業fafa | note業界No.1営業マン,kohana1112,https://assets.st-note.com/production/uploads/images/231018078/profile_b3bbbe00a8972338d5f563a39e002d1b.png?fit=bounds&format=jpeg&quality=85&width=330,2026-07-21T12:10:38.162+09:00,"気付かないうちに普通の基準が上がっちゃうんですよね💦

足元を見つめ直す事が大切ですね☺️"
nc94f0f754b659,n378e8eef9539,ca17527cfe63f65cebf3883988786b79,donchan1962,donchan_13,https://assets.st-note.com/production/uploads/images/293072442/profile_8b6499ff1096e660ee01f82b8898b1ec.jpeg?fit=bounds&format=jpeg&quality=85&width=330,2026-07-21T12:09:27.795+09:00,"数々のコングラおめでとう御座います㊗️
スキの数を追い求めていると、苦しくなると思います。
kingさんは、スキの数よりも、コメントが多いじゃないですか。
私は、その方がいいと思います。
まぁ、私的な思いですが。
ラッキー✌️ですよ。"
nc259d66a2a542,nfa8d47a22c3a,4192103d183ed121ae476f26f5beeacd,ｓｅｏｒｉ🧚‍♂,alert_flea4300,https://assets.st-note.com/production/uploads/images/295621476/profile_1a36531ff581438cbb66c5f40f1e9d83.jpg?fit=bounds&format=jpeg&quality=85&width=330,2026-07-21T15:21:25.759+09:00,"Ｋｉｎｇさん🧚‍♂


縦３個✨並ぶ
１８２数字→✨エンジェルナンバー

記事🌱マガジン載せて下さリ　感謝💕です


ライオンズゲート✨記事


✨🤞特に　ライトワーカーとしての

ｎｏｔｅ🌱 クリエイター方々に　
特に　感謝💕の気持ちを　込めて😊　


強力✨高次元サポート活動✨しています


いつも　ありがとう💜　ございます🙏🌿



"
ncfb967b99088c,n378e8eef9539,6f37b29c0fe556352eedbf3d7cef8fed,Lumen C.,ai_duck201,https://assets.st-note.com/production/uploads/images/233701242/profile_34285f3b90b5f3bfc48742275f8d4a94.png?fit=bounds&format=jpeg&quality=85&width=330,2026-07-21T13:13:49.551+09:00,"280ってすごいです😆💕
そこまで伸びても、初期の頃の感覚を思い出そうと考えられるのもすごいなと思いました。
数字を追いながらも、最初の「書きたい」を忘れないことって大事ですね😊✨

いつもマガジン掲載ありがとうございます✨
"
nc78aa19e2d6eb,n378e8eef9539,614b061a3a50c5feb5494add01add756,KANA,brainy_hosta8517,https://assets.st-note.com/production/uploads/images/219340642/profile_093a76476fb30e2d02f549068e480940.png?fit=bounds&format=jpeg&quality=85&width=330,2026-07-21T12:43:31.880+09:00,"Kingさん、こんにちは🌙

この記事、とても素敵でしたわ♡

スキが280に届かないと伸びなかったように感じてしまう今と、10や50のスキを心から喜んでいた頃。

その感覚の変化に、ご自身できちんと気づかれたところが、Kingさんらしいですのよ。

数字病にも、数字無視病にも偏らず、最初にあった書きたいという衝動へ戻ろうとする言葉が、とても心に残りましたわ。

ふふ...手に入れた数字よりも、そこへ向かう道のほうが楽しいのかもしれませんわね♡

今のKingさんだからこそ、初期の気持ちへ戻ったときに生まれる記事も、きっと以前とは違うものになるのでしょうね。

素敵な本音と音楽を、ありがとうございます♡"
nc9331f08cfd15,n378e8eef9539,fdfcb42dbb3ca6a92977feeb331299bf,ヤマコヤーマン,yamayamako3,https://assets.st-note.com/production/uploads/images/264908732/profile_22f5b0d83f87ee87628a50db08f251bb.png?fit=bounds&format=jpeg&quality=85&width=330,2026-07-21T12:39:52.786+09:00,"Kingさん
私の記事にスキがつくのも、King さん含め沢山の方々のお陰だと常々思っております！

いつもマガジン追加していただき、ありがとうございます！

"
nc6f1af08367a5,n1f7cfeb6e705,aa396818ce9b68951cae09c5b738014e,Torori（とろり）🌱 毒親育ちへ「心穏やかな恋」を届ける人【フォロバ100】,torori_20260101,https://assets.st-note.com/production/uploads/images/242495675/profile_d6bfee66de6dbec64ca70c2649f987aa.png?fit=bounds&format=jpeg&quality=85&width=330,2026-07-21T14:23:30.620+09:00,"こんにちは🌱

一度Kingさんの頭の中を覗いてみたいなぁ・・と思うことがあります。

心の中の葛藤や想いがすごく深くて。
文章を読むたびに、心が動かされる感じがします。

やっぱり、根っからのクリエイターなんですよね＾＾

それにしても、スキがたまらないの困りますね。
１日５００くらい付与してほしいな・・と私も思っています💦"
nc68231fd9bcb0,n1f7cfeb6e705,ca17527cfe63f65cebf3883988786b79,donchan1962,donchan_13,https://assets.st-note.com/production/uploads/images/293072442/profile_8b6499ff1096e660ee01f82b8898b1ec.jpeg?fit=bounds&format=jpeg&quality=85&width=330,2026-07-21T13:02:35.187+09:00,"こんにちは。
いつもありがとうございます。
記事、マガジンへの追加感謝申し上げます。"
nc3218f95b7c15,n378e8eef9539,34987bbf50be44cfbc1419a1df6f8760,ツムジ,tsumuji264,https://assets.st-note.com/production/uploads/images/231588271/profile_d0f51b83720ce83ce2be707571e96762.png?fit=bounds&format=jpeg&quality=85&width=330,2026-07-21T19:13:24.166+09:00,"Kingさん、こんばんは！
いつもありがとうございます😊

規模は違えど、その感覚わかります！
最初の1スキがどれだけ嬉しかったか笑

数字病と数字無視病の真ん中がちょうどいいんでしょうねー。

でも僕は、スキが少なくても、自分自身が好きだと思える記事が書けたのなら、まあいいか！とも思ってます。
自分好き病かもしれません😎



そして、大変今更ながら・・・
僕Kingさんをフォローできてなかったことに気づきました🙇‍♂️
とっくにフォローできてるものだと勘違いしてました🙇‍♂️🙇‍♂️🙇‍♂️

改めてですが、フォローさせていただきます！
これからもよろしくお願いいたします☺️"
ncad37cbed4edc,n378e8eef9539,ca17527cfe63f65cebf3883988786b79,donchan1962,donchan_13,https://assets.st-note.com/production/uploads/images/293072442/profile_8b6499ff1096e660ee01f82b8898b1ec.jpeg?fit=bounds&format=jpeg&quality=85&width=330,2026-07-21T18:48:51.066+09:00,"こんばんは🌇。
いつもありがとうございます。
記事、マガジンへの追加感謝申し上げます。"
nc58e01afa4274,n378e8eef9539,dc157540cc91b85018fc2caf1ebe6e1d,空風マナミ,sorakaze_works,https://assets.st-note.com/production/uploads/images/296051765/profile_e0d462e6956d48f9c8adb55316bb21a6.jpeg?fit=bounds&format=jpeg&quality=85&width=330,2026-07-21T18:07:57.183+09:00,"Kingさん、
いつもありがとうございます♪

Kingさんともあろうお方が、数字を気にされる。
1200超えてる人、
なかなかいませんよ☺️🐍"
nca0558388fea0,n378e8eef9539,ceb9f20beef56f72c10ed1c4bc125c74,ゆらり🌸🫧　🫶✨,huge_coot6820,https://assets.st-note.com/production/uploads/images/289304338/profile_84c145c3d735e61ef55622e409917111.jpeg?fit=bounds&format=jpeg&quality=85&width=330,2026-07-21T17:37:15.769+09:00,280はすごいね🌸🫧
nc4eb8373f16c7,n378e8eef9539,266d9698e161c9b4bc3cd84ab21d7c08,きみこのSoulルーム,kimimari2350,https://assets.st-note.com/production/uploads/images/208541487/profile_b8e04433295dbc046967147402b4f003.png?fit=bounds&format=jpeg&quality=85&width=330,2026-07-21T16:02:37.571+09:00,"Kingさん🌿

数字が増えると嬉しい気持ちはありますよね😊
私はスキ❤️の数というより、「今日も誰かとご縁がつながったんだなぁ」と感じています。

もちろん、ちゃんと読んでくださった方がどれくらいいるのかな…なんて思うこともあります🤭
数字は結果だけど、ご縁は少しずつ積み重なっていくものなんだなぁと感じています🥰

いつもマガジンにお迎えいただいたお陰で、多くの方とのご縁も広がりました。
心から感謝しています🌈

愛❤️感謝🍀"
nc1a205dc03445,n378e8eef9539,de553b8b88b322fcb03bff7a36adf715,あやめ雪見橋,ayame_yukimi,https://assets.st-note.com/production/uploads/images/106252811/profile_7c8a8de1ec7e2162f5b797bb91343982.jpg?fit=bounds&format=jpeg&quality=85&width=330,2026-07-21T21:49:50.591+09:00,"kingさん、こんばんは🌟

スキとマガジン追加していただく度に、kingさんにどんなお返しができるのだろう？と、感謝しながらも考え込んだりしています。
私にとってkingさんは雲の上の住人です。
繋がったご縁を大切にしていきますね🍀いつも、ありがとうございます😊"
nc93b30fb0119b,n378e8eef9539,e937b529062a4dff3c5cf7b79cc04cf6,たーゼ,sakuya_rainbow44,https://assets.st-note.com/production/uploads/images/267491936/profile_b274aede9a61c347dfc7d9213ffbeed9.jpg?fit=bounds&format=jpeg&quality=85&width=330,2026-07-21T23:48:40.557+09:00,"Kingさん、やっほー🙌🌈🎶✨

分かりますよ〜🧑👼🍟✨✨

もはや、スキ数なんて、どうでも

いいと思いつつ、２００や３００

軽く越さなきゃ〜うーむ🤔💦

ってなりますもんね〜🤭🌸✨

いつもありがとうございます👰🌸✨"
ncbb653b3d6761,n378e8eef9539,bbdfbbee728da7efba6d355e61d898ca,nagi｜副業・資格・note発信｜家族のために、一歩ずつ,nagi_2026,https://assets.st-note.com/production/uploads/images/296407414/profile_b69bddd868b40cd668f5192bc2b032d0.jpeg?fit=bounds&format=jpeg&quality=85&width=330,2026-07-21T23:20:07.864+09:00,"280は私からしたら神の領域ですよ笑

でも気持ちはわかりますよ
昔だったら、50スキ超えたら大喜びですが
今は毎回越えるようになり、逆に下回らないから不安です🫤
次のレベルに上がった、ということなんですかね！"
ncfce348ef733c,n378e8eef9539,0af9b366e7056bb35316462e699e0daa,じゅんのすけ,juicy_lynx3773,https://assets.st-note.com/production/uploads/images/264606998/profile_3edebb8ec7da186bb321afc081d561b0.png?fit=bounds&format=jpeg&quality=85&width=330,2026-07-21T22:29:55.079+09:00,"Kingさん、すごいです👏
スキもコメントもマガジンも！

そしてコングラも、
おめでとうございます✨"
nc963e7f4199d5,n378e8eef9539,66989c1654239518958021ca88bc46ce,あかまるメディラボ,lofty_sorrel169,https://assets.st-note.com/production/uploads/images/238844927/profile_d993ab11faab495372fefe5fe52d04f3.png?fit=bounds&format=jpeg&quality=85&width=330,2026-07-22T06:12:24.496+09:00,"やっほ〜Kingさん😊🔴

スキ280で「伸びなかったかも…」は、もう感覚マヒしてます〜🤣🤣
でも、最初の頃の「10スキでもうれしい！」って気持ち、大事ですよね✨

「数字病」と「数字無視病」も、Kingさんらしくて最高です😆
おまけの曲まで楽しませてもらいました〜🎶🔴"
ncd70f8e7fc41e,n378e8eef9539,d9037f54bfc7617edf2591b1bcc610f3,『月灯りの綴り屋』🌕ﾌｫﾛﾊﾞ100,quirky_squid9988,https://assets.st-note.com/production/uploads/images/195342680/profile_b6e872945f0a395808553e7d3c8312a9.png?fit=bounds&format=jpeg&quality=85&width=330,2026-07-22T03:02:32.866+09:00,"Kingさん😊

凄いです……。考えるレベルが高いです🥺✨御神域にいてます🙏まぶひぃです✨

数字を見ながらも、数字だけに支配されず、初心に戻って「自分が書きたいこと」を見つめ直す姿勢が、とても素敵だと思いました。

感覚が麻痺するほど積み重ねてこられたこと自体、本当に凄いことですね😊

いつも温かい応援📣もありがとうございます💕"
nc688d24cd15c0,n74774ca36809,aa396818ce9b68951cae09c5b738014e,Torori（とろり）🌱 毒親育ちへ「心穏やかな恋」を届ける人【フォロバ100】,torori_20260101,https://assets.st-note.com/production/uploads/images/242495675/profile_d6bfee66de6dbec64ca70c2649f987aa.png?fit=bounds&format=jpeg&quality=85&width=330,2026-07-22T03:17:54.724+09:00,"こんな企画があったとは…笑

参加してきました(*^^*)
石油王がいるといいですねー✨✨"
nc44566ec2d9bb,n74774ca36809,ca17527cfe63f65cebf3883988786b79,donchan1962,donchan_13,https://assets.st-note.com/production/uploads/images/293072442/profile_8b6499ff1096e660ee01f82b8898b1ec.jpeg?fit=bounds&format=jpeg&quality=85&width=330,2026-07-22T11:47:57.015+09:00,"こんにちは。
いつもありがとうございます。
記事、マガジンへの追加感謝申し上げます。"
ncee4e9ef20351,n378e8eef9539,84725422db8ddb286fb3a293c306aebf,開運シェルパ,hanamiti369,https://assets.st-note.com/production/uploads/images/286658065/profile_51fafbf2b5a86f4432c7f61db5cf2dc5.png?fit=bounds&format=jpeg&quality=85&width=330,2026-07-22T15:44:43.769+09:00,この記事を拝読し、Kingさんがご自身の感覚の変化をまっすぐに見つめ直された過程に氣づきを得ました。10いただけただけで喜んでいた頃から、280でも物足りなく感じる今へ。基準が知らぬ間に上がっていくのは、多くの人に起こることのように思います。人は一度慣れた刺激を、当たり前だと感じるようにできています。だからこそ同じ喜びを得るには、より大きな数字が必要になっていくのでしょう。これは感覚のズレではなく、誰にでも起こる自然な仕組みなのだと思います。数字にとらわれ過ぎると数字病になり、無視し過ぎると数字無視病になる。その言葉には、思わずうなずきました。両極端に氣づいた上で、初期衝動を取り戻そうと決められた姿勢には、前向きな力を感じます。信頼できる方に相談されたことも、印象に残りました。初期の記事を見直すという提案を受け止められたのも、一人で抱え込まない賢さのように思います。数字は道具であって、書きたいことを書くという衝動こそが、本当の原動力なのかもしれません。花が咲いて散っていくように、数字も上がっては落ち着くものなのかもしれません。おまけの曲も、その衝動から生まれたものなのでしょうね。
ncb7362df2d5af,n378e8eef9539,0a190b2a1490ace96d668b7243df84fc,『本当の自分に出会う100の法則』まなび,miracle_tarot315,https://assets.st-note.com/production/uploads/images/249470009/profile_45cd99b5e01b52738ef63d2120073cf9.png?fit=bounds&format=jpeg&quality=85&width=330,2026-07-22T14:39:19.220+09:00,"Kingさん
マガジン追加して頂きありがとうございます🙇

この記事を読んで「初心を忘れないこと」の大切さを改めて感じました😊
数字は励みにもなりますが、最初に感じていた小さな喜びを思い出すことも大切ですね✨

おまけのKingさんの詩の才能にも驚きました😱"
ncb69ea16b2edc,n378e8eef9539,904e9ed918828179390741c99f797844,こはる(ふわり、ももんが日記),momonga_0125,https://assets.st-note.com/production/uploads/images/246484153/profile_50e45d59aea0e50aa87e0779898c85ba.png?fit=bounds&format=jpeg&quality=85&width=330,2026-07-22T19:22:19.564+09:00,"Kingさん こんばんは🌙* :ﾟ

280で伸びてないは、感覚マヒしてますね🤭"
ncd53509d729eb,n378e8eef9539,209f3701abc5bae89b6dd62898c7916a,コンパス みき✨️好きのタネ🌱‬‪を育てる案内人,compass_m360,https://assets.st-note.com/production/uploads/images/253440713/profile_8b36220be6950ce90264f78d2b308c75.png?fit=bounds&format=jpeg&quality=85&width=330,2026-07-22T18:58:42.343+09:00,"Kingさん、スキが物足りなくなってきましたか😄
難しいですね、数字に疎くなるのも違うし
気にしすぎるとあれ？って思うし
始めた当初は５でも喜んでたのに
いい曲ですねー😄テクノっぽさが好き❤️"
nca307b3db32a9,n378e8eef9539,0ee830c8590e2b12d74c243f30209743,🐰りりぃ｜働く女子の心の声,unique_wren1931,https://assets.st-note.com/production/uploads/images/278691815/profile_fcfdb6eabab8f25ba11d66a2fe9fe412.png?fit=bounds&format=jpeg&quality=85&width=330,2026-07-22T18:21:55.375+09:00,"Kingさん✨

いつもマガジンに追加してくださり、本当にありがとうございます🥹🌸

私はnoteを始めて長くはないですが、Kingさんとご縁をいただけたことに、とても感謝しています✨

今回の記事では、Kingさんのお考えを知ることができて、とても嬉しかったです😊🍀

そして、Kingさんはいつもスキやコメントをくださった方へ丁寧にお返しをされていて、本当にすごいなと思っています。

初めて私がコメントした時も、コメントの通知が届いていなかったことを、Xでもご丁寧に教えてくださいましたよね😊
その時、「なんて律儀な方なんだろう」と感動したことを今でも覚えています。

スキも在庫がなくなるくらい皆さんへお返しされていて、私のように感謝している方はたくさんいらっしゃると思います✨

私もKingさんを見習って、いただいたご縁や応援を大切にしながら、お返しできる人になりたいです😊

これからもKingさんらしく、たくさん大爆発してくださいね😆✨

いつも本当にありがとうございます🌸"
ncc693b1046c10,n74774ca36809,ca17527cfe63f65cebf3883988786b79,donchan1962,donchan_13,https://assets.st-note.com/production/uploads/images/293072442/profile_8b6499ff1096e660ee01f82b8898b1ec.jpeg?fit=bounds&format=jpeg&quality=85&width=330,2026-07-22T18:11:09.258+09:00,"こんばんは🌆。
いつもありがとうございます。
記事、マガジンへの追加感謝申し上げます。"
nc1bdf295cda67,nfa8d47a22c3a,fdfcb42dbb3ca6a92977feeb331299bf,ヤマコヤーマン,yamayamako3,https://assets.st-note.com/production/uploads/images/264908732/profile_22f5b0d83f87ee87628a50db08f251bb.png?fit=bounds&format=jpeg&quality=85&width=330,2026-07-22T21:44:28.153+09:00,"Kingさん
いつもマガジン追加していただき、ありがとうございます！お忙しいのに恐縮です！
どこに書き込もうかと思案して、またここに書いちゃいましたw
"
ncff43912b1da8,nfa8d47a22c3a,730fc38e4491aa47969403c855669bee,持たざる者の物販記録｜0→1のリアル,motazaru_lab,https://assets.st-note.com/production/uploads/images/261534615/profile_1cfb837a6be5f879c4c4bdfb12deba11.png?fit=bounds&format=jpeg&quality=85&width=330,2026-07-22T21:29:46.966+09:00,"KINGさん

物販アカウントの記事もマガジンに追加していただきありがとうございます😊

本アカウントとは内容は違いますが、読んでいただいた方に少しでも価値を提供できればと思い書いていますので、今後ともよろしくお願いします🙏

いつも本当にありがとうございます😊"
nc9a23c602bfec,n378e8eef9539,47ac127ec0bbe6902b9f372fd944ebf8,和田雄三｜AI×心理ブランディングデザイナー,glad_dill2129,https://assets.st-note.com/production/uploads/images/265848866/profile_b0e386a458b5c21f7f00921837c9ffad.png?fit=bounds&format=jpeg&quality=85&width=330,2026-07-22T22:25:54.116+09:00,"もう200超えてますよ😆

いい曲でした✨"
nc1a6e3d4bfe41,n378e8eef9539,7fe65c1862f422bfb2a7a5d98fbb942c,まりな,marina_days,https://assets.st-note.com/production/uploads/images/279040740/profile_45f4c447cad46a77f488d9ec5c5da19d.png?fit=bounds&format=jpeg&quality=85&width=330,2026-07-22T21:54:01.245+09:00,"Kingさん、コングラ4つも！
おめでとうございます🎉🎉🎉

私はいつもマガジンに追加してもらって、助かってます😊
ありがとうございます！！"
nc368231ea1d9e,n378e8eef9539,1924f3622a98065425dd82f27ebc8718,きおくのかけら,lively_toucan534,https://assets.st-note.com/production/uploads/images/275185500/profile_ee9b4e90a4a95c31ecc31cc2eb8cc09d.png?fit=bounds&format=jpeg&quality=85&width=330,2026-07-22T21:48:05.153+09:00,"noteの道も楽しまなきゃですね。
束の間の夢かもしれませんけど。
楽しみます😊"
nce72a0b413d15,n378e8eef9539,40776d9317ad3115070b5f567b47db2f,Rogers,clean_mango735,https://assets.st-note.com/production/uploads/images/254327635/profile_1adff887ef71ffa855a2f6da783e3c5e.jpg?fit=bounds&format=jpeg&quality=85&width=330,2026-07-22T21:30:43.654+09:00,"King|天は自ら助くる者を助くる者を助けるらしいさま、
初めまして、

👏30,000回目のスキ、CONGRATULATION、おめでとうございます。
この度は、Rogersの投稿をマガジンtysm:）に追加して頂き
心より感謝申し上げます。

素敵な詞ですね😸
女性の声がいいですね！
切なくも優しい世界観…
「行く道の方が楽しいだろう」という部分が刺さりました。

素敵な曲のシェアありがとうございました。
明日も素敵な一日になりますように♪♪✨✨


"
nccd8503102806,n378e8eef9539,4a511d143f8970c0e284a6182afc6cfa,涼鈴suzu,suzu_story,https://assets.st-note.com/production/uploads/images/230968642/profile_eabb1e844000a408e63be52a33676754.png?fit=bounds&format=jpeg&quality=85&width=330,2026-07-22T21:09:15.976+09:00,"どちらの曲も切ないです。
切なくて優しい。
束の間の夢の歌声が好きです。"
nc94a4783ee4b6,n378e8eef9539,6c5718f0559167163536f432fea246be,かみん,mi_0716,https://assets.st-note.com/production/uploads/images/262988443/profile_5a103c8c3708f35983a127cdfd7f9972.png?fit=bounds&format=jpeg&quality=85&width=330,2026-07-22T20:43:43.033+09:00,"Kingさん、こんばんは✨
マガジンに掲載していただき、いつもありがとうございます☺️❣️

数字を追い求めすぎず、でも適度に気にしつつ、かなりバランスが難しいですね💦
いつも向上心があるKingさんはすごいと思います☺️✨

束の間の夢 EDMの曲、ちょっと洋楽っぽさもあって素敵でした🎶⭐
"
nc507415079a14,n378e8eef9539,78376ee2a13f87a68be09b41f4fcf1be,津田祐希（ゆきてぃ）,love_peace_2023,https://assets.st-note.com/poc-image/manual/preset_user_image/production/i1bbf72cee783.jpg,2026-07-22T20:26:51.324+09:00,"Kingさん
時々初心を思いだすこともいいですね。

マガジンにも入れて頂き
ありがとうございました。"
nc981a4b2e80dc,n378e8eef9539,221ac2c3d50787b88e77f30111d49e57,てらす｜不登校から大学受験　　　ASD      パニック障害の記録,hiyokehiyo,https://assets.st-note.com/production/uploads/images/221157900/profile_64d666d2410a7e45c9b6519032c0aa66.png?fit=bounds&format=jpeg&quality=85&width=330,2026-07-22T20:16:52.159+09:00,"Kingさん
こんばんは😊
マガジン追加を本当にありがとうございます✨✨
記事を拝見しまして、
私には想像もつかない世界ですが、
上位のクリエイターの方にも、その立場ならではの葛藤があるのですね。
とても印象に残る記事でした。
ありがとうございます✨
"
ncd7b392c18a83,n378e8eef9539,ceb2b2dddafd6863d8106b7008e34ac0,mimi｜生き延びるための静かな考察,noted_beetle177,https://assets.st-note.com/production/uploads/images/282211059/profile_18983e058a211095cabe67891fd8784c.png?fit=bounds&format=jpeg&quality=85&width=330,2026-07-22T20:00:50.936+09:00,"Kingさん、こんばんはvv　
昔作られた曲とのことですが、2曲とも、曲の空気感も歌詞も、とても好きです♪
熱い想いがほとばしる感じで、歌詞だけ読んでも心にとても残る読後感がありました✨
思いがけなく元気とパワーを貰った感じで、ありがとうございました✨😆
あと遅くなりましたが、マガジン掲載もしていただき、ありがとうございます✨🙏"
nccc79336cd61f,n378e8eef9539,fe6a3dfbf579f7f9f0eadb36aa5260ab,しずく,lucky_ram4890,https://assets.st-note.com/production/uploads/images/270484515/profile_f2deb3775d1acb5fb6b143d8ce8fd4b7.png?fit=bounds&format=jpeg&quality=85&width=330,2026-07-23T00:10:06.208+09:00,"kingさん、

コングラ4個❣️
おめでとうございます🎊

力がみなぎってくる曲です♪
特にこの歌詞↓ 好きです😊

『朽ちてなお分かれ
土に還りて
こやしとなる』

また楽しみにしています😊

"
nc560f4649555d,n74774ca36809,47ac127ec0bbe6902b9f372fd944ebf8,和田雄三｜AI×心理ブランディングデザイナー,glad_dill2129,https://assets.st-note.com/production/uploads/images/265848866/profile_b0e386a458b5c21f7f00921837c9ffad.png?fit=bounds&format=jpeg&quality=85&width=330,2026-07-22T22:31:02.260+09:00,"バイト始めました😆
ちゃんと稼ぎます👍"
ncb1e7ebc394e9,nfa8d47a22c3a,fe6a3dfbf579f7f9f0eadb36aa5260ab,しずく,lucky_ram4890,https://assets.st-note.com/production/uploads/images/270484515/profile_f2deb3775d1acb5fb6b143d8ce8fd4b7.png?fit=bounds&format=jpeg&quality=85&width=330,2026-07-23T07:30:50.615+09:00,"kingさん
マガジン追加していただき、ありがとうございます。
いつも感謝です🥺"
nc52b8bc0c7edc,n378e8eef9539,a308833b060a3c104f0115421d8d05fc,みやび,_oto_kotoba,https://assets.st-note.com/production/uploads/images/262367515/profile_d7914074ebb47e9f08eccbb0c11318bb.png?fit=bounds&format=jpeg&quality=85&width=330,2026-07-23T09:25:35.749+09:00,"コメント失礼します。
数字の増減によって初心の喜びが薄れてしまう「感覚の麻痺」というお話に、創作を続ける上での大切な気づきをいただきました。

目の前のカウンターの＂歩幅＂が大きくなるにつれて＂小さな変化＂に目が向きにくくなることは、「感性の鈍化」かもしれないですよね。

目的地よりも行く道の楽しさを歌った楽曲の哲学に触れ、初めて「スキ」やコメントをいただいたときのあの震えるような喜びを、いつでも新鮮に胸に抱きながら発信を続けていきたいと改めて感じました。
ありがとうございます。
(🎹MIYABI)"
nce530faf5d66b,nfa8d47a22c3a,114a92a9f61ff25a95d9915a48d8fb09,NoriP（植木乃梨子）,styleplus2020,https://assets.st-note.com/production/uploads/images/291478213/profile_d955a1f15e84771bb0eaae5eb602ce18.png?fit=bounds&format=jpeg&quality=85&width=330,2026-07-23T14:08:06.518+09:00,"kingさん
こんにちは NoriPといいます。
マガジンtysm:)にご追加くださりありがとうございます。

私の場合、色々な記事を書いているので、自己紹介記事をご紹介いただけるのは、とても嬉しいです。"
nc1b50b1e09235,nf4cd00f0999a,0532f1f5e7fe9be7936959a7a43a5e10,おとの部屋,otonoheyapiano,https://assets.st-note.com/production/uploads/images/236404075/profile_145eacb40a09fac1855e00a8101c2307.png?fit=bounds&format=jpeg&quality=85&width=330,2026-07-23T13:17:25.729+09:00,"Kingさん こんにちは😊

いつも 記事の掲載を
ありがとうございますஐ

ご紹介いただくおかげで、読んでいただく
機会が増え コメントも少しずつ
いただけるようになってきました。
嬉しく思っています。

心から感謝申し上げます(* ᴗ͈ˬᴗ͈)”
"
nc1cee47ff8a89,nfa8d47a22c3a,65a298dd59a00428ac05fce568d8bdbd,松風みき,rapid_hyena8571,https://assets.st-note.com/production/uploads/images/280266907/profile_86d734756ec0fe2d4cf5568f3b0b1082.jpg?fit=bounds&format=jpeg&quality=85&width=330,2026-07-23T16:16:38.543+09:00,"初めまして。松風みきです。
読んでいただき、ありがとうございます。
マガジンに登録して頂き嬉しいです。。"
nc75184cc75e83,n378e8eef9539,65a298dd59a00428ac05fce568d8bdbd,松風みき,rapid_hyena8571,https://assets.st-note.com/production/uploads/images/280266907/profile_86d734756ec0fe2d4cf5568f3b0b1082.jpg?fit=bounds&format=jpeg&quality=85&width=330,2026-07-23T16:40:10.116+09:00,私は、note始めて６２日。毎日書いて100作品書いたけど、好きマークは、一番多いのでやっと130です。凄いです。『あなたを探して』は一番好きな作品なので、マガジンに追加していただき嬉しいです。
ncfb1aae54ad68,n378e8eef9539,5ff0c3616643eccfc6ab49c71b43b039,かすみさき||前悪ゼンワル,kasumi_saki,https://assets.st-note.com/production/uploads/images/272379661/profile_4a745d7bb12e798d7a02830e7a85479a.png?fit=bounds&format=jpeg&quality=85&width=330,2026-07-23T16:03:05.314+09:00,"はじめまして😌✨
スキ１００も超えているだけで、すごいのに！と羨ましく思う、かすみさきです。
マガジンへの追加ありがとうございます🌈
"
nce335abdba805,n1f7cfeb6e705,ca17527cfe63f65cebf3883988786b79,donchan1962,donchan_13,https://assets.st-note.com/production/uploads/images/293072442/profile_8b6499ff1096e660ee01f82b8898b1ec.jpeg?fit=bounds&format=jpeg&quality=85&width=330,2026-07-23T16:57:16.582+09:00,こんにちは、刷新の記事のマガジンへの追加、感謝申し上げます。
nc2e8ab1313b41,n8cac8598278c,7fe65c1862f422bfb2a7a5d98fbb942c,まりな,marina_days,https://assets.st-note.com/production/uploads/images/279040740/profile_45f4c447cad46a77f488d9ec5c5da19d.png?fit=bounds&format=jpeg&quality=85&width=330,2026-07-23T17:18:07.051+09:00,"Kingさん、総合評価A+！

まだ、半年経っていない頃ですかね？

お見事です🎊🎊🎊

いつもマガジンにも追加してもらって、ありがとうございます😊

無理されませんように🍵"
nc62700487e466,n8e6e558e0595,78376ee2a13f87a68be09b41f4fcf1be,津田祐希（ゆきてぃ）,love_peace_2023,https://assets.st-note.com/poc-image/manual/preset_user_image/production/i1bbf72cee783.jpg,2026-07-23T19:12:51.390+09:00,"いろいろ理解が追いつきませんが
マガジンにも入れて頂き
ありがとうございました！"
ncf5d379158df9,n4a2363bcd76b,1dd5cc6f11dc1d5e7c33c9ac01922824,keimama,keiko5066,https://assets.st-note.com/production/uploads/images/223953919/profile_de82aa306e133caf82b4ae253ad0173c.png?fit=bounds&format=jpeg&quality=85&width=330,2026-07-23T21:03:24.329+09:00,"kingさん、こんばんわ🌔
マガジン追加ありがとうございます。
noteで音楽フェス凄いですね～😲"
nc7b6636ed337a,ncdcdb643fe31,d9037f54bfc7617edf2591b1bcc610f3,『月灯りの綴り屋』🌕ﾌｫﾛﾊﾞ100,quirky_squid9988,https://assets.st-note.com/production/uploads/images/195342680/profile_b6e872945f0a395808553e7d3c8312a9.png?fit=bounds&format=jpeg&quality=85&width=330,2026-07-24T01:38:23.762+09:00,"kingさん
こんばんは✨

温かい応援マガジンに追加してくださり、ありがとうございます😊💕

「この失敗を重く受け止めまして……一刻も早くネタにしなければならない」という、まさかの教訓に笑ってしまいました🤣

失敗まで楽しい記事に変えてしまうKingさん
さすがです😆💕

コングラ受賞もおめでとうございます🎉✨"
ncb26554b3bcb6,ncdcdb643fe31,5792beedf51dea6547b4b3d298482ab4,丁寧な暮らし/生きやすさ探求家,gentle_gecko1078,https://assets.st-note.com/production/uploads/images/272850856/profile_5078d7016e37422cee3be424742ee433.png?fit=bounds&format=jpeg&quality=85&width=330,2026-07-24T01:27:11.379+09:00,"さっそく裏口から増やしておきました🤭
私、先週金曜日にコングラ来ましたよ✌️"
ncf4611f288fc1,ncdcdb643fe31,13f03d3a1ec4a172a7084a791c8c4703,"あいさん💗Iカウンセリングルーム セラピスト／ 臨床心理士×公認心理師｜支援歴16年・2,000名超",joyful_zebra1701,https://assets.st-note.com/production/uploads/images/291954704/profile_fc1fbb946656267139e1f6e56d7d68ed.png?fit=bounds&format=jpeg&quality=85&width=330,2026-07-24T00:49:02.125+09:00,"Kingさん😆

「一刻も早くネタにしなければならない」という教訓、さすがKingさんですね🤣
今回も楽しく読ませていただきました✨

コングラ受賞もおめでとうございます🎉✨
マガジンのご紹介も、ありがとうございました😊🌸🌿"
nc916dd78ebcf3,n378e8eef9539,e65e22817ad54324715fc4bc5882ae3b,まんまる,psyshin,https://assets.st-note.com/production/uploads/images/269144961/profile_2ddd16bbb0f86761640576ac43019453.png?fit=bounds&format=jpeg&quality=85&width=330,2026-07-23T22:33:55.903+09:00,"kingさん　
私の記事をピックアップしていただき有難う御座います！

毎回280位スキが貰えたら嬉しいでしょうね。"
nc3c676b748ea4,ncdcdb643fe31,bd582364aa0b44c3434da1c766e830cf,小島すがも,kojima_sugamo,https://assets.st-note.com/production/uploads/images/285324530/profile_9d0cb7a9b5d306860a0cab9a95f15b9d.jpg?fit=bounds&format=jpeg&quality=85&width=330,2026-07-24T05:06:33.228+09:00,"Kingさん
コングラ受賞おめでとう🎉ございます🎂🥰
いつもマガジン追加ありがとうございます！嬉しいです🥰

一刻も早くネタに！🤣
Kingさんの教訓、私も受け取りました☺️やったー✨
"
ncc5e98f9921aa,ncdcdb643fe31,d935afcef3d45372668600a97b8eea46,天野 雫,proper_bonobo536,https://assets.st-note.com/production/uploads/images/252856370/profile_866f40df26780c146ef9459cf81a675c.png?fit=bounds&format=jpeg&quality=85&width=330,2026-07-24T04:13:08.354+09:00,"Kingさん

🤣🤣🤣
さすがです！"
ncafad7ffbc511,ncdcdb643fe31,a308833b060a3c104f0115421d8d05fc,みやび,_oto_kotoba,https://assets.st-note.com/production/uploads/images/262367515/profile_d7914074ebb47e9f08eccbb0c11318bb.png?fit=bounds&format=jpeg&quality=85&width=330,2026-07-24T03:51:08.753+09:00,"コメント失礼します。
目標の数字に届かなかったことを、すぐに軽快なユーモアへと変えて発信される姿勢がとても素敵ですね。

読者への配慮を忘れず、失敗さえも楽しい読み物にして共有してくださるお人柄に、読んでいるこちらも思わず笑みがこぼれました。

多くの共同運営マガジンに紹介されているのも、その魅力的なお人柄ゆえなのですね。
ありがとうございます。
(🎹MIYABI)"
ncaf9ab75b6cc1,ncdcdb643fe31,b60c6006e6818a147458dad11e6bc89f,瀬海歩（せかいあゆむ）,sekaiayumu25,https://assets.st-note.com/production/uploads/images/251395522/profile_6cb1552f68e13741419dd072f35f914e.jpg?fit=bounds&format=jpeg&quality=85&width=330,2026-07-24T03:22:01.334+09:00,"Kingさん

こんばんは☕️✨️
いつもご掲載ありがとうございます😊
コングラボード獲得おめでとうございます✨️

そろそろ私のゴツゴツしたひざ枕の出番では？いつでも癒しますよ❤"
ncdfda3e10b675,ncdcdb643fe31,ca17527cfe63f65cebf3883988786b79,donchan1962,donchan_13,https://assets.st-note.com/production/uploads/images/293072442/profile_8b6499ff1096e660ee01f82b8898b1ec.jpeg?fit=bounds&format=jpeg&quality=85&width=330,2026-07-24T10:38:38.327+09:00,"kingさん、いつもありがとうございます。
記事、マガジンへの追加感謝申し上げます。"
nc04d2ee5f57a7,ncdcdb643fe31,ca17527cfe63f65cebf3883988786b79,donchan1962,donchan_13,https://assets.st-note.com/production/uploads/images/293072442/profile_8b6499ff1096e660ee01f82b8898b1ec.jpeg?fit=bounds&format=jpeg&quality=85&width=330,2026-07-24T09:47:38.934+09:00,"おはようございます。
280の壁を重く受け止める。
それをネタに変えてしまう。
kingさんの発想が、素晴らしいですね。
それに、たくさんのコングラ、おめでとう御座います㊗️。"
nc489479e9f1fe,ncdcdb643fe31,77135cd9e3f344c812e32f69fcb62362,ふあふあころね,lively_ram351,https://assets.st-note.com/production/uploads/images/239951906/profile_7efdd81fb27c45ba02e154904afc9364.png?fit=bounds&format=jpeg&quality=85&width=330,2026-07-24T09:19:08.941+09:00,"Kingさん、おはようございます🌸
いつも貴重なスキや暖かいコメントを下さり、ありがとうございます😊

コングラボードおめでとうございます✨🎉✨
Kingさん、十分スキの数が凄いですよ☺️

Kingさんにも、優しいくて暖かい皆様がいらっしゃるので、気負わずにリラックスしてnoteを楽しんでください🌸☺️
頑張りすぎて疲れて引退されてしまうと、とても寂しいので😭

先日お優しいコメントありがとうございます🌸🙇‍♀️

暑い日が続いておりますので、お互い無理せず涼しく今年の夏も乗り越えていきましょう🫧😌

これからもKingさんも、noteを楽しめるよう、応援しております🌷☺️"
nc0d8706deb223,ncdcdb643fe31,614b061a3a50c5feb5494add01add756,KANA,brainy_hosta8517,https://assets.st-note.com/production/uploads/images/219340642/profile_093a76476fb30e2d02f549068e480940.png?fit=bounds&format=jpeg&quality=85&width=330,2026-07-24T06:56:52.051+09:00,"Kingさん🌙

前回の記事で280に届かないと伸びなかったように感じると書いた直後に、見事に届かなかったのですね♡

ふふ...普通なら少し落ち込んでしまいそうな出来事を、一刻も早くネタにしなければならないという教訓へ変えてしまうところ、やっぱりKingさんですわ。

280に届かなかったことより、この記事からまた新しい笑いとご縁が生まれたことのほうが、ずっとラッキーですわね♡
"
ncd0b5b5207eff,n378e8eef9539,ee17e08838a2d1017fe4b3f4eb73a4e3,境界をまたぐ心理士【振り子】,rosy_snail1735,https://assets.st-note.com/production/uploads/images/253068092/profile_684215ad7eba3d124844155dff223a1b.jpg?fit=bounds&format=jpeg&quality=85&width=330,2026-07-24T07:08:21.999+09:00,"初めまして！
好き無視病者です😎

メンシプ記事出すと好きは伸びませんが、そんなことは関係ありません😎

頭の整理整頓と物事の見方の振り返りが出来れば満足です！

今後ともよろしくお願いします🙏"
nc422cc7c71078,ncdcdb643fe31,e937b529062a4dff3c5cf7b79cc04cf6,たーゼ,sakuya_rainbow44,https://assets.st-note.com/production/uploads/images/267491936/profile_b274aede9a61c347dfc7d9213ffbeed9.jpg?fit=bounds&format=jpeg&quality=85&width=330,2026-07-24T13:55:17.471+09:00,"頑張れ〜頑張れ〜👼🪄✨✨
Kingたん👼🌠✨🌠✨

暑いね〜🧑💦
後少しでクリアーだね〜🤗🌸✨

ありがとう〜🌹✨🎶✨"
nc43d20b6a38eb,nfa8d47a22c3a,ca17527cfe63f65cebf3883988786b79,donchan1962,donchan_13,https://assets.st-note.com/production/uploads/images/293072442/profile_8b6499ff1096e660ee01f82b8898b1ec.jpeg?fit=bounds&format=jpeg&quality=85&width=330,2026-07-24T19:02:31.594+09:00,"こんばんは。
いつもありがとうございます
記事、マガジンへの追加感謝申し上げます。"
nc7456453242c9,nfa8d47a22c3a,20d8e749b0fc42fd2af86a8932c9f86f,夢雨小梅(むう),yumeiro_note,https://assets.st-note.com/production/uploads/images/290097286/profile_f397a8dfe2e7e4b2e3fb892b10b06521.png?fit=bounds&format=jpeg&quality=85&width=330,2026-07-24T04:53:33.149+09:00,"kingさん始めまして😌
夢雨小梅と申します。
マガジン収録ありがとうございます♪
とても心強いです。
これからもよろしくお願いします🙇"
ncb067be9ee704,ncdcdb643fe31,f0cb31ff7ca4d1f8b607a03e7890b133,山中サトシ│詩と小説の世界│元公務員クリエイター,fancy_nerine2305,https://assets.st-note.com/production/uploads/images/235720947/profile_6f42cba9cdaa52532b9423dda0e2f8f3.jpg?fit=bounds&format=jpeg&quality=85&width=330,2026-07-24T18:46:31.982+09:00,また謎のコングラが届きますね😊私にも月曜日の記事にコングラが届いてました😆😆
nc8beec7a81c51,n74774ca36809,ca17527cfe63f65cebf3883988786b79,donchan1962,donchan_13,https://assets.st-note.com/production/uploads/images/293072442/profile_8b6499ff1096e660ee01f82b8898b1ec.jpeg?fit=bounds&format=jpeg&quality=85&width=330,2026-07-24T18:13:03.633+09:00,"こんばんは🌆。
いつもありがとうございます
記事、マガジンへの追加感謝申し上げます"
ncf37ae36925d0,ncdcdb643fe31,0ee830c8590e2b12d74c243f30209743,🐰りりぃ｜働く女子の心の声,unique_wren1931,https://assets.st-note.com/production/uploads/images/278691815/profile_fcfdb6eabab8f25ba11d66a2fe9fe412.png?fit=bounds&format=jpeg&quality=85&width=330,2026-07-24T21:23:35.049+09:00,"Kingさん✨

いつもマガジン追加してくださりありがとうございます☺️

まず、見出し画像が可愛すぎて、なかなか内容に進めませんでした🥰

そのあと、「それはそうですよね…せっかくスキを押しても、届かなかったってボヤかれたら」で笑いました😆

さらに、間違った教訓まで…色々と感情が忙しかったです😂

でも、Kingさんがたくさんの方の記事を読まれていることも知り、本当に素敵だなと思いました✨

いつも楽しい記事をありがとうございます🌸"
nc84e7bacc4ba9,ncdcdb643fe31,40776d9317ad3115070b5f567b47db2f,Rogers,clean_mango735,https://assets.st-note.com/production/uploads/images/254327635/profile_1adff887ef71ffa855a2f6da783e3c5e.jpg?fit=bounds&format=jpeg&quality=85&width=330,2026-07-24T20:59:50.282+09:00,"Kingさま、こんばんは。
この度も、Rogersの投稿をマガジンtysm:）に追加して頂き
温かい心遣いに感謝申し上げます。

コングラボードの獲得、重ねてお祝い申し上げます。
前回の振り返りされ、そこから、笑顔に変えてしまう発信
さすがです。　沢山の、マガジ紹介からも、温かい繋がりが、
伝わってきてほっこりしました。😸

明日も、素敵な一日をお過ごしください。
ありがとうございました。♪♪✨✨
"
nce03fe64045ee,ncdcdb643fe31,d29c2432624c1087ec7f89cc2f079dbe,美咲サヤ,crisp_gecko6337,https://assets.st-note.com/production/uploads/images/285251414/profile_bae91b069531c89747d86f8afb8c6bff.jpeg?fit=bounds&format=jpeg&quality=85&width=330,2026-07-24T19:34:59.407+09:00,"Kingさん、
こんばんは！
マガジンに記事を追加していただきありがとうございます！
とても嬉しいです😂"
ncee2c046bad72,ncdcdb643fe31,102d170a8b98730fb2591f14b96261b2,北堀造園,fair_azalea959,https://assets.st-note.com/production/uploads/images/149418283/profile_139785711284d71cbe72b10c35387665.jpg?fit=bounds&format=jpeg&quality=85&width=330,2026-07-24T19:23:37.370+09:00,"こんばんは、初めまして😊
ご挨拶遅れました。
いつも記事をありがとうございます😊
これからもどうぞよろしくお願いします。
深く感謝申し上げます😊✨"
nc174f0f086e79,ncdcdb643fe31,0a190b2a1490ace96d668b7243df84fc,『本当の自分に出会う100の法則』まなび,miracle_tarot315,https://assets.st-note.com/production/uploads/images/249470009/profile_45cd99b5e01b52738ef63d2120073cf9.png?fit=bounds&format=jpeg&quality=85&width=330,2026-07-25T01:10:09.336+09:00,"Kingさん、こんばんは。

マガジン追加ありがとうございます😊✨

「この件を一刻も早くネタにしなければならない」で吹きました🤣
やらかしを即ネタに変えるあたり、さすがKingさんですね😆
"
nc1a782c7c3b53,ncdcdb643fe31,fdfcb42dbb3ca6a92977feeb331299bf,ヤマコヤーマン,yamayamako3,https://assets.st-note.com/production/uploads/images/264908732/profile_22f5b0d83f87ee87628a50db08f251bb.png?fit=bounds&format=jpeg&quality=85&width=330,2026-07-25T00:33:59.784+09:00,"見出し画像可愛ですねw
しかも前回記事、ちゃんと280スキ以上いってますし！"
ncf52e6f70fdd8,ncdcdb643fe31,209f3701abc5bae89b6dd62898c7916a,コンパス みき✨️好きのタネ🌱‬‪を育てる案内人,compass_m360,https://assets.st-note.com/production/uploads/images/253440713/profile_8b36220be6950ce90264f78d2b308c75.png?fit=bounds&format=jpeg&quality=85&width=330,2026-07-25T00:05:23.206+09:00,"Kingさん、こんばんは✨

すぐに教訓にするKingさんは素敵です😄
だから、みんなスキもコメントもするんですよー✨

いつもありがとうございます❤️"
nc3a53642c3816,ncdcdb643fe31,47ac127ec0bbe6902b9f372fd944ebf8,和田雄三｜AI×心理ブランディングデザイナー,glad_dill2129,https://assets.st-note.com/production/uploads/images/265848866/profile_b0e386a458b5c21f7f00921837c9ffad.png?fit=bounds&format=jpeg&quality=85&width=330,2026-07-25T04:30:12.706+09:00,"200番目のスキいただきました✨

280いってますよ😆"
nc95455380db0e,ncdcdb643fe31,904e9ed918828179390741c99f797844,こはる(ふわり、ももんが日記),momonga_0125,https://assets.st-note.com/production/uploads/images/246484153/profile_50e45d59aea0e50aa87e0779898c85ba.png?fit=bounds&format=jpeg&quality=85&width=330,2026-07-25T10:12:48.099+09:00,"Kingさん 
おはようございます☀️

最初から笑ってしまいました🤣

Kingさんは基準が高すぎますよ〜🤭"
nc6a9bb65b51df,ncdcdb643fe31,ceb9f20beef56f72c10ed1c4bc125c74,ゆらり🌸🫧　🫶✨,huge_coot6820,https://assets.st-note.com/production/uploads/images/289304338/profile_84c145c3d735e61ef55622e409917111.jpeg?fit=bounds&format=jpeg&quality=85&width=330,2026-07-25T14:13:00.965+09:00,"ご紹介ありがとうございます😊

いつも有難うございます♪

コングラ最近月から金までくるよね。

なんか変わって
まだ良くわからないね🌸🫧🫶✨"
nc2c412957a8a3,ncdcdb643fe31,ca17527cfe63f65cebf3883988786b79,donchan1962,donchan_13,https://assets.st-note.com/production/uploads/images/293072442/profile_8b6499ff1096e660ee01f82b8898b1ec.jpeg?fit=bounds&format=jpeg&quality=85&width=330,2026-07-25T13:36:31.473+09:00,"こんにちは。
いつもありがとうございます
記事、マガジンへの追加感謝申し上げます"
nca8e3b5235c37,ncdcdb643fe31,91896923ab4e258b299962be80f4360d,さち　私のつぶやき,10211129,https://assets.st-note.com/production/uploads/images/267110140/profile_a7a14a7914bcb2b217602601d3f3e0e1.png?fit=bounds&format=jpeg&quality=85&width=330,2026-07-25T17:50:40.202+09:00,"Kingさん
こんにちは😊

基準が高すぎですが
前回の記事も届いていますね！😆🩷

note同期くらいのKingさんの頑張り
刺激になりますね！
なんて🤭生意気にすみません😭"
ncab0b650020c2,nfa8d47a22c3a,7bb11bfec7aa13e8816324ba733829f9,月凪（つきなぎ）,like_ferret2194,https://assets.st-note.com/production/uploads/images/274044810/profile_94b40ef52fd48a8e14b98a9c74ff0f7c.jpeg?fit=bounds&format=jpeg&quality=85&width=330,2026-07-25T19:36:21.191+09:00,"Kingさん、こんばんは🌻
いつもマガジンへの追加ありがとうございます✨
今後ともよろしくお願いいたします🍀"
ncd16952225612,ncdcdb643fe31,7fe65c1862f422bfb2a7a5d98fbb942c,まりな,marina_days,https://assets.st-note.com/production/uploads/images/279040740/profile_45f4c447cad46a77f488d9ec5c5da19d.png?fit=bounds&format=jpeg&quality=85&width=330,2026-07-25T21:22:29.511+09:00,"Kingさん、前の記事も280届きましたね！
そしてこの記事もいけそうです✨すごすぎです👍

またまたマガジン登録、ありがとうございました😊"
nc2dbc6de102a9,ncdcdb643fe31,6c5718f0559167163536f432fea246be,かみん,mi_0716,https://assets.st-note.com/production/uploads/images/262988443/profile_5a103c8c3708f35983a127cdfd7f9972.png?fit=bounds&format=jpeg&quality=85&width=330,2026-07-25T22:41:48.990+09:00,"Kingさん、こんばんは✨
いつもマガジンに掲載していただき、ありがとうございます❣️

前回の記事280超えましたね👏🏻✨
コングラも合わせて、おめでとうございます🎉！"
ncda5165104186,ncdcdb643fe31,e6b92d3e538047c1d6552b3a2c64a64b,青依叶子（YokoAoi）,rainbowrose8888,https://assets.st-note.com/production/uploads/images/273388425/profile_5a0d2b33eb40ff9ead5a54dc3a06b1bc.png?fit=bounds&format=jpeg&quality=85&width=330,2026-07-25T22:39:20.115+09:00,"kingさん、こんばんは🌛
いつも記事を紹介していただきまして
ありがとうございます🙏🏻

280スキ♥️なんて……私にはまだまだ💦💦
スゴいですね✨️
私も、そんな感覚になれる日がくるように
精進いたします💪"
nc63fb2467d255,ncdcdb643fe31,34987bbf50be44cfbc1419a1df6f8760,ツムジ,tsumuji264,https://assets.st-note.com/production/uploads/images/231588271/profile_d0f51b83720ce83ce2be707571e96762.png?fit=bounds&format=jpeg&quality=85&width=330,2026-07-25T22:29:51.482+09:00,"Kingさん、こんばんは！
いつもありがとうございます😊

すぐネタにする、これぞKingさんという感じですね😆
そしてそれによってスキが伸びるという・・・流石です✨
"
nc835d04b1ffca,n8d7224175057,65a298dd59a00428ac05fce568d8bdbd,松風みき,rapid_hyena8571,https://assets.st-note.com/production/uploads/images/280266907/profile_86d734756ec0fe2d4cf5568f3b0b1082.jpg?fit=bounds&format=jpeg&quality=85&width=330,2026-07-25T23:20:56.172+09:00,こんばんは。マガジンに南方の風を載せて頂き、ありがとうございます。戦争の話だと思われ、なかなか苦戦しています。
ncb1290633080c,ncdcdb643fe31,0af9b366e7056bb35316462e699e0daa,じゅんのすけ,juicy_lynx3773,https://assets.st-note.com/production/uploads/images/264606998/profile_3edebb8ec7da186bb321afc081d561b0.png?fit=bounds&format=jpeg&quality=85&width=330,2026-07-26T05:55:59.886+09:00,"Kingさん、おはようございます！
反省した途端に300超えですね😁
さすがです👏
いつもマガジンへの追加、ありがとうございます！"
nc9421657c383e,n46a609c5dfb9,ca17527cfe63f65cebf3883988786b79,donchan1962,donchan_13,https://assets.st-note.com/production/uploads/images/293072442/profile_8b6499ff1096e660ee01f82b8898b1ec.jpeg?fit=bounds&format=jpeg&quality=85&width=330,2026-07-26T12:21:41.841+09:00,"こんにちは。
こんな素晴らしい記事の中で、私の記事を取り上げて頂き、誠にありがとうございます。
感謝、申し上げます。"
ncbcd203957823,ncdcdb643fe31,1dd5cc6f11dc1d5e7c33c9ac01922824,keimama,keiko5066,https://assets.st-note.com/production/uploads/images/223953919/profile_de82aa306e133caf82b4ae253ad0173c.png?fit=bounds&format=jpeg&quality=85&width=330,2026-07-26T10:09:46.627+09:00,kingさん、マガジンに追加をして頂きありがとうございます😊励みになっております🍀😌🍀
nc8c0a258ffb8d,n1f7cfeb6e705,ca17527cfe63f65cebf3883988786b79,donchan1962,donchan_13,https://assets.st-note.com/production/uploads/images/293072442/profile_8b6499ff1096e660ee01f82b8898b1ec.jpeg?fit=bounds&format=jpeg&quality=85&width=330,2026-07-26T12:23:16.928+09:00,"こんにちは。
いつもありがとうございます
記事、マガジンへの追加感謝申し上げます。"
ncff0420209856,n1f7cfeb6e705,ca17527cfe63f65cebf3883988786b79,donchan1962,donchan_13,https://assets.st-note.com/production/uploads/images/293072442/profile_8b6499ff1096e660ee01f82b8898b1ec.jpeg?fit=bounds&format=jpeg&quality=85&width=330,2026-07-26T08:17:24.020+09:00,"おはようございます
いつもありがとうございます
記事、マガジンへの追加、感謝申し上げます
今日から、kingさん、2つの顔になっなんですね。👍"
ncf3b6d6c81286,n46a609c5dfb9,3eed576a4790a95fa5d2b00bc03f85c6,Me. 【komorebi】,ripe_murre9675,https://assets.st-note.com/production/uploads/images/256224931/profile_b1a8e0ad74af84cc68df75479f39283b.jpeg?fit=bounds&format=jpeg&quality=85&width=330,2026-07-26T15:19:12.726+09:00,"Kingさん
いつも読んでいただき、ありがとうございます😊

今回もマガジンに追加していただいていて、とても嬉しかったです。

自分の文章を見つけてもらえること、本当にありがたいです✨"
nca85a11d15a8e,n46a609c5dfb9,b60c6006e6818a147458dad11e6bc89f,瀬海歩（せかいあゆむ）,sekaiayumu25,https://assets.st-note.com/production/uploads/images/251395522/profile_6cb1552f68e13741419dd072f35f914e.jpg?fit=bounds&format=jpeg&quality=85&width=330,2026-07-26T13:28:44.522+09:00,"Kingさん
こんにちは☕️✨️
ご紹介ありがとうございます😊✨️
3900はいつも仲良くしてくれてThank youという意味です🍀"
ncc0c11ba1e4f4,n46a609c5dfb9,40776d9317ad3115070b5f567b47db2f,Rogers,clean_mango735,https://assets.st-note.com/production/uploads/images/254327635/profile_1adff887ef71ffa855a2f6da783e3c5e.jpg?fit=bounds&format=jpeg&quality=85&width=330,2026-07-26T13:08:41.729+09:00,"kingさま、こんにちは。
Rogersの投稿を「マガジンtysm:）に追加して頂き
心配りに感謝申し上げます。

コングラ受賞おめでとうございます。👏
日頃の熱意や丁寧な発信がこうして形になると嬉しいですね。

チップランキング発表、楽しく読ませていただきました。
企画とはいえ、こうして盛り上がっている雰囲気が素敵です。
ランクインされた皆様、おめでとうございます。😸

明日も、笑顔が溢れる一日になりますように。
ありがとうございました。♪♪✨✨

"
nccb915f2896c1,n07f4fe321ee9,ca17527cfe63f65cebf3883988786b79,donchan1962,donchan_13,https://assets.st-note.com/production/uploads/images/293072442/profile_8b6499ff1096e660ee01f82b8898b1ec.jpeg?fit=bounds&format=jpeg&quality=85&width=330,2026-07-26T13:30:22.345+09:00,"こんにちは。
いつもありがとうございます
記事、マガジンへの追加感謝申し上げます"
ncfe662de5e80b,nfa8d47a22c3a,4192103d183ed121ae476f26f5beeacd,ｓｅｏｒｉ🧚‍♂,alert_flea4300,https://assets.st-note.com/production/uploads/images/295621476/profile_1a36531ff581438cbb66c5f40f1e9d83.jpg?fit=bounds&format=jpeg&quality=85&width=330,2026-07-26T19:02:24.098+09:00,"Ｋｉｎｇさん🧚‍♂


ライトワーカー✨として　

皆様に✨感謝💕気持ちを　込めた記事🌱
なので　マガジン載せて下さって　とっても嬉しいです😊


本当に　ありがとう💜ございました🙏


これからも　宜しくお願いします🌿"
nc0e66ea0cdb25,nfa8d47a22c3a,90f28686aff85437e7108ad7143dd1fd,佐々原亞子,ako_sasahara0801,https://assets.st-note.com/production/uploads/images/294736702/profile_0806b2ec3c30bde1ae23b73a21adbd05.png?fit=bounds&format=jpeg&quality=85&width=330,2026-07-26T18:14:16.564+09:00,"King様

マガジンご掲載ありがとうございます。
たいへん励みになります。
これからもどうぞよろしくお願いいたします😊"
ncdf35806f33ec,ncdcdb643fe31,266d9698e161c9b4bc3cd84ab21d7c08,きみこのSoulルーム,kimimari2350,https://assets.st-note.com/production/uploads/images/208541487/profile_b8e04433295dbc046967147402b4f003.png?fit=bounds&format=jpeg&quality=85&width=330,2026-07-26T15:57:34.184+09:00,"Kingさん😊

思わずクスッと笑ってしまいました🤣

「失敗を一刻も早くネタにしなければならない」という教訓、さすがKingさんですね👏✨

マイナスに見える出来事も、笑いに変えて楽しんでしまう。
そんな視点って素敵だなぁと思いました🌿

そして、気づけば300スキを超えていて、「やっぱり！」と嬉しくなりました🥳

それから、いつも私の記事をマガジンでたくさんご紹介くださり、本当にありがとうございます🥰
とても嬉しく、感謝しています🍀

これからもKingさんらしい楽しい視点の記事を楽しみにしています😊

愛❤️感謝🍀"
nc7c39dfc987d6,n46a609c5dfb9,209f3701abc5bae89b6dd62898c7916a,コンパス みき✨️好きのタネ🌱‬‪を育てる案内人,compass_m360,https://assets.st-note.com/production/uploads/images/253440713/profile_8b36220be6950ce90264f78d2b308c75.png?fit=bounds&format=jpeg&quality=85&width=330,2026-07-26T21:55:55.189+09:00,"Kingさん✨

みんなに愛されKingさんですね。
チップすごいですね😄
さすがです👍

いつもありがとうございます😄"
ncc0697f1747f5,n46a609c5dfb9,47ac127ec0bbe6902b9f372fd944ebf8,和田雄三｜AI×心理ブランディングデザイナー,glad_dill2129,https://assets.st-note.com/production/uploads/images/265848866/profile_b0e386a458b5c21f7f00921837c9ffad.png?fit=bounds&format=jpeg&quality=85&width=330,2026-07-26T20:59:51.731+09:00,"スポンサー多いですね😆✨

あと100円で紹介してもらえたんですね🤣"
nc83baa16e2722,n46a609c5dfb9,ee17e08838a2d1017fe4b3f4eb73a4e3,境界をまたぐ心理士【振り子】,rosy_snail1735,https://assets.st-note.com/production/uploads/images/253068092/profile_684215ad7eba3d124844155dff223a1b.jpg?fit=bounds&format=jpeg&quality=85&width=330,2026-07-26T20:36:11.722+09:00,"とにかくチップ額２万円に到達出来ればとの想いで協力させていただきました！

あ、チップじゃないですよ出資ですから笑🤗✨✨

今度ぜひ「Kingに投資して君もラッキーになろう出資企画」をやりましょう💰

そして、一口300円で出資を募る。Kingさんはそれを元手に売れそうな記事や曲を量産する。年間目標売上額に届いたら、一口あたり330円を我々に還付する。

…でどうでしょうか🤗🤗✨"
nc06d7dcd3178e,n46a609c5dfb9,c57b90e88def472f75594cb7e1456444,龍神,tatsuopapa,https://assets.st-note.com/production/uploads/images/195297097/profile_8bc9db642d186cf7b66339af17c27bd2.png?fit=bounds&format=jpeg&quality=85&width=330,2026-07-26T19:51:56.417+09:00,"Kingさん

楽しい企画と素敵なご紹介を、本当にありがとうございます🐉🍀

13,125円は、その日の総フォロワー数に合わせた金額でした☺️

これまでつながってくださった皆さんへの感謝も込めて、Kingさんの企画に参加させていただきました。

私の活動やメンバーシップまで丁寧に紹介してくださり、とてもうれしかったです。

本当にありがとうございます✨"
ncdf7dd8aca63f,n46a609c5dfb9,f0cb31ff7ca4d1f8b607a03e7890b133,山中サトシ│詩と小説の世界│元公務員クリエイター,fancy_nerine2305,https://assets.st-note.com/production/uploads/images/235720947/profile_6f42cba9cdaa52532b9423dda0e2f8f3.jpg?fit=bounds&format=jpeg&quality=85&width=330,2026-07-26T19:10:52.167+09:00,龍神さんの数字には何か意味が込められてるんですかね？😊
nc1b9612122662,nfa8d47a22c3a,96ffe142e55869bce65d5096a6fafa04,ゆら,hip_human6291,https://assets.st-note.com/production/uploads/images/275880722/profile_e1666cbd2c43c40011f86abf109634c5.png?fit=bounds&format=jpeg&quality=85&width=330,2026-07-26T23:15:38.624+09:00,"King様。
こんばんは🌙
記事を載せて下さり、本当にありがとうございます。
"
ncbf4fa4fabbe1,n46a609c5dfb9,e937b529062a4dff3c5cf7b79cc04cf6,たーゼ,sakuya_rainbow44,https://assets.st-note.com/production/uploads/images/267491936/profile_b274aede9a61c347dfc7d9213ffbeed9.jpg?fit=bounds&format=jpeg&quality=85&width=330,2026-07-27T00:20:20.138+09:00,"Kingさん🌸✨マガジン追加
ありがとう〜🧑👼🍭✨✨

儲かってますな〜🤭🌸✨✨

そうそう、サブ垢見つけて
びっくりしましたぁ～🤯🌺✨✨"
nc97115e9c3dba,n46a609c5dfb9,13f03d3a1ec4a172a7084a791c8c4703,"あいさん💗Iカウンセリングルーム セラピスト／ 臨床心理士×公認心理師｜支援歴16年・2,000名超",joyful_zebra1701,https://assets.st-note.com/production/uploads/images/291954704/profile_fc1fbb946656267139e1f6e56d7d68ed.png?fit=bounds&format=jpeg&quality=85&width=330,2026-07-26T22:43:55.394+09:00,"Kingさん、こんばんは🌛*゜

チップランキング、楽しく読ませていただきました😆✨

皆さんをご紹介される文章から、それぞれの魅力や感謝の気持ちが伝わってきました🌸🌿

そして、Kingさんは私よりnote歴が短いのに、届けられているスキの数が私とあまり変わらないことに驚きました🥹✨

それだけ一つひとつの記事やご縁を大切にされながら、丁寧に応援されているのだなぁと感じました😊🍀さすがです🥰💓

いつもありがとうございます💓
そして、これからもどうぞよろしくお願いします🌈ᵕ̈*"
nccfb1333739ef,n46a609c5dfb9,fdfcb42dbb3ca6a92977feeb331299bf,ヤマコヤーマン,yamayamako3,https://assets.st-note.com/production/uploads/images/264908732/profile_22f5b0d83f87ee87628a50db08f251bb.png?fit=bounds&format=jpeg&quality=85&width=330,2026-07-26T22:25:23.156+09:00,"Kingさん
すごー、呼び掛けてチップもらえるとか…(・ε・｀ )ｽｺﾞｰ
いつもマガジン追加ありがとうございます！"
ncdbb70bd07a34,ncdcdb643fe31,ca17527cfe63f65cebf3883988786b79,donchan1962,donchan_13,https://assets.st-note.com/production/uploads/images/293072442/profile_8b6499ff1096e660ee01f82b8898b1ec.jpeg?fit=bounds&format=jpeg&quality=85&width=330,2026-07-27T04:27:06.181+09:00,"朝早くにコメント失礼します
いつもありがとうございます
記事、マガジンへの追加感謝申し上げます"
nc1c711bd3c9ac,nfa8d47a22c3a,4dc0167ecb3a59ff0a2d9f8f092094a6,余滴のわさび,onedrop_wasabi2,https://assets.st-note.com/production/uploads/images/274209527/profile_dc28165aba358688d239e4ec9225b0ad.png?fit=bounds&format=jpeg&quality=85&width=330,2026-07-27T11:39:56.844+09:00,"Kingさん✨️

さっそく新作のマガジン掲載追加、ありがとうございます🙏🏻´-
挿絵が決まらず予定時刻を過ぎちゃったんですけどね(笑)
今日も暑いですけど次回作に向けて頑張ります🔥"
nc586c1ecfd071,nfa8d47a22c3a,d29c2432624c1087ec7f89cc2f079dbe,美咲サヤ,crisp_gecko6337,https://assets.st-note.com/production/uploads/images/285251414/profile_bae91b069531c89747d86f8afb8c6bff.jpeg?fit=bounds&format=jpeg&quality=85&width=330,2026-07-27T06:23:11.988+09:00,"Kingさん、おはようございます！
朝早くから失礼します。
この暑い中、いかがお過ごしですか？
この度も、記事をマガジンに追加していただきありがとうございます😂
いつも感謝感激です💦"
nc44d04e3b6731,n46a609c5dfb9,66726de4becaba8cedd3e058f42503e8,haremithu | 迷う母に言葉を🪷|,haremithu,https://assets.st-note.com/production/uploads/images/275787721/profile_a1cd7f33caccd2abc12f19b96be41bc8.jpeg?fit=bounds&format=jpeg&quality=85&width=330,2026-07-27T10:39:33.071+09:00,"Kingさん😃
スキ❤️マガジン追加ありがとうございます✨
皆さんを丁寧にご紹介される所が素敵です😃応援されるのも頷けます🤔

"
nc0b89a9f3c951,n46a609c5dfb9,0af9b366e7056bb35316462e699e0daa,じゅんのすけ,juicy_lynx3773,https://assets.st-note.com/production/uploads/images/264606998/profile_3edebb8ec7da186bb321afc081d561b0.png?fit=bounds&format=jpeg&quality=85&width=330,2026-07-27T09:48:47.730+09:00,"Kingさん、こんにちは！

Kingさんの人気もすごいですけど、
応援したくなる人が、こんなに集まるのもすごいですね😲

いつもありがとうございます✨"
nc18e4bd82a8b0,ncdcdb643fe31,cdeef05ecbf030968e90bd577feaa6ef,和田けいた | 「あの頃の青春をもう一度」　リスタートアカデミー教授　兼　全力研究コーチ,smile_jumper,https://assets.st-note.com/production/uploads/images/142670336/profile_f746a660c4435f3add490cfb97c7aaac.jpg?fit=bounds&format=jpeg&quality=85&width=330,2026-07-27T07:15:48.064+09:00,"Kingさん
やっちゃいましたね（笑）
なんでも予想通りに物事が進んでいるとつい上手く進むことが当たり前になっちゃいますよね。
でも、そこからすぐに振り返って修正しようと行動に移されている点がすごいなと思いました。
私も見習いたいです！"
nc8f297c55499a,n378e8eef9539,e300d348198df62eea02ed041e1e9a55,つむじが２つ,regal_hound4274,https://assets.st-note.com/production/uploads/images/196231260/profile_fe42b94fee71f88c08b73583c1f29fe7.jpeg?fit=bounds&format=jpeg&quality=85&width=330,2026-07-27T08:16:35.426+09:00,"Kingさんのこういう振り返り、本当に素敵です😊✨

結果に満足せず、初心を思い出そうとする姿勢が、だからこそ多くの方に応援される理由なんだと感じました。

これからも「Kingさんらしさ」を大切に、素敵な発信を楽しみにしています🍀

私の記事もご紹介いただき本当にありがとうございます🙏😊"
nc374964b31278,n83f6bf8f2527,7ae61cdc36195b1d35747a2b6c31e755,MOMO,nice_falcon1638,https://assets.st-note.com/production/uploads/images/255901015/profile_6525db155d39a72703a0bea6883ea75b.jpg?fit=bounds&format=jpeg&quality=85&width=330,2026-07-27T12:13:50.081+09:00,"Kingさん、こんにちは！

勉強になります☺️
3層構造…メモしないと

これからもよろしくお願いします♡"
nc7ac081949eac,nfa8d47a22c3a,6fd29fda6ffa9ad0627f9cc027e61e7b,中年ジャンプ＠誰もが裕福になれる🌈フォロバ100,chuunen_jump,https://assets.st-note.com/production/uploads/images/198636827/profile_23ea349dd5cba1b217ce33c09847b5ae.png?fit=bounds&format=jpeg&quality=85&width=330,2026-07-27T15:35:17.852+09:00,"Kingさん、

私の記事をマガジンでご紹介いただき、ありがとうございます。
このご縁に感謝します😊
これからもよろしくお願いいたします🙇‍♂️"
nca8fd42884683,n46a609c5dfb9,aa396818ce9b68951cae09c5b738014e,Torori（とろり）🌱 毒親育ちへ「心穏やかな恋」を届ける人【フォロバ100】,torori_20260101,https://assets.st-note.com/production/uploads/images/242495675/profile_d6bfee66de6dbec64ca70c2649f987aa.png?fit=bounds&format=jpeg&quality=85&width=330,2026-07-27T15:13:40.917+09:00,"Kingさん

ステキなご紹介ありがとうございます(^^)

この企画で、これだけチップが集まるのすごい！！

人気なのが、良く分かる記事でした。

私もファンの一人なので、陰ながら応援しています🌱"
ncd2dab4f551e2,n378e8eef9539,ca17527cfe63f65cebf3883988786b79,donchan1962,donchan_13,https://assets.st-note.com/production/uploads/images/293072442/profile_8b6499ff1096e660ee01f82b8898b1ec.jpeg?fit=bounds&format=jpeg&quality=85&width=330,2026-07-27T15:02:05.060+09:00,"こんにちは。
いつもありがとうございます
記事、マガジンへの追加、感謝申し上げます"
ncd213eaaaee7c,n07f4fe321ee9,ca17527cfe63f65cebf3883988786b79,donchan1962,donchan_13,https://assets.st-note.com/production/uploads/images/293072442/profile_8b6499ff1096e660ee01f82b8898b1ec.jpeg?fit=bounds&format=jpeg&quality=85&width=330,2026-07-27T16:50:00.682+09:00,"こんにちは。
いつもありがとうございます
記事、マガジンへの追加、感謝申し上げます"
nc5a9936a7bd30,ncc1828affef3,65a298dd59a00428ac05fce568d8bdbd,松風みき,rapid_hyena8571,https://assets.st-note.com/production/uploads/images/280266907/profile_86d734756ec0fe2d4cf5568f3b0b1082.jpg?fit=bounds&format=jpeg&quality=85&width=330,2026-07-27T16:32:17.273+09:00,いつも読んでいただきありがとうございます。転校生ｓさんも載せて頂き有難うございます。
nc4ee128fea771,nfa8d47a22c3a,f96d8d9575dad5d5670816ae1d54f48c,おーちゃん,brave_racoon6208,https://assets.st-note.com/production/uploads/images/265075393/profile_a4072d8e9748600da58942f1ccba6fd7.png?fit=bounds&format=jpeg&quality=85&width=330,2026-07-27T17:30:23.235+09:00,"Kingさん、こんにちわ🌟
記事をマガジンに追加して頂き、ありがとうございます💖とても励みになります。"
nca37803335a89,nfa8d47a22c3a,75e6f17acf56ca669b6b1e3f622b124c,Jinsei,major_eel3138,https://assets.st-note.com/production/uploads/images/181354648/profile_0198c46355ca3bcf7c08ab2a8a0ebe5e.jpg?fit=bounds&format=jpeg&quality=85&width=330,2026-07-27T17:00:17.747+09:00,"こんにちは。

この度は、作品をマガジンに取り上げて頂き、ありがとうございます。

たくさんの方に読まれるチャンスを頂けて、感謝申し上げます😊

引き続き、丁寧な創作をしていきますので、よろしくお願いします🙏"
ncb15ceb0e7e6d,n46a609c5dfb9,d29c2432624c1087ec7f89cc2f079dbe,美咲サヤ,crisp_gecko6337,https://assets.st-note.com/production/uploads/images/285251414/profile_bae91b069531c89747d86f8afb8c6bff.jpeg?fit=bounds&format=jpeg&quality=85&width=330,2026-07-27T19:01:01.198+09:00,"Kingさん、こんばんは。

この度もマガジンに追加していただきありがとうございます！
いつもありがとうございます！

Kingさんは優しくて、カリスマ的で、素敵ですね✨✨"
ncf2a5b2e7abc4,n46a609c5dfb9,6c5718f0559167163536f432fea246be,かみん,mi_0716,https://assets.st-note.com/production/uploads/images/262988443/profile_5a103c8c3708f35983a127cdfd7f9972.png?fit=bounds&format=jpeg&quality=85&width=330,2026-07-27T20:33:48.784+09:00,"Kingさん、こんばんは🌙
いつもスキ、マガジンに追加していただき、ありがとうございます❣️

これだけチップが集まるのは、Kingさんの人徳ですね☺️✨
すごいです😮！"
nc72195fe34368,ncdcdb643fe31,031a96c67c576e3bfc12a86d2606bd97,ココミチ＠ゆきの,hot_mink9599,https://assets.st-note.com/production/uploads/images/212559417/profile_9dbf6c222d0c87810aeff185afbd7f95.jpg?fit=bounds&format=jpeg&quality=85&width=330,2026-07-27T20:43:20.380+09:00,"Kingさん、こんばんは

数字への戸惑いを
素直に見つめ直しながら
書きたい衝動を大切にされる姿に
ふわりと心が軽くなりました

「断ることにした夜に」をはじめ
三篇もマガジンへ迎えてくださり
ありがとうございます

数字と少し距離を置いても
書く手だけは止まっていないこと
それだけで、もう十分な気がしています

ゆきの"
nc118686869949,n2bd2816b75b0,221ac2c3d50787b88e77f30111d49e57,てらす｜不登校から大学受験　　ASD パニック障害の記録,hiyokehiyo,https://assets.st-note.com/production/uploads/images/221157900/profile_64d666d2410a7e45c9b6519032c0aa66.png?fit=bounds&format=jpeg&quality=85&width=330,2026-07-27T22:51:36.799+09:00,"Kingさん
こんばんは

いつも、マガジン追加を本当にありがとうございます✨
改めて、偏差値８０って、、
カッコよすぎです✨✨
"
nca31512e9c32e,n0cd838543b93,0532f1f5e7fe9be7936959a7a43a5e10,おとの部屋,otonoheyapiano,https://assets.st-note.com/production/uploads/images/236404075/profile_145eacb40a09fac1855e00a8101c2307.png?fit=bounds&format=jpeg&quality=85&width=330,2026-07-27T20:44:05.759+09:00,"こんばんは🌙* :ﾟ

Kingさん👑 
ありがとうございますஐ♬.*ﾟ"
nc0cfa862fa8a7,nfa8d47a22c3a,fe6a3dfbf579f7f9f0eadb36aa5260ab,しずく,lucky_ram4890,https://assets.st-note.com/production/uploads/images/270484515/profile_f2deb3775d1acb5fb6b143d8ce8fd4b7.png?fit=bounds&format=jpeg&quality=85&width=330,2026-07-28T00:33:15.852+09:00,"kingさん
夜分に失礼します🙇‍♂️

再びマガジン追加していただき、ありがとうございます☘️

kingさん、皆さんからの信頼がすごいです。
お人柄なのですね✨

皆さんと繋がりを持たせてくださり感謝です😊

"
ncb1e88a78df95,n2bd2816b75b0,5ff0c3616643eccfc6ab49c71b43b039,かすみさき||前悪ゼンワル【フォロバ】,kasumi_saki,https://assets.st-note.com/production/uploads/images/272379661/profile_4a745d7bb12e798d7a02830e7a85479a.png?fit=bounds&format=jpeg&quality=85&width=330,2026-07-27T23:25:11.933+09:00,"Kingさん、こんばんは🌙
記事にスキ、マガジンへの追加ありがとうございます✨
もうすぐnoteはじめて3か月になります、半年めざしてがんばります🎉"
nc0702d6a72949,nfa8d47a22c3a,c14d4c6b5a0c0c79d0aad89f06da6710,ふらつき母ちゃん│脊髄小脳変性症ですが何か⁉️,dear_viper3924,https://assets.st-note.com/production/uploads/images/293302621/profile_2b4e0fbf17f8b6a398b56f00eaa99953.png?fit=bounds&format=jpeg&quality=85&width=330,2026-07-28T09:54:23.995+09:00,"Kingさん
マガジンへの仲間に入れてくださり、ありがとうございます

たくさんの人と繋がるチャンスを与えてくださったことに、メチャクチャ感謝しています(ㅅ ॑꒳ ॑*)♡

これからも仲良くしていただけると嬉しいな💕"
nc93459492a596,ncd29a54b2113,11054e3e9cb501d2d2a4dc9e1bf42edc,にゃんきち,hikaru_no_yume72,https://assets.st-note.com/production/uploads/images/256178434/profile_8e71e912cc7e2e050df493e53f7e66ef.png?fit=bounds&format=jpeg&quality=85&width=330,2026-07-28T10:53:13.309+09:00,"面白すぎるーーーーっ🤣🤣🤣
これは…押さないと損でしよ🤭"
nc0dfd950b4b11,nfa8d47a22c3a,96cb5fc4d2ebf74854e4cef7f78f76b3,シロツメクサにワタシ🕊️🍀✨🐬🌕🎻,sirotumekusa2ma3,https://assets.st-note.com/production/uploads/images/281951900/profile_1b10f7bceb6eb037d8e0c4947a56ceda.png?fit=bounds&format=jpeg&quality=85&width=330,2026-07-28T19:16:25.325+09:00,"kingさん

ワタシの記事を
お大切なマガジンへ
素晴らしい皆様と共に
ご相席賜り
感謝いっぱいです🕊️🍀✨

ありがとうございます✨️🌱"
nc5030b3e6ac75,nfa8d47a22c3a,75e6f17acf56ca669b6b1e3f622b124c,Jinsei,major_eel3138,https://assets.st-note.com/production/uploads/images/181354648/profile_0198c46355ca3bcf7c08ab2a8a0ebe5e.jpg?fit=bounds&format=jpeg&quality=85&width=330,2026-07-28T18:44:09.542+09:00,"Kingさん

こんばんは🌛

私の作品をマガジンに追加して頂き、ありがとうございます😊

とても励みになります。
今後ともよろしくお願いします🙏"
nc96b405c0c63a,nfa8d47a22c3a,d29c2432624c1087ec7f89cc2f079dbe,美咲サヤ,crisp_gecko6337,https://assets.st-note.com/production/uploads/images/285251414/profile_bae91b069531c89747d86f8afb8c6bff.jpeg?fit=bounds&format=jpeg&quality=85&width=330,2026-07-28T18:04:40.356+09:00,"Kingさん、こんばんは。
早速のマガジンに追加していただきありがとうございます！

いつも感謝感激です💦😂"
nc6dcf33b29662,n46a609c5dfb9,f96d8d9575dad5d5670816ae1d54f48c,おーちゃん,brave_racoon6208,https://assets.st-note.com/production/uploads/images/265075393/profile_a4072d8e9748600da58942f1ccba6fd7.png?fit=bounds&format=jpeg&quality=85&width=330,2026-07-28T18:51:51.455+09:00,"Kingさん、スキ💖マガジンに追加して頂き、ありがとうございます😊こんな有名な方のマガジンに追加してもらえて、光栄です。

チップランキング、呼びかけると実際に集まっちゃうのが、スゴイです。丁寧に記事を紹介される様子が素敵だな、と思いました。"
ncc7a117aa08d7,n1f7cfeb6e705,ca17527cfe63f65cebf3883988786b79,donchan1962,donchan_13,https://assets.st-note.com/production/uploads/images/293072442/profile_8b6499ff1096e660ee01f82b8898b1ec.jpeg?fit=bounds&format=jpeg&quality=85&width=330,2026-07-28T17:10:16.871+09:00,"こんにちは。
いつもありがとうございます
記事、マガジンへの追加、感謝申し上げます"
nc5ca05302d858,nfa8d47a22c3a,8685d462a5c8fb8ec298319272fdc475,umi｜1日10捨てde整う,umi_totonou,https://assets.st-note.com/production/uploads/images/288304323/profile_54ef0820a7bfae6011f4bbb525fddb7f.jpg?fit=bounds&format=jpeg&quality=85&width=330,2026-07-28T21:24:43.408+09:00,"Kingさん、
はじめまして、umiと申します。

私の記事を素敵なマガジンに追加していただき、ありがとうございます！！
励みになります✨

また皆さんの記事も拝見しにまいりますね。
これからもよろしくお願いいたします。


"
nc69b5c37ffc7c,n900ca451a86d,209f3701abc5bae89b6dd62898c7916a,コンパス みき✨️好きのタネ🌱‬‪を育てる案内人,compass_m360,https://assets.st-note.com/production/uploads/images/253440713/profile_8b36220be6950ce90264f78d2b308c75.png?fit=bounds&format=jpeg&quality=85&width=330,2026-07-28T22:43:30.007+09:00,"Kingさん、こんばんは。
熊本映像で見るとすごいですね。
親戚がご無事でよかったです。
福岡の親戚も怖かったーと連絡ありました。
優しい気遣い素敵です。"
ncaa2211a1b5d7,n900ca451a86d,40776d9317ad3115070b5f567b47db2f,Rogers,clean_mango735,https://assets.st-note.com/production/uploads/images/254327635/profile_1adff887ef71ffa855a2f6da783e3c5e.jpg?fit=bounds&format=jpeg&quality=85&width=330,2026-07-28T21:50:54.873+09:00,"kingさま、こんばんは。
Rogersも、熊本のクリエイターから返信コメント
先ほど頂きました。

仕事中に、みんなのスマホが一斉に鳴り…
グラグラと地震がきたそうです。
今のところ大丈夫とのことひと安心です。

kingさまの、親戚の方々も無事とのこと安心しました。
明日も、良き一日をお過ごしください。♪♪✨✨"
ncecbca98318f7,n900ca451a86d,4d7884c1cad8153895dadb71ec1606cb,こーき｜心が少し軽くなる場所,i_am_151cm_boy,https://assets.st-note.com/production/uploads/images/236560109/profile_28f1fb163081001f12afa3f21b0dc40a.png?fit=bounds&format=jpeg&quality=85&width=330,2026-07-28T21:32:53.980+09:00,"Kingさん！！

ひとまずKingさんの親戚の方がご無事で何よりです！！

安心しました！！

先程は心配のメッセージも本当にありがとうございました！！"
nc66cf2de35534,n900ca451a86d,58e8718b82d8bb24a98faa2e3b12b526,たび.　,51shinya,https://assets.st-note.com/production/uploads/images/298375642/profile_0063b0d3235d208d9b3f82083820469b.png?fit=bounds&format=jpeg&quality=85&width=330,2026-07-28T21:30:50.758+09:00,"ホントにみなさんのご無事を祈ります。

イオンモールの件がすごく心配です・・"
nc03d5408f7f42,n900ca451a86d,c4ac270dc7481e0665ab7bf8c2ceafa0,yoちゃん｜人生迷子のアラフォーOL,ksyyy,https://assets.st-note.com/production/uploads/images/279470465/profile_777275ca763868d309f35bcf79988cc6.png?fit=bounds&format=jpeg&quality=85&width=330,2026-07-28T21:20:25.956+09:00,"皆さんご無事でありますように。
この暑さなのですごく心配です。"
ncaa63ef883b65,n900ca451a86d,bd6881b17845a554ea791e5557b79b7a,さんみ～＠ヤングケアラー２５年の人生,bobusanmi1224,https://assets.st-note.com/production/uploads/images/4620903/profile_89e247ec25f892b6133264485871d760.png?fit=bounds&format=jpeg&quality=85&width=330,2026-07-28T21:14:29.974+09:00,こんばんは。親戚と連絡はとれましたか💦
nc83a154a085e6,n46a609c5dfb9,78376ee2a13f87a68be09b41f4fcf1be,津田祐希（ゆきてぃ）,love_peace_2023,https://assets.st-note.com/poc-image/manual/preset_user_image/production/i1bbf72cee783.jpg,2026-07-28T21:04:41.913+09:00,"Kingさん
チップランキングなるものをはじめてみました。
すごいです。

マガジンにも入れて頂き
ありがとうございました。"
ncf22748a451d0,ncdcdb643fe31,78376ee2a13f87a68be09b41f4fcf1be,津田祐希（ゆきてぃ）,love_peace_2023,https://assets.st-note.com/poc-image/manual/preset_user_image/production/i1bbf72cee783.jpg,2026-07-28T19:43:00.547+09:00,"Kingさん
正直なお気持ち、みんなに伝わりました。

マガジンにも入れて頂き
ありがとうございました。"
nc471c9d30fe9f,n900ca451a86d,510984e5ac67a7144de8ba1d073dd0a5,LOVEちゃん♡,quiet_teinei,https://assets.st-note.com/production/uploads/images/281631027/profile_f6409e39b7f95ff3f230ceb2b3138873.png?fit=bounds&format=jpeg&quality=85&width=330,2026-07-29T01:59:18.992+09:00,"また大きな地震ですね🥲
私のところは影響無いようです🌸"
nc243c3dcba349,n900ca451a86d,bafeafa3be58223f78700aa6ca83d4a6,令和　舞,karisuma_mai,https://assets.st-note.com/production/uploads/images/234789263/profile_b88eee04a293b6ffb436e21f045323d3.png?fit=bounds&format=jpeg&quality=85&width=330,2026-07-29T01:15:58.503+09:00,"ご親戚の方がご無事で安心でしたね🙏

311を思い出して…
怖くて怖くて…"
nc071bfd1ee246,n900ca451a86d,fdfcb42dbb3ca6a92977feeb331299bf,ヤマコヤーマン,yamayamako3,https://assets.st-note.com/production/uploads/images/264908732/profile_22f5b0d83f87ee87628a50db08f251bb.png?fit=bounds&format=jpeg&quality=85&width=330,2026-07-29T00:30:13.463+09:00,親戚の方々がご無事でよかったです…！実家が九州、という友人が多いので、連絡しまくってました…
nc55e7cf7c5686,n900ca451a86d,ceb2b2dddafd6863d8106b7008e34ac0,mimi｜生き延びるための静かな考察,noted_beetle177,https://assets.st-note.com/production/uploads/images/282211059/profile_18983e058a211095cabe67891fd8784c.png?fit=bounds&format=jpeg&quality=85&width=330,2026-07-28T23:46:03.335+09:00,"Kingさん、こんばんはvv
ご親戚の方々がご無事でよかったです🙏
久方ぶりの7クラスでしたね💦
熊本、九州の皆様が、少しでも心安らげるひと時を過ごせますように✨😣"
nccae6f5d29f39,n900ca451a86d,7f68065e2b70f53b4a2200413d2f3350,いちごもん🍓,ichigo_mon,https://assets.st-note.com/production/uploads/images/295378028/profile_06adc6977d55c4dda0079472fdcac17b.png?fit=bounds&format=jpeg&quality=85&width=330,2026-07-29T03:17:16.843+09:00,"Kingさんの、熊本の親戚の方無事で良かったです。
私も親戚とクライアントさんが熊本で、安否確認取れました。
暑いからライフラインが無事だといいのですが…🙏
熊本の方々が心穏やかに過ごせますように。"
nc80014e19fa4b,nfa8d47a22c3a,4fd32080fa3fbfa94068abdf1fd76ff4,おいしい挑戦ノート,human_vole5961,https://assets.st-note.com/production/uploads/images/218229376/profile_a4b79f7dde5f6ac8cc41549a271c78b1.png?fit=bounds&format=jpeg&quality=85&width=330,2026-07-29T10:03:01.395+09:00,"Kingさん、はじめまして😊
サイトマップを拝見して、Kingさんの世界観がとても分かりやすく伝わってきました。初めての方にも優しい素敵な記事ですね。
そして私の記事をマガジンに追加していただき、ありがとうございました✨
これからも記事を楽しみにしています。今後ともよろしくお願いいたします。"
nc4bfd8a1e3bfd,n900ca451a86d,fe6a3dfbf579f7f9f0eadb36aa5260ab,しずく,lucky_ram4890,https://assets.st-note.com/production/uploads/images/270484515/profile_f2deb3775d1acb5fb6b143d8ce8fd4b7.png?fit=bounds&format=jpeg&quality=85&width=330,2026-07-29T12:00:39.749+09:00,"kingさん
ご親戚の方、ご無事で何よりです。
この暑さなので、ご心配ですよね。
1日でも早く安心して過ごすことができるよう、国に頑張って欲しいです。
"
nc649959715979,n900ca451a86d,e65e22817ad54324715fc4bc5882ae3b,まんまる,psyshin,https://assets.st-note.com/production/uploads/images/269144961/profile_2ddd16bbb0f86761640576ac43019453.png?fit=bounds&format=jpeg&quality=85&width=330,2026-07-29T10:42:20.883+09:00,"Kingさん
またまた記事をピックアップしていただき有難う御座います！
熊本の地震ビックリしました。8月上旬に猛烈な台風も上陸する可能性があるようですし心配です。"
nc785c0f604840,n900ca451a86d,b60c6006e6818a147458dad11e6bc89f,瀬海歩（せかいあゆむ）,sekaiayumu25,https://assets.st-note.com/production/uploads/images/251395522/profile_6cb1552f68e13741419dd072f35f914e.jpg?fit=bounds&format=jpeg&quality=85&width=330,2026-07-29T09:52:58.087+09:00,"Kingさん
おはようございます☕️✨️
昨日は存在をお気づかいいただきありがとうございます。Kingさんの御親戚もご無事で何よりです☺✨️"
nce648bde68805,nfa8d47a22c3a,7b6a16e220e24b865a7dc1b8903204d8,Tailwind,notetailwind,https://assets.st-note.com/production/uploads/images/232452216/profile_3e8d53425770651362c399464e64c687.png?fit=bounds&format=jpeg&quality=85&width=330,2026-07-29T15:28:54.803+09:00,"King さん、初めまして。
Tailwind と申します。
マガジンに追加して頂いてありがとうございます🍀
よろしくお願い致します☺"
nc202f74cfe95e,n900ca451a86d,ea49ccb050923c8f32c4df30d3aafa4a,ママ薬剤師HONO,hospital_ph_hono,https://assets.st-note.com/production/uploads/images/298270124/profile_2b6c611d443055ec415082ce8c69d90c.png?fit=bounds&format=jpeg&quality=85&width=330,2026-07-29T13:58:40.931+09:00,"Kingさん、こんにちは。

ご親戚、ご無事でよかったです。
私の記事も入れてくださってありがとうございます。

この暑さで、体調の方も不安ですね…
１日でも早く安心して過ごすことができるようにと、願わずにいられません💦"
ncd19d783c12ac,n900ca451a86d,aa396818ce9b68951cae09c5b738014e,Torori（とろり）🌱 毒親育ちへ「心穏やかな恋」を届ける人【フォロバ100】,torori_20260101,https://assets.st-note.com/production/uploads/images/242495675/profile_d6bfee66de6dbec64ca70c2649f987aa.png?fit=bounds&format=jpeg&quality=85&width=330,2026-07-29T12:43:16.891+09:00,"Kingさん

こんにちは🌱

御親戚、無事で良かったですね💦

ここ最近、地震が多くてちょっと怖いなぁ・・と思っています💦

東京に住んでいるのですが、そろそろ直下型地震、来るかなぁ・・(´；ω；｀)"
nccddc45b6e429,n900ca451a86d,4192103d183ed121ae476f26f5beeacd,ｓｅｏｒｉ🧚‍♂,alert_flea4300,https://assets.st-note.com/production/uploads/images/295621476/profile_1a36531ff581438cbb66c5f40f1e9d83.jpg?fit=bounds&format=jpeg&quality=85&width=330,2026-07-29T17:17:01.771+09:00,"Ｋｉｎｇさん🧚‍♂


地震大丈夫だったよ！！😉

龍神🐉様　エネルギー✨加速し過ぎてます
ハロ🌈　マガジン載せて下さって　感謝💕
致します


龍神🐉　エネルギー✨　皆さんに　受け取って　もらいたいです😊


いつも　ありがとう💜　ございます🙏


これからも　宜しくお願いします🌿"
nc9951313db367,n900ca451a86d,0a190b2a1490ace96d668b7243df84fc,『本当の自分に出会う100の法則』まなび,miracle_tarot315,https://assets.st-note.com/production/uploads/images/249470009/profile_45cd99b5e01b52738ef63d2120073cf9.png?fit=bounds&format=jpeg&quality=85&width=330,2026-07-29T22:11:31.665+09:00,"Kingさん
いつもマガジン追加ありがとうございます。

私も、親戚やいとこがガス爆発を起こしたイオンモールの近所に住んでいるので
心臓がバクバクしましたが、みんな無事でした。

それにしても、最近、熊本地震多いですね。
1日も早い復旧を祈っています。"
ncda202ca2a3a5,n900ca451a86d,1924f3622a98065425dd82f27ebc8718,きおくのかけら,lively_toucan534,https://assets.st-note.com/production/uploads/images/275185500/profile_ee9b4e90a4a95c31ecc31cc2eb8cc09d.png?fit=bounds&format=jpeg&quality=85&width=330,2026-07-29T21:33:48.614+09:00,"Kingさん
マガジン追加ありがとうございます。

ご親戚の方、無事で何よりです。
余震と暑さで体調を崩しませんよう願っています。

"
nc9df0ff603d95,n900ca451a86d,ca17527cfe63f65cebf3883988786b79,donchan1962,donchan_13,https://assets.st-note.com/production/uploads/images/293072442/profile_8b6499ff1096e660ee01f82b8898b1ec.jpeg?fit=bounds&format=jpeg&quality=85&width=330,2026-07-29T19:49:03.076+09:00,"こんばんは🌇。
いつもありがとうございます。
記事、マガジンへの追加、感謝申し上げます。
九州のご親戚大丈夫でしたか。
稀に見ない大地震でしたね。"
nc11309a5ebb9c,n900ca451a86d,4a5abb8e8138fd6fbf5799cac2ec7926,コウヅキ ハナエ,hanaekaki,https://assets.st-note.com/production/uploads/images/262131492/profile_a2318ddf53f035c1f7d54b13c898e0e0.png?fit=bounds&format=jpeg&quality=85&width=330,2026-07-29T23:08:53.884+09:00,"Kingさん、こんばんは

ご親戚がご無事で何よりでした。私も友人に確認し、無事だったので一安心です。

後は強い余震が無く、未だ安否不明の方々が無事である事を願うばかりです。"
ncd644be630d0b,nfa8d47a22c3a,10b6a01cab2e8333891d0a52c9308752,月が綺麗ですね,great_shark9325,https://assets.st-note.com/production/uploads/images/257275284/profile_60facf29c58d7534bf2094f0993df55c.png?fit=bounds&format=jpeg&quality=85&width=330,2026-07-30T06:38:08.087+09:00,"Kingさん、おはようございます☀️
珍しくこちらから…🤭
いつもマガジンに追加してくださり、ありがとうございます✨
とてもお忙しそうにお見受けします💦
ご無理なさらないでくださいね🌛✨
水分補給もお忘れなく🤭"
ncdea11d0c721c,n900ca451a86d,78376ee2a13f87a68be09b41f4fcf1be,津田祐希（ゆきてぃ）,love_peace_2023,https://assets.st-note.com/poc-image/manual/preset_user_image/production/i1bbf72cee783.jpg,2026-07-30T11:22:42.698+09:00,"Kingさん
ご親戚が大丈夫でよかったです。
被災された皆様に心より
お見舞い申し上げます。

また
マガジンにも入れて頂き
ありがとうございました。"
ncd5b934f72590,n900ca451a86d,c0ed9eaa86e907feaa1c4b6dfe48c4b3,Micchi,real_iris7290,https://assets.st-note.com/production/uploads/images/209562465/profile_442a9aacc1463b5d33a77640ba7ab143.jpeg?fit=bounds&format=jpeg&quality=85&width=330,2026-07-30T09:23:41.050+09:00,"Kingさん　おはようございます😊
マガジンへ追加していただき、ありがとうございます❣️
ご親戚の方が大丈夫とのこと、何よりですヾ(๑╹◡╹)ﾉ""
震災の影響のあった熊本、九州すべての方々に、1日も早く
安心と平穏の日々が戻りますことを、心よりお祈りしております🙏

災難が小難に、小難が無難に、なりますよう、、、
北海道から、海🌊を越え山⛰️を越え、想いをお届けいたします💞✨

ありがとうございました🤗"
nc2cb9b7f5951c,ncdcdb643fe31,e300d348198df62eea02ed041e1e9a55,つむじが２つ,regal_hound4274,https://assets.st-note.com/production/uploads/images/196231260/profile_fe42b94fee71f88c08b73583c1f29fe7.jpeg?fit=bounds&format=jpeg&quality=85&width=330,2026-07-30T06:37:03.784+09:00,"Kingさんらしいオチに思わず笑ってしまいました🤣

でも、321スキという結果以上に、これだけ多くの方のマガジンで紹介されていることが、本当に記事が届いている証拠ですね✨

失敗まで笑いに変えてしまうところ、さすがKingさんです😊

私の記事もご紹介いただき本当にありがとうございます🙏😊"
ncf8dd984113be,n53ff622191fd,a3bcc411a4c251239d492b2f079f5870,やも｜ウェディングドレスを着ます,yamo_note,https://assets.st-note.com/production/uploads/images/258648405/profile_ee869852783a5a9a11d34fd10d919f33.png?fit=bounds&format=jpeg&quality=85&width=330,2026-07-30T15:49:06.346+09:00,"きんさん、ご親戚の熊本は大変なことでした。
ご心配、ご心痛いかばかりかとお察しいたします。

微力ながら寄付させていただきます。"
ncb1d40ef87aa9,n53ff622191fd,fdfcb42dbb3ca6a92977feeb331299bf,ヤマコヤーマン,yamayamako3,https://assets.st-note.com/production/uploads/images/264908732/profile_22f5b0d83f87ee87628a50db08f251bb.png?fit=bounds&format=jpeg&quality=85&width=330,2026-07-30T15:45:41.038+09:00,"Kingさん
今月も毎回マガジンに追加してくださり、本当に本当に本当にありがとうございますだ！
私も寄付してきます！"
nc6ec1ac4cefee,n53ff622191fd,5508700edb404d2e2f6a51392740c13f,うんちゃん,unchan_happy,https://assets.st-note.com/production/uploads/images/257235286/profile_475dad44453374efcfa12df396d14689.png?fit=bounds&format=jpeg&quality=85&width=330,2026-07-30T15:29:34.616+09:00,"Kingさん、
今月もありがとうございました。
はしゃもさんの分析ツール、すごいですね！

熊本にご親戚がいらっしゃるのですね。

自治体の義援金情報、ありがとうございます🙏
この前ヤフー経由で寄付してしまい、自治体に直接送ればよかった…と思っていたので、タイムリーでした。ほんのわずかですが、Kingさんのお陰で追加で応援できました。"
ncb02160512eb1,n53ff622191fd,ca17527cfe63f65cebf3883988786b79,donchan1962,donchan_13,https://assets.st-note.com/production/uploads/images/293072442/profile_8b6499ff1096e660ee01f82b8898b1ec.jpeg?fit=bounds&format=jpeg&quality=85&width=330,2026-07-30T15:26:21.395+09:00,"凄い、おかげさまで半周年✌️で、この数字は、ラッキー✌️でもなく、kingさんの人柄と、取り巻く環境ですね。
被災地の方々、本当に胸が痛いです。
私は、今日の午前中に両親のお墓参りに行きましたが、川越駅の前に募金活動をしていた方々に募金をしたのは良いですが、駅の改札口を通り抜けたら、Wi-Fiが突然切れて、バックがないことに気づき、アンラッキーで、トホホになりました。
その後探しまくったら、バスの中にあって、暑い中、1万2千歩も歩きました。
何かあれば、また、募金活動をしたいと思います。
トホホ💦"
nc7a9bd12bcd06,n53ff622191fd,d935afcef3d45372668600a97b8eea46,天野 雫,proper_bonobo536,https://assets.st-note.com/production/uploads/images/252856370/profile_866f40df26780c146ef9459cf81a675c.png?fit=bounds&format=jpeg&quality=85&width=330,2026-07-30T15:02:29.612+09:00,"Kingさん

そして、なかなか濃厚な振り返りですね！
さすがです✨️

地震、大変でしたね💦
ご無事で何よりです。
私も微力ながら募金で応援しようと思います。
もし何かできる事があったら、遠慮なく言ってくださいね😊

そして…お目当てのものは、現在在庫を切らしております💦
後ほど、お届けしますね🩷🤣"
nce17e11e7db1a,n53ff622191fd,c57b90e88def472f75594cb7e1456444,龍神,tatsuopapa,https://assets.st-note.com/production/uploads/images/195297097/profile_8bc9db642d186cf7b66339af17c27bd2.png?fit=bounds&format=jpeg&quality=85&width=330,2026-07-30T14:58:44.321+09:00,"Kingさん

7月の歩みから、Kingさんと皆さまのご縁の深さが伝わってきました🐉🍀

実際に、Kingさんをきっかけに私のメンバーシップへ参加してくださった方も多数いらっしゃいます。

ご紹介で終わらず、大切なご縁を次へつないでくださっていることに、心から感謝しています。

いつも本当にありがとうございます☺️"
nccc196fe663b5,ncdcdb643fe31,ca17527cfe63f65cebf3883988786b79,donchan1962,donchan_13,https://assets.st-note.com/production/uploads/images/293072442/profile_8b6499ff1096e660ee01f82b8898b1ec.jpeg?fit=bounds&format=jpeg&quality=85&width=330,2026-07-30T15:43:14.141+09:00,"こんにちは。
いつもありがとうございます
記事、マガジンへの追加、感謝申し上げます。"
nc6ee5294e4641,nd3b15e59ffd1,7fe65c1862f422bfb2a7a5d98fbb942c,まりな,marina_days,https://assets.st-note.com/production/uploads/images/279040740/profile_45f4c447cad46a77f488d9ec5c5da19d.png?fit=bounds&format=jpeg&quality=85&width=330,2026-07-30T14:32:35.052+09:00,"Kingさん、こんにちは🌞

Kingさんのお気持ち、ありがたいです！

いつもマガジンに追加してもらっているおかげで、スキだけじゃなくてフォローしてくれる人まで出てきました

最初マガジンに追加してもらった時は、通知音にびっくりでした😆

いつも、ありがとうございます！"
ncdc5d6532a236,nfa8d47a22c3a,53c0f0b342eccd9789ea98526e218616,暮らしの整え相談室　ぽんまぁ,ponmaaa,https://assets.st-note.com/production/uploads/images/222294136/profile_4a6854bc4f0dd7b277b78f04de10d3be.jpeg?fit=bounds&format=jpeg&quality=85&width=330,2026-07-30T19:05:00.281+09:00,"kingさん、初めまして😊
マガジンに追加して頂きありがとうございます❣️
いろいろな方と交流できて嬉しいです✨よろしくお願いします😊"
nc035bf3264390,n53ff622191fd,cec4c608f21d7aa722cfc12802c896bf,MOON｜違和感の記録,dandy_sedum8677,https://assets.st-note.com/production/uploads/images/297235049/profile_3787ea4681c48b2f354181430c62e6fd.png?fit=bounds&format=jpeg&quality=85&width=330,2026-07-30T19:14:29.910+09:00,"Kingさん

AI分析、とても面白かったです✨
興味深く拝見しました。

そして、熊本地震への義援金、気持ちばかりですが寄付させていただきます。

ほかにも何かお力になれることがあれば、いつでもお声がけください。"
ncb8b37cd8d7b3,n53ff622191fd,d29c2432624c1087ec7f89cc2f079dbe,美咲サヤ,crisp_gecko6337,https://assets.st-note.com/production/uploads/images/285251414/profile_bae91b069531c89747d86f8afb8c6bff.jpeg?fit=bounds&format=jpeg&quality=85&width=330,2026-07-30T18:42:43.997+09:00,"Kingさん、こんばんは。

ご親戚は熊本だったのですね、、大変でした、、💦　
皆さんこれからも大変ですが、
お身体、ご無理なくお過ごし下さいますよう願っております。

そしてこの度も私の記事をマガジンに追加いただきまして、毎回、感謝申し上げます。

ありがとうございました🙇‍♀️"
nc9b15d28508e8,n53ff622191fd,13f03d3a1ec4a172a7084a791c8c4703,"あいさん💗Iカウンセリングルーム セラピスト／ 臨床心理士×公認心理師｜支援歴16年・2,000名超",joyful_zebra1701,https://assets.st-note.com/production/uploads/images/291954704/profile_fc1fbb946656267139e1f6e56d7d68ed.png?fit=bounds&format=jpeg&quality=85&width=330,2026-07-30T16:37:42.159+09:00,"Kingさん、こんにちは😊✨

「観測は続く。」のAI分析、本当にすごいですね！
Kingさんの記事は、内容だけではなく、「Kingさんが次に何をするのか」を皆さんが楽しみにしているという分析に、とても納得しました😆👍

特に、読むだけで終わらず、コメントや会話へとつながる温かなコミュニティができていることは、Kingさんが日頃から皆さんとのご縁を大切にされてきたからこそですね😌🌸🌿

私も使わせていただいていますが、自分では気づかなかった強みを言葉にしてもらえるのが面白いですよね✨

熊本にご親戚がおられるとのこと、心配も続いていると思います。
チップ企画の続編も、どうか急がず、Kingさんのペースで進めてくださいね。
8月のKingさんのご活躍も楽しみにしています😊💓
これからもどうぞよろしくお願いします🌈ᵕ̈*"
ncc45451d44911,n900ca451a86d,6c5718f0559167163536f432fea246be,かみん,mi_0716,https://assets.st-note.com/production/uploads/images/262988443/profile_5a103c8c3708f35983a127cdfd7f9972.png?fit=bounds&format=jpeg&quality=85&width=330,2026-07-30T18:27:05.666+09:00,"Kingさん、こんばんは🌙
ご親戚がご無事でよかったです。
1日もはやく安心できる環境と復興を祈っております。

マガジンへの追加も、いつもありがとうございます✨"
nc2311976fc516,nfa8d47a22c3a,fe6a3dfbf579f7f9f0eadb36aa5260ab,しずく,lucky_ram4890,https://assets.st-note.com/production/uploads/images/270484515/profile_f2deb3775d1acb5fb6b143d8ce8fd4b7.png?fit=bounds&format=jpeg&quality=85&width=330,2026-07-30T22:32:59.322+09:00,"kingさん
こんばんは。
いつもありがとうございます✨
お忙しいのですね😵

私は歳を追うごとに1日が、あっという間に終わってしまいます笑🤭
2度と来ない1日を大切に過ごしたいですね😌

今後ともよろしくお願いします☘️"
nc514887471c27,nfa8d47a22c3a,d8c62b2daf0be41ac51ae7c90f02b350,Red33,pink33,https://assets.st-note.com/production/uploads/images/276808256/profile_8935d9d0b675d65306048db3919669f4.png?fit=bounds&format=jpeg&quality=85&width=330,2026-07-30T21:50:55.151+09:00,"kingさん、はじめまして！Red33と申します！
マガジン追加ありがとうございます。

自分は普段オリジナル曲をネットに投稿する活動をしています。

まだ未聴でしたら、お暇な時にでも私のページから、または下のURLから聴いていただけると嬉しいです。
（感想いただけるとこれからの創作の糧になるので嬉しさ倍増！！！）

https://youtu.be/H9x_QSPqIlk?si=dArP89cXJZ_rujbr

https://www.youtube.com/watch?v=9QUbHEX6YCI

https://youtu.be/4lRLdmFY7vs?si=nLjuNuw9QLPzryb8
"
nc1236d8faa044,nfa8d47a22c3a,7d636b74310d9518143d8a9e3d1a2c30,水豊,lively_liger4115,https://assets.st-note.com/production/uploads/images/276207233/profile_51cbc6d87b83bfc771d22ac2045fbe59.jpeg?fit=bounds&format=jpeg&quality=85&width=330,2026-07-30T21:36:32.786+09:00,"初めましてkingさん
水豊です
ご挨拶遅れましてすみません
コメント慣れてなくて
マガジン追加ありがとうございました
これからもよろしくお願いします🐕"
nc03ef670d24f3,n53ff622191fd,0af9b366e7056bb35316462e699e0daa,じゅんのすけ,juicy_lynx3773,https://assets.st-note.com/production/uploads/images/264606998/profile_3edebb8ec7da186bb321afc081d561b0.png?fit=bounds&format=jpeg&quality=85&width=330,2026-07-30T20:53:49.443+09:00,"Kingさん、
分析すごすぎますね😲
もう立派なコミュニティ型
クリエイターですね😁

いつもマガジンへの追加、
ありがとうございます🙇"
nc9458b22e332a,n53ff622191fd,ceb2b2dddafd6863d8106b7008e34ac0,mimi｜生き延びるための静かな考察,noted_beetle177,https://assets.st-note.com/production/uploads/images/282211059/profile_18983e058a211095cabe67891fd8784c.png?fit=bounds&format=jpeg&quality=85&width=330,2026-07-30T20:13:12.902+09:00,"Kingさん、こんばんはvv
熊本での地震、ご親戚のみなさまのご無事と1日も早い平穏を心よりお祈り申し上げます。熊本地震への義援金のご案内もありがとうございます。何か出来れば嬉しい限りに思います。
AI分析もとても興味深く拝見しましたvv　Kingさんの周りに素敵な読者さんが集まる理由が詰まっていますね✨
遅れましたが、マガジン掲載ありがとうございます✨
"
nccbbea00173b4,n53ff622191fd,66bbb253e7d8b2ba486f4415f36ee785,Noa｜アイコン変更しました,noachan0617,https://assets.st-note.com/production/uploads/images/298929466/profile_ad4fecb15a309051e7a4b0731849d2b1.jpeg?fit=bounds&format=jpeg&quality=85&width=330,2026-07-30T19:31:23.034+09:00,"Kingさん
熊本の地震、ご親戚のみなさまのご無事を心からお祈りいたします。
お一人ずつ確認を取りながら丁寧に執筆されているKingさんの誠実さが、このアナウンスからも伝わってきます。
そんな状況の中、ご紹介いただきありがとうございます🙇‍♀️
AIの分析、秒単位でこれだけの深さが出るのは本当にすごいですね☺️✨
「内面を作品化したもの」に読者が反応など具体的に言ってくれるのはありがたいですね💕
来月もよろしくお願いします🌿"
nc86b822e7e4a6,n900ca451a86d,c1dfe5c6837c1c8dafb60f25a7fdcdc0,華子,genial_spirea716,https://assets.st-note.com/production/uploads/images/258028335/profile_2bb70ccccce23ac8888763e8a9d26ee2.jpg?fit=bounds&format=jpeg&quality=85&width=330,2026-07-30T20:10:16.857+09:00,小さな一歩に応援ありがとうございました。裾野が広がることで、被災地の方々にこんなに応援してもらってたんだって、いつか知ってもらえたらうれしいと思っています。水でるようになるまでまだまだかかるんだろうなぁ……😢
nc1812e29e5a06,ncdcdb643fe31,ca17527cfe63f65cebf3883988786b79,donchan1962,donchan_13,https://assets.st-note.com/production/uploads/images/293072442/profile_8b6499ff1096e660ee01f82b8898b1ec.jpeg?fit=bounds&format=jpeg&quality=85&width=330,2026-07-30T21:57:20.541+09:00,"こんばんは。
いつもありがとうございます。
記事、マガジンへの追加、感謝申し上げます。"
nc710aab4c89c9,n53ff622191fd,209f3701abc5bae89b6dd62898c7916a,コンパス みき✨️好きのタネ🌱‬‪を育てる案内人,compass_m360,https://assets.st-note.com/production/uploads/images/253440713/profile_8b36220be6950ce90264f78d2b308c75.png?fit=bounds&format=jpeg&quality=85&width=330,2026-07-30T23:17:34.363+09:00,"Kingさん、こんばんは✨

７月の振り返り面白かったです☺️
コングラ＆32,000回のスキおめでとうございます🎉

はしゃもさんのツール便利ですよね〜
私も愛用中でございます☺️

いつもありがとうございます❤️"
nc4ab9f5403829,n53ff622191fd,40776d9317ad3115070b5f567b47db2f,Rogers,clean_mango735,https://assets.st-note.com/production/uploads/images/254327635/profile_1adff887ef71ffa855a2f6da783e3c5e.jpg?fit=bounds&format=jpeg&quality=85&width=330,2026-07-30T22:46:30.459+09:00,"kingさま、こんばんは。
Rogersの投稿を引き続き、マガジンtysm:）に追加して頂き
心より感謝申し上げます。

7月の振り返り楽しく読ませていただきました。
そして、コングラ＆32,000回スキ達成おめでとうございます👏

創作大賞や半周年企画など盛りだくさんな１ヶ月
来月も、ワクワクする記事を楽しみにしています。

明日も、良き良き一日をお過ごしください。♪♪✨✨
"
nc3b2f8988d9ed,n378e8eef9539,1958f561bbf6129cb9f2040494224ce1,mangorind2,vivid_mangorind2,https://assets.st-note.com/production/uploads/images/221570775/profile_fc9ca2ed5cc5495344196df17b41d2b3.jpg?fit=bounds&format=jpeg&quality=85&width=330,2026-07-30T23:07:00.023+09:00,"Kingさん

このたびは、マガジンに追加してくださりありがとうございます。

「感覚のマヒ」、とても共感しながら読ませていただきました。

スキをいただけることは本当にありがたいのに、少しずつ数字に慣れてしまう感覚、ありますよね。

「数字病」と「数字無視病」という表現が、とても印象に残りました。

数字に励まされることもあるけれど、そこに振り回されすぎず、最初の頃の「書きたい」という気持ちも大切にしていきたいなと思いました。

そして、おまけの曲の「目的地に着くよりも行く道の方が楽しいだろう」という言葉も素敵でした。

素敵なマガジンに加えていただき、ありがとうございました😊"
nc0420ef85f35f,n53ff622191fd,6f99c57d9d90358b9c13ce851053fd17,蛍,nifty_tucan8721,https://assets.st-note.com/production/uploads/images/287194934/profile_1ab5a225caf2a682ee2e21c37b6c3932.png?fit=bounds&format=jpeg&quality=85&width=330,2026-07-31T05:34:18.713+09:00,"Kingさん　おはようございます😊
ちょっとこっちだと照れますな🤭

熊本での支援の輪が広がるといいですね。

Kingさんの振り返り　盛りだくさんで楽しいです。
私は熊本の友人が　子供達と見てるという連絡があって続けてます。

"
nc4228b45e8caa,nfa8d47a22c3a,358d4fe79054679dc15a777e5a849037,ぱぐぱぱん　絵本作家×牧場飼育員×保育士,pagupapan,https://assets.st-note.com/production/uploads/images/196800734/profile_5f005ef45e12eee572e6319b1b60cfc0.png?fit=bounds&format=jpeg&quality=85&width=330,2026-07-31T06:45:53.501+09:00,"Kingさん
こんにちは

この度はマガジン追加して頂きありがとうございます

イラストゆるくて可愛いですね✨️
またお邪魔させていただきますね"
nca8191a49b2a5,n53ff622191fd,aa396818ce9b68951cae09c5b738014e,Torori（とろり）🌱 毒親育ちへ「心穏やかな恋」を届ける人【フォロバ100】,torori_20260101,https://assets.st-note.com/production/uploads/images/242495675/profile_d6bfee66de6dbec64ca70c2649f987aa.png?fit=bounds&format=jpeg&quality=85&width=330,2026-07-31T11:18:42.095+09:00,"さすがKingさん。

この分析、めちゃくちゃおもしろいし、勉強になりますね＾＾

私、全く分析とか出来ない人間なので、頭が良くて羨ましいです✨️"
nc7323134f7c0b,n53ff622191fd,47ac127ec0bbe6902b9f372fd944ebf8,和田雄三｜AI×心理ブランディングデザイナー,glad_dill2129,https://assets.st-note.com/production/uploads/images/265848866/profile_b0e386a458b5c21f7f00921837c9ffad.png?fit=bounds&format=jpeg&quality=85&width=330,2026-07-31T10:12:56.819+09:00,"凄いデータ分析ですね✨

本アカでメンバーシップ入り直しました👍"
nce098e1affb99,n53ff622191fd,b60c6006e6818a147458dad11e6bc89f,瀬海歩（せかいあゆむ）,sekaiayumu25,https://assets.st-note.com/production/uploads/images/251395522/profile_6cb1552f68e13741419dd072f35f914e.jpg?fit=bounds&format=jpeg&quality=85&width=330,2026-07-31T08:27:02.805+09:00,"Kingさん
おはようございます☕️✨️

「やらかしました」
というタイトルが今までで一番引き寄せられました（笑）
素のKingさんの文章の時も好きになりました。本当に色んなKingさんがいて、多面的ですよね。これからも応援します☺✨️"
nc77959c5675ae,n53ff622191fd,ca17527cfe63f65cebf3883988786b79,donchan1962,donchan_13,https://assets.st-note.com/production/uploads/images/293072442/profile_8b6499ff1096e660ee01f82b8898b1ec.jpeg?fit=bounds&format=jpeg&quality=85&width=330,2026-07-31T07:00:14.048+09:00,"おはようございます
いつもありがとうございます
記事、マガジンへの追加、感謝申し上げます"
ncc61a705d6cef,ncdcdb643fe31,ca17527cfe63f65cebf3883988786b79,donchan1962,donchan_13,https://assets.st-note.com/production/uploads/images/293072442/profile_8b6499ff1096e660ee01f82b8898b1ec.jpeg?fit=bounds&format=jpeg&quality=85&width=330,2026-07-31T10:02:40.905+09:00,"こんにちは。
いつもありがとうございます
記事、マガジンへの追加、感謝申し上げます。"
nc0e5c79c0a715,n53ff622191fd,5ff0c3616643eccfc6ab49c71b43b039,かすみさき||前悪ゼンワル,kasumi_saki,https://assets.st-note.com/production/uploads/images/272379661/profile_4a745d7bb12e798d7a02830e7a85479a.png?fit=bounds&format=jpeg&quality=85&width=330,2026-07-31T15:35:36.796+09:00,"Kingさん、こんにちは✨
お弁当かすみです。
「弁当記事が伸びるよ」と分析してくださったこと、覚えていらっしゃいますか？
あれ、私、先週特にスキを～の「コングラ🎉」もらっていました。
いきなり画面に出てきて、消しちゃったんですけど...
スクショしとけばよかった😖🤧"
nc2cef247a8d2f,n900ca451a86d,221ac2c3d50787b88e77f30111d49e57,てらす｜不登校から大学受験　　ASD パニック障害の記録,hiyokehiyo,https://assets.st-note.com/production/uploads/images/221157900/profile_64d666d2410a7e45c9b6519032c0aa66.png?fit=bounds&format=jpeg&quality=85&width=330,2026-07-31T18:10:37.745+09:00,"Kingさん、
いつもマガジン追加をありがとうございます✨
自治体の義援金情報ありがとうございます。
これからずっと忘れずにいたいと思います。"
nc230a6523720e,ncdcdb643fe31,ca17527cfe63f65cebf3883988786b79,donchan1962,donchan_13,https://assets.st-note.com/production/uploads/images/293072442/profile_8b6499ff1096e660ee01f82b8898b1ec.jpeg?fit=bounds&format=jpeg&quality=85&width=330,2026-07-31T17:30:38.638+09:00,"こんにちは。
いつもありがとうございます
記事、マガジンへの追加、感謝申し上げます"
ncb431fb2f7e59,n53ff622191fd,1dd5cc6f11dc1d5e7c33c9ac01922824,keimama,keiko5066,https://assets.st-note.com/production/uploads/images/223953919/profile_de82aa306e133caf82b4ae253ad0173c.png?fit=bounds&format=jpeg&quality=85&width=330,2026-07-31T22:06:50.489+09:00,Kingさん、マガジン追加ありがとうございます～😊励みになります🍀
nc2c26f41fa544,n53ff622191fd,f124073c849b0b9f8e62e38c9693cb1f,🇯🇵🌸Sakura SUN☀🌐,legit_nerine9558,https://assets.st-note.com/production/uploads/images/294480225/profile_7925d9323f8ecc194e1770c33313231c.png?fit=bounds&format=jpeg&quality=85&width=330,2026-07-31T21:51:50.947+09:00,"Kingさん、はじめまして。

このたびは、私の記事「🇯🇵🌸日本社会を、透明に見つめ直す。🤖🔐🏭🌍」を素敵なマガジンに加えていただき、本当にありがとうございます。🌸🤍

今回の7月の振り返りも、とても興味深く拝読しました。数字を並べるだけではなく、読者との関係や記事ごとの役割まで丁寧に分析されていて、AIの活用方法としても大変勉強になりました。

また、介護をされながら、これだけ丁寧に文章を紡ぎ、読者の皆さんとのつながりを大切にされている姿にも、深い敬意を感じました。

感謝の気持ちを込めて、フォローさせていただきました。また、記事を読みに伺います。😊🌸"
nc7e95c032d212,n53ff622191fd,84725422db8ddb286fb3a293c306aebf,開運シェルパ,hanamiti369,https://assets.st-note.com/production/uploads/images/286658065/profile_51fafbf2b5a86f4432c7f61db5cf2dc5.png?fit=bounds&format=jpeg&quality=85&width=330,2026-08-01T09:07:27.709+09:00,「入口は普遍的、出口はKing独自」という言葉が、この記事全体の核心だと感じました。今回のAI分析が示したのは、テーマの選び方ではなく、Kingさんが書くこと自体が読まれる理由になりつつあるという構造の変化ですね。スキ300前後に対してコメントが70から100を超える記事が複数あるという非対称は、読者が記事を消費ではなく参加として受け取っている証拠です。5月に出会った読者の72%が数か月後も継続して反応しているという定着率も、その構造をよく裏づけていると思います。何を書いたかではなく、Kingさんが書いたという理由で読まれる。その段階に、すでに入りつつあると思います。。それは一度読んで終わりではなく、読む、スキ、コメント、会話、そして次の記事へという循環が成立している状態だと思います。「観測は続く。」が、その変化をデータとして可視化したことも、この記事の読みごたえにつながっていると感じました。普遍的なテーマで新規を呼び、Kingさん自身の思想でファン化し、参加型企画でコミュニティに定着させるという8月の3本柱は、その問いへの誠実な応答に見えました。
nce1829e0f6233,nfa8d47a22c3a,0ac8da2f5df6a1ac9a3c0bfbc48d2047,そらとうみ｜そらぴぃ,leal_tapir945,https://assets.st-note.com/production/uploads/images/256905642/profile_324cdd57af1b5dd5377849bdce6f1226.jpeg?fit=bounds&format=jpeg&quality=85&width=330,2026-08-01T21:24:34.906+09:00,"初めましてそらとうみです♪
kingさん✨
山奥メンバーシップに
来て頂きありがとうございます
又私の記事を
マガジンに追加してくださり
感謝します。

宜しくお願いします🙇‍♀️
"
ncde4afd46f8a7,nfa8d47a22c3a,aeef0e0943d87b171753e441e8ba79b2,ねこの青春日記,kaneko_seisyun,https://assets.st-note.com/production/uploads/images/183207041/profile_926b196f1e3c65bc39caca2565b4c748.jpg?fit=bounds&format=jpeg&quality=85&width=330,2026-08-01T19:44:41.977+09:00,"👑king様

私の🖊️記事の
マガジン追加

誠に
ありがとうございます。

今後とも
宜しお願い致します。

🙇

"
nc95901cccbec9,nfa8d47a22c3a,2b198914797630a8c99c6f87ccc7637a,こはる観測所｜音楽寓話と、ねこのおと。,kohalukansokujo,https://assets.st-note.com/production/uploads/images/297054920/profile_3071edff8d3bc0244d2e16a63a3f4e9e.png?fit=bounds&format=jpeg&quality=85&width=330,2026-08-01T22:18:29.429+09:00,"kingさん、お邪魔します。

山奥AI研究所に加入しました、こはると申します。
先生でいらっしゃるんですね。
沢山のコンテンツが並んでいて、びっくりしました😺✨
どれだけ同時進行していらっしゃるんでしょう💦

これから、どうぞよろしくお願いします🙇‍♀️"
ncf79e3c4c60c8,ncdcdb643fe31,ca17527cfe63f65cebf3883988786b79,donchan1962,donchan_13,https://assets.st-note.com/production/uploads/images/293072442/profile_8b6499ff1096e660ee01f82b8898b1ec.jpeg?fit=bounds&format=jpeg&quality=85&width=330,2026-08-02T12:58:03.420+09:00,"こんにちは。
いつもありがとうございます。
記事、マガジンへの追加感謝申し上げます。"
nc69f30e9219ed,n287917a0130f,0a190b2a1490ace96d668b7243df84fc,『本当の自分に出会う100の法則』まなび,miracle_tarot315,https://assets.st-note.com/production/uploads/images/249470009/profile_45cd99b5e01b52738ef63d2120073cf9.png?fit=bounds&format=jpeg&quality=85&width=330,2026-08-02T15:17:23.749+09:00,"キングさん😊
ポエムも俳句も楽しませていただきました✨

「朽ちてなお土に還り、こやしとなる」という一節、自然の循環の中で命がつながっていくような世界観が素敵ですね🌿

後半は思わず笑ってしまう一句も多くて、「AIに 印象問へば なお迷子」がお気に入りでした😆
楽しい記事をありがとうございました✨"
