note_key,magazine_key,first_seen_at
n00bab4344eda,m316601ae27a0,2026-01-09T22:28:04+09:00
n00bab4344eda,m97848c1bdf32,2026-01-09T22:28:04+09:00
n00bab4344eda,ma4f7761ee62b,2026-01-09T22:28:04+09:00
n00bab4344eda,ma8d107d9475f,2026-01-09T22:28:04+09:00
n00bab4344eda,mc7c43a9831f4,2026-01-09T22:28:04+09:00
n00bab4344eda,mc86c779585e3,2026-06-10T23:58:46+09:00
n00bab4344eda,me0a7e3361736,2026-01-09T22:28:04+09:00
n00cc70d931ae,m3dae738ba1c1,2026-06-21T17:36:57+09:00
n00cc70d931ae,m53405fd7b9aa,2026-01-31T11:56:20+09:00
n00cc70d931ae,mbb0b33794d86,2026-06-23T23:31:04+09:00
n00cc70d931ae,mc86c779585e3,2026-06-04T11:47:22+09:00
n00cd7573b8e1,m53405fd7b9aa,2026-02-08T08:19:26+09:00
n00cd7573b8e1,mbb0b33794d86,2026-06-28T02:32:31+09:00
n00cd7573b8e1,mc86c779585e3,2026-05-30T16:04:02+09:00
n050dce7566fc,m32ba72575bbe,2026-02-01T17:44:48+09:00
n050dce7566fc,m3dae738ba1c1,2026-06-27T13:16:50+09:00
n050dce7566fc,m60e9635b6cb6,2026-02-01T17:44:48+09:00
n050dce7566fc,m97848c1bdf32,2026-02-01T17:44:48+09:00
n050dce7566fc,ma4f7761ee62b,2026-05-31T06:10:17+09:00
n050dce7566fc,ma8d107d9475f,2026-02-01T17:44:48+09:00
n050dce7566fc,maba8091875be,2026-02-01T17:44:48+09:00
n050dce7566fc,mbb0b33794d86,2026-06-24T23:15:23+09:00
n050dce7566fc,mc7c43a9831f4,2026-02-01T17:44:48+09:00
n050dce7566fc,mc86c779585e3,2026-06-03T18:01:47+09:00
n050dce7566fc,me0a7e3361736,2026-02-01T17:44:48+09:00
n05634025d390,m00293b733784,2026-05-19T12:00:00+09:00
n05634025d390,m0988ee24cf93,2026-06-09T00:34:38+09:00
n05634025d390,m0f6484462f7f,2026-05-19T12:00:00+09:00
n05634025d390,m16095e384518,2026-05-19T12:00:00+09:00
n05634025d390,m16384598a49a,2026-06-27T22:18:52+09:00
n05634025d390,m1e77a2ceb57c,2026-05-19T12:00:00+09:00
n05634025d390,m26d93ca7080b,2026-06-27T22:18:52+09:00
n05634025d390,m28654e6bea0e,2026-05-19T12:00:00+09:00
n05634025d390,m2e9b901b1ba9,2026-05-19T12:00:00+09:00
n05634025d390,m30a248399fe0,2026-05-19T12:00:00+09:00
n05634025d390,m3c45350367a2,2026-05-29T20:56:04+09:00
n05634025d390,m54b2ccd56b12,2026-05-19T12:00:00+09:00
n05634025d390,m5ca58e6bf38b,2026-05-19T12:00:00+09:00
n05634025d390,m6d3400fb7014,2026-05-19T12:00:00+09:00
n05634025d390,m6d69812caeed,2026-05-19T12:00:00+09:00
n05634025d390,m743c88e4a3b2,2026-05-19T12:00:00+09:00
n05634025d390,m75f772071126,2026-05-19T12:00:00+09:00
n05634025d390,m78e1caab29a1,2026-05-19T12:00:00+09:00
n05634025d390,m7ae6f1512188,2026-05-19T12:00:00+09:00
n05634025d390,m7ddef4ea4bd3,2026-05-19T12:00:00+09:00
n05634025d390,m7fe516b2d594,2026-05-19T12:00:00+09:00
n05634025d390,m854ef6e77955,2026-05-19T12:00:00+09:00
n05634025d390,m87b2c27c2c91,2026-05-19T12:00:00+09:00
n05634025d390,m97848c1bdf32,2026-05-19T12:00:00+09:00
n05634025d390,ma4f7761ee62b,2026-05-19T12:00:00+09:00
n05634025d390,ma8d107d9475f,2026-05-19T12:00:00+09:00
n05634025d390,mb80e8e661ebe,2026-05-19T12:00:00+09:00
n05634025d390,mbb0b33794d86,2026-05-19T12:00:00+09:00
n05634025d390,mc3b092076119,2026-05-19T12:00:00+09:00
n05634025d390,mc7c43a9831f4,2026-05-19T12:00:00+09:00
n05634025d390,md1d64f3e53b1,2026-05-19T12:00:00+09:00
n05634025d390,me0a7e3361736,2026-05-19T12:00:00+09:00
n05634025d390,me50627303786,2026-05-19T12:00:00+09:00
n05634025d390,mead8ba3e8fdf,2026-05-19T12:00:00+09:00
n05634025d390,mfa1cb167e2a1,2026-05-19T12:00:00+09:00
n05634025d390,mfc8edd12fdc2,2026-05-19T12:00:00+09:00
n05634025d390,mfc9d03c23504,2026-05-19T12:00:00+09:00
n074e267d7178,m0921d4d120a8,2026-03-26T18:00:00+09:00
n074e267d7178,m1e77a2ceb57c,2026-03-26T18:00:00+09:00
n074e267d7178,m34fbc48bcda0,2026-03-26T18:00:00+09:00
n074e267d7178,m3c45350367a2,2026-07-15T22:18:04+09:00
n074e267d7178,m46619b37427d,2026-03-26T18:00:00+09:00
n074e267d7178,m5165ac46c7d8,2026-03-26T18:00:00+09:00
n074e267d7178,m78e1caab29a1,2026-06-16T22:12:32+09:00
n074e267d7178,m7ae6f1512188,2026-03-26T18:00:00+09:00
n074e267d7178,ma4ac2760a6b2,2026-03-26T18:00:00+09:00
n074e267d7178,mbb0b33794d86,2026-03-26T18:00:00+09:00
n074e267d7178,mc3b092076119,2026-03-26T18:00:00+09:00
n074e267d7178,mc86c779585e3,2026-03-26T18:00:00+09:00
n074e267d7178,md1d64f3e53b1,2026-03-26T18:00:00+09:00
n074e267d7178,md929b2a701ae,2026-03-26T18:00:00+09:00
n074e267d7178,me50627303786,2026-03-26T18:00:00+09:00
n074e267d7178,mfa1cb167e2a1,2026-03-26T18:00:00+09:00
n074e267d7178,mfc9d03c23504,2026-03-26T18:00:00+09:00
n07f4fe321ee9,m00293b733784,2026-07-13T02:17:47+09:00
n07f4fe321ee9,m04367e7cf8fa,2026-07-14T22:15:12+09:00
n07f4fe321ee9,m0921d4d120a8,2026-07-15T15:35:30+09:00
n07f4fe321ee9,m0988ee24cf93,2026-07-19T18:55:22+09:00
n07f4fe321ee9,m16384598a49a,2026-07-15T02:32:13+09:00
n07f4fe321ee9,m192171037579,2026-07-13T23:10:20+09:00
n07f4fe321ee9,m19b3b433abf2,2026-07-13T12:47:00+09:00
n07f4fe321ee9,m1de95ffb4171,2026-07-13T02:17:47+09:00
n07f4fe321ee9,m1e77a2ceb57c,2026-07-13T19:59:49+09:00
n07f4fe321ee9,m210eaca5f035,2026-07-18T02:30:00+09:00
n07f4fe321ee9,m28654e6bea0e,2026-07-13T12:47:00+09:00
n07f4fe321ee9,m2ca4e8ea4f14,2026-07-14T22:15:12+09:00
n07f4fe321ee9,m2df62a6b1a97,2026-07-13T23:10:20+09:00
n07f4fe321ee9,m2e9b901b1ba9,2026-07-14T15:32:03+09:00
n07f4fe321ee9,m30a248399fe0,2026-07-13T05:56:56+09:00
n07f4fe321ee9,m310b87610c59,2026-07-13T02:17:47+09:00
n07f4fe321ee9,m334fb05a2022,2026-07-19T18:55:22+09:00
n07f4fe321ee9,m3c45350367a2,2026-07-13T16:42:04+09:00
n07f4fe321ee9,m49e684e1d830,2026-07-13T02:17:47+09:00
n07f4fe321ee9,m4c7f1907bb74,2026-07-13T19:59:49+09:00
n07f4fe321ee9,m547e9622e50b,2026-07-13T12:47:00+09:00
n07f4fe321ee9,m54b2ccd56b12,2026-07-13T12:47:00+09:00
n07f4fe321ee9,m5a117d075a64,2026-07-14T15:32:03+09:00
n07f4fe321ee9,m5c9c88eb4983,2026-07-13T19:59:49+09:00
n07f4fe321ee9,m5ca58e6bf38b,2026-07-13T12:47:00+09:00
n07f4fe321ee9,m60fb5d15f701,2026-07-13T05:56:56+09:00
n07f4fe321ee9,m6295830f903e,2026-07-14T18:55:55+09:00
n07f4fe321ee9,m6b40be643b94,2026-07-13T16:42:04+09:00
n07f4fe321ee9,m6d08ad53e2e3,2026-07-15T15:35:30+09:00
n07f4fe321ee9,m6d69812caeed,2026-07-13T02:17:47+09:00
n07f4fe321ee9,m740ac248bb64,2026-07-15T15:35:30+09:00
n07f4fe321ee9,m743c88e4a3b2,2026-07-13T12:47:00+09:00
n07f4fe321ee9,m75f772071126,2026-07-15T02:32:13+09:00
n07f4fe321ee9,m78e1caab29a1,2026-07-13T23:10:20+09:00
n07f4fe321ee9,m7ae6f1512188,2026-07-13T16:42:04+09:00
n07f4fe321ee9,m7c76be531c5e,2026-07-13T12:47:00+09:00
n07f4fe321ee9,m7de26e2e10de,2026-07-17T06:08:23+09:00
n07f4fe321ee9,m87b2c27c2c91,2026-07-13T02:17:47+09:00
n07f4fe321ee9,m8fc85f49cbff,2026-07-16T12:29:24+09:00
n07f4fe321ee9,m97848c1bdf32,2026-07-13T05:56:56+09:00
n07f4fe321ee9,m992d6f54ad96,2026-07-18T02:30:00+09:00
n07f4fe321ee9,m99ebd3a7fbf7,2026-07-18T15:23:34+09:00
n07f4fe321ee9,ma4f7761ee62b,2026-07-15T12:06:13+09:00
n07f4fe321ee9,ma8d107d9475f,2026-07-13T05:56:56+09:00
n07f4fe321ee9,maa5a2a7f67c6,2026-07-13T12:47:00+09:00
n07f4fe321ee9,mab90d1c291f6,2026-07-19T15:50:27+09:00
n07f4fe321ee9,maba8091875be,2026-07-13T05:56:56+09:00
n07f4fe321ee9,mad8d2935fc54,2026-07-14T12:08:10+09:00
n07f4fe321ee9,mb607a414c367,2026-07-13T23:10:20+09:00
n07f4fe321ee9,mb80e8e661ebe,2026-07-13T16:42:04+09:00
n07f4fe321ee9,mba07f6638f58,2026-07-14T18:55:55+09:00
n07f4fe321ee9,mbb0b33794d86,2026-07-13T02:17:47+09:00
n07f4fe321ee9,mc08cb4916e00,2026-07-18T21:57:31+09:00
n07f4fe321ee9,mc3b092076119,2026-07-13T16:42:04+09:00
n07f4fe321ee9,mc7c43a9831f4,2026-07-13T02:17:47+09:00
n07f4fe321ee9,mc86c779585e3,2026-07-13T16:42:04+09:00
n07f4fe321ee9,mcff9b6cb3037,2026-07-13T02:17:47+09:00
n07f4fe321ee9,md1868a762043,2026-07-13T05:56:56+09:00
n07f4fe321ee9,md1d64f3e53b1,2026-07-14T03:10:54+09:00
n07f4fe321ee9,md2bd041982f0,2026-07-13T02:17:47+09:00
n07f4fe321ee9,me0a7e3361736,2026-07-13T05:56:56+09:00
n07f4fe321ee9,me2d300fe8fb9,2026-07-13T23:10:20+09:00
n07f4fe321ee9,me3c1530749d9,2026-07-13T05:56:56+09:00
n07f4fe321ee9,me50627303786,2026-07-13T16:42:04+09:00
n07f4fe321ee9,me5481b3218cd,2026-07-18T02:30:00+09:00
n07f4fe321ee9,me609ab2c7895,2026-07-13T19:59:49+09:00
n07f4fe321ee9,me6fc661a3fe7,2026-07-15T15:35:30+09:00
n07f4fe321ee9,mfa1cb167e2a1,2026-07-13T19:59:49+09:00
n07f4fe321ee9,mfc8edd12fdc2,2026-07-13T12:47:00+09:00
n07f4fe321ee9,mfc9d03c23504,2026-07-14T15:32:03+09:00
n0cd838543b93,m00293b733784,2026-04-12T18:00:00+09:00
n0cd838543b93,m0988ee24cf93,2026-04-12T18:00:00+09:00
n0cd838543b93,m0c630cc12b41,2026-04-12T18:00:00+09:00
n0cd838543b93,m1e77a2ceb57c,2026-04-12T18:00:00+09:00
n0cd838543b93,m2df62a6b1a97,2026-06-26T23:43:37+09:00
n0cd838543b93,m2e9b901b1ba9,2026-04-12T18:00:00+09:00
n0cd838543b93,m334fb05a2022,2026-04-12T18:00:00+09:00
n0cd838543b93,m3c45350367a2,2026-06-26T23:43:37+09:00
n0cd838543b93,m441ca83d8993,2026-04-12T18:00:00+09:00
n0cd838543b93,m5e0b116a568a,2026-04-12T18:00:00+09:00
n0cd838543b93,m6463046852a4,2026-04-12T18:00:00+09:00
n0cd838543b93,m6d3400fb7014,2026-04-12T18:00:00+09:00
n0cd838543b93,m740ac248bb64,2026-04-12T18:00:00+09:00
n0cd838543b93,m78e1caab29a1,2026-04-12T18:00:00+09:00
n0cd838543b93,m87b2c27c2c91,2026-04-12T18:00:00+09:00
n0cd838543b93,m97848c1bdf32,2026-04-12T18:00:00+09:00
n0cd838543b93,ma4f7761ee62b,2026-04-12T18:00:00+09:00
n0cd838543b93,ma8d107d9475f,2026-04-12T18:00:00+09:00
n0cd838543b93,mbb0b33794d86,2026-04-12T18:00:00+09:00
n0cd838543b93,mc3b092076119,2026-04-12T18:00:00+09:00
n0cd838543b93,mc7c43a9831f4,2026-04-12T18:00:00+09:00
n0cd838543b93,mc86c779585e3,2026-04-12T18:00:00+09:00
n0cd838543b93,md1d64f3e53b1,2026-04-12T18:00:00+09:00
n0cd838543b93,md2bd041982f0,2026-04-12T18:00:00+09:00
n0cd838543b93,mdf64cd8c3686,2026-04-12T18:00:00+09:00
n0cd838543b93,me0a7e3361736,2026-04-12T18:00:00+09:00
n0cd838543b93,me2d300fe8fb9,2026-04-12T18:00:00+09:00
n0cd838543b93,me3c1530749d9,2026-06-26T23:43:37+09:00
n0cd838543b93,me50627303786,2026-04-12T18:00:00+09:00
n0cd838543b93,mfa1cb167e2a1,2026-04-12T18:00:00+09:00
n0cd838543b93,mfc9d03c23504,2026-04-12T18:00:00+09:00
n0cd838543b93,mfec62de5ce9e,2026-04-12T18:00:00+09:00
n0cece0737829,m00293b733784,2026-04-06T18:00:00+09:00
n0cece0737829,m0988ee24cf93,2026-04-06T18:00:00+09:00
n0cece0737829,m0c630cc12b41,2026-04-06T18:00:00+09:00
n0cece0737829,m1de95ffb4171,2026-07-06T21:05:51+09:00
n0cece0737829,m1e77a2ceb57c,2026-04-06T18:00:00+09:00
n0cece0737829,m3c45350367a2,2026-07-03T03:07:05+09:00
n0cece0737829,m46619b37427d,2026-04-06T18:00:00+09:00
n0cece0737829,m743c88e4a3b2,2026-04-06T18:00:00+09:00
n0cece0737829,m78e1caab29a1,2026-04-06T18:00:00+09:00
n0cece0737829,m854ef6e77955,2026-04-06T18:00:00+09:00
n0cece0737829,m87b2c27c2c91,2026-04-06T18:00:00+09:00
n0cece0737829,m97848c1bdf32,2026-04-06T18:00:00+09:00
n0cece0737829,ma4f7761ee62b,2026-07-07T19:55:26+09:00
n0cece0737829,ma8d107d9475f,2026-07-07T19:55:26+09:00
n0cece0737829,mad8d2935fc54,2026-04-06T18:00:00+09:00
n0cece0737829,mbb0b33794d86,2026-04-06T18:00:00+09:00
n0cece0737829,mc3b092076119,2026-04-06T18:00:00+09:00
n0cece0737829,mc7c43a9831f4,2026-07-06T21:05:51+09:00
n0cece0737829,mcdf4ee972bd9,2026-04-06T18:00:00+09:00
n0cece0737829,md1d64f3e53b1,2026-04-06T18:00:00+09:00
n0cece0737829,md929b2a701ae,2026-04-06T18:00:00+09:00
n0cece0737829,me0a7e3361736,2026-04-06T18:00:00+09:00
n0cece0737829,mfa1cb167e2a1,2026-04-06T18:00:00+09:00
n0df54ac918a6,m00293b733784,2026-04-22T19:45:56+09:00
n0df54ac918a6,m0921d4d120a8,2026-04-22T19:45:56+09:00
n0df54ac918a6,m0988ee24cf93,2026-04-22T19:45:56+09:00
n0df54ac918a6,m0c630cc12b41,2026-04-22T19:45:56+09:00
n0df54ac918a6,m1de95ffb4171,2026-04-22T19:45:56+09:00
n0df54ac918a6,m1e77a2ceb57c,2026-04-22T19:45:56+09:00
n0df54ac918a6,m2e9b901b1ba9,2026-04-22T19:45:56+09:00
n0df54ac918a6,m3c45350367a2,2026-06-19T21:24:54+09:00
n0df54ac918a6,m46619b37427d,2026-04-22T19:45:56+09:00
n0df54ac918a6,m6d69812caeed,2026-07-26T02:19:49+09:00
n0df54ac918a6,m740ac248bb64,2026-04-22T19:45:56+09:00
n0df54ac918a6,m78e1caab29a1,2026-04-22T19:45:56+09:00
n0df54ac918a6,m7ae6f1512188,2026-04-22T19:45:56+09:00
n0df54ac918a6,m7fe516b2d594,2026-04-22T19:45:56+09:00
n0df54ac918a6,m854ef6e77955,2026-04-22T19:45:56+09:00
n0df54ac918a6,m87b2c27c2c91,2026-04-22T19:45:56+09:00
n0df54ac918a6,m97848c1bdf32,2026-04-22T19:45:56+09:00
n0df54ac918a6,ma4f7761ee62b,2026-04-22T19:45:56+09:00
n0df54ac918a6,mad8d2935fc54,2026-04-22T19:45:56+09:00
n0df54ac918a6,mb0b138669ffb,2026-04-22T19:45:56+09:00
n0df54ac918a6,mb80e8e661ebe,2026-04-22T19:45:56+09:00
n0df54ac918a6,mbb0b33794d86,2026-04-22T19:45:56+09:00
n0df54ac918a6,mc3b092076119,2026-04-22T19:45:56+09:00
n0df54ac918a6,mc7c43a9831f4,2026-04-22T19:45:56+09:00
n0df54ac918a6,mc86c779585e3,2026-04-22T19:45:56+09:00
n0df54ac918a6,mcff9b6cb3037,2026-07-26T02:19:49+09:00
n0df54ac918a6,md929b2a701ae,2026-04-22T19:45:56+09:00
n0df54ac918a6,mdc3972682d6f,2026-04-22T19:45:56+09:00
n0df54ac918a6,me0a7e3361736,2026-04-22T19:45:56+09:00
n0df54ac918a6,me2d300fe8fb9,2026-04-22T19:45:56+09:00
n0df54ac918a6,me3c1530749d9,2026-06-30T13:27:01+09:00
n0df54ac918a6,me491456dc440,2026-04-22T19:45:56+09:00
n0df54ac918a6,me50627303786,2026-04-22T19:45:56+09:00
n0df54ac918a6,mead8ba3e8fdf,2026-04-22T19:45:56+09:00
n0df54ac918a6,mfa1cb167e2a1,2026-04-22T19:45:56+09:00
n0df54ac918a6,mfc8edd12fdc2,2026-04-22T19:45:56+09:00
n0df54ac918a6,mfc9d03c23504,2026-04-22T19:45:56+09:00
n0fb73f8a4e06,m3c45350367a2,2026-07-28T15:46:37+09:00
n0fb73f8a4e06,m60e9635b6cb6,2026-07-23T12:40:41+09:00
n0fb73f8a4e06,m78e1caab29a1,2026-07-04T22:07:10+09:00
n0fb73f8a4e06,m97848c1bdf32,2026-07-23T12:40:41+09:00
n0fb73f8a4e06,ma4f7761ee62b,2026-07-23T22:33:31+09:00
n0fb73f8a4e06,ma8d107d9475f,2026-07-23T12:40:41+09:00
n0fb73f8a4e06,maba8091875be,2026-07-23T12:40:41+09:00
n0fb73f8a4e06,mc7c43a9831f4,2026-07-23T12:40:41+09:00
n0fb73f8a4e06,mc86c779585e3,2026-03-02T18:24:01+09:00
n0fb73f8a4e06,me0a7e3361736,2026-07-23T12:40:41+09:00
n0fe3fded2371,m04367e7cf8fa,2026-03-14T06:00:00+09:00
n0fe3fded2371,m1de95ffb4171,2026-06-22T11:52:06+09:00
n0fe3fded2371,m3c45350367a2,2026-07-25T18:39:21+09:00
n0fe3fded2371,m7ae6f1512188,2026-03-14T06:00:00+09:00
n0fe3fded2371,m854ef6e77955,2026-03-14T06:00:00+09:00
n0fe3fded2371,ma4f7761ee62b,2026-06-24T03:14:42+09:00
n0fe3fded2371,mbb0b33794d86,2026-03-14T06:00:00+09:00
n0fe3fded2371,mc3b092076119,2026-03-14T06:00:00+09:00
n0fe3fded2371,mc7c43a9831f4,2026-06-22T11:52:06+09:00
n0fe3fded2371,mc86c779585e3,2026-03-14T06:00:00+09:00
n0fe3fded2371,mcdf4ee972bd9,2026-03-14T06:00:00+09:00
n0fe3fded2371,md1d64f3e53b1,2026-03-14T06:00:00+09:00
n0fe3fded2371,me0a7e3361736,2026-06-24T03:14:42+09:00
n0fe3fded2371,me50627303786,2026-03-14T06:00:00+09:00
n0fe3fded2371,mfc9d03c23504,2026-03-14T06:00:00+09:00
n105454312080,m0675215a66e7,2026-07-16T15:39:23+09:00
n105454312080,m2eaf99b2dc24,2026-07-13T23:10:20+09:00
n105454312080,m3c45350367a2,2026-07-04T22:07:10+09:00
n105454312080,m53405fd7b9aa,2026-04-05T18:00:00+09:00
n105454312080,m78e1caab29a1,2026-04-05T18:00:00+09:00
n105454312080,m8122aa2baf6b,2026-07-14T22:15:12+09:00
n105454312080,mad8d2935fc54,2026-04-05T18:00:00+09:00
n105454312080,mbb0b33794d86,2026-04-05T18:00:00+09:00
n105454312080,mc3b092076119,2026-04-05T18:00:00+09:00
n105454312080,mc4cffef07914,2026-04-05T18:00:00+09:00
n105454312080,md1d64f3e53b1,2026-04-05T18:00:00+09:00
n105454312080,me50627303786,2026-04-05T18:00:00+09:00
n105454312080,mfc8edd12fdc2,2026-04-05T18:00:00+09:00
n145819a34ed7,m00293b733784,2026-05-07T18:00:00+09:00
n145819a34ed7,m0988ee24cf93,2026-05-07T18:00:00+09:00
n145819a34ed7,m1492ed6d20c4,2026-05-07T18:00:00+09:00
n145819a34ed7,m18485b3d7e40,2026-05-07T18:00:00+09:00
n145819a34ed7,m1de95ffb4171,2026-05-07T18:00:00+09:00
n145819a34ed7,m1e77a2ceb57c,2026-05-07T18:00:00+09:00
n145819a34ed7,m2df62a6b1a97,2026-06-25T11:20:36+09:00
n145819a34ed7,m2e9b901b1ba9,2026-05-07T18:00:00+09:00
n145819a34ed7,m30a248399fe0,2026-05-07T18:00:00+09:00
n145819a34ed7,m310b87610c59,2026-05-07T18:00:00+09:00
n145819a34ed7,m3c45350367a2,2026-06-07T11:29:52+09:00
n145819a34ed7,m5ca58e6bf38b,2026-05-07T18:00:00+09:00
n145819a34ed7,m6d69812caeed,2026-05-07T18:00:00+09:00
n145819a34ed7,m743c88e4a3b2,2026-05-07T18:00:00+09:00
n145819a34ed7,m78e1caab29a1,2026-05-07T18:00:00+09:00
n145819a34ed7,m7ae6f1512188,2026-05-07T18:00:00+09:00
n145819a34ed7,m7fe516b2d594,2026-05-07T18:00:00+09:00
n145819a34ed7,m87b2c27c2c91,2026-05-07T18:00:00+09:00
n145819a34ed7,m97848c1bdf32,2026-05-07T18:00:00+09:00
n145819a34ed7,ma4f7761ee62b,2026-05-07T18:00:00+09:00
n145819a34ed7,mad8d2935fc54,2026-05-07T18:00:00+09:00
n145819a34ed7,mb19581064ca7,2026-05-07T18:00:00+09:00
n145819a34ed7,mb80e8e661ebe,2026-05-07T18:00:00+09:00
n145819a34ed7,mbb0b33794d86,2026-05-07T18:00:00+09:00
n145819a34ed7,mc3b092076119,2026-05-07T18:00:00+09:00
n145819a34ed7,mc7c43a9831f4,2026-05-07T18:00:00+09:00
n145819a34ed7,mc86c779585e3,2026-05-07T18:00:00+09:00
n145819a34ed7,md1868a762043,2026-05-07T18:00:00+09:00
n145819a34ed7,md1d64f3e53b1,2026-05-07T18:00:00+09:00
n145819a34ed7,me0a7e3361736,2026-05-07T18:00:00+09:00
n145819a34ed7,me2d300fe8fb9,2026-05-07T18:00:00+09:00
n145819a34ed7,me50627303786,2026-05-07T18:00:00+09:00
n145819a34ed7,mead8ba3e8fdf,2026-05-07T18:00:00+09:00
n145819a34ed7,mfa1cb167e2a1,2026-05-07T18:00:00+09:00
n145819a34ed7,mfc8edd12fdc2,2026-05-07T18:00:00+09:00
n145819a34ed7,mfc9d03c23504,2026-05-07T18:00:00+09:00
n156810369efa,m53405fd7b9aa,2026-02-06T19:07:25+09:00
n156810369efa,mbb0b33794d86,2026-06-26T23:43:37+09:00
n156810369efa,mc86c779585e3,2026-05-30T22:21:40+09:00
n156810369efa,md13f11c6c2c5,2026-07-23T12:40:41+09:00
n1669a6f61369,m00293b733784,2026-04-19T18:00:00+09:00
n1669a6f61369,m0921d4d120a8,2026-04-19T18:00:00+09:00
n1669a6f61369,m0988ee24cf93,2026-04-19T18:00:00+09:00
n1669a6f61369,m1e77a2ceb57c,2026-04-19T18:00:00+09:00
n1669a6f61369,m26d93ca7080b,2026-04-19T18:00:00+09:00
n1669a6f61369,m2ca4e8ea4f14,2026-04-19T18:00:00+09:00
n1669a6f61369,m2e9b901b1ba9,2026-04-19T18:00:00+09:00
n1669a6f61369,m3c45350367a2,2026-06-22T18:56:40+09:00
n1669a6f61369,m6d3400fb7014,2026-04-19T18:00:00+09:00
n1669a6f61369,m78e1caab29a1,2026-04-19T18:00:00+09:00
n1669a6f61369,m7ae6f1512188,2026-04-19T18:00:00+09:00
n1669a6f61369,m7ddef4ea4bd3,2026-04-19T18:00:00+09:00
n1669a6f61369,m87b2c27c2c91,2026-04-19T18:00:00+09:00
n1669a6f61369,mad8d2935fc54,2026-04-19T18:00:00+09:00
n1669a6f61369,mbb0b33794d86,2026-04-19T18:00:00+09:00
n1669a6f61369,mc3b092076119,2026-04-19T18:00:00+09:00
n1669a6f61369,mc7c43a9831f4,2026-04-19T18:00:00+09:00
n1669a6f61369,mc86c779585e3,2026-04-19T18:00:00+09:00
n1669a6f61369,md929b2a701ae,2026-04-19T18:00:00+09:00
n1669a6f61369,mdf64cd8c3686,2026-04-19T18:00:00+09:00
n1669a6f61369,me0a7e3361736,2026-04-19T18:00:00+09:00
n1669a6f61369,me50627303786,2026-04-19T18:00:00+09:00
n1669a6f61369,mead8ba3e8fdf,2026-04-19T18:00:00+09:00
n1669a6f61369,mfa1cb167e2a1,2026-04-19T18:00:00+09:00
n1669a6f61369,mfc8edd12fdc2,2026-04-19T18:00:00+09:00
n1669a6f61369,mfc9d03c23504,2026-04-19T18:00:00+09:00
n1bb1817ba7c6,m60e9635b6cb6,2026-07-23T12:40:41+09:00
n1bb1817ba7c6,m823f59a7ed0a,2026-06-23T11:17:22+09:00
n1bb1817ba7c6,m97848c1bdf32,2026-07-23T12:40:41+09:00
n1bb1817ba7c6,ma4f7761ee62b,2026-07-23T12:40:41+09:00
n1bb1817ba7c6,ma8d107d9475f,2026-07-23T12:40:41+09:00
n1bb1817ba7c6,maa5a2a7f67c6,2026-07-23T12:40:41+09:00
n1bb1817ba7c6,maba8091875be,2026-07-23T12:40:41+09:00
n1bb1817ba7c6,mbb0b33794d86,2026-07-03T03:07:05+09:00
n1bb1817ba7c6,mc7c43a9831f4,2026-07-23T12:40:41+09:00
n1bb1817ba7c6,mc86c779585e3,2026-02-16T21:42:54+09:00
n1bb1817ba7c6,me0a7e3361736,2026-07-23T12:40:41+09:00
n1bb1817ba7c6,me759d1c27fae,2026-07-16T12:29:24+09:00
n1c04940f4197,m2e9b901b1ba9,2026-03-03T19:38:04+09:00
n1c04940f4197,m3c45350367a2,2026-07-28T15:46:37+09:00
n1c04940f4197,m78e1caab29a1,2026-06-24T23:15:23+09:00
n1c04940f4197,m7fe516b2d594,2026-03-03T19:38:04+09:00
n1c04940f4197,mc86c779585e3,2026-03-03T19:38:04+09:00
n1c04940f4197,mfc9d03c23504,2026-03-03T19:38:04+09:00
n1cb6f13b38fd,m0921d4d120a8,2026-03-31T18:00:00+09:00
n1cb6f13b38fd,m1de95ffb4171,2026-07-06T17:50:16+09:00
n1cb6f13b38fd,m1e77a2ceb57c,2026-03-31T18:00:00+09:00
n1cb6f13b38fd,m2e9b901b1ba9,2026-03-31T18:00:00+09:00
n1cb6f13b38fd,m3c45350367a2,2026-07-09T16:58:41+09:00
n1cb6f13b38fd,m78e1caab29a1,2026-06-01T23:05:56+09:00
n1cb6f13b38fd,m7ae6f1512188,2026-03-31T18:00:00+09:00
n1cb6f13b38fd,m854ef6e77955,2026-03-31T18:00:00+09:00
n1cb6f13b38fd,m97848c1bdf32,2026-03-31T18:00:00+09:00
n1cb6f13b38fd,ma4f7761ee62b,2026-03-31T18:00:00+09:00
n1cb6f13b38fd,ma8d107d9475f,2026-03-31T18:00:00+09:00
n1cb6f13b38fd,mad8d2935fc54,2026-03-31T18:00:00+09:00
n1cb6f13b38fd,mbb0b33794d86,2026-03-31T18:00:00+09:00
n1cb6f13b38fd,mc3b092076119,2026-03-31T18:00:00+09:00
n1cb6f13b38fd,mc7c43a9831f4,2026-07-06T17:50:16+09:00
n1cb6f13b38fd,mc86c779585e3,2026-03-31T18:00:00+09:00
n1cb6f13b38fd,me0a7e3361736,2026-03-31T18:00:00+09:00
n1cb6f13b38fd,me50627303786,2026-03-31T18:00:00+09:00
n1cb6f13b38fd,mfa1cb167e2a1,2026-03-31T18:00:00+09:00
n1cb6f13b38fd,mfc9d03c23504,2026-03-31T18:00:00+09:00
n1d019f6a6f1f,m3c45350367a2,2026-08-01T15:49:31+09:00
n1d019f6a6f1f,m78e1caab29a1,2026-07-27T23:20:46+09:00
n1d019f6a6f1f,mbb0b33794d86,2026-07-12T15:55:40+09:00
n1d019f6a6f1f,mc86c779585e3,2026-02-21T07:23:52+09:00
n1e459951b633,m00293b733784,2026-05-04T18:00:00+09:00
n1e459951b633,m0988ee24cf93,2026-06-20T19:51:05+09:00
n1e459951b633,m1492ed6d20c4,2026-05-04T18:00:00+09:00
n1e459951b633,m1de95ffb4171,2026-05-04T18:00:00+09:00
n1e459951b633,m1e77a2ceb57c,2026-05-04T18:00:00+09:00
n1e459951b633,m2df62a6b1a97,2026-06-25T11:20:36+09:00
n1e459951b633,m2e9b901b1ba9,2026-05-04T18:00:00+09:00
n1e459951b633,m30a248399fe0,2026-05-04T18:00:00+09:00
n1e459951b633,m3c45350367a2,2026-06-11T11:46:19+09:00
n1e459951b633,m5ca58e6bf38b,2026-05-04T18:00:00+09:00
n1e459951b633,m743c88e4a3b2,2026-05-04T18:00:00+09:00
n1e459951b633,m768b3f4cf6e4,2026-05-04T18:00:00+09:00
n1e459951b633,m78e1caab29a1,2026-05-04T18:00:00+09:00
n1e459951b633,m7fe516b2d594,2026-05-04T18:00:00+09:00
n1e459951b633,m83b0e4ce814d,2026-05-04T18:00:00+09:00
n1e459951b633,m87b2c27c2c91,2026-05-04T18:00:00+09:00
n1e459951b633,m97848c1bdf32,2026-06-11T07:07:05+09:00
n1e459951b633,ma4f7761ee62b,2026-05-04T18:00:00+09:00
n1e459951b633,ma8d107d9475f,2026-06-11T07:07:05+09:00
n1e459951b633,maba8091875be,2026-06-11T07:07:05+09:00
n1e459951b633,mad8d2935fc54,2026-05-04T18:00:00+09:00
n1e459951b633,mbb0b33794d86,2026-05-04T18:00:00+09:00
n1e459951b633,mc3b092076119,2026-05-04T18:00:00+09:00
n1e459951b633,mc7c43a9831f4,2026-05-04T18:00:00+09:00
n1e459951b633,mc86c779585e3,2026-05-04T18:00:00+09:00
n1e459951b633,me0a7e3361736,2026-05-04T18:00:00+09:00
n1e459951b633,me2d300fe8fb9,2026-05-04T18:00:00+09:00
n1e459951b633,me3590cc8b7e1,2026-05-04T18:00:00+09:00
n1e459951b633,me50627303786,2026-05-04T18:00:00+09:00
n1e459951b633,mfa1cb167e2a1,2026-05-04T18:00:00+09:00
n1e459951b633,mfc8edd12fdc2,2026-05-04T18:00:00+09:00
n1e459951b633,mfc9d03c23504,2026-05-04T18:00:00+09:00
n1f7cfeb6e705,m00293b733784,2026-07-18T21:57:31+09:00
n1f7cfeb6e705,m01cb6624a2fd,2026-07-18T02:30:00+09:00
n1f7cfeb6e705,m0675215a66e7,2026-07-18T21:57:31+09:00
n1f7cfeb6e705,m0988ee24cf93,2026-07-16T22:26:16+09:00
n1f7cfeb6e705,m0f6484462f7f,2026-07-18T18:27:39+09:00
n1f7cfeb6e705,m108e1df31c78,2026-07-28T15:46:37+09:00
n1f7cfeb6e705,m16095e384518,2026-07-17T02:36:46+09:00
n1f7cfeb6e705,m192171037579,2026-07-17T02:36:46+09:00
n1f7cfeb6e705,m19b3b433abf2,2026-07-16T19:06:31+09:00
n1f7cfeb6e705,m1de95ffb4171,2026-07-16T19:06:31+09:00
n1f7cfeb6e705,m1e77a2ceb57c,2026-07-16T22:26:16+09:00
n1f7cfeb6e705,m28654e6bea0e,2026-07-16T22:26:16+09:00
n1f7cfeb6e705,m2e9b901b1ba9,2026-07-16T22:26:16+09:00
n1f7cfeb6e705,m30a248399fe0,2026-07-16T22:26:16+09:00
n1f7cfeb6e705,m389d15e5ca81,2026-07-21T12:34:50+09:00
n1f7cfeb6e705,m3c45350367a2,2026-07-16T22:26:16+09:00
n1f7cfeb6e705,m3ec67f102868,2026-07-17T12:32:00+09:00
n1f7cfeb6e705,m46cc7ce600fa,2026-07-18T02:30:00+09:00
n1f7cfeb6e705,m48f2da6384f9,2026-07-23T12:40:41+09:00
n1f7cfeb6e705,m49e684e1d830,2026-07-16T19:06:31+09:00
n1f7cfeb6e705,m4c7f1907bb74,2026-07-17T18:56:25+09:00
n1f7cfeb6e705,m547e9622e50b,2026-07-17T12:32:00+09:00
n1f7cfeb6e705,m54b2ccd56b12,2026-07-16T22:26:16+09:00
n1f7cfeb6e705,m5a117d075a64,2026-07-17T18:56:25+09:00
n1f7cfeb6e705,m5c9c88eb4983,2026-07-16T22:26:16+09:00
n1f7cfeb6e705,m5ca58e6bf38b,2026-07-16T19:06:31+09:00
n1f7cfeb6e705,m60de14c80a11,2026-07-28T15:46:37+09:00
n1f7cfeb6e705,m60fb5d15f701,2026-07-16T22:26:16+09:00
n1f7cfeb6e705,m6b40be643b94,2026-07-18T12:09:00+09:00
n1f7cfeb6e705,m6b65ceacc285,2026-07-18T21:57:31+09:00
n1f7cfeb6e705,m6d69812caeed,2026-07-16T19:06:31+09:00
n1f7cfeb6e705,m743c88e4a3b2,2026-07-18T02:30:00+09:00
n1f7cfeb6e705,m75f772071126,2026-07-18T15:23:34+09:00
n1f7cfeb6e705,m78e1caab29a1,2026-07-16T22:26:16+09:00
n1f7cfeb6e705,m7ae6f1512188,2026-07-16T22:26:16+09:00
n1f7cfeb6e705,m7afa428d1412,2026-07-23T12:40:41+09:00
n1f7cfeb6e705,m7c76be531c5e,2026-07-16T22:26:16+09:00
n1f7cfeb6e705,m7de26e2e10de,2026-07-21T15:48:56+09:00
n1f7cfeb6e705,m7f60f18975f3,2026-07-16T19:06:31+09:00
n1f7cfeb6e705,m823f59a7ed0a,2026-07-16T19:06:31+09:00
n1f7cfeb6e705,m83b0e4ce814d,2026-07-16T19:06:31+09:00
n1f7cfeb6e705,m87b2c27c2c91,2026-07-18T21:57:31+09:00
n1f7cfeb6e705,m92f1af23610d,2026-07-17T02:36:46+09:00
n1f7cfeb6e705,m97848c1bdf32,2026-07-16T22:26:16+09:00
n1f7cfeb6e705,m99ebd3a7fbf7,2026-07-18T06:05:48+09:00
n1f7cfeb6e705,ma4f7761ee62b,2026-07-20T02:15:53+09:00
n1f7cfeb6e705,ma8d107d9475f,2026-07-16T22:26:16+09:00
n1f7cfeb6e705,maa5a2a7f67c6,2026-07-16T19:06:31+09:00
n1f7cfeb6e705,maba8091875be,2026-07-16T22:26:16+09:00
n1f7cfeb6e705,mad8d2935fc54,2026-07-16T22:26:16+09:00
n1f7cfeb6e705,mba07f6638f58,2026-07-18T12:09:00+09:00
n1f7cfeb6e705,mbb0b33794d86,2026-07-16T19:06:31+09:00
n1f7cfeb6e705,mc3b092076119,2026-07-16T22:26:16+09:00
n1f7cfeb6e705,mc4ce378cb7b9,2026-07-19T15:50:27+09:00
n1f7cfeb6e705,mc7c43a9831f4,2026-07-16T19:06:31+09:00
n1f7cfeb6e705,mc86c779585e3,2026-07-16T22:26:16+09:00
n1f7cfeb6e705,mcdf4ee972bd9,2026-07-16T22:26:16+09:00
n1f7cfeb6e705,mcff9b6cb3037,2026-07-16T19:06:31+09:00
n1f7cfeb6e705,md1868a762043,2026-07-16T19:06:31+09:00
n1f7cfeb6e705,md1d64f3e53b1,2026-07-19T18:55:22+09:00
n1f7cfeb6e705,md2bd041982f0,2026-07-16T19:06:31+09:00
n1f7cfeb6e705,mde383664206c,2026-07-19T15:50:27+09:00
n1f7cfeb6e705,me0a7e3361736,2026-07-16T22:26:16+09:00
n1f7cfeb6e705,me2d300fe8fb9,2026-07-17T02:36:46+09:00
n1f7cfeb6e705,me491456dc440,2026-07-16T19:06:31+09:00
n1f7cfeb6e705,me50627303786,2026-07-17T02:36:46+09:00
n1f7cfeb6e705,me609ab2c7895,2026-07-18T21:57:31+09:00
n1f7cfeb6e705,me759d1c27fae,2026-07-17T15:35:59+09:00
n1f7cfeb6e705,mead8ba3e8fdf,2026-07-16T19:06:31+09:00
n1f7cfeb6e705,mfa1cb167e2a1,2026-07-16T22:26:16+09:00
n1f7cfeb6e705,mfc8edd12fdc2,2026-07-16T19:06:31+09:00
n1f7cfeb6e705,mfc9d03c23504,2026-07-16T22:26:16+09:00
n1fb2861a5d4a,m2e9b901b1ba9,2026-06-22T18:56:40+09:00
n1fb2861a5d4a,m3dae738ba1c1,2026-06-21T11:47:07+09:00
n1fb2861a5d4a,m97848c1bdf32,2026-01-09T22:32:41+09:00
n1fb2861a5d4a,ma4f7761ee62b,2026-01-09T22:32:41+09:00
n1fb2861a5d4a,mbb0b33794d86,2026-06-22T11:52:06+09:00
n1fb2861a5d4a,mc7c43a9831f4,2026-01-09T22:32:41+09:00
n1fb2861a5d4a,mc86c779585e3,2026-06-12T17:31:56+09:00
n1fb2861a5d4a,me0a7e3361736,2026-01-09T22:32:41+09:00
n1fb2861a5d4a,mfc9d03c23504,2026-06-22T18:56:40+09:00
n2067864fd814,m00293b733784,2026-04-11T18:00:00+09:00
n2067864fd814,m16384598a49a,2026-04-11T18:00:00+09:00
n2067864fd814,m2e9b901b1ba9,2026-04-11T18:00:00+09:00
n2067864fd814,m3c45350367a2,2026-06-26T23:43:37+09:00
n2067864fd814,m48b884abb9d9,2026-04-11T18:00:00+09:00
n2067864fd814,m5c9c88eb4983,2026-04-11T18:00:00+09:00
n2067864fd814,m6d3400fb7014,2026-04-11T18:00:00+09:00
n2067864fd814,m78e1caab29a1,2026-04-11T18:00:00+09:00
n2067864fd814,m7ddef4ea4bd3,2026-04-11T18:00:00+09:00
n2067864fd814,m87b2c27c2c91,2026-04-11T18:00:00+09:00
n2067864fd814,mb02476cbe007,2026-04-11T18:00:00+09:00
n2067864fd814,mbb0b33794d86,2026-04-11T18:00:00+09:00
n2067864fd814,mc3b092076119,2026-04-11T18:00:00+09:00
n2067864fd814,mc86c779585e3,2026-04-11T18:00:00+09:00
n2067864fd814,mcb270ee08c0a,2026-04-11T18:00:00+09:00
n2067864fd814,md1d64f3e53b1,2026-04-11T18:00:00+09:00
n2067864fd814,mdf64cd8c3686,2026-04-11T18:00:00+09:00
n2067864fd814,me3c1530749d9,2026-06-26T23:43:37+09:00
n2067864fd814,me50627303786,2026-04-11T18:00:00+09:00
n2067864fd814,mfc9d03c23504,2026-04-11T18:00:00+09:00
n206aa9d08cff,mb607a414c367,2026-06-05T06:40:06+09:00
n206aa9d08cff,mba07f6638f58,2026-07-08T22:36:25+09:00
n206aa9d08cff,mc86c779585e3,2026-06-05T06:40:06+09:00
n2277f604f41d,m3c45350367a2,2026-07-30T15:48:07+09:00
n2277f604f41d,m78e1caab29a1,2026-07-15T02:32:13+09:00
n2277f604f41d,mc86c779585e3,2026-02-28T04:51:42+09:00
n235d925a5733,m00293b733784,2026-05-15T18:00:00+09:00
n235d925a5733,m0988ee24cf93,2026-05-15T18:00:00+09:00
n235d925a5733,m0c630cc12b41,2026-05-15T18:00:00+09:00
n235d925a5733,m1de95ffb4171,2026-05-15T18:00:00+09:00
n235d925a5733,m1e77a2ceb57c,2026-05-15T18:00:00+09:00
n235d925a5733,m28654e6bea0e,2026-05-15T18:00:00+09:00
n235d925a5733,m2df62a6b1a97,2026-06-25T11:20:36+09:00
n235d925a5733,m2e9b901b1ba9,2026-05-15T18:00:00+09:00
n235d925a5733,m30a248399fe0,2026-05-15T18:00:00+09:00
n235d925a5733,m3c45350367a2,2026-05-15T18:00:00+09:00
n235d925a5733,m5ca58e6bf38b,2026-05-15T18:00:00+09:00
n235d925a5733,m5e0b116a568a,2026-05-15T18:00:00+09:00
n235d925a5733,m6d3400fb7014,2026-05-15T18:00:00+09:00
n235d925a5733,m6d69812caeed,2026-05-15T18:00:00+09:00
n235d925a5733,m743c88e4a3b2,2026-05-15T18:00:00+09:00
n235d925a5733,m78e1caab29a1,2026-05-15T18:00:00+09:00
n235d925a5733,m7fe516b2d594,2026-05-15T18:00:00+09:00
n235d925a5733,m83b0e4ce814d,2026-05-15T18:00:00+09:00
n235d925a5733,m87b2c27c2c91,2026-05-15T18:00:00+09:00
n235d925a5733,m97848c1bdf32,2026-05-15T18:00:00+09:00
n235d925a5733,ma4f7761ee62b,2026-05-15T18:00:00+09:00
n235d925a5733,ma8d107d9475f,2026-05-15T18:00:00+09:00
n235d925a5733,mad8d2935fc54,2026-05-15T18:00:00+09:00
n235d925a5733,mbb0b33794d86,2026-05-15T18:00:00+09:00
n235d925a5733,mc3b092076119,2026-05-15T18:00:00+09:00
n235d925a5733,mc7c43a9831f4,2026-05-15T18:00:00+09:00
n235d925a5733,mc86c779585e3,2026-05-15T18:00:00+09:00
n235d925a5733,md2bd041982f0,2026-05-15T18:00:00+09:00
n235d925a5733,md929b2a701ae,2026-05-15T18:00:00+09:00
n235d925a5733,me0a7e3361736,2026-05-15T18:00:00+09:00
n235d925a5733,me2d300fe8fb9,2026-05-15T18:00:00+09:00
n235d925a5733,me2d634ed0844,2026-06-18T17:46:25+09:00
n235d925a5733,me491456dc440,2026-05-15T18:00:00+09:00
n235d925a5733,me50627303786,2026-05-15T18:00:00+09:00
n235d925a5733,mfa1cb167e2a1,2026-05-15T18:00:00+09:00
n235d925a5733,mfc8edd12fdc2,2026-05-15T18:00:00+09:00
n235d925a5733,mfc9d03c23504,2026-05-15T18:00:00+09:00
n244bce00bccf,m00293b733784,2026-06-02T21:21:39+09:00
n244bce00bccf,m0921d4d120a8,2026-06-02T21:21:39+09:00
n244bce00bccf,m0988ee24cf93,2026-06-04T05:05:50+09:00
n244bce00bccf,m1de95ffb4171,2026-06-02T21:21:39+09:00
n244bce00bccf,m1e77a2ceb57c,2026-06-03T21:59:16+09:00
n244bce00bccf,m28654e6bea0e,2026-06-02T21:21:39+09:00
n244bce00bccf,m2df62a6b1a97,2026-06-25T11:20:36+09:00
n244bce00bccf,m2e9b901b1ba9,2026-06-03T11:50:10+09:00
n244bce00bccf,m310b87610c59,2026-06-02T21:21:39+09:00
n244bce00bccf,m334fb05a2022,2026-06-03T11:50:10+09:00
n244bce00bccf,m3c45350367a2,2026-06-02T21:21:39+09:00
n244bce00bccf,m3ec67f102868,2026-06-03T07:33:19+09:00
n244bce00bccf,m54b2ccd56b12,2026-06-04T07:38:18+09:00
n244bce00bccf,m5c9c88eb4983,2026-06-04T05:05:50+09:00
n244bce00bccf,m5ca58e6bf38b,2026-06-03T18:01:47+09:00
n244bce00bccf,m651aaa4e52a9,2026-06-03T04:54:21+09:00
n244bce00bccf,m6d3400fb7014,2026-06-02T21:21:39+09:00
n244bce00bccf,m6d69812caeed,2026-06-03T01:04:17+09:00
n244bce00bccf,m743c88e4a3b2,2026-06-03T21:59:16+09:00
n244bce00bccf,m75f772071126,2026-06-02T21:21:39+09:00
n244bce00bccf,m78e1caab29a1,2026-06-03T01:04:17+09:00
n244bce00bccf,m7ae6f1512188,2026-06-03T21:59:16+09:00
n244bce00bccf,m854ef6e77955,2026-06-02T21:21:39+09:00
n244bce00bccf,m87b2c27c2c91,2026-06-02T21:21:39+09:00
n244bce00bccf,m97848c1bdf32,2026-06-03T04:54:21+09:00
n244bce00bccf,ma4f7761ee62b,2026-06-03T04:54:21+09:00
n244bce00bccf,ma8d107d9475f,2026-06-03T04:54:21+09:00
n244bce00bccf,mad8d2935fc54,2026-06-04T05:05:50+09:00
n244bce00bccf,mbb0b33794d86,2026-06-02T21:21:39+09:00
n244bce00bccf,mc3b092076119,2026-06-03T21:59:16+09:00
n244bce00bccf,mc7c43a9831f4,2026-06-02T21:21:39+09:00
n244bce00bccf,mc86c779585e3,2026-06-02T21:21:39+09:00
n244bce00bccf,mcff9b6cb3037,2026-06-03T01:04:17+09:00
n244bce00bccf,me0a7e3361736,2026-06-03T04:54:21+09:00
n244bce00bccf,me2d300fe8fb9,2026-06-03T21:59:16+09:00
n244bce00bccf,me50627303786,2026-06-03T01:04:17+09:00
n244bce00bccf,mead8ba3e8fdf,2026-06-02T21:21:39+09:00
n244bce00bccf,mfa1cb167e2a1,2026-06-03T21:59:16+09:00
n244bce00bccf,mfc8edd12fdc2,2026-06-02T21:21:39+09:00
n244bce00bccf,mfc9d03c23504,2026-06-03T11:50:10+09:00
n265ca6931286,m00293b733784,2026-04-21T10:34:44+09:00
n265ca6931286,m0921d4d120a8,2026-04-21T10:34:44+09:00
n265ca6931286,m0988ee24cf93,2026-04-21T10:34:44+09:00
n265ca6931286,m26d93ca7080b,2026-04-21T10:34:44+09:00
n265ca6931286,m3c45350367a2,2026-06-20T22:36:32+09:00
n265ca6931286,m740ac248bb64,2026-04-21T10:34:44+09:00
n265ca6931286,m78e1caab29a1,2026-04-21T10:34:44+09:00
n265ca6931286,m854ef6e77955,2026-04-21T10:34:44+09:00
n265ca6931286,m87b2c27c2c91,2026-04-21T10:34:44+09:00
n265ca6931286,mb19581064ca7,2026-04-21T10:34:44+09:00
n265ca6931286,mbb0b33794d86,2026-04-21T10:34:44+09:00
n265ca6931286,mc3b092076119,2026-04-21T10:34:44+09:00
n265ca6931286,mc7c43a9831f4,2026-04-21T10:34:44+09:00
n265ca6931286,mc86c779585e3,2026-04-21T10:34:44+09:00
n265ca6931286,md929b2a701ae,2026-04-21T10:34:44+09:00
n265ca6931286,me0a7e3361736,2026-04-21T10:34:44+09:00
n265ca6931286,me2d300fe8fb9,2026-04-21T10:34:44+09:00
n265ca6931286,me3590cc8b7e1,2026-04-21T10:34:44+09:00
n265ca6931286,me50627303786,2026-04-21T10:34:44+09:00
n265ca6931286,mfc8edd12fdc2,2026-04-21T10:34:44+09:00
n287917a0130f,m00293b733784,2026-04-27T18:00:00+09:00
n287917a0130f,m0921d4d120a8,2026-04-27T18:00:00+09:00
n287917a0130f,m0988ee24cf93,2026-04-27T18:00:00+09:00
n287917a0130f,m0f6484462f7f,2026-04-27T18:00:00+09:00
n287917a0130f,m1de95ffb4171,2026-04-27T18:00:00+09:00
n287917a0130f,m1e77a2ceb57c,2026-04-27T18:00:00+09:00
n287917a0130f,m26d93ca7080b,2026-04-27T18:00:00+09:00
n287917a0130f,m2e9b901b1ba9,2026-04-27T18:00:00+09:00
n287917a0130f,m30a248399fe0,2026-04-27T18:00:00+09:00
n287917a0130f,m3c45350367a2,2026-06-16T22:12:32+09:00
n287917a0130f,m46619b37427d,2026-04-27T18:00:00+09:00
n287917a0130f,m60e9635b6cb6,2026-06-11T11:46:19+09:00
n287917a0130f,m6d3400fb7014,2026-04-27T18:00:00+09:00
n287917a0130f,m740ac248bb64,2026-04-27T18:00:00+09:00
n287917a0130f,m743c88e4a3b2,2026-04-27T18:00:00+09:00
n287917a0130f,m78e1caab29a1,2026-04-27T18:00:00+09:00
n287917a0130f,m7ae6f1512188,2026-04-27T18:00:00+09:00
n287917a0130f,m7de26e2e10de,2026-04-27T18:00:00+09:00
n287917a0130f,m821d82fa5dce,2026-08-02T15:53:17+09:00
n287917a0130f,m83b0e4ce814d,2026-04-27T18:00:00+09:00
n287917a0130f,m87b2c27c2c91,2026-04-27T18:00:00+09:00
n287917a0130f,m97848c1bdf32,2026-06-11T11:46:19+09:00
n287917a0130f,ma8d107d9475f,2026-06-11T11:46:19+09:00
n287917a0130f,maba8091875be,2026-06-11T11:46:19+09:00
n287917a0130f,mbb0b33794d86,2026-04-27T18:00:00+09:00
n287917a0130f,mc3b092076119,2026-04-27T18:00:00+09:00
n287917a0130f,mc7c43a9831f4,2026-04-27T18:00:00+09:00
n287917a0130f,mc86c779585e3,2026-04-27T18:00:00+09:00
n287917a0130f,mdf64cd8c3686,2026-04-27T18:00:00+09:00
n287917a0130f,me0a7e3361736,2026-04-27T18:00:00+09:00
n287917a0130f,me50627303786,2026-04-27T18:00:00+09:00
n287917a0130f,mead8ba3e8fdf,2026-04-27T18:00:00+09:00
n287917a0130f,mfa1cb167e2a1,2026-04-27T18:00:00+09:00
n287917a0130f,mfc8edd12fdc2,2026-04-27T18:00:00+09:00
n287917a0130f,mfc9d03c23504,2026-04-27T18:00:00+09:00
n287e2c7dda75,m3dae738ba1c1,2026-06-23T20:36:09+09:00
n287e2c7dda75,mbb0b33794d86,2026-06-19T23:49:46+09:00
n287e2c7dda75,mc86c779585e3,2026-06-05T20:47:08+09:00
n29223d4b8ee8,m32ba72575bbe,2026-02-01T17:47:19+09:00
n29223d4b8ee8,m389d15e5ca81,2026-07-02T19:38:02+09:00
n29223d4b8ee8,mc86c779585e3,2026-06-02T17:34:11+09:00
n2a270bf799c3,m0988ee24cf93,2026-05-24T09:00:04+09:00
n2a270bf799c3,m0c630cc12b41,2026-05-24T09:00:04+09:00
n2a270bf799c3,m1e77a2ceb57c,2026-05-24T09:00:04+09:00
n2a270bf799c3,m2e9b901b1ba9,2026-05-24T09:00:04+09:00
n2a270bf799c3,m3c45350367a2,2026-05-24T09:00:04+09:00
n2a270bf799c3,m5ca58e6bf38b,2026-05-24T09:00:04+09:00
n2a270bf799c3,m60e9635b6cb6,2026-05-24T09:00:04+09:00
n2a270bf799c3,m6295830f903e,2026-05-24T09:00:04+09:00
n2a270bf799c3,m6d3400fb7014,2026-05-24T09:00:04+09:00
n2a270bf799c3,m6d69812caeed,2026-05-24T09:00:04+09:00
n2a270bf799c3,m743c88e4a3b2,2026-05-24T09:00:04+09:00
n2a270bf799c3,m97848c1bdf32,2026-05-24T09:00:04+09:00
n2a270bf799c3,ma4f7761ee62b,2026-05-24T09:00:04+09:00
n2a270bf799c3,ma8d107d9475f,2026-05-24T09:00:04+09:00
n2a270bf799c3,maba8091875be,2026-05-24T09:00:04+09:00
n2a270bf799c3,mad8d2935fc54,2026-05-24T09:00:04+09:00
n2a270bf799c3,mc3b092076119,2026-05-29T17:10:21+09:00
n2a270bf799c3,mc86c779585e3,2026-05-24T09:00:04+09:00
n2a270bf799c3,md1d64f3e53b1,2026-05-24T09:00:04+09:00
n2a270bf799c3,me0a7e3361736,2026-05-24T09:00:04+09:00
n2a270bf799c3,me50627303786,2026-06-05T23:30:42+09:00
n2a270bf799c3,mead8ba3e8fdf,2026-05-24T09:00:04+09:00
n2a270bf799c3,mf7f9952d6e72,2026-05-24T09:00:04+09:00
n2a270bf799c3,mfa1cb167e2a1,2026-05-24T09:00:04+09:00
n2a270bf799c3,mfc8edd12fdc2,2026-05-24T09:00:04+09:00
n2a270bf799c3,mfc9d03c23504,2026-05-24T09:00:04+09:00
n2bd2816b75b0,m00293b733784,2026-07-09T23:38:28+09:00
n2bd2816b75b0,m0675215a66e7,2026-07-09T23:38:28+09:00
n2bd2816b75b0,m0f6484462f7f,2026-07-09T23:38:28+09:00
n2bd2816b75b0,m11f968fbad6d,2026-07-11T18:25:36+09:00
n2bd2816b75b0,m16095e384518,2026-07-10T23:04:50+09:00
n2bd2816b75b0,m19b3b433abf2,2026-07-10T03:11:54+09:00
n2bd2816b75b0,m1de95ffb4171,2026-07-09T23:38:28+09:00
n2bd2816b75b0,m1e77a2ceb57c,2026-07-09T23:38:28+09:00
n2bd2816b75b0,m26d93ca7080b,2026-07-11T18:25:36+09:00
n2bd2816b75b0,m28654e6bea0e,2026-07-10T19:54:38+09:00
n2bd2816b75b0,m2df62a6b1a97,2026-07-09T23:38:28+09:00
n2bd2816b75b0,m2e9b901b1ba9,2026-07-10T13:06:21+09:00
n2bd2816b75b0,m30a248399fe0,2026-07-09T23:38:28+09:00
n2bd2816b75b0,m334fb05a2022,2026-07-09T23:38:28+09:00
n2bd2816b75b0,m3c45350367a2,2026-07-10T19:54:38+09:00
n2bd2816b75b0,m4c7f1907bb74,2026-07-09T23:38:28+09:00
n2bd2816b75b0,m547e9622e50b,2026-07-10T13:06:21+09:00
n2bd2816b75b0,m54b2ccd56b12,2026-07-10T06:33:51+09:00
n2bd2816b75b0,m5c9c88eb4983,2026-07-10T03:11:54+09:00
n2bd2816b75b0,m5ca58e6bf38b,2026-07-10T03:11:54+09:00
n2bd2816b75b0,m60e9635b6cb6,2026-07-09T23:38:28+09:00
n2bd2816b75b0,m60fb5d15f701,2026-07-12T02:15:23+09:00
n2bd2816b75b0,m6d69812caeed,2026-07-10T03:11:54+09:00
n2bd2816b75b0,m743c88e4a3b2,2026-07-20T16:08:59+09:00
n2bd2816b75b0,m78e1caab29a1,2026-07-09T23:38:28+09:00
n2bd2816b75b0,m7ae6f1512188,2026-07-09T23:38:28+09:00
n2bd2816b75b0,m7de26e2e10de,2026-07-13T12:47:00+09:00
n2bd2816b75b0,m7e46a705cb77,2026-07-09T23:38:28+09:00
n2bd2816b75b0,m7fe516b2d594,2026-07-09T23:38:28+09:00
n2bd2816b75b0,m821d82fa5dce,2026-07-10T19:54:38+09:00
n2bd2816b75b0,m87b2c27c2c91,2026-07-09T23:38:28+09:00
n2bd2816b75b0,m8941c4216b99,2026-07-10T13:06:21+09:00
n2bd2816b75b0,m97848c1bdf32,2026-07-09T23:38:28+09:00
n2bd2816b75b0,m99ebd3a7fbf7,2026-07-21T03:21:56+09:00
n2bd2816b75b0,ma4f7761ee62b,2026-07-13T05:56:56+09:00
n2bd2816b75b0,ma8d107d9475f,2026-07-09T23:38:28+09:00
n2bd2816b75b0,maa5a2a7f67c6,2026-07-10T13:06:21+09:00
n2bd2816b75b0,maba8091875be,2026-07-09T23:38:28+09:00
n2bd2816b75b0,mad8d2935fc54,2026-07-09T23:38:28+09:00
n2bd2816b75b0,mb19581064ca7,2026-07-10T19:54:38+09:00
n2bd2816b75b0,mb80e8e661ebe,2026-07-09T23:38:28+09:00
n2bd2816b75b0,mba07f6638f58,2026-07-09T23:38:28+09:00
n2bd2816b75b0,mbb0b33794d86,2026-07-09T23:38:28+09:00
n2bd2816b75b0,mc3b092076119,2026-07-10T16:56:34+09:00
n2bd2816b75b0,mc7c43a9831f4,2026-07-09T23:38:28+09:00
n2bd2816b75b0,mcdf4ee972bd9,2026-07-09T23:38:28+09:00
n2bd2816b75b0,mcfb504b2261b,2026-07-10T19:54:38+09:00
n2bd2816b75b0,mcff84edbf9b7,2026-07-12T02:15:23+09:00
n2bd2816b75b0,mcff9b6cb3037,2026-07-10T03:11:54+09:00
n2bd2816b75b0,md1d64f3e53b1,2026-07-10T16:56:34+09:00
n2bd2816b75b0,me0a7e3361736,2026-07-09T23:38:28+09:00
n2bd2816b75b0,me2d300fe8fb9,2026-07-10T03:11:54+09:00
n2bd2816b75b0,me3590cc8b7e1,2026-07-09T23:38:28+09:00
n2bd2816b75b0,me3c1530749d9,2026-07-10T19:54:38+09:00
n2bd2816b75b0,me491456dc440,2026-07-10T13:06:21+09:00
n2bd2816b75b0,me50627303786,2026-07-10T03:11:54+09:00
n2bd2816b75b0,me609ab2c7895,2026-07-14T12:08:10+09:00
n2bd2816b75b0,mfa1cb167e2a1,2026-07-09T23:38:28+09:00
n2bd2816b75b0,mfc8edd12fdc2,2026-07-09T23:38:28+09:00
n2bd2816b75b0,mfc9d03c23504,2026-07-10T13:06:21+09:00
n2ce43dd87720,m00293b733784,2026-05-09T18:00:00+09:00
n2ce43dd87720,m0988ee24cf93,2026-05-09T18:00:00+09:00
n2ce43dd87720,m0f6484462f7f,2026-05-09T18:00:00+09:00
n2ce43dd87720,m16095e384518,2026-05-09T18:00:00+09:00
n2ce43dd87720,m1de95ffb4171,2026-05-09T18:00:00+09:00
n2ce43dd87720,m1e77a2ceb57c,2026-05-09T18:00:00+09:00
n2ce43dd87720,m2e9b901b1ba9,2026-05-09T18:00:00+09:00
n2ce43dd87720,m30a248399fe0,2026-05-09T18:00:00+09:00
n2ce43dd87720,m3c45350367a2,2026-06-04T11:47:22+09:00
n2ce43dd87720,m5ca58e6bf38b,2026-05-09T18:00:00+09:00
n2ce43dd87720,m66feefd13085,2026-05-09T18:00:00+09:00
n2ce43dd87720,m6d69812caeed,2026-05-09T18:00:00+09:00
n2ce43dd87720,m743c88e4a3b2,2026-05-09T18:00:00+09:00
n2ce43dd87720,m75f772071126,2026-05-09T18:00:00+09:00
n2ce43dd87720,m78e1caab29a1,2026-05-09T18:00:00+09:00
n2ce43dd87720,m7ae6f1512188,2026-05-09T18:00:00+09:00
n2ce43dd87720,m823f59a7ed0a,2026-06-23T11:17:22+09:00
n2ce43dd87720,m83b0e4ce814d,2026-05-09T18:00:00+09:00
n2ce43dd87720,m87b2c27c2c91,2026-05-09T18:00:00+09:00
n2ce43dd87720,m97848c1bdf32,2026-05-09T18:00:00+09:00
n2ce43dd87720,ma4f7761ee62b,2026-05-09T18:00:00+09:00
n2ce43dd87720,ma8d107d9475f,2026-05-09T18:00:00+09:00
n2ce43dd87720,maba8091875be,2026-06-23T16:55:47+09:00
n2ce43dd87720,mad8d2935fc54,2026-05-09T18:00:00+09:00
n2ce43dd87720,mb607a414c367,2026-05-09T18:00:00+09:00
n2ce43dd87720,mbb0b33794d86,2026-05-09T18:00:00+09:00
n2ce43dd87720,mc3b092076119,2026-05-09T18:00:00+09:00
n2ce43dd87720,mc7c43a9831f4,2026-05-09T18:00:00+09:00
n2ce43dd87720,md1868a762043,2026-05-09T18:00:00+09:00
n2ce43dd87720,md1d64f3e53b1,2026-05-09T18:00:00+09:00
n2ce43dd87720,md2bd041982f0,2026-05-09T18:00:00+09:00
n2ce43dd87720,me0a7e3361736,2026-05-09T18:00:00+09:00
n2ce43dd87720,me2d300fe8fb9,2026-05-09T18:00:00+09:00
n2ce43dd87720,me50627303786,2026-05-09T18:00:00+09:00
n2ce43dd87720,mecb786e95ed5,2026-05-09T18:00:00+09:00
n2ce43dd87720,mfa1cb167e2a1,2026-05-09T18:00:00+09:00
n2ce43dd87720,mfc8edd12fdc2,2026-05-09T18:00:00+09:00
n2ce43dd87720,mfc9d03c23504,2026-05-09T18:00:00+09:00
n2d14f53155e6,m00293b733784,2026-05-26T18:00:00+09:00
n2d14f53155e6,m0921d4d120a8,2026-05-26T18:00:00+09:00
n2d14f53155e6,m0988ee24cf93,2026-05-26T18:00:00+09:00
n2d14f53155e6,m19b3b433abf2,2026-05-26T18:00:00+09:00
n2d14f53155e6,m1de95ffb4171,2026-05-26T18:00:00+09:00
n2d14f53155e6,m28654e6bea0e,2026-05-26T18:00:00+09:00
n2d14f53155e6,m2df62a6b1a97,2026-06-25T11:20:36+09:00
n2d14f53155e6,m30a248399fe0,2026-05-26T18:00:00+09:00
n2d14f53155e6,m3c45350367a2,2026-05-26T18:00:00+09:00
n2d14f53155e6,m3ec67f102868,2026-05-26T18:00:00+09:00
n2d14f53155e6,m5c9c88eb4983,2026-05-26T18:00:00+09:00
n2d14f53155e6,m5ca58e6bf38b,2026-05-26T18:00:00+09:00
n2d14f53155e6,m5e0b116a568a,2026-05-29T17:10:21+09:00
n2d14f53155e6,m6d69812caeed,2026-05-26T18:00:00+09:00
n2d14f53155e6,m743c88e4a3b2,2026-05-26T18:00:00+09:00
n2d14f53155e6,m75f772071126,2026-05-26T18:00:00+09:00
n2d14f53155e6,m78e1caab29a1,2026-05-26T18:00:00+09:00
n2d14f53155e6,m7ae6f1512188,2026-05-26T18:00:00+09:00
n2d14f53155e6,m854ef6e77955,2026-05-26T18:00:00+09:00
n2d14f53155e6,m87b2c27c2c91,2026-05-26T18:00:00+09:00
n2d14f53155e6,m97848c1bdf32,2026-05-26T18:00:00+09:00
n2d14f53155e6,ma4f7761ee62b,2026-05-26T18:00:00+09:00
n2d14f53155e6,ma8d107d9475f,2026-06-08T18:02:00+09:00
n2d14f53155e6,maba8091875be,2026-06-08T18:02:00+09:00
n2d14f53155e6,mad8d2935fc54,2026-05-26T18:00:00+09:00
n2d14f53155e6,mb607a414c367,2026-05-26T18:00:00+09:00
n2d14f53155e6,mbb0b33794d86,2026-05-26T18:00:00+09:00
n2d14f53155e6,mc3b092076119,2026-05-26T18:00:00+09:00
n2d14f53155e6,mc7c43a9831f4,2026-05-26T18:00:00+09:00
n2d14f53155e6,mc86c779585e3,2026-05-26T18:00:00+09:00
n2d14f53155e6,md1868a762043,2026-05-26T18:00:00+09:00
n2d14f53155e6,md1d64f3e53b1,2026-05-26T18:00:00+09:00
n2d14f53155e6,me0a7e3361736,2026-05-26T18:00:00+09:00
n2d14f53155e6,me50627303786,2026-05-26T18:00:00+09:00
n2d14f53155e6,mfa4dbb02c352,2026-05-26T18:00:00+09:00
n2d14f53155e6,mfc8edd12fdc2,2026-05-26T18:00:00+09:00
n2df4d30810a8,m00293b733784,2026-04-16T18:00:00+09:00
n2df4d30810a8,m1e77a2ceb57c,2026-04-16T18:00:00+09:00
n2df4d30810a8,m2e9b901b1ba9,2026-04-16T18:00:00+09:00
n2df4d30810a8,m3c45350367a2,2026-06-23T20:36:09+09:00
n2df4d30810a8,m441ca83d8993,2026-04-16T18:00:00+09:00
n2df4d30810a8,m53405fd7b9aa,2026-04-16T18:00:00+09:00
n2df4d30810a8,m740ac248bb64,2026-04-16T18:00:00+09:00
n2df4d30810a8,m78e1caab29a1,2026-04-16T18:00:00+09:00
n2df4d30810a8,m7ae6f1512188,2026-04-16T18:00:00+09:00
n2df4d30810a8,m87b2c27c2c91,2026-04-16T18:00:00+09:00
n2df4d30810a8,mad8d2935fc54,2026-04-16T18:00:00+09:00
n2df4d30810a8,mb19581064ca7,2026-04-16T18:00:00+09:00
n2df4d30810a8,mbb0b33794d86,2026-04-16T18:00:00+09:00
n2df4d30810a8,mc3b092076119,2026-04-16T18:00:00+09:00
n2df4d30810a8,mc4cffef07914,2026-04-16T18:00:00+09:00
n2df4d30810a8,mc86c779585e3,2026-04-16T18:00:00+09:00
n2df4d30810a8,md060aa7d8db7,2026-04-16T18:00:00+09:00
n2df4d30810a8,me50627303786,2026-04-16T18:00:00+09:00
n2df4d30810a8,mead8ba3e8fdf,2026-04-16T18:00:00+09:00
n2df4d30810a8,mfa1cb167e2a1,2026-04-16T18:00:00+09:00
n2df4d30810a8,mfc8edd12fdc2,2026-04-16T18:00:00+09:00
n2df4d30810a8,mfc9d03c23504,2026-04-16T18:00:00+09:00
n30b16d04fff7,m00293b733784,2026-06-25T20:01:24+09:00
n30b16d04fff7,m01cb6624a2fd,2026-06-25T23:12:20+09:00
n30b16d04fff7,m0988ee24cf93,2026-06-25T23:12:20+09:00
n30b16d04fff7,m0c630cc12b41,2026-06-26T23:43:37+09:00
n30b16d04fff7,m192171037579,2026-06-25T20:01:24+09:00
n30b16d04fff7,m19b3b433abf2,2026-06-26T23:43:37+09:00
n30b16d04fff7,m1de95ffb4171,2026-06-25T20:01:24+09:00
n30b16d04fff7,m1e77a2ceb57c,2026-06-25T20:01:24+09:00
n30b16d04fff7,m26d93ca7080b,2026-06-27T22:18:52+09:00
n30b16d04fff7,m28654e6bea0e,2026-06-25T20:01:24+09:00
n30b16d04fff7,m2df62a6b1a97,2026-06-27T16:39:28+09:00
n30b16d04fff7,m2e9b901b1ba9,2026-06-26T23:43:37+09:00
n30b16d04fff7,m30a248399fe0,2026-06-26T03:26:55+09:00
n30b16d04fff7,m310b87610c59,2026-06-25T20:01:24+09:00
n30b16d04fff7,m37d340b019a6,2026-06-25T20:01:24+09:00
n30b16d04fff7,m3c45350367a2,2026-06-25T23:12:20+09:00
n30b16d04fff7,m547e9622e50b,2026-06-25T23:12:20+09:00
n30b16d04fff7,m54b2ccd56b12,2026-06-26T23:43:37+09:00
n30b16d04fff7,m54c3e22e02f7,2026-06-27T16:39:28+09:00
n30b16d04fff7,m5a117d075a64,2026-06-26T23:43:37+09:00
n30b16d04fff7,m5c9c88eb4983,2026-06-26T23:43:37+09:00
n30b16d04fff7,m5ca58e6bf38b,2026-06-26T23:43:37+09:00
n30b16d04fff7,m5e0b116a568a,2026-06-29T18:20:23+09:00
n30b16d04fff7,m60e9635b6cb6,2026-06-25T23:12:20+09:00
n30b16d04fff7,m60fb5d15f701,2026-07-05T19:14:30+09:00
n30b16d04fff7,m6b65ceacc285,2026-06-26T23:43:37+09:00
n30b16d04fff7,m6d3400fb7014,2026-06-25T20:01:24+09:00
n30b16d04fff7,m6d69812caeed,2026-06-25T20:01:24+09:00
n30b16d04fff7,m726592019c85,2026-06-25T20:01:24+09:00
n30b16d04fff7,m743c88e4a3b2,2026-06-25T23:12:20+09:00
n30b16d04fff7,m75f772071126,2026-06-26T23:43:37+09:00
n30b16d04fff7,m768b3f4cf6e4,2026-06-25T20:01:24+09:00
n30b16d04fff7,m78e1caab29a1,2026-06-25T23:12:20+09:00
n30b16d04fff7,m7ae6f1512188,2026-06-26T03:26:55+09:00
n30b16d04fff7,m7c76be531c5e,2026-07-01T23:15:02+09:00
n30b16d04fff7,m7de26e2e10de,2026-06-26T23:43:37+09:00
n30b16d04fff7,m7fe516b2d594,2026-06-25T20:01:24+09:00
n30b16d04fff7,m821d82fa5dce,2026-06-26T23:43:37+09:00
n30b16d04fff7,m87b2c27c2c91,2026-06-25T20:01:24+09:00
n30b16d04fff7,m97848c1bdf32,2026-06-25T23:12:20+09:00
n30b16d04fff7,ma4f7761ee62b,2026-06-26T23:43:37+09:00
n30b16d04fff7,ma8d107d9475f,2026-06-25T23:12:20+09:00
n30b16d04fff7,maa5a2a7f67c6,2026-06-25T20:01:24+09:00
n30b16d04fff7,maba8091875be,2026-06-25T23:12:20+09:00
n30b16d04fff7,mad8d2935fc54,2026-06-25T20:01:24+09:00
n30b16d04fff7,mb80e8e661ebe,2026-06-26T03:26:55+09:00
n30b16d04fff7,mba07f6638f58,2026-06-26T23:43:37+09:00
n30b16d04fff7,mbb0b33794d86,2026-06-25T20:01:24+09:00
n30b16d04fff7,mc08cb4916e00,2026-06-26T23:43:37+09:00
n30b16d04fff7,mc3b092076119,2026-06-26T03:26:55+09:00
n30b16d04fff7,mc7c43a9831f4,2026-06-25T20:01:24+09:00
n30b16d04fff7,mc86c779585e3,2026-06-25T23:12:20+09:00
n30b16d04fff7,mcf500208b8d9,2026-06-25T20:01:24+09:00
n30b16d04fff7,mcff9b6cb3037,2026-06-25T20:01:24+09:00
n30b16d04fff7,md2bd041982f0,2026-06-25T20:01:24+09:00
n30b16d04fff7,me0a7e3361736,2026-06-25T23:12:20+09:00
n30b16d04fff7,me2d300fe8fb9,2026-06-25T23:12:20+09:00
n30b16d04fff7,me3c1530749d9,2026-06-26T23:43:37+09:00
n30b16d04fff7,me491456dc440,2026-06-25T23:12:20+09:00
n30b16d04fff7,me50627303786,2026-06-30T20:02:40+09:00
n30b16d04fff7,mead8ba3e8fdf,2026-06-26T23:43:37+09:00
n30b16d04fff7,mf2d7c09eeca9,2026-06-27T16:39:28+09:00
n30b16d04fff7,mfa1cb167e2a1,2026-06-25T20:01:24+09:00
n30b16d04fff7,mfc8edd12fdc2,2026-06-26T23:43:37+09:00
n30b16d04fff7,mfc9d03c23504,2026-06-25T23:12:20+09:00
n31f7bce6754b,m3c45350367a2,2026-07-30T15:48:07+09:00
n31f7bce6754b,m5ca58e6bf38b,2026-03-02T07:12:43+09:00
n31f7bce6754b,m78e1caab29a1,2026-07-06T21:05:51+09:00
n31f7bce6754b,m7fe516b2d594,2026-03-02T07:12:43+09:00
n31f7bce6754b,mc86c779585e3,2026-03-02T07:12:43+09:00
n3252b39e47ed,m1de95ffb4171,2026-06-22T18:56:40+09:00
n3252b39e47ed,m3c45350367a2,2026-07-23T19:23:43+09:00
n3252b39e47ed,m46619b37427d,2026-03-20T06:00:00+09:00
n3252b39e47ed,m78e1caab29a1,2026-06-23T23:31:04+09:00
n3252b39e47ed,m7ae6f1512188,2026-03-20T06:00:00+09:00
n3252b39e47ed,m854ef6e77955,2026-03-20T06:00:00+09:00
n3252b39e47ed,ma4f7761ee62b,2026-06-24T03:14:42+09:00
n3252b39e47ed,mbb0b33794d86,2026-03-20T06:00:00+09:00
n3252b39e47ed,mc3b092076119,2026-03-20T06:00:00+09:00
n3252b39e47ed,mc7c43a9831f4,2026-06-22T18:56:40+09:00
n3252b39e47ed,mc86c779585e3,2026-03-20T06:00:00+09:00
n3252b39e47ed,md929b2a701ae,2026-03-20T06:00:00+09:00
n3252b39e47ed,me0a7e3361736,2026-06-24T03:14:42+09:00
n3252b39e47ed,me50627303786,2026-03-20T06:00:00+09:00
n3252b39e47ed,me5e1bbd5a5a6,2026-03-20T06:00:00+09:00
n32b5fa7a159b,m00293b733784,2026-04-15T18:00:00+09:00
n32b5fa7a159b,m0921d4d120a8,2026-04-15T18:00:00+09:00
n32b5fa7a159b,m2ca4e8ea4f14,2026-04-15T18:00:00+09:00
n32b5fa7a159b,m2e9b901b1ba9,2026-04-15T18:00:00+09:00
n32b5fa7a159b,m3c45350367a2,2026-06-23T20:36:09+09:00
n32b5fa7a159b,m441ca83d8993,2026-04-15T18:00:00+09:00
n32b5fa7a159b,m740ac248bb64,2026-04-15T18:00:00+09:00
n32b5fa7a159b,m78e1caab29a1,2026-04-15T18:00:00+09:00
n32b5fa7a159b,m7ae6f1512188,2026-04-15T18:00:00+09:00
n32b5fa7a159b,m7afa428d1412,2026-04-15T18:00:00+09:00
n32b5fa7a159b,m7ddef4ea4bd3,2026-04-15T18:00:00+09:00
n32b5fa7a159b,m87b2c27c2c91,2026-04-15T18:00:00+09:00
n32b5fa7a159b,mad8d2935fc54,2026-04-15T18:00:00+09:00
n32b5fa7a159b,mbb0b33794d86,2026-04-15T18:00:00+09:00
n32b5fa7a159b,mc3b092076119,2026-04-15T18:00:00+09:00
n32b5fa7a159b,mc7c43a9831f4,2026-04-15T18:00:00+09:00
n32b5fa7a159b,mc86c779585e3,2026-04-15T18:00:00+09:00
n32b5fa7a159b,md1d64f3e53b1,2026-04-15T18:00:00+09:00
n32b5fa7a159b,me0a7e3361736,2026-04-15T18:00:00+09:00
n32b5fa7a159b,me50627303786,2026-04-15T18:00:00+09:00
n32b5fa7a159b,mfc9d03c23504,2026-04-15T18:00:00+09:00
n3319ea5d2f50,m00293b733784,2026-06-09T20:33:37+09:00
n3319ea5d2f50,m0487cabc2df9,2026-06-11T03:45:07+09:00
n3319ea5d2f50,m0921d4d120a8,2026-06-10T17:15:40+09:00
n3319ea5d2f50,m0988ee24cf93,2026-06-10T17:15:40+09:00
n3319ea5d2f50,m16095e384518,2026-06-12T17:31:56+09:00
n3319ea5d2f50,m16384598a49a,2026-06-10T03:21:37+09:00
n3319ea5d2f50,m192171037579,2026-06-11T17:43:24+09:00
n3319ea5d2f50,m1de95ffb4171,2026-06-09T20:33:37+09:00
n3319ea5d2f50,m1e77a2ceb57c,2026-06-11T11:46:19+09:00
n3319ea5d2f50,m28654e6bea0e,2026-06-09T20:33:37+09:00
n3319ea5d2f50,m2df62a6b1a97,2026-06-25T11:20:36+09:00
n3319ea5d2f50,m2e9b901b1ba9,2026-06-11T21:27:57+09:00
n3319ea5d2f50,m310b87610c59,2026-06-09T20:33:37+09:00
n3319ea5d2f50,m3c45350367a2,2026-06-10T11:21:04+09:00
n3319ea5d2f50,m4eb56c8bcbc2,2026-06-12T04:01:03+09:00
n3319ea5d2f50,m547e9622e50b,2026-06-12T17:31:56+09:00
n3319ea5d2f50,m54b2ccd56b12,2026-06-11T21:27:57+09:00
n3319ea5d2f50,m5a117d075a64,2026-06-24T20:09:06+09:00
n3319ea5d2f50,m5c87df568874,2026-06-13T22:33:02+09:00
n3319ea5d2f50,m5c9c88eb4983,2026-06-12T17:31:56+09:00
n3319ea5d2f50,m5ca58e6bf38b,2026-06-09T20:33:37+09:00
n3319ea5d2f50,m60fb5d15f701,2026-07-28T19:35:01+09:00
n3319ea5d2f50,m6b65ceacc285,2026-06-18T11:46:48+09:00
n3319ea5d2f50,m6d3400fb7014,2026-06-09T20:33:37+09:00
n3319ea5d2f50,m6d69812caeed,2026-06-09T23:28:05+09:00
n3319ea5d2f50,m740ac248bb64,2026-06-15T06:18:22+09:00
n3319ea5d2f50,m743c88e4a3b2,2026-06-09T20:33:37+09:00
n3319ea5d2f50,m75f772071126,2026-06-11T21:27:57+09:00
n3319ea5d2f50,m768b3f4cf6e4,2026-06-11T17:43:24+09:00
n3319ea5d2f50,m78e1caab29a1,2026-06-09T23:28:05+09:00
n3319ea5d2f50,m7ae6f1512188,2026-06-09T20:33:37+09:00
n3319ea5d2f50,m7c76be531c5e,2026-07-05T22:16:03+09:00
n3319ea5d2f50,m7de26e2e10de,2026-06-10T17:15:40+09:00
n3319ea5d2f50,m7e46a705cb77,2026-07-13T02:17:47+09:00
n3319ea5d2f50,m87b2c27c2c91,2026-06-09T20:33:37+09:00
n3319ea5d2f50,m97848c1bdf32,2026-06-09T20:33:37+09:00
n3319ea5d2f50,ma4f7761ee62b,2026-06-09T20:33:37+09:00
n3319ea5d2f50,ma8d107d9475f,2026-06-09T20:33:37+09:00
n3319ea5d2f50,mad8d2935fc54,2026-06-10T03:21:37+09:00
n3319ea5d2f50,mb607a414c367,2026-06-17T18:09:34+09:00
n3319ea5d2f50,mb80e8e661ebe,2026-06-09T20:33:37+09:00
n3319ea5d2f50,mba07f6638f58,2026-06-11T21:27:57+09:00
n3319ea5d2f50,mbb0b33794d86,2026-06-09T20:33:37+09:00
n3319ea5d2f50,mc3b092076119,2026-06-10T20:55:34+09:00
n3319ea5d2f50,mc6dad877a6d7,2026-06-14T11:45:00+09:00
n3319ea5d2f50,mc7c43a9831f4,2026-06-09T20:33:37+09:00
n3319ea5d2f50,mc86c779585e3,2026-06-09T23:28:05+09:00
n3319ea5d2f50,mcf500208b8d9,2026-06-09T20:33:37+09:00
n3319ea5d2f50,mcff9b6cb3037,2026-06-09T23:28:05+09:00
n3319ea5d2f50,md1d64f3e53b1,2026-06-12T04:01:03+09:00
n3319ea5d2f50,mda8e3e5ed85c,2026-06-13T16:55:29+09:00
n3319ea5d2f50,me0a7e3361736,2026-06-09T20:33:37+09:00
n3319ea5d2f50,me2d300fe8fb9,2026-06-10T23:58:46+09:00
n3319ea5d2f50,me3590cc8b7e1,2026-06-09T20:33:37+09:00
n3319ea5d2f50,me50627303786,2026-06-09T20:33:37+09:00
n3319ea5d2f50,mead8ba3e8fdf,2026-06-11T17:43:24+09:00
n3319ea5d2f50,mf815c8f3b6d2,2026-06-16T22:12:32+09:00
n3319ea5d2f50,mfa1cb167e2a1,2026-06-11T11:46:19+09:00
n3319ea5d2f50,mfc8edd12fdc2,2026-06-09T20:33:37+09:00
n3319ea5d2f50,mfc9d03c23504,2026-06-11T21:27:57+09:00
n334633f6f772,m3dae738ba1c1,2026-06-23T11:17:22+09:00
n334633f6f772,m823f59a7ed0a,2026-06-23T11:17:22+09:00
n334633f6f772,mbb0b33794d86,2026-06-07T17:03:23+09:00
n334633f6f772,mc86c779585e3,2026-06-07T11:29:52+09:00
n334633f6f772,md2bd041982f0,2026-01-18T11:17:16+09:00
n341e071cc412,m00293b733784,2026-04-14T18:00:00+09:00
n341e071cc412,m16384598a49a,2026-04-14T18:00:00+09:00
n341e071cc412,m1e77a2ceb57c,2026-04-14T18:00:00+09:00
n341e071cc412,m367178b3f457,2026-04-14T18:00:00+09:00
n341e071cc412,m3c45350367a2,2026-06-25T16:51:29+09:00
n341e071cc412,m3ec67f102868,2026-04-14T18:00:00+09:00
n341e071cc412,m441ca83d8993,2026-04-14T18:00:00+09:00
n341e071cc412,m740ac248bb64,2026-04-14T18:00:00+09:00
n341e071cc412,m78e1caab29a1,2026-04-14T18:00:00+09:00
n341e071cc412,m7ae6f1512188,2026-04-14T18:00:00+09:00
n341e071cc412,m854ef6e77955,2026-04-14T18:00:00+09:00
n341e071cc412,m87b2c27c2c91,2026-04-14T18:00:00+09:00
n341e071cc412,ma4f7761ee62b,2026-04-14T18:00:00+09:00
n341e071cc412,mbb0b33794d86,2026-04-14T18:00:00+09:00
n341e071cc412,mc3b092076119,2026-04-14T18:00:00+09:00
n341e071cc412,mc7c43a9831f4,2026-04-14T18:00:00+09:00
n341e071cc412,mc86c779585e3,2026-04-14T18:00:00+09:00
n341e071cc412,md1d64f3e53b1,2026-04-14T18:00:00+09:00
n341e071cc412,me0a7e3361736,2026-04-14T18:00:00+09:00
n341e071cc412,me3c1530749d9,2026-06-26T23:43:37+09:00
n341e071cc412,me50627303786,2026-04-14T18:00:00+09:00
n341e071cc412,mfa1cb167e2a1,2026-04-14T18:00:00+09:00
n353f52f0658e,mbb0b33794d86,2026-06-30T00:41:26+09:00
n353f52f0658e,mc86c779585e3,2026-02-10T12:31:57+09:00
n378e8eef9539,m00293b733784,2026-07-22T02:39:32+09:00
n378e8eef9539,m01cb6624a2fd,2026-07-23T22:33:31+09:00
n378e8eef9539,m0675215a66e7,2026-07-21T12:34:50+09:00
n378e8eef9539,m0988ee24cf93,2026-07-22T06:20:38+09:00
n378e8eef9539,m0f6484462f7f,2026-07-24T02:42:22+09:00
n378e8eef9539,m16095e384518,2026-07-22T12:32:44+09:00
n378e8eef9539,m192171037579,2026-07-21T15:48:56+09:00
n378e8eef9539,m19b3b433abf2,2026-07-22T22:30:34+09:00
n378e8eef9539,m1de95ffb4171,2026-07-21T12:34:50+09:00
n378e8eef9539,m1e77a2ceb57c,2026-07-23T19:23:43+09:00
n378e8eef9539,m26d93ca7080b,2026-07-22T02:39:32+09:00
n378e8eef9539,m28654e6bea0e,2026-07-21T15:48:56+09:00
n378e8eef9539,m2df62a6b1a97,2026-07-22T15:50:04+09:00
n378e8eef9539,m2e9b901b1ba9,2026-07-21T19:24:49+09:00
n378e8eef9539,m30a248399fe0,2026-07-22T19:25:55+09:00
n378e8eef9539,m310b87610c59,2026-07-21T12:34:50+09:00
n378e8eef9539,m334fb05a2022,2026-07-25T12:33:39+09:00
n378e8eef9539,m3c45350367a2,2026-07-21T15:48:56+09:00
n378e8eef9539,m43692d4ce4da,2026-07-29T22:54:26+09:00
n378e8eef9539,m4c7f1907bb74,2026-07-22T19:25:55+09:00
n378e8eef9539,m531dee90a84a,2026-07-22T02:39:32+09:00
n378e8eef9539,m547e9622e50b,2026-07-21T22:23:29+09:00
n378e8eef9539,m5a117d075a64,2026-07-22T19:25:55+09:00
n378e8eef9539,m5c9c88eb4983,2026-07-23T12:40:41+09:00
n378e8eef9539,m5ca58e6bf38b,2026-07-22T22:30:34+09:00
n378e8eef9539,m5e0b116a568a,2026-07-21T19:24:49+09:00
n378e8eef9539,m60e9635b6cb6,2026-07-22T12:32:44+09:00
n378e8eef9539,m60fb5d15f701,2026-07-21T19:24:49+09:00
n378e8eef9539,m6484622342c0,2026-07-22T02:39:32+09:00
n378e8eef9539,m651aaa4e52a9,2026-07-22T02:39:32+09:00
n378e8eef9539,m6b40be643b94,2026-07-23T12:40:41+09:00
n378e8eef9539,m6b65ceacc285,2026-07-23T22:33:31+09:00
n378e8eef9539,m6d69812caeed,2026-07-21T19:24:49+09:00
n378e8eef9539,m743c88e4a3b2,2026-07-21T12:34:50+09:00
n378e8eef9539,m75f772071126,2026-07-21T22:23:29+09:00
n378e8eef9539,m768b3f4cf6e4,2026-07-22T15:50:04+09:00
n378e8eef9539,m78e1caab29a1,2026-07-21T22:23:29+09:00
n378e8eef9539,m7ae6f1512188,2026-07-21T19:24:49+09:00
n378e8eef9539,m7c76be531c5e,2026-07-23T22:33:31+09:00
n378e8eef9539,m7e46a705cb77,2026-07-21T19:24:49+09:00
n378e8eef9539,m7fe516b2d594,2026-07-21T12:34:50+09:00
n378e8eef9539,m821d82fa5dce,2026-07-22T15:50:04+09:00
n378e8eef9539,m83b0e4ce814d,2026-07-21T15:48:56+09:00
n378e8eef9539,m87b2c27c2c91,2026-07-22T02:39:32+09:00
n378e8eef9539,m97848c1bdf32,2026-07-22T12:32:44+09:00
n378e8eef9539,m99ebd3a7fbf7,2026-07-22T06:20:38+09:00
n378e8eef9539,ma5bd9f7c40cf,2026-07-22T02:39:32+09:00
n378e8eef9539,ma8d107d9475f,2026-07-22T12:32:44+09:00
n378e8eef9539,maa5a2a7f67c6,2026-07-21T12:34:50+09:00
n378e8eef9539,maba8091875be,2026-07-22T12:32:44+09:00
n378e8eef9539,mad8d2935fc54,2026-07-21T19:24:49+09:00
n378e8eef9539,mb607a414c367,2026-07-22T12:32:44+09:00
n378e8eef9539,mb80e8e661ebe,2026-07-21T19:24:49+09:00
n378e8eef9539,mba07f6638f58,2026-07-22T19:25:55+09:00
n378e8eef9539,mbb0b33794d86,2026-07-21T12:34:50+09:00
n378e8eef9539,mc3b092076119,2026-07-21T15:48:56+09:00
n378e8eef9539,mc7c43a9831f4,2026-07-21T12:34:50+09:00
n378e8eef9539,mc86c779585e3,2026-07-22T12:32:44+09:00
n378e8eef9539,mcff9b6cb3037,2026-07-21T19:24:49+09:00
n378e8eef9539,md1868a762043,2026-07-21T12:34:50+09:00
n378e8eef9539,md1d64f3e53b1,2026-07-24T02:42:22+09:00
n378e8eef9539,md1ddaa59f278,2026-07-21T12:34:50+09:00
n378e8eef9539,md2bd041982f0,2026-07-21T12:34:50+09:00
n378e8eef9539,me0a7e3361736,2026-07-22T12:32:44+09:00
n378e8eef9539,me2d300fe8fb9,2026-07-22T15:50:04+09:00
n378e8eef9539,me491456dc440,2026-07-24T12:33:22+09:00
n378e8eef9539,me50627303786,2026-07-21T15:48:56+09:00
n378e8eef9539,me609ab2c7895,2026-07-21T22:23:29+09:00
n378e8eef9539,mecb786e95ed5,2026-07-21T12:34:50+09:00
n378e8eef9539,mfa1cb167e2a1,2026-07-23T19:23:43+09:00
n378e8eef9539,mfc8edd12fdc2,2026-07-23T19:23:43+09:00
n378e8eef9539,mfc9d03c23504,2026-07-21T19:24:49+09:00
n37e682fd1aa3,m00293b733784,2026-04-24T18:00:00+09:00
n37e682fd1aa3,m0921d4d120a8,2026-04-24T18:00:00+09:00
n37e682fd1aa3,m16384598a49a,2026-04-24T18:00:00+09:00
n37e682fd1aa3,m1de95ffb4171,2026-04-24T18:00:00+09:00
n37e682fd1aa3,m1e77a2ceb57c,2026-04-24T18:00:00+09:00
n37e682fd1aa3,m2df62a6b1a97,2026-06-25T11:20:36+09:00
n37e682fd1aa3,m2e9b901b1ba9,2026-04-24T18:00:00+09:00
n37e682fd1aa3,m30a248399fe0,2026-04-24T18:00:00+09:00
n37e682fd1aa3,m3c45350367a2,2026-06-18T21:08:56+09:00
n37e682fd1aa3,m5165ac46c7d8,2026-04-24T18:00:00+09:00
n37e682fd1aa3,m5ca58e6bf38b,2026-04-24T18:00:00+09:00
n37e682fd1aa3,m740ac248bb64,2026-04-24T18:00:00+09:00
n37e682fd1aa3,m743c88e4a3b2,2026-04-24T18:00:00+09:00
n37e682fd1aa3,m78e1caab29a1,2026-04-24T18:00:00+09:00
n37e682fd1aa3,m7ae6f1512188,2026-04-24T18:00:00+09:00
n37e682fd1aa3,m7fe516b2d594,2026-04-24T18:00:00+09:00
n37e682fd1aa3,m87b2c27c2c91,2026-04-24T18:00:00+09:00
n37e682fd1aa3,mad8d2935fc54,2026-04-24T18:00:00+09:00
n37e682fd1aa3,mbb0b33794d86,2026-04-24T18:00:00+09:00
n37e682fd1aa3,mc3b092076119,2026-04-24T18:00:00+09:00
n37e682fd1aa3,mc7c43a9831f4,2026-04-24T18:00:00+09:00
n37e682fd1aa3,md1d64f3e53b1,2026-04-24T18:00:00+09:00
n37e682fd1aa3,mdf64cd8c3686,2026-04-24T18:00:00+09:00
n37e682fd1aa3,me0a7e3361736,2026-04-24T18:00:00+09:00
n37e682fd1aa3,me2d300fe8fb9,2026-04-24T18:00:00+09:00
n37e682fd1aa3,me3590cc8b7e1,2026-04-24T18:00:00+09:00
n37e682fd1aa3,me50627303786,2026-04-24T18:00:00+09:00
n37e682fd1aa3,mead8ba3e8fdf,2026-04-24T18:00:00+09:00
n37e682fd1aa3,mecb786e95ed5,2026-04-24T18:00:00+09:00
n37e682fd1aa3,mfa1cb167e2a1,2026-04-24T18:00:00+09:00
n37e682fd1aa3,mfc8edd12fdc2,2026-04-24T18:00:00+09:00
n37e682fd1aa3,mfc9d03c23504,2026-04-24T18:00:00+09:00
n398f6a830c32,m00293b733784,2026-06-28T02:32:31+09:00
n398f6a830c32,m01cb6624a2fd,2026-06-28T22:25:40+09:00
n398f6a830c32,m0988ee24cf93,2026-06-29T02:33:41+09:00
n398f6a830c32,m0f6484462f7f,2026-07-01T17:30:57+09:00
n398f6a830c32,m16095e384518,2026-06-30T17:15:02+09:00
n398f6a830c32,m192171037579,2026-06-28T02:32:31+09:00
n398f6a830c32,m19b3b433abf2,2026-06-27T16:39:28+09:00
n398f6a830c32,m1de95ffb4171,2026-06-27T16:39:28+09:00
n398f6a830c32,m1e77a2ceb57c,2026-06-27T19:09:29+09:00
n398f6a830c32,m28654e6bea0e,2026-06-27T19:09:29+09:00
n398f6a830c32,m2ca4e8ea4f14,2026-06-30T23:06:39+09:00
n398f6a830c32,m2e9b901b1ba9,2026-06-28T02:32:31+09:00
n398f6a830c32,m30a248399fe0,2026-06-28T02:32:31+09:00
n398f6a830c32,m37d340b019a6,2026-06-29T13:59:46+09:00
n398f6a830c32,m3c45350367a2,2026-06-28T02:32:31+09:00
n398f6a830c32,m547e9622e50b,2026-07-01T20:12:26+09:00
n398f6a830c32,m54b2ccd56b12,2026-06-28T13:40:28+09:00
n398f6a830c32,m5a117d075a64,2026-07-05T22:16:03+09:00
n398f6a830c32,m5c87df568874,2026-06-29T21:37:29+09:00
n398f6a830c32,m5c9c88eb4983,2026-06-28T13:40:28+09:00
n398f6a830c32,m5ca58e6bf38b,2026-06-27T16:39:28+09:00
n398f6a830c32,m60e9635b6cb6,2026-07-15T15:35:30+09:00
n398f6a830c32,m60fb5d15f701,2026-07-03T16:42:49+09:00
n398f6a830c32,m6d69812caeed,2026-06-27T16:39:28+09:00
n398f6a830c32,m743c88e4a3b2,2026-06-30T06:41:40+09:00
n398f6a830c32,m78e1caab29a1,2026-06-27T22:18:52+09:00
n398f6a830c32,m7ae6f1512188,2026-06-28T13:40:28+09:00
n398f6a830c32,m7c76be531c5e,2026-06-28T13:40:28+09:00
n398f6a830c32,m7ddef4ea4bd3,2026-06-27T16:39:28+09:00
n398f6a830c32,m87b2c27c2c91,2026-06-28T02:32:31+09:00
n398f6a830c32,m97848c1bdf32,2026-06-27T22:18:52+09:00
n398f6a830c32,ma4f7761ee62b,2026-06-27T22:18:52+09:00
n398f6a830c32,ma8d107d9475f,2026-06-27T22:18:52+09:00
n398f6a830c32,maba8091875be,2026-06-28T22:25:40+09:00
n398f6a830c32,mad8d2935fc54,2026-06-28T13:40:28+09:00
n398f6a830c32,mbb0b33794d86,2026-06-27T16:39:28+09:00
n398f6a830c32,mc3b092076119,2026-06-28T17:11:09+09:00
n398f6a830c32,mc4ce378cb7b9,2026-07-19T15:50:27+09:00
n398f6a830c32,mc7c43a9831f4,2026-06-27T16:39:28+09:00
n398f6a830c32,mc86c779585e3,2026-06-28T17:11:09+09:00
n398f6a830c32,mcff84edbf9b7,2026-07-07T06:40:35+09:00
n398f6a830c32,mcff9b6cb3037,2026-06-27T16:39:28+09:00
n398f6a830c32,md1868a762043,2026-06-27T16:39:28+09:00
n398f6a830c32,md1d64f3e53b1,2026-06-30T03:26:10+09:00
n398f6a830c32,md33c43d62052,2026-07-19T15:50:27+09:00
n398f6a830c32,me0a7e3361736,2026-06-27T22:18:52+09:00
n398f6a830c32,me2d300fe8fb9,2026-06-27T22:18:52+09:00
n398f6a830c32,me3c1530749d9,2026-06-28T13:40:28+09:00
n398f6a830c32,me50627303786,2026-06-27T22:18:52+09:00
n398f6a830c32,mead8ba3e8fdf,2026-06-29T18:20:23+09:00
n398f6a830c32,mfa1cb167e2a1,2026-06-27T19:09:29+09:00
n398f6a830c32,mfc8edd12fdc2,2026-06-27T22:18:52+09:00
n398f6a830c32,mfc9d03c23504,2026-06-28T02:32:31+09:00
n39eb8c620b77,m00293b733784,2026-05-01T18:00:00+09:00
n39eb8c620b77,m0988ee24cf93,2026-05-01T18:00:00+09:00
n39eb8c620b77,m1492ed6d20c4,2026-05-01T18:00:00+09:00
n39eb8c620b77,m1de95ffb4171,2026-05-01T18:00:00+09:00
n39eb8c620b77,m1e77a2ceb57c,2026-05-01T18:00:00+09:00
n39eb8c620b77,m30a248399fe0,2026-05-01T18:00:00+09:00
n39eb8c620b77,m3c45350367a2,2026-06-12T23:44:40+09:00
n39eb8c620b77,m5ca58e6bf38b,2026-05-01T18:00:00+09:00
n39eb8c620b77,m743c88e4a3b2,2026-05-01T18:00:00+09:00
n39eb8c620b77,m78e1caab29a1,2026-05-01T18:00:00+09:00
n39eb8c620b77,m7fe516b2d594,2026-05-01T18:00:00+09:00
n39eb8c620b77,m821d82fa5dce,2026-07-15T15:35:30+09:00
n39eb8c620b77,m823f59a7ed0a,2026-06-23T11:17:22+09:00
n39eb8c620b77,m87b2c27c2c91,2026-05-01T18:00:00+09:00
n39eb8c620b77,mb19581064ca7,2026-05-01T18:00:00+09:00
n39eb8c620b77,mbb0b33794d86,2026-05-01T18:00:00+09:00
n39eb8c620b77,mc3b092076119,2026-05-01T18:00:00+09:00
n39eb8c620b77,mc7c43a9831f4,2026-05-01T18:00:00+09:00
n39eb8c620b77,mc86c779585e3,2026-05-01T18:00:00+09:00
n39eb8c620b77,md1868a762043,2026-05-01T18:00:00+09:00
n39eb8c620b77,md2bd041982f0,2026-05-01T18:00:00+09:00
n39eb8c620b77,me0a7e3361736,2026-05-01T18:00:00+09:00
n39eb8c620b77,me2d300fe8fb9,2026-05-01T18:00:00+09:00
n39eb8c620b77,me50627303786,2026-05-01T18:00:00+09:00
n39eb8c620b77,mfa1cb167e2a1,2026-05-01T18:00:00+09:00
n39eb8c620b77,mfc8edd12fdc2,2026-05-01T18:00:00+09:00
n3afa1d36cc03,m11881a67a893,2026-03-21T06:00:00+09:00
n3afa1d36cc03,m1de95ffb4171,2026-06-22T18:56:40+09:00
n3afa1d36cc03,m349b3be90eb0,2026-03-21T06:00:00+09:00
n3afa1d36cc03,m3c45350367a2,2026-07-23T19:23:43+09:00
n3afa1d36cc03,m3ed4b0ea704e,2026-03-21T06:00:00+09:00
n3afa1d36cc03,m46619b37427d,2026-03-21T06:00:00+09:00
n3afa1d36cc03,m53a3c3b5d431,2026-03-21T06:00:00+09:00
n3afa1d36cc03,m7ae6f1512188,2026-03-21T06:00:00+09:00
n3afa1d36cc03,m854ef6e77955,2026-03-21T06:00:00+09:00
n3afa1d36cc03,m862869c2ff9e,2026-03-21T06:00:00+09:00
n3afa1d36cc03,ma4f7761ee62b,2026-06-24T03:14:42+09:00
n3afa1d36cc03,mbb0b33794d86,2026-03-21T06:00:00+09:00
n3afa1d36cc03,mc3b092076119,2026-03-21T06:00:00+09:00
n3afa1d36cc03,mc7c43a9831f4,2026-06-22T18:56:40+09:00
n3afa1d36cc03,md929b2a701ae,2026-03-21T06:00:00+09:00
n3afa1d36cc03,mdbf1f88c8d0d,2026-03-21T06:00:00+09:00
n3afa1d36cc03,me0a7e3361736,2026-06-24T03:14:42+09:00
n3afa1d36cc03,me50627303786,2026-03-21T06:00:00+09:00
n3afa1d36cc03,mf2abfea66ec7,2026-03-21T06:00:00+09:00
n3aff8936873f,m00293b733784,2026-04-10T19:19:08+09:00
n3aff8936873f,m0921d4d120a8,2026-04-10T19:19:08+09:00
n3aff8936873f,m0988ee24cf93,2026-04-10T19:19:08+09:00
n3aff8936873f,m11881a67a893,2026-04-10T19:19:08+09:00
n3aff8936873f,m1e77a2ceb57c,2026-04-10T19:19:08+09:00
n3aff8936873f,m2e9b901b1ba9,2026-04-10T19:19:08+09:00
n3aff8936873f,m316601ae27a0,2026-04-10T19:19:08+09:00
n3aff8936873f,m3c45350367a2,2026-06-28T22:25:40+09:00
n3aff8936873f,m53a3c3b5d431,2026-04-10T19:19:08+09:00
n3aff8936873f,m6c21ad4983da,2026-04-10T19:19:08+09:00
n3aff8936873f,m740ac248bb64,2026-04-10T19:19:08+09:00
n3aff8936873f,m78e1caab29a1,2026-04-10T19:19:08+09:00
n3aff8936873f,m854ef6e77955,2026-04-10T19:19:08+09:00
n3aff8936873f,m862869c2ff9e,2026-04-10T19:19:08+09:00
n3aff8936873f,m87b2c27c2c91,2026-04-10T19:19:08+09:00
n3aff8936873f,ma4f7761ee62b,2026-06-21T02:42:30+09:00
n3aff8936873f,mad8d2935fc54,2026-04-10T19:19:08+09:00
n3aff8936873f,mb19581064ca7,2026-04-10T19:19:08+09:00
n3aff8936873f,mbb0b33794d86,2026-04-10T19:19:08+09:00
n3aff8936873f,mc3b092076119,2026-04-10T19:19:08+09:00
n3aff8936873f,mc7c43a9831f4,2026-06-21T02:42:30+09:00
n3aff8936873f,mc86c779585e3,2026-04-10T19:19:08+09:00
n3aff8936873f,mcdf4ee972bd9,2026-04-10T19:19:08+09:00
n3aff8936873f,md1d64f3e53b1,2026-04-10T19:19:08+09:00
n3aff8936873f,md929b2a701ae,2026-04-10T19:19:08+09:00
n3aff8936873f,mdbf1f88c8d0d,2026-04-10T19:19:08+09:00
n3aff8936873f,me0a7e3361736,2026-06-21T02:42:30+09:00
n3aff8936873f,me3590cc8b7e1,2026-04-10T19:19:08+09:00
n3aff8936873f,me50627303786,2026-04-10T19:19:08+09:00
n3aff8936873f,mefb73227c372,2026-04-10T19:19:08+09:00
n3aff8936873f,mfa1cb167e2a1,2026-04-10T19:19:08+09:00
n3aff8936873f,mfc9d03c23504,2026-04-10T19:19:08+09:00
n3cd0aae2c4b8,m3c45350367a2,2026-07-30T15:48:07+09:00
n3cd0aae2c4b8,m78e1caab29a1,2026-07-10T23:04:50+09:00
n3cd0aae2c4b8,m7fe516b2d594,2026-03-01T12:59:43+09:00
n3cd0aae2c4b8,m97848c1bdf32,2026-06-02T17:34:11+09:00
n3cd0aae2c4b8,ma4f7761ee62b,2026-06-03T04:54:21+09:00
n3cd0aae2c4b8,ma8d107d9475f,2026-06-02T17:34:11+09:00
n3cd0aae2c4b8,maba8091875be,2026-06-02T17:34:11+09:00
n3cd0aae2c4b8,mc3b092076119,2026-03-01T12:59:43+09:00
n3cd0aae2c4b8,mc7c43a9831f4,2026-06-02T17:34:11+09:00
n3cd0aae2c4b8,mc86c779585e3,2026-03-01T12:59:43+09:00
n3cd0aae2c4b8,me0a7e3361736,2026-06-02T17:34:11+09:00
n3d8786dc666d,m1de95ffb4171,2026-07-06T17:50:16+09:00
n3d8786dc666d,m34fbc48bcda0,2026-03-29T18:00:00+09:00
n3d8786dc666d,m3c45350367a2,2026-07-14T22:15:12+09:00
n3d8786dc666d,m78e1caab29a1,2026-03-29T18:00:00+09:00
n3d8786dc666d,m854ef6e77955,2026-03-29T18:00:00+09:00
n3d8786dc666d,ma4f7761ee62b,2026-07-07T17:00:08+09:00
n3d8786dc666d,mbb0b33794d86,2026-03-29T18:00:00+09:00
n3d8786dc666d,mc3b092076119,2026-03-29T18:00:00+09:00
n3d8786dc666d,mc7c43a9831f4,2026-07-06T17:50:16+09:00
n3d8786dc666d,mc86c779585e3,2026-03-29T18:00:00+09:00
n3d8786dc666d,md929b2a701ae,2026-03-29T18:00:00+09:00
n3d8786dc666d,me0a7e3361736,2026-07-07T17:00:08+09:00
n3d8786dc666d,me50627303786,2026-03-29T18:00:00+09:00
n3feb9e04e1cd,m00293b733784,2026-04-28T20:19:02+09:00
n3feb9e04e1cd,m0921d4d120a8,2026-04-28T20:19:02+09:00
n3feb9e04e1cd,m0988ee24cf93,2026-04-28T20:19:02+09:00
n3feb9e04e1cd,m0c630cc12b41,2026-04-28T20:19:02+09:00
n3feb9e04e1cd,m3c45350367a2,2026-06-15T19:09:11+09:00
n3feb9e04e1cd,m46619b37427d,2026-04-28T20:19:02+09:00
n3feb9e04e1cd,m743c88e4a3b2,2026-04-28T20:19:02+09:00
n3feb9e04e1cd,m78e1caab29a1,2026-04-28T20:19:02+09:00
n3feb9e04e1cd,m87b2c27c2c91,2026-04-28T20:19:02+09:00
n3feb9e04e1cd,mbb0b33794d86,2026-04-28T20:19:02+09:00
n3feb9e04e1cd,mc3b092076119,2026-04-28T20:19:02+09:00
n3feb9e04e1cd,md1d64f3e53b1,2026-04-28T20:19:02+09:00
n3feb9e04e1cd,me50627303786,2026-04-28T20:19:02+09:00
n3feb9e04e1cd,mfc8edd12fdc2,2026-04-28T20:19:02+09:00
n4128a8cc4153,m00293b733784,2026-04-08T18:00:00+09:00
n4128a8cc4153,m04367e7cf8fa,2026-04-08T18:00:00+09:00
n4128a8cc4153,m0988ee24cf93,2026-04-08T18:00:00+09:00
n4128a8cc4153,m1e77a2ceb57c,2026-04-08T18:00:00+09:00
n4128a8cc4153,m2e9b901b1ba9,2026-04-08T18:00:00+09:00
n4128a8cc4153,m3c45350367a2,2026-06-30T13:27:01+09:00
n4128a8cc4153,m3ec67f102868,2026-04-08T18:00:00+09:00
n4128a8cc4153,m53405fd7b9aa,2026-04-08T18:00:00+09:00
n4128a8cc4153,m740ac248bb64,2026-04-08T18:00:00+09:00
n4128a8cc4153,m78e1caab29a1,2026-04-08T18:00:00+09:00
n4128a8cc4153,m7fe516b2d594,2026-04-08T18:00:00+09:00
n4128a8cc4153,m87b2c27c2c91,2026-04-08T18:00:00+09:00
n4128a8cc4153,m97848c1bdf32,2026-04-08T18:00:00+09:00
n4128a8cc4153,ma4f7761ee62b,2026-04-08T18:00:00+09:00
n4128a8cc4153,mbb0b33794d86,2026-04-08T18:00:00+09:00
n4128a8cc4153,mc3b092076119,2026-04-08T18:00:00+09:00
n4128a8cc4153,mc7c43a9831f4,2026-04-08T18:00:00+09:00
n4128a8cc4153,mc86c779585e3,2026-04-08T18:00:00+09:00
n4128a8cc4153,md1868a762043,2026-04-08T18:00:00+09:00
n4128a8cc4153,md1d64f3e53b1,2026-04-08T18:00:00+09:00
n4128a8cc4153,md929b2a701ae,2026-04-08T18:00:00+09:00
n4128a8cc4153,mdf64cd8c3686,2026-04-08T18:00:00+09:00
n4128a8cc4153,me0a7e3361736,2026-04-08T18:00:00+09:00
n4128a8cc4153,me50627303786,2026-04-08T18:00:00+09:00
n4128a8cc4153,mfa1cb167e2a1,2026-04-08T18:00:00+09:00
n4128a8cc4153,mfc8edd12fdc2,2026-04-08T18:00:00+09:00
n4128a8cc4153,mfc9d03c23504,2026-04-08T18:00:00+09:00
n42a05083d8e0,m34fbc48bcda0,2026-03-28T19:00:00+09:00
n42a05083d8e0,m3c45350367a2,2026-07-15T22:18:04+09:00
n42a05083d8e0,m78e1caab29a1,2026-06-03T21:59:16+09:00
n42a05083d8e0,m7ae6f1512188,2026-03-28T19:00:00+09:00
n42a05083d8e0,ma4ac2760a6b2,2026-03-28T19:00:00+09:00
n42a05083d8e0,mad8d2935fc54,2026-03-28T19:00:00+09:00
n42a05083d8e0,mbb0b33794d86,2026-03-28T19:00:00+09:00
n42a05083d8e0,mc3b092076119,2026-03-28T19:00:00+09:00
n42a05083d8e0,mc86c779585e3,2026-03-28T19:00:00+09:00
n42a05083d8e0,md1d64f3e53b1,2026-03-28T19:00:00+09:00
n42a05083d8e0,me50627303786,2026-03-28T19:00:00+09:00
n4541817b68ed,m0988ee24cf93,2026-04-04T18:00:00+09:00
n4541817b68ed,m1de95ffb4171,2026-07-06T17:50:16+09:00
n4541817b68ed,m2e9b901b1ba9,2026-04-04T18:00:00+09:00
n4541817b68ed,m3c45350367a2,2026-07-04T22:07:10+09:00
n4541817b68ed,m78e1caab29a1,2026-04-04T18:00:00+09:00
n4541817b68ed,m7ae6f1512188,2026-04-04T18:00:00+09:00
n4541817b68ed,m854ef6e77955,2026-04-04T18:00:00+09:00
n4541817b68ed,m97848c1bdf32,2026-07-07T19:55:26+09:00
n4541817b68ed,ma4f7761ee62b,2026-07-07T19:55:26+09:00
n4541817b68ed,ma8d107d9475f,2026-07-07T19:55:26+09:00
n4541817b68ed,mad8d2935fc54,2026-04-04T18:00:00+09:00
n4541817b68ed,mbb0b33794d86,2026-04-04T18:00:00+09:00
n4541817b68ed,mc3b092076119,2026-04-04T18:00:00+09:00
n4541817b68ed,mc7c43a9831f4,2026-07-06T17:50:16+09:00
n4541817b68ed,mc86c779585e3,2026-04-04T18:00:00+09:00
n4541817b68ed,md1d64f3e53b1,2026-04-04T18:00:00+09:00
n4541817b68ed,me0a7e3361736,2026-07-07T19:55:26+09:00
n4541817b68ed,me50627303786,2026-04-04T18:00:00+09:00
n4541817b68ed,mfc9d03c23504,2026-04-04T18:00:00+09:00
n4648fe204e50,m1de95ffb4171,2026-07-06T17:50:16+09:00
n4648fe204e50,m1e77a2ceb57c,2026-04-01T18:00:00+09:00
n4648fe204e50,m3c45350367a2,2026-07-07T00:04:49+09:00
n4648fe204e50,m726592019c85,2026-04-01T18:00:00+09:00
n4648fe204e50,m78e1caab29a1,2026-04-01T18:00:00+09:00
n4648fe204e50,m7ae6f1512188,2026-04-01T18:00:00+09:00
n4648fe204e50,m854ef6e77955,2026-04-01T18:00:00+09:00
n4648fe204e50,m97848c1bdf32,2026-06-06T16:02:38+09:00
n4648fe204e50,ma8d107d9475f,2026-06-06T16:02:38+09:00
n4648fe204e50,maa5a2a7f67c6,2026-07-07T06:40:35+09:00
n4648fe204e50,maba8091875be,2026-06-06T16:02:38+09:00
n4648fe204e50,mad8d2935fc54,2026-04-01T18:00:00+09:00
n4648fe204e50,mbb0b33794d86,2026-04-01T18:00:00+09:00
n4648fe204e50,mc3b092076119,2026-04-01T18:00:00+09:00
n4648fe204e50,mc7c43a9831f4,2026-06-06T16:02:38+09:00
n4648fe204e50,mc86c779585e3,2026-04-01T18:00:00+09:00
n4648fe204e50,mcdf4ee972bd9,2026-04-01T18:00:00+09:00
n4648fe204e50,md929b2a701ae,2026-04-01T18:00:00+09:00
n4648fe204e50,me0a7e3361736,2026-06-06T16:02:38+09:00
n4648fe204e50,me50627303786,2026-04-01T18:00:00+09:00
n4648fe204e50,mfa1cb167e2a1,2026-04-01T18:00:00+09:00
n46a609c5dfb9,m00293b733784,2026-07-26T12:47:34+09:00
n46a609c5dfb9,m0675215a66e7,2026-07-28T22:40:17+09:00
n46a609c5dfb9,m0988ee24cf93,2026-07-26T22:06:23+09:00
n46a609c5dfb9,m0c630cc12b41,2026-07-26T15:57:34+09:00
n46a609c5dfb9,m16095e384518,2026-07-28T12:11:15+09:00
n46a609c5dfb9,m192171037579,2026-07-26T19:02:26+09:00
n46a609c5dfb9,m19b3b433abf2,2026-07-27T12:54:07+09:00
n46a609c5dfb9,m1de95ffb4171,2026-07-26T12:47:34+09:00
n46a609c5dfb9,m1e77a2ceb57c,2026-07-26T15:57:34+09:00
n46a609c5dfb9,m26d93ca7080b,2026-07-26T22:06:23+09:00
n46a609c5dfb9,m28654e6bea0e,2026-07-26T15:57:34+09:00
n46a609c5dfb9,m2e9b901b1ba9,2026-07-27T16:53:36+09:00
n46a609c5dfb9,m30a248399fe0,2026-07-26T22:06:23+09:00
n46a609c5dfb9,m3c45350367a2,2026-07-26T22:06:23+09:00
n46a609c5dfb9,m43692d4ce4da,2026-07-29T19:38:48+09:00
n46a609c5dfb9,m44226ceff270,2026-07-26T19:02:26+09:00
n46a609c5dfb9,m4c7f1907bb74,2026-07-28T19:35:01+09:00
n46a609c5dfb9,m4eb56c8bcbc2,2026-07-26T15:57:34+09:00
n46a609c5dfb9,m531dee90a84a,2026-07-27T12:54:07+09:00
n46a609c5dfb9,m547e9622e50b,2026-07-27T20:13:35+09:00
n46a609c5dfb9,m54b2ccd56b12,2026-07-27T02:21:17+09:00
n46a609c5dfb9,m5c9c88eb4983,2026-07-27T12:54:07+09:00
n46a609c5dfb9,m5ca58e6bf38b,2026-07-27T12:54:07+09:00
n46a609c5dfb9,m60e9635b6cb6,2026-07-26T22:06:23+09:00
n46a609c5dfb9,m60fb5d15f701,2026-07-26T15:57:34+09:00
n46a609c5dfb9,m6d69812caeed,2026-07-27T02:21:17+09:00
n46a609c5dfb9,m743c88e4a3b2,2026-07-26T19:02:26+09:00
n46a609c5dfb9,m75f772071126,2026-07-26T22:06:23+09:00
n46a609c5dfb9,m78e1caab29a1,2026-07-26T22:06:23+09:00
n46a609c5dfb9,m7ae6f1512188,2026-07-26T19:02:26+09:00
n46a609c5dfb9,m7c76be531c5e,2026-07-26T22:06:23+09:00
n46a609c5dfb9,m7de26e2e10de,2026-07-27T16:53:36+09:00
n46a609c5dfb9,m7e46a705cb77,2026-07-27T12:54:07+09:00
n46a609c5dfb9,m7f60f18975f3,2026-07-27T12:54:07+09:00
n46a609c5dfb9,m7fe516b2d594,2026-07-26T12:47:34+09:00
n46a609c5dfb9,m84b3ab7d847f,2026-07-26T12:47:34+09:00
n46a609c5dfb9,m87b2c27c2c91,2026-07-26T12:47:34+09:00
n46a609c5dfb9,m92f1af23610d,2026-07-27T23:20:46+09:00
n46a609c5dfb9,m97848c1bdf32,2026-07-26T22:06:23+09:00
n46a609c5dfb9,m99ebd3a7fbf7,2026-07-29T02:51:13+09:00
n46a609c5dfb9,ma4f7761ee62b,2026-07-28T06:22:05+09:00
n46a609c5dfb9,ma8d107d9475f,2026-07-26T22:06:23+09:00
n46a609c5dfb9,maa5a2a7f67c6,2026-07-26T12:47:34+09:00
n46a609c5dfb9,maba8091875be,2026-07-26T22:06:23+09:00
n46a609c5dfb9,mad8d2935fc54,2026-07-27T16:53:36+09:00
n46a609c5dfb9,mb3dc2cd9766e,2026-07-27T20:13:35+09:00
n46a609c5dfb9,mb80e8e661ebe,2026-07-26T22:06:23+09:00
n46a609c5dfb9,mba07f6638f58,2026-07-30T19:22:29+09:00
n46a609c5dfb9,mbb0b33794d86,2026-07-26T12:47:34+09:00
n46a609c5dfb9,mc3b092076119,2026-07-26T12:47:34+09:00
n46a609c5dfb9,mc7c43a9831f4,2026-07-26T12:47:34+09:00
n46a609c5dfb9,mc86c779585e3,2026-07-28T12:11:15+09:00
n46a609c5dfb9,mcff9b6cb3037,2026-07-27T02:21:17+09:00
n46a609c5dfb9,md1868a762043,2026-07-26T15:57:34+09:00
n46a609c5dfb9,md1d64f3e53b1,2026-07-27T20:13:35+09:00
n46a609c5dfb9,me0a7e3361736,2026-07-26T22:06:23+09:00
n46a609c5dfb9,me2d300fe8fb9,2026-07-26T22:06:23+09:00
n46a609c5dfb9,me39940554e5a,2026-07-27T20:13:35+09:00
n46a609c5dfb9,me50627303786,2026-07-27T02:21:17+09:00
n46a609c5dfb9,me609ab2c7895,2026-07-27T12:54:07+09:00
n46a609c5dfb9,mfa1cb167e2a1,2026-07-26T15:57:34+09:00
n46a609c5dfb9,mfc8edd12fdc2,2026-07-28T06:22:05+09:00
n46a609c5dfb9,mfc9d03c23504,2026-07-27T16:53:36+09:00
n48c4608100d9,m00293b733784,2026-05-24T18:54:21+09:00
n48c4608100d9,m0988ee24cf93,2026-05-24T18:54:21+09:00
n48c4608100d9,m0c630cc12b41,2026-05-24T18:54:21+09:00
n48c4608100d9,m19b3b433abf2,2026-05-24T18:54:21+09:00
n48c4608100d9,m1de95ffb4171,2026-05-24T18:54:21+09:00
n48c4608100d9,m1e77a2ceb57c,2026-05-24T18:54:21+09:00
n48c4608100d9,m28654e6bea0e,2026-05-24T18:54:21+09:00
n48c4608100d9,m30a248399fe0,2026-05-24T18:54:21+09:00
n48c4608100d9,m3c45350367a2,2026-05-24T18:54:21+09:00
n48c4608100d9,m5ca58e6bf38b,2026-05-24T18:54:21+09:00
n48c4608100d9,m60e9635b6cb6,2026-05-24T18:54:21+09:00
n48c4608100d9,m6d3400fb7014,2026-05-24T18:54:21+09:00
n48c4608100d9,m6d69812caeed,2026-05-24T18:54:21+09:00
n48c4608100d9,m743c88e4a3b2,2026-05-24T18:54:21+09:00
n48c4608100d9,m75f772071126,2026-05-24T18:54:21+09:00
n48c4608100d9,m78e1caab29a1,2026-05-24T18:54:21+09:00
n48c4608100d9,m7ae6f1512188,2026-05-24T18:54:21+09:00
n48c4608100d9,m7de26e2e10de,2026-05-24T18:54:21+09:00
n48c4608100d9,m7fe516b2d594,2026-05-24T18:54:21+09:00
n48c4608100d9,m87b2c27c2c91,2026-05-24T18:54:21+09:00
n48c4608100d9,m97848c1bdf32,2026-05-24T18:54:21+09:00
n48c4608100d9,ma4f7761ee62b,2026-05-24T18:54:21+09:00
n48c4608100d9,ma8d107d9475f,2026-05-24T18:54:21+09:00
n48c4608100d9,maba8091875be,2026-05-24T18:54:21+09:00
n48c4608100d9,mad8d2935fc54,2026-05-24T18:54:21+09:00
n48c4608100d9,mb80e8e661ebe,2026-05-24T18:54:21+09:00
n48c4608100d9,mbb0b33794d86,2026-05-24T18:54:21+09:00
n48c4608100d9,mc3b092076119,2026-05-24T18:54:21+09:00
n48c4608100d9,mc6dad877a6d7,2026-05-24T18:54:21+09:00
n48c4608100d9,mc7c43a9831f4,2026-05-24T18:54:21+09:00
n48c4608100d9,mc86c779585e3,2026-05-24T18:54:21+09:00
n48c4608100d9,me0a7e3361736,2026-05-24T18:54:21+09:00
n48c4608100d9,me50627303786,2026-05-24T18:54:21+09:00
n48c4608100d9,mead8ba3e8fdf,2026-05-24T18:54:21+09:00
n48c4608100d9,mfa1cb167e2a1,2026-05-24T18:54:21+09:00
n48c4608100d9,mfa4dbb02c352,2026-05-24T18:54:21+09:00
n48c4608100d9,mfc8edd12fdc2,2026-05-24T18:54:21+09:00
n4a120a5df409,m00293b733784,2026-06-08T21:52:25+09:00
n4a120a5df409,m0988ee24cf93,2026-06-08T21:52:25+09:00
n4a120a5df409,m1de95ffb4171,2026-06-08T21:52:25+09:00
n4a120a5df409,m1e77a2ceb57c,2026-06-08T21:52:25+09:00
n4a120a5df409,m28654e6bea0e,2026-06-08T21:52:25+09:00
n4a120a5df409,m2e9b901b1ba9,2026-06-11T03:45:07+09:00
n4a120a5df409,m310b87610c59,2026-06-08T21:52:25+09:00
n4a120a5df409,m334fb05a2022,2026-06-15T23:14:09+09:00
n4a120a5df409,m389d15e5ca81,2026-08-01T19:01:55+09:00
n4a120a5df409,m3c45350367a2,2026-06-09T11:08:54+09:00
n4a120a5df409,m5a117d075a64,2026-06-27T16:39:28+09:00
n4a120a5df409,m5ca58e6bf38b,2026-06-09T20:33:37+09:00
n4a120a5df409,m6d3400fb7014,2026-06-08T21:52:25+09:00
n4a120a5df409,m6d69812caeed,2026-06-08T21:52:25+09:00
n4a120a5df409,m743c88e4a3b2,2026-06-08T21:52:25+09:00
n4a120a5df409,m78e1caab29a1,2026-06-08T21:52:25+09:00
n4a120a5df409,m7ae6f1512188,2026-06-08T21:52:25+09:00
n4a120a5df409,m7de26e2e10de,2026-06-24T16:49:08+09:00
n4a120a5df409,m7e22238e2309,2026-06-08T21:52:25+09:00
n4a120a5df409,m7fe516b2d594,2026-06-08T21:52:25+09:00
n4a120a5df409,m87b2c27c2c91,2026-06-08T21:52:25+09:00
n4a120a5df409,m97848c1bdf32,2026-06-09T03:40:10+09:00
n4a120a5df409,ma4f7761ee62b,2026-06-09T03:40:10+09:00
n4a120a5df409,ma8d107d9475f,2026-06-09T03:40:10+09:00
n4a120a5df409,maba8091875be,2026-06-09T11:08:54+09:00
n4a120a5df409,mad8d2935fc54,2026-06-10T03:21:37+09:00
n4a120a5df409,mb607a414c367,2026-06-17T18:09:34+09:00
n4a120a5df409,mba07f6638f58,2026-07-09T16:58:41+09:00
n4a120a5df409,mc3b092076119,2026-06-08T21:52:25+09:00
n4a120a5df409,mc7c43a9831f4,2026-06-08T21:52:25+09:00
n4a120a5df409,mc86c779585e3,2026-06-08T21:52:25+09:00
n4a120a5df409,mcff9b6cb3037,2026-06-08T21:52:25+09:00
n4a120a5df409,md2bd041982f0,2026-06-08T21:52:25+09:00
n4a120a5df409,md929b2a701ae,2026-06-09T03:40:10+09:00
n4a120a5df409,me0a7e3361736,2026-06-09T03:40:10+09:00
n4a120a5df409,me2d300fe8fb9,2026-06-11T11:46:19+09:00
n4a120a5df409,me3c1530749d9,2026-07-02T03:14:31+09:00
n4a120a5df409,me50627303786,2026-06-09T20:33:37+09:00
n4a120a5df409,mead8ba3e8fdf,2026-06-08T21:52:25+09:00
n4a120a5df409,mfa1cb167e2a1,2026-06-08T21:52:25+09:00
n4a120a5df409,mfc8edd12fdc2,2026-06-08T21:52:25+09:00
n4a120a5df409,mfc9d03c23504,2026-06-11T03:45:07+09:00
n4a2363bcd76b,m00293b733784,2026-07-11T18:25:36+09:00
n4a2363bcd76b,m0485f8d77aa8,2026-07-20T16:08:59+09:00
n4a2363bcd76b,m0675215a66e7,2026-07-11T15:33:23+09:00
n4a2363bcd76b,m0988ee24cf93,2026-07-12T22:02:28+09:00
n4a2363bcd76b,m18ce7f4227d1,2026-07-12T02:15:23+09:00
n4a2363bcd76b,m192171037579,2026-07-11T22:00:36+09:00
n4a2363bcd76b,m19b3b433abf2,2026-07-12T12:44:28+09:00
n4a2363bcd76b,m1de95ffb4171,2026-07-11T15:33:23+09:00
n4a2363bcd76b,m1e77a2ceb57c,2026-07-11T15:33:23+09:00
n4a2363bcd76b,m28654e6bea0e,2026-07-11T18:25:36+09:00
n4a2363bcd76b,m2e9b901b1ba9,2026-07-12T02:15:23+09:00
n4a2363bcd76b,m30a248399fe0,2026-07-12T02:15:23+09:00
n4a2363bcd76b,m334fb05a2022,2026-07-19T18:55:22+09:00
n4a2363bcd76b,m3c45350367a2,2026-07-12T15:55:40+09:00
n4a2363bcd76b,m3ec67f102868,2026-07-12T05:56:19+09:00
n4a2363bcd76b,m48f2da6384f9,2026-07-13T19:59:49+09:00
n4a2363bcd76b,m4c7f1907bb74,2026-07-11T18:25:36+09:00
n4a2363bcd76b,m4eb56c8bcbc2,2026-07-12T12:44:28+09:00
n4a2363bcd76b,m547e9622e50b,2026-07-12T12:44:28+09:00
n4a2363bcd76b,m54b2ccd56b12,2026-07-11T18:25:36+09:00
n4a2363bcd76b,m5a117d075a64,2026-07-15T15:35:30+09:00
n4a2363bcd76b,m5c9c88eb4983,2026-07-11T15:33:23+09:00
n4a2363bcd76b,m5ca58e6bf38b,2026-07-12T12:44:28+09:00
n4a2363bcd76b,m5e0b116a568a,2026-07-12T18:53:56+09:00
n4a2363bcd76b,m60fb5d15f701,2026-07-12T02:15:23+09:00
n4a2363bcd76b,m6295830f903e,2026-07-14T15:32:03+09:00
n4a2363bcd76b,m6b40be643b94,2026-07-12T12:44:28+09:00
n4a2363bcd76b,m6d08ad53e2e3,2026-07-12T02:15:23+09:00
n4a2363bcd76b,m6d69812caeed,2026-07-11T18:25:36+09:00
n4a2363bcd76b,m743c88e4a3b2,2026-07-20T16:08:59+09:00
n4a2363bcd76b,m75f772071126,2026-07-11T22:00:36+09:00
n4a2363bcd76b,m78e1caab29a1,2026-07-11T22:00:36+09:00
n4a2363bcd76b,m7ae6f1512188,2026-07-11T22:00:36+09:00
n4a2363bcd76b,m7afa428d1412,2026-07-13T19:59:49+09:00
n4a2363bcd76b,m7c76be531c5e,2026-07-11T22:00:36+09:00
n4a2363bcd76b,m7e46a705cb77,2026-07-11T22:00:36+09:00
n4a2363bcd76b,m7fe516b2d594,2026-07-11T15:33:23+09:00
n4a2363bcd76b,m87b2c27c2c91,2026-07-11T18:25:36+09:00
n4a2363bcd76b,m8fc85f49cbff,2026-07-11T15:33:23+09:00
n4a2363bcd76b,m92f1af23610d,2026-07-13T02:17:47+09:00
n4a2363bcd76b,m97848c1bdf32,2026-07-12T12:44:28+09:00
n4a2363bcd76b,m99ebd3a7fbf7,2026-07-21T03:21:56+09:00
n4a2363bcd76b,ma4f7761ee62b,2026-07-15T12:06:13+09:00
n4a2363bcd76b,ma8d107d9475f,2026-07-12T12:44:28+09:00
n4a2363bcd76b,maba8091875be,2026-07-12T12:44:28+09:00
n4a2363bcd76b,mad8d2935fc54,2026-07-11T18:25:36+09:00
n4a2363bcd76b,mb607a414c367,2026-07-18T12:09:00+09:00
n4a2363bcd76b,mb80e8e661ebe,2026-07-11T22:00:36+09:00
n4a2363bcd76b,mba07f6638f58,2026-07-12T02:15:23+09:00
n4a2363bcd76b,mbb0b33794d86,2026-07-11T15:33:23+09:00
n4a2363bcd76b,mc08cb4916e00,2026-07-12T12:44:28+09:00
n4a2363bcd76b,mc3b092076119,2026-07-11T15:33:23+09:00
n4a2363bcd76b,mc7c43a9831f4,2026-07-11T15:33:23+09:00
n4a2363bcd76b,mc86c779585e3,2026-07-12T12:44:28+09:00
n4a2363bcd76b,mcdf4ee972bd9,2026-07-12T22:02:28+09:00
n4a2363bcd76b,mcfb504b2261b,2026-07-11T18:25:36+09:00
n4a2363bcd76b,md0d11168e253,2026-07-14T15:32:03+09:00
n4a2363bcd76b,md1d64f3e53b1,2026-07-13T02:17:47+09:00
n4a2363bcd76b,md1ddaa59f278,2026-07-11T15:33:23+09:00
n4a2363bcd76b,me0a7e3361736,2026-07-12T12:44:28+09:00
n4a2363bcd76b,me2d300fe8fb9,2026-07-15T02:32:13+09:00
n4a2363bcd76b,me3c1530749d9,2026-07-13T05:56:56+09:00
n4a2363bcd76b,me491456dc440,2026-07-11T18:25:36+09:00
n4a2363bcd76b,me50627303786,2026-07-12T02:15:23+09:00
n4a2363bcd76b,me609ab2c7895,2026-07-26T12:47:34+09:00
n4a2363bcd76b,mead8ba3e8fdf,2026-07-11T18:25:36+09:00
n4a2363bcd76b,mfa1cb167e2a1,2026-07-11T15:33:23+09:00
n4a2363bcd76b,mfc9d03c23504,2026-07-12T02:15:23+09:00
n4c5e512dce6d,m00293b733784,2026-06-13T16:55:29+09:00
n4c5e512dce6d,m0988ee24cf93,2026-06-13T19:48:06+09:00
n4c5e512dce6d,m16095e384518,2026-06-13T22:33:02+09:00
n4c5e512dce6d,m192171037579,2026-06-13T16:55:29+09:00
n4c5e512dce6d,m1de95ffb4171,2026-06-13T16:55:29+09:00
n4c5e512dce6d,m1e77a2ceb57c,2026-06-13T16:55:29+09:00
n4c5e512dce6d,m26d93ca7080b,2026-06-13T19:48:06+09:00
n4c5e512dce6d,m28654e6bea0e,2026-06-13T19:48:06+09:00
n4c5e512dce6d,m2e9b901b1ba9,2026-06-13T16:55:29+09:00
n4c5e512dce6d,m30a248399fe0,2026-06-14T02:40:25+09:00
n4c5e512dce6d,m37d340b019a6,2026-07-12T02:15:23+09:00
n4c5e512dce6d,m3c45350367a2,2026-06-14T02:40:25+09:00
n4c5e512dce6d,m4c7f1907bb74,2026-06-14T22:36:28+09:00
n4c5e512dce6d,m547e9622e50b,2026-06-15T11:48:45+09:00
n4c5e512dce6d,m5a117d075a64,2026-06-20T16:58:41+09:00
n4c5e512dce6d,m5c87df568874,2026-06-13T22:33:02+09:00
n4c5e512dce6d,m5c9c88eb4983,2026-06-17T01:31:29+09:00
n4c5e512dce6d,m5ca58e6bf38b,2026-06-14T11:45:00+09:00
n4c5e512dce6d,m5e0b116a568a,2026-06-16T18:32:21+09:00
n4c5e512dce6d,m60fb5d15f701,2026-07-26T19:02:26+09:00
n4c5e512dce6d,m6463046852a4,2026-06-16T02:02:25+09:00
n4c5e512dce6d,m6d3400fb7014,2026-06-13T16:55:29+09:00
n4c5e512dce6d,m6d69812caeed,2026-06-13T22:33:02+09:00
n4c5e512dce6d,m740ac248bb64,2026-06-15T06:18:22+09:00
n4c5e512dce6d,m743c88e4a3b2,2026-06-14T02:40:25+09:00
n4c5e512dce6d,m75f772071126,2026-06-13T22:33:02+09:00
n4c5e512dce6d,m78e1caab29a1,2026-06-13T22:33:02+09:00
n4c5e512dce6d,m7ae6f1512188,2026-06-13T22:33:02+09:00
n4c5e512dce6d,m7fe516b2d594,2026-06-13T16:55:29+09:00
n4c5e512dce6d,m87b2c27c2c91,2026-06-13T16:55:29+09:00
n4c5e512dce6d,m97848c1bdf32,2026-06-15T11:48:45+09:00
n4c5e512dce6d,ma4f7761ee62b,2026-06-15T11:48:45+09:00
n4c5e512dce6d,ma8d107d9475f,2026-06-15T11:48:45+09:00
n4c5e512dce6d,mad8d2935fc54,2026-06-14T02:40:25+09:00
n4c5e512dce6d,mb02476cbe007,2026-06-14T02:40:25+09:00
n4c5e512dce6d,mb607a414c367,2026-06-17T18:09:34+09:00
n4c5e512dce6d,mb80e8e661ebe,2026-06-13T22:33:02+09:00
n4c5e512dce6d,mba07f6638f58,2026-06-14T17:24:15+09:00
n4c5e512dce6d,mbb0b33794d86,2026-06-13T16:55:29+09:00
n4c5e512dce6d,mc3b092076119,2026-06-13T16:55:29+09:00
n4c5e512dce6d,mc6dad877a6d7,2026-06-14T11:45:00+09:00
n4c5e512dce6d,mc7c43a9831f4,2026-06-13T16:55:29+09:00
n4c5e512dce6d,mc86c779585e3,2026-06-13T19:48:06+09:00
n4c5e512dce6d,mcff9b6cb3037,2026-06-13T22:33:02+09:00
n4c5e512dce6d,md1d64f3e53b1,2026-06-19T03:40:50+09:00
n4c5e512dce6d,md2bd041982f0,2026-06-13T16:55:29+09:00
n4c5e512dce6d,mda8e3e5ed85c,2026-06-14T20:05:17+09:00
n4c5e512dce6d,me0a7e3361736,2026-06-15T11:48:45+09:00
n4c5e512dce6d,me2d300fe8fb9,2026-06-15T23:14:09+09:00
n4c5e512dce6d,me491456dc440,2026-06-14T23:28:00+09:00
n4c5e512dce6d,me50627303786,2026-06-14T17:24:15+09:00
n4c5e512dce6d,mead8ba3e8fdf,2026-06-13T16:55:29+09:00
n4c5e512dce6d,mfa1cb167e2a1,2026-06-13T16:55:29+09:00
n4c5e512dce6d,mfc8edd12fdc2,2026-06-14T17:24:15+09:00
n4c5e512dce6d,mfc9d03c23504,2026-06-13T16:55:29+09:00
n4cf6f88e86d7,m3c45350367a2,2026-08-01T15:49:31+09:00
n4cf6f88e86d7,m53405fd7b9aa,2026-02-20T16:40:44+09:00
n4cf6f88e86d7,m78e1caab29a1,2026-07-29T22:54:26+09:00
n4cf6f88e86d7,mbb0b33794d86,2026-07-07T23:14:09+09:00
n4cf6f88e86d7,mc86c779585e3,2026-02-20T16:40:44+09:00
n4cf6f88e86d7,me15d8c34fee4,2026-07-08T03:16:08+09:00
n4d3800af4fec,m00293b733784,2026-05-22T18:00:00+09:00
n4d3800af4fec,m19b3b433abf2,2026-05-22T18:00:00+09:00
n4d3800af4fec,m1de95ffb4171,2026-05-22T18:00:00+09:00
n4d3800af4fec,m28654e6bea0e,2026-05-22T18:00:00+09:00
n4d3800af4fec,m2df62a6b1a97,2026-06-25T11:20:36+09:00
n4d3800af4fec,m310b87610c59,2026-05-22T18:00:00+09:00
n4d3800af4fec,m3c45350367a2,2026-05-22T18:00:00+09:00
n4d3800af4fec,m5ca58e6bf38b,2026-05-22T18:00:00+09:00
n4d3800af4fec,m6d3400fb7014,2026-05-22T18:00:00+09:00
n4d3800af4fec,m6d69812caeed,2026-05-22T18:00:00+09:00
n4d3800af4fec,m743c88e4a3b2,2026-05-22T18:00:00+09:00
n4d3800af4fec,m75f772071126,2026-05-22T18:00:00+09:00
n4d3800af4fec,m78e1caab29a1,2026-05-22T18:00:00+09:00
n4d3800af4fec,m83b0e4ce814d,2026-05-22T18:00:00+09:00
n4d3800af4fec,m854ef6e77955,2026-05-22T18:00:00+09:00
n4d3800af4fec,m87b2c27c2c91,2026-05-22T18:00:00+09:00
n4d3800af4fec,m97848c1bdf32,2026-05-22T18:00:00+09:00
n4d3800af4fec,ma4f7761ee62b,2026-05-22T18:00:00+09:00
n4d3800af4fec,ma8d107d9475f,2026-05-22T18:00:00+09:00
n4d3800af4fec,mad8d2935fc54,2026-05-22T18:00:00+09:00
n4d3800af4fec,mb02476cbe007,2026-05-22T18:00:00+09:00
n4d3800af4fec,mbb0b33794d86,2026-05-22T18:00:00+09:00
n4d3800af4fec,mc3b092076119,2026-05-22T18:00:00+09:00
n4d3800af4fec,mc7c43a9831f4,2026-05-22T18:00:00+09:00
n4d3800af4fec,mc86c779585e3,2026-05-22T18:00:00+09:00
n4d3800af4fec,md1d64f3e53b1,2026-05-22T18:00:00+09:00
n4d3800af4fec,me0a7e3361736,2026-05-22T18:00:00+09:00
n4d3800af4fec,me2d300fe8fb9,2026-05-22T18:00:00+09:00
n4d3800af4fec,me50627303786,2026-05-22T18:00:00+09:00
n4d3800af4fec,mead8ba3e8fdf,2026-05-22T18:00:00+09:00
n4d3800af4fec,mfc8edd12fdc2,2026-05-22T18:00:00+09:00
n4d86b00e28f3,m3c45350367a2,2026-07-31T16:04:28+09:00
n4d86b00e28f3,m78e1caab29a1,2026-07-15T22:18:04+09:00
n4d86b00e28f3,mc86c779585e3,2026-02-26T19:26:46+09:00
n4dfb45361feb,m00293b733784,2026-08-02T19:01:22+09:00
n4dfb45361feb,m1de95ffb4171,2026-08-02T19:01:22+09:00
n4dfb45361feb,m5c9c88eb4983,2026-08-02T19:01:22+09:00
n4dfb45361feb,m83b0e4ce814d,2026-08-02T19:01:22+09:00
n4dfb45361feb,m87b2c27c2c91,2026-08-02T19:01:22+09:00
n4dfb45361feb,ma4ac2760a6b2,2026-08-02T19:01:22+09:00
n4dfb45361feb,mb3dc2cd9766e,2026-08-02T19:01:22+09:00
n4dfb45361feb,mc08cb4916e00,2026-08-02T19:01:22+09:00
n4dfb45361feb,mc7c43a9831f4,2026-08-02T19:01:22+09:00
n4dfb45361feb,md1868a762043,2026-08-02T19:01:22+09:00
n4ed9474db340,m00293b733784,2026-04-13T18:00:00+09:00
n4ed9474db340,m0988ee24cf93,2026-04-13T18:00:00+09:00
n4ed9474db340,m2e9b901b1ba9,2026-04-13T18:00:00+09:00
n4ed9474db340,m3c45350367a2,2026-06-25T16:51:29+09:00
n4ed9474db340,m3ec67f102868,2026-04-13T18:00:00+09:00
n4ed9474db340,m46619b37427d,2026-04-13T18:00:00+09:00
n4ed9474db340,m6d3400fb7014,2026-04-13T18:00:00+09:00
n4ed9474db340,m740ac248bb64,2026-04-13T18:00:00+09:00
n4ed9474db340,m78e1caab29a1,2026-04-13T18:00:00+09:00
n4ed9474db340,m7ddef4ea4bd3,2026-04-13T18:00:00+09:00
n4ed9474db340,m87b2c27c2c91,2026-04-13T18:00:00+09:00
n4ed9474db340,mbb0b33794d86,2026-04-13T18:00:00+09:00
n4ed9474db340,mc3b092076119,2026-04-13T18:00:00+09:00
n4ed9474db340,mc86c779585e3,2026-04-13T18:00:00+09:00
n4ed9474db340,md1d64f3e53b1,2026-04-13T18:00:00+09:00
n4ed9474db340,me3c1530749d9,2026-06-26T23:43:37+09:00
n4ed9474db340,mfc9d03c23504,2026-04-13T18:00:00+09:00
n4fabcb26ba10,m3c45350367a2,2026-07-31T16:04:28+09:00
n4fabcb26ba10,m5ca58e6bf38b,2026-02-21T14:00:16+09:00
n4fabcb26ba10,m6484622342c0,2026-02-21T14:00:16+09:00
n4fabcb26ba10,m78e1caab29a1,2026-07-23T22:33:31+09:00
n4fabcb26ba10,m7ae6f1512188,2026-02-21T14:00:16+09:00
n4fabcb26ba10,m823f59a7ed0a,2026-06-23T11:17:22+09:00
n4fabcb26ba10,mbb0b33794d86,2026-02-21T14:00:16+09:00
n4fabcb26ba10,mc3b092076119,2026-02-21T14:00:16+09:00
n4fabcb26ba10,mc86c779585e3,2026-02-21T14:00:16+09:00
n4fabcb26ba10,md2bd041982f0,2026-02-21T14:00:16+09:00
n50176840f9cb,m3c45350367a2,2026-08-01T15:49:31+09:00
n50176840f9cb,m78e1caab29a1,2026-08-01T02:58:56+09:00
n50176840f9cb,mbb0b33794d86,2026-06-16T22:12:32+09:00
n50176840f9cb,mc3b092076119,2026-02-19T19:12:52+09:00
n50176840f9cb,mc86c779585e3,2026-02-19T19:12:52+09:00
n50176840f9cb,md2bd041982f0,2026-02-19T19:12:52+09:00
n5018e022e9c3,m16384598a49a,2026-05-05T18:00:00+09:00
n5018e022e9c3,m18485b3d7e40,2026-05-05T18:00:00+09:00
n5018e022e9c3,m2e9b901b1ba9,2026-05-05T18:00:00+09:00
n5018e022e9c3,m310b87610c59,2026-05-05T18:00:00+09:00
n5018e022e9c3,m3c45350367a2,2026-06-06T16:02:38+09:00
n5018e022e9c3,m3ec67f102868,2026-05-05T18:00:00+09:00
n5018e022e9c3,m6d3400fb7014,2026-05-05T18:00:00+09:00
n5018e022e9c3,m6d69812caeed,2026-05-05T18:00:00+09:00
n5018e022e9c3,m740ac248bb64,2026-05-05T18:00:00+09:00
n5018e022e9c3,m743c88e4a3b2,2026-05-05T18:00:00+09:00
n5018e022e9c3,m7ae6f1512188,2026-05-05T18:00:00+09:00
n5018e022e9c3,m7de26e2e10de,2026-05-05T18:00:00+09:00
n5018e022e9c3,m97848c1bdf32,2026-06-13T06:40:22+09:00
n5018e022e9c3,ma4f7761ee62b,2026-06-13T11:22:24+09:00
n5018e022e9c3,ma8d107d9475f,2026-06-13T06:40:22+09:00
n5018e022e9c3,maba8091875be,2026-06-13T06:40:22+09:00
n5018e022e9c3,mad8d2935fc54,2026-05-05T18:00:00+09:00
n5018e022e9c3,mbb0b33794d86,2026-05-05T18:00:00+09:00
n5018e022e9c3,mc3b092076119,2026-05-05T18:00:00+09:00
n5018e022e9c3,mc7c43a9831f4,2026-06-13T06:40:22+09:00
n5018e022e9c3,mc86c779585e3,2026-05-05T18:00:00+09:00
n5018e022e9c3,me0a7e3361736,2026-06-13T06:40:22+09:00
n5018e022e9c3,me50627303786,2026-05-05T18:00:00+09:00
n5018e022e9c3,mfc9d03c23504,2026-05-05T18:00:00+09:00
n5305861820bd,m00293b733784,2026-07-09T13:04:45+09:00
n5305861820bd,m04367e7cf8fa,2026-07-07T00:04:49+09:00
n5305861820bd,m0675215a66e7,2026-07-02T19:38:02+09:00
n5305861820bd,m0988ee24cf93,2026-07-08T22:36:25+09:00
n5305861820bd,m0f6484462f7f,2026-07-04T12:54:48+09:00
n5305861820bd,m108e1df31c78,2026-07-03T13:02:51+09:00
n5305861820bd,m16095e384518,2026-07-07T13:11:29+09:00
n5305861820bd,m16384598a49a,2026-07-07T23:14:09+09:00
n5305861820bd,m192171037579,2026-07-02T19:38:02+09:00
n5305861820bd,m19b3b433abf2,2026-07-06T13:19:18+09:00
n5305861820bd,m1de95ffb4171,2026-07-02T19:38:02+09:00
n5305861820bd,m1e77a2ceb57c,2026-07-03T13:02:51+09:00
n5305861820bd,m28654e6bea0e,2026-07-02T19:38:02+09:00
n5305861820bd,m2df62a6b1a97,2026-07-03T13:02:51+09:00
n5305861820bd,m2e9b901b1ba9,2026-07-02T19:38:02+09:00
n5305861820bd,m310b87610c59,2026-07-02T19:38:02+09:00
n5305861820bd,m334fb05a2022,2026-07-03T13:02:51+09:00
n5305861820bd,m3c45350367a2,2026-07-03T03:07:05+09:00
n5305861820bd,m49e684e1d830,2026-07-02T19:38:02+09:00
n5305861820bd,m4c7f1907bb74,2026-07-03T13:02:51+09:00
n5305861820bd,m547e9622e50b,2026-07-04T16:05:58+09:00
n5305861820bd,m54b2ccd56b12,2026-07-05T19:14:30+09:00
n5305861820bd,m5a117d075a64,2026-07-03T19:35:57+09:00
n5305861820bd,m5c9c88eb4983,2026-07-04T12:54:48+09:00
n5305861820bd,m5ca58e6bf38b,2026-07-06T13:19:18+09:00
n5305861820bd,m5e0b116a568a,2026-07-04T16:05:58+09:00
n5305861820bd,m60fb5d15f701,2026-07-02T22:37:04+09:00
n5305861820bd,m651aaa4e52a9,2026-07-07T13:11:29+09:00
n5305861820bd,m6d69812caeed,2026-07-02T22:37:04+09:00
n5305861820bd,m743c88e4a3b2,2026-07-06T21:05:51+09:00
n5305861820bd,m78e1caab29a1,2026-07-02T22:37:04+09:00
n5305861820bd,m7ae6f1512188,2026-07-02T22:37:04+09:00
n5305861820bd,m7c76be531c5e,2026-07-03T19:35:57+09:00
n5305861820bd,m7de26e2e10de,2026-07-04T12:54:48+09:00
n5305861820bd,m7e46a705cb77,2026-07-06T13:19:18+09:00
n5305861820bd,m7fe516b2d594,2026-07-02T19:38:02+09:00
n5305861820bd,m87b2c27c2c91,2026-07-09T13:04:45+09:00
n5305861820bd,m8fc85f49cbff,2026-07-03T16:42:49+09:00
n5305861820bd,m92f1af23610d,2026-07-06T02:28:44+09:00
n5305861820bd,m97848c1bdf32,2026-07-03T03:07:05+09:00
n5305861820bd,m99ebd3a7fbf7,2026-07-08T06:35:30+09:00
n5305861820bd,ma4f7761ee62b,2026-07-03T13:02:51+09:00
n5305861820bd,ma5bd9f7c40cf,2026-07-07T13:11:29+09:00
n5305861820bd,ma87ef08b9f10,2026-07-11T12:32:13+09:00
n5305861820bd,ma8d107d9475f,2026-07-03T03:07:05+09:00
n5305861820bd,maba8091875be,2026-07-03T03:07:05+09:00
n5305861820bd,mad8d2935fc54,2026-07-02T19:38:02+09:00
n5305861820bd,mb80e8e661ebe,2026-07-03T22:42:25+09:00
n5305861820bd,mba07f6638f58,2026-07-03T19:35:57+09:00
n5305861820bd,mbb0b33794d86,2026-07-02T19:38:02+09:00
n5305861820bd,mbeaf44a7a3b5,2026-07-02T19:38:02+09:00
n5305861820bd,mc3b092076119,2026-07-03T13:02:51+09:00
n5305861820bd,mc7c43a9831f4,2026-07-02T19:38:02+09:00
n5305861820bd,mc86c779585e3,2026-07-02T22:37:04+09:00
n5305861820bd,mcff9b6cb3037,2026-07-02T22:37:04+09:00
n5305861820bd,md1868a762043,2026-07-02T19:38:02+09:00
n5305861820bd,md1d64f3e53b1,2026-07-06T02:28:44+09:00
n5305861820bd,md2bd041982f0,2026-07-02T19:38:02+09:00
n5305861820bd,me058e7438ebd,2026-07-06T21:05:51+09:00
n5305861820bd,me0a7e3361736,2026-07-03T03:07:05+09:00
n5305861820bd,me2d300fe8fb9,2026-07-03T03:07:05+09:00
n5305861820bd,me3c1530749d9,2026-07-06T02:28:44+09:00
n5305861820bd,me50627303786,2026-07-02T19:38:02+09:00
n5305861820bd,me69f9f539a6f,2026-07-03T13:02:51+09:00
n5305861820bd,mead8ba3e8fdf,2026-07-03T13:02:51+09:00
n5305861820bd,mecb786e95ed5,2026-07-03T22:42:25+09:00
n5305861820bd,mf815c8f3b6d2,2026-07-11T12:32:13+09:00
n5305861820bd,mfa1cb167e2a1,2026-07-03T13:02:51+09:00
n5305861820bd,mfc8edd12fdc2,2026-07-02T19:38:02+09:00
n5305861820bd,mfc9d03c23504,2026-07-02T19:38:02+09:00
n53ff622191fd,m00293b733784,2026-07-30T22:36:31+09:00
n53ff622191fd,m01cb6624a2fd,2026-08-01T15:49:31+09:00
n53ff622191fd,m05948736e17f,2026-08-01T12:46:18+09:00
n53ff622191fd,m0675215a66e7,2026-07-30T15:48:07+09:00
n53ff622191fd,m16095e384518,2026-08-01T19:01:55+09:00
n53ff622191fd,m192171037579,2026-08-01T02:58:56+09:00
n53ff622191fd,m19b3b433abf2,2026-07-30T19:22:29+09:00
n53ff622191fd,m1de95ffb4171,2026-07-30T15:48:07+09:00
n53ff622191fd,m1e77a2ceb57c,2026-07-31T12:45:23+09:00
n53ff622191fd,m28654e6bea0e,2026-07-30T19:22:29+09:00
n53ff622191fd,m2df62a6b1a97,2026-08-01T12:46:18+09:00
n53ff622191fd,m2e9b901b1ba9,2026-07-30T22:36:31+09:00
n53ff622191fd,m30a248399fe0,2026-07-31T02:53:29+09:00
n53ff622191fd,m3c45350367a2,2026-07-30T15:48:07+09:00
n53ff622191fd,m3dae738ba1c1,2026-07-31T19:39:51+09:00
n53ff622191fd,m43692d4ce4da,2026-07-30T19:22:29+09:00
n53ff622191fd,m4c7f1907bb74,2026-07-31T22:39:37+09:00
n53ff622191fd,m531dee90a84a,2026-07-30T15:48:07+09:00
n53ff622191fd,m547e9622e50b,2026-07-30T22:36:31+09:00
n53ff622191fd,m54b2ccd56b12,2026-07-31T06:26:30+09:00
n53ff622191fd,m5c9c88eb4983,2026-07-31T12:45:23+09:00
n53ff622191fd,m5ca58e6bf38b,2026-07-30T19:22:29+09:00
n53ff622191fd,m60e9635b6cb6,2026-07-30T15:48:07+09:00
n53ff622191fd,m60fb5d15f701,2026-07-31T12:45:23+09:00
n53ff622191fd,m6b40be643b94,2026-07-30T22:36:31+09:00
n53ff622191fd,m6d3400fb7014,2026-07-30T15:48:07+09:00
n53ff622191fd,m6d69812caeed,2026-07-31T02:53:29+09:00
n53ff622191fd,m743c88e4a3b2,2026-08-01T19:01:55+09:00
n53ff622191fd,m75f772071126,2026-08-01T22:04:10+09:00
n53ff622191fd,m78e1caab29a1,2026-07-30T22:36:31+09:00
n53ff622191fd,m7ae6f1512188,2026-07-30T22:36:31+09:00
n53ff622191fd,m7de26e2e10de,2026-07-31T12:45:23+09:00
n53ff622191fd,m7fe516b2d594,2026-07-30T15:48:07+09:00
n53ff622191fd,m83b0e4ce814d,2026-07-30T15:48:07+09:00
n53ff622191fd,m87b2c27c2c91,2026-07-30T22:36:31+09:00
n53ff622191fd,m92f1af23610d,2026-07-30T19:22:29+09:00
n53ff622191fd,m97848c1bdf32,2026-07-30T15:48:07+09:00
n53ff622191fd,ma8d107d9475f,2026-07-30T15:48:07+09:00
n53ff622191fd,maba8091875be,2026-07-30T15:48:07+09:00
n53ff622191fd,mad8d2935fc54,2026-07-30T22:36:31+09:00
n53ff622191fd,mb02476cbe007,2026-07-31T16:04:28+09:00
n53ff622191fd,mb3dc2cd9766e,2026-07-30T15:48:07+09:00
n53ff622191fd,mb80e8e661ebe,2026-07-30T22:36:31+09:00
n53ff622191fd,mba07f6638f58,2026-07-30T19:22:29+09:00
n53ff622191fd,mc3b092076119,2026-07-31T12:45:23+09:00
n53ff622191fd,mc7c43a9831f4,2026-07-30T15:48:07+09:00
n53ff622191fd,mc86c779585e3,2026-08-02T12:46:46+09:00
n53ff622191fd,mcdf4ee972bd9,2026-07-30T19:22:29+09:00
n53ff622191fd,mcfb504b2261b,2026-07-31T06:26:30+09:00
n53ff622191fd,mcff9b6cb3037,2026-07-31T02:53:29+09:00
n53ff622191fd,md1d64f3e53b1,2026-08-01T02:58:56+09:00
n53ff622191fd,md929b2a701ae,2026-07-30T19:22:29+09:00
n53ff622191fd,me0a7e3361736,2026-07-30T15:48:07+09:00
n53ff622191fd,me50627303786,2026-07-30T19:22:29+09:00
n53ff622191fd,me609ab2c7895,2026-07-31T12:45:23+09:00
n53ff622191fd,mfa1cb167e2a1,2026-07-31T12:45:23+09:00
n53ff622191fd,mfc8edd12fdc2,2026-07-31T06:26:30+09:00
n53ff622191fd,mfc9d03c23504,2026-07-30T22:36:31+09:00
n55b7233a87a3,m00293b733784,2026-04-30T18:00:00+09:00
n55b7233a87a3,m1492ed6d20c4,2026-04-30T18:00:00+09:00
n55b7233a87a3,m16384598a49a,2026-04-30T18:00:00+09:00
n55b7233a87a3,m1de95ffb4171,2026-04-30T18:00:00+09:00
n55b7233a87a3,m1e77a2ceb57c,2026-04-30T18:00:00+09:00
n55b7233a87a3,m2ca4e8ea4f14,2026-04-30T18:00:00+09:00
n55b7233a87a3,m2e9b901b1ba9,2026-04-30T18:00:00+09:00
n55b7233a87a3,m310b87610c59,2026-04-30T18:00:00+09:00
n55b7233a87a3,m3c45350367a2,2026-06-15T00:58:27+09:00
n55b7233a87a3,m5ca58e6bf38b,2026-04-30T18:00:00+09:00
n55b7233a87a3,m6d3400fb7014,2026-04-30T18:00:00+09:00
n55b7233a87a3,m740ac248bb64,2026-04-30T18:00:00+09:00
n55b7233a87a3,m743c88e4a3b2,2026-04-30T18:00:00+09:00
n55b7233a87a3,m768b3f4cf6e4,2026-04-30T18:00:00+09:00
n55b7233a87a3,m78e1caab29a1,2026-04-30T18:00:00+09:00
n55b7233a87a3,m7ae6f1512188,2026-04-30T18:00:00+09:00
n55b7233a87a3,m87b2c27c2c91,2026-04-30T18:00:00+09:00
n55b7233a87a3,m97848c1bdf32,2026-04-30T18:00:00+09:00
n55b7233a87a3,ma8d107d9475f,2026-04-30T18:00:00+09:00
n55b7233a87a3,mbb0b33794d86,2026-04-30T18:00:00+09:00
n55b7233a87a3,mc3b092076119,2026-04-30T18:00:00+09:00
n55b7233a87a3,mc7c43a9831f4,2026-04-30T18:00:00+09:00
n55b7233a87a3,mc86c779585e3,2026-04-30T18:00:00+09:00
n55b7233a87a3,md2bd041982f0,2026-04-30T18:00:00+09:00
n55b7233a87a3,me0a7e3361736,2026-04-30T18:00:00+09:00
n55b7233a87a3,me2d300fe8fb9,2026-04-30T18:00:00+09:00
n55b7233a87a3,me50627303786,2026-04-30T18:00:00+09:00
n55b7233a87a3,mfa1cb167e2a1,2026-04-30T18:00:00+09:00
n55b7233a87a3,mfc8edd12fdc2,2026-04-30T18:00:00+09:00
n55b7233a87a3,mfc9d03c23504,2026-04-30T18:00:00+09:00
n56879b196940,m00293b733784,2026-04-29T18:00:00+09:00
n56879b196940,m0988ee24cf93,2026-04-29T18:00:00+09:00
n56879b196940,m1492ed6d20c4,2026-04-29T18:00:00+09:00
n56879b196940,m1de95ffb4171,2026-04-29T18:00:00+09:00
n56879b196940,m1e77a2ceb57c,2026-04-29T18:00:00+09:00
n56879b196940,m2e9b901b1ba9,2026-04-29T18:00:00+09:00
n56879b196940,m30a248399fe0,2026-04-29T18:00:00+09:00
n56879b196940,m310b87610c59,2026-04-29T18:00:00+09:00
n56879b196940,m3c45350367a2,2026-06-15T00:58:27+09:00
n56879b196940,m46619b37427d,2026-04-29T18:00:00+09:00
n56879b196940,m5ca58e6bf38b,2026-04-29T18:00:00+09:00
n56879b196940,m6d3400fb7014,2026-04-29T18:00:00+09:00
n56879b196940,m740ac248bb64,2026-04-29T18:00:00+09:00
n56879b196940,m743c88e4a3b2,2026-04-29T18:00:00+09:00
n56879b196940,m78e1caab29a1,2026-04-29T18:00:00+09:00
n56879b196940,m87b2c27c2c91,2026-04-29T18:00:00+09:00
n56879b196940,m97848c1bdf32,2026-04-29T18:00:00+09:00
n56879b196940,ma8d107d9475f,2026-04-29T18:00:00+09:00
n56879b196940,maa1d249b4b4f,2026-04-29T18:00:00+09:00
n56879b196940,mbb0b33794d86,2026-04-29T18:00:00+09:00
n56879b196940,mc3b092076119,2026-04-29T18:00:00+09:00
n56879b196940,mc7c43a9831f4,2026-04-29T18:00:00+09:00
n56879b196940,mc86c779585e3,2026-04-29T18:00:00+09:00
n56879b196940,md1d64f3e53b1,2026-04-29T18:00:00+09:00
n56879b196940,md2bd041982f0,2026-04-29T18:00:00+09:00
n56879b196940,me0a7e3361736,2026-04-29T18:00:00+09:00
n56879b196940,me2d300fe8fb9,2026-04-29T18:00:00+09:00
n56879b196940,me50627303786,2026-04-29T18:00:00+09:00
n56879b196940,mecb786e95ed5,2026-04-29T18:00:00+09:00
n56879b196940,mfa1cb167e2a1,2026-04-29T18:00:00+09:00
n56879b196940,mfc8edd12fdc2,2026-04-29T18:00:00+09:00
n56879b196940,mfc9d03c23504,2026-04-29T18:00:00+09:00
n59a70fbeb67a,m00293b733784,2026-05-18T18:00:00+09:00
n59a70fbeb67a,m0988ee24cf93,2026-06-10T20:55:34+09:00
n59a70fbeb67a,m1de95ffb4171,2026-05-18T18:00:00+09:00
n59a70fbeb67a,m1e77a2ceb57c,2026-05-18T18:00:00+09:00
n59a70fbeb67a,m26d93ca7080b,2026-05-18T18:00:00+09:00
n59a70fbeb67a,m2df62a6b1a97,2026-06-25T11:20:36+09:00
n59a70fbeb67a,m30a248399fe0,2026-05-18T18:00:00+09:00
n59a70fbeb67a,m310b87610c59,2026-05-18T18:00:00+09:00
n59a70fbeb67a,m3c45350367a2,2026-05-29T20:56:04+09:00
n59a70fbeb67a,m3ec67f102868,2026-05-18T18:00:00+09:00
n59a70fbeb67a,m54b2ccd56b12,2026-05-18T18:00:00+09:00
n59a70fbeb67a,m5ca58e6bf38b,2026-05-18T18:00:00+09:00
n59a70fbeb67a,m6d69812caeed,2026-05-18T18:00:00+09:00
n59a70fbeb67a,m743c88e4a3b2,2026-05-18T18:00:00+09:00
n59a70fbeb67a,m75f772071126,2026-05-18T18:00:00+09:00
n59a70fbeb67a,m78e1caab29a1,2026-05-18T18:00:00+09:00
n59a70fbeb67a,m7ae6f1512188,2026-05-18T18:00:00+09:00
n59a70fbeb67a,m7fe516b2d594,2026-05-18T18:00:00+09:00
n59a70fbeb67a,m87b2c27c2c91,2026-05-18T18:00:00+09:00
n59a70fbeb67a,m97848c1bdf32,2026-05-18T18:00:00+09:00
n59a70fbeb67a,ma8d107d9475f,2026-05-18T18:00:00+09:00
n59a70fbeb67a,mad8d2935fc54,2026-05-18T18:00:00+09:00
n59a70fbeb67a,mb80e8e661ebe,2026-05-18T18:00:00+09:00
n59a70fbeb67a,mbb0b33794d86,2026-05-18T18:00:00+09:00
n59a70fbeb67a,mc3b092076119,2026-05-18T18:00:00+09:00
n59a70fbeb67a,mc7c43a9831f4,2026-05-18T18:00:00+09:00
n59a70fbeb67a,mc86c779585e3,2026-05-18T18:00:00+09:00
n59a70fbeb67a,md1868a762043,2026-05-18T18:00:00+09:00
n59a70fbeb67a,md1d64f3e53b1,2026-05-18T18:00:00+09:00
n59a70fbeb67a,me0a7e3361736,2026-05-18T18:00:00+09:00
n59a70fbeb67a,me50627303786,2026-05-18T18:00:00+09:00
n59a70fbeb67a,mfa1cb167e2a1,2026-05-18T18:00:00+09:00
n59a70fbeb67a,mfc8edd12fdc2,2026-05-18T18:00:00+09:00
n5a06fe240b54,m04367e7cf8fa,2026-03-16T06:00:00+09:00
n5a06fe240b54,m1de95ffb4171,2026-06-22T18:56:40+09:00
n5a06fe240b54,m1e77a2ceb57c,2026-03-16T06:00:00+09:00
n5a06fe240b54,m3c45350367a2,2026-07-25T18:39:21+09:00
n5a06fe240b54,m7ae6f1512188,2026-03-16T06:00:00+09:00
n5a06fe240b54,m854ef6e77955,2026-03-16T06:00:00+09:00
n5a06fe240b54,ma4f7761ee62b,2026-06-24T03:14:42+09:00
n5a06fe240b54,mad8d2935fc54,2026-03-16T06:00:00+09:00
n5a06fe240b54,mbb0b33794d86,2026-03-16T06:00:00+09:00
n5a06fe240b54,mc3b092076119,2026-03-16T06:00:00+09:00
n5a06fe240b54,mc7c43a9831f4,2026-06-22T18:56:40+09:00
n5a06fe240b54,mc86c779585e3,2026-03-16T06:00:00+09:00
n5a06fe240b54,mcdf4ee972bd9,2026-03-16T06:00:00+09:00
n5a06fe240b54,md1d64f3e53b1,2026-03-16T06:00:00+09:00
n5a06fe240b54,md929b2a701ae,2026-03-16T06:00:00+09:00
n5a06fe240b54,me0a7e3361736,2026-03-16T06:00:00+09:00
n5a06fe240b54,me50627303786,2026-03-16T06:00:00+09:00
n5a06fe240b54,mfa1cb167e2a1,2026-03-16T06:00:00+09:00
n5e72e981cd15,m2e9b901b1ba9,2026-07-01T20:12:26+09:00
n5e72e981cd15,m32ba72575bbe,2026-02-01T17:50:10+09:00
n5e72e981cd15,m3dae738ba1c1,2026-07-11T12:32:13+09:00
n5e72e981cd15,m6d69812caeed,2026-06-01T18:38:19+09:00
n5e72e981cd15,mc86c779585e3,2026-06-01T18:38:19+09:00
n5e72e981cd15,mcff9b6cb3037,2026-06-01T18:38:19+09:00
n5e72e981cd15,me759d1c27fae,2026-06-25T16:51:29+09:00
n5e72e981cd15,mfc9d03c23504,2026-07-01T20:12:26+09:00
n609d44cd15e5,m00293b733784,2026-05-29T23:54:08+09:00
n609d44cd15e5,m0988ee24cf93,2026-05-29T23:54:08+09:00
n609d44cd15e5,m16095e384518,2026-06-03T18:01:47+09:00
n609d44cd15e5,m1de95ffb4171,2026-05-29T20:56:04+09:00
n609d44cd15e5,m1e77a2ceb57c,2026-05-29T20:56:04+09:00
n609d44cd15e5,m28654e6bea0e,2026-05-29T20:56:04+09:00
n609d44cd15e5,m30a248399fe0,2026-05-29T23:54:08+09:00
n609d44cd15e5,m334fb05a2022,2026-06-01T11:55:17+09:00
n609d44cd15e5,m3c45350367a2,2026-05-30T19:25:07+09:00
n609d44cd15e5,m48b884abb9d9,2026-05-29T23:54:08+09:00
n609d44cd15e5,m54b2ccd56b12,2026-05-30T07:11:25+09:00
n609d44cd15e5,m5c9c88eb4983,2026-05-30T03:57:19+09:00
n609d44cd15e5,m5ca58e6bf38b,2026-05-31T02:30:31+09:00
n609d44cd15e5,m60e9635b6cb6,2026-05-30T03:57:19+09:00
n609d44cd15e5,m6d3400fb7014,2026-05-29T20:56:04+09:00
n609d44cd15e5,m6d69812caeed,2026-05-29T23:54:08+09:00
n609d44cd15e5,m743c88e4a3b2,2026-05-31T22:38:40+09:00
n609d44cd15e5,m75f772071126,2026-05-30T11:20:11+09:00
n609d44cd15e5,m78e1caab29a1,2026-05-29T23:54:08+09:00
n609d44cd15e5,m7ae6f1512188,2026-05-30T16:04:02+09:00
n609d44cd15e5,m7fe516b2d594,2026-05-29T20:56:04+09:00
n609d44cd15e5,m87b2c27c2c91,2026-05-29T23:54:08+09:00
n609d44cd15e5,m97848c1bdf32,2026-05-30T03:57:19+09:00
n609d44cd15e5,ma4f7761ee62b,2026-05-31T06:10:17+09:00
n609d44cd15e5,ma8d107d9475f,2026-05-30T03:57:19+09:00
n609d44cd15e5,maba8091875be,2026-05-30T03:57:19+09:00
n609d44cd15e5,mad8d2935fc54,2026-05-30T19:25:07+09:00
n609d44cd15e5,mb02476cbe007,2026-05-30T07:11:25+09:00
n609d44cd15e5,mb80e8e661ebe,2026-05-30T16:04:02+09:00
n609d44cd15e5,mbb0b33794d86,2026-05-29T20:56:04+09:00
n609d44cd15e5,mc3b092076119,2026-05-31T02:30:31+09:00
n609d44cd15e5,mc7c43a9831f4,2026-05-29T20:56:04+09:00
n609d44cd15e5,mc86c779585e3,2026-05-29T23:54:08+09:00
n609d44cd15e5,me0a7e3361736,2026-05-30T03:57:19+09:00
n609d44cd15e5,me2d300fe8fb9,2026-05-29T23:54:08+09:00
n609d44cd15e5,me50627303786,2026-05-29T20:56:04+09:00
n609d44cd15e5,mead8ba3e8fdf,2026-05-30T16:04:02+09:00
n609d44cd15e5,mfa1cb167e2a1,2026-05-29T20:56:04+09:00
n609d44cd15e5,mfc8edd12fdc2,2026-05-29T20:56:04+09:00
n62b0919f6090,m32ba72575bbe,2026-02-01T17:49:16+09:00
n62b0919f6090,m3dae738ba1c1,2026-07-02T19:38:02+09:00
n62b0919f6090,mbb0b33794d86,2026-06-25T23:12:20+09:00
n62b0919f6090,mc86c779585e3,2026-06-01T23:05:56+09:00
n67576d596a71,m00293b733784,2026-04-17T18:00:00+09:00
n67576d596a71,m3c45350367a2,2026-06-22T22:54:22+09:00
n67576d596a71,m6d3400fb7014,2026-04-17T18:00:00+09:00
n67576d596a71,m78e1caab29a1,2026-04-17T18:00:00+09:00
n67576d596a71,m7ae6f1512188,2026-04-17T18:00:00+09:00
n67576d596a71,m7ddef4ea4bd3,2026-04-17T18:00:00+09:00
n67576d596a71,m87b2c27c2c91,2026-04-17T18:00:00+09:00
n67576d596a71,mad8d2935fc54,2026-04-17T18:00:00+09:00
n67576d596a71,mb02476cbe007,2026-04-17T18:00:00+09:00
n67576d596a71,mbb0b33794d86,2026-04-17T18:00:00+09:00
n67576d596a71,mc3b092076119,2026-04-17T18:00:00+09:00
n67576d596a71,mc7c43a9831f4,2026-04-17T18:00:00+09:00
n67576d596a71,mc86c779585e3,2026-04-17T18:00:00+09:00
n67576d596a71,me0a7e3361736,2026-04-17T18:00:00+09:00
n67576d596a71,me50627303786,2026-04-17T18:00:00+09:00
n67576d596a71,mead8ba3e8fdf,2026-04-17T18:00:00+09:00
n67576d596a71,mfc8edd12fdc2,2026-04-17T18:00:00+09:00
n69de3fd21fca,m3c45350367a2,2026-07-31T16:04:28+09:00
n69de3fd21fca,m78e1caab29a1,2026-07-20T02:15:53+09:00
n69de3fd21fca,mc86c779585e3,2026-02-24T10:19:08+09:00
n69de3fd21fca,md2bd041982f0,2026-02-24T10:19:08+09:00
n69de3fd21fca,me50627303786,2026-02-24T10:19:08+09:00
n6a3888057dce,m00293b733784,2026-04-09T18:00:00+09:00
n6a3888057dce,m0921d4d120a8,2026-04-09T18:00:00+09:00
n6a3888057dce,m0988ee24cf93,2026-04-09T18:00:00+09:00
n6a3888057dce,m2ca4e8ea4f14,2026-04-09T18:00:00+09:00
n6a3888057dce,m2e9b901b1ba9,2026-04-09T18:00:00+09:00
n6a3888057dce,m316601ae27a0,2026-04-09T18:00:00+09:00
n6a3888057dce,m3c45350367a2,2026-06-30T13:27:01+09:00
n6a3888057dce,m48b884abb9d9,2026-04-09T18:00:00+09:00
n6a3888057dce,m6d3400fb7014,2026-04-09T18:00:00+09:00
n6a3888057dce,m740ac248bb64,2026-04-09T18:00:00+09:00
n6a3888057dce,m743c88e4a3b2,2026-04-09T18:00:00+09:00
n6a3888057dce,m78e1caab29a1,2026-04-09T18:00:00+09:00
n6a3888057dce,m7ae6f1512188,2026-04-09T18:00:00+09:00
n6a3888057dce,m7ddef4ea4bd3,2026-04-09T18:00:00+09:00
n6a3888057dce,m87b2c27c2c91,2026-04-09T18:00:00+09:00
n6a3888057dce,mbb0b33794d86,2026-04-09T18:00:00+09:00
n6a3888057dce,mc3b092076119,2026-04-09T18:00:00+09:00
n6a3888057dce,md929b2a701ae,2026-04-09T18:00:00+09:00
n6a3888057dce,me50627303786,2026-04-09T18:00:00+09:00
n6a3888057dce,mfc9d03c23504,2026-04-09T18:00:00+09:00
n6c27514a7dd3,m00293b733784,2026-04-18T12:00:00+09:00
n6c27514a7dd3,m0c630cc12b41,2026-04-18T12:00:00+09:00
n6c27514a7dd3,m0f6484462f7f,2026-04-18T12:00:00+09:00
n6c27514a7dd3,m2e9b901b1ba9,2026-04-18T12:00:00+09:00
n6c27514a7dd3,m30a248399fe0,2026-04-18T12:00:00+09:00
n6c27514a7dd3,m3c45350367a2,2026-06-22T22:54:22+09:00
n6c27514a7dd3,m5bdd94e01dac,2026-04-18T12:00:00+09:00
n6c27514a7dd3,m5e0b116a568a,2026-04-18T12:00:00+09:00
n6c27514a7dd3,m71579a6f4222,2026-04-18T12:00:00+09:00
n6c27514a7dd3,m740ac248bb64,2026-04-18T12:00:00+09:00
n6c27514a7dd3,m78e1caab29a1,2026-04-18T12:00:00+09:00
n6c27514a7dd3,m7fe516b2d594,2026-04-18T12:00:00+09:00
n6c27514a7dd3,m87b2c27c2c91,2026-04-18T12:00:00+09:00
n6c27514a7dd3,mbb0b33794d86,2026-04-18T12:00:00+09:00
n6c27514a7dd3,mbd74a62e1278,2026-04-18T12:00:00+09:00
n6c27514a7dd3,mc3b092076119,2026-04-18T12:00:00+09:00
n6c27514a7dd3,mc7c43a9831f4,2026-04-18T12:00:00+09:00
n6c27514a7dd3,md2bd041982f0,2026-04-18T12:00:00+09:00
n6c27514a7dd3,mda8e3e5ed85c,2026-04-18T12:00:00+09:00
n6c27514a7dd3,me0a7e3361736,2026-04-18T12:00:00+09:00
n6c27514a7dd3,me2d300fe8fb9,2026-04-18T12:00:00+09:00
n6c27514a7dd3,me50627303786,2026-04-18T12:00:00+09:00
n6c27514a7dd3,mfc9d03c23504,2026-04-18T12:00:00+09:00
n6c645fd03f09,m00293b733784,2026-05-12T18:00:00+09:00
n6c645fd03f09,m0988ee24cf93,2026-05-12T18:00:00+09:00
n6c645fd03f09,m11f968fbad6d,2026-05-12T18:00:00+09:00
n6c645fd03f09,m16095e384518,2026-05-12T18:00:00+09:00
n6c645fd03f09,m1de95ffb4171,2026-05-12T18:00:00+09:00
n6c645fd03f09,m1e77a2ceb57c,2026-05-12T18:00:00+09:00
n6c645fd03f09,m2e9b901b1ba9,2026-05-12T18:00:00+09:00
n6c645fd03f09,m30a248399fe0,2026-05-12T18:00:00+09:00
n6c645fd03f09,m3c45350367a2,2026-06-03T21:59:16+09:00
n6c645fd03f09,m3dae738ba1c1,2026-08-02T19:01:22+09:00
n6c645fd03f09,m5c87df568874,2026-05-12T18:00:00+09:00
n6c645fd03f09,m5ca58e6bf38b,2026-05-12T18:00:00+09:00
n6c645fd03f09,m6463046852a4,2026-05-12T18:00:00+09:00
n6c645fd03f09,m6d3400fb7014,2026-05-12T18:00:00+09:00
n6c645fd03f09,m6d69812caeed,2026-05-12T18:00:00+09:00
n6c645fd03f09,m743c88e4a3b2,2026-05-12T18:00:00+09:00
n6c645fd03f09,m78e1caab29a1,2026-05-12T18:00:00+09:00
n6c645fd03f09,m7ae6f1512188,2026-05-12T18:00:00+09:00
n6c645fd03f09,m821d82fa5dce,2026-06-13T16:55:29+09:00
n6c645fd03f09,m823f59a7ed0a,2026-06-23T11:17:22+09:00
n6c645fd03f09,m83b0e4ce814d,2026-05-12T18:00:00+09:00
n6c645fd03f09,m86d6a605b363,2026-05-31T22:38:40+09:00
n6c645fd03f09,m87b2c27c2c91,2026-05-12T18:00:00+09:00
n6c645fd03f09,m97848c1bdf32,2026-05-12T18:00:00+09:00
n6c645fd03f09,ma4f7761ee62b,2026-05-12T18:00:00+09:00
n6c645fd03f09,ma8d107d9475f,2026-05-12T18:00:00+09:00
n6c645fd03f09,mad8d2935fc54,2026-05-12T18:00:00+09:00
n6c645fd03f09,mb19581064ca7,2026-05-12T18:00:00+09:00
n6c645fd03f09,mb606bfbf25d5,2026-06-05T20:47:08+09:00
n6c645fd03f09,mbb0b33794d86,2026-05-12T18:00:00+09:00
n6c645fd03f09,mc3b092076119,2026-05-12T18:00:00+09:00
n6c645fd03f09,mc7c43a9831f4,2026-05-12T18:00:00+09:00
n6c645fd03f09,mc86c779585e3,2026-05-12T18:00:00+09:00
n6c645fd03f09,md1d64f3e53b1,2026-05-12T18:00:00+09:00
n6c645fd03f09,md2bd041982f0,2026-05-12T18:00:00+09:00
n6c645fd03f09,me0a7e3361736,2026-05-12T18:00:00+09:00
n6c645fd03f09,me491456dc440,2026-05-12T18:00:00+09:00
n6c645fd03f09,me50627303786,2026-05-12T18:00:00+09:00
n6c645fd03f09,mead8ba3e8fdf,2026-05-12T18:00:00+09:00
n6c645fd03f09,mfa1cb167e2a1,2026-05-12T18:00:00+09:00
n6c645fd03f09,mfc8edd12fdc2,2026-05-12T18:00:00+09:00
n6c645fd03f09,mfc9d03c23504,2026-05-12T18:00:00+09:00
n713f83440209,m00293b733784,2026-05-03T18:00:00+09:00
n713f83440209,m0988ee24cf93,2026-06-24T20:09:06+09:00
n713f83440209,m16384598a49a,2026-05-03T18:00:00+09:00
n713f83440209,m1de95ffb4171,2026-05-03T18:00:00+09:00
n713f83440209,m310b87610c59,2026-05-03T18:00:00+09:00
n713f83440209,m3c45350367a2,2026-06-11T11:46:19+09:00
n713f83440209,m5ca58e6bf38b,2026-05-03T18:00:00+09:00
n713f83440209,m5e0b116a568a,2026-05-03T18:00:00+09:00
n713f83440209,m6d69812caeed,2026-05-03T18:00:00+09:00
n713f83440209,m740ac248bb64,2026-05-03T18:00:00+09:00
n713f83440209,m743c88e4a3b2,2026-05-03T18:00:00+09:00
n713f83440209,m78e1caab29a1,2026-05-03T18:00:00+09:00
n713f83440209,m83b0e4ce814d,2026-05-03T18:00:00+09:00
n713f83440209,m854ef6e77955,2026-05-03T18:00:00+09:00
n713f83440209,m87b2c27c2c91,2026-05-03T18:00:00+09:00
n713f83440209,mb02476cbe007,2026-05-03T18:00:00+09:00
n713f83440209,mbb0b33794d86,2026-05-03T18:00:00+09:00
n713f83440209,mc3b092076119,2026-05-03T18:00:00+09:00
n713f83440209,mc7c43a9831f4,2026-05-03T18:00:00+09:00
n713f83440209,mc86c779585e3,2026-05-03T18:00:00+09:00
n713f83440209,md1868a762043,2026-05-03T18:00:00+09:00
n713f83440209,md1d64f3e53b1,2026-05-03T18:00:00+09:00
n713f83440209,me0a7e3361736,2026-05-03T18:00:00+09:00
n713f83440209,me2d300fe8fb9,2026-05-03T18:00:00+09:00
n713f83440209,me50627303786,2026-05-03T18:00:00+09:00
n713f83440209,mf01abd0cd980,2026-05-03T18:00:00+09:00
n713f83440209,mfc8edd12fdc2,2026-05-03T18:00:00+09:00
n734b55dd5a9c,m3dae738ba1c1,2026-06-25T23:12:20+09:00
n734b55dd5a9c,m9cb66ab6d266,2026-06-14T02:40:25+09:00
n734b55dd5a9c,mba07f6638f58,2026-07-04T19:10:00+09:00
n734b55dd5a9c,mbb0b33794d86,2026-06-21T22:44:57+09:00
n734b55dd5a9c,mc86c779585e3,2026-06-05T11:21:42+09:00
n741cc8db34d0,m1de95ffb4171,2026-06-22T11:52:06+09:00
n741cc8db34d0,m3c45350367a2,2026-07-26T12:47:34+09:00
n741cc8db34d0,m5e0b116a568a,2026-03-07T18:00:00+09:00
n741cc8db34d0,m78e1caab29a1,2026-06-06T22:15:59+09:00
n741cc8db34d0,m854ef6e77955,2026-03-07T18:00:00+09:00
n741cc8db34d0,ma4f7761ee62b,2026-06-24T03:14:42+09:00
n741cc8db34d0,mbb0b33794d86,2026-06-22T11:52:06+09:00
n741cc8db34d0,mc3b092076119,2026-03-07T18:00:00+09:00
n741cc8db34d0,mc7c43a9831f4,2026-06-22T11:52:06+09:00
n741cc8db34d0,mc86c779585e3,2026-03-07T18:00:00+09:00
n741cc8db34d0,mcdf4ee972bd9,2026-03-07T18:00:00+09:00
n741cc8db34d0,md1d64f3e53b1,2026-03-07T18:00:00+09:00
n741cc8db34d0,md929b2a701ae,2026-03-07T18:00:00+09:00
n741cc8db34d0,me0a7e3361736,2026-06-24T03:14:42+09:00
n741cc8db34d0,me50627303786,2026-03-07T18:00:00+09:00
n741cc8db34d0,mfc9d03c23504,2026-03-07T18:00:00+09:00
n743d06846520,m0988ee24cf93,2026-04-03T18:00:00+09:00
n743d06846520,m1de95ffb4171,2026-07-06T17:50:16+09:00
n743d06846520,m2e9b901b1ba9,2026-04-03T18:00:00+09:00
n743d06846520,m3c45350367a2,2026-07-05T22:16:03+09:00
n743d06846520,m6484622342c0,2026-04-03T18:00:00+09:00
n743d06846520,m6d69812caeed,2026-04-03T18:00:00+09:00
n743d06846520,m78e1caab29a1,2026-04-03T18:00:00+09:00
n743d06846520,m7ae6f1512188,2026-04-03T18:00:00+09:00
n743d06846520,m854ef6e77955,2026-04-03T18:00:00+09:00
n743d06846520,m97848c1bdf32,2026-07-07T19:55:26+09:00
n743d06846520,ma4f7761ee62b,2026-07-07T19:55:26+09:00
n743d06846520,ma8d107d9475f,2026-07-07T19:55:26+09:00
n743d06846520,mad8d2935fc54,2026-04-03T18:00:00+09:00
n743d06846520,mbb0b33794d86,2026-04-03T18:00:00+09:00
n743d06846520,mc3b092076119,2026-04-03T18:00:00+09:00
n743d06846520,mc7c43a9831f4,2026-07-06T17:50:16+09:00
n743d06846520,mc86c779585e3,2026-04-03T18:00:00+09:00
n743d06846520,md1d64f3e53b1,2026-04-03T18:00:00+09:00
n743d06846520,md929b2a701ae,2026-04-03T18:00:00+09:00
n743d06846520,me0a7e3361736,2026-07-07T19:55:26+09:00
n743d06846520,me50627303786,2026-04-03T18:00:00+09:00
n743d06846520,mfc8edd12fdc2,2026-04-03T18:00:00+09:00
n743d06846520,mfc9d03c23504,2026-04-03T18:00:00+09:00
n74774ca36809,m00293b733784,2026-07-18T21:57:31+09:00
n74774ca36809,m04367e7cf8fa,2026-07-21T12:34:50+09:00
n74774ca36809,m0988ee24cf93,2026-07-20T12:54:24+09:00
n74774ca36809,m0f6484462f7f,2026-07-19T18:55:22+09:00
n74774ca36809,m19b3b433abf2,2026-07-19T02:14:51+09:00
n74774ca36809,m1de95ffb4171,2026-07-18T18:27:39+09:00
n74774ca36809,m1e77a2ceb57c,2026-07-18T18:27:39+09:00
n74774ca36809,m26d93ca7080b,2026-07-19T02:14:51+09:00
n74774ca36809,m28654e6bea0e,2026-07-18T21:57:31+09:00
n74774ca36809,m2e9b901b1ba9,2026-07-19T15:50:27+09:00
n74774ca36809,m389d15e5ca81,2026-07-20T02:15:53+09:00
n74774ca36809,m3c45350367a2,2026-07-20T16:08:59+09:00
n74774ca36809,m4c7f1907bb74,2026-07-20T19:52:17+09:00
n74774ca36809,m531dee90a84a,2026-07-22T02:39:32+09:00
n74774ca36809,m547e9622e50b,2026-07-19T18:55:22+09:00
n74774ca36809,m5c9c88eb4983,2026-07-20T12:54:24+09:00
n74774ca36809,m5ca58e6bf38b,2026-07-19T02:14:51+09:00
n74774ca36809,m5e0b116a568a,2026-07-19T22:00:04+09:00
n74774ca36809,m60e9635b6cb6,2026-07-19T12:41:22+09:00
n74774ca36809,m60fb5d15f701,2026-07-19T18:55:22+09:00
n74774ca36809,m6b40be643b94,2026-07-24T19:17:53+09:00
n74774ca36809,m6d3400fb7014,2026-07-18T18:27:39+09:00
n74774ca36809,m6d69812caeed,2026-07-19T02:14:51+09:00
n74774ca36809,m743c88e4a3b2,2026-07-20T05:59:25+09:00
n74774ca36809,m75f772071126,2026-07-20T22:57:44+09:00
n74774ca36809,m78e1caab29a1,2026-07-19T02:14:51+09:00
n74774ca36809,m7ae6f1512188,2026-07-18T21:57:31+09:00
n74774ca36809,m7e22238e2309,2026-07-18T18:27:39+09:00
n74774ca36809,m7fe516b2d594,2026-07-18T18:27:39+09:00
n74774ca36809,m821d82fa5dce,2026-07-18T21:57:31+09:00
n74774ca36809,m87b2c27c2c91,2026-07-18T21:57:31+09:00
n74774ca36809,m92f1af23610d,2026-07-20T02:15:53+09:00
n74774ca36809,m965e76ed1a02,2026-07-26T15:57:34+09:00
n74774ca36809,m97848c1bdf32,2026-07-19T12:41:22+09:00
n74774ca36809,ma4f7761ee62b,2026-07-20T22:57:44+09:00
n74774ca36809,ma8d107d9475f,2026-07-19T12:41:22+09:00
n74774ca36809,maba8091875be,2026-07-19T12:41:22+09:00
n74774ca36809,mad8d2935fc54,2026-07-19T22:00:04+09:00
n74774ca36809,mb80e8e661ebe,2026-07-18T21:57:31+09:00
n74774ca36809,mba07f6638f58,2026-07-20T02:15:53+09:00
n74774ca36809,mc3b092076119,2026-07-19T22:00:04+09:00
n74774ca36809,mc7c43a9831f4,2026-07-18T18:27:39+09:00
n74774ca36809,mc86c779585e3,2026-07-18T21:57:31+09:00
n74774ca36809,mcfb504b2261b,2026-07-19T15:50:27+09:00
n74774ca36809,mcff9b6cb3037,2026-07-19T02:14:51+09:00
n74774ca36809,md1d64f3e53b1,2026-07-22T02:39:32+09:00
n74774ca36809,md33c43d62052,2026-07-23T22:33:31+09:00
n74774ca36809,me0a7e3361736,2026-07-19T12:41:22+09:00
n74774ca36809,me2d300fe8fb9,2026-07-19T22:00:04+09:00
n74774ca36809,me50627303786,2026-07-21T12:34:50+09:00
n74774ca36809,me609ab2c7895,2026-07-22T12:32:44+09:00
n74774ca36809,mead8ba3e8fdf,2026-07-20T19:52:17+09:00
n74774ca36809,mecb786e95ed5,2026-07-18T21:57:31+09:00
n74774ca36809,mf69fc4b04874,2026-07-19T05:57:27+09:00
n74774ca36809,mfa1cb167e2a1,2026-07-18T18:27:39+09:00
n74774ca36809,mfc8edd12fdc2,2026-07-19T12:41:22+09:00
n74774ca36809,mfc9d03c23504,2026-07-19T15:50:27+09:00
n753f44f2642a,m00293b733784,2026-05-14T18:00:00+09:00
n753f44f2642a,m0988ee24cf93,2026-05-14T18:00:00+09:00
n753f44f2642a,m0c630cc12b41,2026-05-14T18:00:00+09:00
n753f44f2642a,m0f6484462f7f,2026-05-14T18:00:00+09:00
n753f44f2642a,m16095e384518,2026-05-14T18:00:00+09:00
n753f44f2642a,m1de95ffb4171,2026-05-14T18:00:00+09:00
n753f44f2642a,m1e77a2ceb57c,2026-05-14T18:00:00+09:00
n753f44f2642a,m2df62a6b1a97,2026-06-25T11:20:36+09:00
n753f44f2642a,m2e9b901b1ba9,2026-05-14T18:00:00+09:00
n753f44f2642a,m3032113cbb05,2026-05-14T18:00:00+09:00
n753f44f2642a,m30a248399fe0,2026-05-14T18:00:00+09:00
n753f44f2642a,m3c45350367a2,2026-05-31T17:09:16+09:00
n753f44f2642a,m5ca58e6bf38b,2026-05-14T18:00:00+09:00
n753f44f2642a,m6d3400fb7014,2026-05-14T18:00:00+09:00
n753f44f2642a,m6d69812caeed,2026-05-14T18:00:00+09:00
n753f44f2642a,m743c88e4a3b2,2026-05-14T18:00:00+09:00
n753f44f2642a,m768b3f4cf6e4,2026-05-14T18:00:00+09:00
n753f44f2642a,m78e1caab29a1,2026-05-14T18:00:00+09:00
n753f44f2642a,m7ae6f1512188,2026-05-14T18:00:00+09:00
n753f44f2642a,m7fe516b2d594,2026-05-14T18:00:00+09:00
n753f44f2642a,m87b2c27c2c91,2026-05-14T18:00:00+09:00
n753f44f2642a,m97848c1bdf32,2026-05-14T18:00:00+09:00
n753f44f2642a,ma4f7761ee62b,2026-05-14T18:00:00+09:00
n753f44f2642a,ma8d107d9475f,2026-05-14T18:00:00+09:00
n753f44f2642a,maba8091875be,2026-05-14T18:00:00+09:00
n753f44f2642a,mb80e8e661ebe,2026-05-14T18:00:00+09:00
n753f44f2642a,mbb0b33794d86,2026-05-14T18:00:00+09:00
n753f44f2642a,mc3b092076119,2026-05-14T18:00:00+09:00
n753f44f2642a,mc7c43a9831f4,2026-05-14T18:00:00+09:00
n753f44f2642a,mc86c779585e3,2026-05-14T18:00:00+09:00
n753f44f2642a,md1d64f3e53b1,2026-05-14T18:00:00+09:00
n753f44f2642a,me0a7e3361736,2026-05-14T18:00:00+09:00
n753f44f2642a,me2d300fe8fb9,2026-05-14T18:00:00+09:00
n753f44f2642a,me50627303786,2026-05-14T18:00:00+09:00
n753f44f2642a,mead8ba3e8fdf,2026-05-14T18:00:00+09:00
n753f44f2642a,mfa1cb167e2a1,2026-05-14T18:00:00+09:00
n753f44f2642a,mfc8edd12fdc2,2026-05-14T18:00:00+09:00
n753f44f2642a,mfc9d03c23504,2026-05-14T18:00:00+09:00
n77810230d694,m32ba72575bbe,2026-02-01T17:46:01+09:00
n77810230d694,m3dae738ba1c1,2026-07-01T17:30:57+09:00
n77810230d694,mc86c779585e3,2026-06-03T11:50:10+09:00
n7b232e0c8d63,m00293b733784,2026-06-07T19:45:37+09:00
n7b232e0c8d63,m01cb6624a2fd,2026-06-07T22:27:53+09:00
n7b232e0c8d63,m0988ee24cf93,2026-06-07T06:12:25+09:00
n7b232e0c8d63,m11881a67a893,2026-06-06T16:02:38+09:00
n7b232e0c8d63,m16095e384518,2026-06-10T17:15:40+09:00
n7b232e0c8d63,m19b3b433abf2,2026-06-06T16:02:38+09:00
n7b232e0c8d63,m1cf00bd3c4c4,2026-06-07T22:27:53+09:00
n7b232e0c8d63,m1de95ffb4171,2026-06-05T20:47:08+09:00
n7b232e0c8d63,m1e77a2ceb57c,2026-06-05T20:47:08+09:00
n7b232e0c8d63,m26b7851f96e9,2026-06-07T22:27:53+09:00
n7b232e0c8d63,m26d93ca7080b,2026-06-05T20:47:08+09:00
n7b232e0c8d63,m28654e6bea0e,2026-06-05T23:30:42+09:00
n7b232e0c8d63,m2df62a6b1a97,2026-06-25T11:20:36+09:00
n7b232e0c8d63,m2e9b901b1ba9,2026-06-06T16:02:38+09:00
n7b232e0c8d63,m30a248399fe0,2026-06-06T03:11:01+09:00
n7b232e0c8d63,m334fb05a2022,2026-06-06T22:15:59+09:00
n7b232e0c8d63,m3c45350367a2,2026-06-05T20:47:08+09:00
n7b232e0c8d63,m53a3c3b5d431,2026-06-06T16:02:38+09:00
n7b232e0c8d63,m54b2ccd56b12,2026-06-05T23:30:42+09:00
n7b232e0c8d63,m5a117d075a64,2026-07-06T17:50:16+09:00
n7b232e0c8d63,m5b549de72bcf,2026-06-13T06:40:22+09:00
n7b232e0c8d63,m5c87df568874,2026-06-07T11:29:52+09:00
n7b232e0c8d63,m5ca58e6bf38b,2026-06-06T16:02:38+09:00
n7b232e0c8d63,m5e0b116a568a,2026-06-06T16:02:38+09:00
n7b232e0c8d63,m60e9635b6cb6,2026-06-05T23:30:42+09:00
n7b232e0c8d63,m6484622342c0,2026-06-05T20:47:08+09:00
n7b232e0c8d63,m651aaa4e52a9,2026-06-08T02:33:35+09:00
n7b232e0c8d63,m6b65ceacc285,2026-06-07T22:27:53+09:00
n7b232e0c8d63,m6c21ad4983da,2026-06-06T16:02:38+09:00
n7b232e0c8d63,m6d69812caeed,2026-06-06T22:15:59+09:00
n7b232e0c8d63,m743c88e4a3b2,2026-06-05T23:30:42+09:00
n7b232e0c8d63,m75f772071126,2026-06-06T16:02:38+09:00
n7b232e0c8d63,m78e1caab29a1,2026-06-05T23:30:42+09:00
n7b232e0c8d63,m7ae6f1512188,2026-06-05T23:30:42+09:00
n7b232e0c8d63,m7de26e2e10de,2026-06-08T11:45:12+09:00
n7b232e0c8d63,m7e46a705cb77,2026-07-27T16:53:36+09:00
n7b232e0c8d63,m823f59a7ed0a,2026-06-23T11:17:22+09:00
n7b232e0c8d63,m862869c2ff9e,2026-06-06T16:02:38+09:00
n7b232e0c8d63,m87b2c27c2c91,2026-06-07T19:45:37+09:00
n7b232e0c8d63,m97848c1bdf32,2026-06-05T23:30:42+09:00
n7b232e0c8d63,ma4f7761ee62b,2026-06-10T11:21:04+09:00
n7b232e0c8d63,ma5bd9f7c40cf,2026-06-08T02:33:35+09:00
n7b232e0c8d63,ma8d107d9475f,2026-06-05T23:30:42+09:00
n7b232e0c8d63,maba8091875be,2026-06-05T23:30:42+09:00
n7b232e0c8d63,mad8d2935fc54,2026-06-05T23:30:42+09:00
n7b232e0c8d63,mba07f6638f58,2026-06-11T21:27:57+09:00
n7b232e0c8d63,mbb0b33794d86,2026-06-05T20:47:08+09:00
n7b232e0c8d63,mbdab2c1cd7b8,2026-06-08T18:02:00+09:00
n7b232e0c8d63,mc3b092076119,2026-06-06T16:02:38+09:00
n7b232e0c8d63,mc7c43a9831f4,2026-06-05T20:47:08+09:00
n7b232e0c8d63,mc86c779585e3,2026-06-05T20:47:08+09:00
n7b232e0c8d63,mc9bf7875a8d7,2026-06-07T22:27:53+09:00
n7b232e0c8d63,mcdf4ee972bd9,2026-06-08T18:02:00+09:00
n7b232e0c8d63,mcff9b6cb3037,2026-06-06T22:15:59+09:00
n7b232e0c8d63,md1868a762043,2026-06-05T20:47:08+09:00
n7b232e0c8d63,md1d64f3e53b1,2026-06-06T03:11:01+09:00
n7b232e0c8d63,md2bd041982f0,2026-06-05T20:47:08+09:00
n7b232e0c8d63,mdcd5a6dfd262,2026-06-08T18:02:00+09:00
n7b232e0c8d63,me0a7e3361736,2026-06-05T23:30:42+09:00
n7b232e0c8d63,me2d300fe8fb9,2026-06-09T20:33:37+09:00
n7b232e0c8d63,me491456dc440,2026-06-05T20:47:08+09:00
n7b232e0c8d63,me50627303786,2026-06-05T20:47:08+09:00
n7b232e0c8d63,me910158bc955,2026-06-15T23:14:09+09:00
n7b232e0c8d63,mf2abfea66ec7,2026-06-06T16:02:38+09:00
n7b232e0c8d63,mf2d7c09eeca9,2026-06-06T16:02:38+09:00
n7b232e0c8d63,mfa1cb167e2a1,2026-06-05T20:47:08+09:00
n7b232e0c8d63,mfc8edd12fdc2,2026-06-06T16:02:38+09:00
n7b232e0c8d63,mfc9d03c23504,2026-06-06T16:02:38+09:00
n7d27101b9e5a,m00293b733784,2026-05-06T18:00:00+09:00
n7d27101b9e5a,m0921d4d120a8,2026-05-06T18:00:00+09:00
n7d27101b9e5a,m0988ee24cf93,2026-06-11T21:27:57+09:00
n7d27101b9e5a,m1de95ffb4171,2026-05-06T18:00:00+09:00
n7d27101b9e5a,m1e77a2ceb57c,2026-05-06T18:00:00+09:00
n7d27101b9e5a,m26d93ca7080b,2026-05-06T18:00:00+09:00
n7d27101b9e5a,m2e9b901b1ba9,2026-05-06T18:00:00+09:00
n7d27101b9e5a,m30a248399fe0,2026-05-06T18:00:00+09:00
n7d27101b9e5a,m3c45350367a2,2026-06-06T16:02:38+09:00
n7d27101b9e5a,m5ca58e6bf38b,2026-05-06T18:00:00+09:00
n7d27101b9e5a,m6d69812caeed,2026-05-06T18:00:00+09:00
n7d27101b9e5a,m740ac248bb64,2026-05-06T18:00:00+09:00
n7d27101b9e5a,m743c88e4a3b2,2026-05-06T18:00:00+09:00
n7d27101b9e5a,m756da97337a3,2026-05-06T18:00:00+09:00
n7d27101b9e5a,m78e1caab29a1,2026-05-06T18:00:00+09:00
n7d27101b9e5a,m7ae6f1512188,2026-05-06T18:00:00+09:00
n7d27101b9e5a,m83b0e4ce814d,2026-05-06T18:00:00+09:00
n7d27101b9e5a,m854ef6e77955,2026-05-06T18:00:00+09:00
n7d27101b9e5a,m87b2c27c2c91,2026-05-06T18:00:00+09:00
n7d27101b9e5a,m97848c1bdf32,2026-05-06T18:00:00+09:00
n7d27101b9e5a,ma4f7761ee62b,2026-05-06T18:00:00+09:00
n7d27101b9e5a,mb19581064ca7,2026-05-06T18:00:00+09:00
n7d27101b9e5a,mb80e8e661ebe,2026-05-06T18:00:00+09:00
n7d27101b9e5a,mbb0b33794d86,2026-05-06T18:00:00+09:00
n7d27101b9e5a,mc3b092076119,2026-05-06T18:00:00+09:00
n7d27101b9e5a,mc7c43a9831f4,2026-05-06T18:00:00+09:00
n7d27101b9e5a,mc86c779585e3,2026-05-06T18:00:00+09:00
n7d27101b9e5a,md1868a762043,2026-05-06T18:00:00+09:00
n7d27101b9e5a,me0a7e3361736,2026-05-06T18:00:00+09:00
n7d27101b9e5a,me2d300fe8fb9,2026-05-06T18:00:00+09:00
n7d27101b9e5a,me50627303786,2026-05-06T18:00:00+09:00
n7d27101b9e5a,mead8ba3e8fdf,2026-05-06T18:00:00+09:00
n7d27101b9e5a,mfa1cb167e2a1,2026-05-06T18:00:00+09:00
n7d27101b9e5a,mfc8edd12fdc2,2026-05-06T18:00:00+09:00
n7d27101b9e5a,mfc9d03c23504,2026-05-06T18:00:00+09:00
n7d9907612cb9,m0f6484462f7f,2026-06-12T17:31:56+09:00
n7d9907612cb9,m2e9b901b1ba9,2026-03-03T18:00:00+09:00
n7d9907612cb9,m3c45350367a2,2026-07-28T15:46:37+09:00
n7d9907612cb9,m53405fd7b9aa,2026-03-03T18:00:00+09:00
n7d9907612cb9,m78e1caab29a1,2026-06-30T00:41:26+09:00
n7d9907612cb9,m97848c1bdf32,2026-06-12T04:01:03+09:00
n7d9907612cb9,ma8d107d9475f,2026-06-12T04:01:03+09:00
n7d9907612cb9,maba8091875be,2026-06-12T04:01:03+09:00
n7d9907612cb9,mc7c43a9831f4,2026-06-12T04:01:03+09:00
n7d9907612cb9,me0a7e3361736,2026-06-12T04:01:03+09:00
n7d9907612cb9,mfc9d03c23504,2026-03-03T18:00:00+09:00
n8008e59f6643,m11881a67a893,2026-03-18T06:00:00+09:00
n8008e59f6643,m1de95ffb4171,2026-06-22T18:56:40+09:00
n8008e59f6643,m1e77a2ceb57c,2026-03-18T06:00:00+09:00
n8008e59f6643,m3c45350367a2,2026-07-23T19:23:43+09:00
n8008e59f6643,m3ed4b0ea704e,2026-03-18T06:00:00+09:00
n8008e59f6643,m53a3c3b5d431,2026-03-18T06:00:00+09:00
n8008e59f6643,m854ef6e77955,2026-03-18T06:00:00+09:00
n8008e59f6643,m862869c2ff9e,2026-03-18T06:00:00+09:00
n8008e59f6643,m8fc85f49cbff,2026-03-18T06:00:00+09:00
n8008e59f6643,m97848c1bdf32,2026-03-18T06:00:00+09:00
n8008e59f6643,ma4f7761ee62b,2026-06-24T03:14:42+09:00
n8008e59f6643,ma8d107d9475f,2026-03-18T06:00:00+09:00
n8008e59f6643,mbb0b33794d86,2026-03-18T06:00:00+09:00
n8008e59f6643,mc3b092076119,2026-03-18T06:00:00+09:00
n8008e59f6643,mc7c43a9831f4,2026-06-22T18:56:40+09:00
n8008e59f6643,mc86c779585e3,2026-03-18T06:00:00+09:00
n8008e59f6643,mcdf4ee972bd9,2026-03-18T06:00:00+09:00
n8008e59f6643,md1d64f3e53b1,2026-03-18T06:00:00+09:00
n8008e59f6643,md929b2a701ae,2026-03-18T06:00:00+09:00
n8008e59f6643,mdbf1f88c8d0d,2026-03-18T06:00:00+09:00
n8008e59f6643,me0a7e3361736,2026-03-18T06:00:00+09:00
n8008e59f6643,me50627303786,2026-03-18T06:00:00+09:00
n8008e59f6643,mf2abfea66ec7,2026-03-18T06:00:00+09:00
n8008e59f6643,mfa1cb167e2a1,2026-03-18T06:00:00+09:00
n826489058509,m00293b733784,2026-05-11T18:00:00+09:00
n826489058509,m0988ee24cf93,2026-05-11T18:00:00+09:00
n826489058509,m1492ed6d20c4,2026-05-11T18:00:00+09:00
n826489058509,m16384598a49a,2026-05-11T18:00:00+09:00
n826489058509,m1de95ffb4171,2026-05-11T18:00:00+09:00
n826489058509,m1e77a2ceb57c,2026-05-11T18:00:00+09:00
n826489058509,m26d93ca7080b,2026-05-11T18:00:00+09:00
n826489058509,m2ca4e8ea4f14,2026-05-11T18:00:00+09:00
n826489058509,m2df62a6b1a97,2026-06-25T11:20:36+09:00
n826489058509,m2e9b901b1ba9,2026-05-11T18:00:00+09:00
n826489058509,m30a248399fe0,2026-05-11T18:00:00+09:00
n826489058509,m310b87610c59,2026-05-11T18:00:00+09:00
n826489058509,m3c45350367a2,2026-06-03T21:59:16+09:00
n826489058509,m4adec1ecfc8b,2026-05-11T18:00:00+09:00
n826489058509,m5ca58e6bf38b,2026-05-11T18:00:00+09:00
n826489058509,m6d3400fb7014,2026-05-11T18:00:00+09:00
n826489058509,m6d69812caeed,2026-05-11T18:00:00+09:00
n826489058509,m78e1caab29a1,2026-05-11T18:00:00+09:00
n826489058509,m7fe516b2d594,2026-05-11T18:00:00+09:00
n826489058509,m87b2c27c2c91,2026-05-11T18:00:00+09:00
n826489058509,m97848c1bdf32,2026-05-11T18:00:00+09:00
n826489058509,ma4f7761ee62b,2026-05-11T18:00:00+09:00
n826489058509,ma8d107d9475f,2026-05-11T18:00:00+09:00
n826489058509,mbb0b33794d86,2026-05-11T18:00:00+09:00
n826489058509,mc3b092076119,2026-05-11T18:00:00+09:00
n826489058509,mc7c43a9831f4,2026-05-11T18:00:00+09:00
n826489058509,mc86c779585e3,2026-05-11T18:00:00+09:00
n826489058509,md1d64f3e53b1,2026-05-11T18:00:00+09:00
n826489058509,md2bd041982f0,2026-05-11T18:00:00+09:00
n826489058509,me0a7e3361736,2026-05-11T18:00:00+09:00
n826489058509,me2d300fe8fb9,2026-05-11T18:00:00+09:00
n826489058509,me491456dc440,2026-05-11T18:00:00+09:00
n826489058509,me50627303786,2026-05-11T18:00:00+09:00
n826489058509,mfa1cb167e2a1,2026-05-11T18:00:00+09:00
n826489058509,mfc8edd12fdc2,2026-05-11T18:00:00+09:00
n826489058509,mfc9d03c23504,2026-05-11T18:00:00+09:00
n83f6bf8f2527,m00293b733784,2026-05-21T18:00:00+09:00
n83f6bf8f2527,m0f6484462f7f,2026-05-21T18:00:00+09:00
n83f6bf8f2527,m16095e384518,2026-06-17T11:48:43+09:00
n83f6bf8f2527,m19628a116da8,2026-06-02T17:34:11+09:00
n83f6bf8f2527,m19b3b433abf2,2026-05-21T18:00:00+09:00
n83f6bf8f2527,m1de95ffb4171,2026-05-21T18:00:00+09:00
n83f6bf8f2527,m1e77a2ceb57c,2026-05-21T18:00:00+09:00
n83f6bf8f2527,m28654e6bea0e,2026-05-21T18:00:00+09:00
n83f6bf8f2527,m2df62a6b1a97,2026-06-25T11:20:36+09:00
n83f6bf8f2527,m2e9b901b1ba9,2026-05-21T18:00:00+09:00
n83f6bf8f2527,m30a248399fe0,2026-05-21T18:00:00+09:00
n83f6bf8f2527,m3c45350367a2,2026-05-21T18:00:00+09:00
n83f6bf8f2527,m5ca58e6bf38b,2026-05-21T18:00:00+09:00
n83f6bf8f2527,m6295830f903e,2026-05-21T18:00:00+09:00
n83f6bf8f2527,m6484622342c0,2026-05-21T18:00:00+09:00
n83f6bf8f2527,m6c07ff1eb5e5,2026-07-13T16:42:04+09:00
n83f6bf8f2527,m6d69812caeed,2026-05-21T18:00:00+09:00
n83f6bf8f2527,m743c88e4a3b2,2026-05-21T18:00:00+09:00
n83f6bf8f2527,m75f772071126,2026-05-21T18:00:00+09:00
n83f6bf8f2527,m768b3f4cf6e4,2026-05-21T18:00:00+09:00
n83f6bf8f2527,m78e1caab29a1,2026-05-21T18:00:00+09:00
n83f6bf8f2527,m7de26e2e10de,2026-05-21T18:00:00+09:00
n83f6bf8f2527,m7fe516b2d594,2026-05-21T18:00:00+09:00
n83f6bf8f2527,m86d6a605b363,2026-05-21T18:00:00+09:00
n83f6bf8f2527,m87b2c27c2c91,2026-05-21T18:00:00+09:00
n83f6bf8f2527,m97848c1bdf32,2026-05-21T18:00:00+09:00
n83f6bf8f2527,ma4f7761ee62b,2026-05-21T18:00:00+09:00
n83f6bf8f2527,ma8d107d9475f,2026-05-21T18:00:00+09:00
n83f6bf8f2527,mb19581064ca7,2026-05-21T18:00:00+09:00
n83f6bf8f2527,mbb0b33794d86,2026-05-21T18:00:00+09:00
n83f6bf8f2527,mbc9b389a647a,2026-05-21T18:00:00+09:00
n83f6bf8f2527,mc3b092076119,2026-05-21T18:00:00+09:00
n83f6bf8f2527,mc7c43a9831f4,2026-05-21T18:00:00+09:00
n83f6bf8f2527,mc86c779585e3,2026-05-21T18:00:00+09:00
n83f6bf8f2527,md1d64f3e53b1,2026-05-21T18:00:00+09:00
n83f6bf8f2527,md33c43d62052,2026-07-15T19:00:49+09:00
n83f6bf8f2527,me0a7e3361736,2026-05-21T18:00:00+09:00
n83f6bf8f2527,me50627303786,2026-05-21T18:00:00+09:00
n83f6bf8f2527,mf69fc4b04874,2026-06-03T21:59:16+09:00
n83f6bf8f2527,mfa1cb167e2a1,2026-05-21T18:00:00+09:00
n83f6bf8f2527,mfc8edd12fdc2,2026-05-21T18:00:00+09:00
n83f6bf8f2527,mfc9d03c23504,2026-05-21T18:00:00+09:00
n84b19ba710b0,m1de95ffb4171,2026-06-22T18:56:40+09:00
n84b19ba710b0,m1e77a2ceb57c,2026-03-22T06:00:00+09:00
n84b19ba710b0,m26d93ca7080b,2026-07-19T15:50:27+09:00
n84b19ba710b0,m3c45350367a2,2026-07-21T15:48:56+09:00
n84b19ba710b0,m46619b37427d,2026-03-22T06:00:00+09:00
n84b19ba710b0,m7ae6f1512188,2026-03-22T06:00:00+09:00
n84b19ba710b0,m854ef6e77955,2026-03-22T06:00:00+09:00
n84b19ba710b0,m97848c1bdf32,2026-06-23T20:36:09+09:00
n84b19ba710b0,ma4f7761ee62b,2026-06-23T20:36:09+09:00
n84b19ba710b0,ma8d107d9475f,2026-06-23T20:36:09+09:00
n84b19ba710b0,mbb0b33794d86,2026-03-22T06:00:00+09:00
n84b19ba710b0,mc3b092076119,2026-03-22T06:00:00+09:00
n84b19ba710b0,mc7c43a9831f4,2026-06-22T18:56:40+09:00
n84b19ba710b0,mc86c779585e3,2026-03-22T06:00:00+09:00
n84b19ba710b0,mcdf4ee972bd9,2026-03-22T06:00:00+09:00
n84b19ba710b0,md1d64f3e53b1,2026-03-22T06:00:00+09:00
n84b19ba710b0,md929b2a701ae,2026-03-22T06:00:00+09:00
n84b19ba710b0,me0a7e3361736,2026-06-23T20:36:09+09:00
n84b19ba710b0,me50627303786,2026-03-22T06:00:00+09:00
n84b19ba710b0,mfa1cb167e2a1,2026-03-22T06:00:00+09:00
n8745200a53f0,m2e9b901b1ba9,2026-07-01T20:12:26+09:00
n8745200a53f0,m32ba72575bbe,2026-02-01T17:52:41+09:00
n8745200a53f0,m3dae738ba1c1,2026-07-13T19:59:49+09:00
n8745200a53f0,mbb0b33794d86,2026-07-03T22:42:25+09:00
n8745200a53f0,mc86c779585e3,2026-06-01T11:55:17+09:00
n8745200a53f0,me759d1c27fae,2026-06-27T16:39:28+09:00
n8745200a53f0,mfc9d03c23504,2026-07-01T20:12:26+09:00
n8b1f2760688e,m3c45350367a2,2026-07-31T16:04:28+09:00
n8b1f2760688e,m78e1caab29a1,2026-07-20T22:57:44+09:00
n8b1f2760688e,m7ae6f1512188,2026-02-22T16:08:47+09:00
n8b1f2760688e,m7fe516b2d594,2026-02-22T16:08:47+09:00
n8b1f2760688e,mc3b092076119,2026-02-22T16:08:47+09:00
n8b1f2760688e,mc86c779585e3,2026-02-22T16:08:47+09:00
n8b1f2760688e,md5cce89ec076,2026-02-22T16:08:47+09:00
n8cac8598278c,m00293b733784,2026-06-07T19:45:37+09:00
n8cac8598278c,m01cb6624a2fd,2026-06-07T17:03:23+09:00
n8cac8598278c,m0988ee24cf93,2026-06-08T18:02:00+09:00
n8cac8598278c,m0c630cc12b41,2026-06-08T21:52:25+09:00
n8cac8598278c,m0f6484462f7f,2026-06-08T11:45:12+09:00
n8cac8598278c,m11f968fbad6d,2026-06-07T17:03:23+09:00
n8cac8598278c,m16095e384518,2026-06-11T17:43:24+09:00
n8cac8598278c,m19b3b433abf2,2026-06-07T17:03:23+09:00
n8cac8598278c,m1de95ffb4171,2026-06-07T17:03:23+09:00
n8cac8598278c,m1e77a2ceb57c,2026-06-07T17:03:23+09:00
n8cac8598278c,m28654e6bea0e,2026-06-07T17:03:23+09:00
n8cac8598278c,m2e9b901b1ba9,2026-06-10T20:55:34+09:00
n8cac8598278c,m30a248399fe0,2026-06-08T02:33:35+09:00
n8cac8598278c,m310b87610c59,2026-06-07T17:03:23+09:00
n8cac8598278c,m37d340b019a6,2026-07-01T13:36:41+09:00
n8cac8598278c,m3c45350367a2,2026-06-07T22:27:53+09:00
n8cac8598278c,m54c3e22e02f7,2026-06-08T21:52:25+09:00
n8cac8598278c,m5a117d075a64,2026-07-06T13:19:18+09:00
n8cac8598278c,m5c87df568874,2026-06-09T11:08:54+09:00
n8cac8598278c,m5ca58e6bf38b,2026-06-07T17:03:23+09:00
n8cac8598278c,m6d3400fb7014,2026-06-07T17:03:23+09:00
n8cac8598278c,m6d69812caeed,2026-06-07T17:03:23+09:00
n8cac8598278c,m743c88e4a3b2,2026-06-07T17:03:23+09:00
n8cac8598278c,m768b3f4cf6e4,2026-06-13T11:22:24+09:00
n8cac8598278c,m78e1caab29a1,2026-06-07T22:27:53+09:00
n8cac8598278c,m7ae6f1512188,2026-06-07T19:45:37+09:00
n8cac8598278c,m7de26e2e10de,2026-06-09T16:51:31+09:00
n8cac8598278c,m7fe516b2d594,2026-06-07T17:03:23+09:00
n8cac8598278c,m83b0e4ce814d,2026-07-14T15:32:03+09:00
n8cac8598278c,m87b2c27c2c91,2026-06-07T19:45:37+09:00
n8cac8598278c,m97848c1bdf32,2026-06-08T11:45:12+09:00
n8cac8598278c,ma4f7761ee62b,2026-06-09T03:40:10+09:00
n8cac8598278c,ma8d107d9475f,2026-06-08T11:45:12+09:00
n8cac8598278c,maba8091875be,2026-06-08T11:45:12+09:00
n8cac8598278c,mad8d2935fc54,2026-06-10T03:21:37+09:00
n8cac8598278c,mba07f6638f58,2026-06-11T21:27:57+09:00
n8cac8598278c,mbb0b33794d86,2026-06-07T17:03:23+09:00
n8cac8598278c,mc3b092076119,2026-06-07T22:27:53+09:00
n8cac8598278c,mc7c43a9831f4,2026-06-07T17:03:23+09:00
n8cac8598278c,mc86c779585e3,2026-06-07T19:45:37+09:00
n8cac8598278c,mcfb504b2261b,2026-06-08T21:52:25+09:00
n8cac8598278c,md2bd041982f0,2026-06-07T17:03:23+09:00
n8cac8598278c,mda8e3e5ed85c,2026-06-15T19:09:11+09:00
n8cac8598278c,me0a7e3361736,2026-06-08T11:45:12+09:00
n8cac8598278c,me2d300fe8fb9,2026-06-07T22:27:53+09:00
n8cac8598278c,me3590cc8b7e1,2026-06-07T17:03:23+09:00
n8cac8598278c,me50627303786,2026-06-07T19:45:37+09:00
n8cac8598278c,mead8ba3e8fdf,2026-06-07T17:03:23+09:00
n8cac8598278c,mf2d7c09eeca9,2026-06-08T21:52:25+09:00
n8cac8598278c,mf69fc4b04874,2026-06-08T18:02:00+09:00
n8cac8598278c,mfa1cb167e2a1,2026-06-07T17:03:23+09:00
n8cac8598278c,mfc8edd12fdc2,2026-06-07T17:03:23+09:00
n8cac8598278c,mfc9d03c23504,2026-06-10T20:55:34+09:00
n8d7224175057,m00293b733784,2026-06-30T20:02:40+09:00
n8d7224175057,m01cb6624a2fd,2026-06-30T20:02:40+09:00
n8d7224175057,m04367e7cf8fa,2026-07-01T23:15:02+09:00
n8d7224175057,m0988ee24cf93,2026-07-01T03:13:24+09:00
n8d7224175057,m0f6484462f7f,2026-07-07T00:04:49+09:00
n8d7224175057,m108e1df31c78,2026-07-07T23:14:09+09:00
n8d7224175057,m192171037579,2026-07-01T13:36:41+09:00
n8d7224175057,m19b3b433abf2,2026-07-02T03:14:31+09:00
n8d7224175057,m1de95ffb4171,2026-06-30T20:02:40+09:00
n8d7224175057,m1e77a2ceb57c,2026-07-01T03:13:24+09:00
n8d7224175057,m28654e6bea0e,2026-06-30T20:02:40+09:00
n8d7224175057,m2df62a6b1a97,2026-07-01T13:36:41+09:00
n8d7224175057,m2e9b901b1ba9,2026-07-01T13:36:41+09:00
n8d7224175057,m30a248399fe0,2026-07-01T03:13:24+09:00
n8d7224175057,m310b87610c59,2026-06-30T20:02:40+09:00
n8d7224175057,m32ba72575bbe,2026-06-30T20:02:40+09:00
n8d7224175057,m334fb05a2022,2026-07-07T06:40:35+09:00
n8d7224175057,m3c45350367a2,2026-07-01T13:36:41+09:00
n8d7224175057,m4c7f1907bb74,2026-06-30T20:02:40+09:00
n8d7224175057,m547e9622e50b,2026-07-02T16:50:03+09:00
n8d7224175057,m54b2ccd56b12,2026-07-02T16:50:03+09:00
n8d7224175057,m5a117d075a64,2026-07-01T20:12:26+09:00
n8d7224175057,m5c9c88eb4983,2026-07-02T13:16:48+09:00
n8d7224175057,m5ca58e6bf38b,2026-07-02T03:14:31+09:00
n8d7224175057,m60fb5d15f701,2026-07-03T06:15:56+09:00
n8d7224175057,m6295830f903e,2026-07-01T20:12:26+09:00
n8d7224175057,m6d3400fb7014,2026-06-30T20:02:40+09:00
n8d7224175057,m6d69812caeed,2026-07-01T03:13:24+09:00
n8d7224175057,m743c88e4a3b2,2026-07-06T21:05:51+09:00
n8d7224175057,m75f772071126,2026-07-05T22:16:03+09:00
n8d7224175057,m78e1caab29a1,2026-06-30T23:06:39+09:00
n8d7224175057,m7ae6f1512188,2026-07-01T13:36:41+09:00
n8d7224175057,m7c76be531c5e,2026-07-01T20:12:26+09:00
n8d7224175057,m7de26e2e10de,2026-07-01T17:30:57+09:00
n8d7224175057,m7e46a705cb77,2026-06-30T23:06:39+09:00
n8d7224175057,m854ef6e77955,2026-06-30T23:06:39+09:00
n8d7224175057,m87b2c27c2c91,2026-06-30T20:02:40+09:00
n8d7224175057,m97848c1bdf32,2026-06-30T23:06:39+09:00
n8d7224175057,m99ebd3a7fbf7,2026-07-02T03:14:31+09:00
n8d7224175057,ma4f7761ee62b,2026-07-01T06:38:38+09:00
n8d7224175057,ma8d107d9475f,2026-06-30T23:06:39+09:00
n8d7224175057,maa5a2a7f67c6,2026-07-01T13:36:41+09:00
n8d7224175057,maba8091875be,2026-06-30T23:06:39+09:00
n8d7224175057,mad8d2935fc54,2026-07-01T20:12:26+09:00
n8d7224175057,mb19581064ca7,2026-06-30T23:06:39+09:00
n8d7224175057,mba07f6638f58,2026-07-02T13:16:48+09:00
n8d7224175057,mbb0b33794d86,2026-06-30T20:02:40+09:00
n8d7224175057,mc08cb4916e00,2026-07-01T23:15:02+09:00
n8d7224175057,mc3b092076119,2026-07-01T17:30:57+09:00
n8d7224175057,mc7c43a9831f4,2026-06-30T20:02:40+09:00
n8d7224175057,mc86c779585e3,2026-06-30T23:06:39+09:00
n8d7224175057,mcff84edbf9b7,2026-07-06T21:05:51+09:00
n8d7224175057,mcff9b6cb3037,2026-07-01T03:13:24+09:00
n8d7224175057,md060aa7d8db7,2026-07-02T03:14:31+09:00
n8d7224175057,md1d64f3e53b1,2026-07-01T03:13:24+09:00
n8d7224175057,md2bd041982f0,2026-06-30T20:02:40+09:00
n8d7224175057,me0a7e3361736,2026-06-30T23:06:39+09:00
n8d7224175057,me2d300fe8fb9,2026-06-30T23:06:39+09:00
n8d7224175057,me3c1530749d9,2026-07-01T20:12:26+09:00
n8d7224175057,me50627303786,2026-06-30T20:02:40+09:00
n8d7224175057,mfa1cb167e2a1,2026-07-01T03:13:24+09:00
n8d7224175057,mfbb486f4b9f2,2026-07-01T20:12:26+09:00
n8d7224175057,mfc8edd12fdc2,2026-07-01T13:36:41+09:00
n8d7224175057,mfc9d03c23504,2026-07-01T13:36:41+09:00
n8e6e558e0595,m00293b733784,2026-05-31T19:41:11+09:00
n8e6e558e0595,m0921d4d120a8,2026-06-02T17:34:11+09:00
n8e6e558e0595,m0988ee24cf93,2026-06-03T21:59:16+09:00
n8e6e558e0595,m0c630cc12b41,2026-06-01T18:38:19+09:00
n8e6e558e0595,m16095e384518,2026-06-04T17:26:45+09:00
n8e6e558e0595,m1de95ffb4171,2026-05-31T19:41:11+09:00
n8e6e558e0595,m1e77a2ceb57c,2026-05-31T19:41:11+09:00
n8e6e558e0595,m28654e6bea0e,2026-05-31T19:41:11+09:00
n8e6e558e0595,m2df62a6b1a97,2026-06-25T11:20:36+09:00
n8e6e558e0595,m30a248399fe0,2026-06-01T02:31:07+09:00
n8e6e558e0595,m3c45350367a2,2026-06-01T23:05:56+09:00
n8e6e558e0595,m560249b5a0b8,2026-08-01T22:04:10+09:00
n8e6e558e0595,m66feefd13085,2026-06-01T18:38:19+09:00
n8e6e558e0595,m6d3400fb7014,2026-05-31T19:41:11+09:00
n8e6e558e0595,m6d69812caeed,2026-06-01T02:31:07+09:00
n8e6e558e0595,m743c88e4a3b2,2026-05-31T22:38:40+09:00
n8e6e558e0595,m75f772071126,2026-06-02T21:21:39+09:00
n8e6e558e0595,m78e1caab29a1,2026-05-31T22:38:40+09:00
n8e6e558e0595,m87b2c27c2c91,2026-05-31T19:41:11+09:00
n8e6e558e0595,m971707d1e3c9,2026-06-04T17:26:45+09:00
n8e6e558e0595,m97848c1bdf32,2026-05-31T22:38:40+09:00
n8e6e558e0595,ma4f7761ee62b,2026-05-31T22:38:40+09:00
n8e6e558e0595,ma8d107d9475f,2026-05-31T22:38:40+09:00
n8e6e558e0595,mad8d2935fc54,2026-06-04T07:38:18+09:00
n8e6e558e0595,mbb0b33794d86,2026-05-31T19:41:11+09:00
n8e6e558e0595,mc3b092076119,2026-06-01T11:55:17+09:00
n8e6e558e0595,mc7c43a9831f4,2026-05-31T19:41:11+09:00
n8e6e558e0595,mc86c779585e3,2026-05-31T22:38:40+09:00
n8e6e558e0595,mcdf4ee972bd9,2026-06-02T10:15:37+09:00
n8e6e558e0595,mcff9b6cb3037,2026-06-01T23:05:56+09:00
n8e6e558e0595,md2bd041982f0,2026-05-31T19:41:11+09:00
n8e6e558e0595,md929b2a701ae,2026-06-01T02:31:07+09:00
n8e6e558e0595,me0a7e3361736,2026-05-31T22:38:40+09:00
n8e6e558e0595,me2d300fe8fb9,2026-06-01T02:31:07+09:00
n8e6e558e0595,me3c1530749d9,2026-07-02T06:39:01+09:00
n8e6e558e0595,me50627303786,2026-05-31T19:41:11+09:00
n8e6e558e0595,mead8ba3e8fdf,2026-06-01T02:31:07+09:00
n8e6e558e0595,mf2d7c09eeca9,2026-06-06T16:02:38+09:00
n8e6e558e0595,mf69fc4b04874,2026-07-08T03:16:08+09:00
n8e6e558e0595,mfa1cb167e2a1,2026-05-31T19:41:11+09:00
n8e6e558e0595,mfc8edd12fdc2,2026-06-01T11:55:17+09:00
n900ca451a86d,m00293b733784,2026-07-28T22:40:17+09:00
n900ca451a86d,m01cb6624a2fd,2026-08-02T15:53:17+09:00
n900ca451a86d,m0988ee24cf93,2026-07-31T02:53:29+09:00
n900ca451a86d,m0f6484462f7f,2026-07-30T22:36:31+09:00
n900ca451a86d,m16095e384518,2026-07-29T19:38:48+09:00
n900ca451a86d,m192171037579,2026-07-29T06:20:01+09:00
n900ca451a86d,m1e77a2ceb57c,2026-07-29T12:30:19+09:00
n900ca451a86d,m28654e6bea0e,2026-07-29T12:30:19+09:00
n900ca451a86d,m2ca4e8ea4f14,2026-07-29T22:54:26+09:00
n900ca451a86d,m2e9b901b1ba9,2026-07-30T12:02:53+09:00
n900ca451a86d,m30a248399fe0,2026-07-29T02:51:13+09:00
n900ca451a86d,m334fb05a2022,2026-07-28T22:40:17+09:00
n900ca451a86d,m3c45350367a2,2026-07-29T02:51:13+09:00
n900ca451a86d,m43692d4ce4da,2026-07-29T19:38:48+09:00
n900ca451a86d,m44226ceff270,2026-07-30T12:02:53+09:00
n900ca451a86d,m531dee90a84a,2026-07-29T22:54:26+09:00
n900ca451a86d,m54b2ccd56b12,2026-07-29T22:54:26+09:00
n900ca451a86d,m60e9635b6cb6,2026-07-30T06:07:16+09:00
n900ca451a86d,m6d3400fb7014,2026-07-28T22:40:17+09:00
n900ca451a86d,m6d69812caeed,2026-07-29T12:30:19+09:00
n900ca451a86d,m743c88e4a3b2,2026-07-28T22:40:17+09:00
n900ca451a86d,m75f772071126,2026-07-28T22:40:17+09:00
n900ca451a86d,m78e1caab29a1,2026-07-28T22:40:17+09:00
n900ca451a86d,m7ae6f1512188,2026-07-28T22:40:17+09:00
n900ca451a86d,m7c76be531c5e,2026-07-30T22:36:31+09:00
n900ca451a86d,m821d82fa5dce,2026-08-02T15:53:17+09:00
n900ca451a86d,m87b2c27c2c91,2026-07-28T22:40:17+09:00
n900ca451a86d,m97848c1bdf32,2026-07-30T06:07:16+09:00
n900ca451a86d,ma4f7761ee62b,2026-07-30T15:48:07+09:00
n900ca451a86d,ma8d107d9475f,2026-07-30T06:07:16+09:00
n900ca451a86d,maba8091875be,2026-07-30T06:07:16+09:00
n900ca451a86d,mb80e8e661ebe,2026-07-28T22:40:17+09:00
n900ca451a86d,mba07f6638f58,2026-07-30T19:22:29+09:00
n900ca451a86d,mc3b092076119,2026-07-29T15:51:49+09:00
n900ca451a86d,mc7c43a9831f4,2026-07-30T06:07:16+09:00
n900ca451a86d,mc86c779585e3,2026-07-29T12:30:19+09:00
n900ca451a86d,mcdf4ee972bd9,2026-07-29T12:30:19+09:00
n900ca451a86d,mcfb504b2261b,2026-07-31T12:45:23+09:00
n900ca451a86d,mcff9b6cb3037,2026-07-29T12:30:19+09:00
n900ca451a86d,md1d64f3e53b1,2026-07-30T22:36:31+09:00
n900ca451a86d,md33c43d62052,2026-07-29T02:51:13+09:00
n900ca451a86d,me0a7e3361736,2026-07-30T06:07:16+09:00
n900ca451a86d,me2d300fe8fb9,2026-07-31T22:39:37+09:00
n900ca451a86d,me50627303786,2026-07-28T22:40:17+09:00
n900ca451a86d,me609ab2c7895,2026-08-01T12:46:18+09:00
n900ca451a86d,mfa1cb167e2a1,2026-07-29T12:30:19+09:00
n900ca451a86d,mfc8edd12fdc2,2026-07-28T22:40:17+09:00
n900ca451a86d,mfc9d03c23504,2026-07-30T12:02:53+09:00
n90b6a19ed9d3,m00293b733784,2026-04-25T18:00:00+09:00
n90b6a19ed9d3,m0988ee24cf93,2026-04-25T18:00:00+09:00
n90b6a19ed9d3,m18485b3d7e40,2026-04-25T18:00:00+09:00
n90b6a19ed9d3,m1de95ffb4171,2026-04-25T18:00:00+09:00
n90b6a19ed9d3,m1e77a2ceb57c,2026-04-25T18:00:00+09:00
n90b6a19ed9d3,m30a248399fe0,2026-04-25T18:00:00+09:00
n90b6a19ed9d3,m3c45350367a2,2026-06-18T21:08:56+09:00
n90b6a19ed9d3,m3ec67f102868,2026-04-25T18:00:00+09:00
n90b6a19ed9d3,m46619b37427d,2026-04-25T18:00:00+09:00
n90b6a19ed9d3,m5ca58e6bf38b,2026-04-25T18:00:00+09:00
n90b6a19ed9d3,m60e9635b6cb6,2026-06-15T19:09:11+09:00
n90b6a19ed9d3,m6d3400fb7014,2026-04-25T18:00:00+09:00
n90b6a19ed9d3,m740ac248bb64,2026-04-25T18:00:00+09:00
n90b6a19ed9d3,m743c88e4a3b2,2026-06-27T13:16:50+09:00
n90b6a19ed9d3,m78e1caab29a1,2026-04-25T18:00:00+09:00
n90b6a19ed9d3,m7ae6f1512188,2026-04-25T18:00:00+09:00
n90b6a19ed9d3,m854ef6e77955,2026-04-25T18:00:00+09:00
n90b6a19ed9d3,m87b2c27c2c91,2026-04-25T18:00:00+09:00
n90b6a19ed9d3,m97848c1bdf32,2026-06-15T19:09:11+09:00
n90b6a19ed9d3,ma8d107d9475f,2026-06-15T19:09:11+09:00
n90b6a19ed9d3,maba8091875be,2026-06-15T19:09:11+09:00
n90b6a19ed9d3,mad8d2935fc54,2026-04-25T18:00:00+09:00
n90b6a19ed9d3,mbb0b33794d86,2026-04-25T18:00:00+09:00
n90b6a19ed9d3,mc3b092076119,2026-04-25T18:00:00+09:00
n90b6a19ed9d3,mc7c43a9831f4,2026-04-25T18:00:00+09:00
n90b6a19ed9d3,mc86c779585e3,2026-04-25T18:00:00+09:00
n90b6a19ed9d3,md1d64f3e53b1,2026-04-25T18:00:00+09:00
n90b6a19ed9d3,mda8e3e5ed85c,2026-04-25T18:00:00+09:00
n90b6a19ed9d3,mdf64cd8c3686,2026-04-25T18:00:00+09:00
n90b6a19ed9d3,me0a7e3361736,2026-04-25T18:00:00+09:00
n90b6a19ed9d3,me2d300fe8fb9,2026-04-25T18:00:00+09:00
n90b6a19ed9d3,me50627303786,2026-04-25T18:00:00+09:00
n90b6a19ed9d3,mead8ba3e8fdf,2026-04-25T18:00:00+09:00
n90b6a19ed9d3,mfa1cb167e2a1,2026-04-25T18:00:00+09:00
n90b6a19ed9d3,mfc8edd12fdc2,2026-04-25T18:00:00+09:00
n9101ede99d42,m00293b733784,2026-06-17T21:34:03+09:00
n9101ede99d42,m0988ee24cf93,2026-06-18T21:08:56+09:00
n9101ede99d42,m1023a68e324b,2026-06-18T21:08:56+09:00
n9101ede99d42,m16095e384518,2026-06-18T21:08:56+09:00
n9101ede99d42,m18485b3d7e40,2026-06-18T17:46:25+09:00
n9101ede99d42,m192171037579,2026-06-17T21:34:03+09:00
n9101ede99d42,m19b3b433abf2,2026-06-18T21:08:56+09:00
n9101ede99d42,m1de95ffb4171,2026-06-17T18:09:34+09:00
n9101ede99d42,m1e77a2ceb57c,2026-06-18T21:08:56+09:00
n9101ede99d42,m28654e6bea0e,2026-06-17T18:09:34+09:00
n9101ede99d42,m2ca4e8ea4f14,2026-06-17T21:34:03+09:00
n9101ede99d42,m2df62a6b1a97,2026-07-07T13:11:29+09:00
n9101ede99d42,m2e9b901b1ba9,2026-06-17T21:34:03+09:00
n9101ede99d42,m30a248399fe0,2026-06-17T23:58:15+09:00
n9101ede99d42,m3c45350367a2,2026-06-17T23:58:15+09:00
n9101ede99d42,m4c7f1907bb74,2026-06-17T21:34:03+09:00
n9101ede99d42,m547e9622e50b,2026-06-18T17:46:25+09:00
n9101ede99d42,m5a117d075a64,2026-06-18T17:46:25+09:00
n9101ede99d42,m5b549de72bcf,2026-06-21T06:24:49+09:00
n9101ede99d42,m5c87df568874,2026-06-18T17:46:25+09:00
n9101ede99d42,m5c9c88eb4983,2026-06-18T23:53:00+09:00
n9101ede99d42,m5ca58e6bf38b,2026-06-18T21:08:56+09:00
n9101ede99d42,m5e0b116a568a,2026-06-18T17:46:25+09:00
n9101ede99d42,m60fb5d15f701,2026-07-23T22:33:31+09:00
n9101ede99d42,m651aaa4e52a9,2026-06-20T22:36:32+09:00
n9101ede99d42,m6d69812caeed,2026-06-17T21:34:03+09:00
n9101ede99d42,m740ac248bb64,2026-06-20T03:15:01+09:00
n9101ede99d42,m743c88e4a3b2,2026-06-17T21:34:03+09:00
n9101ede99d42,m756da97337a3,2026-06-18T23:53:00+09:00
n9101ede99d42,m75f772071126,2026-06-17T23:58:15+09:00
n9101ede99d42,m768b3f4cf6e4,2026-06-18T17:46:25+09:00
n9101ede99d42,m78e1caab29a1,2026-06-17T21:34:03+09:00
n9101ede99d42,m7ae6f1512188,2026-06-18T03:34:20+09:00
n9101ede99d42,m7c76be531c5e,2026-06-27T13:16:50+09:00
n9101ede99d42,m7de26e2e10de,2026-06-19T12:02:39+09:00
n9101ede99d42,m823f59a7ed0a,2026-06-23T11:17:22+09:00
n9101ede99d42,m87b2c27c2c91,2026-06-17T21:34:03+09:00
n9101ede99d42,m97848c1bdf32,2026-06-17T21:34:03+09:00
n9101ede99d42,ma4f7761ee62b,2026-06-17T23:58:15+09:00
n9101ede99d42,ma5bd9f7c40cf,2026-06-20T22:36:32+09:00
n9101ede99d42,ma8d107d9475f,2026-06-17T21:34:03+09:00
n9101ede99d42,maba8091875be,2026-06-17T21:34:03+09:00
n9101ede99d42,mad8d2935fc54,2026-06-18T21:08:56+09:00
n9101ede99d42,mb80e8e661ebe,2026-06-18T03:34:20+09:00
n9101ede99d42,mba07f6638f58,2026-06-17T21:34:03+09:00
n9101ede99d42,mbb0b33794d86,2026-06-17T18:09:34+09:00
n9101ede99d42,mc3b092076119,2026-06-17T23:58:15+09:00
n9101ede99d42,mc7c43a9831f4,2026-06-17T18:09:34+09:00
n9101ede99d42,mc86c779585e3,2026-06-18T11:46:48+09:00
n9101ede99d42,mcff9b6cb3037,2026-06-17T21:34:03+09:00
n9101ede99d42,md1868a762043,2026-06-17T21:34:03+09:00
n9101ede99d42,md1d64f3e53b1,2026-06-18T03:34:20+09:00
n9101ede99d42,md1ddaa59f278,2026-06-20T11:24:14+09:00
n9101ede99d42,md33c43d62052,2026-07-15T19:00:49+09:00
n9101ede99d42,md929b2a701ae,2026-06-19T21:24:54+09:00
n9101ede99d42,me0a7e3361736,2026-06-17T21:34:03+09:00
n9101ede99d42,me2d300fe8fb9,2026-06-17T23:58:15+09:00
n9101ede99d42,me50627303786,2026-06-17T23:58:15+09:00
n9101ede99d42,me5481b3218cd,2026-06-20T03:15:01+09:00
n9101ede99d42,mebfdd205b78a,2026-06-18T17:46:25+09:00
n9101ede99d42,mf815c8f3b6d2,2026-06-17T23:58:15+09:00
n9101ede99d42,mfa1cb167e2a1,2026-06-18T21:08:56+09:00
n9101ede99d42,mfc8edd12fdc2,2026-06-17T21:34:03+09:00
n9101ede99d42,mfc9d03c23504,2026-06-17T21:34:03+09:00
n9220fdec29f5,m0988ee24cf93,2026-04-04T18:00:00+09:00
n9220fdec29f5,m310b87610c59,2026-04-04T18:00:00+09:00
n9220fdec29f5,m3c45350367a2,2026-07-05T22:16:03+09:00
n9220fdec29f5,m78e1caab29a1,2026-05-30T22:21:40+09:00
n9220fdec29f5,m97848c1bdf32,2026-04-04T18:00:00+09:00
n9220fdec29f5,ma4f7761ee62b,2026-04-04T18:00:00+09:00
n9220fdec29f5,mad8d2935fc54,2026-04-04T18:00:00+09:00
n9220fdec29f5,mbb0b33794d86,2026-04-04T18:00:00+09:00
n9220fdec29f5,mc3b092076119,2026-04-04T18:00:00+09:00
n9220fdec29f5,mc7c43a9831f4,2026-04-04T18:00:00+09:00
n9220fdec29f5,mc86c779585e3,2026-04-04T18:00:00+09:00
n9220fdec29f5,md2bd041982f0,2026-04-04T18:00:00+09:00
n9220fdec29f5,me0a7e3361736,2026-04-04T18:00:00+09:00
n9220fdec29f5,me50627303786,2026-04-04T18:00:00+09:00
n96deac8c8417,m1e77a2ceb57c,2026-03-27T18:00:00+09:00
n96deac8c8417,m34fbc48bcda0,2026-03-27T18:00:00+09:00
n96deac8c8417,m3c45350367a2,2026-07-15T22:18:04+09:00
n96deac8c8417,m78e1caab29a1,2026-06-14T23:28:00+09:00
n96deac8c8417,ma4ac2760a6b2,2026-03-27T18:00:00+09:00
n96deac8c8417,mbb0b33794d86,2026-03-27T18:00:00+09:00
n96deac8c8417,mc3b092076119,2026-03-27T18:00:00+09:00
n96deac8c8417,mc86c779585e3,2026-03-27T18:00:00+09:00
n96deac8c8417,md1d64f3e53b1,2026-03-27T18:00:00+09:00
n96deac8c8417,me50627303786,2026-03-27T18:00:00+09:00
n96deac8c8417,mfa1cb167e2a1,2026-03-27T18:00:00+09:00
n96deac8c8417,mfc9d03c23504,2026-03-27T18:00:00+09:00
n96deac8c8417,mff26de4b50e8,2026-03-27T18:00:00+09:00
n96e0791304e2,m3c45350367a2,2026-07-31T16:04:28+09:00
n96e0791304e2,m53405fd7b9aa,2026-02-22T09:55:03+09:00
n96e0791304e2,m78e1caab29a1,2026-07-22T22:30:34+09:00
n96e0791304e2,m7ae6f1512188,2026-02-22T09:55:03+09:00
n96e0791304e2,mc4cffef07914,2026-02-22T09:55:03+09:00
n96e0791304e2,mc86c779585e3,2026-02-22T09:55:03+09:00
n971012df4b85,m00293b733784,2026-04-26T18:00:00+09:00
n971012df4b85,m1de95ffb4171,2026-04-26T18:00:00+09:00
n971012df4b85,m2e9b901b1ba9,2026-04-26T18:00:00+09:00
n971012df4b85,m30a248399fe0,2026-04-26T18:00:00+09:00
n971012df4b85,m3c45350367a2,2026-06-17T23:58:15+09:00
n971012df4b85,m5ca58e6bf38b,2026-04-26T18:00:00+09:00
n971012df4b85,m6d3400fb7014,2026-04-26T18:00:00+09:00
n971012df4b85,m740ac248bb64,2026-04-26T18:00:00+09:00
n971012df4b85,m743c88e4a3b2,2026-04-26T18:00:00+09:00
n971012df4b85,m78e1caab29a1,2026-04-26T18:00:00+09:00
n971012df4b85,m7ae6f1512188,2026-04-26T18:00:00+09:00
n971012df4b85,m854ef6e77955,2026-04-26T18:00:00+09:00
n971012df4b85,m87b2c27c2c91,2026-04-26T18:00:00+09:00
n971012df4b85,mb19581064ca7,2026-04-26T18:00:00+09:00
n971012df4b85,mbb0b33794d86,2026-04-26T18:00:00+09:00
n971012df4b85,mc3b092076119,2026-04-26T18:00:00+09:00
n971012df4b85,mc7c43a9831f4,2026-04-26T18:00:00+09:00
n971012df4b85,mc86c779585e3,2026-04-26T18:00:00+09:00
n971012df4b85,md1d64f3e53b1,2026-04-26T18:00:00+09:00
n971012df4b85,mda8e3e5ed85c,2026-04-26T18:00:00+09:00
n971012df4b85,mdf64cd8c3686,2026-04-26T18:00:00+09:00
n971012df4b85,me0a7e3361736,2026-04-26T18:00:00+09:00
n971012df4b85,me2d300fe8fb9,2026-04-26T18:00:00+09:00
n971012df4b85,me50627303786,2026-04-26T18:00:00+09:00
n971012df4b85,mead8ba3e8fdf,2026-04-26T18:00:00+09:00
n971012df4b85,mfc8edd12fdc2,2026-04-26T18:00:00+09:00
n971012df4b85,mfc9d03c23504,2026-04-26T18:00:00+09:00
n9aac4f630a76,m1e77a2ceb57c,2026-01-16T18:03:42+09:00
n9aac4f630a76,m3dae738ba1c1,2026-06-20T16:58:41+09:00
n9aac4f630a76,mbb0b33794d86,2026-01-16T18:03:42+09:00
n9aac4f630a76,mc86c779585e3,2026-06-09T11:08:54+09:00
n9aac4f630a76,mfa1cb167e2a1,2026-01-16T18:03:42+09:00
n9bedcbd8181d,m00293b733784,2026-04-28T18:00:00+09:00
n9bedcbd8181d,m0988ee24cf93,2026-04-28T18:00:00+09:00
n9bedcbd8181d,m0c630cc12b41,2026-04-28T18:00:00+09:00
n9bedcbd8181d,m1de95ffb4171,2026-04-28T18:00:00+09:00
n9bedcbd8181d,m1e77a2ceb57c,2026-04-28T18:00:00+09:00
n9bedcbd8181d,m26d93ca7080b,2026-04-28T18:00:00+09:00
n9bedcbd8181d,m3c45350367a2,2026-06-16T22:12:32+09:00
n9bedcbd8181d,m5ca58e6bf38b,2026-04-28T18:00:00+09:00
n9bedcbd8181d,m6d3400fb7014,2026-04-28T18:00:00+09:00
n9bedcbd8181d,m743c88e4a3b2,2026-06-17T18:09:34+09:00
n9bedcbd8181d,m78e1caab29a1,2026-04-28T18:00:00+09:00
n9bedcbd8181d,m854ef6e77955,2026-04-28T18:00:00+09:00
n9bedcbd8181d,m87b2c27c2c91,2026-04-28T18:00:00+09:00
n9bedcbd8181d,m97848c1bdf32,2026-04-28T18:00:00+09:00
n9bedcbd8181d,ma4ac2760a6b2,2026-04-28T18:00:00+09:00
n9bedcbd8181d,ma4f7761ee62b,2026-04-28T18:00:00+09:00
n9bedcbd8181d,mbb0b33794d86,2026-04-28T18:00:00+09:00
n9bedcbd8181d,mc3b092076119,2026-04-28T18:00:00+09:00
n9bedcbd8181d,mc7c43a9831f4,2026-04-28T18:00:00+09:00
n9bedcbd8181d,mc86c779585e3,2026-04-28T18:00:00+09:00
n9bedcbd8181d,mdf64cd8c3686,2026-04-28T18:00:00+09:00
n9bedcbd8181d,me0a7e3361736,2026-04-28T18:00:00+09:00
n9bedcbd8181d,me50627303786,2026-04-28T18:00:00+09:00
n9bedcbd8181d,mfa1cb167e2a1,2026-04-28T18:00:00+09:00
n9bedcbd8181d,mfc8edd12fdc2,2026-04-28T18:00:00+09:00
n9c627f34899b,m1e77a2ceb57c,2026-06-20T22:36:32+09:00
n9c627f34899b,m3dae738ba1c1,2026-06-24T23:15:23+09:00
n9c627f34899b,mba07f6638f58,2026-06-24T11:18:43+09:00
n9c627f34899b,mbb0b33794d86,2026-06-20T22:36:32+09:00
n9c627f34899b,mc86c779585e3,2026-06-05T20:47:08+09:00
n9c627f34899b,me759d1c27fae,2026-06-14T02:40:25+09:00
n9c627f34899b,mfa1cb167e2a1,2026-06-20T22:36:32+09:00
n9cd8fcd2e531,m3c45350367a2,2026-07-23T19:23:43+09:00
n9cd8fcd2e531,m60e9635b6cb6,2026-03-17T06:00:00+09:00
n9cd8fcd2e531,m854ef6e77955,2026-03-17T06:00:00+09:00
n9cd8fcd2e531,m8fc85f49cbff,2026-03-17T06:00:00+09:00
n9cd8fcd2e531,m97848c1bdf32,2026-03-17T06:00:00+09:00
n9cd8fcd2e531,ma8d107d9475f,2026-03-17T06:00:00+09:00
n9cd8fcd2e531,mbb0b33794d86,2026-03-17T06:00:00+09:00
n9cd8fcd2e531,mc3b092076119,2026-03-17T06:00:00+09:00
n9cd8fcd2e531,mc86c779585e3,2026-03-17T06:00:00+09:00
n9cd8fcd2e531,md1d64f3e53b1,2026-03-17T06:00:00+09:00
n9cd8fcd2e531,me0a7e3361736,2026-03-17T06:00:00+09:00
n9cd8fcd2e531,mfc9d03c23504,2026-03-17T06:00:00+09:00
n9db8f945353b,m00293b733784,2026-05-19T18:00:00+09:00
n9db8f945353b,m0988ee24cf93,2026-05-19T18:00:00+09:00
n9db8f945353b,m16384598a49a,2026-05-19T18:00:00+09:00
n9db8f945353b,m18485b3d7e40,2026-05-19T18:00:00+09:00
n9db8f945353b,m1de95ffb4171,2026-05-19T18:00:00+09:00
n9db8f945353b,m1e77a2ceb57c,2026-05-19T18:00:00+09:00
n9db8f945353b,m28654e6bea0e,2026-05-19T18:00:00+09:00
n9db8f945353b,m30a248399fe0,2026-05-19T18:00:00+09:00
n9db8f945353b,m3c45350367a2,2026-06-09T11:08:54+09:00
n9db8f945353b,m5ca58e6bf38b,2026-05-19T18:00:00+09:00
n9db8f945353b,m5e0b116a568a,2026-05-19T18:00:00+09:00
n9db8f945353b,m6d3400fb7014,2026-05-19T18:00:00+09:00
n9db8f945353b,m743c88e4a3b2,2026-05-19T18:00:00+09:00
n9db8f945353b,m78e1caab29a1,2026-05-19T18:00:00+09:00
n9db8f945353b,m7ae6f1512188,2026-05-19T18:00:00+09:00
n9db8f945353b,m7ddef4ea4bd3,2026-05-19T18:00:00+09:00
n9db8f945353b,m83b0e4ce814d,2026-05-19T18:00:00+09:00
n9db8f945353b,m87b2c27c2c91,2026-05-19T18:00:00+09:00
n9db8f945353b,m97848c1bdf32,2026-05-19T18:00:00+09:00
n9db8f945353b,ma4f7761ee62b,2026-05-19T18:00:00+09:00
n9db8f945353b,ma8d107d9475f,2026-05-19T18:00:00+09:00
n9db8f945353b,mad8d2935fc54,2026-05-19T18:00:00+09:00
n9db8f945353b,mb80e8e661ebe,2026-05-19T18:00:00+09:00
n9db8f945353b,mbb0b33794d86,2026-05-19T18:00:00+09:00
n9db8f945353b,mc3b092076119,2026-06-01T23:05:56+09:00
n9db8f945353b,mc7c43a9831f4,2026-05-19T18:00:00+09:00
n9db8f945353b,md1d64f3e53b1,2026-05-19T18:00:00+09:00
n9db8f945353b,me0a7e3361736,2026-05-19T18:00:00+09:00
n9db8f945353b,me2d300fe8fb9,2026-05-19T18:00:00+09:00
n9db8f945353b,me50627303786,2026-05-19T18:00:00+09:00
n9db8f945353b,mfa1cb167e2a1,2026-05-19T18:00:00+09:00
n9db8f945353b,mfc8edd12fdc2,2026-05-19T18:00:00+09:00
n9e249fb10e22,m3c45350367a2,2026-08-01T15:49:31+09:00
n9e249fb10e22,m4eb56c8bcbc2,2026-07-19T05:57:27+09:00
n9e249fb10e22,m78e1caab29a1,2026-08-01T22:04:10+09:00
n9e249fb10e22,mbb0b33794d86,2026-07-05T22:16:03+09:00
n9e249fb10e22,mc86c779585e3,2026-02-19T16:26:20+09:00
n9e249fb10e22,md2bd041982f0,2026-02-19T16:26:20+09:00
na143a588dcb9,m3c45350367a2,2026-07-28T03:00:58+09:00
na143a588dcb9,m78e1caab29a1,2026-06-18T23:53:00+09:00
na143a588dcb9,mc86c779585e3,2026-03-05T18:00:00+09:00
na6262d873092,m04367e7cf8fa,2026-03-13T06:00:00+09:00
na6262d873092,m1de95ffb4171,2026-06-22T11:52:06+09:00
na6262d873092,m316601ae27a0,2026-03-13T06:00:00+09:00
na6262d873092,m3c45350367a2,2026-07-25T18:39:21+09:00
na6262d873092,m7ae6f1512188,2026-03-13T06:00:00+09:00
na6262d873092,m854ef6e77955,2026-03-13T06:00:00+09:00
na6262d873092,ma4f7761ee62b,2026-06-24T03:14:42+09:00
na6262d873092,mbb0b33794d86,2026-03-13T06:00:00+09:00
na6262d873092,mc3b092076119,2026-03-13T06:00:00+09:00
na6262d873092,mc7c43a9831f4,2026-06-22T11:52:06+09:00
na6262d873092,mc86c779585e3,2026-03-13T06:00:00+09:00
na6262d873092,md1d64f3e53b1,2026-03-13T06:00:00+09:00
na6262d873092,me0a7e3361736,2026-06-24T03:14:42+09:00
na6262d873092,me50627303786,2026-03-13T06:00:00+09:00
na6262d873092,mfc9d03c23504,2026-03-13T06:00:00+09:00
na67b129ad9ab,m00293b733784,2026-06-28T02:32:31+09:00
na67b129ad9ab,m01cb6624a2fd,2026-07-01T20:12:26+09:00
na67b129ad9ab,m05948736e17f,2026-06-28T22:25:40+09:00
na67b129ad9ab,m0988ee24cf93,2026-06-29T02:33:41+09:00
na67b129ad9ab,m0f6484462f7f,2026-06-27T22:18:52+09:00
na67b129ad9ab,m151bdf74d66d,2026-06-27T22:18:52+09:00
na67b129ad9ab,m16095e384518,2026-06-29T18:20:23+09:00
na67b129ad9ab,m192171037579,2026-06-28T02:32:31+09:00
na67b129ad9ab,m19b3b433abf2,2026-06-27T16:39:28+09:00
na67b129ad9ab,m1de95ffb4171,2026-06-27T16:39:28+09:00
na67b129ad9ab,m1e77a2ceb57c,2026-06-27T22:18:52+09:00
na67b129ad9ab,m2e9b901b1ba9,2026-06-27T19:09:29+09:00
na67b129ad9ab,m30a248399fe0,2026-06-28T02:32:31+09:00
na67b129ad9ab,m37d340b019a6,2026-06-29T02:33:41+09:00
na67b129ad9ab,m3c45350367a2,2026-06-28T02:32:31+09:00
na67b129ad9ab,m3ec67f102868,2026-06-30T23:06:39+09:00
na67b129ad9ab,m547e9622e50b,2026-06-28T13:40:28+09:00
na67b129ad9ab,m552bc58ea36a,2026-06-28T13:40:28+09:00
na67b129ad9ab,m5c87df568874,2026-06-29T13:59:46+09:00
na67b129ad9ab,m5c9c88eb4983,2026-06-29T21:37:29+09:00
na67b129ad9ab,m5ca58e6bf38b,2026-06-27T16:39:28+09:00
na67b129ad9ab,m5e0b116a568a,2026-06-28T13:40:28+09:00
na67b129ad9ab,m60fb5d15f701,2026-07-05T19:14:30+09:00
na67b129ad9ab,m6d3400fb7014,2026-06-27T16:39:28+09:00
na67b129ad9ab,m6d69812caeed,2026-06-28T13:40:28+09:00
na67b129ad9ab,m743c88e4a3b2,2026-06-30T13:27:01+09:00
na67b129ad9ab,m78e1caab29a1,2026-06-28T22:25:40+09:00
na67b129ad9ab,m7c76be531c5e,2026-06-28T13:40:28+09:00
na67b129ad9ab,m7ddef4ea4bd3,2026-06-27T16:39:28+09:00
na67b129ad9ab,m7de26e2e10de,2026-06-28T19:35:10+09:00
na67b129ad9ab,m86d6a605b363,2026-06-30T23:06:39+09:00
na67b129ad9ab,m87b2c27c2c91,2026-06-28T02:32:31+09:00
na67b129ad9ab,m97848c1bdf32,2026-06-27T22:18:52+09:00
na67b129ad9ab,ma4f7761ee62b,2026-06-27T22:18:52+09:00
na67b129ad9ab,ma8d107d9475f,2026-06-27T22:18:52+09:00
na67b129ad9ab,maba8091875be,2026-07-15T15:35:30+09:00
na67b129ad9ab,mad8d2935fc54,2026-06-28T13:40:28+09:00
na67b129ad9ab,mb607a414c367,2026-06-28T02:32:31+09:00
na67b129ad9ab,mbb0b33794d86,2026-06-27T16:39:28+09:00
na67b129ad9ab,mc3b092076119,2026-06-27T19:09:29+09:00
na67b129ad9ab,mc7c43a9831f4,2026-06-27T16:39:28+09:00
na67b129ad9ab,mcdf4ee972bd9,2026-06-29T13:59:46+09:00
na67b129ad9ab,mcff84edbf9b7,2026-07-06T21:05:51+09:00
na67b129ad9ab,mcff9b6cb3037,2026-06-28T13:40:28+09:00
na67b129ad9ab,me0a7e3361736,2026-07-15T15:35:30+09:00
na67b129ad9ab,me2d300fe8fb9,2026-06-27T22:18:52+09:00
na67b129ad9ab,me3c1530749d9,2026-06-28T13:40:28+09:00
na67b129ad9ab,me50627303786,2026-06-27T22:18:52+09:00
na67b129ad9ab,mf2d7c09eeca9,2026-06-27T19:09:29+09:00
na67b129ad9ab,mfa1cb167e2a1,2026-06-27T22:18:52+09:00
na67b129ad9ab,mfc8edd12fdc2,2026-06-27T22:18:52+09:00
na67b129ad9ab,mfc9d03c23504,2026-06-27T19:09:29+09:00
na82887e8ebe4,m3dae738ba1c1,2026-06-23T20:36:09+09:00
na82887e8ebe4,mbb0b33794d86,2026-06-18T23:53:00+09:00
na82887e8ebe4,mc86c779585e3,2026-06-05T23:30:42+09:00
na883c2180138,m3c45350367a2,2026-07-28T15:46:37+09:00
na883c2180138,m6d69812caeed,2026-03-04T06:00:00+09:00
na883c2180138,m78e1caab29a1,2026-06-20T22:36:32+09:00
na883c2180138,m7fe516b2d594,2026-03-04T06:00:00+09:00
na883c2180138,mc86c779585e3,2026-03-04T06:00:00+09:00
na89c0aacea5b,m3dae738ba1c1,2026-07-22T19:25:55+09:00
na89c0aacea5b,m5a117d075a64,2026-05-30T22:21:40+09:00
na89c0aacea5b,m823f59a7ed0a,2026-06-23T11:17:22+09:00
na8e6946d9455,m0f6484462f7f,2026-06-01T23:05:56+09:00
na8e6946d9455,m3c45350367a2,2026-07-26T12:47:34+09:00
na8e6946d9455,m7fe516b2d594,2026-03-10T06:00:00+09:00
na8e6946d9455,mbb0b33794d86,2026-03-10T06:00:00+09:00
na8e6946d9455,mc3b092076119,2026-03-10T06:00:00+09:00
na8e6946d9455,mc86c779585e3,2026-03-10T06:00:00+09:00
na8e6946d9455,mcdf4ee972bd9,2026-03-10T06:00:00+09:00
na8e6946d9455,me50627303786,2026-03-10T06:00:00+09:00
na8e6946d9455,mfc9d03c23504,2026-03-10T06:00:00+09:00
naa7c1fb821a3,m34fbc48bcda0,2026-04-02T18:00:00+09:00
naa7c1fb821a3,m3c45350367a2,2026-07-07T00:04:49+09:00
naa7c1fb821a3,m5c9c88eb4983,2026-04-02T18:00:00+09:00
naa7c1fb821a3,m78e1caab29a1,2026-04-02T18:00:00+09:00
naa7c1fb821a3,ma4ac2760a6b2,2026-04-02T18:00:00+09:00
naa7c1fb821a3,mad8d2935fc54,2026-04-02T18:00:00+09:00
naa7c1fb821a3,mbb0b33794d86,2026-04-02T18:00:00+09:00
naa7c1fb821a3,mc3b092076119,2026-04-02T18:00:00+09:00
naa7c1fb821a3,mc86c779585e3,2026-04-02T18:00:00+09:00
naa7c1fb821a3,md1d64f3e53b1,2026-04-02T18:00:00+09:00
naa7c1fb821a3,me50627303786,2026-04-02T18:00:00+09:00
naa7c1fb821a3,mfc9d03c23504,2026-04-02T18:00:00+09:00
nae4ce14c30f1,m3c45350367a2,2026-07-03T22:42:25+09:00
nae4ce14c30f1,m53405fd7b9aa,2026-04-06T15:57:35+09:00
nae4ce14c30f1,m78e1caab29a1,2026-04-06T15:57:35+09:00
nae4ce14c30f1,m97848c1bdf32,2026-06-21T06:24:49+09:00
nae4ce14c30f1,ma4f7761ee62b,2026-06-22T02:56:09+09:00
nae4ce14c30f1,ma8d107d9475f,2026-06-21T06:24:49+09:00
nae4ce14c30f1,maba8091875be,2026-06-21T06:24:49+09:00
nae4ce14c30f1,mbb0b33794d86,2026-06-15T23:14:09+09:00
nae4ce14c30f1,mc3b092076119,2026-06-02T17:34:11+09:00
nae4ce14c30f1,mc4cffef07914,2026-04-06T15:57:35+09:00
nae4ce14c30f1,mc7c43a9831f4,2026-06-21T06:24:49+09:00
nae4ce14c30f1,mc86c779585e3,2026-04-06T15:57:35+09:00
nae4ce14c30f1,me0a7e3361736,2026-06-21T06:24:49+09:00
nae4ce14c30f1,mfc8edd12fdc2,2026-04-06T15:57:35+09:00
nb20effe2328b,m3c45350367a2,2026-07-31T16:04:28+09:00
nb20effe2328b,m78e1caab29a1,2026-07-17T22:11:56+09:00
nb20effe2328b,m823f59a7ed0a,2026-06-23T11:17:22+09:00
nb20effe2328b,mc86c779585e3,2026-02-25T06:48:20+09:00
nb2a2de3ab99b,m00293b733784,2026-04-10T18:00:00+09:00
nb2a2de3ab99b,m0921d4d120a8,2026-04-10T18:00:00+09:00
nb2a2de3ab99b,m0988ee24cf93,2026-04-10T18:00:00+09:00
nb2a2de3ab99b,m1de95ffb4171,2026-07-06T21:05:51+09:00
nb2a2de3ab99b,m1e77a2ceb57c,2026-04-10T18:00:00+09:00
nb2a2de3ab99b,m2e9b901b1ba9,2026-04-10T18:00:00+09:00
nb2a2de3ab99b,m3c45350367a2,2026-06-28T22:25:40+09:00
nb2a2de3ab99b,m6d3400fb7014,2026-04-10T18:00:00+09:00
nb2a2de3ab99b,m740ac248bb64,2026-04-10T18:00:00+09:00
nb2a2de3ab99b,m78e1caab29a1,2026-04-10T18:00:00+09:00
nb2a2de3ab99b,m854ef6e77955,2026-04-10T18:00:00+09:00
nb2a2de3ab99b,m87b2c27c2c91,2026-04-10T18:00:00+09:00
nb2a2de3ab99b,m97848c1bdf32,2026-07-07T19:55:26+09:00
nb2a2de3ab99b,ma4f7761ee62b,2026-07-07T19:55:26+09:00
nb2a2de3ab99b,ma8d107d9475f,2026-07-07T19:55:26+09:00
nb2a2de3ab99b,mad8d2935fc54,2026-04-10T18:00:00+09:00
nb2a2de3ab99b,mb19581064ca7,2026-04-10T18:00:00+09:00
nb2a2de3ab99b,mbb0b33794d86,2026-04-10T18:00:00+09:00
nb2a2de3ab99b,mc3b092076119,2026-04-10T18:00:00+09:00
nb2a2de3ab99b,mc7c43a9831f4,2026-07-06T21:05:51+09:00
nb2a2de3ab99b,mc86c779585e3,2026-04-10T18:00:00+09:00
nb2a2de3ab99b,mcdf4ee972bd9,2026-04-10T18:00:00+09:00
nb2a2de3ab99b,md1d64f3e53b1,2026-04-10T18:00:00+09:00
nb2a2de3ab99b,mdf64cd8c3686,2026-04-10T18:00:00+09:00
nb2a2de3ab99b,me0a7e3361736,2026-07-07T19:55:26+09:00
nb2a2de3ab99b,mead8ba3e8fdf,2026-04-10T18:00:00+09:00
nb2a2de3ab99b,mfa1cb167e2a1,2026-04-10T18:00:00+09:00
nb2a2de3ab99b,mfc9d03c23504,2026-04-10T18:00:00+09:00
nb41e4b64d9ee,m00293b733784,2026-06-07T19:45:37+09:00
nb41e4b64d9ee,m0988ee24cf93,2026-06-06T22:15:59+09:00
nb41e4b64d9ee,m16095e384518,2026-06-05T20:47:08+09:00
nb41e4b64d9ee,m1de95ffb4171,2026-06-04T20:30:53+09:00
nb41e4b64d9ee,m1e77a2ceb57c,2026-06-05T20:47:08+09:00
nb41e4b64d9ee,m28654e6bea0e,2026-06-04T20:30:53+09:00
nb41e4b64d9ee,m2e9b901b1ba9,2026-06-17T23:58:15+09:00
nb41e4b64d9ee,m30a248399fe0,2026-06-05T03:33:31+09:00
nb41e4b64d9ee,m310b87610c59,2026-06-04T20:30:53+09:00
nb41e4b64d9ee,m3c45350367a2,2026-06-05T03:33:31+09:00
nb41e4b64d9ee,m54b2ccd56b12,2026-06-04T20:30:53+09:00
nb41e4b64d9ee,m5a117d075a64,2026-07-07T13:11:29+09:00
nb41e4b64d9ee,m5c9c88eb4983,2026-06-05T03:33:31+09:00
nb41e4b64d9ee,m5ca58e6bf38b,2026-06-05T20:47:08+09:00
nb41e4b64d9ee,m5e0b116a568a,2026-06-07T11:29:52+09:00
nb41e4b64d9ee,m6d69812caeed,2026-06-05T03:33:31+09:00
nb41e4b64d9ee,m743c88e4a3b2,2026-06-04T20:30:53+09:00
nb41e4b64d9ee,m75f772071126,2026-06-06T22:15:59+09:00
nb41e4b64d9ee,m768b3f4cf6e4,2026-06-05T03:33:31+09:00
nb41e4b64d9ee,m78e1caab29a1,2026-06-05T03:33:31+09:00
nb41e4b64d9ee,m7ae6f1512188,2026-06-04T20:30:53+09:00
nb41e4b64d9ee,m87b2c27c2c91,2026-06-07T19:45:37+09:00
nb41e4b64d9ee,m97848c1bdf32,2026-06-05T03:33:31+09:00
nb41e4b64d9ee,ma4f7761ee62b,2026-06-09T03:40:10+09:00
nb41e4b64d9ee,ma8d107d9475f,2026-06-05T03:33:31+09:00
nb41e4b64d9ee,maa5a2a7f67c6,2026-07-07T13:11:29+09:00
nb41e4b64d9ee,maba8091875be,2026-06-05T03:33:31+09:00
nb41e4b64d9ee,mad8d2935fc54,2026-06-05T03:33:31+09:00
nb41e4b64d9ee,mb19581064ca7,2026-06-06T22:15:59+09:00
nb41e4b64d9ee,mb80e8e661ebe,2026-06-04T20:30:53+09:00
nb41e4b64d9ee,mbb0b33794d86,2026-06-04T20:30:53+09:00
nb41e4b64d9ee,mc3b092076119,2026-06-05T03:33:31+09:00
nb41e4b64d9ee,mc7c43a9831f4,2026-06-04T20:30:53+09:00
nb41e4b64d9ee,mc86c779585e3,2026-06-04T20:30:53+09:00
nb41e4b64d9ee,mcfb504b2261b,2026-06-07T17:03:23+09:00
nb41e4b64d9ee,mcff9b6cb3037,2026-06-05T03:33:31+09:00
nb41e4b64d9ee,md1d64f3e53b1,2026-06-07T06:12:25+09:00
nb41e4b64d9ee,md2bd041982f0,2026-06-04T20:30:53+09:00
nb41e4b64d9ee,me0a7e3361736,2026-06-05T03:33:31+09:00
nb41e4b64d9ee,me2d300fe8fb9,2026-06-05T03:33:31+09:00
nb41e4b64d9ee,me50627303786,2026-06-05T03:33:31+09:00
nb41e4b64d9ee,mfa1cb167e2a1,2026-06-05T20:47:08+09:00
nb41e4b64d9ee,mfc8edd12fdc2,2026-06-05T20:47:08+09:00
nb41e4b64d9ee,mfc9d03c23504,2026-06-17T23:58:15+09:00
nb4d9b5e00b18,mc86c779585e3,2026-02-10T08:59:26+09:00
nb589d734416a,m3c45350367a2,2026-08-01T15:49:31+09:00
nb589d734416a,m531dee90a84a,2026-07-25T22:09:38+09:00
nb589d734416a,m78e1caab29a1,2026-07-25T22:09:38+09:00
nb589d734416a,m823f59a7ed0a,2026-06-23T11:17:22+09:00
nb589d734416a,mc86c779585e3,2026-02-21T12:44:23+09:00
nb5e6c30144a1,m32ba72575bbe,2026-02-01T17:51:28+09:00
nb5e6c30144a1,m389d15e5ca81,2026-07-13T16:42:04+09:00
nb5e6c30144a1,mbb0b33794d86,2026-07-01T23:15:02+09:00
nb5e6c30144a1,mc86c779585e3,2026-06-01T18:38:19+09:00
nb78ce9786dbe,m1de95ffb4171,2026-06-22T11:52:06+09:00
nb78ce9786dbe,m3c45350367a2,2026-07-26T12:47:34+09:00
nb78ce9786dbe,m854ef6e77955,2026-03-09T18:00:00+09:00
nb78ce9786dbe,ma4f7761ee62b,2026-06-24T03:14:42+09:00
nb78ce9786dbe,mbb0b33794d86,2026-06-22T11:52:06+09:00
nb78ce9786dbe,mc3b092076119,2026-03-09T18:00:00+09:00
nb78ce9786dbe,mc7c43a9831f4,2026-06-22T11:52:06+09:00
nb78ce9786dbe,mc86c779585e3,2026-03-09T18:00:00+09:00
nb78ce9786dbe,md1d64f3e53b1,2026-03-09T18:00:00+09:00
nb78ce9786dbe,md929b2a701ae,2026-03-09T18:00:00+09:00
nb78ce9786dbe,me0a7e3361736,2026-06-24T03:14:42+09:00
nb78ce9786dbe,me50627303786,2026-03-09T18:00:00+09:00
nb9a4978a4726,m1de95ffb4171,2026-06-22T11:52:06+09:00
nb9a4978a4726,m350b0f4bedd2,2026-03-11T12:00:00+09:00
nb9a4978a4726,m3c45350367a2,2026-07-25T18:39:21+09:00
nb9a4978a4726,m854ef6e77955,2026-03-11T12:00:00+09:00
nb9a4978a4726,ma4f7761ee62b,2026-06-24T03:14:42+09:00
nb9a4978a4726,mbb0b33794d86,2026-03-11T12:00:00+09:00
nb9a4978a4726,mc3b092076119,2026-03-11T12:00:00+09:00
nb9a4978a4726,mc7c43a9831f4,2026-06-22T11:52:06+09:00
nb9a4978a4726,mc86c779585e3,2026-03-11T12:00:00+09:00
nb9a4978a4726,md1d64f3e53b1,2026-03-11T12:00:00+09:00
nb9a4978a4726,md929b2a701ae,2026-03-11T12:00:00+09:00
nb9a4978a4726,me0a7e3361736,2026-06-24T03:14:42+09:00
nb9a4978a4726,me50627303786,2026-03-11T12:00:00+09:00
nba63aa437592,m04367e7cf8fa,2026-03-12T06:30:00+09:00
nba63aa437592,m1de95ffb4171,2026-06-22T11:52:06+09:00
nba63aa437592,m3c45350367a2,2026-07-25T18:39:21+09:00
nba63aa437592,m854ef6e77955,2026-03-12T06:30:00+09:00
nba63aa437592,ma4f7761ee62b,2026-06-24T03:14:42+09:00
nba63aa437592,mbb0b33794d86,2026-03-12T06:30:00+09:00
nba63aa437592,mc3b092076119,2026-03-12T06:30:00+09:00
nba63aa437592,mc7c43a9831f4,2026-06-22T11:52:06+09:00
nba63aa437592,mc86c779585e3,2026-03-12T06:30:00+09:00
nba63aa437592,md1d64f3e53b1,2026-03-12T06:30:00+09:00
nba63aa437592,md929b2a701ae,2026-03-12T06:30:00+09:00
nba63aa437592,me0a7e3361736,2026-06-24T03:14:42+09:00
nba63aa437592,me50627303786,2026-03-12T06:30:00+09:00
nba63aa437592,mfc9d03c23504,2026-03-12T06:30:00+09:00
nbdea0ea358cb,m389d15e5ca81,2026-07-28T12:11:15+09:00
nbdea0ea358cb,m823f59a7ed0a,2026-06-23T11:17:22+09:00
nbdea0ea358cb,mbb0b33794d86,2026-06-28T22:25:40+09:00
nbdea0ea358cb,mc86c779585e3,2026-05-29T17:10:21+09:00
nbf0e3e2373ad,mbb0b33794d86,2026-06-16T18:32:21+09:00
nbf0e3e2373ad,mc86c779585e3,2026-02-19T16:25:20+09:00
nbf0e3e2373ad,md2bd041982f0,2026-02-19T16:25:20+09:00
nc007b3c4577e,m00293b733784,2026-05-17T18:00:00+09:00
nc007b3c4577e,m0988ee24cf93,2026-05-17T18:00:00+09:00
nc007b3c4577e,m151bdf74d66d,2026-05-17T18:00:00+09:00
nc007b3c4577e,m16095e384518,2026-05-17T18:00:00+09:00
nc007b3c4577e,m16384598a49a,2026-05-17T18:00:00+09:00
nc007b3c4577e,m1de95ffb4171,2026-05-17T18:00:00+09:00
nc007b3c4577e,m1e77a2ceb57c,2026-05-17T18:00:00+09:00
nc007b3c4577e,m2e9b901b1ba9,2026-05-17T18:00:00+09:00
nc007b3c4577e,m30a248399fe0,2026-05-17T18:00:00+09:00
nc007b3c4577e,m334fb05a2022,2026-05-17T18:00:00+09:00
nc007b3c4577e,m3c45350367a2,2026-06-09T11:08:54+09:00
nc007b3c4577e,m5ca58e6bf38b,2026-05-17T18:00:00+09:00
nc007b3c4577e,m5e0b116a568a,2026-05-17T18:00:00+09:00
nc007b3c4577e,m6d3400fb7014,2026-05-17T18:00:00+09:00
nc007b3c4577e,m6d69812caeed,2026-05-17T18:00:00+09:00
nc007b3c4577e,m740ac248bb64,2026-05-17T18:00:00+09:00
nc007b3c4577e,m743c88e4a3b2,2026-05-17T18:00:00+09:00
nc007b3c4577e,m75f772071126,2026-05-17T18:00:00+09:00
nc007b3c4577e,m78e1caab29a1,2026-05-17T18:00:00+09:00
nc007b3c4577e,m7ade94ab4e06,2026-05-17T18:00:00+09:00
nc007b3c4577e,m7ae6f1512188,2026-05-17T18:00:00+09:00
nc007b3c4577e,m7fe516b2d594,2026-05-17T18:00:00+09:00
nc007b3c4577e,m87b2c27c2c91,2026-05-17T18:00:00+09:00
nc007b3c4577e,m97848c1bdf32,2026-05-17T18:00:00+09:00
nc007b3c4577e,ma8d107d9475f,2026-05-17T18:00:00+09:00
nc007b3c4577e,mad8d2935fc54,2026-05-17T18:00:00+09:00
nc007b3c4577e,mbb0b33794d86,2026-05-17T18:00:00+09:00
nc007b3c4577e,mc3b092076119,2026-05-17T18:00:00+09:00
nc007b3c4577e,mc45673dfeb83,2026-05-17T18:00:00+09:00
nc007b3c4577e,mc7c43a9831f4,2026-05-17T18:00:00+09:00
nc007b3c4577e,mc86c779585e3,2026-05-17T18:00:00+09:00
nc007b3c4577e,me0a7e3361736,2026-05-17T18:00:00+09:00
nc007b3c4577e,me3590cc8b7e1,2026-05-17T18:00:00+09:00
nc007b3c4577e,me50627303786,2026-05-17T18:00:00+09:00
nc007b3c4577e,mecb786e95ed5,2026-05-17T18:00:00+09:00
nc007b3c4577e,mfa1cb167e2a1,2026-05-17T18:00:00+09:00
nc007b3c4577e,mfc8edd12fdc2,2026-05-17T18:00:00+09:00
nc007b3c4577e,mfc9d03c23504,2026-05-17T18:00:00+09:00
nc01c20e50b5e,m00293b733784,2026-05-08T18:00:00+09:00
nc01c20e50b5e,m0988ee24cf93,2026-05-08T18:00:00+09:00
nc01c20e50b5e,m1492ed6d20c4,2026-05-08T18:00:00+09:00
nc01c20e50b5e,m16384598a49a,2026-05-08T18:00:00+09:00
nc01c20e50b5e,m18485b3d7e40,2026-05-08T18:00:00+09:00
nc01c20e50b5e,m1de95ffb4171,2026-05-08T18:00:00+09:00
nc01c20e50b5e,m1e77a2ceb57c,2026-05-08T18:00:00+09:00
nc01c20e50b5e,m2df62a6b1a97,2026-06-25T11:20:36+09:00
nc01c20e50b5e,m2e9b901b1ba9,2026-05-08T18:00:00+09:00
nc01c20e50b5e,m3c45350367a2,2026-06-07T11:29:52+09:00
nc01c20e50b5e,m5ca58e6bf38b,2026-05-08T18:00:00+09:00
nc01c20e50b5e,m5e0b116a568a,2026-05-08T18:00:00+09:00
nc01c20e50b5e,m6463046852a4,2026-05-08T18:00:00+09:00
nc01c20e50b5e,m6d3400fb7014,2026-05-08T18:00:00+09:00
nc01c20e50b5e,m6d69812caeed,2026-05-08T18:00:00+09:00
nc01c20e50b5e,m743c88e4a3b2,2026-05-08T18:00:00+09:00
nc01c20e50b5e,m78e1caab29a1,2026-05-08T18:00:00+09:00
nc01c20e50b5e,m7ae6f1512188,2026-05-08T18:00:00+09:00
nc01c20e50b5e,m7fe516b2d594,2026-05-08T18:00:00+09:00
nc01c20e50b5e,m87b2c27c2c91,2026-05-08T18:00:00+09:00
nc01c20e50b5e,m97848c1bdf32,2026-05-08T18:00:00+09:00
nc01c20e50b5e,ma4f7761ee62b,2026-05-08T18:00:00+09:00
nc01c20e50b5e,ma8d107d9475f,2026-05-08T18:00:00+09:00
nc01c20e50b5e,mad8d2935fc54,2026-05-08T18:00:00+09:00
nc01c20e50b5e,mb02476cbe007,2026-05-08T18:00:00+09:00
nc01c20e50b5e,mbb0b33794d86,2026-05-08T18:00:00+09:00
nc01c20e50b5e,mc3b092076119,2026-05-08T18:00:00+09:00
nc01c20e50b5e,mc7c43a9831f4,2026-05-08T18:00:00+09:00
nc01c20e50b5e,mc86c779585e3,2026-05-08T18:00:00+09:00
nc01c20e50b5e,md1d64f3e53b1,2026-05-08T18:00:00+09:00
nc01c20e50b5e,me0a7e3361736,2026-05-08T18:00:00+09:00
nc01c20e50b5e,me2d300fe8fb9,2026-05-08T18:00:00+09:00
nc01c20e50b5e,me50627303786,2026-05-08T18:00:00+09:00
nc01c20e50b5e,mead8ba3e8fdf,2026-05-08T18:00:00+09:00
nc01c20e50b5e,mfa1cb167e2a1,2026-05-08T18:00:00+09:00
nc01c20e50b5e,mfc8edd12fdc2,2026-05-08T18:00:00+09:00
nc01c20e50b5e,mfc9d03c23504,2026-05-08T18:00:00+09:00
nc04c15ef1cb4,m0675215a66e7,2026-06-25T23:12:20+09:00
nc04c15ef1cb4,m14d0e176b9c8,2026-07-24T19:17:53+09:00
nc04c15ef1cb4,m1de95ffb4171,2026-06-16T18:32:21+09:00
nc04c15ef1cb4,m1e77a2ceb57c,2026-06-25T20:01:24+09:00
nc04c15ef1cb4,m2df62a6b1a97,2026-06-25T11:20:36+09:00
nc04c15ef1cb4,m389d15e5ca81,2026-07-23T19:23:43+09:00
nc04c15ef1cb4,m5e0b116a568a,2026-02-08T07:28:56+09:00
nc04c15ef1cb4,m6484622342c0,2026-06-18T17:46:25+09:00
nc04c15ef1cb4,m7ae6f1512188,2026-02-08T07:28:56+09:00
nc04c15ef1cb4,m7f60f18975f3,2026-07-21T22:23:29+09:00
nc04c15ef1cb4,m92f1af23610d,2026-07-13T12:47:00+09:00
nc04c15ef1cb4,m97848c1bdf32,2026-06-17T01:31:29+09:00
nc04c15ef1cb4,ma4f7761ee62b,2026-06-17T01:31:29+09:00
nc04c15ef1cb4,ma8d107d9475f,2026-06-17T01:31:29+09:00
nc04c15ef1cb4,mbb0b33794d86,2026-06-16T18:32:21+09:00
nc04c15ef1cb4,mc3b092076119,2026-02-08T07:28:56+09:00
nc04c15ef1cb4,mc7c43a9831f4,2026-06-16T18:32:21+09:00
nc04c15ef1cb4,mc86c779585e3,2026-05-30T19:25:07+09:00
nc04c15ef1cb4,md2bd041982f0,2026-02-08T07:28:56+09:00
nc04c15ef1cb4,me0a7e3361736,2026-06-17T01:31:29+09:00
nc04c15ef1cb4,me3c1530749d9,2026-06-28T13:40:28+09:00
nc04c15ef1cb4,mfa1cb167e2a1,2026-06-25T20:01:24+09:00
nc04c15ef1cb4,mfb43f92a332c,2026-02-08T07:28:56+09:00
nc29bea5f3ef9,m00293b733784,2026-06-15T23:14:09+09:00
nc29bea5f3ef9,m04367e7cf8fa,2026-06-15T23:14:09+09:00
nc29bea5f3ef9,m16095e384518,2026-06-16T11:51:44+09:00
nc29bea5f3ef9,m19b3b433abf2,2026-06-18T21:08:56+09:00
nc29bea5f3ef9,m1de95ffb4171,2026-06-15T19:09:11+09:00
nc29bea5f3ef9,m1e77a2ceb57c,2026-06-15T23:14:09+09:00
nc29bea5f3ef9,m28654e6bea0e,2026-06-15T23:14:09+09:00
nc29bea5f3ef9,m2e9b901b1ba9,2026-06-15T19:09:11+09:00
nc29bea5f3ef9,m30a248399fe0,2026-06-15T23:14:09+09:00
nc29bea5f3ef9,m3c45350367a2,2026-06-15T23:14:09+09:00
nc29bea5f3ef9,m3ec67f102868,2026-06-16T18:32:21+09:00
nc29bea5f3ef9,m547e9622e50b,2026-06-16T11:51:44+09:00
nc29bea5f3ef9,m54b2ccd56b12,2026-06-15T19:09:11+09:00
nc29bea5f3ef9,m54c3e22e02f7,2026-06-27T16:39:28+09:00
nc29bea5f3ef9,m5a117d075a64,2026-06-16T18:32:21+09:00
nc29bea5f3ef9,m5c9c88eb4983,2026-06-16T02:02:25+09:00
nc29bea5f3ef9,m5ca58e6bf38b,2026-06-18T21:08:56+09:00
nc29bea5f3ef9,m5e0b116a568a,2026-06-16T18:32:21+09:00
nc29bea5f3ef9,m60fb5d15f701,2026-07-25T15:38:15+09:00
nc29bea5f3ef9,m6484622342c0,2026-06-16T02:02:25+09:00
nc29bea5f3ef9,m651aaa4e52a9,2026-06-20T22:36:32+09:00
nc29bea5f3ef9,m6d3400fb7014,2026-06-15T19:09:11+09:00
nc29bea5f3ef9,m6d69812caeed,2026-06-15T23:14:09+09:00
nc29bea5f3ef9,m743c88e4a3b2,2026-06-15T19:09:11+09:00
nc29bea5f3ef9,m7753941134da,2026-06-22T18:56:40+09:00
nc29bea5f3ef9,m78e1caab29a1,2026-06-15T23:14:09+09:00
nc29bea5f3ef9,m7ae6f1512188,2026-06-15T23:14:09+09:00
nc29bea5f3ef9,m7e46a705cb77,2026-06-20T16:58:41+09:00
nc29bea5f3ef9,m7fe516b2d594,2026-06-15T19:09:11+09:00
nc29bea5f3ef9,m8531e02a2f58,2026-06-16T18:32:21+09:00
nc29bea5f3ef9,m87b2c27c2c91,2026-06-15T23:14:09+09:00
nc29bea5f3ef9,m97848c1bdf32,2026-06-16T05:02:39+09:00
nc29bea5f3ef9,ma4f7761ee62b,2026-06-16T05:02:39+09:00
nc29bea5f3ef9,ma5bd9f7c40cf,2026-06-20T22:36:32+09:00
nc29bea5f3ef9,ma8d107d9475f,2026-06-16T05:02:39+09:00
nc29bea5f3ef9,mad8d2935fc54,2026-06-15T23:14:09+09:00
nc29bea5f3ef9,mb607a414c367,2026-06-17T18:09:34+09:00
nc29bea5f3ef9,mb80e8e661ebe,2026-06-15T23:14:09+09:00
nc29bea5f3ef9,mbb0b33794d86,2026-06-15T19:09:11+09:00
nc29bea5f3ef9,mc3b092076119,2026-06-15T23:14:09+09:00
nc29bea5f3ef9,mc7c43a9831f4,2026-06-15T19:09:11+09:00
nc29bea5f3ef9,mc86c779585e3,2026-06-15T19:09:11+09:00
nc29bea5f3ef9,mcff9b6cb3037,2026-06-15T23:14:09+09:00
nc29bea5f3ef9,md1d64f3e53b1,2026-06-16T02:02:25+09:00
nc29bea5f3ef9,md2bd041982f0,2026-06-15T19:09:11+09:00
nc29bea5f3ef9,me0a7e3361736,2026-06-16T05:02:39+09:00
nc29bea5f3ef9,me2d300fe8fb9,2026-06-15T23:14:09+09:00
nc29bea5f3ef9,me3590cc8b7e1,2026-06-15T19:09:11+09:00
nc29bea5f3ef9,me3c1530749d9,2026-06-19T12:02:39+09:00
nc29bea5f3ef9,me50627303786,2026-06-15T19:09:11+09:00
nc29bea5f3ef9,mead8ba3e8fdf,2026-06-15T23:14:09+09:00
nc29bea5f3ef9,mf2d7c09eeca9,2026-06-27T16:39:28+09:00
nc29bea5f3ef9,mfa1cb167e2a1,2026-06-15T23:14:09+09:00
nc29bea5f3ef9,mfc8edd12fdc2,2026-06-15T23:14:09+09:00
nc29bea5f3ef9,mfc9d03c23504,2026-06-15T19:09:11+09:00
ncb177b7b33c3,m00293b733784,2026-04-21T18:00:00+09:00
ncb177b7b33c3,m0921d4d120a8,2026-04-21T18:00:00+09:00
ncb177b7b33c3,m0988ee24cf93,2026-04-21T18:00:00+09:00
ncb177b7b33c3,m1de95ffb4171,2026-07-06T21:05:51+09:00
ncb177b7b33c3,m1e77a2ceb57c,2026-04-21T18:00:00+09:00
ncb177b7b33c3,m2e9b901b1ba9,2026-04-21T18:00:00+09:00
ncb177b7b33c3,m334fb05a2022,2026-04-21T18:00:00+09:00
ncb177b7b33c3,m3c45350367a2,2026-06-20T22:36:32+09:00
ncb177b7b33c3,m46619b37427d,2026-04-21T18:00:00+09:00
ncb177b7b33c3,m6d3400fb7014,2026-04-21T18:00:00+09:00
ncb177b7b33c3,m740ac248bb64,2026-04-21T18:00:00+09:00
ncb177b7b33c3,m78e1caab29a1,2026-04-21T18:00:00+09:00
ncb177b7b33c3,m854ef6e77955,2026-04-21T18:00:00+09:00
ncb177b7b33c3,m87b2c27c2c91,2026-04-21T18:00:00+09:00
ncb177b7b33c3,mad8d2935fc54,2026-04-21T18:00:00+09:00
ncb177b7b33c3,mb19581064ca7,2026-04-21T18:00:00+09:00
ncb177b7b33c3,mbb0b33794d86,2026-04-21T18:00:00+09:00
ncb177b7b33c3,mc3b092076119,2026-04-21T18:00:00+09:00
ncb177b7b33c3,mc7c43a9831f4,2026-04-21T18:00:00+09:00
ncb177b7b33c3,mc86c779585e3,2026-04-21T18:00:00+09:00
ncb177b7b33c3,me0a7e3361736,2026-04-21T18:00:00+09:00
ncb177b7b33c3,me50627303786,2026-04-21T18:00:00+09:00
ncb177b7b33c3,mead8ba3e8fdf,2026-04-21T18:00:00+09:00
ncb177b7b33c3,mfa1cb167e2a1,2026-04-21T18:00:00+09:00
ncb177b7b33c3,mfc9d03c23504,2026-04-21T18:00:00+09:00
ncc1828affef3,m00293b733784,2026-07-09T13:04:45+09:00
ncc1828affef3,m0675215a66e7,2026-07-08T22:36:25+09:00
ncc1828affef3,m0988ee24cf93,2026-07-09T23:38:28+09:00
ncc1828affef3,m16095e384518,2026-07-09T06:18:39+09:00
ncc1828affef3,m192171037579,2026-07-08T19:15:59+09:00
ncc1828affef3,m19b3b433abf2,2026-07-08T12:37:06+09:00
ncc1828affef3,m1de95ffb4171,2026-07-07T23:14:09+09:00
ncc1828affef3,m1e77a2ceb57c,2026-07-09T23:38:28+09:00
ncc1828affef3,m28654e6bea0e,2026-07-08T19:15:59+09:00
ncc1828affef3,m2e9b901b1ba9,2026-07-08T22:36:25+09:00
ncc1828affef3,m30a248399fe0,2026-07-09T06:18:39+09:00
ncc1828affef3,m37d340b019a6,2026-07-09T23:38:28+09:00
ncc1828affef3,m3c45350367a2,2026-07-09T16:58:41+09:00
ncc1828affef3,m3ec67f102868,2026-07-08T12:37:06+09:00
ncc1828affef3,m4eb56c8bcbc2,2026-07-08T12:37:06+09:00
ncc1828affef3,m54b2ccd56b12,2026-07-08T15:46:37+09:00
ncc1828affef3,m5ca58e6bf38b,2026-07-08T12:37:06+09:00
ncc1828affef3,m60fb5d15f701,2026-07-08T12:37:06+09:00
ncc1828affef3,m66a2952251ce,2026-07-08T12:37:06+09:00
ncc1828affef3,m6d3400fb7014,2026-07-08T03:16:08+09:00
ncc1828affef3,m6d69812caeed,2026-07-08T12:37:06+09:00
ncc1828affef3,m743c88e4a3b2,2026-07-09T13:04:45+09:00
ncc1828affef3,m768b3f4cf6e4,2026-07-08T22:36:25+09:00
ncc1828affef3,m78e1caab29a1,2026-07-08T22:36:25+09:00
ncc1828affef3,m7ae6f1512188,2026-07-08T12:37:06+09:00
ncc1828affef3,m7fe516b2d594,2026-07-07T23:14:09+09:00
ncc1828affef3,m87b2c27c2c91,2026-07-09T13:04:45+09:00
ncc1828affef3,m92f1af23610d,2026-07-25T18:39:21+09:00
ncc1828affef3,m97848c1bdf32,2026-07-08T22:36:25+09:00
ncc1828affef3,ma4f7761ee62b,2026-07-08T03:16:08+09:00
ncc1828affef3,ma8d107d9475f,2026-07-08T22:36:25+09:00
ncc1828affef3,maba8091875be,2026-07-08T22:36:25+09:00
ncc1828affef3,mb80e8e661ebe,2026-07-08T12:37:06+09:00
ncc1828affef3,mba07f6638f58,2026-07-08T12:37:06+09:00
ncc1828affef3,mbb0b33794d86,2026-07-07T23:14:09+09:00
ncc1828affef3,mc3b092076119,2026-07-09T13:04:45+09:00
ncc1828affef3,mc7c43a9831f4,2026-07-07T23:14:09+09:00
ncc1828affef3,mc86c779585e3,2026-07-08T15:46:37+09:00
ncc1828affef3,mcdf4ee972bd9,2026-07-08T22:36:25+09:00
ncc1828affef3,mcff9b6cb3037,2026-07-08T12:37:06+09:00
ncc1828affef3,md1d64f3e53b1,2026-07-09T06:18:39+09:00
ncc1828affef3,me0a7e3361736,2026-07-08T03:16:08+09:00
ncc1828affef3,me2d300fe8fb9,2026-07-10T03:11:54+09:00
ncc1828affef3,me50627303786,2026-07-08T12:37:06+09:00
ncc1828affef3,mead8ba3e8fdf,2026-07-08T15:46:37+09:00
ncc1828affef3,mfa1cb167e2a1,2026-07-09T23:38:28+09:00
ncc1828affef3,mfc8edd12fdc2,2026-07-08T12:37:06+09:00
ncc1828affef3,mfc9d03c23504,2026-07-08T22:36:25+09:00
ncca73c9e069e,m00293b733784,2026-05-16T18:00:00+09:00
ncca73c9e069e,m0988ee24cf93,2026-05-16T18:00:00+09:00
ncca73c9e069e,m19b3b433abf2,2026-05-16T18:00:00+09:00
ncca73c9e069e,m1de95ffb4171,2026-05-16T18:00:00+09:00
ncca73c9e069e,m28654e6bea0e,2026-05-16T18:00:00+09:00
ncca73c9e069e,m30a248399fe0,2026-05-16T18:00:00+09:00
ncca73c9e069e,m310b87610c59,2026-05-16T18:00:00+09:00
ncca73c9e069e,m54b2ccd56b12,2026-05-16T18:00:00+09:00
ncca73c9e069e,m5ca58e6bf38b,2026-05-16T18:00:00+09:00
ncca73c9e069e,m5e0b116a568a,2026-05-16T18:00:00+09:00
ncca73c9e069e,m6d3400fb7014,2026-05-16T18:00:00+09:00
ncca73c9e069e,m6d69812caeed,2026-05-16T18:00:00+09:00
ncca73c9e069e,m743c88e4a3b2,2026-05-16T18:00:00+09:00
ncca73c9e069e,m78e1caab29a1,2026-05-16T18:00:00+09:00
ncca73c9e069e,m7ae6f1512188,2026-05-16T18:00:00+09:00
ncca73c9e069e,m87b2c27c2c91,2026-05-16T18:00:00+09:00
ncca73c9e069e,m97848c1bdf32,2026-05-16T18:00:00+09:00
ncca73c9e069e,ma4f7761ee62b,2026-05-16T18:00:00+09:00
ncca73c9e069e,ma8d107d9475f,2026-05-16T18:00:00+09:00
ncca73c9e069e,mad8d2935fc54,2026-05-16T18:00:00+09:00
ncca73c9e069e,mbb0b33794d86,2026-05-16T18:00:00+09:00
ncca73c9e069e,mc3b092076119,2026-05-16T18:00:00+09:00
ncca73c9e069e,mc7c43a9831f4,2026-05-16T18:00:00+09:00
ncca73c9e069e,mc86c779585e3,2026-05-16T18:00:00+09:00
ncca73c9e069e,md2bd041982f0,2026-05-16T18:00:00+09:00
ncca73c9e069e,me0a7e3361736,2026-05-16T18:00:00+09:00
ncca73c9e069e,me50627303786,2026-05-16T18:00:00+09:00
ncca73c9e069e,mead8ba3e8fdf,2026-05-16T18:00:00+09:00
ncca73c9e069e,mecb786e95ed5,2026-05-16T18:00:00+09:00
ncca73c9e069e,mfc8edd12fdc2,2026-05-16T18:00:00+09:00
ncd29a54b2113,m0988ee24cf93,2026-04-05T18:00:00+09:00
ncd29a54b2113,m18cee7c10303,2026-07-28T12:11:15+09:00
ncd29a54b2113,m2e9b901b1ba9,2026-04-05T18:00:00+09:00
ncd29a54b2113,m3c45350367a2,2026-07-03T22:42:25+09:00
ncd29a54b2113,m441ca83d8993,2026-04-05T18:00:00+09:00
ncd29a54b2113,m6d3400fb7014,2026-04-05T18:00:00+09:00
ncd29a54b2113,m743c88e4a3b2,2026-04-05T18:00:00+09:00
ncd29a54b2113,m7ae6f1512188,2026-04-05T18:00:00+09:00
ncd29a54b2113,m7ddef4ea4bd3,2026-04-05T18:00:00+09:00
ncd29a54b2113,m97848c1bdf32,2026-04-05T18:00:00+09:00
ncd29a54b2113,ma4f7761ee62b,2026-04-05T18:00:00+09:00
ncd29a54b2113,mb02476cbe007,2026-04-05T18:00:00+09:00
ncd29a54b2113,mb80e8e661ebe,2026-04-05T18:00:00+09:00
ncd29a54b2113,mbb0b33794d86,2026-04-05T18:00:00+09:00
ncd29a54b2113,mc3b092076119,2026-04-05T18:00:00+09:00
ncd29a54b2113,mc7c43a9831f4,2026-04-05T18:00:00+09:00
ncd29a54b2113,mc86c779585e3,2026-04-05T18:00:00+09:00
ncd29a54b2113,md929b2a701ae,2026-04-05T18:00:00+09:00
ncd29a54b2113,me0a7e3361736,2026-04-05T18:00:00+09:00
ncd29a54b2113,me3c1530749d9,2026-07-03T22:42:25+09:00
ncd29a54b2113,me50627303786,2026-04-05T18:00:00+09:00
ncd29a54b2113,mfc9d03c23504,2026-04-05T18:00:00+09:00
ncd48d61be857,m3dae738ba1c1,2026-06-23T16:55:47+09:00
ncd48d61be857,mbb0b33794d86,2026-06-15T19:09:11+09:00
ncd48d61be857,mc86c779585e3,2026-06-06T16:02:38+09:00
ncdcdb643fe31,m00293b733784,2026-07-24T15:47:23+09:00
ncdcdb643fe31,m0485f8d77aa8,2026-07-28T19:35:01+09:00
ncdcdb643fe31,m0988ee24cf93,2026-07-24T22:26:31+09:00
ncdcdb643fe31,m16095e384518,2026-07-24T12:33:22+09:00
ncdcdb643fe31,m192171037579,2026-07-24T12:33:22+09:00
ncdcdb643fe31,m19b3b433abf2,2026-07-24T12:33:22+09:00
ncdcdb643fe31,m1de95ffb4171,2026-07-24T02:42:22+09:00
ncdcdb643fe31,m1e77a2ceb57c,2026-07-24T06:15:17+09:00
ncdcdb643fe31,m28654e6bea0e,2026-07-24T12:33:22+09:00
ncdcdb643fe31,m2e9b901b1ba9,2026-07-24T19:17:53+09:00
ncdcdb643fe31,m30a248399fe0,2026-07-25T02:54:32+09:00
ncdcdb643fe31,m389d15e5ca81,2026-07-24T12:33:22+09:00
ncdcdb643fe31,m3c45350367a2,2026-07-24T15:47:23+09:00
ncdcdb643fe31,m43692d4ce4da,2026-07-29T22:54:26+09:00
ncdcdb643fe31,m4c7f1907bb74,2026-07-25T18:39:21+09:00
ncdcdb643fe31,m531dee90a84a,2026-07-24T02:42:22+09:00
ncdcdb643fe31,m547e9622e50b,2026-07-24T12:33:22+09:00
ncdcdb643fe31,m5c9c88eb4983,2026-07-27T23:20:46+09:00
ncdcdb643fe31,m5ca58e6bf38b,2026-07-24T12:33:22+09:00
ncdcdb643fe31,m60e9635b6cb6,2026-07-24T15:47:23+09:00
ncdcdb643fe31,m60fb5d15f701,2026-07-24T19:17:53+09:00
ncdcdb643fe31,m651aaa4e52a9,2026-07-25T02:54:32+09:00
ncdcdb643fe31,m6b40be643b94,2026-07-24T15:47:23+09:00
ncdcdb643fe31,m6d3400fb7014,2026-07-24T06:15:17+09:00
ncdcdb643fe31,m6d69812caeed,2026-07-24T02:42:22+09:00
ncdcdb643fe31,m743c88e4a3b2,2026-07-24T06:15:17+09:00
ncdcdb643fe31,m75f772071126,2026-07-25T02:54:32+09:00
ncdcdb643fe31,m78e1caab29a1,2026-07-24T22:26:31+09:00
ncdcdb643fe31,m7ae6f1512188,2026-07-24T19:17:53+09:00
ncdcdb643fe31,m7fe516b2d594,2026-07-24T02:42:22+09:00
ncdcdb643fe31,m87b2c27c2c91,2026-07-24T15:47:23+09:00
ncdcdb643fe31,m97848c1bdf32,2026-07-24T12:33:22+09:00
ncdcdb643fe31,m99ebd3a7fbf7,2026-07-24T02:42:22+09:00
ncdcdb643fe31,ma4f7761ee62b,2026-07-24T12:33:22+09:00
ncdcdb643fe31,ma5bd9f7c40cf,2026-07-25T02:54:32+09:00
ncdcdb643fe31,ma8d107d9475f,2026-07-24T12:33:22+09:00
ncdcdb643fe31,maba8091875be,2026-07-24T15:47:23+09:00
ncdcdb643fe31,mad8d2935fc54,2026-07-24T06:15:17+09:00
ncdcdb643fe31,mb19581064ca7,2026-07-24T06:15:17+09:00
ncdcdb643fe31,mb80e8e661ebe,2026-07-24T19:17:53+09:00
ncdcdb643fe31,mba07f6638f58,2026-07-25T12:33:39+09:00
ncdcdb643fe31,mbb0b33794d86,2026-07-24T02:42:22+09:00
ncdcdb643fe31,mc3b092076119,2026-07-24T12:33:22+09:00
ncdcdb643fe31,mc7c43a9831f4,2026-07-24T02:42:22+09:00
ncdcdb643fe31,mc86c779585e3,2026-07-24T19:17:53+09:00
ncdcdb643fe31,mcdf4ee972bd9,2026-07-24T12:33:22+09:00
ncdcdb643fe31,mcff9b6cb3037,2026-07-24T02:42:22+09:00
ncdcdb643fe31,md1d64f3e53b1,2026-07-25T22:09:38+09:00
ncdcdb643fe31,me0a7e3361736,2026-07-24T12:33:22+09:00
ncdcdb643fe31,me2d300fe8fb9,2026-07-24T19:17:53+09:00
ncdcdb643fe31,me39940554e5a,2026-07-24T06:15:17+09:00
ncdcdb643fe31,me50627303786,2026-07-24T02:42:22+09:00
ncdcdb643fe31,me609ab2c7895,2026-07-24T22:26:31+09:00
ncdcdb643fe31,mfa1cb167e2a1,2026-07-24T06:15:17+09:00
ncdcdb643fe31,mfc8edd12fdc2,2026-07-28T06:22:05+09:00
ncdcdb643fe31,mfc9d03c23504,2026-07-24T19:17:53+09:00
nceeb64ae9167,m00293b733784,2026-06-21T11:47:07+09:00
nceeb64ae9167,m01cb6624a2fd,2026-06-23T23:31:04+09:00
nceeb64ae9167,m04367e7cf8fa,2026-06-23T01:37:27+09:00
nceeb64ae9167,m0921d4d120a8,2026-06-24T16:49:08+09:00
nceeb64ae9167,m0988ee24cf93,2026-06-21T20:33:48+09:00
nceeb64ae9167,m192171037579,2026-06-24T16:49:08+09:00
nceeb64ae9167,m19b3b433abf2,2026-06-22T22:54:22+09:00
nceeb64ae9167,m1de95ffb4171,2026-06-21T06:24:49+09:00
nceeb64ae9167,m1e77a2ceb57c,2026-06-21T20:33:48+09:00
nceeb64ae9167,m28654e6bea0e,2026-06-21T11:47:07+09:00
nceeb64ae9167,m2df62a6b1a97,2026-06-25T11:20:36+09:00
nceeb64ae9167,m2e9b901b1ba9,2026-06-26T23:43:37+09:00
nceeb64ae9167,m30a248399fe0,2026-06-22T02:56:09+09:00
nceeb64ae9167,m310b87610c59,2026-06-21T06:24:49+09:00
nceeb64ae9167,m334fb05a2022,2026-06-25T16:51:29+09:00
nceeb64ae9167,m3c45350367a2,2026-06-21T17:36:57+09:00
nceeb64ae9167,m4c7f1907bb74,2026-06-24T16:49:08+09:00
nceeb64ae9167,m547e9622e50b,2026-06-22T22:54:22+09:00
nceeb64ae9167,m5a117d075a64,2026-06-22T22:54:22+09:00
nceeb64ae9167,m5c87df568874,2026-06-24T16:49:08+09:00
nceeb64ae9167,m5c9c88eb4983,2026-06-23T01:37:27+09:00
nceeb64ae9167,m5ca58e6bf38b,2026-06-22T22:54:22+09:00
nceeb64ae9167,m5e0b116a568a,2026-06-22T22:54:22+09:00
nceeb64ae9167,m60e9635b6cb6,2026-06-22T02:56:09+09:00
nceeb64ae9167,m60fb5d15f701,2026-07-22T19:25:55+09:00
nceeb64ae9167,m651aaa4e52a9,2026-06-24T16:49:08+09:00
nceeb64ae9167,m6b65ceacc285,2026-06-22T22:54:22+09:00
nceeb64ae9167,m6d69812caeed,2026-06-21T11:47:07+09:00
nceeb64ae9167,m743c88e4a3b2,2026-06-24T06:41:22+09:00
nceeb64ae9167,m768b3f4cf6e4,2026-06-24T20:09:06+09:00
nceeb64ae9167,m78e1caab29a1,2026-06-21T22:44:57+09:00
nceeb64ae9167,m7ae6f1512188,2026-06-21T11:47:07+09:00
nceeb64ae9167,m7de26e2e10de,2026-06-23T16:55:47+09:00
nceeb64ae9167,m7e46a705cb77,2026-06-21T11:47:07+09:00
nceeb64ae9167,m854ef6e77955,2026-06-21T06:24:49+09:00
nceeb64ae9167,m87b2c27c2c91,2026-06-21T11:47:07+09:00
nceeb64ae9167,m97848c1bdf32,2026-06-22T02:56:09+09:00
nceeb64ae9167,m99ebd3a7fbf7,2026-07-08T06:35:30+09:00
nceeb64ae9167,ma4f7761ee62b,2026-06-21T22:44:57+09:00
nceeb64ae9167,ma5bd9f7c40cf,2026-06-24T16:49:08+09:00
nceeb64ae9167,ma8d107d9475f,2026-06-22T02:56:09+09:00
nceeb64ae9167,maba8091875be,2026-06-22T02:56:09+09:00
nceeb64ae9167,mad8d2935fc54,2026-06-21T17:36:57+09:00
nceeb64ae9167,mba07f6638f58,2026-06-21T22:44:57+09:00
nceeb64ae9167,mbb0b33794d86,2026-06-21T06:24:49+09:00
nceeb64ae9167,mc3b092076119,2026-06-21T11:47:07+09:00
nceeb64ae9167,mc7c43a9831f4,2026-06-21T06:24:49+09:00
nceeb64ae9167,mc86c779585e3,2026-06-22T11:52:06+09:00
nceeb64ae9167,mcdf4ee972bd9,2026-06-21T17:36:57+09:00
nceeb64ae9167,mcff9b6cb3037,2026-06-21T11:47:07+09:00
nceeb64ae9167,me0a7e3361736,2026-06-21T22:44:57+09:00
nceeb64ae9167,me2d300fe8fb9,2026-06-22T02:56:09+09:00
nceeb64ae9167,me3c1530749d9,2026-06-26T23:43:37+09:00
nceeb64ae9167,me50627303786,2026-06-21T17:36:57+09:00
nceeb64ae9167,me5481b3218cd,2026-06-24T20:09:06+09:00
nceeb64ae9167,mead8ba3e8fdf,2026-06-21T17:36:57+09:00
nceeb64ae9167,mecb786e95ed5,2026-06-21T17:36:57+09:00
nceeb64ae9167,mf815c8f3b6d2,2026-06-24T23:15:23+09:00
nceeb64ae9167,mfa1cb167e2a1,2026-06-21T20:33:48+09:00
nceeb64ae9167,mfc8edd12fdc2,2026-06-21T11:47:07+09:00
nceeb64ae9167,mfc9d03c23504,2026-06-24T16:49:08+09:00
nd1447f432dd9,m3dae738ba1c1,2026-06-20T22:36:32+09:00
nd1447f432dd9,mbb0b33794d86,2026-06-14T17:24:15+09:00
nd1447f432dd9,mc86c779585e3,2026-06-06T19:20:20+09:00
nd3b15e59ffd1,m00293b733784,2026-05-27T18:00:00+09:00
nd3b15e59ffd1,m0988ee24cf93,2026-05-27T18:00:00+09:00
nd3b15e59ffd1,m0f6484462f7f,2026-05-27T18:00:00+09:00
nd3b15e59ffd1,m1de95ffb4171,2026-05-27T18:00:00+09:00
nd3b15e59ffd1,m1e77a2ceb57c,2026-05-27T18:00:00+09:00
nd3b15e59ffd1,m28654e6bea0e,2026-05-27T18:00:00+09:00
nd3b15e59ffd1,m2ca4e8ea4f14,2026-05-27T18:00:00+09:00
nd3b15e59ffd1,m2df62a6b1a97,2026-06-25T11:20:36+09:00
nd3b15e59ffd1,m30a248399fe0,2026-05-27T18:00:00+09:00
nd3b15e59ffd1,m366756297795,2026-06-02T02:32:33+09:00
nd3b15e59ffd1,m3c45350367a2,2026-05-27T18:00:00+09:00
nd3b15e59ffd1,m5b549de72bcf,2026-06-13T06:40:22+09:00
nd3b15e59ffd1,m5c9c88eb4983,2026-05-27T18:00:00+09:00
nd3b15e59ffd1,m5ca58e6bf38b,2026-05-27T18:00:00+09:00
nd3b15e59ffd1,m5e0b116a568a,2026-05-27T18:00:00+09:00
nd3b15e59ffd1,m60e9635b6cb6,2026-05-27T18:00:00+09:00
nd3b15e59ffd1,m6295830f903e,2026-05-27T18:00:00+09:00
nd3b15e59ffd1,m6d69812caeed,2026-05-27T18:00:00+09:00
nd3b15e59ffd1,m740ac248bb64,2026-05-27T18:00:00+09:00
nd3b15e59ffd1,m743c88e4a3b2,2026-05-27T18:00:00+09:00
nd3b15e59ffd1,m768b3f4cf6e4,2026-05-30T16:04:02+09:00
nd3b15e59ffd1,m78e1caab29a1,2026-05-27T18:00:00+09:00
nd3b15e59ffd1,m7ae6f1512188,2026-05-27T18:00:00+09:00
nd3b15e59ffd1,m7de26e2e10de,2026-05-27T18:00:00+09:00
nd3b15e59ffd1,m7fe516b2d594,2026-05-27T18:00:00+09:00
nd3b15e59ffd1,m823f59a7ed0a,2026-06-23T11:17:22+09:00
nd3b15e59ffd1,m87b2c27c2c91,2026-05-27T18:00:00+09:00
nd3b15e59ffd1,m97848c1bdf32,2026-05-27T18:00:00+09:00
nd3b15e59ffd1,ma4f7761ee62b,2026-05-27T18:00:00+09:00
nd3b15e59ffd1,ma8d107d9475f,2026-05-27T18:00:00+09:00
nd3b15e59ffd1,maba8091875be,2026-05-27T18:00:00+09:00
nd3b15e59ffd1,mad8d2935fc54,2026-05-27T18:00:00+09:00
nd3b15e59ffd1,mb80e8e661ebe,2026-05-27T18:00:00+09:00
nd3b15e59ffd1,mbb0b33794d86,2026-05-27T18:00:00+09:00
nd3b15e59ffd1,mc3b092076119,2026-05-27T18:00:00+09:00
nd3b15e59ffd1,mc7c43a9831f4,2026-05-27T18:00:00+09:00
nd3b15e59ffd1,mc86c779585e3,2026-05-27T18:00:00+09:00
nd3b15e59ffd1,md1868a762043,2026-05-27T18:00:00+09:00
nd3b15e59ffd1,md33c43d62052,2026-07-26T19:02:26+09:00
nd3b15e59ffd1,md929b2a701ae,2026-05-27T18:00:00+09:00
nd3b15e59ffd1,me0a7e3361736,2026-05-27T18:00:00+09:00
nd3b15e59ffd1,me2d300fe8fb9,2026-05-27T18:00:00+09:00
nd3b15e59ffd1,me50627303786,2026-05-27T18:00:00+09:00
nd3b15e59ffd1,mead8ba3e8fdf,2026-05-27T18:00:00+09:00
nd3b15e59ffd1,mfa1cb167e2a1,2026-05-27T18:00:00+09:00
nd3b15e59ffd1,mfa4dbb02c352,2026-05-30T11:20:11+09:00
nd3b15e59ffd1,mfc8edd12fdc2,2026-05-27T18:00:00+09:00
nd69090bd333e,m3dae738ba1c1,2026-06-22T18:56:40+09:00
nd69090bd333e,mbb0b33794d86,2026-01-15T18:33:05+09:00
nd69090bd333e,mc86c779585e3,2026-06-09T20:33:37+09:00
nd85cc3ca9a61,m00293b733784,2026-07-09T13:04:45+09:00
nd85cc3ca9a61,m0675215a66e7,2026-07-08T22:36:25+09:00
nd85cc3ca9a61,m16095e384518,2026-07-09T16:58:41+09:00
nd85cc3ca9a61,m192171037579,2026-07-08T19:15:59+09:00
nd85cc3ca9a61,m19b3b433abf2,2026-07-08T12:37:06+09:00
nd85cc3ca9a61,m1de95ffb4171,2026-07-07T13:11:29+09:00
nd85cc3ca9a61,m28654e6bea0e,2026-07-07T17:00:08+09:00
nd85cc3ca9a61,m2e9b901b1ba9,2026-07-08T22:36:25+09:00
nd85cc3ca9a61,m30a248399fe0,2026-07-07T19:55:26+09:00
nd85cc3ca9a61,m310b87610c59,2026-07-07T13:11:29+09:00
nd85cc3ca9a61,m3c45350367a2,2026-07-07T23:14:09+09:00
nd85cc3ca9a61,m4c7f1907bb74,2026-07-07T19:55:26+09:00
nd85cc3ca9a61,m547e9622e50b,2026-07-09T23:38:28+09:00
nd85cc3ca9a61,m5c9c88eb4983,2026-07-11T15:33:23+09:00
nd85cc3ca9a61,m5ca58e6bf38b,2026-07-08T12:37:06+09:00
nd85cc3ca9a61,m60fb5d15f701,2026-07-14T22:15:12+09:00
nd85cc3ca9a61,m651aaa4e52a9,2026-07-07T13:11:29+09:00
nd85cc3ca9a61,m6b65ceacc285,2026-07-08T03:16:08+09:00
nd85cc3ca9a61,m6d3400fb7014,2026-07-07T17:00:08+09:00
nd85cc3ca9a61,m6d69812caeed,2026-07-07T13:11:29+09:00
nd85cc3ca9a61,m743c88e4a3b2,2026-07-09T13:04:45+09:00
nd85cc3ca9a61,m78e1caab29a1,2026-07-07T23:14:09+09:00
nd85cc3ca9a61,m7c76be531c5e,2026-07-07T19:55:26+09:00
nd85cc3ca9a61,m7de26e2e10de,2026-07-08T06:35:30+09:00
nd85cc3ca9a61,m7e46a705cb77,2026-07-07T13:11:29+09:00
nd85cc3ca9a61,m7f60f18975f3,2026-07-27T23:20:46+09:00
nd85cc3ca9a61,m87b2c27c2c91,2026-07-09T13:04:45+09:00
nd85cc3ca9a61,m92f1af23610d,2026-07-08T22:36:25+09:00
nd85cc3ca9a61,m97848c1bdf32,2026-07-07T17:00:08+09:00
nd85cc3ca9a61,ma4f7761ee62b,2026-07-08T03:16:08+09:00
nd85cc3ca9a61,ma5bd9f7c40cf,2026-07-07T13:11:29+09:00
nd85cc3ca9a61,ma8d107d9475f,2026-07-07T17:00:08+09:00
nd85cc3ca9a61,maa5a2a7f67c6,2026-07-07T17:00:08+09:00
nd85cc3ca9a61,maba8091875be,2026-07-07T17:00:08+09:00
nd85cc3ca9a61,mad8d2935fc54,2026-07-07T23:14:09+09:00
nd85cc3ca9a61,mb02476cbe007,2026-07-07T17:00:08+09:00
nd85cc3ca9a61,mba07f6638f58,2026-07-08T12:37:06+09:00
nd85cc3ca9a61,mbb0b33794d86,2026-07-07T13:11:29+09:00
nd85cc3ca9a61,mc3b092076119,2026-07-08T19:15:59+09:00
nd85cc3ca9a61,mc7c43a9831f4,2026-07-07T13:11:29+09:00
nd85cc3ca9a61,mc86c779585e3,2026-07-09T16:58:41+09:00
nd85cc3ca9a61,mcff9b6cb3037,2026-07-07T13:11:29+09:00
nd85cc3ca9a61,md2bd041982f0,2026-07-07T13:11:29+09:00
nd85cc3ca9a61,me0a7e3361736,2026-07-07T17:00:08+09:00
nd85cc3ca9a61,me2d300fe8fb9,2026-07-10T23:04:50+09:00
nd85cc3ca9a61,me50627303786,2026-07-07T17:00:08+09:00
nd85cc3ca9a61,me609ab2c7895,2026-07-11T12:32:13+09:00
nd85cc3ca9a61,mead8ba3e8fdf,2026-07-07T17:00:08+09:00
nd85cc3ca9a61,mfc8edd12fdc2,2026-07-07T19:55:26+09:00
nd85cc3ca9a61,mfc9d03c23504,2026-07-08T22:36:25+09:00
nd9c2072edf52,m3dae738ba1c1,2026-06-26T23:43:37+09:00
nd9c2072edf52,m53405fd7b9aa,2026-01-31T09:54:22+09:00
nd9c2072edf52,mbb0b33794d86,2026-06-23T01:37:27+09:00
nd9c2072edf52,mc86c779585e3,2026-06-05T03:33:31+09:00
ndaf922bd7b48,m37d340b019a6,2026-06-22T11:52:06+09:00
ndaf922bd7b48,mc86c779585e3,2026-06-10T17:15:40+09:00
ndb1ab566027b,m1e77a2ceb57c,2026-03-23T18:00:00+09:00
ndb1ab566027b,m34fbc48bcda0,2026-03-23T18:00:00+09:00
ndb1ab566027b,m3c45350367a2,2026-07-21T15:48:56+09:00
ndb1ab566027b,m5165ac46c7d8,2026-03-23T18:00:00+09:00
ndb1ab566027b,m78e1caab29a1,2026-06-26T23:43:37+09:00
ndb1ab566027b,m7ae6f1512188,2026-03-23T18:00:00+09:00
ndb1ab566027b,m8b207cd2e53a,2026-03-23T18:00:00+09:00
ndb1ab566027b,m971707d1e3c9,2026-03-23T18:00:00+09:00
ndb1ab566027b,ma4ac2760a6b2,2026-03-23T18:00:00+09:00
ndb1ab566027b,mbb0b33794d86,2026-03-23T18:00:00+09:00
ndb1ab566027b,mc3b092076119,2026-03-23T18:00:00+09:00
ndb1ab566027b,mc86c779585e3,2026-03-23T18:00:00+09:00
ndb1ab566027b,me50627303786,2026-03-23T18:00:00+09:00
ndb1ab566027b,mfa1cb167e2a1,2026-03-23T18:00:00+09:00
ndb1ab566027b,mfc9d03c23504,2026-03-23T18:00:00+09:00
ndb70d4da27a8,m00293b733784,2026-04-23T18:00:00+09:00
ndb70d4da27a8,m0921d4d120a8,2026-04-23T18:00:00+09:00
ndb70d4da27a8,m0c630cc12b41,2026-04-23T18:00:00+09:00
ndb70d4da27a8,m1de95ffb4171,2026-04-23T18:00:00+09:00
ndb70d4da27a8,m1e77a2ceb57c,2026-04-23T18:00:00+09:00
ndb70d4da27a8,m2e9b901b1ba9,2026-04-23T18:00:00+09:00
ndb70d4da27a8,m30a248399fe0,2026-04-23T18:00:00+09:00
ndb70d4da27a8,m3c45350367a2,2026-06-19T21:24:54+09:00
ndb70d4da27a8,m5ca58e6bf38b,2026-04-23T18:00:00+09:00
ndb70d4da27a8,m5e0b116a568a,2026-06-01T23:05:56+09:00
ndb70d4da27a8,m6d3400fb7014,2026-04-23T18:00:00+09:00
ndb70d4da27a8,m740ac248bb64,2026-04-23T18:00:00+09:00
ndb70d4da27a8,m743c88e4a3b2,2026-04-23T18:00:00+09:00
ndb70d4da27a8,m78e1caab29a1,2026-04-23T18:00:00+09:00
ndb70d4da27a8,m7ae6f1512188,2026-04-23T18:00:00+09:00
ndb70d4da27a8,m823f59a7ed0a,2026-06-23T11:17:22+09:00
ndb70d4da27a8,m87b2c27c2c91,2026-04-23T18:00:00+09:00
ndb70d4da27a8,m97848c1bdf32,2026-06-15T06:18:22+09:00
ndb70d4da27a8,ma8d107d9475f,2026-06-15T06:18:22+09:00
ndb70d4da27a8,maba8091875be,2026-06-15T06:18:22+09:00
ndb70d4da27a8,mad8d2935fc54,2026-04-23T18:00:00+09:00
ndb70d4da27a8,mb80e8e661ebe,2026-04-23T18:00:00+09:00
ndb70d4da27a8,mbb0b33794d86,2026-04-23T18:00:00+09:00
ndb70d4da27a8,mc3b092076119,2026-04-23T18:00:00+09:00
ndb70d4da27a8,mc7c43a9831f4,2026-04-23T18:00:00+09:00
ndb70d4da27a8,mc86c779585e3,2026-04-23T18:00:00+09:00
ndb70d4da27a8,md2bd041982f0,2026-04-23T18:00:00+09:00
ndb70d4da27a8,me0a7e3361736,2026-04-23T18:00:00+09:00
ndb70d4da27a8,me2d300fe8fb9,2026-04-23T18:00:00+09:00
ndb70d4da27a8,me50627303786,2026-04-23T18:00:00+09:00
ndb70d4da27a8,mfa1cb167e2a1,2026-04-23T18:00:00+09:00
ndb70d4da27a8,mfc8edd12fdc2,2026-04-23T18:00:00+09:00
ndb70d4da27a8,mfc9d03c23504,2026-04-23T18:00:00+09:00
nddb2b534844d,m3c45350367a2,2026-07-28T15:46:37+09:00
nddb2b534844d,m53405fd7b9aa,2026-06-23T11:17:22+09:00
nddb2b534844d,m78e1caab29a1,2026-07-03T22:42:25+09:00
nddb2b534844d,mc86c779585e3,2026-03-03T08:05:47+09:00
ndead67846708,m3dae738ba1c1,2026-06-22T11:52:06+09:00
ndead67846708,ma4f7761ee62b,2026-01-09T22:35:44+09:00
ndead67846708,mc7c43a9831f4,2026-01-09T22:35:44+09:00
ndead67846708,mc86c779585e3,2026-06-12T17:31:56+09:00
ndead67846708,md2bd041982f0,2026-01-09T22:35:44+09:00
ndead67846708,me0a7e3361736,2026-01-09T22:35:44+09:00
ndf2f4ec1381e,m00293b733784,2026-05-13T18:00:00+09:00
ndf2f4ec1381e,m1e77a2ceb57c,2026-05-13T18:00:00+09:00
ndf2f4ec1381e,m28654e6bea0e,2026-05-13T18:00:00+09:00
ndf2f4ec1381e,m2e9b901b1ba9,2026-05-13T18:00:00+09:00
ndf2f4ec1381e,m3c45350367a2,2026-05-31T17:09:16+09:00
ndf2f4ec1381e,m5ca58e6bf38b,2026-05-13T18:00:00+09:00
ndf2f4ec1381e,m6d3400fb7014,2026-05-13T18:00:00+09:00
ndf2f4ec1381e,m6d69812caeed,2026-06-16T22:12:32+09:00
ndf2f4ec1381e,m743c88e4a3b2,2026-05-13T18:00:00+09:00
ndf2f4ec1381e,m78e1caab29a1,2026-05-13T18:00:00+09:00
ndf2f4ec1381e,m7e22238e2309,2026-05-13T18:00:00+09:00
ndf2f4ec1381e,m87b2c27c2c91,2026-05-13T18:00:00+09:00
ndf2f4ec1381e,mc86c779585e3,2026-05-13T18:00:00+09:00
ndf2f4ec1381e,mcff9b6cb3037,2026-06-16T22:12:32+09:00
ndf2f4ec1381e,md2bd041982f0,2026-05-13T18:00:00+09:00
ndf2f4ec1381e,me50627303786,2026-05-13T18:00:00+09:00
ndf2f4ec1381e,mead8ba3e8fdf,2026-05-13T18:00:00+09:00
ndf2f4ec1381e,mfa1cb167e2a1,2026-05-13T18:00:00+09:00
ndf2f4ec1381e,mfc8edd12fdc2,2026-05-13T18:00:00+09:00
ndf2f4ec1381e,mfc9d03c23504,2026-05-13T18:00:00+09:00
ne172db67316f,m3c45350367a2,2026-07-28T03:00:58+09:00
ne172db67316f,m78e1caab29a1,2026-06-12T23:44:40+09:00
ne172db67316f,m7fe516b2d594,2026-06-23T11:17:22+09:00
ne172db67316f,mc3b092076119,2026-03-05T19:50:50+09:00
ne172db67316f,mc86c779585e3,2026-03-05T19:50:50+09:00
ne4fe6760e482,m1de95ffb4171,2026-06-22T11:52:06+09:00
ne4fe6760e482,m3c45350367a2,2026-07-26T12:47:34+09:00
ne4fe6760e482,m7ae6f1512188,2026-03-08T18:00:00+09:00
ne4fe6760e482,m854ef6e77955,2026-03-08T18:00:00+09:00
ne4fe6760e482,ma4f7761ee62b,2026-06-24T03:14:42+09:00
ne4fe6760e482,mbb0b33794d86,2026-03-08T18:00:00+09:00
ne4fe6760e482,mc3b092076119,2026-03-08T18:00:00+09:00
ne4fe6760e482,mc7c43a9831f4,2026-06-22T11:52:06+09:00
ne4fe6760e482,mc86c779585e3,2026-03-08T18:00:00+09:00
ne4fe6760e482,mcdf4ee972bd9,2026-03-08T18:00:00+09:00
ne4fe6760e482,md1d64f3e53b1,2026-03-08T18:00:00+09:00
ne4fe6760e482,me0a7e3361736,2026-06-24T03:14:42+09:00
ne4fe6760e482,me50627303786,2026-03-08T18:00:00+09:00
ne991d2421e89,m04367e7cf8fa,2026-03-19T06:00:00+09:00
ne991d2421e89,m1de95ffb4171,2026-06-22T18:56:40+09:00
ne991d2421e89,m1e77a2ceb57c,2026-06-16T22:12:32+09:00
ne991d2421e89,m2acdde7b2565,2026-03-19T06:00:00+09:00
ne991d2421e89,m3c45350367a2,2026-07-23T19:23:43+09:00
ne991d2421e89,m60e9635b6cb6,2026-06-15T19:09:11+09:00
ne991d2421e89,m854ef6e77955,2026-03-19T06:00:00+09:00
ne991d2421e89,m97848c1bdf32,2026-03-19T06:00:00+09:00
ne991d2421e89,ma4f7761ee62b,2026-03-19T06:00:00+09:00
ne991d2421e89,ma8d107d9475f,2026-03-19T06:00:00+09:00
ne991d2421e89,maa5a2a7f67c6,2026-07-23T22:33:31+09:00
ne991d2421e89,maba8091875be,2026-06-15T19:09:11+09:00
ne991d2421e89,mbb0b33794d86,2026-03-19T06:00:00+09:00
ne991d2421e89,mc3b092076119,2026-06-12T21:00:48+09:00
ne991d2421e89,mc7c43a9831f4,2026-03-19T06:00:00+09:00
ne991d2421e89,mc86c779585e3,2026-03-19T06:00:00+09:00
ne991d2421e89,me0a7e3361736,2026-03-19T06:00:00+09:00
ne991d2421e89,me50627303786,2026-03-19T06:00:00+09:00
ne991d2421e89,me5e1bbd5a5a6,2026-03-19T06:00:00+09:00
ne991d2421e89,mfa1cb167e2a1,2026-06-16T22:12:32+09:00
nea6ed669b0ad,m00293b733784,2026-05-10T18:00:00+09:00
nea6ed669b0ad,m0988ee24cf93,2026-05-10T18:00:00+09:00
nea6ed669b0ad,m18485b3d7e40,2026-05-10T18:00:00+09:00
nea6ed669b0ad,m1de95ffb4171,2026-05-10T18:00:00+09:00
nea6ed669b0ad,m1e77a2ceb57c,2026-05-10T18:00:00+09:00
nea6ed669b0ad,m2df62a6b1a97,2026-06-25T11:20:36+09:00
nea6ed669b0ad,m2e9b901b1ba9,2026-05-10T18:00:00+09:00
nea6ed669b0ad,m30a248399fe0,2026-05-10T18:00:00+09:00
nea6ed669b0ad,m310b87610c59,2026-05-10T18:00:00+09:00
nea6ed669b0ad,m3c45350367a2,2026-06-04T11:47:22+09:00
nea6ed669b0ad,m5ca58e6bf38b,2026-05-10T18:00:00+09:00
nea6ed669b0ad,m6d3400fb7014,2026-05-10T18:00:00+09:00
nea6ed669b0ad,m743c88e4a3b2,2026-05-10T18:00:00+09:00
nea6ed669b0ad,m78e1caab29a1,2026-05-10T18:00:00+09:00
nea6ed669b0ad,m7ae6f1512188,2026-05-10T18:00:00+09:00
nea6ed669b0ad,m7fe516b2d594,2026-05-10T18:00:00+09:00
nea6ed669b0ad,m83b0e4ce814d,2026-05-10T18:00:00+09:00
nea6ed669b0ad,m87b2c27c2c91,2026-05-10T18:00:00+09:00
nea6ed669b0ad,m97848c1bdf32,2026-05-10T18:00:00+09:00
nea6ed669b0ad,ma8d107d9475f,2026-05-10T18:00:00+09:00
nea6ed669b0ad,mad8d2935fc54,2026-05-10T18:00:00+09:00
nea6ed669b0ad,mb80e8e661ebe,2026-05-10T18:00:00+09:00
nea6ed669b0ad,mbb0b33794d86,2026-05-10T18:00:00+09:00
nea6ed669b0ad,mc3b092076119,2026-05-10T18:00:00+09:00
nea6ed669b0ad,mc7c43a9831f4,2026-05-10T18:00:00+09:00
nea6ed669b0ad,mc86c779585e3,2026-05-10T18:00:00+09:00
nea6ed669b0ad,md1d64f3e53b1,2026-05-10T18:00:00+09:00
nea6ed669b0ad,me0a7e3361736,2026-05-10T18:00:00+09:00
nea6ed669b0ad,me2d300fe8fb9,2026-05-10T18:00:00+09:00
nea6ed669b0ad,me3590cc8b7e1,2026-05-10T18:00:00+09:00
nea6ed669b0ad,me50627303786,2026-05-10T18:00:00+09:00
nea6ed669b0ad,mead8ba3e8fdf,2026-05-10T18:00:00+09:00
nea6ed669b0ad,mecb786e95ed5,2026-05-10T18:00:00+09:00
nea6ed669b0ad,mfa1cb167e2a1,2026-05-10T18:00:00+09:00
nea6ed669b0ad,mfc8edd12fdc2,2026-05-10T18:00:00+09:00
nea6ed669b0ad,mfc9d03c23504,2026-05-10T18:00:00+09:00
nee6c06cc3342,m00293b733784,2026-04-20T18:00:00+09:00
nee6c06cc3342,m0988ee24cf93,2026-04-20T18:00:00+09:00
nee6c06cc3342,m1de95ffb4171,2026-07-06T21:05:51+09:00
nee6c06cc3342,m1e77a2ceb57c,2026-04-20T18:00:00+09:00
nee6c06cc3342,m3c45350367a2,2026-06-21T22:44:57+09:00
nee6c06cc3342,m46619b37427d,2026-04-20T18:00:00+09:00
nee6c06cc3342,m740ac248bb64,2026-04-20T18:00:00+09:00
nee6c06cc3342,m78e1caab29a1,2026-04-20T18:00:00+09:00
nee6c06cc3342,m854ef6e77955,2026-04-20T18:00:00+09:00
nee6c06cc3342,m87b2c27c2c91,2026-04-20T18:00:00+09:00
nee6c06cc3342,mad8d2935fc54,2026-04-20T18:00:00+09:00
nee6c06cc3342,mb19581064ca7,2026-04-20T18:00:00+09:00
nee6c06cc3342,mbb0b33794d86,2026-04-20T18:00:00+09:00
nee6c06cc3342,mc3b092076119,2026-04-20T18:00:00+09:00
nee6c06cc3342,mc7c43a9831f4,2026-04-20T18:00:00+09:00
nee6c06cc3342,mcdf4ee972bd9,2026-04-20T18:00:00+09:00
nee6c06cc3342,md1868a762043,2026-04-20T18:00:00+09:00
nee6c06cc3342,md1d64f3e53b1,2026-04-20T18:00:00+09:00
nee6c06cc3342,me0a7e3361736,2026-04-20T18:00:00+09:00
nee6c06cc3342,me2d300fe8fb9,2026-04-20T18:00:00+09:00
nee6c06cc3342,mead8ba3e8fdf,2026-04-20T18:00:00+09:00
nee6c06cc3342,mfa1cb167e2a1,2026-04-20T18:00:00+09:00
nee6c06cc3342,mfc8edd12fdc2,2026-04-20T18:00:00+09:00
neef45dcd37d2,m00293b733784,2026-04-18T18:00:00+09:00
neef45dcd37d2,m0988ee24cf93,2026-04-18T18:00:00+09:00
neef45dcd37d2,m0c630cc12b41,2026-04-18T18:00:00+09:00
neef45dcd37d2,m1de95ffb4171,2026-07-06T21:05:51+09:00
neef45dcd37d2,m1e77a2ceb57c,2026-04-18T18:00:00+09:00
neef45dcd37d2,m3c45350367a2,2026-06-22T18:56:40+09:00
neef45dcd37d2,m5e0b116a568a,2026-04-18T18:00:00+09:00
neef45dcd37d2,m6d3400fb7014,2026-04-18T18:00:00+09:00
neef45dcd37d2,m740ac248bb64,2026-04-18T18:00:00+09:00
neef45dcd37d2,m756da97337a3,2026-04-18T18:00:00+09:00
neef45dcd37d2,m78e1caab29a1,2026-04-18T18:00:00+09:00
neef45dcd37d2,m854ef6e77955,2026-04-18T18:00:00+09:00
neef45dcd37d2,m87b2c27c2c91,2026-04-18T18:00:00+09:00
neef45dcd37d2,mad8d2935fc54,2026-04-18T18:00:00+09:00
neef45dcd37d2,mbb0b33794d86,2026-04-18T18:00:00+09:00
neef45dcd37d2,mc3b092076119,2026-04-18T18:00:00+09:00
neef45dcd37d2,mc7c43a9831f4,2026-04-18T18:00:00+09:00
neef45dcd37d2,mc86c779585e3,2026-04-18T18:00:00+09:00
neef45dcd37d2,md929b2a701ae,2026-04-18T18:00:00+09:00
neef45dcd37d2,me0a7e3361736,2026-04-18T18:00:00+09:00
neef45dcd37d2,me50627303786,2026-04-18T18:00:00+09:00
neef45dcd37d2,mead8ba3e8fdf,2026-04-18T18:00:00+09:00
neef45dcd37d2,mfa1cb167e2a1,2026-04-18T18:00:00+09:00
neef45dcd37d2,mfc8edd12fdc2,2026-04-18T18:00:00+09:00
nf07ac3e657c6,m1e77a2ceb57c,2026-03-30T18:00:00+09:00
nf07ac3e657c6,m3c45350367a2,2026-07-14T22:15:12+09:00
nf07ac3e657c6,m78e1caab29a1,2026-03-30T18:00:00+09:00
nf07ac3e657c6,m7ae6f1512188,2026-03-30T18:00:00+09:00
nf07ac3e657c6,m854ef6e77955,2026-03-30T18:00:00+09:00
nf07ac3e657c6,mad8d2935fc54,2026-03-30T18:00:00+09:00
nf07ac3e657c6,mbb0b33794d86,2026-03-30T18:00:00+09:00
nf07ac3e657c6,mc3b092076119,2026-03-30T18:00:00+09:00
nf07ac3e657c6,mc86c779585e3,2026-03-30T18:00:00+09:00
nf07ac3e657c6,mcdf4ee972bd9,2026-03-30T18:00:00+09:00
nf07ac3e657c6,md1d64f3e53b1,2026-03-30T18:00:00+09:00
nf07ac3e657c6,me50627303786,2026-03-30T18:00:00+09:00
nf07ac3e657c6,mfa1cb167e2a1,2026-03-30T18:00:00+09:00
nf07ac3e657c6,mfc9d03c23504,2026-03-30T18:00:00+09:00
nf2dd780a7a3c,m00293b733784,2026-05-02T18:00:00+09:00
nf2dd780a7a3c,m04367e7cf8fa,2026-05-02T18:00:00+09:00
nf2dd780a7a3c,m1492ed6d20c4,2026-05-02T18:00:00+09:00
nf2dd780a7a3c,m16384598a49a,2026-05-02T18:00:00+09:00
nf2dd780a7a3c,m1de95ffb4171,2026-05-02T18:00:00+09:00
nf2dd780a7a3c,m2df62a6b1a97,2026-06-25T11:20:36+09:00
nf2dd780a7a3c,m2e9b901b1ba9,2026-05-02T18:00:00+09:00
nf2dd780a7a3c,m30a248399fe0,2026-05-02T18:00:00+09:00
nf2dd780a7a3c,m3c45350367a2,2026-06-12T23:44:40+09:00
nf2dd780a7a3c,m5ca58e6bf38b,2026-05-02T18:00:00+09:00
nf2dd780a7a3c,m743c88e4a3b2,2026-05-02T18:00:00+09:00
nf2dd780a7a3c,m78e1caab29a1,2026-05-02T18:00:00+09:00
nf2dd780a7a3c,m7fe516b2d594,2026-05-02T18:00:00+09:00
nf2dd780a7a3c,m83b0e4ce814d,2026-05-02T18:00:00+09:00
nf2dd780a7a3c,m87b2c27c2c91,2026-05-02T18:00:00+09:00
nf2dd780a7a3c,mad8d2935fc54,2026-05-02T18:00:00+09:00
nf2dd780a7a3c,mb19581064ca7,2026-05-02T18:00:00+09:00
nf2dd780a7a3c,mbb0b33794d86,2026-05-02T18:00:00+09:00
nf2dd780a7a3c,mc3b092076119,2026-05-02T18:00:00+09:00
nf2dd780a7a3c,mc7c43a9831f4,2026-05-02T18:00:00+09:00
nf2dd780a7a3c,mc86c779585e3,2026-05-02T18:00:00+09:00
nf2dd780a7a3c,md1868a762043,2026-05-02T18:00:00+09:00
nf2dd780a7a3c,mda8e3e5ed85c,2026-05-02T18:00:00+09:00
nf2dd780a7a3c,me0a7e3361736,2026-05-02T18:00:00+09:00
nf2dd780a7a3c,me2d300fe8fb9,2026-05-02T18:00:00+09:00
nf2dd780a7a3c,me50627303786,2026-05-02T18:00:00+09:00
nf2dd780a7a3c,mfc8edd12fdc2,2026-05-02T18:00:00+09:00
nf2dd780a7a3c,mfc9d03c23504,2026-05-02T18:00:00+09:00
nf4cd00f0999a,m3c45350367a2,2026-07-30T15:48:07+09:00
nf4cd00f0999a,m78e1caab29a1,2026-07-05T22:16:03+09:00
nf4cd00f0999a,m823f59a7ed0a,2026-06-23T11:17:22+09:00
nf4cd00f0999a,mc86c779585e3,2026-03-02T12:00:52+09:00
nf4cd00f0999a,me50627303786,2026-03-02T12:00:52+09:00
nf50f688f257e,m1e77a2ceb57c,2026-03-25T18:00:00+09:00
nf50f688f257e,m34fbc48bcda0,2026-03-25T18:00:00+09:00
nf50f688f257e,m3c45350367a2,2026-07-17T18:56:25+09:00
nf50f688f257e,m5165ac46c7d8,2026-03-25T18:00:00+09:00
nf50f688f257e,m78e1caab29a1,2026-06-22T22:54:22+09:00
nf50f688f257e,m7ae6f1512188,2026-03-25T18:00:00+09:00
nf50f688f257e,ma4ac2760a6b2,2026-03-25T18:00:00+09:00
nf50f688f257e,mbb0b33794d86,2026-03-25T18:00:00+09:00
nf50f688f257e,mc3b092076119,2026-03-25T18:00:00+09:00
nf50f688f257e,mc86c779585e3,2026-03-25T18:00:00+09:00
nf50f688f257e,md1d64f3e53b1,2026-03-25T18:00:00+09:00
nf50f688f257e,md929b2a701ae,2026-03-25T18:00:00+09:00
nf50f688f257e,me50627303786,2026-03-25T18:00:00+09:00
nf50f688f257e,mfa1cb167e2a1,2026-03-25T18:00:00+09:00
nf50f688f257e,mfc9d03c23504,2026-03-25T18:00:00+09:00
nf700ae08b2db,m00293b733784,2026-04-07T18:00:00+09:00
nf700ae08b2db,m316601ae27a0,2026-04-07T18:00:00+09:00
nf700ae08b2db,m3c45350367a2,2026-06-30T13:27:01+09:00
nf700ae08b2db,m48b884abb9d9,2026-04-07T18:00:00+09:00
nf700ae08b2db,m6d3400fb7014,2026-04-07T18:00:00+09:00
nf700ae08b2db,m740ac248bb64,2026-04-07T18:00:00+09:00
nf700ae08b2db,m743c88e4a3b2,2026-04-07T18:00:00+09:00
nf700ae08b2db,m78e1caab29a1,2026-04-07T18:00:00+09:00
nf700ae08b2db,m7ddef4ea4bd3,2026-04-07T18:00:00+09:00
nf700ae08b2db,m87b2c27c2c91,2026-04-07T18:00:00+09:00
nf700ae08b2db,m97848c1bdf32,2026-04-07T18:00:00+09:00
nf700ae08b2db,ma4f7761ee62b,2026-04-07T18:00:00+09:00
nf700ae08b2db,ma8d107d9475f,2026-04-07T18:00:00+09:00
nf700ae08b2db,mad8d2935fc54,2026-04-07T18:00:00+09:00
nf700ae08b2db,mbb0b33794d86,2026-04-07T18:00:00+09:00
nf700ae08b2db,mc3b092076119,2026-04-07T18:00:00+09:00
nf700ae08b2db,mc7c43a9831f4,2026-04-07T18:00:00+09:00
nf700ae08b2db,mc86c779585e3,2026-04-07T18:00:00+09:00
nf700ae08b2db,md1d64f3e53b1,2026-04-07T18:00:00+09:00
nf700ae08b2db,mdf64cd8c3686,2026-04-07T18:00:00+09:00
nf700ae08b2db,me0a7e3361736,2026-04-07T18:00:00+09:00
nf700ae08b2db,mecb786e95ed5,2026-04-07T18:00:00+09:00
nf891827149cb,m016668fc27da,2026-01-31T19:42:23+09:00
nf891827149cb,m3dae738ba1c1,2026-06-26T23:43:37+09:00
nf891827149cb,m53405fd7b9aa,2026-01-31T19:42:23+09:00
nf891827149cb,m6295830f903e,2026-01-31T19:42:23+09:00
nf891827149cb,mbb0b33794d86,2026-01-31T19:42:23+09:00
nf891827149cb,mc3b092076119,2026-01-31T19:42:23+09:00
nf891827149cb,mc86c779585e3,2026-06-03T21:59:16+09:00
nf891827149cb,md929b2a701ae,2026-01-31T19:42:23+09:00
nf891827149cb,mf67a0e2be6bc,2026-01-31T19:42:23+09:00
nf891827149cb,mfc9d03c23504,2026-01-31T19:42:23+09:00
nf9523dbd4ed4,m389d15e5ca81,2026-06-22T18:56:40+09:00
nf9523dbd4ed4,m823f59a7ed0a,2026-06-23T11:17:22+09:00
nf9523dbd4ed4,mbb0b33794d86,2026-06-07T11:29:52+09:00
nf9523dbd4ed4,mc86c779585e3,2026-06-08T18:02:00+09:00
nf9523dbd4ed4,md2bd041982f0,2026-01-17T23:21:10+09:00
nf9e7dc9d0dec,m00293b733784,2026-05-20T18:00:00+09:00
nf9e7dc9d0dec,m0988ee24cf93,2026-05-30T22:21:40+09:00
nf9e7dc9d0dec,m0f6484462f7f,2026-05-20T18:00:00+09:00
nf9e7dc9d0dec,m16384598a49a,2026-05-20T18:00:00+09:00
nf9e7dc9d0dec,m1de95ffb4171,2026-05-20T18:00:00+09:00
nf9e7dc9d0dec,m28654e6bea0e,2026-05-20T18:00:00+09:00
nf9e7dc9d0dec,m2e9b901b1ba9,2026-05-20T18:00:00+09:00
nf9e7dc9d0dec,m30a248399fe0,2026-05-20T18:00:00+09:00
nf9e7dc9d0dec,m3c45350367a2,2026-05-20T18:00:00+09:00
nf9e7dc9d0dec,m5b549de72bcf,2026-06-09T07:00:10+09:00
nf9e7dc9d0dec,m5ca58e6bf38b,2026-05-20T18:00:00+09:00
nf9e7dc9d0dec,m5e0b116a568a,2026-05-20T18:00:00+09:00
nf9e7dc9d0dec,m6d3400fb7014,2026-05-20T18:00:00+09:00
nf9e7dc9d0dec,m6d69812caeed,2026-05-20T18:00:00+09:00
nf9e7dc9d0dec,m740ac248bb64,2026-05-20T18:00:00+09:00
nf9e7dc9d0dec,m743c88e4a3b2,2026-05-20T18:00:00+09:00
nf9e7dc9d0dec,m78e1caab29a1,2026-05-20T18:00:00+09:00
nf9e7dc9d0dec,m7fe516b2d594,2026-05-20T18:00:00+09:00
nf9e7dc9d0dec,m87b2c27c2c91,2026-05-20T18:00:00+09:00
nf9e7dc9d0dec,m97848c1bdf32,2026-05-20T18:00:00+09:00
nf9e7dc9d0dec,ma4f7761ee62b,2026-05-20T18:00:00+09:00
nf9e7dc9d0dec,ma8d107d9475f,2026-05-20T18:00:00+09:00
nf9e7dc9d0dec,mad8d2935fc54,2026-05-20T18:00:00+09:00
nf9e7dc9d0dec,mb19581064ca7,2026-05-20T18:00:00+09:00
nf9e7dc9d0dec,mbb0b33794d86,2026-05-20T18:00:00+09:00
nf9e7dc9d0dec,mc3b092076119,2026-05-20T18:00:00+09:00
nf9e7dc9d0dec,mc7c43a9831f4,2026-05-20T18:00:00+09:00
nf9e7dc9d0dec,mc86c779585e3,2026-05-20T18:00:00+09:00
nf9e7dc9d0dec,md1d64f3e53b1,2026-05-20T18:00:00+09:00
nf9e7dc9d0dec,me0a7e3361736,2026-05-20T18:00:00+09:00
nf9e7dc9d0dec,me2d300fe8fb9,2026-05-20T18:00:00+09:00
nf9e7dc9d0dec,me50627303786,2026-05-20T18:00:00+09:00
nf9e7dc9d0dec,mfc8edd12fdc2,2026-05-20T18:00:00+09:00
nf9e7dc9d0dec,mfc9d03c23504,2026-05-20T18:00:00+09:00
nfa8d47a22c3a,m01cb6624a2fd,2026-03-03T11:38:10+09:00
nfa8d47a22c3a,m03e7f925c1c5,2026-03-03T11:38:10+09:00
nfa8d47a22c3a,m04367e7cf8fa,2026-07-23T22:33:31+09:00
nfa8d47a22c3a,m0485f8d77aa8,2026-07-18T12:09:00+09:00
nfa8d47a22c3a,m0988ee24cf93,2026-03-03T11:38:10+09:00
nfa8d47a22c3a,m1525f77c2703,2026-03-03T11:38:10+09:00
nfa8d47a22c3a,m19b3b433abf2,2026-06-01T23:05:56+09:00
nfa8d47a22c3a,m1de95ffb4171,2026-03-03T11:38:10+09:00
nfa8d47a22c3a,m1e77a2ceb57c,2026-03-03T11:38:10+09:00
nfa8d47a22c3a,m25517aff026a,2026-06-07T17:03:23+09:00
nfa8d47a22c3a,m28654e6bea0e,2026-03-03T11:38:10+09:00
nfa8d47a22c3a,m2acdde7b2565,2026-03-03T11:38:10+09:00
nfa8d47a22c3a,m2aedf61ec5aa,2026-03-03T11:38:10+09:00
nfa8d47a22c3a,m2e9b901b1ba9,2026-03-03T11:38:10+09:00
nfa8d47a22c3a,m30a248399fe0,2026-03-03T11:38:10+09:00
nfa8d47a22c3a,m316601ae27a0,2026-03-03T11:38:10+09:00
nfa8d47a22c3a,m32f5c2ca2df3,2026-07-13T23:10:20+09:00
nfa8d47a22c3a,m389d15e5ca81,2026-06-20T16:58:41+09:00
nfa8d47a22c3a,m3c45350367a2,2026-03-03T11:38:10+09:00
nfa8d47a22c3a,m43692d4ce4da,2026-07-29T19:38:48+09:00
nfa8d47a22c3a,m441ca83d8993,2026-03-03T11:38:10+09:00
nfa8d47a22c3a,m531dee90a84a,2026-07-20T02:15:53+09:00
nfa8d47a22c3a,m547e9622e50b,2026-06-26T23:43:37+09:00
nfa8d47a22c3a,m560249b5a0b8,2026-07-28T19:35:01+09:00
nfa8d47a22c3a,m5a117d075a64,2026-06-13T22:33:02+09:00
nfa8d47a22c3a,m5c67a52d9c4a,2026-03-03T11:38:10+09:00
nfa8d47a22c3a,m5c87df568874,2026-06-03T01:04:17+09:00
nfa8d47a22c3a,m5c9c88eb4983,2026-03-03T11:38:10+09:00
nfa8d47a22c3a,m5ca58e6bf38b,2026-06-01T23:05:56+09:00
nfa8d47a22c3a,m5e0b116a568a,2026-03-03T11:38:10+09:00
nfa8d47a22c3a,m60fb5d15f701,2026-07-02T22:37:04+09:00
nfa8d47a22c3a,m6c90ed0fe464,2026-06-30T17:15:02+09:00
nfa8d47a22c3a,m6d67573d7dd7,2026-03-03T11:38:10+09:00
nfa8d47a22c3a,m740ac248bb64,2026-03-03T11:38:10+09:00
nfa8d47a22c3a,m743c88e4a3b2,2026-03-03T11:38:10+09:00
nfa8d47a22c3a,m768b3f4cf6e4,2026-03-03T11:38:10+09:00
nfa8d47a22c3a,m78e1caab29a1,2026-07-01T23:15:02+09:00
nfa8d47a22c3a,m7ae6f1512188,2026-03-03T11:38:10+09:00
nfa8d47a22c3a,m7f60f18975f3,2026-03-03T11:38:10+09:00
nfa8d47a22c3a,m7f98727bf5bb,2026-03-03T11:38:10+09:00
nfa8d47a22c3a,m7fe516b2d594,2026-03-03T11:38:10+09:00
nfa8d47a22c3a,m850054e469ca,2026-03-03T11:38:10+09:00
nfa8d47a22c3a,m86d6a605b363,2026-03-03T11:38:10+09:00
nfa8d47a22c3a,m8cba67678819,2026-06-27T13:16:50+09:00
nfa8d47a22c3a,m8e4a1c880345,2026-03-03T11:38:10+09:00
nfa8d47a22c3a,m8fc85f49cbff,2026-03-03T11:38:10+09:00
nfa8d47a22c3a,m971707d1e3c9,2026-03-03T11:38:10+09:00
nfa8d47a22c3a,m97848c1bdf32,2026-03-03T11:38:10+09:00
nfa8d47a22c3a,m99ebd3a7fbf7,2026-06-30T23:06:39+09:00
nfa8d47a22c3a,m9bae587a92bc,2026-07-12T05:56:19+09:00
nfa8d47a22c3a,maa1d249b4b4f,2026-03-03T11:38:10+09:00
nfa8d47a22c3a,mab90d1c291f6,2026-06-22T18:56:40+09:00
nfa8d47a22c3a,mad52f4ec5055,2026-03-03T11:38:10+09:00
nfa8d47a22c3a,mbb0778e042f5,2026-06-20T16:58:41+09:00
nfa8d47a22c3a,mbb0b33794d86,2026-03-03T11:38:10+09:00
nfa8d47a22c3a,mc3b092076119,2026-03-03T11:38:10+09:00
nfa8d47a22c3a,mc7c43a9831f4,2026-03-03T11:38:10+09:00
nfa8d47a22c3a,mc86c779585e3,2026-03-03T11:38:10+09:00
nfa8d47a22c3a,mcd151e9aa60d,2026-03-03T11:38:10+09:00
nfa8d47a22c3a,mcdf4ee972bd9,2026-06-26T23:43:37+09:00
nfa8d47a22c3a,mcf500208b8d9,2026-07-30T15:48:07+09:00
nfa8d47a22c3a,mcff84edbf9b7,2026-07-06T21:05:51+09:00
nfa8d47a22c3a,md1d64f3e53b1,2026-05-31T02:30:31+09:00
nfa8d47a22c3a,md30e00c54997,2026-07-16T12:29:24+09:00
nfa8d47a22c3a,md929b2a701ae,2026-03-03T11:38:10+09:00
nfa8d47a22c3a,mda8e3e5ed85c,2026-03-03T11:38:10+09:00
nfa8d47a22c3a,me0a7e3361736,2026-03-03T11:38:10+09:00
nfa8d47a22c3a,me2d300fe8fb9,2026-03-03T11:38:10+09:00
nfa8d47a22c3a,me3c1530749d9,2026-06-19T12:02:39+09:00
nfa8d47a22c3a,me50627303786,2026-03-03T11:38:10+09:00
nfa8d47a22c3a,me609ab2c7895,2026-06-30T23:06:39+09:00
nfa8d47a22c3a,me6fc661a3fe7,2026-07-16T12:29:24+09:00
nfa8d47a22c3a,mead8ba3e8fdf,2026-06-13T11:22:24+09:00
nfa8d47a22c3a,mf67a0e2be6bc,2026-03-03T11:38:10+09:00
nfa8d47a22c3a,mfa1cb167e2a1,2026-03-03T11:38:10+09:00
nfa8d47a22c3a,mfa4dbb02c352,2026-03-03T11:38:10+09:00
nfa8d47a22c3a,mfc9d03c23504,2026-03-03T11:38:10+09:00
nfab39dda53e7,m1de95ffb4171,2026-06-22T11:52:06+09:00
nfab39dda53e7,m3c45350367a2,2026-07-26T12:47:34+09:00
nfab39dda53e7,m854ef6e77955,2026-03-10T18:00:00+09:00
nfab39dda53e7,ma4f7761ee62b,2026-06-24T03:14:42+09:00
nfab39dda53e7,mbb0b33794d86,2026-03-10T18:00:00+09:00
nfab39dda53e7,mc3b092076119,2026-03-10T18:00:00+09:00
nfab39dda53e7,mc7c43a9831f4,2026-06-22T11:52:06+09:00
nfab39dda53e7,mc86c779585e3,2026-03-10T18:00:00+09:00
nfab39dda53e7,md1d64f3e53b1,2026-03-10T18:00:00+09:00
nfab39dda53e7,md929b2a701ae,2026-03-10T18:00:00+09:00
nfab39dda53e7,me0a7e3361736,2026-06-24T03:14:42+09:00
nfab39dda53e7,me50627303786,2026-03-10T18:00:00+09:00
nfad2f93ebe4b,m09acb58c481b,2026-03-24T18:00:00+09:00
nfad2f93ebe4b,m1e77a2ceb57c,2026-03-24T18:00:00+09:00
nfad2f93ebe4b,m34fbc48bcda0,2026-03-24T18:00:00+09:00
nfad2f93ebe4b,m3c45350367a2,2026-07-17T18:56:25+09:00
nfad2f93ebe4b,m5165ac46c7d8,2026-03-24T18:00:00+09:00
nfad2f93ebe4b,m78e1caab29a1,2026-06-22T22:54:22+09:00
nfad2f93ebe4b,m7ae6f1512188,2026-03-24T18:00:00+09:00
nfad2f93ebe4b,ma4ac2760a6b2,2026-03-24T18:00:00+09:00
nfad2f93ebe4b,mbb0b33794d86,2026-03-24T18:00:00+09:00
nfad2f93ebe4b,mc3b092076119,2026-03-24T18:00:00+09:00
nfad2f93ebe4b,mc86c779585e3,2026-03-24T18:00:00+09:00
nfad2f93ebe4b,me50627303786,2026-03-24T18:00:00+09:00
nfad2f93ebe4b,mfa1cb167e2a1,2026-03-24T18:00:00+09:00
nfbb1718416b6,m3c45350367a2,2026-07-28T03:00:58+09:00
nfbb1718416b6,m78e1caab29a1,2026-06-12T00:41:07+09:00
nfbb1718416b6,m7fe516b2d594,2026-06-23T11:17:22+09:00
nfbb1718416b6,mc86c779585e3,2026-03-06T06:00:00+09:00
nfbb1718416b6,me50627303786,2026-03-06T06:00:00+09:00
nfbe430624991,m04367e7cf8fa,2026-03-15T06:00:00+09:00
nfbe430624991,m2e9b901b1ba9,2026-03-15T06:00:00+09:00
nfbe430624991,m310b87610c59,2026-03-15T06:00:00+09:00
nfbe430624991,m3c45350367a2,2026-07-25T18:39:21+09:00
nfbe430624991,m7ae6f1512188,2026-03-15T06:00:00+09:00
nfbe430624991,maa5a2a7f67c6,2026-07-25T18:39:21+09:00
nfbe430624991,mad8d2935fc54,2026-03-15T06:00:00+09:00
nfbe430624991,mbb0b33794d86,2026-03-15T06:00:00+09:00
nfbe430624991,mc3b092076119,2026-03-15T06:00:00+09:00
nfbe430624991,mc86c779585e3,2026-03-15T06:00:00+09:00
nfbe430624991,mcdf4ee972bd9,2026-03-15T06:00:00+09:00
nfbe430624991,md1d64f3e53b1,2026-03-15T06:00:00+09:00
nfbe430624991,md2bd041982f0,2026-03-15T06:00:00+09:00
nfbe430624991,md929b2a701ae,2026-03-15T06:00:00+09:00
nfbe430624991,me50627303786,2026-03-15T06:00:00+09:00
nfbe430624991,mfc9d03c23504,2026-03-15T06:00:00+09:00
nfc7d1a6db367,m3c45350367a2,2026-07-30T15:48:07+09:00
nfc7d1a6db367,m78e1caab29a1,2026-07-12T22:02:28+09:00
nfc7d1a6db367,mc86c779585e3,2026-02-28T21:04:00+09:00
nfc7d1a6db367,md2bd041982f0,2026-06-23T11:17:22+09:00
nfcf08d33b113,m3c45350367a2,2026-07-28T15:46:37+09:00
nfcf08d33b113,m78e1caab29a1,2026-06-19T23:49:46+09:00
nfcf08d33b113,mc86c779585e3,2026-03-04T18:00:00+09:00
nfd8e22b29741,m0f6484462f7f,2026-03-06T18:00:00+09:00
nfd8e22b29741,m1de95ffb4171,2026-06-22T11:52:06+09:00
nfd8e22b29741,m3c45350367a2,2026-07-28T03:00:58+09:00
nfd8e22b29741,m6d67573d7dd7,2026-03-06T18:00:00+09:00
nfd8e22b29741,m6d7ba8c3a148,2026-03-06T18:00:00+09:00
nfd8e22b29741,m6fe074321f73,2026-07-01T06:38:38+09:00
nfd8e22b29741,m78e1caab29a1,2026-06-10T23:58:46+09:00
nfd8e22b29741,m7ae6f1512188,2026-03-06T18:00:00+09:00
nfd8e22b29741,m854ef6e77955,2026-03-06T18:00:00+09:00
nfd8e22b29741,m97848c1bdf32,2026-03-06T18:00:00+09:00
nfd8e22b29741,ma4f7761ee62b,2026-06-24T03:14:42+09:00
nfd8e22b29741,ma8d107d9475f,2026-03-06T18:00:00+09:00
nfd8e22b29741,maba8091875be,2026-03-06T18:00:00+09:00
nfd8e22b29741,mbb0b33794d86,2026-03-06T18:00:00+09:00
nfd8e22b29741,mc3b092076119,2026-03-06T18:00:00+09:00
nfd8e22b29741,mc7c43a9831f4,2026-06-22T11:52:06+09:00
nfd8e22b29741,mc86c779585e3,2026-03-06T18:00:00+09:00
nfd8e22b29741,md391f3f38ed6,2026-06-22T11:52:06+09:00
nfd8e22b29741,me0a7e3361736,2026-03-06T18:00:00+09:00
nfd8e22b29741,me2ddbfbdb492,2026-07-22T19:25:55+09:00
nfd8e22b29741,me3c1530749d9,2026-07-11T22:00:36+09:00
nfd8e22b29741,me50627303786,2026-03-06T18:00:00+09:00
nfeb77588d190,mbb0b33794d86,2026-07-04T22:07:10+09:00
nfeb77588d190,mc86c779585e3,2026-02-17T13:07:03+09:00
